ISO-10303-21;
HEADER;
FILE_DESCRIPTION(('Open CASCADE Model'),'2;1');
FILE_NAME('Open CASCADE Shape Model','2026-07-16T16:43:23',('Author'),(
    'Open CASCADE'),'Open CASCADE STEP processor 8.0','Open CASCADE 8.0'
  ,'Unknown');
FILE_SCHEMA(('AUTOMOTIVE_DESIGN { 1 0 10303 214 1 1 1 1 }'));
ENDSEC;
DATA;
#1 = APPLICATION_PROTOCOL_DEFINITION('international standard',
  'automotive_design',2000,#2);
#2 = APPLICATION_CONTEXT(
  'core data for automotive mechanical design processes');
#3 = SHAPE_DEFINITION_REPRESENTATION(#4,#10);
#4 = PRODUCT_DEFINITION_SHAPE('','',#5);
#5 = PRODUCT_DEFINITION('design','',#6,#9);
#6 = PRODUCT_DEFINITION_FORMATION('','',#7);
#7 = PRODUCT('Open CASCADE STEP translator 8.0 1',
  'Open CASCADE STEP translator 8.0 1','',(#8));
#8 = PRODUCT_CONTEXT('',#2,'mechanical');
#9 = PRODUCT_DEFINITION_CONTEXT('part definition',#2,'design');
#10 = ADVANCED_BREP_SHAPE_REPRESENTATION('',(#11,#15),#4512);
#11 = AXIS2_PLACEMENT_3D('',#12,#13,#14);
#12 = CARTESIAN_POINT('',(0.,0.,0.));
#13 = DIRECTION('',(0.,0.,1.));
#14 = DIRECTION('',(1.,0.,-0.));
#15 = MANIFOLD_SOLID_BREP('',#16);
#16 = CLOSED_SHELL('',(#17,#782,#878,#1058,#1129,#1164,#1169,#1248,#1328
    ,#1386,#1460,#1540,#1593,#1648,#1680,#1756,#1838,#1865,#1924,#1951,
    #2027,#2109,#2136,#2190,#2246,#2279,#2353,#2430,#2458,#2511,#2539,
    #2606,#2679,#2707,#2753,#2933,#2939,#2948,#2954,#2960,#2966,#3049,
    #3133,#3193,#3271,#3355,#3410,#3442,#3518,#3600,#3627,#3686,#3713,
    #3789,#3871,#3898,#3952,#3985,#4063,#4144,#4172,#4227,#4255,#4326,
    #4403,#4431,#4479,#4485,#4494,#4500,#4506));
#17 = ADVANCED_FACE('',(#18),#32,.T.);
#18 = FACE_BOUND('',#19,.T.);
#19 = EDGE_LOOP('',(#20,#50,#245,#449,#472,#499,#500,#610,#754,#755));
#20 = ORIENTED_EDGE('',*,*,#21,.T.);
#21 = EDGE_CURVE('',#22,#24,#26,.T.);
#22 = VERTEX_POINT('',#23);
#23 = CARTESIAN_POINT('',(7.5,-1.836909530734E-15,50.));
#24 = VERTEX_POINT('',#25);
#25 = CARTESIAN_POINT('',(7.5,-3.909696279109E-15,52.499999999999));
#26 = SEAM_CURVE('',#27,(#31,#43),.PCURVE_S1.);
#27 = LINE('',#28,#29);
#28 = CARTESIAN_POINT('',(7.5,-1.836909530734E-15,50.));
#29 = VECTOR('',#30,1.);
#30 = DIRECTION('',(0.,0.,1.));
#31 = PCURVE('',#32,#37);
#32 = CYLINDRICAL_SURFACE('',#33,7.5);
#33 = AXIS2_PLACEMENT_3D('',#34,#35,#36);
#34 = CARTESIAN_POINT('',(0.,0.,50.));
#35 = DIRECTION('',(0.,0.,1.));
#36 = DIRECTION('',(1.,0.,-0.));
#37 = DEFINITIONAL_REPRESENTATION('',(#38),#42);
#38 = LINE('',#39,#40);
#39 = CARTESIAN_POINT('',(6.28318530718,0.));
#40 = VECTOR('',#41,1.);
#41 = DIRECTION('',(0.,1.));
#42 = ( GEOMETRIC_REPRESENTATION_CONTEXT(2) 
PARAMETRIC_REPRESENTATION_CONTEXT() REPRESENTATION_CONTEXT('2D SPACE',''
  ) );
#43 = PCURVE('',#32,#44);
#44 = DEFINITIONAL_REPRESENTATION('',(#45),#49);
#45 = LINE('',#46,#47);
#46 = CARTESIAN_POINT('',(0.,0.));
#47 = VECTOR('',#48,1.);
#48 = DIRECTION('',(0.,1.));
#49 = ( GEOMETRIC_REPRESENTATION_CONTEXT(2) 
PARAMETRIC_REPRESENTATION_CONTEXT() REPRESENTATION_CONTEXT('2D SPACE',''
  ) );
#50 = ORIENTED_EDGE('',*,*,#51,.T.);
#51 = EDGE_CURVE('',#24,#52,#54,.T.);
#52 = VERTEX_POINT('',#53);
#53 = CARTESIAN_POINT('',(7.445374325618,0.903549197018,51.274025745101)
  );
#54 = SURFACE_CURVE('',#55,(#100,#148),.PCURVE_S1.);
#55 = B_SPLINE_CURVE_WITH_KNOTS('',8,(#56,#57,#58,#59,#60,#61,#62,#63,
    #64,#65,#66,#67,#68,#69,#70,#71,#72,#73,#74,#75,#76,#77,#78,#79,#80,
    #81,#82,#83,#84,#85,#86,#87,#88,#89,#90,#91,#92,#93,#94,#95,#96,#97,
    #98,#99),.UNSPECIFIED.,.F.,.F.,(9,7,7,7,7,7,9),(0.,
    6.859169249643E-02,0.298372269112,0.499959925821,0.614087772129,
    0.821195061425,1.),.UNSPECIFIED.);
#56 = CARTESIAN_POINT('',(7.5,-2.6645352591E-15,52.499999999999));
#57 = CARTESIAN_POINT('',(7.5,-0.390691805935,52.489636577976));
#58 = CARTESIAN_POINT('',(7.47674428433,-0.781360703395,52.479274076772)
  );
#59 = CARTESIAN_POINT('',(7.430231976474,-1.170402828597,52.468911520214
    ));
#60 = CARTESIAN_POINT('',(7.360593817105,-1.556228647449,52.458548248512
    ));
#61 = CARTESIAN_POINT('',(7.268092164079,-1.937262955553,52.448183918253
    ));
#62 = CARTESIAN_POINT('',(7.153120992439,-2.311944878204,52.437818502408
    ));
#63 = CARTESIAN_POINT('',(7.016205894413,-2.678727870389,52.427452290327
    ));
#64 = CARTESIAN_POINT('',(6.328031673888,-4.23320010167,52.382358679867)
  );
#65 = CARTESIAN_POINT('',(5.556788133555,-5.330092957599,52.347472854452
    ));
#66 = CARTESIAN_POINT('',(4.569425372209,-6.259914604643,52.312698489918
    ));
#67 = CARTESIAN_POINT('',(3.411611691764,-6.978268374501,52.277963742605
    ));
#68 = CARTESIAN_POINT('',(2.133563620072,-7.450816797554,52.243227637405
    ));
#69 = CARTESIAN_POINT('',(0.793225734881,-7.658938832176,52.208450713662
    ));
#70 = CARTESIAN_POINT('',(-0.546208566965,-7.593770922979,
    52.173561207218));
#71 = CARTESIAN_POINT('',(-2.930602505792,-6.998610065301,
    52.108372665504));
#72 = CARTESIAN_POINT('',(-3.999170153834,-6.5247309821,52.077827954975)
  );
#73 = CARTESIAN_POINT('',(-4.97690367151,-5.864478977735,52.047332858889
    ));
#74 = CARTESIAN_POINT('',(-5.827529079964,-5.040201077809,
    52.016862479081));
#75 = CARTESIAN_POINT('',(-6.520570741539,-4.07966240556,51.986392451785
    ));
#76 = CARTESIAN_POINT('',(-7.03299782978,-3.017007948655,51.955898205126
    ));
#77 = CARTESIAN_POINT('',(-7.347922027274,-1.891313339733,
    51.925353893457));
#78 = CARTESIAN_POINT('',(-7.527446584461,-0.101596292369,
    51.877641915943));
#79 = CARTESIAN_POINT('',(-7.528261109263,0.551799103722,51.860399122045
    ));
#80 = CARTESIAN_POINT('',(-7.464244542106,1.204039915391,51.843156150382
    ));
#81 = CARTESIAN_POINT('',(-7.335675186441,1.847712858588,51.825910446436
    ));
#82 = CARTESIAN_POINT('',(-7.143859019551,2.475577385567,51.808661664982
    ));
#83 = CARTESIAN_POINT('',(-6.891129692546,3.080565684884,51.791411670095
    ));
#84 = CARTESIAN_POINT('',(-6.580848530364,3.655782681397,51.774164535146
    ));
#85 = CARTESIAN_POINT('',(-5.557864342473,5.172124884921,51.725644835641
    ));
#86 = CARTESIAN_POINT('',(-4.698682556572,6.066724647045,51.693228657916
    ));
#87 = CARTESIAN_POINT('',(-3.656236872852,6.806015616687,51.660318768879
    ));
#88 = CARTESIAN_POINT('',(-2.469909259944,7.344569288395,51.62701241041)
  );
#89 = CARTESIAN_POINT('',(-1.188125098822,7.644474344451,51.593377219745
    ));
#90 = CARTESIAN_POINT('',(0.127630106,7.686828707551,51.559642833548));
#91 = CARTESIAN_POINT('',(1.396696232865,7.465970200458,51.525975825955)
  );
#92 = CARTESIAN_POINT('',(3.503031045413,6.712167606833,51.46663342568)
  );
#93 = CARTESIAN_POINT('',(4.425577678418,6.20812010195,51.439088161318)
  );
#94 = CARTESIAN_POINT('',(5.263120973169,5.559509887708,51.411572512537)
  );
#95 = CARTESIAN_POINT('',(5.990212319821,4.784179500694,51.384073466923)
  );
#96 = CARTESIAN_POINT('',(6.585575188669,3.903677716782,51.356575313941)
  );
#97 = CARTESIAN_POINT('',(7.03292963797,2.943478283235,51.329060451192)
  );
#98 = CARTESIAN_POINT('',(7.320513133635,1.932422393685,51.301517690074)
  );
#99 = CARTESIAN_POINT('',(7.445374325618,0.903549197018,51.274025745101)
  );
#100 = PCURVE('',#32,#101);
#101 = DEFINITIONAL_REPRESENTATION('',(#102),#147);
#102 = B_SPLINE_CURVE_WITH_KNOTS('',8,(#103,#104,#105,#106,#107,#108,
    #109,#110,#111,#112,#113,#114,#115,#116,#117,#118,#119,#120,#121,
    #122,#123,#124,#125,#126,#127,#128,#129,#130,#131,#132,#133,#134,
    #135,#136,#137,#138,#139,#140,#141,#142,#143,#144,#145,#146),
  .UNSPECIFIED.,.F.,.F.,(9,7,7,7,7,7,9),(0.,6.859169249643E-02,
    0.298372269112,0.499959925821,0.614087772129,0.821195061425,1.),
  .UNSPECIFIED.);
#103 = CARTESIAN_POINT('',(6.28318530718,2.499999999999));
#104 = CARTESIAN_POINT('',(6.231093066388,2.489636577976));
#105 = CARTESIAN_POINT('',(6.179005522987,2.479274076772));
#106 = CARTESIAN_POINT('',(6.126917712108,2.468911520215));
#107 = CARTESIAN_POINT('',(6.074826279017,2.458548248512));
#108 = CARTESIAN_POINT('',(6.02272947912,2.448183918254));
#109 = CARTESIAN_POINT('',(5.970627177957,2.437818502408));
#110 = CARTESIAN_POINT('',(5.918520851206,2.427452290327));
#111 = CARTESIAN_POINT('',(5.691855452166,2.382358679867));
#112 = CARTESIAN_POINT('',(5.516499995615,2.347472854452));
#113 = CARTESIAN_POINT('',(5.341705261339,2.312698489918));
#114 = CARTESIAN_POINT('',(5.167109525362,2.277963742605));
#115 = CARTESIAN_POINT('',(4.992506585274,2.243227637405));
#116 = CARTESIAN_POINT('',(4.817698740071,2.208450713662));
#117 = CARTESIAN_POINT('',(4.642324973547,2.173561207218));
#118 = CARTESIAN_POINT('',(4.314651670066,2.108372665503));
#119 = CARTESIAN_POINT('',(4.161117225978,2.077827954975));
#120 = CARTESIAN_POINT('',(4.007832139783,2.047332858889));
#121 = CARTESIAN_POINT('',(3.854671204691,2.01686247908));
#122 = CARTESIAN_POINT('',(3.701512052907,1.986392451785));
#123 = CARTESIAN_POINT('',(3.54823125664,1.955898205126));
#124 = CARTESIAN_POINT('',(3.394698852259,1.925353893457));
#125 = CARTESIAN_POINT('',(3.154872389952,1.877641915943));
#126 = CARTESIAN_POINT('',(3.068200692494,1.860399122045));
#127 = CARTESIAN_POINT('',(2.981528094473,1.843156150382));
#128 = CARTESIAN_POINT('',(2.894841748629,1.825910446436));
#129 = CARTESIAN_POINT('',(2.808139916787,1.808661664982));
#130 = CARTESIAN_POINT('',(2.721431969864,1.791411670095));
#131 = CARTESIAN_POINT('',(2.634738387865,1.774164535146));
#132 = CARTESIAN_POINT('',(2.390851699171,1.725644835641));
#133 = CARTESIAN_POINT('',(2.227910160802,1.693228657916));
#134 = CARTESIAN_POINT('',(2.062486976298,1.660318768879));
#135 = CARTESIAN_POINT('',(1.895071053716,1.62701241041));
#136 = CARTESIAN_POINT('',(1.726002225762,1.593377219745));
#137 = CARTESIAN_POINT('',(1.556434622559,1.559642833548));
#138 = CARTESIAN_POINT('',(1.387205771582,1.525975825955));
#139 = CARTESIAN_POINT('',(1.088918372728,1.46663342568));
#140 = CARTESIAN_POINT('',(0.950460818704,1.439088161318));
#141 = CARTESIAN_POINT('',(0.812152169306,1.411572512537));
#142 = CARTESIAN_POINT('',(0.67392691773,1.384073466923));
#143 = CARTESIAN_POINT('',(0.535706075137,1.356575313941));
#144 = CARTESIAN_POINT('',(0.397400537123,1.329060451192));
#145 = CARTESIAN_POINT('',(0.258956154668,1.301517690074));
#146 = CARTESIAN_POINT('',(0.120766566889,1.274025745101));
#147 = ( GEOMETRIC_REPRESENTATION_CONTEXT(2) 
PARAMETRIC_REPRESENTATION_CONTEXT() REPRESENTATION_CONTEXT('2D SPACE',''
  ) );
#148 = PCURVE('',#149,#198);
#149 = B_SPLINE_SURFACE_WITH_KNOTS('',12,1,(
    (#150,#151)
    ,(#152,#153)
    ,(#154,#155)
    ,(#156,#157)
    ,(#158,#159)
    ,(#160,#161)
    ,(#162,#163)
    ,(#164,#165)
    ,(#166,#167)
    ,(#168,#169)
    ,(#170,#171)
    ,(#172,#173)
    ,(#174,#175)
    ,(#176,#177)
    ,(#178,#179)
    ,(#180,#181)
    ,(#182,#183)
    ,(#184,#185)
    ,(#186,#187)
    ,(#188,#189)
    ,(#190,#191)
    ,(#192,#193)
    ,(#194,#195)
    ,(#196,#197
    )),.UNSPECIFIED.,.F.,.F.,.F.,(13,11,13),(2,2),(0.,6.28318530718,
    12.566370614359),(0.,1.),.UNSPECIFIED.);
#150 = CARTESIAN_POINT('',(7.370920582362,0.894513705048,51.274025745101
    ));
#151 = CARTESIAN_POINT('',(7.817643041899,0.948726656869,51.274025745101
    ));
#152 = CARTESIAN_POINT('',(6.911556580742,4.679738632542,51.376190266341
    ));
#153 = CARTESIAN_POINT('',(7.330438797757,4.963359155727,51.376190266341
    ));
#154 = CARTESIAN_POINT('',(4.331628752609,8.207555535103,51.478354787591
    ));
#155 = CARTESIAN_POINT('',(4.594151707313,8.70498314329,51.478354787591)
  );
#156 = CARTESIAN_POINT('',(-0.210203581331,10.171836142135,
    51.580519308803));
#157 = CARTESIAN_POINT('',(-0.222943192324,10.788311059843,
    51.580519308803));
#158 = CARTESIAN_POINT('',(-5.661072830337,9.371078635072,
    51.682683830116));
#159 = CARTESIAN_POINT('',(-6.004168153382,9.939022794769,
    51.682683830116));
#160 = CARTESIAN_POINT('',(-10.15427995879,5.416098337335,
    51.784848351228));
#161 = CARTESIAN_POINT('',(-10.76969086539,5.744346721424,
    51.784848351228));
#162 = CARTESIAN_POINT('',(-11.71250885252,-0.708100562641,
    51.887012872653));
#163 = CARTESIAN_POINT('',(-12.42235787388,-0.751015748264,
    51.887012872653));
#164 = CARTESIAN_POINT('',(-9.427827199558,-6.599969467841,
    51.989177393693));
#165 = CARTESIAN_POINT('',(-9.999210666204,-6.999967617399,
    51.989177393693));
#166 = CARTESIAN_POINT('',(-4.49087676407,-9.984832811076,
    52.091341915107));
#167 = CARTESIAN_POINT('',(-4.763051113404,-10.58997419357,
    52.091341915107));
#168 = CARTESIAN_POINT('',(1.016761337443,-10.12307425788,
    52.193506436235));
#169 = CARTESIAN_POINT('',(1.078383236681,-10.73659390987,
    52.193506436235));
#170 = CARTESIAN_POINT('',(5.288870362134,-7.625931143459,
    52.295670957532));
#171 = CARTESIAN_POINT('',(5.609407959839,-8.088108788519,
    52.295670957532));
#172 = CARTESIAN_POINT('',(7.425,-3.812996595555,52.397835478756));
#173 = CARTESIAN_POINT('',(7.875,-4.044087298315,52.397835478756));
#174 = CARTESIAN_POINT('',(7.425,3.812996595554,52.602164521242));
#175 = CARTESIAN_POINT('',(7.875,4.044087298315,52.602164521242));
#176 = CARTESIAN_POINT('',(5.288870362134,7.625931143459,52.704329042484
    ));
#177 = CARTESIAN_POINT('',(5.609407959839,8.088108788519,52.704329042484
    ));
#178 = CARTESIAN_POINT('',(1.016761337443,10.123074257885,
    52.806493563719));
#179 = CARTESIAN_POINT('',(1.078383236683,10.736593909875,
    52.806493563719));
#180 = CARTESIAN_POINT('',(-4.490876764071,9.984832811077,52.90865808498
    ));
#181 = CARTESIAN_POINT('',(-4.763051113409,10.589974193572,
    52.90865808498));
#182 = CARTESIAN_POINT('',(-9.427827199558,6.599969467841,
    53.010822606189));
#183 = CARTESIAN_POINT('',(-9.999210666196,6.999967617399,
    53.010822606189));
#184 = CARTESIAN_POINT('',(-11.71250885252,0.708100562642,
    53.112987127468));
#185 = CARTESIAN_POINT('',(-12.42235787389,0.751015748265,
    53.112987127468));
#186 = CARTESIAN_POINT('',(-10.15427995879,-5.416098337338,
    53.215151648681));
#187 = CARTESIAN_POINT('',(-10.76969086538,-5.744346721426,
    53.215151648681));
#188 = CARTESIAN_POINT('',(-5.661072830335,-9.371078635069,
    53.317316169933));
#189 = CARTESIAN_POINT('',(-6.004168153387,-9.939022794766,
    53.317316169933));
#190 = CARTESIAN_POINT('',(-0.210203581333,-10.17183614213,
    53.419480691178));
#191 = CARTESIAN_POINT('',(-0.222943192322,-10.78831105984,
    53.419480691178));
#192 = CARTESIAN_POINT('',(4.33162875261,-8.207555535101,53.521645212413
    ));
#193 = CARTESIAN_POINT('',(4.594151707313,-8.704983143288,
    53.521645212413));
#194 = CARTESIAN_POINT('',(6.911556580742,-4.679738632543,
    53.623809733659));
#195 = CARTESIAN_POINT('',(7.330438797757,-4.963359155728,
    53.623809733659));
#196 = CARTESIAN_POINT('',(7.370920582362,-0.894513705048,
    53.725974254899));
#197 = CARTESIAN_POINT('',(7.817643041899,-0.948726656869,
    53.725974254899));
#198 = DEFINITIONAL_REPRESENTATION('',(#199),#244);
#199 = B_SPLINE_CURVE_WITH_KNOTS('',8,(#200,#201,#202,#203,#204,#205,
    #206,#207,#208,#209,#210,#211,#212,#213,#214,#215,#216,#217,#218,
    #219,#220,#221,#222,#223,#224,#225,#226,#227,#228,#229,#230,#231,
    #232,#233,#234,#235,#236,#237,#238,#239,#240,#241,#242,#243),
  .UNSPECIFIED.,.F.,.F.,(9,7,7,7,7,7,9),(0.,6.859169249643E-02,
    0.298372269112,0.499959925821,0.614087772129,0.821195061425,1.),
  .UNSPECIFIED.);
#200 = CARTESIAN_POINT('',(6.28318530718,0.166666666667));
#201 = CARTESIAN_POINT('',(6.230072200824,0.166666666667));
#202 = CARTESIAN_POINT('',(6.176963813719,0.166667042296));
#203 = CARTESIAN_POINT('',(6.123855142925,0.166667518958));
#204 = CARTESIAN_POINT('',(6.070742806972,0.166667899474));
#205 = CARTESIAN_POINT('',(6.01762504586,0.166668064086));
#206 = CARTESIAN_POINT('',(5.964501721057,0.166667970453));
#207 = CARTESIAN_POINT('',(5.911374315501,0.166667653653));
#208 = CARTESIAN_POINT('',(5.680267088281,0.166665794165));
#209 = CARTESIAN_POINT('',(5.501475319366,0.166663127244));
#210 = CARTESIAN_POINT('',(5.323254793583,0.166662690978));
#211 = CARTESIAN_POINT('',(5.145237308234,0.166671885079));
#212 = CARTESIAN_POINT('',(4.967212863629,0.166669943872));
#213 = CARTESIAN_POINT('',(4.78897922176,0.166668165756));
#214 = CARTESIAN_POINT('',(4.610168587373,0.166666299942));
#215 = CARTESIAN_POINT('',(4.276073735166,0.166664827629));
#216 = CARTESIAN_POINT('',(4.119530418176,0.166664907732));
#217 = CARTESIAN_POINT('',(3.963241377929,0.166666128124));
#218 = CARTESIAN_POINT('',(3.807079009957,0.166667820628));
#219 = CARTESIAN_POINT('',(3.650918448637,0.166667694795));
#220 = CARTESIAN_POINT('',(3.494633761744,0.166667229856));
#221 = CARTESIAN_POINT('',(3.338092488933,0.16666690784));
#222 = CARTESIAN_POINT('',(3.093565986932,0.166666814297));
#223 = CARTESIAN_POINT('',(3.005195722351,0.166666904211));
#224 = CARTESIAN_POINT('',(2.916824546717,0.166667055656));
#225 = CARTESIAN_POINT('',(2.828439367978,0.166667211315));
#226 = CARTESIAN_POINT('',(2.740038416845,0.166667318755));
#227 = CARTESIAN_POINT('',(2.651631246802,0.166667330427));
#228 = CARTESIAN_POINT('',(2.563238734096,0.166667203665));
#229 = CARTESIAN_POINT('',(2.314572612586,0.166666350866));
#230 = CARTESIAN_POINT('',(2.148437923553,0.166665324888));
#231 = CARTESIAN_POINT('',(1.979772936971,0.16666436631));
#232 = CARTESIAN_POINT('',(1.809076022794,0.166663404222));
#233 = CARTESIAN_POINT('',(1.636693825579,0.166667744779));
#234 = CARTESIAN_POINT('',(1.463803245818,0.166669479181));
#235 = CARTESIAN_POINT('',(1.291257985102,0.166668880856));
#236 = CARTESIAN_POINT('',(0.987124928462,0.166666495228));
#237 = CARTESIAN_POINT('',(0.84595393761,0.166664700471));
#238 = CARTESIAN_POINT('',(0.704934728238,0.166663971718));
#239 = CARTESIAN_POINT('',(0.564000611006,0.166662795748));
#240 = CARTESIAN_POINT('',(0.423071068564,0.166670830321));
#241 = CARTESIAN_POINT('',(0.282055887649,0.166669039207));
#242 = CARTESIAN_POINT('',(0.14089772606,0.166666666668));
#243 = CARTESIAN_POINT('',(0.,0.166666666667));
#244 = ( GEOMETRIC_REPRESENTATION_CONTEXT(2) 
PARAMETRIC_REPRESENTATION_CONTEXT() REPRESENTATION_CONTEXT('2D SPACE',''
  ) );
#245 = ORIENTED_EDGE('',*,*,#246,.T.);
#246 = EDGE_CURVE('',#52,#247,#249,.T.);
#247 = VERTEX_POINT('',#248);
#248 = CARTESIAN_POINT('',(7.5,-1.695610882604E-15,52.943371914127));
#249 = SURFACE_CURVE('',#250,(#286,#325),.PCURVE_S1.);
#250 = B_SPLINE_CURVE_WITH_KNOTS('',4,(#251,#252,#253,#254,#255,#256,
    #257,#258,#259,#260,#261,#262,#263,#264,#265,#266,#267,#268,#269,
    #270,#271,#272,#273,#274,#275,#276,#277,#278,#279,#280,#281,#282,
    #283,#284,#285),.UNSPECIFIED.,.F.,.F.,(5,3,3,3,3,3,3,3,3,3,3,5),(0.,
    3.30062429226E-02,6.134114147296E-02,0.122737767764,0.194917646915,
    0.272169537268,0.340613617325,0.49140664854,0.613523366867,
    0.697839902507,0.848384099675,1.),.UNSPECIFIED.);
#251 = CARTESIAN_POINT('',(7.445374325618,0.903549197018,51.274025745101
    ));
#252 = CARTESIAN_POINT('',(7.445942579635,0.898866702487,51.277209774823
    ));
#253 = CARTESIAN_POINT('',(7.445891139984,0.899273002513,51.2782766433)
  );
#254 = CARTESIAN_POINT('',(7.445927626086,0.898978833861,51.281012586769
    ));
#255 = CARTESIAN_POINT('',(7.445687765845,0.900963121304,51.284257548753
    ));
#256 = CARTESIAN_POINT('',(7.445466798742,0.902778825749,51.286224972097
    ));
#257 = CARTESIAN_POINT('',(7.444981986762,0.906820563885,51.288982627704
    ));
#258 = CARTESIAN_POINT('',(7.441516773633,0.934989417527,51.299935816952
    ));
#259 = CARTESIAN_POINT('',(7.436090191794,0.974541514359,51.310650284097
    ));
#260 = CARTESIAN_POINT('',(7.425263887679,1.074061752932,51.326313989459
    ));
#261 = CARTESIAN_POINT('',(7.353497825937,1.49291683957,51.36966745265)
  );
#262 = CARTESIAN_POINT('',(7.289741871802,1.810274482063,51.395458705959
    ));
#263 = CARTESIAN_POINT('',(7.183186585302,2.215941714519,51.423521767268
    ));
#264 = CARTESIAN_POINT('',(6.805527782397,3.198589389484,51.486057054327
    ));
#265 = CARTESIAN_POINT('',(6.534176396685,3.758355109359,51.519134358485
    ));
#266 = CARTESIAN_POINT('',(6.163689458776,4.334823731363,51.552786914246
    ));
#267 = CARTESIAN_POINT('',(5.267376035486,5.377933559747,51.617102197201
    ));
#268 = CARTESIAN_POINT('',(4.764341885916,5.849667933397,51.647666797265
    ));
#269 = CARTESIAN_POINT('',(4.175257452365,6.275465226556,51.678542113812
    ));
#270 = CARTESIAN_POINT('',(2.049196432551,7.40199644278,51.77834070078)
  );
#271 = CARTESIAN_POINT('',(0.21464401486,7.825529465695,51.848548470106)
  );
#272 = CARTESIAN_POINT('',(-1.816712016581,7.55139155037,51.919010657847
    ));
#273 = CARTESIAN_POINT('',(-5.024269719381,5.803319305715,
    52.048139866921));
#274 = CARTESIAN_POINT('',(-6.295311803713,4.569468216332,
    52.106397771234));
#275 = CARTESIAN_POINT('',(-7.134405507471,2.930213288987,
    52.164465822779));
#276 = CARTESIAN_POINT('',(-7.60178260712,-7.455054326666E-02,
    52.263068380944));
#277 = CARTESIAN_POINT('',(-7.52534463059,-1.367156953085,
    52.303364271266));
#278 = CARTESIAN_POINT('',(-7.143557997169,-2.629125292855,
    52.343572333791));
#279 = CARTESIAN_POINT('',(-5.328973767972,-5.766128334727,
    52.455392841786));
#280 = CARTESIAN_POINT('',(-3.283181084805,-7.373852400232,
    52.527238358978));
#281 = CARTESIAN_POINT('',(-0.652498432271,-7.865379971782,
    52.59821242468));
#282 = CARTESIAN_POINT('',(4.145954457935,-6.722151385193,
    52.738820355575));
#283 = CARTESIAN_POINT('',(6.374648122595,-5.080839447668,
    52.808297884312));
#284 = CARTESIAN_POINT('',(7.5,-2.462183976909,52.878369050484));
#285 = CARTESIAN_POINT('',(7.5,-1.7763568394E-15,52.943371914127));
#286 = PCURVE('',#32,#287);
#287 = DEFINITIONAL_REPRESENTATION('',(#288),#324);
#288 = B_SPLINE_CURVE_WITH_KNOTS('',4,(#289,#290,#291,#292,#293,#294,
    #295,#296,#297,#298,#299,#300,#301,#302,#303,#304,#305,#306,#307,
    #308,#309,#310,#311,#312,#313,#314,#315,#316,#317,#318,#319,#320,
    #321,#322,#323),.UNSPECIFIED.,.F.,.F.,(5,3,3,3,3,3,3,3,3,3,3,5),(0.,
    3.30062429226E-02,6.134114147296E-02,0.122737767764,0.194917646915,
    0.272169537268,0.340613617325,0.49140664854,0.613523366867,
    0.697839902507,0.848384099675,1.),.UNSPECIFIED.);
#289 = CARTESIAN_POINT('',(0.120766566889,1.274025745101));
#290 = CARTESIAN_POINT('',(0.120137653644,1.277209774823));
#291 = CARTESIAN_POINT('',(0.120192258643,1.2782766433));
#292 = CARTESIAN_POINT('',(0.120152735768,1.281012586769));
#293 = CARTESIAN_POINT('',(0.120419233367,1.284257548753));
#294 = CARTESIAN_POINT('',(0.120663113905,1.286224972097));
#295 = CARTESIAN_POINT('',(0.121205873547,1.288982627704));
#296 = CARTESIAN_POINT('',(0.124990032382,1.299935816952));
#297 = CARTESIAN_POINT('',(0.130317912568,1.310650284097));
#298 = CARTESIAN_POINT('',(0.143647374144,1.326313989459));
#299 = CARTESIAN_POINT('',(0.200308542697,1.36966745265));
#300 = CARTESIAN_POINT('',(0.243491258165,1.395458705959));
#301 = CARTESIAN_POINT('',(0.299123932481,1.423521767268));
#302 = CARTESIAN_POINT('',(0.439486803452,1.486057054326));
#303 = CARTESIAN_POINT('',(0.522130500392,1.519134358485));
#304 = CARTESIAN_POINT('',(0.612621880751,1.552786914246));
#305 = CARTESIAN_POINT('',(0.795995494113,1.617102197201));
#306 = CARTESIAN_POINT('',(0.887404981495,1.647666797265));
#307 = CARTESIAN_POINT('',(0.98338656001,1.678542113812));
#308 = CARTESIAN_POINT('',(1.304196868548,1.77834070078));
#309 = CARTESIAN_POINT('',(1.545770265056,1.848548470106));
#310 = CARTESIAN_POINT('',(1.800660831288,1.919010657847));
#311 = CARTESIAN_POINT('',(2.287723373278,2.048139866921));
#312 = CARTESIAN_POINT('',(2.514690142687,2.106397771234));
#313 = CARTESIAN_POINT('',(2.747436024819,2.164465822778));
#314 = CARTESIAN_POINT('',(3.152888793208,2.263068380944));
#315 = CARTESIAN_POINT('',(3.321499718919,2.303364271266));
#316 = CARTESIAN_POINT('',(3.492539410149,2.343572333791));
#317 = CARTESIAN_POINT('',(3.975741764992,2.455392841786));
#318 = CARTESIAN_POINT('',(4.294904933479,2.527238358978));
#319 = CARTESIAN_POINT('',(4.618593759565,2.598212424679));
#320 = CARTESIAN_POINT('',(5.276295099968,2.738820355575));
#321 = CARTESIAN_POINT('',(5.609506585424,2.808297884312));
#322 = CARTESIAN_POINT('',(5.954894110258,2.878369050484));
#323 = CARTESIAN_POINT('',(6.28318530718,2.943371914127));
#324 = ( GEOMETRIC_REPRESENTATION_CONTEXT(2) 
PARAMETRIC_REPRESENTATION_CONTEXT() REPRESENTATION_CONTEXT('2D SPACE',''
  ) );
#325 = PCURVE('',#326,#411);
#326 = B_SPLINE_SURFACE_WITH_KNOTS('',11,1,(
    (#327,#328)
    ,(#329,#330)
    ,(#331,#332)
    ,(#333,#334)
    ,(#335,#336)
    ,(#337,#338)
    ,(#339,#340)
    ,(#341,#342)
    ,(#343,#344)
    ,(#345,#346)
    ,(#347,#348)
    ,(#349,#350)
    ,(#351,#352)
    ,(#353,#354)
    ,(#355,#356)
    ,(#357,#358)
    ,(#359,#360)
    ,(#361,#362)
    ,(#363,#364)
    ,(#365,#366)
    ,(#367,#368)
    ,(#369,#370)
    ,(#371,#372)
    ,(#373,#374)
    ,(#375,#376)
    ,(#377,#378)
    ,(#379,#380)
    ,(#381,#382)
    ,(#383,#384)
    ,(#385,#386)
    ,(#387,#388)
    ,(#389,#390)
    ,(#391,#392)
    ,(#393,#394)
    ,(#395,#396)
    ,(#397,#398)
    ,(#399,#400)
    ,(#401,#402)
    ,(#403,#404)
    ,(#405,#406)
    ,(#407,#408)
    ,(#409,#410
    )),.UNSPECIFIED.,.F.,.F.,.F.,(12,10,10,10,12),(2,2),(0.,
    0.785398163397,1.570796326795,2.356194490192,3.14159265359),(0.,1.),
  .UNSPECIFIED.);
#327 = CARTESIAN_POINT('',(7.370920582362,-0.894513705048,
    53.725974254899));
#328 = CARTESIAN_POINT('',(7.817643041899,-0.948726656869,
    53.725974254899));
#329 = CARTESIAN_POINT('',(7.36468961206,-0.94585778953,53.760987997739)
  );
#330 = CARTESIAN_POINT('',(7.815990890682,-0.962340618663,
    53.734727690607));
#331 = CARTESIAN_POINT('',(7.327249887497,-1.251872384221,
    53.789126808263));
#332 = CARTESIAN_POINT('',(7.781624311774,-1.246097464897,
    53.736606194001));
#333 = CARTESIAN_POINT('',(7.251371519743,-1.811436957829,
    53.810150706007));
#334 = CARTESIAN_POINT('',(7.712061166231,-1.799795679667,
    53.731549769913));
#335 = CARTESIAN_POINT('',(7.09337562065,-2.615975156264,53.823878610726
    ));
#336 = CARTESIAN_POINT('',(7.565907773741,-2.615102173764,
    53.719557323437));
#337 = CARTESIAN_POINT('',(6.76102662771,-3.648819681221,53.830190985378
    ));
#338 = CARTESIAN_POINT('',(7.250367553839,-3.677784781681,
    53.700687320211));
#339 = CARTESIAN_POINT('',(6.143697192409,-4.859947201987,
    53.829031615139));
#340 = CARTESIAN_POINT('',(6.6508330336,-4.940472287196,53.675057583083)
  );
#341 = CARTESIAN_POINT('',(5.094916333698,-6.141849050221,
    53.820408465606));
#342 = CARTESIAN_POINT('',(5.61301626601,-6.300330946565,53.642844208207
    ));
#343 = CARTESIAN_POINT('',(3.494922681126,-7.264902377646,
    53.804393595379));
#344 = CARTESIAN_POINT('',(4.001574670453,-7.529455422865,
    53.604279617684));
#345 = CARTESIAN_POINT('',(1.396704043556,-7.88114986201,53.781122122093
    ));
#346 = CARTESIAN_POINT('',(1.848016300623,-8.267753597836,
    53.559649785211));
#347 = CARTESIAN_POINT('',(-0.914964458907,-7.733066155039,
    53.750790275377));
#348 = CARTESIAN_POINT('',(-0.572058297793,-8.230369412799,
    53.509290703867));
#349 = CARTESIAN_POINT('',(-5.192926698468,-5.802670456231,
    53.676514910382));
#350 = CARTESIAN_POINT('',(-5.154901756871,-6.441523053147,
    53.397877656373));
#351 = CARTESIAN_POINT('',(-7.158969367586,-4.020211743879,53.6325713921
    ));
#352 = CARTESIAN_POINT('',(-7.317433921135,-4.689879780475,
    53.336823690222));
#353 = CARTESIAN_POINT('',(-8.566353927235,-1.369996602197,
    53.582076575716));
#354 = CARTESIAN_POINT('',(-8.956088997983,-2.002079717209,
    53.270804088188));
#355 = CARTESIAN_POINT('',(-8.916757740451,2.002615073734,
    53.525343306933));
#356 = CARTESIAN_POINT('',(-9.545986081216,1.507829462747,
    53.200246470194));
#357 = CARTESIAN_POINT('',(-7.742730720965,5.58205257849,53.462739935842
    ));
#358 = CARTESIAN_POINT('',(-8.563555668383,5.340948116213,
    53.125620064148));
#359 = CARTESIAN_POINT('',(-4.802868886609,8.561921174708,
    53.394686656597));
#360 = CARTESIAN_POINT('',(-5.699091597138,8.681838428414,
    53.047430827022));
#361 = CARTESIAN_POINT('',(-0.5724375635,9.697991485434,53.32165104871)
  );
#362 = CARTESIAN_POINT('',(-1.337139993242,10.200502220795,
    52.966215980434));
#363 = CARTESIAN_POINT('',(3.531433600356,8.636568673904,53.24414290346)
  );
#364 = CARTESIAN_POINT('',(3.070846811966,9.399425215911,52.882538066079
    ));
#365 = CARTESIAN_POINT('',(6.453072583742,5.937815237788,53.162708443238
    ));
#366 = CARTESIAN_POINT('',(6.365374643641,6.777949829658,52.796978646472
    ));
#367 = CARTESIAN_POINT('',(7.707912462761,2.528198836472,53.077924059067
    ));
#368 = CARTESIAN_POINT('',(7.957159890687,3.271883268819,52.710131782596
    ));
#369 = CARTESIAN_POINT('',(7.071472866681,-3.974666701262,
    52.902855344852));
#370 = CARTESIAN_POINT('',(7.788155730339,-3.655987413919,
    52.535063068384));
#371 = CARTESIAN_POINT('',(5.180134835421,-7.068218648542,
    52.812571014819));
#372 = CARTESIAN_POINT('',(6.02735072648,-7.078117838611,52.446841218044
    ));
#373 = CARTESIAN_POINT('',(1.805544978627,-9.134286394074,52.72013666286
    ));
#374 = CARTESIAN_POINT('',(2.612554180034,-9.531572969472,
    52.358531825496));
#375 = CARTESIAN_POINT('',(-2.387142004873,-9.375868473045,
    52.626175800078));
#376 = CARTESIAN_POINT('',(-1.818987664496,-10.11493870653,
    52.270740731773));
#377 = CARTESIAN_POINT('',(-6.258646469175,-7.476269888895,
    52.531328888876));
#378 = CARTESIAN_POINT('',(-6.085578848765,-8.393547487249,
    52.184073059332));
#379 = CARTESIAN_POINT('',(-8.54160228727,-4.084169900225,
    52.436246388734));
#380 = CARTESIAN_POINT('',(-8.775589903413,-4.943270862237,
    52.099126517011));
#381 = CARTESIAN_POINT('',(-9.056945786455,-0.449090547091,
    52.341581590996));
#382 = CARTESIAN_POINT('',(-9.583157607734,-1.095441943717,
    52.016484754276));
#383 = CARTESIAN_POINT('',(-8.172492390301,2.728085226952,
    52.247983391047));
#384 = CARTESIAN_POINT('',(-8.851519180294,2.362540039591,51.93671090351
    ));
#385 = CARTESIAN_POINT('',(-6.417351292439,5.054270565706,
    52.156089146232));
#386 = CARTESIAN_POINT('',(-7.120595032049,4.964306182671,
    51.860341444358));
#387 = CARTESIAN_POINT('',(-4.27534402428,6.482358003467,52.066517766975
    ));
#388 = CARTESIAN_POINT('',(-4.911395255557,6.621887344011,
    51.787880512967));
#389 = CARTESIAN_POINT('',(8.710926654855E-02,7.764788714881,
    51.893208581987));
#390 = CARTESIAN_POINT('',(-0.306186304864,8.238776929848,
    51.651709010475));
#391 = CARTESIAN_POINT('',(2.307381872818,7.619333841524,51.80947077624)
  );
#392 = CARTESIAN_POINT('',(2.089606857063,8.198281077077,51.587998439366
    ));
#393 = CARTESIAN_POINT('',(4.219282559239,6.800651030579,51.72924367853)
  );
#394 = CARTESIAN_POINT('',(4.193708122539,7.406294192278,51.529129700814
    ));
#395 = CARTESIAN_POINT('',(5.604466370219,5.591681626907,51.653096220688
    ));
#396 = CARTESIAN_POINT('',(5.748153508909,6.154402915263,51.475531963326
    ));
#397 = CARTESIAN_POINT('',(6.469150646877,4.31551067826,51.581565803819)
  );
#398 = CARTESIAN_POINT('',(6.737138095955,4.796082924101,51.427591771714
    ));
#399 = CARTESIAN_POINT('',(6.951647932242,3.16285026698,51.515152121587)
  );
#400 = CARTESIAN_POINT('',(7.300914484161,3.548912810434,51.385648456468
    ));
#401 = CARTESIAN_POINT('',(7.19472458266,2.214147870544,51.454311488828)
  );
#402 = CARTESIAN_POINT('',(7.592781191091,2.508550444013,51.349990201504
    ));
#403 = CARTESIAN_POINT('',(7.301760058295,1.505768691219,51.399451790172
    ));
#404 = CARTESIAN_POINT('',(7.725422062584,1.718745599986,51.320850854098
    ));
#405 = CARTESIAN_POINT('',(7.352159150585,1.046473718315,51.350928163132
    ));
#406 = CARTESIAN_POINT('',(7.788229020862,1.191635698503,51.298407548862
    ));
#407 = CARTESIAN_POINT('',(7.377151552663,0.843169620565,51.30903948794)
  );
#408 = CARTESIAN_POINT('',(7.819295193115,0.935112695074,51.282779180809
    ));
#409 = CARTESIAN_POINT('',(7.370920582362,0.894513705048,51.274025745101
    ));
#410 = CARTESIAN_POINT('',(7.817643041899,0.948726656869,51.274025745101
    ));
#411 = DEFINITIONAL_REPRESENTATION('',(#412),#448);
#412 = B_SPLINE_CURVE_WITH_KNOTS('',4,(#413,#414,#415,#416,#417,#418,
    #419,#420,#421,#422,#423,#424,#425,#426,#427,#428,#429,#430,#431,
    #432,#433,#434,#435,#436,#437,#438,#439,#440,#441,#442,#443,#444,
    #445,#446,#447),.UNSPECIFIED.,.F.,.F.,(5,3,3,3,3,3,3,3,3,3,3,5),(0.,
    3.30062429226E-02,6.134114147296E-02,0.122737767764,0.194917646915,
    0.272169537268,0.340613617325,0.49140664854,0.613523366867,
    0.697839902507,0.848384099675,1.),.UNSPECIFIED.);
#413 = CARTESIAN_POINT('',(3.14159265359,0.166666666667));
#414 = CARTESIAN_POINT('',(3.134172248843,0.166666666653));
#415 = CARTESIAN_POINT('',(3.131804324939,0.166665850626));
#416 = CARTESIAN_POINT('',(3.125651084215,0.166665744165));
#417 = CARTESIAN_POINT('',(3.118492109442,0.166665997917));
#418 = CARTESIAN_POINT('',(3.114188010767,0.166666357748));
#419 = CARTESIAN_POINT('',(3.108244317779,0.166667519863));
#420 = CARTESIAN_POINT('',(3.085351818811,0.166678577606));
#421 = CARTESIAN_POINT('',(3.063669868417,0.166697868761));
#422 = CARTESIAN_POINT('',(3.034411098776,0.166739651061));
#423 = CARTESIAN_POINT('',(2.96173256217,0.166865434833));
#424 = CARTESIAN_POINT('',(2.922467652843,0.166948455051));
#425 = CARTESIAN_POINT('',(2.883196232921,0.167077144044));
#426 = CARTESIAN_POINT('',(2.801895988049,0.167380341108));
#427 = CARTESIAN_POINT('',(2.762074969546,0.167548538881));
#428 = CARTESIAN_POINT('',(2.723803674297,0.167723343717));
#429 = CARTESIAN_POINT('',(2.654102637233,0.168081904524));
#430 = CARTESIAN_POINT('',(2.62238314219,0.168261306355));
#431 = CARTESIAN_POINT('',(2.591452211176,0.168442382686));
#432 = CARTESIAN_POINT('',(2.494494214962,0.169022521844));
#433 = CARTESIAN_POINT('',(2.430816899729,0.169410710801));
#434 = CARTESIAN_POINT('',(2.369685090604,0.16987367948));
#435 = CARTESIAN_POINT('',(2.261403378471,0.170564488493));
#436 = CARTESIAN_POINT('',(2.213884194212,0.170861038926));
#437 = CARTESIAN_POINT('',(2.167413363533,0.171181376327));
#438 = CARTESIAN_POINT('',(2.089561563639,0.17163738587));
#439 = CARTESIAN_POINT('',(2.058039806025,0.171817066907));
#440 = CARTESIAN_POINT('',(2.026783988875,0.171991036264));
#441 = CARTESIAN_POINT('',(1.940189318475,0.172431410977));
#442 = CARTESIAN_POINT('',(1.884922755222,0.172690509652));
#443 = CARTESIAN_POINT('',(1.830249149167,0.172874585158));
#444 = CARTESIAN_POINT('',(1.720931740545,0.173159785895));
#445 = CARTESIAN_POINT('',(1.666430294342,0.173273707063));
#446 = CARTESIAN_POINT('',(1.610392942602,0.173338710611));
#447 = CARTESIAN_POINT('',(1.557124494897,0.173300826871));
#448 = ( GEOMETRIC_REPRESENTATION_CONTEXT(2) 
PARAMETRIC_REPRESENTATION_CONTEXT() REPRESENTATION_CONTEXT('2D SPACE',''
  ) );
#449 = ORIENTED_EDGE('',*,*,#450,.T.);
#450 = EDGE_CURVE('',#247,#451,#453,.T.);
#451 = VERTEX_POINT('',#452);
#452 = CARTESIAN_POINT('',(7.5,-1.836909530734E-15,55.));
#453 = SEAM_CURVE('',#454,(#458,#465),.PCURVE_S1.);
#454 = LINE('',#455,#456);
#455 = CARTESIAN_POINT('',(7.5,-1.836909530734E-15,50.));
#456 = VECTOR('',#457,1.);
#457 = DIRECTION('',(0.,0.,1.));
#458 = PCURVE('',#32,#459);
#459 = DEFINITIONAL_REPRESENTATION('',(#460),#464);
#460 = LINE('',#461,#462);
#461 = CARTESIAN_POINT('',(6.28318530718,0.));
#462 = VECTOR('',#463,1.);
#463 = DIRECTION('',(0.,1.));
#464 = ( GEOMETRIC_REPRESENTATION_CONTEXT(2) 
PARAMETRIC_REPRESENTATION_CONTEXT() REPRESENTATION_CONTEXT('2D SPACE',''
  ) );
#465 = PCURVE('',#32,#466);
#466 = DEFINITIONAL_REPRESENTATION('',(#467),#471);
#467 = LINE('',#468,#469);
#468 = CARTESIAN_POINT('',(0.,0.));
#469 = VECTOR('',#470,1.);
#470 = DIRECTION('',(0.,1.));
#471 = ( GEOMETRIC_REPRESENTATION_CONTEXT(2) 
PARAMETRIC_REPRESENTATION_CONTEXT() REPRESENTATION_CONTEXT('2D SPACE',''
  ) );
#472 = ORIENTED_EDGE('',*,*,#473,.F.);
#473 = EDGE_CURVE('',#451,#451,#474,.T.);
#474 = SURFACE_CURVE('',#475,(#480,#487),.PCURVE_S1.);
#475 = CIRCLE('',#476,7.5);
#476 = AXIS2_PLACEMENT_3D('',#477,#478,#479);
#477 = CARTESIAN_POINT('',(0.,0.,55.));
#478 = DIRECTION('',(0.,0.,1.));
#479 = DIRECTION('',(1.,0.,-0.));
#480 = PCURVE('',#32,#481);
#481 = DEFINITIONAL_REPRESENTATION('',(#482),#486);
#482 = LINE('',#483,#484);
#483 = CARTESIAN_POINT('',(0.,5.));
#484 = VECTOR('',#485,1.);
#485 = DIRECTION('',(1.,0.));
#486 = ( GEOMETRIC_REPRESENTATION_CONTEXT(2) 
PARAMETRIC_REPRESENTATION_CONTEXT() REPRESENTATION_CONTEXT('2D SPACE',''
  ) );
#487 = PCURVE('',#488,#493);
#488 = PLANE('',#489);
#489 = AXIS2_PLACEMENT_3D('',#490,#491,#492);
#490 = CARTESIAN_POINT('',(0.,0.,55.));
#491 = DIRECTION('',(0.,0.,1.));
#492 = DIRECTION('',(1.,0.,-0.));
#493 = DEFINITIONAL_REPRESENTATION('',(#494),#498);
#494 = CIRCLE('',#495,7.5);
#495 = AXIS2_PLACEMENT_2D('',#496,#497);
#496 = CARTESIAN_POINT('',(0.,0.));
#497 = DIRECTION('',(1.,0.));
#498 = ( GEOMETRIC_REPRESENTATION_CONTEXT(2) 
PARAMETRIC_REPRESENTATION_CONTEXT() REPRESENTATION_CONTEXT('2D SPACE',''
  ) );
#499 = ORIENTED_EDGE('',*,*,#450,.F.);
#500 = ORIENTED_EDGE('',*,*,#501,.T.);
#501 = EDGE_CURVE('',#247,#502,#504,.T.);
#502 = VERTEX_POINT('',#503);
#503 = CARTESIAN_POINT('',(7.445374325618,-0.903549197018,
    53.725974254899));
#504 = SURFACE_CURVE('',#505,(#538,#574),.PCURVE_S1.);
#505 = B_SPLINE_CURVE_WITH_KNOTS('',4,(#506,#507,#508,#509,#510,#511,
    #512,#513,#514,#515,#516,#517,#518,#519,#520,#521,#522,#523,#524,
    #525,#526,#527,#528,#529,#530,#531,#532,#533,#534,#535,#536,#537),
  .UNSPECIFIED.,.F.,.F.,(5,3,3,3,3,3,3,3,3,3,5),(0.,0.132810951543,
    0.26654357283,0.369461928993,0.469645570767,0.54700011881,
    0.691279099145,0.787566535641,0.844597738323,0.929769747615,1.),
  .UNSPECIFIED.);
#506 = CARTESIAN_POINT('',(7.5,-1.7763568394E-15,52.943371914127));
#507 = CARTESIAN_POINT('',(7.5,0.139046499687,52.947042809862));
#508 = CARTESIAN_POINT('',(7.499227960063,0.25451100379,52.95009329704)
  );
#509 = CARTESIAN_POINT('',(7.485913102761,0.591149135459,52.958945941035
    ));
#510 = CARTESIAN_POINT('',(7.390356980741,1.331503996467,52.978503707089
    ));
#511 = CARTESIAN_POINT('',(7.063695681813,3.203866813646,53.02895837344)
  );
#512 = CARTESIAN_POINT('',(6.255754004044,4.735956643495,53.06804035406)
  );
#513 = CARTESIAN_POINT('',(2.946758541512,7.121356711875,53.169711309539
    ));
#514 = CARTESIAN_POINT('',(1.176436952531,7.704873949826,53.21299681966)
  );
#515 = CARTESIAN_POINT('',(-0.673285542277,7.671272158545,
    53.255132033412));
#516 = CARTESIAN_POINT('',(-3.94959886862,6.598664576121,53.335600986125
    ));
#517 = CARTESIAN_POINT('',(-5.396817163626,5.581759041556,
    53.374093050023));
#518 = CARTESIAN_POINT('',(-6.43914369967,4.183624559231,53.411231531203
    ));
#519 = CARTESIAN_POINT('',(-7.467570732691,1.450582329433,
    53.474254166939));
#520 = CARTESIAN_POINT('',(-7.641983351489,0.168898135073,
    53.500820011727));
#521 = CARTESIAN_POINT('',(-7.519397666555,-1.100760388593,
    53.526419407964));
#522 = CARTESIAN_POINT('',(-6.456586124874,-4.448734975811,
    53.596519769926));
#523 = CARTESIAN_POINT('',(-4.880688081092,-6.29559135927,
    53.638411979867));
#524 = CARTESIAN_POINT('',(-2.793047468132,-7.254019579594,
    53.676033276841));
#525 = CARTESIAN_POINT('',(0.595019716161,-7.599608476792,
    53.729146991656));
#526 = CARTESIAN_POINT('',(1.939715217128,-7.403529497816,
    53.747907372707));
#527 = CARTESIAN_POINT('',(3.134935385338,-6.916542376481,
    53.763823730337));
#528 = CARTESIAN_POINT('',(4.717008661918,-5.87339125232,53.783267488651
    ));
#529 = CARTESIAN_POINT('',(5.235672379922,-5.425636979895,
    53.789203506256));
#530 = CARTESIAN_POINT('',(5.676059731994,-4.940679434385,53.7936761988)
  );
#531 = CARTESIAN_POINT('',(6.584688065223,-3.706059124679,
    53.800324010682));
#532 = CARTESIAN_POINT('',(6.959683738058,-2.942756022628,
    53.800337692835));
#533 = CARTESIAN_POINT('',(7.174969991249,-2.247687512508,
    53.794917507568));
#534 = CARTESIAN_POINT('',(7.398674672628,-1.304434251193,
    53.772292684728));
#535 = CARTESIAN_POINT('',(7.434956975849,-0.990507554463,
    53.761634113413));
#536 = CARTESIAN_POINT('',(7.444693592818,-0.909158532037,
    53.729788465347));
#537 = CARTESIAN_POINT('',(7.445374325618,-0.903549197018,
    53.725974254899));
#538 = PCURVE('',#32,#539);
#539 = DEFINITIONAL_REPRESENTATION('',(#540),#573);
#540 = B_SPLINE_CURVE_WITH_KNOTS('',4,(#541,#542,#543,#544,#545,#546,
    #547,#548,#549,#550,#551,#552,#553,#554,#555,#556,#557,#558,#559,
    #560,#561,#562,#563,#564,#565,#566,#567,#568,#569,#570,#571,#572),
  .UNSPECIFIED.,.F.,.F.,(5,3,3,3,3,3,3,3,3,3,5),(0.,0.132810951543,
    0.26654357283,0.369461928993,0.469645570767,0.54700011881,
    0.691279099145,0.787566535641,0.844597738323,0.929769747615,1.),
  .UNSPECIFIED.);
#541 = CARTESIAN_POINT('',(8.881784197001E-16,2.943371914127));
#542 = CARTESIAN_POINT('',(1.853953329162E-02,2.947042809862));
#543 = CARTESIAN_POINT('',(3.395174874402E-02,2.95009329704));
#544 = CARTESIAN_POINT('',(7.876406969301E-02,2.958945941035));
#545 = CARTESIAN_POINT('',(0.178296871002,2.978503707089));
#546 = CARTESIAN_POINT('',(0.436065369883,3.02895837344));
#547 = CARTESIAN_POINT('',(0.638837574103,3.06804035406));
#548 = CARTESIAN_POINT('',(1.182726197625,3.169711309539));
#549 = CARTESIAN_POINT('',(1.419119717657,3.21299681966));
#550 = CARTESIAN_POINT('',(1.654258901833,3.255132033412));
#551 = CARTESIAN_POINT('',(2.113915121937,3.335600986125));
#552 = CARTESIAN_POINT('',(2.339062988967,3.374093050023));
#553 = CARTESIAN_POINT('',(2.561979782363,3.411231531203));
#554 = CARTESIAN_POINT('',(2.951330968988,3.474254166939));
#555 = CARTESIAN_POINT('',(3.119347293809,3.500820011727));
#556 = CARTESIAN_POINT('',(3.285516608886,3.526419407964));
#557 = CARTESIAN_POINT('',(3.75386599812,3.596519769926));
#558 = CARTESIAN_POINT('',(4.050785728527,3.638411979867));
#559 = CARTESIAN_POINT('',(4.33840190141,3.676033276841));
#560 = CARTESIAN_POINT('',(4.792488157164,3.729146991656));
#561 = CARTESIAN_POINT('',(4.968054875407,3.747907372707));
#562 = CARTESIAN_POINT('',(5.136631716091,3.763823730337));
#563 = CARTESIAN_POINT('',(5.389301729096,3.783267488652));
#564 = CARTESIAN_POINT('',(5.479888326652,3.789203506256));
#565 = CARTESIAN_POINT('',(5.566759938849,3.7936761988));
#566 = CARTESIAN_POINT('',(5.771151404515,3.800324010682));
#567 = CARTESIAN_POINT('',(5.882719218972,3.800337692835));
#568 = CARTESIAN_POINT('',(5.979482892431,3.794917507568));
#569 = CARTESIAN_POINT('',(6.108738573549,3.772292684728));
#570 = CARTESIAN_POINT('',(6.150684569759,3.761634113413));
#571 = CARTESIAN_POINT('',(6.161665341632,3.729788465347));
#572 = CARTESIAN_POINT('',(6.16241874029,3.725974254899));
#573 = ( GEOMETRIC_REPRESENTATION_CONTEXT(2) 
PARAMETRIC_REPRESENTATION_CONTEXT() REPRESENTATION_CONTEXT('2D SPACE',''
  ) );
#574 = PCURVE('',#326,#575);
#575 = DEFINITIONAL_REPRESENTATION('',(#576),#609);
#576 = B_SPLINE_CURVE_WITH_KNOTS('',4,(#577,#578,#579,#580,#581,#582,
    #583,#584,#585,#586,#587,#588,#589,#590,#591,#592,#593,#594,#595,
    #596,#597,#598,#599,#600,#601,#602,#603,#604,#605,#606,#607,#608),
  .UNSPECIFIED.,.F.,.F.,(5,3,3,3,3,3,3,3,3,3,5),(0.,0.132810951543,
    0.26654357283,0.369461928993,0.469645570767,0.54700011881,
    0.691279099145,0.787566535641,0.844597738323,0.929769747615,1.),
  .UNSPECIFIED.);
#577 = CARTESIAN_POINT('',(1.557124494897,0.173300826871));
#578 = CARTESIAN_POINT('',(1.554116274851,0.173298687469));
#579 = CARTESIAN_POINT('',(1.551615418894,0.173296788426));
#580 = CARTESIAN_POINT('',(1.54434448306,0.173290967547));
#581 = CARTESIAN_POINT('',(1.528190796912,0.173282037527));
#582 = CARTESIAN_POINT('',(1.48632048106,0.173290565262));
#583 = CARTESIAN_POINT('',(1.453455413805,0.173235801353));
#584 = CARTESIAN_POINT('',(1.36414313499,0.173014973645));
#585 = CARTESIAN_POINT('',(1.325012467495,0.172921453421));
#586 = CARTESIAN_POINT('',(1.285608012074,0.172781113507));
#587 = CARTESIAN_POINT('',(1.207257106322,0.172451812691));
#588 = CARTESIAN_POINT('',(1.168238613564,0.172272125533));
#589 = CARTESIAN_POINT('',(1.12877866537,0.172066177979));
#590 = CARTESIAN_POINT('',(1.05797665276,0.17167026376));
#591 = CARTESIAN_POINT('',(1.026782139096,0.171490863831));
#592 = CARTESIAN_POINT('',(0.995168626599,0.17130953549));
#593 = CARTESIAN_POINT('',(0.903464141026,0.170721061908));
#594 = CARTESIAN_POINT('',(0.84211253132,0.170319159468));
#595 = CARTESIAN_POINT('',(0.778434446328,0.169889736072));
#596 = CARTESIAN_POINT('',(0.667387772299,0.169158384943));
#597 = CARTESIAN_POINT('',(0.621474659936,0.168863224467));
#598 = CARTESIAN_POINT('',(0.573667611159,0.168578746664));
#599 = CARTESIAN_POINT('',(0.493529129888,0.168117294628));
#600 = CARTESIAN_POINT('',(0.462807158182,0.167946182432));
#601 = CARTESIAN_POINT('',(0.430936302151,0.167787645398));
#602 = CARTESIAN_POINT('',(0.348001888395,0.167412410825));
#603 = CARTESIAN_POINT('',(0.295311060935,0.167197036063));
#604 = CARTESIAN_POINT('',(0.238153615623,0.166994216435));
#605 = CARTESIAN_POINT('',(0.127967642601,0.166764332314));
#606 = CARTESIAN_POINT('',(8.515191654813E-02,0.166665197703));
#607 = CARTESIAN_POINT('',(8.889050653185E-03,0.166666666645));
#608 = CARTESIAN_POINT('',(0.,0.166666666667));
#609 = ( GEOMETRIC_REPRESENTATION_CONTEXT(2) 
PARAMETRIC_REPRESENTATION_CONTEXT() REPRESENTATION_CONTEXT('2D SPACE',''
  ) );
#610 = ORIENTED_EDGE('',*,*,#611,.T.);
#611 = EDGE_CURVE('',#502,#24,#612,.T.);
#612 = SURFACE_CURVE('',#613,(#658,#706),.PCURVE_S1.);
#613 = B_SPLINE_CURVE_WITH_KNOTS('',8,(#614,#615,#616,#617,#618,#619,
    #620,#621,#622,#623,#624,#625,#626,#627,#628,#629,#630,#631,#632,
    #633,#634,#635,#636,#637,#638,#639,#640,#641,#642,#643,#644,#645,
    #646,#647,#648,#649,#650,#651,#652,#653,#654,#655,#656,#657),
  .UNSPECIFIED.,.F.,.F.,(9,7,7,7,7,7,9),(0.,0.18375386168,0.3961229576,
    0.590489894267,0.721753694456,0.89544760619,1.),.UNSPECIFIED.);
#614 = CARTESIAN_POINT('',(7.445374325618,-0.903549197018,
    53.725974254899));
#615 = CARTESIAN_POINT('',(7.317546229088,-1.956870090495,
    53.697829056699));
#616 = CARTESIAN_POINT('',(7.019126272988,-2.991487295234,
    53.669634975882));
#617 = CARTESIAN_POINT('',(6.553592148853,-3.971731508045,
    53.641466608423));
#618 = CARTESIAN_POINT('',(5.933335883331,-4.867018164823,
    53.613328273286));
#619 = CARTESIAN_POINT('',(5.176621738405,-5.650431254084,
    53.585188900874));
#620 = CARTESIAN_POINT('',(4.306239874035,-6.298713668746,
    53.557017850158));
#621 = CARTESIAN_POINT('',(3.349855773231,-6.793664096164,53.5288216545)
  );
#622 = CARTESIAN_POINT('',(1.177314477185,-7.507805102198,
    53.468159617669));
#623 = CARTESIAN_POINT('',(-6.278190996169E-02,-7.674313325608,
    53.435531419787));
#624 = CARTESIAN_POINT('',(-1.325023660803,-7.604283206902,
    53.402975891387));
#625 = CARTESIAN_POINT('',(-2.55749691678,-7.298856084711,
    53.370450180844));
#626 = CARTESIAN_POINT('',(-3.711159837349,-6.768239802677,
    53.33792233966));
#627 = CARTESIAN_POINT('',(-4.741233826408,-6.03496980976,
    53.305362048077));
#628 = CARTESIAN_POINT('',(-5.606232094272,-5.130608813329,
    53.272727980746));
#629 = CARTESIAN_POINT('',(-6.891226079084,-3.165434770363,
    53.210445283818));
#630 = CARTESIAN_POINT('',(-7.346349015379,-2.118847623086,
    53.180603447717));
#631 = CARTESIAN_POINT('',(-7.617393193672,-1.000048180905,
    53.150813439675));
#632 = CARTESIAN_POINT('',(-7.693778657124,0.152952240216,
    53.121044886384));
#633 = CARTESIAN_POINT('',(-7.571691735083,1.302118034333,
    53.091275790348));
#634 = CARTESIAN_POINT('',(-7.256223803249,2.409394702914,
    53.061480534983));
#635 = CARTESIAN_POINT('',(-6.759894488153,3.436967159762,
    53.031641375904));
#636 = CARTESIAN_POINT('',(-5.669414251126,4.96808959975,52.981779309386
    ));
#637 = CARTESIAN_POINT('',(-5.158288694518,5.534928030379,
    52.961667246922));
#638 = CARTESIAN_POINT('',(-4.582668899819,6.041190535104,
    52.941557497334));
#639 = CARTESIAN_POINT('',(-3.95107892959,6.478470840103,52.921451731241
    ));
#640 = CARTESIAN_POINT('',(-3.273153670871,6.83985772102,52.901344987874
    ));
#641 = CARTESIAN_POINT('',(-2.559443811835,7.119897340265,52.88123257791
    ));
#642 = CARTESIAN_POINT('',(-1.821387163836,7.314825859379,
    52.861117528752));
#643 = CARTESIAN_POINT('',(-7.909232864E-02,7.566308712142,
    52.814422767657));
#644 = CARTESIAN_POINT('',(0.936730722118,7.558147119781,52.787784517982
    ));
#645 = CARTESIAN_POINT('',(1.94654531612,7.393541999865,52.761172454136)
  );
#646 = CARTESIAN_POINT('',(2.922338956577,7.075520806536,52.734577796177
    ));
#647 = CARTESIAN_POINT('',(3.838087617447,6.612269976237,52.70798411374)
  );
#648 = CARTESIAN_POINT('',(4.669623454602,6.016387642295,52.681375383981
    ));
#649 = CARTESIAN_POINT('',(5.395095611796,5.305524439502,52.654741574145
    ));
#650 = CARTESIAN_POINT('',(6.359744414007,4.020947917494,52.612129152581
    ));
#651 = CARTESIAN_POINT('',(6.677996178401,3.504682860554,52.596109431194
    ));
#652 = CARTESIAN_POINT('',(6.948208024159,2.959768681983,52.580089188138
    ));
#653 = CARTESIAN_POINT('',(7.167401685646,2.39152045869,52.564069899119)
  );
#654 = CARTESIAN_POINT('',(7.333336225125,1.805520094786,52.548051035265
    ));
#655 = CARTESIAN_POINT('',(7.444469618434,1.207568676115,52.532031797798
    ));
#656 = CARTESIAN_POINT('',(7.5,0.603669256104,52.51601282435));
#657 = CARTESIAN_POINT('',(7.5,-2.6645352591E-15,52.499999999999));
#658 = PCURVE('',#32,#659);
#659 = DEFINITIONAL_REPRESENTATION('',(#660),#705);
#660 = B_SPLINE_CURVE_WITH_KNOTS('',8,(#661,#662,#663,#664,#665,#666,
    #667,#668,#669,#670,#671,#672,#673,#674,#675,#676,#677,#678,#679,
    #680,#681,#682,#683,#684,#685,#686,#687,#688,#689,#690,#691,#692,
    #693,#694,#695,#696,#697,#698,#699,#700,#701,#702,#703,#704),
  .UNSPECIFIED.,.F.,.F.,(9,7,7,7,7,7,9),(0.,0.18375386168,0.3961229576,
    0.590489894267,0.721753694456,0.89544760619,1.),.UNSPECIFIED.);
#661 = CARTESIAN_POINT('',(6.16241874029,3.725974254899));
#662 = CARTESIAN_POINT('',(6.020945543652,3.697829056699));
#663 = CARTESIAN_POINT('',(5.879227126019,3.669634975882));
#664 = CARTESIAN_POINT('',(5.737637129343,3.641466608423));
#665 = CARTESIAN_POINT('',(5.596197963181,3.613328273286));
#666 = CARTESIAN_POINT('',(5.454754102023,3.585188900874));
#667 = CARTESIAN_POINT('',(5.313151294306,3.557017850158));
#668 = CARTESIAN_POINT('',(5.171421683116,3.5288216545));
#669 = CARTESIAN_POINT('',(4.86650105783,3.468159617669));
#670 = CARTESIAN_POINT('',(4.702493825372,3.435531419787));
#671 = CARTESIAN_POINT('',(4.538851829281,3.402975891387));
#672 = CARTESIAN_POINT('',(4.375359852336,3.370450180844));
#673 = CARTESIAN_POINT('',(4.211857174539,3.33792233966));
#674 = CARTESIAN_POINT('',(4.048191262965,3.305362048077));
#675 = CARTESIAN_POINT('',(3.884154487761,3.272727980746));
#676 = CARTESIAN_POINT('',(3.571087407689,3.210445283818));
#677 = CARTESIAN_POINT('',(3.421085940836,3.180603447717));
#678 = CARTESIAN_POINT('',(3.271345032682,3.150813439675));
#679 = CARTESIAN_POINT('',(3.121712054787,3.121044886384));
#680 = CARTESIAN_POINT('',(2.972076370557,3.091275790348));
#681 = CARTESIAN_POINT('',(2.822309118021,3.061480534983));
#682 = CARTESIAN_POINT('',(2.672321128963,3.031641375904));
#683 = CARTESIAN_POINT('',(2.421686979526,2.981779309386));
#684 = CARTESIAN_POINT('',(2.320592690077,2.961667246922));
#685 = CARTESIAN_POINT('',(2.219510024908,2.941557497334));
#686 = CARTESIAN_POINT('',(2.118447397714,2.921451731241));
#687 = CARTESIAN_POINT('',(2.017379880748,2.901344987874));
#688 = CARTESIAN_POINT('',(1.916283896981,2.88123257791));
#689 = CARTESIAN_POINT('',(1.815174649466,2.861117528752));
#690 = CARTESIAN_POINT('',(1.580461210264,2.814422767657));
#691 = CARTESIAN_POINT('',(1.446562770895,2.787784517982));
#692 = CARTESIAN_POINT('',(1.312795939298,2.761172454136));
#693 = CARTESIAN_POINT('',(1.179116552603,2.734577796177));
#694 = CARTESIAN_POINT('',(1.045442129597,2.70798411374));
#695 = CARTESIAN_POINT('',(0.911692172985,2.681375383981));
#696 = CARTESIAN_POINT('',(0.777816091299,2.654741574145));
#697 = CARTESIAN_POINT('',(0.563622652142,2.612129152581));
#698 = CARTESIAN_POINT('',(0.483098704502,2.596109431194));
#699 = CARTESIAN_POINT('',(0.402572100342,2.580089188138));
#700 = CARTESIAN_POINT('',(0.322050273295,2.564069899119));
#701 = CARTESIAN_POINT('',(0.241530599251,2.548051035265));
#702 = CARTESIAN_POINT('',(0.161009162103,2.532031797798));
#703 = CARTESIAN_POINT('',(8.048923414725E-02,2.51601282435));
#704 = CARTESIAN_POINT('',(0.,2.499999999999));
#705 = ( GEOMETRIC_REPRESENTATION_CONTEXT(2) 
PARAMETRIC_REPRESENTATION_CONTEXT() REPRESENTATION_CONTEXT('2D SPACE',''
  ) );
#706 = PCURVE('',#149,#707);
#707 = DEFINITIONAL_REPRESENTATION('',(#708),#753);
#708 = B_SPLINE_CURVE_WITH_KNOTS('',8,(#709,#710,#711,#712,#713,#714,
    #715,#716,#717,#718,#719,#720,#721,#722,#723,#724,#725,#726,#727,
    #728,#729,#730,#731,#732,#733,#734,#735,#736,#737,#738,#739,#740,
    #741,#742,#743,#744,#745,#746,#747,#748,#749,#750,#751,#752),
  .UNSPECIFIED.,.F.,.F.,(9,7,7,7,7,7,9),(0.,0.18375386168,0.3961229576,
    0.590489894267,0.721753694456,0.89544760619,1.),.UNSPECIFIED.);
#709 = CARTESIAN_POINT('',(12.566370614359,0.166666666666));
#710 = CARTESIAN_POINT('',(12.422124929679,0.166666666668));
#711 = CARTESIAN_POINT('',(12.277628718905,0.166670205211));
#712 = CARTESIAN_POINT('',(12.133264290501,0.16666840684));
#713 = CARTESIAN_POINT('',(11.989053779397,0.166664521449));
#714 = CARTESIAN_POINT('',(11.844837952198,0.166663135248));
#715 = CARTESIAN_POINT('',(11.700459771955,0.166664899258));
#716 = CARTESIAN_POINT('',(11.555952722506,0.16666677532));
#717 = CARTESIAN_POINT('',(11.245056456132,0.166668983456));
#718 = CARTESIAN_POINT('',(11.077835152168,0.166669214422));
#719 = CARTESIAN_POINT('',(10.910986283282,0.166667189242));
#720 = CARTESIAN_POINT('',(10.744290232549,0.166663694215));
#721 = CARTESIAN_POINT('',(10.577583262173,0.166664278768));
#722 = CARTESIAN_POINT('',(10.41070998171,0.166665384831));
#723 = CARTESIAN_POINT('',(10.243458596499,0.16666641372));
#724 = CARTESIAN_POINT('',(9.924256358224,0.166667439817));
#725 = CARTESIAN_POINT('',(9.771315311235,0.166667531577));
#726 = CARTESIAN_POINT('',(9.61863988589,0.166667027144));
#727 = CARTESIAN_POINT('',(9.466074417316,0.166666231729));
#728 = CARTESIAN_POINT('',(9.313506167149,0.166666697208));
#729 = CARTESIAN_POINT('',(9.160803848983,0.16666729714));
#730 = CARTESIAN_POINT('',(9.007876521876,0.16666744946));
#731 = CARTESIAN_POINT('',(8.752330695786,0.166666966496));
#732 = CARTESIAN_POINT('',(8.649255272412,0.166666579944));
#733 = CARTESIAN_POINT('',(8.546191702656,0.166665958448));
#734 = CARTESIAN_POINT('',(8.443148548527,0.166665298413));
#735 = CARTESIAN_POINT('',(8.340100385813,0.166664875684));
#736 = CARTESIAN_POINT('',(8.237023181484,0.166664902733));
#737 = CARTESIAN_POINT('',(8.133932451137,0.1666654031));
#738 = CARTESIAN_POINT('',(7.894619239081,0.166667029286));
#739 = CARTESIAN_POINT('',(7.758096748257,0.16666828068));
#740 = CARTESIAN_POINT('',(7.621708461244,0.166669603502));
#741 = CARTESIAN_POINT('',(7.485409380353,0.166669376741));
#742 = CARTESIAN_POINT('',(7.349115299066,0.166667245062));
#743 = CARTESIAN_POINT('',(7.212744099432,0.166664894134));
#744 = CARTESIAN_POINT('',(7.076244363024,0.166664616459));
#745 = CARTESIAN_POINT('',(6.857853365,0.16666573677));
#746 = CARTESIAN_POINT('',(6.775751414132,0.166666550417));
#747 = CARTESIAN_POINT('',(6.693646789681,0.166667515564));
#748 = CARTESIAN_POINT('',(6.611547054721,0.166668482235));
#749 = CARTESIAN_POINT('',(6.529449498752,0.166668525539));
#750 = CARTESIAN_POINT('',(6.447350028,0.166667442094));
#751 = CARTESIAN_POINT('',(6.365251910358,0.166666666667));
#752 = CARTESIAN_POINT('',(6.28318530718,0.166666666667));
#753 = ( GEOMETRIC_REPRESENTATION_CONTEXT(2) 
PARAMETRIC_REPRESENTATION_CONTEXT() REPRESENTATION_CONTEXT('2D SPACE',''
  ) );
#754 = ORIENTED_EDGE('',*,*,#21,.F.);
#755 = ORIENTED_EDGE('',*,*,#756,.T.);
#756 = EDGE_CURVE('',#22,#22,#757,.T.);
#757 = SURFACE_CURVE('',#758,(#763,#770),.PCURVE_S1.);
#758 = CIRCLE('',#759,7.5);
#759 = AXIS2_PLACEMENT_3D('',#760,#761,#762);
#760 = CARTESIAN_POINT('',(0.,0.,50.));
#761 = DIRECTION('',(0.,0.,1.));
#762 = DIRECTION('',(1.,0.,-0.));
#763 = PCURVE('',#32,#764);
#764 = DEFINITIONAL_REPRESENTATION('',(#765),#769);
#765 = LINE('',#766,#767);
#766 = CARTESIAN_POINT('',(0.,0.));
#767 = VECTOR('',#768,1.);
#768 = DIRECTION('',(1.,0.));
#769 = ( GEOMETRIC_REPRESENTATION_CONTEXT(2) 
PARAMETRIC_REPRESENTATION_CONTEXT() REPRESENTATION_CONTEXT('2D SPACE',''
  ) );
#770 = PCURVE('',#771,#776);
#771 = PLANE('',#772);
#772 = AXIS2_PLACEMENT_3D('',#773,#774,#775);
#773 = CARTESIAN_POINT('',(0.,70.416666666667,50.));
#774 = DIRECTION('',(0.,0.,1.));
#775 = DIRECTION('',(-0.409756097561,-0.912195121951,0.));
#776 = DEFINITIONAL_REPRESENTATION('',(#777),#781);
#777 = CIRCLE('',#778,7.5);
#778 = AXIS2_PLACEMENT_2D('',#779,#780);
#779 = CARTESIAN_POINT('',(64.233739837398,28.853658536585));
#780 = DIRECTION('',(-0.409756097561,0.912195121951));
#781 = ( GEOMETRIC_REPRESENTATION_CONTEXT(2) 
PARAMETRIC_REPRESENTATION_CONTEXT() REPRESENTATION_CONTEXT('2D SPACE',''
  ) );
#782 = ADVANCED_FACE('',(#783),#149,.T.);
#783 = FACE_BOUND('',#784,.T.);
#784 = EDGE_LOOP('',(#785,#807,#856,#876,#877));
#785 = ORIENTED_EDGE('',*,*,#786,.T.);
#786 = EDGE_CURVE('',#502,#787,#789,.T.);
#787 = VERTEX_POINT('',#788);
#788 = CARTESIAN_POINT('',(7.817643041899,-0.948726656869,
    53.725974254899));
#789 = SURFACE_CURVE('',#790,(#793,#800),.PCURVE_S1.);
#790 = B_SPLINE_CURVE_WITH_KNOTS('',1,(#791,#792),.UNSPECIFIED.,.F.,.F.,
  (2,2),(0.,1.),.PIECEWISE_BEZIER_KNOTS.);
#791 = CARTESIAN_POINT('',(7.370920582362,-0.894513705048,
    53.725974254899));
#792 = CARTESIAN_POINT('',(7.817643041899,-0.948726656869,
    53.725974254899));
#793 = PCURVE('',#149,#794);
#794 = DEFINITIONAL_REPRESENTATION('',(#795),#799);
#795 = LINE('',#796,#797);
#796 = CARTESIAN_POINT('',(12.566370614359,0.));
#797 = VECTOR('',#798,1.);
#798 = DIRECTION('',(0.,1.));
#799 = ( GEOMETRIC_REPRESENTATION_CONTEXT(2) 
PARAMETRIC_REPRESENTATION_CONTEXT() REPRESENTATION_CONTEXT('2D SPACE',''
  ) );
#800 = PCURVE('',#326,#801);
#801 = DEFINITIONAL_REPRESENTATION('',(#802),#806);
#802 = LINE('',#803,#804);
#803 = CARTESIAN_POINT('',(0.,0.));
#804 = VECTOR('',#805,1.);
#805 = DIRECTION('',(0.,1.));
#806 = ( GEOMETRIC_REPRESENTATION_CONTEXT(2) 
PARAMETRIC_REPRESENTATION_CONTEXT() REPRESENTATION_CONTEXT('2D SPACE',''
  ) );
#807 = ORIENTED_EDGE('',*,*,#808,.T.);
#808 = EDGE_CURVE('',#787,#809,#811,.T.);
#809 = VERTEX_POINT('',#810);
#810 = CARTESIAN_POINT('',(7.817643041899,0.948726656869,51.274025745101
    ));
#811 = SURFACE_CURVE('',#812,(#837,#844),.PCURVE_S1.);
#812 = B_SPLINE_CURVE_WITH_KNOTS('',12,(#813,#814,#815,#816,#817,#818,
    #819,#820,#821,#822,#823,#824,#825,#826,#827,#828,#829,#830,#831,
    #832,#833,#834,#835,#836),.UNSPECIFIED.,.F.,.F.,(13,11,13),(0.,
    6.28318530718,12.566370614359),.UNSPECIFIED.);
#813 = CARTESIAN_POINT('',(7.817643041899,-0.948726656869,
    53.725974254899));
#814 = CARTESIAN_POINT('',(7.330438797757,-4.963359155728,
    53.623809733659));
#815 = CARTESIAN_POINT('',(4.594151707313,-8.704983143288,
    53.521645212413));
#816 = CARTESIAN_POINT('',(-0.222943192322,-10.78831105984,
    53.419480691178));
#817 = CARTESIAN_POINT('',(-6.004168153387,-9.939022794766,
    53.317316169933));
#818 = CARTESIAN_POINT('',(-10.76969086538,-5.744346721426,
    53.215151648681));
#819 = CARTESIAN_POINT('',(-12.42235787389,0.751015748265,
    53.112987127468));
#820 = CARTESIAN_POINT('',(-9.999210666196,6.999967617399,
    53.010822606189));
#821 = CARTESIAN_POINT('',(-4.763051113409,10.589974193572,
    52.90865808498));
#822 = CARTESIAN_POINT('',(1.078383236683,10.736593909875,
    52.806493563719));
#823 = CARTESIAN_POINT('',(5.609407959839,8.088108788519,52.704329042484
    ));
#824 = CARTESIAN_POINT('',(7.875,4.044087298315,52.602164521242));
#825 = CARTESIAN_POINT('',(7.875,-4.044087298315,52.397835478756));
#826 = CARTESIAN_POINT('',(5.609407959839,-8.088108788519,
    52.295670957532));
#827 = CARTESIAN_POINT('',(1.078383236681,-10.73659390987,
    52.193506436235));
#828 = CARTESIAN_POINT('',(-4.763051113404,-10.58997419357,
    52.091341915107));
#829 = CARTESIAN_POINT('',(-9.999210666204,-6.999967617399,
    51.989177393693));
#830 = CARTESIAN_POINT('',(-12.42235787388,-0.751015748264,
    51.887012872653));
#831 = CARTESIAN_POINT('',(-10.76969086539,5.744346721424,
    51.784848351228));
#832 = CARTESIAN_POINT('',(-6.004168153382,9.939022794769,
    51.682683830116));
#833 = CARTESIAN_POINT('',(-0.222943192324,10.788311059843,
    51.580519308803));
#834 = CARTESIAN_POINT('',(4.594151707313,8.70498314329,51.478354787591)
  );
#835 = CARTESIAN_POINT('',(7.330438797757,4.963359155727,51.376190266341
    ));
#836 = CARTESIAN_POINT('',(7.817643041899,0.948726656869,51.274025745101
    ));
#837 = PCURVE('',#149,#838);
#838 = DEFINITIONAL_REPRESENTATION('',(#839),#843);
#839 = LINE('',#840,#841);
#840 = CARTESIAN_POINT('',(12.566370614359,1.));
#841 = VECTOR('',#842,1.);
#842 = DIRECTION('',(-1.,0.));
#843 = ( GEOMETRIC_REPRESENTATION_CONTEXT(2) 
PARAMETRIC_REPRESENTATION_CONTEXT() REPRESENTATION_CONTEXT('2D SPACE',''
  ) );
#844 = PCURVE('',#845,#850);
#845 = CYLINDRICAL_SURFACE('',#846,7.875);
#846 = AXIS2_PLACEMENT_3D('',#847,#848,#849);
#847 = CARTESIAN_POINT('',(0.,0.,50.));
#848 = DIRECTION('',(0.,0.,1.));
#849 = DIRECTION('',(1.,0.,-0.));
#850 = DEFINITIONAL_REPRESENTATION('',(#851),#855);
#851 = LINE('',#852,#853);
#852 = CARTESIAN_POINT('',(12.44560404747,3.725974254899));
#853 = VECTOR('',#854,1.);
#854 = DIRECTION('',(-0.980779403919,-0.195119862771));
#855 = ( GEOMETRIC_REPRESENTATION_CONTEXT(2) 
PARAMETRIC_REPRESENTATION_CONTEXT() REPRESENTATION_CONTEXT('2D SPACE',''
  ) );
#856 = ORIENTED_EDGE('',*,*,#857,.F.);
#857 = EDGE_CURVE('',#52,#809,#858,.T.);
#858 = SURFACE_CURVE('',#859,(#862,#869),.PCURVE_S1.);
#859 = B_SPLINE_CURVE_WITH_KNOTS('',1,(#860,#861),.UNSPECIFIED.,.F.,.F.,
  (2,2),(0.,1.),.PIECEWISE_BEZIER_KNOTS.);
#860 = CARTESIAN_POINT('',(7.370920582362,0.894513705048,51.274025745101
    ));
#861 = CARTESIAN_POINT('',(7.817643041899,0.948726656869,51.274025745101
    ));
#862 = PCURVE('',#149,#863);
#863 = DEFINITIONAL_REPRESENTATION('',(#864),#868);
#864 = LINE('',#865,#866);
#865 = CARTESIAN_POINT('',(0.,0.));
#866 = VECTOR('',#867,1.);
#867 = DIRECTION('',(0.,1.));
#868 = ( GEOMETRIC_REPRESENTATION_CONTEXT(2) 
PARAMETRIC_REPRESENTATION_CONTEXT() REPRESENTATION_CONTEXT('2D SPACE',''
  ) );
#869 = PCURVE('',#326,#870);
#870 = DEFINITIONAL_REPRESENTATION('',(#871),#875);
#871 = LINE('',#872,#873);
#872 = CARTESIAN_POINT('',(3.14159265359,0.));
#873 = VECTOR('',#874,1.);
#874 = DIRECTION('',(0.,1.));
#875 = ( GEOMETRIC_REPRESENTATION_CONTEXT(2) 
PARAMETRIC_REPRESENTATION_CONTEXT() REPRESENTATION_CONTEXT('2D SPACE',''
  ) );
#876 = ORIENTED_EDGE('',*,*,#51,.F.);
#877 = ORIENTED_EDGE('',*,*,#611,.F.);
#878 = ADVANCED_FACE('',(#879,#1055),#771,.T.);
#879 = FACE_BOUND('',#880,.T.);
#880 = EDGE_LOOP('',(#881,#911,#939,#968,#996,#1024));
#881 = ORIENTED_EDGE('',*,*,#882,.T.);
#882 = EDGE_CURVE('',#883,#885,#887,.T.);
#883 = VERTEX_POINT('',#884);
#884 = CARTESIAN_POINT('',(-32.5,5.865202811677,50.));
#885 = VERTEX_POINT('',#886);
#886 = CARTESIAN_POINT('',(-32.5,0.,50.));
#887 = SURFACE_CURVE('',#888,(#892,#899),.PCURVE_S1.);
#888 = LINE('',#889,#890);
#889 = CARTESIAN_POINT('',(-32.5,7.5,50.));
#890 = VECTOR('',#891,1.);
#891 = DIRECTION('',(0.,-1.,0.));
#892 = PCURVE('',#771,#893);
#893 = DEFINITIONAL_REPRESENTATION('',(#894),#898);
#894 = LINE('',#895,#896);
#895 = CARTESIAN_POINT('',(70.709349593496,-3.865853658537));
#896 = VECTOR('',#897,1.);
#897 = DIRECTION('',(0.912195121951,0.409756097561));
#898 = ( GEOMETRIC_REPRESENTATION_CONTEXT(2) 
PARAMETRIC_REPRESENTATION_CONTEXT() REPRESENTATION_CONTEXT('2D SPACE',''
  ) );
#899 = PCURVE('',#900,#905);
#900 = CYLINDRICAL_SURFACE('',#901,2.5);
#901 = AXIS2_PLACEMENT_3D('',#902,#903,#904);
#902 = CARTESIAN_POINT('',(-32.5,7.5,47.5));
#903 = DIRECTION('',(0.,-1.,0.));
#904 = DIRECTION('',(-1.,0.,0.));
#905 = DEFINITIONAL_REPRESENTATION('',(#906),#910);
#906 = LINE('',#907,#908);
#907 = CARTESIAN_POINT('',(-1.570796326795,0.));
#908 = VECTOR('',#909,1.);
#909 = DIRECTION('',(-0.,1.));
#910 = ( GEOMETRIC_REPRESENTATION_CONTEXT(2) 
PARAMETRIC_REPRESENTATION_CONTEXT() REPRESENTATION_CONTEXT('2D SPACE',''
  ) );
#911 = ORIENTED_EDGE('',*,*,#912,.T.);
#912 = EDGE_CURVE('',#885,#913,#915,.T.);
#913 = VERTEX_POINT('',#914);
#914 = CARTESIAN_POINT('',(-32.5,-5.865202811677,50.));
#915 = SURFACE_CURVE('',#916,(#920,#927),.PCURVE_S1.);
#916 = LINE('',#917,#918);
#917 = CARTESIAN_POINT('',(-32.5,0.,50.));
#918 = VECTOR('',#919,1.);
#919 = DIRECTION('',(0.,-1.,0.));
#920 = PCURVE('',#771,#921);
#921 = DEFINITIONAL_REPRESENTATION('',(#922),#926);
#922 = LINE('',#923,#924);
#923 = CARTESIAN_POINT('',(77.55081300813,-0.792682926829));
#924 = VECTOR('',#925,1.);
#925 = DIRECTION('',(0.912195121951,0.409756097561));
#926 = ( GEOMETRIC_REPRESENTATION_CONTEXT(2) 
PARAMETRIC_REPRESENTATION_CONTEXT() REPRESENTATION_CONTEXT('2D SPACE',''
  ) );
#927 = PCURVE('',#928,#933);
#928 = CYLINDRICAL_SURFACE('',#929,2.5);
#929 = AXIS2_PLACEMENT_3D('',#930,#931,#932);
#930 = CARTESIAN_POINT('',(-32.5,0.,47.5));
#931 = DIRECTION('',(0.,-1.,0.));
#932 = DIRECTION('',(-1.,0.,0.));
#933 = DEFINITIONAL_REPRESENTATION('',(#934),#938);
#934 = LINE('',#935,#936);
#935 = CARTESIAN_POINT('',(-1.570796326795,0.));
#936 = VECTOR('',#937,1.);
#937 = DIRECTION('',(-0.,1.));
#938 = ( GEOMETRIC_REPRESENTATION_CONTEXT(2) 
PARAMETRIC_REPRESENTATION_CONTEXT() REPRESENTATION_CONTEXT('2D SPACE',''
  ) );
#939 = ORIENTED_EDGE('',*,*,#940,.T.);
#940 = EDGE_CURVE('',#913,#941,#943,.T.);
#941 = VERTEX_POINT('',#942);
#942 = CARTESIAN_POINT('',(32.5,-5.865202811677,50.));
#943 = SURFACE_CURVE('',#944,(#949,#956),.PCURVE_S1.);
#944 = CIRCLE('',#945,82.916666666667);
#945 = AXIS2_PLACEMENT_3D('',#946,#947,#948);
#946 = CARTESIAN_POINT('',(0.,70.416666666667,50.));
#947 = DIRECTION('',(0.,0.,1.));
#948 = DIRECTION('',(-0.409756097561,-0.912195121951,0.));
#949 = PCURVE('',#771,#950);
#950 = DEFINITIONAL_REPRESENTATION('',(#951),#955);
#951 = CIRCLE('',#952,82.916666666667);
#952 = AXIS2_PLACEMENT_2D('',#953,#954);
#953 = CARTESIAN_POINT('',(0.,0.));
#954 = DIRECTION('',(1.,-4.284679813629E-17));
#955 = ( GEOMETRIC_REPRESENTATION_CONTEXT(2) 
PARAMETRIC_REPRESENTATION_CONTEXT() REPRESENTATION_CONTEXT('2D SPACE',''
  ) );
#956 = PCURVE('',#957,#962);
#957 = TOROIDAL_SURFACE('',#958,82.916666666667,2.5);
#958 = AXIS2_PLACEMENT_3D('',#959,#960,#961);
#959 = CARTESIAN_POINT('',(0.,70.416666666667,47.5));
#960 = DIRECTION('',(0.,0.,1.));
#961 = DIRECTION('',(-0.409756097561,-0.912195121951,0.));
#962 = DEFINITIONAL_REPRESENTATION('',(#963),#967);
#963 = LINE('',#964,#965);
#964 = CARTESIAN_POINT('',(0.,1.570796326795));
#965 = VECTOR('',#966,1.);
#966 = DIRECTION('',(1.,0.));
#967 = ( GEOMETRIC_REPRESENTATION_CONTEXT(2) 
PARAMETRIC_REPRESENTATION_CONTEXT() REPRESENTATION_CONTEXT('2D SPACE',''
  ) );
#968 = ORIENTED_EDGE('',*,*,#969,.T.);
#969 = EDGE_CURVE('',#941,#970,#972,.T.);
#970 = VERTEX_POINT('',#971);
#971 = CARTESIAN_POINT('',(32.5,0.,50.));
#972 = SURFACE_CURVE('',#973,(#977,#984),.PCURVE_S1.);
#973 = LINE('',#974,#975);
#974 = CARTESIAN_POINT('',(32.5,-7.5,50.));
#975 = VECTOR('',#976,1.);
#976 = DIRECTION('',(0.,1.,0.));
#977 = PCURVE('',#771,#978);
#978 = DEFINITIONAL_REPRESENTATION('',(#979),#983);
#979 = LINE('',#980,#981);
#980 = CARTESIAN_POINT('',(57.758130081301,61.573170731707));
#981 = VECTOR('',#982,1.);
#982 = DIRECTION('',(-0.912195121951,-0.409756097561));
#983 = ( GEOMETRIC_REPRESENTATION_CONTEXT(2) 
PARAMETRIC_REPRESENTATION_CONTEXT() REPRESENTATION_CONTEXT('2D SPACE',''
  ) );
#984 = PCURVE('',#985,#990);
#985 = CYLINDRICAL_SURFACE('',#986,2.5);
#986 = AXIS2_PLACEMENT_3D('',#987,#988,#989);
#987 = CARTESIAN_POINT('',(32.5,-7.5,47.5));
#988 = DIRECTION('',(0.,1.,0.));
#989 = DIRECTION('',(1.,0.,0.));
#990 = DEFINITIONAL_REPRESENTATION('',(#991),#995);
#991 = LINE('',#992,#993);
#992 = CARTESIAN_POINT('',(-1.570796326795,0.));
#993 = VECTOR('',#994,1.);
#994 = DIRECTION('',(-0.,1.));
#995 = ( GEOMETRIC_REPRESENTATION_CONTEXT(2) 
PARAMETRIC_REPRESENTATION_CONTEXT() REPRESENTATION_CONTEXT('2D SPACE',''
  ) );
#996 = ORIENTED_EDGE('',*,*,#997,.T.);
#997 = EDGE_CURVE('',#970,#998,#1000,.T.);
#998 = VERTEX_POINT('',#999);
#999 = CARTESIAN_POINT('',(32.5,5.865202811677,50.));
#1000 = SURFACE_CURVE('',#1001,(#1005,#1012),.PCURVE_S1.);
#1001 = LINE('',#1002,#1003);
#1002 = CARTESIAN_POINT('',(32.5,0.,50.));
#1003 = VECTOR('',#1004,1.);
#1004 = DIRECTION('',(0.,1.,0.));
#1005 = PCURVE('',#771,#1006);
#1006 = DEFINITIONAL_REPRESENTATION('',(#1007),#1011);
#1007 = LINE('',#1008,#1009);
#1008 = CARTESIAN_POINT('',(50.916666666667,58.5));
#1009 = VECTOR('',#1010,1.);
#1010 = DIRECTION('',(-0.912195121951,-0.409756097561));
#1011 = ( GEOMETRIC_REPRESENTATION_CONTEXT(2) 
PARAMETRIC_REPRESENTATION_CONTEXT() REPRESENTATION_CONTEXT('2D SPACE',''
  ) );
#1012 = PCURVE('',#1013,#1018);
#1013 = CYLINDRICAL_SURFACE('',#1014,2.5);
#1014 = AXIS2_PLACEMENT_3D('',#1015,#1016,#1017);
#1015 = CARTESIAN_POINT('',(32.5,0.,47.5));
#1016 = DIRECTION('',(0.,1.,0.));
#1017 = DIRECTION('',(1.,0.,0.));
#1018 = DEFINITIONAL_REPRESENTATION('',(#1019),#1023);
#1019 = LINE('',#1020,#1021);
#1020 = CARTESIAN_POINT('',(-1.570796326795,0.));
#1021 = VECTOR('',#1022,1.);
#1022 = DIRECTION('',(-0.,1.));
#1023 = ( GEOMETRIC_REPRESENTATION_CONTEXT(2) 
PARAMETRIC_REPRESENTATION_CONTEXT() REPRESENTATION_CONTEXT('2D SPACE',''
  ) );
#1024 = ORIENTED_EDGE('',*,*,#1025,.F.);
#1025 = EDGE_CURVE('',#883,#998,#1026,.T.);
#1026 = SURFACE_CURVE('',#1027,(#1032,#1043),.PCURVE_S1.);
#1027 = CIRCLE('',#1028,82.916666666667);
#1028 = AXIS2_PLACEMENT_3D('',#1029,#1030,#1031);
#1029 = CARTESIAN_POINT('',(0.,-70.41666666666,50.));
#1030 = DIRECTION('',(0.,0.,-1.));
#1031 = DIRECTION('',(-0.409756097561,0.912195121951,0.));
#1032 = PCURVE('',#771,#1033);
#1033 = DEFINITIONAL_REPRESENTATION('',(#1034),#1042);
#1034 = ( BOUNDED_CURVE() B_SPLINE_CURVE(2,(#1035,#1036,#1037,#1038,
#1039,#1040,#1041),.UNSPECIFIED.,.T.,.F.) B_SPLINE_CURVE_WITH_KNOTS((1,2
    ,2,2,2,1),(-2.094395102393,0.,2.094395102393,4.188790204786,
6.28318530718,8.377580409573),.UNSPECIFIED.) CURVE() 
GEOMETRIC_REPRESENTATION_ITEM() RATIONAL_B_SPLINE_CURVE((1.,0.5,1.,0.5,
1.,0.5,1.)) REPRESENTATION_ITEM('') );
#1035 = CARTESIAN_POINT('',(73.394239539957,-4.27745389649));
#1036 = CARTESIAN_POINT('',(-33.96653307501,91.112196154495));
#1037 = CARTESIAN_POINT('',(102.32371343473,136.39452758349));
#1038 = CARTESIAN_POINT('',(238.61395994447,181.67685901249));
#1039 = CARTESIAN_POINT('',(209.6844860497,41.004877532509));
#1040 = CARTESIAN_POINT('',(180.75501215493,-99.66710394747));
#1041 = CARTESIAN_POINT('',(73.394239539957,-4.27745389649));
#1042 = ( GEOMETRIC_REPRESENTATION_CONTEXT(2) 
PARAMETRIC_REPRESENTATION_CONTEXT() REPRESENTATION_CONTEXT('2D SPACE',''
  ) );
#1043 = PCURVE('',#1044,#1049);
#1044 = TOROIDAL_SURFACE('',#1045,82.916666666667,2.5);
#1045 = AXIS2_PLACEMENT_3D('',#1046,#1047,#1048);
#1046 = CARTESIAN_POINT('',(0.,-70.41666666666,47.5));
#1047 = DIRECTION('',(0.,0.,1.));
#1048 = DIRECTION('',(-0.409756097561,0.912195121951,0.));
#1049 = DEFINITIONAL_REPRESENTATION('',(#1050),#1054);
#1050 = LINE('',#1051,#1052);
#1051 = CARTESIAN_POINT('',(-0.,1.570796326795));
#1052 = VECTOR('',#1053,1.);
#1053 = DIRECTION('',(-1.,0.));
#1054 = ( GEOMETRIC_REPRESENTATION_CONTEXT(2) 
PARAMETRIC_REPRESENTATION_CONTEXT() REPRESENTATION_CONTEXT('2D SPACE',''
  ) );
#1055 = FACE_BOUND('',#1056,.T.);
#1056 = EDGE_LOOP('',(#1057));
#1057 = ORIENTED_EDGE('',*,*,#756,.F.);
#1058 = ADVANCED_FACE('',(#1059),#326,.T.);
#1059 = FACE_BOUND('',#1060,.T.);
#1060 = EDGE_LOOP('',(#1061,#1062,#1126,#1127,#1128));
#1061 = ORIENTED_EDGE('',*,*,#857,.T.);
#1062 = ORIENTED_EDGE('',*,*,#1063,.F.);
#1063 = EDGE_CURVE('',#787,#809,#1064,.T.);
#1064 = SURFACE_CURVE('',#1065,(#1108,#1115),.PCURVE_S1.);
#1065 = B_SPLINE_CURVE_WITH_KNOTS('',11,(#1066,#1067,#1068,#1069,#1070,
    #1071,#1072,#1073,#1074,#1075,#1076,#1077,#1078,#1079,#1080,#1081,
    #1082,#1083,#1084,#1085,#1086,#1087,#1088,#1089,#1090,#1091,#1092,
    #1093,#1094,#1095,#1096,#1097,#1098,#1099,#1100,#1101,#1102,#1103,
    #1104,#1105,#1106,#1107),.UNSPECIFIED.,.F.,.F.,(12,10,10,10,12),(0.,
    0.785398163397,1.570796326795,2.356194490192,3.14159265359),
  .UNSPECIFIED.);
#1066 = CARTESIAN_POINT('',(7.817643041899,-0.948726656869,
    53.725974254899));
#1067 = CARTESIAN_POINT('',(7.815990890682,-0.962340618663,
    53.734727690607));
#1068 = CARTESIAN_POINT('',(7.781624311774,-1.246097464897,
    53.736606194001));
#1069 = CARTESIAN_POINT('',(7.712061166231,-1.799795679667,
    53.731549769913));
#1070 = CARTESIAN_POINT('',(7.565907773741,-2.615102173764,
    53.719557323437));
#1071 = CARTESIAN_POINT('',(7.250367553839,-3.677784781681,
    53.700687320211));
#1072 = CARTESIAN_POINT('',(6.6508330336,-4.940472287196,53.675057583083
    ));
#1073 = CARTESIAN_POINT('',(5.61301626601,-6.300330946565,
    53.642844208207));
#1074 = CARTESIAN_POINT('',(4.001574670453,-7.529455422865,
    53.604279617684));
#1075 = CARTESIAN_POINT('',(1.848016300623,-8.267753597836,
    53.559649785211));
#1076 = CARTESIAN_POINT('',(-0.572058297793,-8.230369412799,
    53.509290703867));
#1077 = CARTESIAN_POINT('',(-5.154901756871,-6.441523053147,
    53.397877656373));
#1078 = CARTESIAN_POINT('',(-7.317433921135,-4.689879780475,
    53.336823690222));
#1079 = CARTESIAN_POINT('',(-8.956088997983,-2.002079717209,
    53.270804088188));
#1080 = CARTESIAN_POINT('',(-9.545986081216,1.507829462747,
    53.200246470194));
#1081 = CARTESIAN_POINT('',(-8.563555668383,5.340948116213,
    53.125620064148));
#1082 = CARTESIAN_POINT('',(-5.699091597138,8.681838428414,
    53.047430827022));
#1083 = CARTESIAN_POINT('',(-1.337139993242,10.200502220795,
    52.966215980434));
#1084 = CARTESIAN_POINT('',(3.070846811966,9.399425215911,
    52.882538066079));
#1085 = CARTESIAN_POINT('',(6.365374643641,6.777949829658,
    52.796978646472));
#1086 = CARTESIAN_POINT('',(7.957159890687,3.271883268819,
    52.710131782596));
#1087 = CARTESIAN_POINT('',(7.788155730339,-3.655987413919,
    52.535063068384));
#1088 = CARTESIAN_POINT('',(6.02735072648,-7.078117838611,
    52.446841218044));
#1089 = CARTESIAN_POINT('',(2.612554180034,-9.531572969472,
    52.358531825496));
#1090 = CARTESIAN_POINT('',(-1.818987664496,-10.11493870653,
    52.270740731773));
#1091 = CARTESIAN_POINT('',(-6.085578848765,-8.393547487249,
    52.184073059332));
#1092 = CARTESIAN_POINT('',(-8.775589903413,-4.943270862237,
    52.099126517011));
#1093 = CARTESIAN_POINT('',(-9.583157607734,-1.095441943717,
    52.016484754276));
#1094 = CARTESIAN_POINT('',(-8.851519180294,2.362540039591,
    51.93671090351));
#1095 = CARTESIAN_POINT('',(-7.120595032049,4.964306182671,
    51.860341444358));
#1096 = CARTESIAN_POINT('',(-4.911395255557,6.621887344011,
    51.787880512967));
#1097 = CARTESIAN_POINT('',(-0.306186304864,8.238776929848,
    51.651709010475));
#1098 = CARTESIAN_POINT('',(2.089606857063,8.198281077077,
    51.587998439366));
#1099 = CARTESIAN_POINT('',(4.193708122539,7.406294192278,
    51.529129700814));
#1100 = CARTESIAN_POINT('',(5.748153508909,6.154402915263,
    51.475531963326));
#1101 = CARTESIAN_POINT('',(6.737138095955,4.796082924101,
    51.427591771714));
#1102 = CARTESIAN_POINT('',(7.300914484161,3.548912810434,
    51.385648456468));
#1103 = CARTESIAN_POINT('',(7.592781191091,2.508550444013,
    51.349990201504));
#1104 = CARTESIAN_POINT('',(7.725422062584,1.718745599986,
    51.320850854098));
#1105 = CARTESIAN_POINT('',(7.788229020862,1.191635698503,
    51.298407548862));
#1106 = CARTESIAN_POINT('',(7.819295193115,0.935112695074,
    51.282779180809));
#1107 = CARTESIAN_POINT('',(7.817643041899,0.948726656869,
    51.274025745101));
#1108 = PCURVE('',#326,#1109);
#1109 = DEFINITIONAL_REPRESENTATION('',(#1110),#1114);
#1110 = LINE('',#1111,#1112);
#1111 = CARTESIAN_POINT('',(0.,1.));
#1112 = VECTOR('',#1113,1.);
#1113 = DIRECTION('',(1.,0.));
#1114 = ( GEOMETRIC_REPRESENTATION_CONTEXT(2) 
PARAMETRIC_REPRESENTATION_CONTEXT() REPRESENTATION_CONTEXT('2D SPACE',''
  ) );
#1115 = PCURVE('',#845,#1116);
#1116 = DEFINITIONAL_REPRESENTATION('',(#1117),#1125);
#1117 = ( BOUNDED_CURVE() B_SPLINE_CURVE(2,(#1118,#1119,#1120,#1121,
#1122,#1123,#1124),.UNSPECIFIED.,.T.,.F.) B_SPLINE_CURVE_WITH_KNOTS((1,2
    ,2,2,2,1),(-2.094395102393,0.,2.094395102393,4.188790204786,
6.28318530718,8.377580409573),.UNSPECIFIED.) CURVE() 
GEOMETRIC_REPRESENTATION_ITEM() RATIONAL_B_SPLINE_CURVE((1.,0.5,1.,0.5,
1.,0.5,1.)) REPRESENTATION_ITEM('') );
#1118 = CARTESIAN_POINT('',(12.44560404747,3.725974254899));
#1119 = CARTESIAN_POINT('',(12.403359357984,3.938319224725));
#1120 = CARTESIAN_POINT('',(3.180853592292,1.993185357463));
#1121 = CARTESIAN_POINT('',(-6.041652173401,4.805149020165E-02));
#1122 = CARTESIAN_POINT('',(3.223098281777,1.780840387638));
#1123 = CARTESIAN_POINT('',(12.487848736956,3.513629285073));
#1124 = CARTESIAN_POINT('',(12.44560404747,3.725974254899));
#1125 = ( GEOMETRIC_REPRESENTATION_CONTEXT(2) 
PARAMETRIC_REPRESENTATION_CONTEXT() REPRESENTATION_CONTEXT('2D SPACE',''
  ) );
#1126 = ORIENTED_EDGE('',*,*,#786,.F.);
#1127 = ORIENTED_EDGE('',*,*,#501,.F.);
#1128 = ORIENTED_EDGE('',*,*,#246,.F.);
#1129 = ADVANCED_FACE('',(#1130,#1133),#488,.T.);
#1130 = FACE_BOUND('',#1131,.T.);
#1131 = EDGE_LOOP('',(#1132));
#1132 = ORIENTED_EDGE('',*,*,#473,.T.);
#1133 = FACE_BOUND('',#1134,.T.);
#1134 = EDGE_LOOP('',(#1135));
#1135 = ORIENTED_EDGE('',*,*,#1136,.F.);
#1136 = EDGE_CURVE('',#1137,#1137,#1139,.T.);
#1137 = VERTEX_POINT('',#1138);
#1138 = CARTESIAN_POINT('',(6.9,-1.689956768275E-15,55.));
#1139 = SURFACE_CURVE('',#1140,(#1145,#1152),.PCURVE_S1.);
#1140 = CIRCLE('',#1141,6.9);
#1141 = AXIS2_PLACEMENT_3D('',#1142,#1143,#1144);
#1142 = CARTESIAN_POINT('',(0.,0.,55.));
#1143 = DIRECTION('',(0.,0.,1.));
#1144 = DIRECTION('',(1.,0.,-0.));
#1145 = PCURVE('',#488,#1146);
#1146 = DEFINITIONAL_REPRESENTATION('',(#1147),#1151);
#1147 = CIRCLE('',#1148,6.9);
#1148 = AXIS2_PLACEMENT_2D('',#1149,#1150);
#1149 = CARTESIAN_POINT('',(0.,0.));
#1150 = DIRECTION('',(1.,0.));
#1151 = ( GEOMETRIC_REPRESENTATION_CONTEXT(2) 
PARAMETRIC_REPRESENTATION_CONTEXT() REPRESENTATION_CONTEXT('2D SPACE',''
  ) );
#1152 = PCURVE('',#1153,#1158);
#1153 = CYLINDRICAL_SURFACE('',#1154,6.9);
#1154 = AXIS2_PLACEMENT_3D('',#1155,#1156,#1157);
#1155 = CARTESIAN_POINT('',(0.,0.,50.));
#1156 = DIRECTION('',(0.,0.,1.));
#1157 = DIRECTION('',(1.,0.,-0.));
#1158 = DEFINITIONAL_REPRESENTATION('',(#1159),#1163);
#1159 = LINE('',#1160,#1161);
#1160 = CARTESIAN_POINT('',(0.,5.));
#1161 = VECTOR('',#1162,1.);
#1162 = DIRECTION('',(1.,0.));
#1163 = ( GEOMETRIC_REPRESENTATION_CONTEXT(2) 
PARAMETRIC_REPRESENTATION_CONTEXT() REPRESENTATION_CONTEXT('2D SPACE',''
  ) );
#1164 = ADVANCED_FACE('',(#1165),#845,.T.);
#1165 = FACE_BOUND('',#1166,.T.);
#1166 = EDGE_LOOP('',(#1167,#1168));
#1167 = ORIENTED_EDGE('',*,*,#1063,.T.);
#1168 = ORIENTED_EDGE('',*,*,#808,.F.);
#1169 = ADVANCED_FACE('',(#1170),#900,.T.);
#1170 = FACE_BOUND('',#1171,.F.);
#1171 = EDGE_LOOP('',(#1172,#1199,#1200,#1222));
#1172 = ORIENTED_EDGE('',*,*,#1173,.F.);
#1173 = EDGE_CURVE('',#883,#1174,#1176,.T.);
#1174 = VERTEX_POINT('',#1175);
#1175 = CARTESIAN_POINT('',(-35.,5.865202811677,47.5));
#1176 = SURFACE_CURVE('',#1177,(#1182,#1188),.PCURVE_S1.);
#1177 = CIRCLE('',#1178,2.5);
#1178 = AXIS2_PLACEMENT_3D('',#1179,#1180,#1181);
#1179 = CARTESIAN_POINT('',(-32.5,5.865202811677,47.5));
#1180 = DIRECTION('',(-2.164934898019E-15,-1.,0.));
#1181 = DIRECTION('',(-1.,2.164934898019E-15,0.));
#1182 = PCURVE('',#900,#1183);
#1183 = DEFINITIONAL_REPRESENTATION('',(#1184),#1187);
#1184 = B_SPLINE_CURVE_WITH_KNOTS('',1,(#1185,#1186),.UNSPECIFIED.,.F.,
  .F.,(2,2),(4.712388980385,6.28318530718),.PIECEWISE_BEZIER_KNOTS.);
#1185 = CARTESIAN_POINT('',(-1.570796326795,1.634797188323));
#1186 = CARTESIAN_POINT('',(0.,1.634797188323));
#1187 = ( GEOMETRIC_REPRESENTATION_CONTEXT(2) 
PARAMETRIC_REPRESENTATION_CONTEXT() REPRESENTATION_CONTEXT('2D SPACE',''
  ) );
#1188 = PCURVE('',#1189,#1194);
#1189 = SPHERICAL_SURFACE('',#1190,2.5);
#1190 = AXIS2_PLACEMENT_3D('',#1191,#1192,#1193);
#1191 = CARTESIAN_POINT('',(-32.5,5.865202811677,47.5));
#1192 = DIRECTION('',(0.,0.,-1.));
#1193 = DIRECTION('',(-0.391959798995,0.919982345467,0.));
#1194 = DEFINITIONAL_REPRESENTATION('',(#1195),#1198);
#1195 = B_SPLINE_CURVE_WITH_KNOTS('',1,(#1196,#1197),.UNSPECIFIED.,.F.,
  .F.,(2,2),(4.712388980385,6.28318530718),.PIECEWISE_BEZIER_KNOTS.);
#1196 = CARTESIAN_POINT('',(-1.168035441141,-1.570796326795));
#1197 = CARTESIAN_POINT('',(-1.168035441141,0.));
#1198 = ( GEOMETRIC_REPRESENTATION_CONTEXT(2) 
PARAMETRIC_REPRESENTATION_CONTEXT() REPRESENTATION_CONTEXT('2D SPACE',''
  ) );
#1199 = ORIENTED_EDGE('',*,*,#882,.T.);
#1200 = ORIENTED_EDGE('',*,*,#1201,.F.);
#1201 = EDGE_CURVE('',#1202,#885,#1204,.T.);
#1202 = VERTEX_POINT('',#1203);
#1203 = CARTESIAN_POINT('',(-35.,0.,47.5));
#1204 = SURFACE_CURVE('',#1205,(#1210,#1216),.PCURVE_S1.);
#1205 = CIRCLE('',#1206,2.5);
#1206 = AXIS2_PLACEMENT_3D('',#1207,#1208,#1209);
#1207 = CARTESIAN_POINT('',(-32.5,0.,47.5));
#1208 = DIRECTION('',(0.,1.,0.));
#1209 = DIRECTION('',(-1.,0.,0.));
#1210 = PCURVE('',#900,#1211);
#1211 = DEFINITIONAL_REPRESENTATION('',(#1212),#1215);
#1212 = B_SPLINE_CURVE_WITH_KNOTS('',1,(#1213,#1214),.UNSPECIFIED.,.F.,
  .F.,(2,2),(0.,1.570796326795),.PIECEWISE_BEZIER_KNOTS.);
#1213 = CARTESIAN_POINT('',(0.,7.5));
#1214 = CARTESIAN_POINT('',(-1.570796326795,7.5));
#1215 = ( GEOMETRIC_REPRESENTATION_CONTEXT(2) 
PARAMETRIC_REPRESENTATION_CONTEXT() REPRESENTATION_CONTEXT('2D SPACE',''
  ) );
#1216 = PCURVE('',#928,#1217);
#1217 = DEFINITIONAL_REPRESENTATION('',(#1218),#1221);
#1218 = B_SPLINE_CURVE_WITH_KNOTS('',1,(#1219,#1220),.UNSPECIFIED.,.F.,
  .F.,(2,2),(0.,1.570796326795),.PIECEWISE_BEZIER_KNOTS.);
#1219 = CARTESIAN_POINT('',(0.,0.));
#1220 = CARTESIAN_POINT('',(-1.570796326795,0.));
#1221 = ( GEOMETRIC_REPRESENTATION_CONTEXT(2) 
PARAMETRIC_REPRESENTATION_CONTEXT() REPRESENTATION_CONTEXT('2D SPACE',''
  ) );
#1222 = ORIENTED_EDGE('',*,*,#1223,.F.);
#1223 = EDGE_CURVE('',#1174,#1202,#1224,.T.);
#1224 = SURFACE_CURVE('',#1225,(#1229,#1236),.PCURVE_S1.);
#1225 = LINE('',#1226,#1227);
#1226 = CARTESIAN_POINT('',(-35.,7.5,47.5));
#1227 = VECTOR('',#1228,1.);
#1228 = DIRECTION('',(0.,-1.,0.));
#1229 = PCURVE('',#900,#1230);
#1230 = DEFINITIONAL_REPRESENTATION('',(#1231),#1235);
#1231 = LINE('',#1232,#1233);
#1232 = CARTESIAN_POINT('',(-0.,0.));
#1233 = VECTOR('',#1234,1.);
#1234 = DIRECTION('',(-0.,1.));
#1235 = ( GEOMETRIC_REPRESENTATION_CONTEXT(2) 
PARAMETRIC_REPRESENTATION_CONTEXT() REPRESENTATION_CONTEXT('2D SPACE',''
  ) );
#1236 = PCURVE('',#1237,#1242);
#1237 = PLANE('',#1238);
#1238 = AXIS2_PLACEMENT_3D('',#1239,#1240,#1241);
#1239 = CARTESIAN_POINT('',(-35.,0.,0.));
#1240 = DIRECTION('',(-1.,0.,0.));
#1241 = DIRECTION('',(0.,1.,0.));
#1242 = DEFINITIONAL_REPRESENTATION('',(#1243),#1247);
#1243 = LINE('',#1244,#1245);
#1244 = CARTESIAN_POINT('',(7.5,-47.5));
#1245 = VECTOR('',#1246,1.);
#1246 = DIRECTION('',(-1.,0.));
#1247 = ( GEOMETRIC_REPRESENTATION_CONTEXT(2) 
PARAMETRIC_REPRESENTATION_CONTEXT() REPRESENTATION_CONTEXT('2D SPACE',''
  ) );
#1248 = ADVANCED_FACE('',(#1249),#1044,.T.);
#1249 = FACE_BOUND('',#1250,.F.);
#1250 = EDGE_LOOP('',(#1251,#1273,#1302,#1327));
#1251 = ORIENTED_EDGE('',*,*,#1252,.T.);
#1252 = EDGE_CURVE('',#883,#1253,#1255,.T.);
#1253 = VERTEX_POINT('',#1254);
#1254 = CARTESIAN_POINT('',(-33.47989949748,8.165158675346,47.5));
#1255 = SURFACE_CURVE('',#1256,(#1261,#1267),.PCURVE_S1.);
#1256 = CIRCLE('',#1257,2.5);
#1257 = AXIS2_PLACEMENT_3D('',#1258,#1259,#1260);
#1258 = CARTESIAN_POINT('',(-32.5,5.865202811677,47.5));
#1259 = DIRECTION('',(-0.919982345467,-0.391959798995,0.));
#1260 = DIRECTION('',(-0.391959798995,0.919982345467,0.));
#1261 = PCURVE('',#1044,#1262);
#1262 = DEFINITIONAL_REPRESENTATION('',(#1263),#1266);
#1263 = B_SPLINE_CURVE_WITH_KNOTS('',1,(#1264,#1265),.UNSPECIFIED.,.F.,
  .F.,(2,2),(4.712388980385,6.28318530718),.PIECEWISE_BEZIER_KNOTS.);
#1264 = CARTESIAN_POINT('',(-1.942578079171E-02,1.570796326795));
#1265 = CARTESIAN_POINT('',(-1.942578079171E-02,0.));
#1266 = ( GEOMETRIC_REPRESENTATION_CONTEXT(2) 
PARAMETRIC_REPRESENTATION_CONTEXT() REPRESENTATION_CONTEXT('2D SPACE',''
  ) );
#1267 = PCURVE('',#1189,#1268);
#1268 = DEFINITIONAL_REPRESENTATION('',(#1269),#1272);
#1269 = B_SPLINE_CURVE_WITH_KNOTS('',1,(#1270,#1271),.UNSPECIFIED.,.F.,
  .F.,(2,2),(4.712388980385,6.28318530718),.PIECEWISE_BEZIER_KNOTS.);
#1270 = CARTESIAN_POINT('',(0.,-1.570796326795));
#1271 = CARTESIAN_POINT('',(0.,0.));
#1272 = ( GEOMETRIC_REPRESENTATION_CONTEXT(2) 
PARAMETRIC_REPRESENTATION_CONTEXT() REPRESENTATION_CONTEXT('2D SPACE',''
  ) );
#1273 = ORIENTED_EDGE('',*,*,#1274,.T.);
#1274 = EDGE_CURVE('',#1253,#1275,#1277,.T.);
#1275 = VERTEX_POINT('',#1276);
#1276 = CARTESIAN_POINT('',(33.479899497487,8.165158675346,47.5));
#1277 = SURFACE_CURVE('',#1278,(#1283,#1290),.PCURVE_S1.);
#1278 = CIRCLE('',#1279,85.416666666667);
#1279 = AXIS2_PLACEMENT_3D('',#1280,#1281,#1282);
#1280 = CARTESIAN_POINT('',(0.,-70.41666666666,47.5));
#1281 = DIRECTION('',(0.,0.,-1.));
#1282 = DIRECTION('',(-0.409756097561,0.912195121951,0.));
#1283 = PCURVE('',#1044,#1284);
#1284 = DEFINITIONAL_REPRESENTATION('',(#1285),#1289);
#1285 = LINE('',#1286,#1287);
#1286 = CARTESIAN_POINT('',(-0.,0.));
#1287 = VECTOR('',#1288,1.);
#1288 = DIRECTION('',(-1.,0.));
#1289 = ( GEOMETRIC_REPRESENTATION_CONTEXT(2) 
PARAMETRIC_REPRESENTATION_CONTEXT() REPRESENTATION_CONTEXT('2D SPACE',''
  ) );
#1290 = PCURVE('',#1291,#1296);
#1291 = CYLINDRICAL_SURFACE('',#1292,85.416666666667);
#1292 = AXIS2_PLACEMENT_3D('',#1293,#1294,#1295);
#1293 = CARTESIAN_POINT('',(0.,-70.41666666666,0.));
#1294 = DIRECTION('',(0.,0.,-1.));
#1295 = DIRECTION('',(-0.409756097561,0.912195121951,0.));
#1296 = DEFINITIONAL_REPRESENTATION('',(#1297),#1301);
#1297 = LINE('',#1298,#1299);
#1298 = CARTESIAN_POINT('',(0.,-47.5));
#1299 = VECTOR('',#1300,1.);
#1300 = DIRECTION('',(1.,0.));
#1301 = ( GEOMETRIC_REPRESENTATION_CONTEXT(2) 
PARAMETRIC_REPRESENTATION_CONTEXT() REPRESENTATION_CONTEXT('2D SPACE',''
  ) );
#1302 = ORIENTED_EDGE('',*,*,#1303,.F.);
#1303 = EDGE_CURVE('',#998,#1275,#1304,.T.);
#1304 = SURFACE_CURVE('',#1305,(#1310,#1316),.PCURVE_S1.);
#1305 = CIRCLE('',#1306,2.5);
#1306 = AXIS2_PLACEMENT_3D('',#1307,#1308,#1309);
#1307 = CARTESIAN_POINT('',(32.5,5.865202811677,47.5));
#1308 = DIRECTION('',(-0.919982345467,0.391959798995,0.));
#1309 = DIRECTION('',(0.391959798995,0.919982345467,0.));
#1310 = PCURVE('',#1044,#1311);
#1311 = DEFINITIONAL_REPRESENTATION('',(#1312),#1315);
#1312 = B_SPLINE_CURVE_WITH_KNOTS('',1,(#1313,#1314),.UNSPECIFIED.,.F.,
  .F.,(2,2),(4.712388980385,6.28318530718),.PIECEWISE_BEZIER_KNOTS.);
#1313 = CARTESIAN_POINT('',(-0.824947552099,1.570796326795));
#1314 = CARTESIAN_POINT('',(-0.824947552099,0.));
#1315 = ( GEOMETRIC_REPRESENTATION_CONTEXT(2) 
PARAMETRIC_REPRESENTATION_CONTEXT() REPRESENTATION_CONTEXT('2D SPACE',''
  ) );
#1316 = PCURVE('',#1317,#1322);
#1317 = SPHERICAL_SURFACE('',#1318,2.5);
#1318 = AXIS2_PLACEMENT_3D('',#1319,#1320,#1321);
#1319 = CARTESIAN_POINT('',(32.5,5.865202811677,47.5));
#1320 = DIRECTION('',(0.,0.,-1.));
#1321 = DIRECTION('',(0.391959798995,0.919982345467,0.));
#1322 = DEFINITIONAL_REPRESENTATION('',(#1323),#1326);
#1323 = B_SPLINE_CURVE_WITH_KNOTS('',1,(#1324,#1325),.UNSPECIFIED.,.F.,
  .F.,(2,2),(4.712388980385,6.28318530718),.PIECEWISE_BEZIER_KNOTS.);
#1324 = CARTESIAN_POINT('',(0.,-1.570796326795));
#1325 = CARTESIAN_POINT('',(0.,0.));
#1326 = ( GEOMETRIC_REPRESENTATION_CONTEXT(2) 
PARAMETRIC_REPRESENTATION_CONTEXT() REPRESENTATION_CONTEXT('2D SPACE',''
  ) );
#1327 = ORIENTED_EDGE('',*,*,#1025,.F.);
#1328 = ADVANCED_FACE('',(#1329),#928,.T.);
#1329 = FACE_BOUND('',#1330,.F.);
#1330 = EDGE_LOOP('',(#1331,#1332,#1333,#1360));
#1331 = ORIENTED_EDGE('',*,*,#1201,.T.);
#1332 = ORIENTED_EDGE('',*,*,#912,.T.);
#1333 = ORIENTED_EDGE('',*,*,#1334,.T.);
#1334 = EDGE_CURVE('',#913,#1335,#1337,.T.);
#1335 = VERTEX_POINT('',#1336);
#1336 = CARTESIAN_POINT('',(-35.,-5.865202811677,47.5));
#1337 = SURFACE_CURVE('',#1338,(#1343,#1349),.PCURVE_S1.);
#1338 = CIRCLE('',#1339,2.5);
#1339 = AXIS2_PLACEMENT_3D('',#1340,#1341,#1342);
#1340 = CARTESIAN_POINT('',(-32.5,-5.865202811677,47.5));
#1341 = DIRECTION('',(0.,-1.,0.));
#1342 = DIRECTION('',(-1.,0.,0.));
#1343 = PCURVE('',#928,#1344);
#1344 = DEFINITIONAL_REPRESENTATION('',(#1345),#1348);
#1345 = B_SPLINE_CURVE_WITH_KNOTS('',1,(#1346,#1347),.UNSPECIFIED.,.F.,
  .F.,(2,2),(4.712388980385,6.28318530718),.PIECEWISE_BEZIER_KNOTS.);
#1346 = CARTESIAN_POINT('',(-1.570796326795,5.865202811677));
#1347 = CARTESIAN_POINT('',(0.,5.865202811677));
#1348 = ( GEOMETRIC_REPRESENTATION_CONTEXT(2) 
PARAMETRIC_REPRESENTATION_CONTEXT() REPRESENTATION_CONTEXT('2D SPACE',''
  ) );
#1349 = PCURVE('',#1350,#1355);
#1350 = SPHERICAL_SURFACE('',#1351,2.5);
#1351 = AXIS2_PLACEMENT_3D('',#1352,#1353,#1354);
#1352 = CARTESIAN_POINT('',(-32.5,-5.865202811677,47.5));
#1353 = DIRECTION('',(0.,0.,-1.));
#1354 = DIRECTION('',(-1.,0.,0.));
#1355 = DEFINITIONAL_REPRESENTATION('',(#1356),#1359);
#1356 = B_SPLINE_CURVE_WITH_KNOTS('',1,(#1357,#1358),.UNSPECIFIED.,.F.,
  .F.,(2,2),(4.712388980385,6.28318530718),.PIECEWISE_BEZIER_KNOTS.);
#1357 = CARTESIAN_POINT('',(0.,-1.570796326795));
#1358 = CARTESIAN_POINT('',(0.,0.));
#1359 = ( GEOMETRIC_REPRESENTATION_CONTEXT(2) 
PARAMETRIC_REPRESENTATION_CONTEXT() REPRESENTATION_CONTEXT('2D SPACE',''
  ) );
#1360 = ORIENTED_EDGE('',*,*,#1361,.F.);
#1361 = EDGE_CURVE('',#1202,#1335,#1362,.T.);
#1362 = SURFACE_CURVE('',#1363,(#1367,#1374),.PCURVE_S1.);
#1363 = LINE('',#1364,#1365);
#1364 = CARTESIAN_POINT('',(-35.,0.,47.5));
#1365 = VECTOR('',#1366,1.);
#1366 = DIRECTION('',(0.,-1.,0.));
#1367 = PCURVE('',#928,#1368);
#1368 = DEFINITIONAL_REPRESENTATION('',(#1369),#1373);
#1369 = LINE('',#1370,#1371);
#1370 = CARTESIAN_POINT('',(-0.,0.));
#1371 = VECTOR('',#1372,1.);
#1372 = DIRECTION('',(-0.,1.));
#1373 = ( GEOMETRIC_REPRESENTATION_CONTEXT(2) 
PARAMETRIC_REPRESENTATION_CONTEXT() REPRESENTATION_CONTEXT('2D SPACE',''
  ) );
#1374 = PCURVE('',#1375,#1380);
#1375 = PLANE('',#1376);
#1376 = AXIS2_PLACEMENT_3D('',#1377,#1378,#1379);
#1377 = CARTESIAN_POINT('',(-35.,0.,0.));
#1378 = DIRECTION('',(1.,0.,0.));
#1379 = DIRECTION('',(0.,-1.,0.));
#1380 = DEFINITIONAL_REPRESENTATION('',(#1381),#1385);
#1381 = LINE('',#1382,#1383);
#1382 = CARTESIAN_POINT('',(0.,-47.5));
#1383 = VECTOR('',#1384,1.);
#1384 = DIRECTION('',(1.,0.));
#1385 = ( GEOMETRIC_REPRESENTATION_CONTEXT(2) 
PARAMETRIC_REPRESENTATION_CONTEXT() REPRESENTATION_CONTEXT('2D SPACE',''
  ) );
#1386 = ADVANCED_FACE('',(#1387),#1013,.T.);
#1387 = FACE_BOUND('',#1388,.F.);
#1388 = EDGE_LOOP('',(#1389,#1411,#1412,#1434));
#1389 = ORIENTED_EDGE('',*,*,#1390,.T.);
#1390 = EDGE_CURVE('',#1391,#970,#1393,.T.);
#1391 = VERTEX_POINT('',#1392);
#1392 = CARTESIAN_POINT('',(35.,0.,47.5));
#1393 = SURFACE_CURVE('',#1394,(#1399,#1405),.PCURVE_S1.);
#1394 = CIRCLE('',#1395,2.5);
#1395 = AXIS2_PLACEMENT_3D('',#1396,#1397,#1398);
#1396 = CARTESIAN_POINT('',(32.5,0.,47.5));
#1397 = DIRECTION('',(0.,-1.,0.));
#1398 = DIRECTION('',(1.,0.,0.));
#1399 = PCURVE('',#1013,#1400);
#1400 = DEFINITIONAL_REPRESENTATION('',(#1401),#1404);
#1401 = B_SPLINE_CURVE_WITH_KNOTS('',1,(#1402,#1403),.UNSPECIFIED.,.F.,
  .F.,(2,2),(0.,1.570796326795),.PIECEWISE_BEZIER_KNOTS.);
#1402 = CARTESIAN_POINT('',(0.,0.));
#1403 = CARTESIAN_POINT('',(-1.570796326795,0.));
#1404 = ( GEOMETRIC_REPRESENTATION_CONTEXT(2) 
PARAMETRIC_REPRESENTATION_CONTEXT() REPRESENTATION_CONTEXT('2D SPACE',''
  ) );
#1405 = PCURVE('',#985,#1406);
#1406 = DEFINITIONAL_REPRESENTATION('',(#1407),#1410);
#1407 = B_SPLINE_CURVE_WITH_KNOTS('',1,(#1408,#1409),.UNSPECIFIED.,.F.,
  .F.,(2,2),(0.,1.570796326795),.PIECEWISE_BEZIER_KNOTS.);
#1408 = CARTESIAN_POINT('',(0.,7.5));
#1409 = CARTESIAN_POINT('',(-1.570796326795,7.5));
#1410 = ( GEOMETRIC_REPRESENTATION_CONTEXT(2) 
PARAMETRIC_REPRESENTATION_CONTEXT() REPRESENTATION_CONTEXT('2D SPACE',''
  ) );
#1411 = ORIENTED_EDGE('',*,*,#997,.T.);
#1412 = ORIENTED_EDGE('',*,*,#1413,.T.);
#1413 = EDGE_CURVE('',#998,#1414,#1416,.T.);
#1414 = VERTEX_POINT('',#1415);
#1415 = CARTESIAN_POINT('',(35.,5.865202811677,47.5));
#1416 = SURFACE_CURVE('',#1417,(#1422,#1428),.PCURVE_S1.);
#1417 = CIRCLE('',#1418,2.5);
#1418 = AXIS2_PLACEMENT_3D('',#1419,#1420,#1421);
#1419 = CARTESIAN_POINT('',(32.5,5.865202811677,47.5));
#1420 = DIRECTION('',(-5.495603971895E-15,1.,0.));
#1421 = DIRECTION('',(1.,5.495603971895E-15,0.));
#1422 = PCURVE('',#1013,#1423);
#1423 = DEFINITIONAL_REPRESENTATION('',(#1424),#1427);
#1424 = B_SPLINE_CURVE_WITH_KNOTS('',1,(#1425,#1426),.UNSPECIFIED.,.F.,
  .F.,(2,2),(4.712388980385,6.28318530718),.PIECEWISE_BEZIER_KNOTS.);
#1425 = CARTESIAN_POINT('',(-1.570796326795,5.865202811677));
#1426 = CARTESIAN_POINT('',(0.,5.865202811677));
#1427 = ( GEOMETRIC_REPRESENTATION_CONTEXT(2) 
PARAMETRIC_REPRESENTATION_CONTEXT() REPRESENTATION_CONTEXT('2D SPACE',''
  ) );
#1428 = PCURVE('',#1317,#1429);
#1429 = DEFINITIONAL_REPRESENTATION('',(#1430),#1433);
#1430 = B_SPLINE_CURVE_WITH_KNOTS('',1,(#1431,#1432),.UNSPECIFIED.,.F.,
  .F.,(2,2),(4.712388980385,6.28318530718),.PIECEWISE_BEZIER_KNOTS.);
#1431 = CARTESIAN_POINT('',(1.168035441141,-1.570796326795));
#1432 = CARTESIAN_POINT('',(1.168035441141,0.));
#1433 = ( GEOMETRIC_REPRESENTATION_CONTEXT(2) 
PARAMETRIC_REPRESENTATION_CONTEXT() REPRESENTATION_CONTEXT('2D SPACE',''
  ) );
#1434 = ORIENTED_EDGE('',*,*,#1435,.F.);
#1435 = EDGE_CURVE('',#1391,#1414,#1436,.T.);
#1436 = SURFACE_CURVE('',#1437,(#1441,#1448),.PCURVE_S1.);
#1437 = LINE('',#1438,#1439);
#1438 = CARTESIAN_POINT('',(35.,0.,47.5));
#1439 = VECTOR('',#1440,1.);
#1440 = DIRECTION('',(0.,1.,0.));
#1441 = PCURVE('',#1013,#1442);
#1442 = DEFINITIONAL_REPRESENTATION('',(#1443),#1447);
#1443 = LINE('',#1444,#1445);
#1444 = CARTESIAN_POINT('',(-0.,0.));
#1445 = VECTOR('',#1446,1.);
#1446 = DIRECTION('',(-0.,1.));
#1447 = ( GEOMETRIC_REPRESENTATION_CONTEXT(2) 
PARAMETRIC_REPRESENTATION_CONTEXT() REPRESENTATION_CONTEXT('2D SPACE',''
  ) );
#1448 = PCURVE('',#1449,#1454);
#1449 = PLANE('',#1450);
#1450 = AXIS2_PLACEMENT_3D('',#1451,#1452,#1453);
#1451 = CARTESIAN_POINT('',(35.,7.5,0.));
#1452 = DIRECTION('',(1.,0.,0.));
#1453 = DIRECTION('',(0.,-1.,0.));
#1454 = DEFINITIONAL_REPRESENTATION('',(#1455),#1459);
#1455 = LINE('',#1456,#1457);
#1456 = CARTESIAN_POINT('',(7.5,-47.5));
#1457 = VECTOR('',#1458,1.);
#1458 = DIRECTION('',(-1.,0.));
#1459 = ( GEOMETRIC_REPRESENTATION_CONTEXT(2) 
PARAMETRIC_REPRESENTATION_CONTEXT() REPRESENTATION_CONTEXT('2D SPACE',''
  ) );
#1460 = ADVANCED_FACE('',(#1461),#957,.T.);
#1461 = FACE_BOUND('',#1462,.T.);
#1462 = EDGE_LOOP('',(#1463,#1485,#1514,#1539));
#1463 = ORIENTED_EDGE('',*,*,#1464,.T.);
#1464 = EDGE_CURVE('',#913,#1465,#1467,.T.);
#1465 = VERTEX_POINT('',#1466);
#1466 = CARTESIAN_POINT('',(-33.47989949748,-8.165158675346,47.5));
#1467 = SURFACE_CURVE('',#1468,(#1473,#1479),.PCURVE_S1.);
#1468 = CIRCLE('',#1469,2.5);
#1469 = AXIS2_PLACEMENT_3D('',#1470,#1471,#1472);
#1470 = CARTESIAN_POINT('',(-32.5,-5.865202811677,47.5));
#1471 = DIRECTION('',(0.919982345467,-0.391959798995,0.));
#1472 = DIRECTION('',(-0.391959798995,-0.919982345467,0.));
#1473 = PCURVE('',#957,#1474);
#1474 = DEFINITIONAL_REPRESENTATION('',(#1475),#1478);
#1475 = B_SPLINE_CURVE_WITH_KNOTS('',1,(#1476,#1477),.UNSPECIFIED.,.F.,
  .F.,(2,2),(4.712388980385,6.28318530718),.PIECEWISE_BEZIER_KNOTS.);
#1476 = CARTESIAN_POINT('',(1.942578079171E-02,1.570796326795));
#1477 = CARTESIAN_POINT('',(1.942578079171E-02,0.));
#1478 = ( GEOMETRIC_REPRESENTATION_CONTEXT(2) 
PARAMETRIC_REPRESENTATION_CONTEXT() REPRESENTATION_CONTEXT('2D SPACE',''
  ) );
#1479 = PCURVE('',#1350,#1480);
#1480 = DEFINITIONAL_REPRESENTATION('',(#1481),#1484);
#1481 = B_SPLINE_CURVE_WITH_KNOTS('',1,(#1482,#1483),.UNSPECIFIED.,.F.,
  .F.,(2,2),(4.712388980385,6.28318530718),.PIECEWISE_BEZIER_KNOTS.);
#1482 = CARTESIAN_POINT('',(-1.168035441141,-1.570796326795));
#1483 = CARTESIAN_POINT('',(-1.168035441141,0.));
#1484 = ( GEOMETRIC_REPRESENTATION_CONTEXT(2) 
PARAMETRIC_REPRESENTATION_CONTEXT() REPRESENTATION_CONTEXT('2D SPACE',''
  ) );
#1485 = ORIENTED_EDGE('',*,*,#1486,.T.);
#1486 = EDGE_CURVE('',#1465,#1487,#1489,.T.);
#1487 = VERTEX_POINT('',#1488);
#1488 = CARTESIAN_POINT('',(33.479899497487,-8.165158675346,47.5));
#1489 = SURFACE_CURVE('',#1490,(#1495,#1502),.PCURVE_S1.);
#1490 = CIRCLE('',#1491,85.416666666667);
#1491 = AXIS2_PLACEMENT_3D('',#1492,#1493,#1494);
#1492 = CARTESIAN_POINT('',(0.,70.416666666667,47.5));
#1493 = DIRECTION('',(0.,0.,1.));
#1494 = DIRECTION('',(-0.409756097561,-0.912195121951,0.));
#1495 = PCURVE('',#957,#1496);
#1496 = DEFINITIONAL_REPRESENTATION('',(#1497),#1501);
#1497 = LINE('',#1498,#1499);
#1498 = CARTESIAN_POINT('',(0.,0.));
#1499 = VECTOR('',#1500,1.);
#1500 = DIRECTION('',(1.,0.));
#1501 = ( GEOMETRIC_REPRESENTATION_CONTEXT(2) 
PARAMETRIC_REPRESENTATION_CONTEXT() REPRESENTATION_CONTEXT('2D SPACE',''
  ) );
#1502 = PCURVE('',#1503,#1508);
#1503 = CYLINDRICAL_SURFACE('',#1504,85.416666666667);
#1504 = AXIS2_PLACEMENT_3D('',#1505,#1506,#1507);
#1505 = CARTESIAN_POINT('',(0.,70.416666666667,0.));
#1506 = DIRECTION('',(0.,0.,-1.));
#1507 = DIRECTION('',(-0.409756097561,-0.912195121951,-0.));
#1508 = DEFINITIONAL_REPRESENTATION('',(#1509),#1513);
#1509 = LINE('',#1510,#1511);
#1510 = CARTESIAN_POINT('',(-0.,-47.5));
#1511 = VECTOR('',#1512,1.);
#1512 = DIRECTION('',(-1.,0.));
#1513 = ( GEOMETRIC_REPRESENTATION_CONTEXT(2) 
PARAMETRIC_REPRESENTATION_CONTEXT() REPRESENTATION_CONTEXT('2D SPACE',''
  ) );
#1514 = ORIENTED_EDGE('',*,*,#1515,.F.);
#1515 = EDGE_CURVE('',#941,#1487,#1516,.T.);
#1516 = SURFACE_CURVE('',#1517,(#1522,#1528),.PCURVE_S1.);
#1517 = CIRCLE('',#1518,2.5);
#1518 = AXIS2_PLACEMENT_3D('',#1519,#1520,#1521);
#1519 = CARTESIAN_POINT('',(32.5,-5.865202811677,47.5));
#1520 = DIRECTION('',(0.919982345467,0.391959798995,0.));
#1521 = DIRECTION('',(0.391959798995,-0.919982345467,0.));
#1522 = PCURVE('',#957,#1523);
#1523 = DEFINITIONAL_REPRESENTATION('',(#1524),#1527);
#1524 = B_SPLINE_CURVE_WITH_KNOTS('',1,(#1525,#1526),.UNSPECIFIED.,.F.,
  .F.,(2,2),(4.712388980385,6.28318530718),.PIECEWISE_BEZIER_KNOTS.);
#1525 = CARTESIAN_POINT('',(0.824947552099,1.570796326795));
#1526 = CARTESIAN_POINT('',(0.824947552099,0.));
#1527 = ( GEOMETRIC_REPRESENTATION_CONTEXT(2) 
PARAMETRIC_REPRESENTATION_CONTEXT() REPRESENTATION_CONTEXT('2D SPACE',''
  ) );
#1528 = PCURVE('',#1529,#1534);
#1529 = SPHERICAL_SURFACE('',#1530,2.5);
#1530 = AXIS2_PLACEMENT_3D('',#1531,#1532,#1533);
#1531 = CARTESIAN_POINT('',(32.5,-5.865202811677,47.5));
#1532 = DIRECTION('',(0.,0.,-1.));
#1533 = DIRECTION('',(0.391959798995,-0.919982345467,0.));
#1534 = DEFINITIONAL_REPRESENTATION('',(#1535),#1538);
#1535 = B_SPLINE_CURVE_WITH_KNOTS('',1,(#1536,#1537),.UNSPECIFIED.,.F.,
  .F.,(2,2),(4.712388980385,6.28318530718),.PIECEWISE_BEZIER_KNOTS.);
#1536 = CARTESIAN_POINT('',(0.,-1.570796326795));
#1537 = CARTESIAN_POINT('',(0.,0.));
#1538 = ( GEOMETRIC_REPRESENTATION_CONTEXT(2) 
PARAMETRIC_REPRESENTATION_CONTEXT() REPRESENTATION_CONTEXT('2D SPACE',''
  ) );
#1539 = ORIENTED_EDGE('',*,*,#940,.F.);
#1540 = ADVANCED_FACE('',(#1541),#985,.T.);
#1541 = FACE_BOUND('',#1542,.F.);
#1542 = EDGE_LOOP('',(#1543,#1565,#1566,#1567));
#1543 = ORIENTED_EDGE('',*,*,#1544,.F.);
#1544 = EDGE_CURVE('',#941,#1545,#1547,.T.);
#1545 = VERTEX_POINT('',#1546);
#1546 = CARTESIAN_POINT('',(35.,-5.865202811677,47.5));
#1547 = SURFACE_CURVE('',#1548,(#1553,#1559),.PCURVE_S1.);
#1548 = CIRCLE('',#1549,2.5);
#1549 = AXIS2_PLACEMENT_3D('',#1550,#1551,#1552);
#1550 = CARTESIAN_POINT('',(32.5,-5.865202811677,47.5));
#1551 = DIRECTION('',(-1.33226762955E-15,1.,0.));
#1552 = DIRECTION('',(1.,1.33226762955E-15,0.));
#1553 = PCURVE('',#985,#1554);
#1554 = DEFINITIONAL_REPRESENTATION('',(#1555),#1558);
#1555 = B_SPLINE_CURVE_WITH_KNOTS('',1,(#1556,#1557),.UNSPECIFIED.,.F.,
  .F.,(2,2),(4.712388980385,6.28318530718),.PIECEWISE_BEZIER_KNOTS.);
#1556 = CARTESIAN_POINT('',(-1.570796326795,1.634797188323));
#1557 = CARTESIAN_POINT('',(0.,1.634797188323));
#1558 = ( GEOMETRIC_REPRESENTATION_CONTEXT(2) 
PARAMETRIC_REPRESENTATION_CONTEXT() REPRESENTATION_CONTEXT('2D SPACE',''
  ) );
#1559 = PCURVE('',#1529,#1560);
#1560 = DEFINITIONAL_REPRESENTATION('',(#1561),#1564);
#1561 = B_SPLINE_CURVE_WITH_KNOTS('',1,(#1562,#1563),.UNSPECIFIED.,.F.,
  .F.,(2,2),(4.712388980385,6.28318530718),.PIECEWISE_BEZIER_KNOTS.);
#1562 = CARTESIAN_POINT('',(-1.168035441141,-1.570796326795));
#1563 = CARTESIAN_POINT('',(-1.168035441141,0.));
#1564 = ( GEOMETRIC_REPRESENTATION_CONTEXT(2) 
PARAMETRIC_REPRESENTATION_CONTEXT() REPRESENTATION_CONTEXT('2D SPACE',''
  ) );
#1565 = ORIENTED_EDGE('',*,*,#969,.T.);
#1566 = ORIENTED_EDGE('',*,*,#1390,.F.);
#1567 = ORIENTED_EDGE('',*,*,#1568,.F.);
#1568 = EDGE_CURVE('',#1545,#1391,#1569,.T.);
#1569 = SURFACE_CURVE('',#1570,(#1574,#1581),.PCURVE_S1.);
#1570 = LINE('',#1571,#1572);
#1571 = CARTESIAN_POINT('',(35.,-7.5,47.5));
#1572 = VECTOR('',#1573,1.);
#1573 = DIRECTION('',(0.,1.,0.));
#1574 = PCURVE('',#985,#1575);
#1575 = DEFINITIONAL_REPRESENTATION('',(#1576),#1580);
#1576 = LINE('',#1577,#1578);
#1577 = CARTESIAN_POINT('',(-0.,0.));
#1578 = VECTOR('',#1579,1.);
#1579 = DIRECTION('',(-0.,1.));
#1580 = ( GEOMETRIC_REPRESENTATION_CONTEXT(2) 
PARAMETRIC_REPRESENTATION_CONTEXT() REPRESENTATION_CONTEXT('2D SPACE',''
  ) );
#1581 = PCURVE('',#1582,#1587);
#1582 = PLANE('',#1583);
#1583 = AXIS2_PLACEMENT_3D('',#1584,#1585,#1586);
#1584 = CARTESIAN_POINT('',(35.,-7.5,0.));
#1585 = DIRECTION('',(-1.,0.,0.));
#1586 = DIRECTION('',(0.,1.,0.));
#1587 = DEFINITIONAL_REPRESENTATION('',(#1588),#1592);
#1588 = LINE('',#1589,#1590);
#1589 = CARTESIAN_POINT('',(0.,-47.5));
#1590 = VECTOR('',#1591,1.);
#1591 = DIRECTION('',(1.,0.));
#1592 = ( GEOMETRIC_REPRESENTATION_CONTEXT(2) 
PARAMETRIC_REPRESENTATION_CONTEXT() REPRESENTATION_CONTEXT('2D SPACE',''
  ) );
#1593 = ADVANCED_FACE('',(#1594),#1153,.F.);
#1594 = FACE_BOUND('',#1595,.F.);
#1595 = EDGE_LOOP('',(#1596,#1625,#1646,#1647));
#1596 = ORIENTED_EDGE('',*,*,#1597,.T.);
#1597 = EDGE_CURVE('',#1598,#1598,#1600,.T.);
#1598 = VERTEX_POINT('',#1599);
#1599 = CARTESIAN_POINT('',(6.9,-1.689956768275E-15,50.));
#1600 = SURFACE_CURVE('',#1601,(#1606,#1613),.PCURVE_S1.);
#1601 = CIRCLE('',#1602,6.9);
#1602 = AXIS2_PLACEMENT_3D('',#1603,#1604,#1605);
#1603 = CARTESIAN_POINT('',(0.,0.,50.));
#1604 = DIRECTION('',(0.,0.,1.));
#1605 = DIRECTION('',(1.,0.,-0.));
#1606 = PCURVE('',#1153,#1607);
#1607 = DEFINITIONAL_REPRESENTATION('',(#1608),#1612);
#1608 = LINE('',#1609,#1610);
#1609 = CARTESIAN_POINT('',(0.,0.));
#1610 = VECTOR('',#1611,1.);
#1611 = DIRECTION('',(1.,0.));
#1612 = ( GEOMETRIC_REPRESENTATION_CONTEXT(2) 
PARAMETRIC_REPRESENTATION_CONTEXT() REPRESENTATION_CONTEXT('2D SPACE',''
  ) );
#1613 = PCURVE('',#1614,#1619);
#1614 = TOROIDAL_SURFACE('',#1615,7.5,0.6);
#1615 = AXIS2_PLACEMENT_3D('',#1616,#1617,#1618);
#1616 = CARTESIAN_POINT('',(0.,0.,50.));
#1617 = DIRECTION('',(0.,0.,-1.));
#1618 = DIRECTION('',(1.,0.,0.));
#1619 = DEFINITIONAL_REPRESENTATION('',(#1620),#1624);
#1620 = LINE('',#1621,#1622);
#1621 = CARTESIAN_POINT('',(-0.,3.14159265359));
#1622 = VECTOR('',#1623,1.);
#1623 = DIRECTION('',(-1.,0.));
#1624 = ( GEOMETRIC_REPRESENTATION_CONTEXT(2) 
PARAMETRIC_REPRESENTATION_CONTEXT() REPRESENTATION_CONTEXT('2D SPACE',''
  ) );
#1625 = ORIENTED_EDGE('',*,*,#1626,.T.);
#1626 = EDGE_CURVE('',#1598,#1137,#1627,.T.);
#1627 = SEAM_CURVE('',#1628,(#1632,#1639),.PCURVE_S1.);
#1628 = LINE('',#1629,#1630);
#1629 = CARTESIAN_POINT('',(6.9,-1.689956768275E-15,50.));
#1630 = VECTOR('',#1631,1.);
#1631 = DIRECTION('',(0.,0.,1.));
#1632 = PCURVE('',#1153,#1633);
#1633 = DEFINITIONAL_REPRESENTATION('',(#1634),#1638);
#1634 = LINE('',#1635,#1636);
#1635 = CARTESIAN_POINT('',(6.28318530718,0.));
#1636 = VECTOR('',#1637,1.);
#1637 = DIRECTION('',(0.,1.));
#1638 = ( GEOMETRIC_REPRESENTATION_CONTEXT(2) 
PARAMETRIC_REPRESENTATION_CONTEXT() REPRESENTATION_CONTEXT('2D SPACE',''
  ) );
#1639 = PCURVE('',#1153,#1640);
#1640 = DEFINITIONAL_REPRESENTATION('',(#1641),#1645);
#1641 = LINE('',#1642,#1643);
#1642 = CARTESIAN_POINT('',(0.,0.));
#1643 = VECTOR('',#1644,1.);
#1644 = DIRECTION('',(0.,1.));
#1645 = ( GEOMETRIC_REPRESENTATION_CONTEXT(2) 
PARAMETRIC_REPRESENTATION_CONTEXT() REPRESENTATION_CONTEXT('2D SPACE',''
  ) );
#1646 = ORIENTED_EDGE('',*,*,#1136,.F.);
#1647 = ORIENTED_EDGE('',*,*,#1626,.F.);
#1648 = ADVANCED_FACE('',(#1649),#1189,.T.);
#1649 = FACE_BOUND('',#1650,.F.);
#1650 = EDGE_LOOP('',(#1651,#1652,#1653));
#1651 = ORIENTED_EDGE('',*,*,#1252,.F.);
#1652 = ORIENTED_EDGE('',*,*,#1173,.T.);
#1653 = ORIENTED_EDGE('',*,*,#1654,.F.);
#1654 = EDGE_CURVE('',#1253,#1174,#1655,.T.);
#1655 = SURFACE_CURVE('',#1656,(#1661,#1668),.PCURVE_S1.);
#1656 = CIRCLE('',#1657,2.5);
#1657 = AXIS2_PLACEMENT_3D('',#1658,#1659,#1660);
#1658 = CARTESIAN_POINT('',(-32.5,5.865202811677,47.5));
#1659 = DIRECTION('',(0.,0.,1.));
#1660 = DIRECTION('',(-0.391959798995,0.919982345467,0.));
#1661 = PCURVE('',#1189,#1662);
#1662 = DEFINITIONAL_REPRESENTATION('',(#1663),#1667);
#1663 = LINE('',#1664,#1665);
#1664 = CARTESIAN_POINT('',(-0.,0.));
#1665 = VECTOR('',#1666,1.);
#1666 = DIRECTION('',(-1.,0.));
#1667 = ( GEOMETRIC_REPRESENTATION_CONTEXT(2) 
PARAMETRIC_REPRESENTATION_CONTEXT() REPRESENTATION_CONTEXT('2D SPACE',''
  ) );
#1668 = PCURVE('',#1669,#1674);
#1669 = CYLINDRICAL_SURFACE('',#1670,2.5);
#1670 = AXIS2_PLACEMENT_3D('',#1671,#1672,#1673);
#1671 = CARTESIAN_POINT('',(-32.5,5.865202811677,0.));
#1672 = DIRECTION('',(0.,0.,1.));
#1673 = DIRECTION('',(-1.,0.,0.));
#1674 = DEFINITIONAL_REPRESENTATION('',(#1675),#1679);
#1675 = LINE('',#1676,#1677);
#1676 = CARTESIAN_POINT('',(-1.168035441141,47.5));
#1677 = VECTOR('',#1678,1.);
#1678 = DIRECTION('',(1.,-0.));
#1679 = ( GEOMETRIC_REPRESENTATION_CONTEXT(2) 
PARAMETRIC_REPRESENTATION_CONTEXT() REPRESENTATION_CONTEXT('2D SPACE',''
  ) );
#1680 = ADVANCED_FACE('',(#1681),#1237,.T.);
#1681 = FACE_BOUND('',#1682,.T.);
#1682 = EDGE_LOOP('',(#1683,#1706,#1707,#1730));
#1683 = ORIENTED_EDGE('',*,*,#1684,.T.);
#1684 = EDGE_CURVE('',#1685,#1202,#1687,.T.);
#1685 = VERTEX_POINT('',#1686);
#1686 = CARTESIAN_POINT('',(-35.,0.,2.5));
#1687 = SURFACE_CURVE('',#1688,(#1692,#1699),.PCURVE_S1.);
#1688 = LINE('',#1689,#1690);
#1689 = CARTESIAN_POINT('',(-35.,0.,0.));
#1690 = VECTOR('',#1691,1.);
#1691 = DIRECTION('',(0.,0.,1.));
#1692 = PCURVE('',#1237,#1693);
#1693 = DEFINITIONAL_REPRESENTATION('',(#1694),#1698);
#1694 = LINE('',#1695,#1696);
#1695 = CARTESIAN_POINT('',(0.,0.));
#1696 = VECTOR('',#1697,1.);
#1697 = DIRECTION('',(0.,-1.));
#1698 = ( GEOMETRIC_REPRESENTATION_CONTEXT(2) 
PARAMETRIC_REPRESENTATION_CONTEXT() REPRESENTATION_CONTEXT('2D SPACE',''
  ) );
#1699 = PCURVE('',#1375,#1700);
#1700 = DEFINITIONAL_REPRESENTATION('',(#1701),#1705);
#1701 = LINE('',#1702,#1703);
#1702 = CARTESIAN_POINT('',(0.,0.));
#1703 = VECTOR('',#1704,1.);
#1704 = DIRECTION('',(0.,-1.));
#1705 = ( GEOMETRIC_REPRESENTATION_CONTEXT(2) 
PARAMETRIC_REPRESENTATION_CONTEXT() REPRESENTATION_CONTEXT('2D SPACE',''
  ) );
#1706 = ORIENTED_EDGE('',*,*,#1223,.F.);
#1707 = ORIENTED_EDGE('',*,*,#1708,.F.);
#1708 = EDGE_CURVE('',#1709,#1174,#1711,.T.);
#1709 = VERTEX_POINT('',#1710);
#1710 = CARTESIAN_POINT('',(-35.,5.865202811677,2.5));
#1711 = SURFACE_CURVE('',#1712,(#1716,#1723),.PCURVE_S1.);
#1712 = LINE('',#1713,#1714);
#1713 = CARTESIAN_POINT('',(-35.,5.865202811677,0.));
#1714 = VECTOR('',#1715,1.);
#1715 = DIRECTION('',(0.,0.,1.));
#1716 = PCURVE('',#1237,#1717);
#1717 = DEFINITIONAL_REPRESENTATION('',(#1718),#1722);
#1718 = LINE('',#1719,#1720);
#1719 = CARTESIAN_POINT('',(5.865202811677,0.));
#1720 = VECTOR('',#1721,1.);
#1721 = DIRECTION('',(0.,-1.));
#1722 = ( GEOMETRIC_REPRESENTATION_CONTEXT(2) 
PARAMETRIC_REPRESENTATION_CONTEXT() REPRESENTATION_CONTEXT('2D SPACE',''
  ) );
#1723 = PCURVE('',#1669,#1724);
#1724 = DEFINITIONAL_REPRESENTATION('',(#1725),#1729);
#1725 = LINE('',#1726,#1727);
#1726 = CARTESIAN_POINT('',(-0.,0.));
#1727 = VECTOR('',#1728,1.);
#1728 = DIRECTION('',(-0.,1.));
#1729 = ( GEOMETRIC_REPRESENTATION_CONTEXT(2) 
PARAMETRIC_REPRESENTATION_CONTEXT() REPRESENTATION_CONTEXT('2D SPACE',''
  ) );
#1730 = ORIENTED_EDGE('',*,*,#1731,.T.);
#1731 = EDGE_CURVE('',#1709,#1685,#1732,.T.);
#1732 = SURFACE_CURVE('',#1733,(#1737,#1744),.PCURVE_S1.);
#1733 = LINE('',#1734,#1735);
#1734 = CARTESIAN_POINT('',(-35.,7.5,2.5));
#1735 = VECTOR('',#1736,1.);
#1736 = DIRECTION('',(0.,-1.,0.));
#1737 = PCURVE('',#1237,#1738);
#1738 = DEFINITIONAL_REPRESENTATION('',(#1739),#1743);
#1739 = LINE('',#1740,#1741);
#1740 = CARTESIAN_POINT('',(7.5,-2.5));
#1741 = VECTOR('',#1742,1.);
#1742 = DIRECTION('',(-1.,0.));
#1743 = ( GEOMETRIC_REPRESENTATION_CONTEXT(2) 
PARAMETRIC_REPRESENTATION_CONTEXT() REPRESENTATION_CONTEXT('2D SPACE',''
  ) );
#1744 = PCURVE('',#1745,#1750);
#1745 = CYLINDRICAL_SURFACE('',#1746,2.5);
#1746 = AXIS2_PLACEMENT_3D('',#1747,#1748,#1749);
#1747 = CARTESIAN_POINT('',(-32.5,7.5,2.5));
#1748 = DIRECTION('',(0.,-1.,0.));
#1749 = DIRECTION('',(-1.,0.,0.));
#1750 = DEFINITIONAL_REPRESENTATION('',(#1751),#1755);
#1751 = LINE('',#1752,#1753);
#1752 = CARTESIAN_POINT('',(0.,0.));
#1753 = VECTOR('',#1754,1.);
#1754 = DIRECTION('',(0.,1.));
#1755 = ( GEOMETRIC_REPRESENTATION_CONTEXT(2) 
PARAMETRIC_REPRESENTATION_CONTEXT() REPRESENTATION_CONTEXT('2D SPACE',''
  ) );
#1756 = ADVANCED_FACE('',(#1757),#1291,.T.);
#1757 = FACE_BOUND('',#1758,.T.);
#1758 = EDGE_LOOP('',(#1759,#1782,#1783,#1811));
#1759 = ORIENTED_EDGE('',*,*,#1760,.T.);
#1760 = EDGE_CURVE('',#1761,#1253,#1763,.T.);
#1761 = VERTEX_POINT('',#1762);
#1762 = CARTESIAN_POINT('',(-33.47989949748,8.165158675346,2.5));
#1763 = SURFACE_CURVE('',#1764,(#1768,#1775),.PCURVE_S1.);
#1764 = LINE('',#1765,#1766);
#1765 = CARTESIAN_POINT('',(-33.47989949748,8.165158675346,0.));
#1766 = VECTOR('',#1767,1.);
#1767 = DIRECTION('',(0.,0.,1.));
#1768 = PCURVE('',#1291,#1769);
#1769 = DEFINITIONAL_REPRESENTATION('',(#1770),#1774);
#1770 = LINE('',#1771,#1772);
#1771 = CARTESIAN_POINT('',(1.942578079171E-02,0.));
#1772 = VECTOR('',#1773,1.);
#1773 = DIRECTION('',(0.,-1.));
#1774 = ( GEOMETRIC_REPRESENTATION_CONTEXT(2) 
PARAMETRIC_REPRESENTATION_CONTEXT() REPRESENTATION_CONTEXT('2D SPACE',''
  ) );
#1775 = PCURVE('',#1669,#1776);
#1776 = DEFINITIONAL_REPRESENTATION('',(#1777),#1781);
#1777 = LINE('',#1778,#1779);
#1778 = CARTESIAN_POINT('',(-1.168035441141,0.));
#1779 = VECTOR('',#1780,1.);
#1780 = DIRECTION('',(-0.,1.));
#1781 = ( GEOMETRIC_REPRESENTATION_CONTEXT(2) 
PARAMETRIC_REPRESENTATION_CONTEXT() REPRESENTATION_CONTEXT('2D SPACE',''
  ) );
#1782 = ORIENTED_EDGE('',*,*,#1274,.T.);
#1783 = ORIENTED_EDGE('',*,*,#1784,.F.);
#1784 = EDGE_CURVE('',#1785,#1275,#1787,.T.);
#1785 = VERTEX_POINT('',#1786);
#1786 = CARTESIAN_POINT('',(33.479899497487,8.165158675346,2.5));
#1787 = SURFACE_CURVE('',#1788,(#1792,#1799),.PCURVE_S1.);
#1788 = LINE('',#1789,#1790);
#1789 = CARTESIAN_POINT('',(33.479899497487,8.165158675346,0.));
#1790 = VECTOR('',#1791,1.);
#1791 = DIRECTION('',(0.,0.,1.));
#1792 = PCURVE('',#1291,#1793);
#1793 = DEFINITIONAL_REPRESENTATION('',(#1794),#1798);
#1794 = LINE('',#1795,#1796);
#1795 = CARTESIAN_POINT('',(0.824947552099,0.));
#1796 = VECTOR('',#1797,1.);
#1797 = DIRECTION('',(0.,-1.));
#1798 = ( GEOMETRIC_REPRESENTATION_CONTEXT(2) 
PARAMETRIC_REPRESENTATION_CONTEXT() REPRESENTATION_CONTEXT('2D SPACE',''
  ) );
#1799 = PCURVE('',#1800,#1805);
#1800 = CYLINDRICAL_SURFACE('',#1801,2.5);
#1801 = AXIS2_PLACEMENT_3D('',#1802,#1803,#1804);
#1802 = CARTESIAN_POINT('',(32.5,5.865202811677,0.));
#1803 = DIRECTION('',(0.,0.,1.));
#1804 = DIRECTION('',(0.391959798995,0.919982345467,-0.));
#1805 = DEFINITIONAL_REPRESENTATION('',(#1806),#1810);
#1806 = LINE('',#1807,#1808);
#1807 = CARTESIAN_POINT('',(-0.,0.));
#1808 = VECTOR('',#1809,1.);
#1809 = DIRECTION('',(-0.,1.));
#1810 = ( GEOMETRIC_REPRESENTATION_CONTEXT(2) 
PARAMETRIC_REPRESENTATION_CONTEXT() REPRESENTATION_CONTEXT('2D SPACE',''
  ) );
#1811 = ORIENTED_EDGE('',*,*,#1812,.F.);
#1812 = EDGE_CURVE('',#1761,#1785,#1813,.T.);
#1813 = SURFACE_CURVE('',#1814,(#1819,#1826),.PCURVE_S1.);
#1814 = CIRCLE('',#1815,85.416666666667);
#1815 = AXIS2_PLACEMENT_3D('',#1816,#1817,#1818);
#1816 = CARTESIAN_POINT('',(0.,-70.41666666666,2.5));
#1817 = DIRECTION('',(0.,0.,-1.));
#1818 = DIRECTION('',(-0.409756097561,0.912195121951,0.));
#1819 = PCURVE('',#1291,#1820);
#1820 = DEFINITIONAL_REPRESENTATION('',(#1821),#1825);
#1821 = LINE('',#1822,#1823);
#1822 = CARTESIAN_POINT('',(0.,-2.5));
#1823 = VECTOR('',#1824,1.);
#1824 = DIRECTION('',(1.,0.));
#1825 = ( GEOMETRIC_REPRESENTATION_CONTEXT(2) 
PARAMETRIC_REPRESENTATION_CONTEXT() REPRESENTATION_CONTEXT('2D SPACE',''
  ) );
#1826 = PCURVE('',#1827,#1832);
#1827 = TOROIDAL_SURFACE('',#1828,82.916666666667,2.5);
#1828 = AXIS2_PLACEMENT_3D('',#1829,#1830,#1831);
#1829 = CARTESIAN_POINT('',(0.,-70.41666666666,2.5));
#1830 = DIRECTION('',(0.,0.,-1.));
#1831 = DIRECTION('',(-0.409756097561,0.912195121951,0.));
#1832 = DEFINITIONAL_REPRESENTATION('',(#1833),#1837);
#1833 = LINE('',#1834,#1835);
#1834 = CARTESIAN_POINT('',(0.,0.));
#1835 = VECTOR('',#1836,1.);
#1836 = DIRECTION('',(1.,0.));
#1837 = ( GEOMETRIC_REPRESENTATION_CONTEXT(2) 
PARAMETRIC_REPRESENTATION_CONTEXT() REPRESENTATION_CONTEXT('2D SPACE',''
  ) );
#1838 = ADVANCED_FACE('',(#1839),#1317,.T.);
#1839 = FACE_BOUND('',#1840,.T.);
#1840 = EDGE_LOOP('',(#1841,#1842,#1843));
#1841 = ORIENTED_EDGE('',*,*,#1303,.F.);
#1842 = ORIENTED_EDGE('',*,*,#1413,.T.);
#1843 = ORIENTED_EDGE('',*,*,#1844,.F.);
#1844 = EDGE_CURVE('',#1275,#1414,#1845,.T.);
#1845 = SURFACE_CURVE('',#1846,(#1851,#1858),.PCURVE_S1.);
#1846 = CIRCLE('',#1847,2.5);
#1847 = AXIS2_PLACEMENT_3D('',#1848,#1849,#1850);
#1848 = CARTESIAN_POINT('',(32.5,5.865202811677,47.5));
#1849 = DIRECTION('',(0.,0.,-1.));
#1850 = DIRECTION('',(0.391959798995,0.919982345467,0.));
#1851 = PCURVE('',#1317,#1852);
#1852 = DEFINITIONAL_REPRESENTATION('',(#1853),#1857);
#1853 = LINE('',#1854,#1855);
#1854 = CARTESIAN_POINT('',(0.,0.));
#1855 = VECTOR('',#1856,1.);
#1856 = DIRECTION('',(1.,0.));
#1857 = ( GEOMETRIC_REPRESENTATION_CONTEXT(2) 
PARAMETRIC_REPRESENTATION_CONTEXT() REPRESENTATION_CONTEXT('2D SPACE',''
  ) );
#1858 = PCURVE('',#1800,#1859);
#1859 = DEFINITIONAL_REPRESENTATION('',(#1860),#1864);
#1860 = LINE('',#1861,#1862);
#1861 = CARTESIAN_POINT('',(-0.,47.5));
#1862 = VECTOR('',#1863,1.);
#1863 = DIRECTION('',(-1.,0.));
#1864 = ( GEOMETRIC_REPRESENTATION_CONTEXT(2) 
PARAMETRIC_REPRESENTATION_CONTEXT() REPRESENTATION_CONTEXT('2D SPACE',''
  ) );
#1865 = ADVANCED_FACE('',(#1866),#1375,.F.);
#1866 = FACE_BOUND('',#1867,.F.);
#1867 = EDGE_LOOP('',(#1868,#1869,#1870,#1898));
#1868 = ORIENTED_EDGE('',*,*,#1684,.T.);
#1869 = ORIENTED_EDGE('',*,*,#1361,.T.);
#1870 = ORIENTED_EDGE('',*,*,#1871,.F.);
#1871 = EDGE_CURVE('',#1872,#1335,#1874,.T.);
#1872 = VERTEX_POINT('',#1873);
#1873 = CARTESIAN_POINT('',(-35.,-5.865202811677,2.5));
#1874 = SURFACE_CURVE('',#1875,(#1879,#1886),.PCURVE_S1.);
#1875 = LINE('',#1876,#1877);
#1876 = CARTESIAN_POINT('',(-35.,-5.865202811677,0.));
#1877 = VECTOR('',#1878,1.);
#1878 = DIRECTION('',(0.,0.,1.));
#1879 = PCURVE('',#1375,#1880);
#1880 = DEFINITIONAL_REPRESENTATION('',(#1881),#1885);
#1881 = LINE('',#1882,#1883);
#1882 = CARTESIAN_POINT('',(5.865202811677,0.));
#1883 = VECTOR('',#1884,1.);
#1884 = DIRECTION('',(0.,-1.));
#1885 = ( GEOMETRIC_REPRESENTATION_CONTEXT(2) 
PARAMETRIC_REPRESENTATION_CONTEXT() REPRESENTATION_CONTEXT('2D SPACE',''
  ) );
#1886 = PCURVE('',#1887,#1892);
#1887 = CYLINDRICAL_SURFACE('',#1888,2.5);
#1888 = AXIS2_PLACEMENT_3D('',#1889,#1890,#1891);
#1889 = CARTESIAN_POINT('',(-32.5,-5.865202811677,0.));
#1890 = DIRECTION('',(0.,0.,1.));
#1891 = DIRECTION('',(-1.,0.,0.));
#1892 = DEFINITIONAL_REPRESENTATION('',(#1893),#1897);
#1893 = LINE('',#1894,#1895);
#1894 = CARTESIAN_POINT('',(0.,0.));
#1895 = VECTOR('',#1896,1.);
#1896 = DIRECTION('',(0.,1.));
#1897 = ( GEOMETRIC_REPRESENTATION_CONTEXT(2) 
PARAMETRIC_REPRESENTATION_CONTEXT() REPRESENTATION_CONTEXT('2D SPACE',''
  ) );
#1898 = ORIENTED_EDGE('',*,*,#1899,.F.);
#1899 = EDGE_CURVE('',#1685,#1872,#1900,.T.);
#1900 = SURFACE_CURVE('',#1901,(#1905,#1912),.PCURVE_S1.);
#1901 = LINE('',#1902,#1903);
#1902 = CARTESIAN_POINT('',(-35.,0.,2.5));
#1903 = VECTOR('',#1904,1.);
#1904 = DIRECTION('',(0.,-1.,0.));
#1905 = PCURVE('',#1375,#1906);
#1906 = DEFINITIONAL_REPRESENTATION('',(#1907),#1911);
#1907 = LINE('',#1908,#1909);
#1908 = CARTESIAN_POINT('',(0.,-2.5));
#1909 = VECTOR('',#1910,1.);
#1910 = DIRECTION('',(1.,0.));
#1911 = ( GEOMETRIC_REPRESENTATION_CONTEXT(2) 
PARAMETRIC_REPRESENTATION_CONTEXT() REPRESENTATION_CONTEXT('2D SPACE',''
  ) );
#1912 = PCURVE('',#1913,#1918);
#1913 = CYLINDRICAL_SURFACE('',#1914,2.5);
#1914 = AXIS2_PLACEMENT_3D('',#1915,#1916,#1917);
#1915 = CARTESIAN_POINT('',(-32.5,0.,2.5));
#1916 = DIRECTION('',(0.,-1.,0.));
#1917 = DIRECTION('',(-1.,0.,0.));
#1918 = DEFINITIONAL_REPRESENTATION('',(#1919),#1923);
#1919 = LINE('',#1920,#1921);
#1920 = CARTESIAN_POINT('',(0.,0.));
#1921 = VECTOR('',#1922,1.);
#1922 = DIRECTION('',(0.,1.));
#1923 = ( GEOMETRIC_REPRESENTATION_CONTEXT(2) 
PARAMETRIC_REPRESENTATION_CONTEXT() REPRESENTATION_CONTEXT('2D SPACE',''
  ) );
#1924 = ADVANCED_FACE('',(#1925),#1350,.T.);
#1925 = FACE_BOUND('',#1926,.F.);
#1926 = EDGE_LOOP('',(#1927,#1928,#1929));
#1927 = ORIENTED_EDGE('',*,*,#1334,.F.);
#1928 = ORIENTED_EDGE('',*,*,#1464,.T.);
#1929 = ORIENTED_EDGE('',*,*,#1930,.F.);
#1930 = EDGE_CURVE('',#1335,#1465,#1931,.T.);
#1931 = SURFACE_CURVE('',#1932,(#1937,#1944),.PCURVE_S1.);
#1932 = CIRCLE('',#1933,2.5);
#1933 = AXIS2_PLACEMENT_3D('',#1934,#1935,#1936);
#1934 = CARTESIAN_POINT('',(-32.5,-5.865202811677,47.5));
#1935 = DIRECTION('',(0.,0.,1.));
#1936 = DIRECTION('',(-1.,0.,0.));
#1937 = PCURVE('',#1350,#1938);
#1938 = DEFINITIONAL_REPRESENTATION('',(#1939),#1943);
#1939 = LINE('',#1940,#1941);
#1940 = CARTESIAN_POINT('',(-0.,0.));
#1941 = VECTOR('',#1942,1.);
#1942 = DIRECTION('',(-1.,0.));
#1943 = ( GEOMETRIC_REPRESENTATION_CONTEXT(2) 
PARAMETRIC_REPRESENTATION_CONTEXT() REPRESENTATION_CONTEXT('2D SPACE',''
  ) );
#1944 = PCURVE('',#1887,#1945);
#1945 = DEFINITIONAL_REPRESENTATION('',(#1946),#1950);
#1946 = LINE('',#1947,#1948);
#1947 = CARTESIAN_POINT('',(0.,47.5));
#1948 = VECTOR('',#1949,1.);
#1949 = DIRECTION('',(1.,0.));
#1950 = ( GEOMETRIC_REPRESENTATION_CONTEXT(2) 
PARAMETRIC_REPRESENTATION_CONTEXT() REPRESENTATION_CONTEXT('2D SPACE',''
  ) );
#1951 = ADVANCED_FACE('',(#1952),#1449,.T.);
#1952 = FACE_BOUND('',#1953,.T.);
#1953 = EDGE_LOOP('',(#1954,#1977,#2005,#2026));
#1954 = ORIENTED_EDGE('',*,*,#1955,.F.);
#1955 = EDGE_CURVE('',#1956,#1391,#1958,.T.);
#1956 = VERTEX_POINT('',#1957);
#1957 = CARTESIAN_POINT('',(35.,0.,2.5));
#1958 = SURFACE_CURVE('',#1959,(#1963,#1970),.PCURVE_S1.);
#1959 = LINE('',#1960,#1961);
#1960 = CARTESIAN_POINT('',(35.,0.,0.));
#1961 = VECTOR('',#1962,1.);
#1962 = DIRECTION('',(0.,0.,1.));
#1963 = PCURVE('',#1449,#1964);
#1964 = DEFINITIONAL_REPRESENTATION('',(#1965),#1969);
#1965 = LINE('',#1966,#1967);
#1966 = CARTESIAN_POINT('',(7.5,0.));
#1967 = VECTOR('',#1968,1.);
#1968 = DIRECTION('',(0.,-1.));
#1969 = ( GEOMETRIC_REPRESENTATION_CONTEXT(2) 
PARAMETRIC_REPRESENTATION_CONTEXT() REPRESENTATION_CONTEXT('2D SPACE',''
  ) );
#1970 = PCURVE('',#1582,#1971);
#1971 = DEFINITIONAL_REPRESENTATION('',(#1972),#1976);
#1972 = LINE('',#1973,#1974);
#1973 = CARTESIAN_POINT('',(7.5,0.));
#1974 = VECTOR('',#1975,1.);
#1975 = DIRECTION('',(0.,-1.));
#1976 = ( GEOMETRIC_REPRESENTATION_CONTEXT(2) 
PARAMETRIC_REPRESENTATION_CONTEXT() REPRESENTATION_CONTEXT('2D SPACE',''
  ) );
#1977 = ORIENTED_EDGE('',*,*,#1978,.T.);
#1978 = EDGE_CURVE('',#1956,#1979,#1981,.T.);
#1979 = VERTEX_POINT('',#1980);
#1980 = CARTESIAN_POINT('',(35.,5.865202811677,2.5));
#1981 = SURFACE_CURVE('',#1982,(#1986,#1993),.PCURVE_S1.);
#1982 = LINE('',#1983,#1984);
#1983 = CARTESIAN_POINT('',(35.,0.,2.5));
#1984 = VECTOR('',#1985,1.);
#1985 = DIRECTION('',(0.,1.,0.));
#1986 = PCURVE('',#1449,#1987);
#1987 = DEFINITIONAL_REPRESENTATION('',(#1988),#1992);
#1988 = LINE('',#1989,#1990);
#1989 = CARTESIAN_POINT('',(7.5,-2.5));
#1990 = VECTOR('',#1991,1.);
#1991 = DIRECTION('',(-1.,0.));
#1992 = ( GEOMETRIC_REPRESENTATION_CONTEXT(2) 
PARAMETRIC_REPRESENTATION_CONTEXT() REPRESENTATION_CONTEXT('2D SPACE',''
  ) );
#1993 = PCURVE('',#1994,#1999);
#1994 = CYLINDRICAL_SURFACE('',#1995,2.5);
#1995 = AXIS2_PLACEMENT_3D('',#1996,#1997,#1998);
#1996 = CARTESIAN_POINT('',(32.5,0.,2.5));
#1997 = DIRECTION('',(0.,1.,0.));
#1998 = DIRECTION('',(1.,0.,0.));
#1999 = DEFINITIONAL_REPRESENTATION('',(#2000),#2004);
#2000 = LINE('',#2001,#2002);
#2001 = CARTESIAN_POINT('',(0.,0.));
#2002 = VECTOR('',#2003,1.);
#2003 = DIRECTION('',(0.,1.));
#2004 = ( GEOMETRIC_REPRESENTATION_CONTEXT(2) 
PARAMETRIC_REPRESENTATION_CONTEXT() REPRESENTATION_CONTEXT('2D SPACE',''
  ) );
#2005 = ORIENTED_EDGE('',*,*,#2006,.T.);
#2006 = EDGE_CURVE('',#1979,#1414,#2007,.T.);
#2007 = SURFACE_CURVE('',#2008,(#2012,#2019),.PCURVE_S1.);
#2008 = LINE('',#2009,#2010);
#2009 = CARTESIAN_POINT('',(35.,5.865202811677,0.));
#2010 = VECTOR('',#2011,1.);
#2011 = DIRECTION('',(0.,0.,1.));
#2012 = PCURVE('',#1449,#2013);
#2013 = DEFINITIONAL_REPRESENTATION('',(#2014),#2018);
#2014 = LINE('',#2015,#2016);
#2015 = CARTESIAN_POINT('',(1.634797188323,0.));
#2016 = VECTOR('',#2017,1.);
#2017 = DIRECTION('',(0.,-1.));
#2018 = ( GEOMETRIC_REPRESENTATION_CONTEXT(2) 
PARAMETRIC_REPRESENTATION_CONTEXT() REPRESENTATION_CONTEXT('2D SPACE',''
  ) );
#2019 = PCURVE('',#1800,#2020);
#2020 = DEFINITIONAL_REPRESENTATION('',(#2021),#2025);
#2021 = LINE('',#2022,#2023);
#2022 = CARTESIAN_POINT('',(-1.168035441141,0.));
#2023 = VECTOR('',#2024,1.);
#2024 = DIRECTION('',(-0.,1.));
#2025 = ( GEOMETRIC_REPRESENTATION_CONTEXT(2) 
PARAMETRIC_REPRESENTATION_CONTEXT() REPRESENTATION_CONTEXT('2D SPACE',''
  ) );
#2026 = ORIENTED_EDGE('',*,*,#1435,.F.);
#2027 = ADVANCED_FACE('',(#2028),#1503,.T.);
#2028 = FACE_BOUND('',#2029,.F.);
#2029 = EDGE_LOOP('',(#2030,#2053,#2054,#2082));
#2030 = ORIENTED_EDGE('',*,*,#2031,.T.);
#2031 = EDGE_CURVE('',#2032,#1465,#2034,.T.);
#2032 = VERTEX_POINT('',#2033);
#2033 = CARTESIAN_POINT('',(-33.47989949748,-8.165158675346,2.5));
#2034 = SURFACE_CURVE('',#2035,(#2039,#2046),.PCURVE_S1.);
#2035 = LINE('',#2036,#2037);
#2036 = CARTESIAN_POINT('',(-33.47989949748,-8.165158675346,0.));
#2037 = VECTOR('',#2038,1.);
#2038 = DIRECTION('',(0.,0.,1.));
#2039 = PCURVE('',#1503,#2040);
#2040 = DEFINITIONAL_REPRESENTATION('',(#2041),#2045);
#2041 = LINE('',#2042,#2043);
#2042 = CARTESIAN_POINT('',(-1.942578079171E-02,0.));
#2043 = VECTOR('',#2044,1.);
#2044 = DIRECTION('',(-0.,-1.));
#2045 = ( GEOMETRIC_REPRESENTATION_CONTEXT(2) 
PARAMETRIC_REPRESENTATION_CONTEXT() REPRESENTATION_CONTEXT('2D SPACE',''
  ) );
#2046 = PCURVE('',#1887,#2047);
#2047 = DEFINITIONAL_REPRESENTATION('',(#2048),#2052);
#2048 = LINE('',#2049,#2050);
#2049 = CARTESIAN_POINT('',(1.168035441141,0.));
#2050 = VECTOR('',#2051,1.);
#2051 = DIRECTION('',(0.,1.));
#2052 = ( GEOMETRIC_REPRESENTATION_CONTEXT(2) 
PARAMETRIC_REPRESENTATION_CONTEXT() REPRESENTATION_CONTEXT('2D SPACE',''
  ) );
#2053 = ORIENTED_EDGE('',*,*,#1486,.T.);
#2054 = ORIENTED_EDGE('',*,*,#2055,.F.);
#2055 = EDGE_CURVE('',#2056,#1487,#2058,.T.);
#2056 = VERTEX_POINT('',#2057);
#2057 = CARTESIAN_POINT('',(33.479899497487,-8.165158675346,2.5));
#2058 = SURFACE_CURVE('',#2059,(#2063,#2070),.PCURVE_S1.);
#2059 = LINE('',#2060,#2061);
#2060 = CARTESIAN_POINT('',(33.479899497487,-8.165158675346,0.));
#2061 = VECTOR('',#2062,1.);
#2062 = DIRECTION('',(0.,0.,1.));
#2063 = PCURVE('',#1503,#2064);
#2064 = DEFINITIONAL_REPRESENTATION('',(#2065),#2069);
#2065 = LINE('',#2066,#2067);
#2066 = CARTESIAN_POINT('',(-0.824947552099,0.));
#2067 = VECTOR('',#2068,1.);
#2068 = DIRECTION('',(-0.,-1.));
#2069 = ( GEOMETRIC_REPRESENTATION_CONTEXT(2) 
PARAMETRIC_REPRESENTATION_CONTEXT() REPRESENTATION_CONTEXT('2D SPACE',''
  ) );
#2070 = PCURVE('',#2071,#2076);
#2071 = CYLINDRICAL_SURFACE('',#2072,2.5);
#2072 = AXIS2_PLACEMENT_3D('',#2073,#2074,#2075);
#2073 = CARTESIAN_POINT('',(32.5,-5.865202811677,0.));
#2074 = DIRECTION('',(0.,0.,1.));
#2075 = DIRECTION('',(0.391959798995,-0.919982345467,0.));
#2076 = DEFINITIONAL_REPRESENTATION('',(#2077),#2081);
#2077 = LINE('',#2078,#2079);
#2078 = CARTESIAN_POINT('',(0.,0.));
#2079 = VECTOR('',#2080,1.);
#2080 = DIRECTION('',(0.,1.));
#2081 = ( GEOMETRIC_REPRESENTATION_CONTEXT(2) 
PARAMETRIC_REPRESENTATION_CONTEXT() REPRESENTATION_CONTEXT('2D SPACE',''
  ) );
#2082 = ORIENTED_EDGE('',*,*,#2083,.F.);
#2083 = EDGE_CURVE('',#2032,#2056,#2084,.T.);
#2084 = SURFACE_CURVE('',#2085,(#2090,#2097),.PCURVE_S1.);
#2085 = CIRCLE('',#2086,85.416666666667);
#2086 = AXIS2_PLACEMENT_3D('',#2087,#2088,#2089);
#2087 = CARTESIAN_POINT('',(0.,70.416666666667,2.5));
#2088 = DIRECTION('',(0.,0.,1.));
#2089 = DIRECTION('',(-0.409756097561,-0.912195121951,0.));
#2090 = PCURVE('',#1503,#2091);
#2091 = DEFINITIONAL_REPRESENTATION('',(#2092),#2096);
#2092 = LINE('',#2093,#2094);
#2093 = CARTESIAN_POINT('',(-0.,-2.5));
#2094 = VECTOR('',#2095,1.);
#2095 = DIRECTION('',(-1.,0.));
#2096 = ( GEOMETRIC_REPRESENTATION_CONTEXT(2) 
PARAMETRIC_REPRESENTATION_CONTEXT() REPRESENTATION_CONTEXT('2D SPACE',''
  ) );
#2097 = PCURVE('',#2098,#2103);
#2098 = TOROIDAL_SURFACE('',#2099,82.916666666667,2.5);
#2099 = AXIS2_PLACEMENT_3D('',#2100,#2101,#2102);
#2100 = CARTESIAN_POINT('',(0.,70.416666666667,2.5));
#2101 = DIRECTION('',(0.,0.,-1.));
#2102 = DIRECTION('',(-0.409756097561,-0.912195121951,-0.));
#2103 = DEFINITIONAL_REPRESENTATION('',(#2104),#2108);
#2104 = LINE('',#2105,#2106);
#2105 = CARTESIAN_POINT('',(-0.,0.));
#2106 = VECTOR('',#2107,1.);
#2107 = DIRECTION('',(-1.,0.));
#2108 = ( GEOMETRIC_REPRESENTATION_CONTEXT(2) 
PARAMETRIC_REPRESENTATION_CONTEXT() REPRESENTATION_CONTEXT('2D SPACE',''
  ) );
#2109 = ADVANCED_FACE('',(#2110),#1529,.T.);
#2110 = FACE_BOUND('',#2111,.F.);
#2111 = EDGE_LOOP('',(#2112,#2113,#2114));
#2112 = ORIENTED_EDGE('',*,*,#1515,.F.);
#2113 = ORIENTED_EDGE('',*,*,#1544,.T.);
#2114 = ORIENTED_EDGE('',*,*,#2115,.F.);
#2115 = EDGE_CURVE('',#1487,#1545,#2116,.T.);
#2116 = SURFACE_CURVE('',#2117,(#2122,#2129),.PCURVE_S1.);
#2117 = CIRCLE('',#2118,2.5);
#2118 = AXIS2_PLACEMENT_3D('',#2119,#2120,#2121);
#2119 = CARTESIAN_POINT('',(32.5,-5.865202811677,47.5));
#2120 = DIRECTION('',(0.,0.,1.));
#2121 = DIRECTION('',(0.391959798995,-0.919982345467,0.));
#2122 = PCURVE('',#1529,#2123);
#2123 = DEFINITIONAL_REPRESENTATION('',(#2124),#2128);
#2124 = LINE('',#2125,#2126);
#2125 = CARTESIAN_POINT('',(-0.,0.));
#2126 = VECTOR('',#2127,1.);
#2127 = DIRECTION('',(-1.,0.));
#2128 = ( GEOMETRIC_REPRESENTATION_CONTEXT(2) 
PARAMETRIC_REPRESENTATION_CONTEXT() REPRESENTATION_CONTEXT('2D SPACE',''
  ) );
#2129 = PCURVE('',#2071,#2130);
#2130 = DEFINITIONAL_REPRESENTATION('',(#2131),#2135);
#2131 = LINE('',#2132,#2133);
#2132 = CARTESIAN_POINT('',(0.,47.5));
#2133 = VECTOR('',#2134,1.);
#2134 = DIRECTION('',(1.,0.));
#2135 = ( GEOMETRIC_REPRESENTATION_CONTEXT(2) 
PARAMETRIC_REPRESENTATION_CONTEXT() REPRESENTATION_CONTEXT('2D SPACE',''
  ) );
#2136 = ADVANCED_FACE('',(#2137),#1582,.F.);
#2137 = FACE_BOUND('',#2138,.F.);
#2138 = EDGE_LOOP('',(#2139,#2140,#2168,#2189));
#2139 = ORIENTED_EDGE('',*,*,#1955,.F.);
#2140 = ORIENTED_EDGE('',*,*,#2141,.F.);
#2141 = EDGE_CURVE('',#2142,#1956,#2144,.T.);
#2142 = VERTEX_POINT('',#2143);
#2143 = CARTESIAN_POINT('',(35.,-5.865202811677,2.5));
#2144 = SURFACE_CURVE('',#2145,(#2149,#2156),.PCURVE_S1.);
#2145 = LINE('',#2146,#2147);
#2146 = CARTESIAN_POINT('',(35.,-7.5,2.5));
#2147 = VECTOR('',#2148,1.);
#2148 = DIRECTION('',(0.,1.,0.));
#2149 = PCURVE('',#1582,#2150);
#2150 = DEFINITIONAL_REPRESENTATION('',(#2151),#2155);
#2151 = LINE('',#2152,#2153);
#2152 = CARTESIAN_POINT('',(0.,-2.5));
#2153 = VECTOR('',#2154,1.);
#2154 = DIRECTION('',(1.,0.));
#2155 = ( GEOMETRIC_REPRESENTATION_CONTEXT(2) 
PARAMETRIC_REPRESENTATION_CONTEXT() REPRESENTATION_CONTEXT('2D SPACE',''
  ) );
#2156 = PCURVE('',#2157,#2162);
#2157 = CYLINDRICAL_SURFACE('',#2158,2.5);
#2158 = AXIS2_PLACEMENT_3D('',#2159,#2160,#2161);
#2159 = CARTESIAN_POINT('',(32.5,-7.5,2.5));
#2160 = DIRECTION('',(0.,1.,0.));
#2161 = DIRECTION('',(1.,0.,0.));
#2162 = DEFINITIONAL_REPRESENTATION('',(#2163),#2167);
#2163 = LINE('',#2164,#2165);
#2164 = CARTESIAN_POINT('',(0.,0.));
#2165 = VECTOR('',#2166,1.);
#2166 = DIRECTION('',(0.,1.));
#2167 = ( GEOMETRIC_REPRESENTATION_CONTEXT(2) 
PARAMETRIC_REPRESENTATION_CONTEXT() REPRESENTATION_CONTEXT('2D SPACE',''
  ) );
#2168 = ORIENTED_EDGE('',*,*,#2169,.T.);
#2169 = EDGE_CURVE('',#2142,#1545,#2170,.T.);
#2170 = SURFACE_CURVE('',#2171,(#2175,#2182),.PCURVE_S1.);
#2171 = LINE('',#2172,#2173);
#2172 = CARTESIAN_POINT('',(35.,-5.865202811677,0.));
#2173 = VECTOR('',#2174,1.);
#2174 = DIRECTION('',(0.,0.,1.));
#2175 = PCURVE('',#1582,#2176);
#2176 = DEFINITIONAL_REPRESENTATION('',(#2177),#2181);
#2177 = LINE('',#2178,#2179);
#2178 = CARTESIAN_POINT('',(1.634797188323,0.));
#2179 = VECTOR('',#2180,1.);
#2180 = DIRECTION('',(0.,-1.));
#2181 = ( GEOMETRIC_REPRESENTATION_CONTEXT(2) 
PARAMETRIC_REPRESENTATION_CONTEXT() REPRESENTATION_CONTEXT('2D SPACE',''
  ) );
#2182 = PCURVE('',#2071,#2183);
#2183 = DEFINITIONAL_REPRESENTATION('',(#2184),#2188);
#2184 = LINE('',#2185,#2186);
#2185 = CARTESIAN_POINT('',(1.168035441141,0.));
#2186 = VECTOR('',#2187,1.);
#2187 = DIRECTION('',(0.,1.));
#2188 = ( GEOMETRIC_REPRESENTATION_CONTEXT(2) 
PARAMETRIC_REPRESENTATION_CONTEXT() REPRESENTATION_CONTEXT('2D SPACE',''
  ) );
#2189 = ORIENTED_EDGE('',*,*,#1568,.T.);
#2190 = ADVANCED_FACE('',(#2191),#1614,.T.);
#2191 = FACE_BOUND('',#2192,.T.);
#2192 = EDGE_LOOP('',(#2193,#2222,#2244,#2245));
#2193 = ORIENTED_EDGE('',*,*,#2194,.F.);
#2194 = EDGE_CURVE('',#2195,#2195,#2197,.T.);
#2195 = VERTEX_POINT('',#2196);
#2196 = CARTESIAN_POINT('',(7.5,-1.42108547152E-14,49.4));
#2197 = SURFACE_CURVE('',#2198,(#2203,#2210),.PCURVE_S1.);
#2198 = CIRCLE('',#2199,7.5);
#2199 = AXIS2_PLACEMENT_3D('',#2200,#2201,#2202);
#2200 = CARTESIAN_POINT('',(0.,-1.42108547152E-14,49.4));
#2201 = DIRECTION('',(0.,0.,1.));
#2202 = DIRECTION('',(1.,0.,0.));
#2203 = PCURVE('',#1614,#2204);
#2204 = DEFINITIONAL_REPRESENTATION('',(#2205),#2209);
#2205 = LINE('',#2206,#2207);
#2206 = CARTESIAN_POINT('',(-0.,1.570796326795));
#2207 = VECTOR('',#2208,1.);
#2208 = DIRECTION('',(-1.,0.));
#2209 = ( GEOMETRIC_REPRESENTATION_CONTEXT(2) 
PARAMETRIC_REPRESENTATION_CONTEXT() REPRESENTATION_CONTEXT('2D SPACE',''
  ) );
#2210 = PCURVE('',#2211,#2216);
#2211 = PLANE('',#2212);
#2212 = AXIS2_PLACEMENT_3D('',#2213,#2214,#2215);
#2213 = CARTESIAN_POINT('',(0.,70.416666666667,49.4));
#2214 = DIRECTION('',(0.,0.,1.));
#2215 = DIRECTION('',(-0.409756097561,-0.912195121951,0.));
#2216 = DEFINITIONAL_REPRESENTATION('',(#2217),#2221);
#2217 = CIRCLE('',#2218,7.5);
#2218 = AXIS2_PLACEMENT_2D('',#2219,#2220);
#2219 = CARTESIAN_POINT('',(64.233739837398,28.853658536585));
#2220 = DIRECTION('',(-0.409756097561,0.912195121951));
#2221 = ( GEOMETRIC_REPRESENTATION_CONTEXT(2) 
PARAMETRIC_REPRESENTATION_CONTEXT() REPRESENTATION_CONTEXT('2D SPACE',''
  ) );
#2222 = ORIENTED_EDGE('',*,*,#2223,.T.);
#2223 = EDGE_CURVE('',#2195,#1598,#2224,.T.);
#2224 = SEAM_CURVE('',#2225,(#2230,#2237),.PCURVE_S1.);
#2225 = CIRCLE('',#2226,0.6);
#2226 = AXIS2_PLACEMENT_3D('',#2227,#2228,#2229);
#2227 = CARTESIAN_POINT('',(7.5,-1.836909530734E-15,50.));
#2228 = DIRECTION('',(2.449212707645E-16,1.,0.));
#2229 = DIRECTION('',(1.,-2.449212707645E-16,0.));
#2230 = PCURVE('',#1614,#2231);
#2231 = DEFINITIONAL_REPRESENTATION('',(#2232),#2236);
#2232 = LINE('',#2233,#2234);
#2233 = CARTESIAN_POINT('',(-6.28318530718,0.));
#2234 = VECTOR('',#2235,1.);
#2235 = DIRECTION('',(-0.,1.));
#2236 = ( GEOMETRIC_REPRESENTATION_CONTEXT(2) 
PARAMETRIC_REPRESENTATION_CONTEXT() REPRESENTATION_CONTEXT('2D SPACE',''
  ) );
#2237 = PCURVE('',#1614,#2238);
#2238 = DEFINITIONAL_REPRESENTATION('',(#2239),#2243);
#2239 = LINE('',#2240,#2241);
#2240 = CARTESIAN_POINT('',(-0.,0.));
#2241 = VECTOR('',#2242,1.);
#2242 = DIRECTION('',(-0.,1.));
#2243 = ( GEOMETRIC_REPRESENTATION_CONTEXT(2) 
PARAMETRIC_REPRESENTATION_CONTEXT() REPRESENTATION_CONTEXT('2D SPACE',''
  ) );
#2244 = ORIENTED_EDGE('',*,*,#1597,.T.);
#2245 = ORIENTED_EDGE('',*,*,#2223,.F.);
#2246 = ADVANCED_FACE('',(#2247),#1669,.T.);
#2247 = FACE_BOUND('',#2248,.F.);
#2248 = EDGE_LOOP('',(#2249,#2250,#2277,#2278));
#2249 = ORIENTED_EDGE('',*,*,#1708,.F.);
#2250 = ORIENTED_EDGE('',*,*,#2251,.F.);
#2251 = EDGE_CURVE('',#1761,#1709,#2252,.T.);
#2252 = SURFACE_CURVE('',#2253,(#2258,#2265),.PCURVE_S1.);
#2253 = CIRCLE('',#2254,2.5);
#2254 = AXIS2_PLACEMENT_3D('',#2255,#2256,#2257);
#2255 = CARTESIAN_POINT('',(-32.5,5.865202811677,2.5));
#2256 = DIRECTION('',(0.,0.,1.));
#2257 = DIRECTION('',(-0.391959798995,0.919982345467,0.));
#2258 = PCURVE('',#1669,#2259);
#2259 = DEFINITIONAL_REPRESENTATION('',(#2260),#2264);
#2260 = LINE('',#2261,#2262);
#2261 = CARTESIAN_POINT('',(-1.168035441141,2.5));
#2262 = VECTOR('',#2263,1.);
#2263 = DIRECTION('',(1.,-0.));
#2264 = ( GEOMETRIC_REPRESENTATION_CONTEXT(2) 
PARAMETRIC_REPRESENTATION_CONTEXT() REPRESENTATION_CONTEXT('2D SPACE',''
  ) );
#2265 = PCURVE('',#2266,#2271);
#2266 = SPHERICAL_SURFACE('',#2267,2.5);
#2267 = AXIS2_PLACEMENT_3D('',#2268,#2269,#2270);
#2268 = CARTESIAN_POINT('',(-32.5,5.865202811677,2.5));
#2269 = DIRECTION('',(0.,0.,1.));
#2270 = DIRECTION('',(-0.391959798995,0.919982345467,0.));
#2271 = DEFINITIONAL_REPRESENTATION('',(#2272),#2276);
#2272 = LINE('',#2273,#2274);
#2273 = CARTESIAN_POINT('',(0.,0.));
#2274 = VECTOR('',#2275,1.);
#2275 = DIRECTION('',(1.,0.));
#2276 = ( GEOMETRIC_REPRESENTATION_CONTEXT(2) 
PARAMETRIC_REPRESENTATION_CONTEXT() REPRESENTATION_CONTEXT('2D SPACE',''
  ) );
#2277 = ORIENTED_EDGE('',*,*,#1760,.T.);
#2278 = ORIENTED_EDGE('',*,*,#1654,.T.);
#2279 = ADVANCED_FACE('',(#2280),#1745,.T.);
#2280 = FACE_BOUND('',#2281,.T.);
#2281 = EDGE_LOOP('',(#2282,#2304,#2332,#2352));
#2282 = ORIENTED_EDGE('',*,*,#2283,.F.);
#2283 = EDGE_CURVE('',#2284,#1709,#2286,.T.);
#2284 = VERTEX_POINT('',#2285);
#2285 = CARTESIAN_POINT('',(-32.5,5.865202811677,0.));
#2286 = SURFACE_CURVE('',#2287,(#2292,#2298),.PCURVE_S1.);
#2287 = CIRCLE('',#2288,2.5);
#2288 = AXIS2_PLACEMENT_3D('',#2289,#2290,#2291);
#2289 = CARTESIAN_POINT('',(-32.5,5.865202811677,2.5));
#2290 = DIRECTION('',(2.164934898019E-15,1.,0.));
#2291 = DIRECTION('',(-1.,2.164934898019E-15,0.));
#2292 = PCURVE('',#1745,#2293);
#2293 = DEFINITIONAL_REPRESENTATION('',(#2294),#2297);
#2294 = B_SPLINE_CURVE_WITH_KNOTS('',1,(#2295,#2296),.UNSPECIFIED.,.F.,
  .F.,(2,2),(4.712388980385,6.28318530718),.PIECEWISE_BEZIER_KNOTS.);
#2295 = CARTESIAN_POINT('',(1.570796326795,1.634797188323));
#2296 = CARTESIAN_POINT('',(0.,1.634797188323));
#2297 = ( GEOMETRIC_REPRESENTATION_CONTEXT(2) 
PARAMETRIC_REPRESENTATION_CONTEXT() REPRESENTATION_CONTEXT('2D SPACE',''
  ) );
#2298 = PCURVE('',#2266,#2299);
#2299 = DEFINITIONAL_REPRESENTATION('',(#2300),#2303);
#2300 = B_SPLINE_CURVE_WITH_KNOTS('',1,(#2301,#2302),.UNSPECIFIED.,.F.,
  .F.,(2,2),(4.712388980385,6.28318530718),.PIECEWISE_BEZIER_KNOTS.);
#2301 = CARTESIAN_POINT('',(1.168035441141,-1.570796326795));
#2302 = CARTESIAN_POINT('',(1.168035441141,0.));
#2303 = ( GEOMETRIC_REPRESENTATION_CONTEXT(2) 
PARAMETRIC_REPRESENTATION_CONTEXT() REPRESENTATION_CONTEXT('2D SPACE',''
  ) );
#2304 = ORIENTED_EDGE('',*,*,#2305,.T.);
#2305 = EDGE_CURVE('',#2284,#2306,#2308,.T.);
#2306 = VERTEX_POINT('',#2307);
#2307 = CARTESIAN_POINT('',(-32.5,0.,-4.440892098501E-16));
#2308 = SURFACE_CURVE('',#2309,(#2313,#2320),.PCURVE_S1.);
#2309 = LINE('',#2310,#2311);
#2310 = CARTESIAN_POINT('',(-32.5,7.5,-4.440892098501E-16));
#2311 = VECTOR('',#2312,1.);
#2312 = DIRECTION('',(0.,-1.,0.));
#2313 = PCURVE('',#1745,#2314);
#2314 = DEFINITIONAL_REPRESENTATION('',(#2315),#2319);
#2315 = LINE('',#2316,#2317);
#2316 = CARTESIAN_POINT('',(1.570796326795,0.));
#2317 = VECTOR('',#2318,1.);
#2318 = DIRECTION('',(0.,1.));
#2319 = ( GEOMETRIC_REPRESENTATION_CONTEXT(2) 
PARAMETRIC_REPRESENTATION_CONTEXT() REPRESENTATION_CONTEXT('2D SPACE',''
  ) );
#2320 = PCURVE('',#2321,#2326);
#2321 = PLANE('',#2322);
#2322 = AXIS2_PLACEMENT_3D('',#2323,#2324,#2325);
#2323 = CARTESIAN_POINT('',(0.,70.416666666667,0.));
#2324 = DIRECTION('',(0.,0.,1.));
#2325 = DIRECTION('',(-0.409756097561,-0.912195121951,0.));
#2326 = DEFINITIONAL_REPRESENTATION('',(#2327),#2331);
#2327 = LINE('',#2328,#2329);
#2328 = CARTESIAN_POINT('',(70.709349593496,-3.865853658537));
#2329 = VECTOR('',#2330,1.);
#2330 = DIRECTION('',(0.912195121951,0.409756097561));
#2331 = ( GEOMETRIC_REPRESENTATION_CONTEXT(2) 
PARAMETRIC_REPRESENTATION_CONTEXT() REPRESENTATION_CONTEXT('2D SPACE',''
  ) );
#2332 = ORIENTED_EDGE('',*,*,#2333,.F.);
#2333 = EDGE_CURVE('',#1685,#2306,#2334,.T.);
#2334 = SURFACE_CURVE('',#2335,(#2340,#2346),.PCURVE_S1.);
#2335 = CIRCLE('',#2336,2.5);
#2336 = AXIS2_PLACEMENT_3D('',#2337,#2338,#2339);
#2337 = CARTESIAN_POINT('',(-32.5,0.,2.5));
#2338 = DIRECTION('',(0.,-1.,0.));
#2339 = DIRECTION('',(-1.,0.,0.));
#2340 = PCURVE('',#1745,#2341);
#2341 = DEFINITIONAL_REPRESENTATION('',(#2342),#2345);
#2342 = B_SPLINE_CURVE_WITH_KNOTS('',1,(#2343,#2344),.UNSPECIFIED.,.F.,
  .F.,(2,2),(0.,1.570796326795),.PIECEWISE_BEZIER_KNOTS.);
#2343 = CARTESIAN_POINT('',(0.,7.5));
#2344 = CARTESIAN_POINT('',(1.570796326795,7.5));
#2345 = ( GEOMETRIC_REPRESENTATION_CONTEXT(2) 
PARAMETRIC_REPRESENTATION_CONTEXT() REPRESENTATION_CONTEXT('2D SPACE',''
  ) );
#2346 = PCURVE('',#1913,#2347);
#2347 = DEFINITIONAL_REPRESENTATION('',(#2348),#2351);
#2348 = B_SPLINE_CURVE_WITH_KNOTS('',1,(#2349,#2350),.UNSPECIFIED.,.F.,
  .F.,(2,2),(0.,1.570796326795),.PIECEWISE_BEZIER_KNOTS.);
#2349 = CARTESIAN_POINT('',(0.,0.));
#2350 = CARTESIAN_POINT('',(1.570796326795,0.));
#2351 = ( GEOMETRIC_REPRESENTATION_CONTEXT(2) 
PARAMETRIC_REPRESENTATION_CONTEXT() REPRESENTATION_CONTEXT('2D SPACE',''
  ) );
#2352 = ORIENTED_EDGE('',*,*,#1731,.F.);
#2353 = ADVANCED_FACE('',(#2354),#1827,.T.);
#2354 = FACE_BOUND('',#2355,.T.);
#2355 = EDGE_LOOP('',(#2356,#2376,#2377,#2404));
#2356 = ORIENTED_EDGE('',*,*,#2357,.T.);
#2357 = EDGE_CURVE('',#2284,#1761,#2358,.T.);
#2358 = SURFACE_CURVE('',#2359,(#2364,#2370),.PCURVE_S1.);
#2359 = CIRCLE('',#2360,2.5);
#2360 = AXIS2_PLACEMENT_3D('',#2361,#2362,#2363);
#2361 = CARTESIAN_POINT('',(-32.5,5.865202811677,2.5));
#2362 = DIRECTION('',(0.919982345467,0.391959798995,0.));
#2363 = DIRECTION('',(-0.391959798995,0.919982345467,0.));
#2364 = PCURVE('',#1827,#2365);
#2365 = DEFINITIONAL_REPRESENTATION('',(#2366),#2369);
#2366 = B_SPLINE_CURVE_WITH_KNOTS('',1,(#2367,#2368),.UNSPECIFIED.,.F.,
  .F.,(2,2),(4.712388980385,6.28318530718),.PIECEWISE_BEZIER_KNOTS.);
#2367 = CARTESIAN_POINT('',(1.942578079171E-02,1.570796326795));
#2368 = CARTESIAN_POINT('',(1.942578079171E-02,0.));
#2369 = ( GEOMETRIC_REPRESENTATION_CONTEXT(2) 
PARAMETRIC_REPRESENTATION_CONTEXT() REPRESENTATION_CONTEXT('2D SPACE',''
  ) );
#2370 = PCURVE('',#2266,#2371);
#2371 = DEFINITIONAL_REPRESENTATION('',(#2372),#2375);
#2372 = B_SPLINE_CURVE_WITH_KNOTS('',1,(#2373,#2374),.UNSPECIFIED.,.F.,
  .F.,(2,2),(4.712388980385,6.28318530718),.PIECEWISE_BEZIER_KNOTS.);
#2373 = CARTESIAN_POINT('',(0.,-1.570796326795));
#2374 = CARTESIAN_POINT('',(0.,0.));
#2375 = ( GEOMETRIC_REPRESENTATION_CONTEXT(2) 
PARAMETRIC_REPRESENTATION_CONTEXT() REPRESENTATION_CONTEXT('2D SPACE',''
  ) );
#2376 = ORIENTED_EDGE('',*,*,#1812,.T.);
#2377 = ORIENTED_EDGE('',*,*,#2378,.F.);
#2378 = EDGE_CURVE('',#2379,#1785,#2381,.T.);
#2379 = VERTEX_POINT('',#2380);
#2380 = CARTESIAN_POINT('',(32.5,5.865202811677,0.));
#2381 = SURFACE_CURVE('',#2382,(#2387,#2393),.PCURVE_S1.);
#2382 = CIRCLE('',#2383,2.5);
#2383 = AXIS2_PLACEMENT_3D('',#2384,#2385,#2386);
#2384 = CARTESIAN_POINT('',(32.5,5.865202811677,2.5));
#2385 = DIRECTION('',(0.919982345467,-0.391959798995,0.));
#2386 = DIRECTION('',(0.391959798995,0.919982345467,0.));
#2387 = PCURVE('',#1827,#2388);
#2388 = DEFINITIONAL_REPRESENTATION('',(#2389),#2392);
#2389 = B_SPLINE_CURVE_WITH_KNOTS('',1,(#2390,#2391),.UNSPECIFIED.,.F.,
  .F.,(2,2),(4.712388980385,6.28318530718),.PIECEWISE_BEZIER_KNOTS.);
#2390 = CARTESIAN_POINT('',(0.824947552099,1.570796326795));
#2391 = CARTESIAN_POINT('',(0.824947552099,0.));
#2392 = ( GEOMETRIC_REPRESENTATION_CONTEXT(2) 
PARAMETRIC_REPRESENTATION_CONTEXT() REPRESENTATION_CONTEXT('2D SPACE',''
  ) );
#2393 = PCURVE('',#2394,#2399);
#2394 = SPHERICAL_SURFACE('',#2395,2.5);
#2395 = AXIS2_PLACEMENT_3D('',#2396,#2397,#2398);
#2396 = CARTESIAN_POINT('',(32.5,5.865202811677,2.5));
#2397 = DIRECTION('',(0.,0.,1.));
#2398 = DIRECTION('',(0.391959798995,0.919982345467,-0.));
#2399 = DEFINITIONAL_REPRESENTATION('',(#2400),#2403);
#2400 = B_SPLINE_CURVE_WITH_KNOTS('',1,(#2401,#2402),.UNSPECIFIED.,.F.,
  .F.,(2,2),(4.712388980385,6.28318530718),.PIECEWISE_BEZIER_KNOTS.);
#2401 = CARTESIAN_POINT('',(0.,-1.570796326795));
#2402 = CARTESIAN_POINT('',(0.,0.));
#2403 = ( GEOMETRIC_REPRESENTATION_CONTEXT(2) 
PARAMETRIC_REPRESENTATION_CONTEXT() REPRESENTATION_CONTEXT('2D SPACE',''
  ) );
#2404 = ORIENTED_EDGE('',*,*,#2405,.F.);
#2405 = EDGE_CURVE('',#2284,#2379,#2406,.T.);
#2406 = SURFACE_CURVE('',#2407,(#2412,#2419),.PCURVE_S1.);
#2407 = CIRCLE('',#2408,82.916666666667);
#2408 = AXIS2_PLACEMENT_3D('',#2409,#2410,#2411);
#2409 = CARTESIAN_POINT('',(0.,-70.41666666666,0.));
#2410 = DIRECTION('',(0.,0.,-1.));
#2411 = DIRECTION('',(-0.409756097561,0.912195121951,0.));
#2412 = PCURVE('',#1827,#2413);
#2413 = DEFINITIONAL_REPRESENTATION('',(#2414),#2418);
#2414 = LINE('',#2415,#2416);
#2415 = CARTESIAN_POINT('',(0.,1.570796326795));
#2416 = VECTOR('',#2417,1.);
#2417 = DIRECTION('',(1.,0.));
#2418 = ( GEOMETRIC_REPRESENTATION_CONTEXT(2) 
PARAMETRIC_REPRESENTATION_CONTEXT() REPRESENTATION_CONTEXT('2D SPACE',''
  ) );
#2419 = PCURVE('',#2321,#2420);
#2420 = DEFINITIONAL_REPRESENTATION('',(#2421),#2429);
#2421 = ( BOUNDED_CURVE() B_SPLINE_CURVE(2,(#2422,#2423,#2424,#2425,
#2426,#2427,#2428),.UNSPECIFIED.,.T.,.F.) B_SPLINE_CURVE_WITH_KNOTS((1,2
    ,2,2,2,1),(-2.094395102393,0.,2.094395102393,4.188790204786,
6.28318530718,8.377580409573),.UNSPECIFIED.) CURVE() 
GEOMETRIC_REPRESENTATION_ITEM() RATIONAL_B_SPLINE_CURVE((1.,0.5,1.,0.5,
1.,0.5,1.)) REPRESENTATION_ITEM('') );
#2422 = CARTESIAN_POINT('',(73.394239539957,-4.27745389649));
#2423 = CARTESIAN_POINT('',(-33.96653307501,91.112196154495));
#2424 = CARTESIAN_POINT('',(102.32371343473,136.39452758349));
#2425 = CARTESIAN_POINT('',(238.61395994447,181.67685901249));
#2426 = CARTESIAN_POINT('',(209.6844860497,41.004877532509));
#2427 = CARTESIAN_POINT('',(180.75501215493,-99.66710394747));
#2428 = CARTESIAN_POINT('',(73.394239539957,-4.27745389649));
#2429 = ( GEOMETRIC_REPRESENTATION_CONTEXT(2) 
PARAMETRIC_REPRESENTATION_CONTEXT() REPRESENTATION_CONTEXT('2D SPACE',''
  ) );
#2430 = ADVANCED_FACE('',(#2431),#1800,.T.);
#2431 = FACE_BOUND('',#2432,.F.);
#2432 = EDGE_LOOP('',(#2433,#2434,#2456,#2457));
#2433 = ORIENTED_EDGE('',*,*,#1784,.F.);
#2434 = ORIENTED_EDGE('',*,*,#2435,.T.);
#2435 = EDGE_CURVE('',#1785,#1979,#2436,.T.);
#2436 = SURFACE_CURVE('',#2437,(#2442,#2449),.PCURVE_S1.);
#2437 = CIRCLE('',#2438,2.5);
#2438 = AXIS2_PLACEMENT_3D('',#2439,#2440,#2441);
#2439 = CARTESIAN_POINT('',(32.5,5.865202811677,2.5));
#2440 = DIRECTION('',(0.,0.,-1.));
#2441 = DIRECTION('',(0.391959798995,0.919982345467,0.));
#2442 = PCURVE('',#1800,#2443);
#2443 = DEFINITIONAL_REPRESENTATION('',(#2444),#2448);
#2444 = LINE('',#2445,#2446);
#2445 = CARTESIAN_POINT('',(-0.,2.5));
#2446 = VECTOR('',#2447,1.);
#2447 = DIRECTION('',(-1.,0.));
#2448 = ( GEOMETRIC_REPRESENTATION_CONTEXT(2) 
PARAMETRIC_REPRESENTATION_CONTEXT() REPRESENTATION_CONTEXT('2D SPACE',''
  ) );
#2449 = PCURVE('',#2394,#2450);
#2450 = DEFINITIONAL_REPRESENTATION('',(#2451),#2455);
#2451 = LINE('',#2452,#2453);
#2452 = CARTESIAN_POINT('',(-0.,0.));
#2453 = VECTOR('',#2454,1.);
#2454 = DIRECTION('',(-1.,0.));
#2455 = ( GEOMETRIC_REPRESENTATION_CONTEXT(2) 
PARAMETRIC_REPRESENTATION_CONTEXT() REPRESENTATION_CONTEXT('2D SPACE',''
  ) );
#2456 = ORIENTED_EDGE('',*,*,#2006,.T.);
#2457 = ORIENTED_EDGE('',*,*,#1844,.F.);
#2458 = ADVANCED_FACE('',(#2459),#1913,.T.);
#2459 = FACE_BOUND('',#2460,.T.);
#2460 = EDGE_LOOP('',(#2461,#2462,#2485,#2510));
#2461 = ORIENTED_EDGE('',*,*,#2333,.T.);
#2462 = ORIENTED_EDGE('',*,*,#2463,.T.);
#2463 = EDGE_CURVE('',#2306,#2464,#2466,.T.);
#2464 = VERTEX_POINT('',#2465);
#2465 = CARTESIAN_POINT('',(-32.5,-5.865202811677,0.));
#2466 = SURFACE_CURVE('',#2467,(#2471,#2478),.PCURVE_S1.);
#2467 = LINE('',#2468,#2469);
#2468 = CARTESIAN_POINT('',(-32.5,0.,-4.440892098501E-16));
#2469 = VECTOR('',#2470,1.);
#2470 = DIRECTION('',(0.,-1.,0.));
#2471 = PCURVE('',#1913,#2472);
#2472 = DEFINITIONAL_REPRESENTATION('',(#2473),#2477);
#2473 = LINE('',#2474,#2475);
#2474 = CARTESIAN_POINT('',(1.570796326795,0.));
#2475 = VECTOR('',#2476,1.);
#2476 = DIRECTION('',(0.,1.));
#2477 = ( GEOMETRIC_REPRESENTATION_CONTEXT(2) 
PARAMETRIC_REPRESENTATION_CONTEXT() REPRESENTATION_CONTEXT('2D SPACE',''
  ) );
#2478 = PCURVE('',#2321,#2479);
#2479 = DEFINITIONAL_REPRESENTATION('',(#2480),#2484);
#2480 = LINE('',#2481,#2482);
#2481 = CARTESIAN_POINT('',(77.55081300813,-0.792682926829));
#2482 = VECTOR('',#2483,1.);
#2483 = DIRECTION('',(0.912195121951,0.409756097561));
#2484 = ( GEOMETRIC_REPRESENTATION_CONTEXT(2) 
PARAMETRIC_REPRESENTATION_CONTEXT() REPRESENTATION_CONTEXT('2D SPACE',''
  ) );
#2485 = ORIENTED_EDGE('',*,*,#2486,.T.);
#2486 = EDGE_CURVE('',#2464,#1872,#2487,.T.);
#2487 = SURFACE_CURVE('',#2488,(#2493,#2499),.PCURVE_S1.);
#2488 = CIRCLE('',#2489,2.5);
#2489 = AXIS2_PLACEMENT_3D('',#2490,#2491,#2492);
#2490 = CARTESIAN_POINT('',(-32.5,-5.865202811677,2.5));
#2491 = DIRECTION('',(0.,1.,0.));
#2492 = DIRECTION('',(-1.,0.,0.));
#2493 = PCURVE('',#1913,#2494);
#2494 = DEFINITIONAL_REPRESENTATION('',(#2495),#2498);
#2495 = B_SPLINE_CURVE_WITH_KNOTS('',1,(#2496,#2497),.UNSPECIFIED.,.F.,
  .F.,(2,2),(4.712388980385,6.28318530718),.PIECEWISE_BEZIER_KNOTS.);
#2496 = CARTESIAN_POINT('',(1.570796326795,5.865202811677));
#2497 = CARTESIAN_POINT('',(0.,5.865202811677));
#2498 = ( GEOMETRIC_REPRESENTATION_CONTEXT(2) 
PARAMETRIC_REPRESENTATION_CONTEXT() REPRESENTATION_CONTEXT('2D SPACE',''
  ) );
#2499 = PCURVE('',#2500,#2505);
#2500 = SPHERICAL_SURFACE('',#2501,2.5);
#2501 = AXIS2_PLACEMENT_3D('',#2502,#2503,#2504);
#2502 = CARTESIAN_POINT('',(-32.5,-5.865202811677,2.5));
#2503 = DIRECTION('',(0.,0.,1.));
#2504 = DIRECTION('',(-1.,0.,0.));
#2505 = DEFINITIONAL_REPRESENTATION('',(#2506),#2509);
#2506 = B_SPLINE_CURVE_WITH_KNOTS('',1,(#2507,#2508),.UNSPECIFIED.,.F.,
  .F.,(2,2),(4.712388980385,6.28318530718),.PIECEWISE_BEZIER_KNOTS.);
#2507 = CARTESIAN_POINT('',(0.,-1.570796326795));
#2508 = CARTESIAN_POINT('',(0.,0.));
#2509 = ( GEOMETRIC_REPRESENTATION_CONTEXT(2) 
PARAMETRIC_REPRESENTATION_CONTEXT() REPRESENTATION_CONTEXT('2D SPACE',''
  ) );
#2510 = ORIENTED_EDGE('',*,*,#1899,.F.);
#2511 = ADVANCED_FACE('',(#2512),#1887,.T.);
#2512 = FACE_BOUND('',#2513,.T.);
#2513 = EDGE_LOOP('',(#2514,#2515,#2537,#2538));
#2514 = ORIENTED_EDGE('',*,*,#1871,.F.);
#2515 = ORIENTED_EDGE('',*,*,#2516,.T.);
#2516 = EDGE_CURVE('',#1872,#2032,#2517,.T.);
#2517 = SURFACE_CURVE('',#2518,(#2523,#2530),.PCURVE_S1.);
#2518 = CIRCLE('',#2519,2.5);
#2519 = AXIS2_PLACEMENT_3D('',#2520,#2521,#2522);
#2520 = CARTESIAN_POINT('',(-32.5,-5.865202811677,2.5));
#2521 = DIRECTION('',(0.,0.,1.));
#2522 = DIRECTION('',(-1.,0.,0.));
#2523 = PCURVE('',#1887,#2524);
#2524 = DEFINITIONAL_REPRESENTATION('',(#2525),#2529);
#2525 = LINE('',#2526,#2527);
#2526 = CARTESIAN_POINT('',(0.,2.5));
#2527 = VECTOR('',#2528,1.);
#2528 = DIRECTION('',(1.,0.));
#2529 = ( GEOMETRIC_REPRESENTATION_CONTEXT(2) 
PARAMETRIC_REPRESENTATION_CONTEXT() REPRESENTATION_CONTEXT('2D SPACE',''
  ) );
#2530 = PCURVE('',#2500,#2531);
#2531 = DEFINITIONAL_REPRESENTATION('',(#2532),#2536);
#2532 = LINE('',#2533,#2534);
#2533 = CARTESIAN_POINT('',(0.,0.));
#2534 = VECTOR('',#2535,1.);
#2535 = DIRECTION('',(1.,0.));
#2536 = ( GEOMETRIC_REPRESENTATION_CONTEXT(2) 
PARAMETRIC_REPRESENTATION_CONTEXT() REPRESENTATION_CONTEXT('2D SPACE',''
  ) );
#2537 = ORIENTED_EDGE('',*,*,#2031,.T.);
#2538 = ORIENTED_EDGE('',*,*,#1930,.F.);
#2539 = ADVANCED_FACE('',(#2540),#1994,.T.);
#2540 = FACE_BOUND('',#2541,.T.);
#2541 = EDGE_LOOP('',(#2542,#2564,#2585,#2605));
#2542 = ORIENTED_EDGE('',*,*,#2543,.T.);
#2543 = EDGE_CURVE('',#1956,#2544,#2546,.T.);
#2544 = VERTEX_POINT('',#2545);
#2545 = CARTESIAN_POINT('',(32.5,0.,-4.440892098501E-16));
#2546 = SURFACE_CURVE('',#2547,(#2552,#2558),.PCURVE_S1.);
#2547 = CIRCLE('',#2548,2.5);
#2548 = AXIS2_PLACEMENT_3D('',#2549,#2550,#2551);
#2549 = CARTESIAN_POINT('',(32.5,0.,2.5));
#2550 = DIRECTION('',(-0.,1.,0.));
#2551 = DIRECTION('',(1.,0.,0.));
#2552 = PCURVE('',#1994,#2553);
#2553 = DEFINITIONAL_REPRESENTATION('',(#2554),#2557);
#2554 = B_SPLINE_CURVE_WITH_KNOTS('',1,(#2555,#2556),.UNSPECIFIED.,.F.,
  .F.,(2,2),(0.,1.570796326795),.PIECEWISE_BEZIER_KNOTS.);
#2555 = CARTESIAN_POINT('',(0.,0.));
#2556 = CARTESIAN_POINT('',(1.570796326795,0.));
#2557 = ( GEOMETRIC_REPRESENTATION_CONTEXT(2) 
PARAMETRIC_REPRESENTATION_CONTEXT() REPRESENTATION_CONTEXT('2D SPACE',''
  ) );
#2558 = PCURVE('',#2157,#2559);
#2559 = DEFINITIONAL_REPRESENTATION('',(#2560),#2563);
#2560 = B_SPLINE_CURVE_WITH_KNOTS('',1,(#2561,#2562),.UNSPECIFIED.,.F.,
  .F.,(2,2),(0.,1.570796326795),.PIECEWISE_BEZIER_KNOTS.);
#2561 = CARTESIAN_POINT('',(0.,7.5));
#2562 = CARTESIAN_POINT('',(1.570796326795,7.5));
#2563 = ( GEOMETRIC_REPRESENTATION_CONTEXT(2) 
PARAMETRIC_REPRESENTATION_CONTEXT() REPRESENTATION_CONTEXT('2D SPACE',''
  ) );
#2564 = ORIENTED_EDGE('',*,*,#2565,.T.);
#2565 = EDGE_CURVE('',#2544,#2379,#2566,.T.);
#2566 = SURFACE_CURVE('',#2567,(#2571,#2578),.PCURVE_S1.);
#2567 = LINE('',#2568,#2569);
#2568 = CARTESIAN_POINT('',(32.5,0.,-4.440892098501E-16));
#2569 = VECTOR('',#2570,1.);
#2570 = DIRECTION('',(0.,1.,0.));
#2571 = PCURVE('',#1994,#2572);
#2572 = DEFINITIONAL_REPRESENTATION('',(#2573),#2577);
#2573 = LINE('',#2574,#2575);
#2574 = CARTESIAN_POINT('',(1.570796326795,0.));
#2575 = VECTOR('',#2576,1.);
#2576 = DIRECTION('',(0.,1.));
#2577 = ( GEOMETRIC_REPRESENTATION_CONTEXT(2) 
PARAMETRIC_REPRESENTATION_CONTEXT() REPRESENTATION_CONTEXT('2D SPACE',''
  ) );
#2578 = PCURVE('',#2321,#2579);
#2579 = DEFINITIONAL_REPRESENTATION('',(#2580),#2584);
#2580 = LINE('',#2581,#2582);
#2581 = CARTESIAN_POINT('',(50.916666666667,58.5));
#2582 = VECTOR('',#2583,1.);
#2583 = DIRECTION('',(-0.912195121951,-0.409756097561));
#2584 = ( GEOMETRIC_REPRESENTATION_CONTEXT(2) 
PARAMETRIC_REPRESENTATION_CONTEXT() REPRESENTATION_CONTEXT('2D SPACE',''
  ) );
#2585 = ORIENTED_EDGE('',*,*,#2586,.T.);
#2586 = EDGE_CURVE('',#2379,#1979,#2587,.T.);
#2587 = SURFACE_CURVE('',#2588,(#2593,#2599),.PCURVE_S1.);
#2588 = CIRCLE('',#2589,2.5);
#2589 = AXIS2_PLACEMENT_3D('',#2590,#2591,#2592);
#2590 = CARTESIAN_POINT('',(32.5,5.865202811677,2.5));
#2591 = DIRECTION('',(5.495603971895E-15,-1.,0.));
#2592 = DIRECTION('',(1.,5.495603971895E-15,0.));
#2593 = PCURVE('',#1994,#2594);
#2594 = DEFINITIONAL_REPRESENTATION('',(#2595),#2598);
#2595 = B_SPLINE_CURVE_WITH_KNOTS('',1,(#2596,#2597),.UNSPECIFIED.,.F.,
  .F.,(2,2),(4.712388980385,6.28318530718),.PIECEWISE_BEZIER_KNOTS.);
#2596 = CARTESIAN_POINT('',(1.570796326795,5.865202811677));
#2597 = CARTESIAN_POINT('',(0.,5.865202811677));
#2598 = ( GEOMETRIC_REPRESENTATION_CONTEXT(2) 
PARAMETRIC_REPRESENTATION_CONTEXT() REPRESENTATION_CONTEXT('2D SPACE',''
  ) );
#2599 = PCURVE('',#2394,#2600);
#2600 = DEFINITIONAL_REPRESENTATION('',(#2601),#2604);
#2601 = B_SPLINE_CURVE_WITH_KNOTS('',1,(#2602,#2603),.UNSPECIFIED.,.F.,
  .F.,(2,2),(4.712388980385,6.28318530718),.PIECEWISE_BEZIER_KNOTS.);
#2602 = CARTESIAN_POINT('',(-1.168035441141,-1.570796326795));
#2603 = CARTESIAN_POINT('',(-1.168035441141,0.));
#2604 = ( GEOMETRIC_REPRESENTATION_CONTEXT(2) 
PARAMETRIC_REPRESENTATION_CONTEXT() REPRESENTATION_CONTEXT('2D SPACE',''
  ) );
#2605 = ORIENTED_EDGE('',*,*,#1978,.F.);
#2606 = ADVANCED_FACE('',(#2607),#2098,.T.);
#2607 = FACE_BOUND('',#2608,.F.);
#2608 = EDGE_LOOP('',(#2609,#2629,#2630,#2657));
#2609 = ORIENTED_EDGE('',*,*,#2610,.T.);
#2610 = EDGE_CURVE('',#2464,#2032,#2611,.T.);
#2611 = SURFACE_CURVE('',#2612,(#2617,#2623),.PCURVE_S1.);
#2612 = CIRCLE('',#2613,2.5);
#2613 = AXIS2_PLACEMENT_3D('',#2614,#2615,#2616);
#2614 = CARTESIAN_POINT('',(-32.5,-5.865202811677,2.5));
#2615 = DIRECTION('',(-0.919982345467,0.391959798995,0.));
#2616 = DIRECTION('',(-0.391959798995,-0.919982345467,0.));
#2617 = PCURVE('',#2098,#2618);
#2618 = DEFINITIONAL_REPRESENTATION('',(#2619),#2622);
#2619 = B_SPLINE_CURVE_WITH_KNOTS('',1,(#2620,#2621),.UNSPECIFIED.,.F.,
  .F.,(2,2),(4.712388980385,6.28318530718),.PIECEWISE_BEZIER_KNOTS.);
#2620 = CARTESIAN_POINT('',(-1.942578079171E-02,1.570796326795));
#2621 = CARTESIAN_POINT('',(-1.942578079171E-02,0.));
#2622 = ( GEOMETRIC_REPRESENTATION_CONTEXT(2) 
PARAMETRIC_REPRESENTATION_CONTEXT() REPRESENTATION_CONTEXT('2D SPACE',''
  ) );
#2623 = PCURVE('',#2500,#2624);
#2624 = DEFINITIONAL_REPRESENTATION('',(#2625),#2628);
#2625 = B_SPLINE_CURVE_WITH_KNOTS('',1,(#2626,#2627),.UNSPECIFIED.,.F.,
  .F.,(2,2),(4.712388980385,6.28318530718),.PIECEWISE_BEZIER_KNOTS.);
#2626 = CARTESIAN_POINT('',(1.168035441141,-1.570796326795));
#2627 = CARTESIAN_POINT('',(1.168035441141,0.));
#2628 = ( GEOMETRIC_REPRESENTATION_CONTEXT(2) 
PARAMETRIC_REPRESENTATION_CONTEXT() REPRESENTATION_CONTEXT('2D SPACE',''
  ) );
#2629 = ORIENTED_EDGE('',*,*,#2083,.T.);
#2630 = ORIENTED_EDGE('',*,*,#2631,.F.);
#2631 = EDGE_CURVE('',#2632,#2056,#2634,.T.);
#2632 = VERTEX_POINT('',#2633);
#2633 = CARTESIAN_POINT('',(32.5,-5.865202811677,0.));
#2634 = SURFACE_CURVE('',#2635,(#2640,#2646),.PCURVE_S1.);
#2635 = CIRCLE('',#2636,2.5);
#2636 = AXIS2_PLACEMENT_3D('',#2637,#2638,#2639);
#2637 = CARTESIAN_POINT('',(32.5,-5.865202811677,2.5));
#2638 = DIRECTION('',(-0.919982345467,-0.391959798995,0.));
#2639 = DIRECTION('',(0.391959798995,-0.919982345467,0.));
#2640 = PCURVE('',#2098,#2641);
#2641 = DEFINITIONAL_REPRESENTATION('',(#2642),#2645);
#2642 = B_SPLINE_CURVE_WITH_KNOTS('',1,(#2643,#2644),.UNSPECIFIED.,.F.,
  .F.,(2,2),(4.712388980385,6.28318530718),.PIECEWISE_BEZIER_KNOTS.);
#2643 = CARTESIAN_POINT('',(-0.824947552099,1.570796326795));
#2644 = CARTESIAN_POINT('',(-0.824947552099,0.));
#2645 = ( GEOMETRIC_REPRESENTATION_CONTEXT(2) 
PARAMETRIC_REPRESENTATION_CONTEXT() REPRESENTATION_CONTEXT('2D SPACE',''
  ) );
#2646 = PCURVE('',#2647,#2652);
#2647 = SPHERICAL_SURFACE('',#2648,2.5);
#2648 = AXIS2_PLACEMENT_3D('',#2649,#2650,#2651);
#2649 = CARTESIAN_POINT('',(32.5,-5.865202811677,2.5));
#2650 = DIRECTION('',(0.,0.,1.));
#2651 = DIRECTION('',(0.391959798995,-0.919982345467,0.));
#2652 = DEFINITIONAL_REPRESENTATION('',(#2653),#2656);
#2653 = B_SPLINE_CURVE_WITH_KNOTS('',1,(#2654,#2655),.UNSPECIFIED.,.F.,
  .F.,(2,2),(4.712388980385,6.28318530718),.PIECEWISE_BEZIER_KNOTS.);
#2654 = CARTESIAN_POINT('',(0.,-1.570796326795));
#2655 = CARTESIAN_POINT('',(0.,0.));
#2656 = ( GEOMETRIC_REPRESENTATION_CONTEXT(2) 
PARAMETRIC_REPRESENTATION_CONTEXT() REPRESENTATION_CONTEXT('2D SPACE',''
  ) );
#2657 = ORIENTED_EDGE('',*,*,#2658,.F.);
#2658 = EDGE_CURVE('',#2464,#2632,#2659,.T.);
#2659 = SURFACE_CURVE('',#2660,(#2665,#2672),.PCURVE_S1.);
#2660 = CIRCLE('',#2661,82.916666666667);
#2661 = AXIS2_PLACEMENT_3D('',#2662,#2663,#2664);
#2662 = CARTESIAN_POINT('',(0.,70.416666666667,0.));
#2663 = DIRECTION('',(0.,0.,1.));
#2664 = DIRECTION('',(-0.409756097561,-0.912195121951,0.));
#2665 = PCURVE('',#2098,#2666);
#2666 = DEFINITIONAL_REPRESENTATION('',(#2667),#2671);
#2667 = LINE('',#2668,#2669);
#2668 = CARTESIAN_POINT('',(-0.,1.570796326795));
#2669 = VECTOR('',#2670,1.);
#2670 = DIRECTION('',(-1.,0.));
#2671 = ( GEOMETRIC_REPRESENTATION_CONTEXT(2) 
PARAMETRIC_REPRESENTATION_CONTEXT() REPRESENTATION_CONTEXT('2D SPACE',''
  ) );
#2672 = PCURVE('',#2321,#2673);
#2673 = DEFINITIONAL_REPRESENTATION('',(#2674),#2678);
#2674 = CIRCLE('',#2675,82.916666666667);
#2675 = AXIS2_PLACEMENT_2D('',#2676,#2677);
#2676 = CARTESIAN_POINT('',(0.,0.));
#2677 = DIRECTION('',(1.,-4.284679813629E-17));
#2678 = ( GEOMETRIC_REPRESENTATION_CONTEXT(2) 
PARAMETRIC_REPRESENTATION_CONTEXT() REPRESENTATION_CONTEXT('2D SPACE',''
  ) );
#2679 = ADVANCED_FACE('',(#2680),#2071,.T.);
#2680 = FACE_BOUND('',#2681,.T.);
#2681 = EDGE_LOOP('',(#2682,#2683,#2705,#2706));
#2682 = ORIENTED_EDGE('',*,*,#2055,.F.);
#2683 = ORIENTED_EDGE('',*,*,#2684,.T.);
#2684 = EDGE_CURVE('',#2056,#2142,#2685,.T.);
#2685 = SURFACE_CURVE('',#2686,(#2691,#2698),.PCURVE_S1.);
#2686 = CIRCLE('',#2687,2.5);
#2687 = AXIS2_PLACEMENT_3D('',#2688,#2689,#2690);
#2688 = CARTESIAN_POINT('',(32.5,-5.865202811677,2.5));
#2689 = DIRECTION('',(0.,0.,1.));
#2690 = DIRECTION('',(0.391959798995,-0.919982345467,0.));
#2691 = PCURVE('',#2071,#2692);
#2692 = DEFINITIONAL_REPRESENTATION('',(#2693),#2697);
#2693 = LINE('',#2694,#2695);
#2694 = CARTESIAN_POINT('',(0.,2.5));
#2695 = VECTOR('',#2696,1.);
#2696 = DIRECTION('',(1.,0.));
#2697 = ( GEOMETRIC_REPRESENTATION_CONTEXT(2) 
PARAMETRIC_REPRESENTATION_CONTEXT() REPRESENTATION_CONTEXT('2D SPACE',''
  ) );
#2698 = PCURVE('',#2647,#2699);
#2699 = DEFINITIONAL_REPRESENTATION('',(#2700),#2704);
#2700 = LINE('',#2701,#2702);
#2701 = CARTESIAN_POINT('',(0.,0.));
#2702 = VECTOR('',#2703,1.);
#2703 = DIRECTION('',(1.,0.));
#2704 = ( GEOMETRIC_REPRESENTATION_CONTEXT(2) 
PARAMETRIC_REPRESENTATION_CONTEXT() REPRESENTATION_CONTEXT('2D SPACE',''
  ) );
#2705 = ORIENTED_EDGE('',*,*,#2169,.T.);
#2706 = ORIENTED_EDGE('',*,*,#2115,.F.);
#2707 = ADVANCED_FACE('',(#2708),#2157,.T.);
#2708 = FACE_BOUND('',#2709,.T.);
#2709 = EDGE_LOOP('',(#2710,#2730,#2751,#2752));
#2710 = ORIENTED_EDGE('',*,*,#2711,.F.);
#2711 = EDGE_CURVE('',#2632,#2142,#2712,.T.);
#2712 = SURFACE_CURVE('',#2713,(#2718,#2724),.PCURVE_S1.);
#2713 = CIRCLE('',#2714,2.5);
#2714 = AXIS2_PLACEMENT_3D('',#2715,#2716,#2717);
#2715 = CARTESIAN_POINT('',(32.5,-5.865202811677,2.5));
#2716 = DIRECTION('',(1.33226762955E-15,-1.,0.));
#2717 = DIRECTION('',(1.,1.33226762955E-15,0.));
#2718 = PCURVE('',#2157,#2719);
#2719 = DEFINITIONAL_REPRESENTATION('',(#2720),#2723);
#2720 = B_SPLINE_CURVE_WITH_KNOTS('',1,(#2721,#2722),.UNSPECIFIED.,.F.,
  .F.,(2,2),(4.712388980385,6.28318530718),.PIECEWISE_BEZIER_KNOTS.);
#2721 = CARTESIAN_POINT('',(1.570796326795,1.634797188323));
#2722 = CARTESIAN_POINT('',(0.,1.634797188323));
#2723 = ( GEOMETRIC_REPRESENTATION_CONTEXT(2) 
PARAMETRIC_REPRESENTATION_CONTEXT() REPRESENTATION_CONTEXT('2D SPACE',''
  ) );
#2724 = PCURVE('',#2647,#2725);
#2725 = DEFINITIONAL_REPRESENTATION('',(#2726),#2729);
#2726 = B_SPLINE_CURVE_WITH_KNOTS('',1,(#2727,#2728),.UNSPECIFIED.,.F.,
  .F.,(2,2),(4.712388980385,6.28318530718),.PIECEWISE_BEZIER_KNOTS.);
#2727 = CARTESIAN_POINT('',(1.168035441141,-1.570796326795));
#2728 = CARTESIAN_POINT('',(1.168035441141,0.));
#2729 = ( GEOMETRIC_REPRESENTATION_CONTEXT(2) 
PARAMETRIC_REPRESENTATION_CONTEXT() REPRESENTATION_CONTEXT('2D SPACE',''
  ) );
#2730 = ORIENTED_EDGE('',*,*,#2731,.T.);
#2731 = EDGE_CURVE('',#2632,#2544,#2732,.T.);
#2732 = SURFACE_CURVE('',#2733,(#2737,#2744),.PCURVE_S1.);
#2733 = LINE('',#2734,#2735);
#2734 = CARTESIAN_POINT('',(32.5,-7.5,-4.440892098501E-16));
#2735 = VECTOR('',#2736,1.);
#2736 = DIRECTION('',(0.,1.,0.));
#2737 = PCURVE('',#2157,#2738);
#2738 = DEFINITIONAL_REPRESENTATION('',(#2739),#2743);
#2739 = LINE('',#2740,#2741);
#2740 = CARTESIAN_POINT('',(1.570796326795,0.));
#2741 = VECTOR('',#2742,1.);
#2742 = DIRECTION('',(0.,1.));
#2743 = ( GEOMETRIC_REPRESENTATION_CONTEXT(2) 
PARAMETRIC_REPRESENTATION_CONTEXT() REPRESENTATION_CONTEXT('2D SPACE',''
  ) );
#2744 = PCURVE('',#2321,#2745);
#2745 = DEFINITIONAL_REPRESENTATION('',(#2746),#2750);
#2746 = LINE('',#2747,#2748);
#2747 = CARTESIAN_POINT('',(57.758130081301,61.573170731707));
#2748 = VECTOR('',#2749,1.);
#2749 = DIRECTION('',(-0.912195121951,-0.409756097561));
#2750 = ( GEOMETRIC_REPRESENTATION_CONTEXT(2) 
PARAMETRIC_REPRESENTATION_CONTEXT() REPRESENTATION_CONTEXT('2D SPACE',''
  ) );
#2751 = ORIENTED_EDGE('',*,*,#2543,.F.);
#2752 = ORIENTED_EDGE('',*,*,#2141,.F.);
#2753 = ADVANCED_FACE('',(#2754,#2930),#2211,.F.);
#2754 = FACE_BOUND('',#2755,.F.);
#2755 = EDGE_LOOP('',(#2756,#2786,#2814,#2843,#2871,#2899));
#2756 = ORIENTED_EDGE('',*,*,#2757,.T.);
#2757 = EDGE_CURVE('',#2758,#2760,#2762,.T.);
#2758 = VERTEX_POINT('',#2759);
#2759 = CARTESIAN_POINT('',(-32.5,5.865202811677,49.4));
#2760 = VERTEX_POINT('',#2761);
#2761 = CARTESIAN_POINT('',(-32.5,0.,49.4));
#2762 = SURFACE_CURVE('',#2763,(#2767,#2774),.PCURVE_S1.);
#2763 = LINE('',#2764,#2765);
#2764 = CARTESIAN_POINT('',(-32.5,7.5,49.4));
#2765 = VECTOR('',#2766,1.);
#2766 = DIRECTION('',(0.,-1.,0.));
#2767 = PCURVE('',#2211,#2768);
#2768 = DEFINITIONAL_REPRESENTATION('',(#2769),#2773);
#2769 = LINE('',#2770,#2771);
#2770 = CARTESIAN_POINT('',(70.709349593496,-3.865853658537));
#2771 = VECTOR('',#2772,1.);
#2772 = DIRECTION('',(0.912195121951,0.409756097561));
#2773 = ( GEOMETRIC_REPRESENTATION_CONTEXT(2) 
PARAMETRIC_REPRESENTATION_CONTEXT() REPRESENTATION_CONTEXT('2D SPACE',''
  ) );
#2774 = PCURVE('',#2775,#2780);
#2775 = CYLINDRICAL_SURFACE('',#2776,1.9);
#2776 = AXIS2_PLACEMENT_3D('',#2777,#2778,#2779);
#2777 = CARTESIAN_POINT('',(-32.5,7.5,47.5));
#2778 = DIRECTION('',(0.,-1.,0.));
#2779 = DIRECTION('',(-1.,0.,0.));
#2780 = DEFINITIONAL_REPRESENTATION('',(#2781),#2785);
#2781 = LINE('',#2782,#2783);
#2782 = CARTESIAN_POINT('',(-1.570796326795,0.));
#2783 = VECTOR('',#2784,1.);
#2784 = DIRECTION('',(-0.,1.));
#2785 = ( GEOMETRIC_REPRESENTATION_CONTEXT(2) 
PARAMETRIC_REPRESENTATION_CONTEXT() REPRESENTATION_CONTEXT('2D SPACE',''
  ) );
#2786 = ORIENTED_EDGE('',*,*,#2787,.T.);
#2787 = EDGE_CURVE('',#2760,#2788,#2790,.T.);
#2788 = VERTEX_POINT('',#2789);
#2789 = CARTESIAN_POINT('',(-32.5,-5.865202811677,49.4));
#2790 = SURFACE_CURVE('',#2791,(#2795,#2802),.PCURVE_S1.);
#2791 = LINE('',#2792,#2793);
#2792 = CARTESIAN_POINT('',(-32.5,0.,49.4));
#2793 = VECTOR('',#2794,1.);
#2794 = DIRECTION('',(0.,-1.,0.));
#2795 = PCURVE('',#2211,#2796);
#2796 = DEFINITIONAL_REPRESENTATION('',(#2797),#2801);
#2797 = LINE('',#2798,#2799);
#2798 = CARTESIAN_POINT('',(77.55081300813,-0.792682926829));
#2799 = VECTOR('',#2800,1.);
#2800 = DIRECTION('',(0.912195121951,0.409756097561));
#2801 = ( GEOMETRIC_REPRESENTATION_CONTEXT(2) 
PARAMETRIC_REPRESENTATION_CONTEXT() REPRESENTATION_CONTEXT('2D SPACE',''
  ) );
#2802 = PCURVE('',#2803,#2808);
#2803 = CYLINDRICAL_SURFACE('',#2804,1.9);
#2804 = AXIS2_PLACEMENT_3D('',#2805,#2806,#2807);
#2805 = CARTESIAN_POINT('',(-32.5,0.,47.5));
#2806 = DIRECTION('',(0.,-1.,0.));
#2807 = DIRECTION('',(-1.,0.,0.));
#2808 = DEFINITIONAL_REPRESENTATION('',(#2809),#2813);
#2809 = LINE('',#2810,#2811);
#2810 = CARTESIAN_POINT('',(-1.570796326795,0.));
#2811 = VECTOR('',#2812,1.);
#2812 = DIRECTION('',(-0.,1.));
#2813 = ( GEOMETRIC_REPRESENTATION_CONTEXT(2) 
PARAMETRIC_REPRESENTATION_CONTEXT() REPRESENTATION_CONTEXT('2D SPACE',''
  ) );
#2814 = ORIENTED_EDGE('',*,*,#2815,.T.);
#2815 = EDGE_CURVE('',#2788,#2816,#2818,.T.);
#2816 = VERTEX_POINT('',#2817);
#2817 = CARTESIAN_POINT('',(32.5,-5.865202811677,49.4));
#2818 = SURFACE_CURVE('',#2819,(#2824,#2831),.PCURVE_S1.);
#2819 = CIRCLE('',#2820,82.916666666667);
#2820 = AXIS2_PLACEMENT_3D('',#2821,#2822,#2823);
#2821 = CARTESIAN_POINT('',(0.,70.416666666667,49.4));
#2822 = DIRECTION('',(0.,0.,1.));
#2823 = DIRECTION('',(-0.409756097561,-0.912195121951,0.));
#2824 = PCURVE('',#2211,#2825);
#2825 = DEFINITIONAL_REPRESENTATION('',(#2826),#2830);
#2826 = CIRCLE('',#2827,82.916666666667);
#2827 = AXIS2_PLACEMENT_2D('',#2828,#2829);
#2828 = CARTESIAN_POINT('',(0.,0.));
#2829 = DIRECTION('',(1.,-4.284679813629E-17));
#2830 = ( GEOMETRIC_REPRESENTATION_CONTEXT(2) 
PARAMETRIC_REPRESENTATION_CONTEXT() REPRESENTATION_CONTEXT('2D SPACE',''
  ) );
#2831 = PCURVE('',#2832,#2837);
#2832 = TOROIDAL_SURFACE('',#2833,82.916666666667,1.9);
#2833 = AXIS2_PLACEMENT_3D('',#2834,#2835,#2836);
#2834 = CARTESIAN_POINT('',(0.,70.416666666667,47.5));
#2835 = DIRECTION('',(0.,0.,1.));
#2836 = DIRECTION('',(-0.409756097561,-0.912195121951,0.));
#2837 = DEFINITIONAL_REPRESENTATION('',(#2838),#2842);
#2838 = LINE('',#2839,#2840);
#2839 = CARTESIAN_POINT('',(0.,1.570796326795));
#2840 = VECTOR('',#2841,1.);
#2841 = DIRECTION('',(1.,0.));
#2842 = ( GEOMETRIC_REPRESENTATION_CONTEXT(2) 
PARAMETRIC_REPRESENTATION_CONTEXT() REPRESENTATION_CONTEXT('2D SPACE',''
  ) );
#2843 = ORIENTED_EDGE('',*,*,#2844,.T.);
#2844 = EDGE_CURVE('',#2816,#2845,#2847,.T.);
#2845 = VERTEX_POINT('',#2846);
#2846 = CARTESIAN_POINT('',(32.5,-1.42108547152E-14,49.4));
#2847 = SURFACE_CURVE('',#2848,(#2852,#2859),.PCURVE_S1.);
#2848 = LINE('',#2849,#2850);
#2849 = CARTESIAN_POINT('',(32.5,-7.5,49.4));
#2850 = VECTOR('',#2851,1.);
#2851 = DIRECTION('',(0.,1.,0.));
#2852 = PCURVE('',#2211,#2853);
#2853 = DEFINITIONAL_REPRESENTATION('',(#2854),#2858);
#2854 = LINE('',#2855,#2856);
#2855 = CARTESIAN_POINT('',(57.758130081301,61.573170731707));
#2856 = VECTOR('',#2857,1.);
#2857 = DIRECTION('',(-0.912195121951,-0.409756097561));
#2858 = ( GEOMETRIC_REPRESENTATION_CONTEXT(2) 
PARAMETRIC_REPRESENTATION_CONTEXT() REPRESENTATION_CONTEXT('2D SPACE',''
  ) );
#2859 = PCURVE('',#2860,#2865);
#2860 = CYLINDRICAL_SURFACE('',#2861,1.9);
#2861 = AXIS2_PLACEMENT_3D('',#2862,#2863,#2864);
#2862 = CARTESIAN_POINT('',(32.5,-7.5,47.5));
#2863 = DIRECTION('',(0.,1.,0.));
#2864 = DIRECTION('',(1.,0.,0.));
#2865 = DEFINITIONAL_REPRESENTATION('',(#2866),#2870);
#2866 = LINE('',#2867,#2868);
#2867 = CARTESIAN_POINT('',(-1.570796326795,0.));
#2868 = VECTOR('',#2869,1.);
#2869 = DIRECTION('',(-0.,1.));
#2870 = ( GEOMETRIC_REPRESENTATION_CONTEXT(2) 
PARAMETRIC_REPRESENTATION_CONTEXT() REPRESENTATION_CONTEXT('2D SPACE',''
  ) );
#2871 = ORIENTED_EDGE('',*,*,#2872,.T.);
#2872 = EDGE_CURVE('',#2845,#2873,#2875,.T.);
#2873 = VERTEX_POINT('',#2874);
#2874 = CARTESIAN_POINT('',(32.5,5.865202811677,49.4));
#2875 = SURFACE_CURVE('',#2876,(#2880,#2887),.PCURVE_S1.);
#2876 = LINE('',#2877,#2878);
#2877 = CARTESIAN_POINT('',(32.5,0.,49.4));
#2878 = VECTOR('',#2879,1.);
#2879 = DIRECTION('',(0.,1.,0.));
#2880 = PCURVE('',#2211,#2881);
#2881 = DEFINITIONAL_REPRESENTATION('',(#2882),#2886);
#2882 = LINE('',#2883,#2884);
#2883 = CARTESIAN_POINT('',(50.916666666667,58.5));
#2884 = VECTOR('',#2885,1.);
#2885 = DIRECTION('',(-0.912195121951,-0.409756097561));
#2886 = ( GEOMETRIC_REPRESENTATION_CONTEXT(2) 
PARAMETRIC_REPRESENTATION_CONTEXT() REPRESENTATION_CONTEXT('2D SPACE',''
  ) );
#2887 = PCURVE('',#2888,#2893);
#2888 = CYLINDRICAL_SURFACE('',#2889,1.9);
#2889 = AXIS2_PLACEMENT_3D('',#2890,#2891,#2892);
#2890 = CARTESIAN_POINT('',(32.5,0.,47.5));
#2891 = DIRECTION('',(0.,1.,0.));
#2892 = DIRECTION('',(1.,0.,0.));
#2893 = DEFINITIONAL_REPRESENTATION('',(#2894),#2898);
#2894 = LINE('',#2895,#2896);
#2895 = CARTESIAN_POINT('',(-1.570796326795,0.));
#2896 = VECTOR('',#2897,1.);
#2897 = DIRECTION('',(-0.,1.));
#2898 = ( GEOMETRIC_REPRESENTATION_CONTEXT(2) 
PARAMETRIC_REPRESENTATION_CONTEXT() REPRESENTATION_CONTEXT('2D SPACE',''
  ) );
#2899 = ORIENTED_EDGE('',*,*,#2900,.F.);
#2900 = EDGE_CURVE('',#2758,#2873,#2901,.T.);
#2901 = SURFACE_CURVE('',#2902,(#2907,#2918),.PCURVE_S1.);
#2902 = CIRCLE('',#2903,82.916666666667);
#2903 = AXIS2_PLACEMENT_3D('',#2904,#2905,#2906);
#2904 = CARTESIAN_POINT('',(0.,-70.41666666666,49.4));
#2905 = DIRECTION('',(0.,0.,-1.));
#2906 = DIRECTION('',(-0.409756097561,0.912195121951,0.));
#2907 = PCURVE('',#2211,#2908);
#2908 = DEFINITIONAL_REPRESENTATION('',(#2909),#2917);
#2909 = ( BOUNDED_CURVE() B_SPLINE_CURVE(2,(#2910,#2911,#2912,#2913,
#2914,#2915,#2916),.UNSPECIFIED.,.T.,.F.) B_SPLINE_CURVE_WITH_KNOTS((1,2
    ,2,2,2,1),(-2.094395102393,0.,2.094395102393,4.188790204786,
6.28318530718,8.377580409573),.UNSPECIFIED.) CURVE() 
GEOMETRIC_REPRESENTATION_ITEM() RATIONAL_B_SPLINE_CURVE((1.,0.5,1.,0.5,
1.,0.5,1.)) REPRESENTATION_ITEM('') );
#2910 = CARTESIAN_POINT('',(73.394239539957,-4.27745389649));
#2911 = CARTESIAN_POINT('',(-33.96653307501,91.112196154495));
#2912 = CARTESIAN_POINT('',(102.32371343473,136.39452758349));
#2913 = CARTESIAN_POINT('',(238.61395994447,181.67685901249));
#2914 = CARTESIAN_POINT('',(209.6844860497,41.004877532509));
#2915 = CARTESIAN_POINT('',(180.75501215493,-99.66710394747));
#2916 = CARTESIAN_POINT('',(73.394239539957,-4.27745389649));
#2917 = ( GEOMETRIC_REPRESENTATION_CONTEXT(2) 
PARAMETRIC_REPRESENTATION_CONTEXT() REPRESENTATION_CONTEXT('2D SPACE',''
  ) );
#2918 = PCURVE('',#2919,#2924);
#2919 = TOROIDAL_SURFACE('',#2920,82.916666666667,1.9);
#2920 = AXIS2_PLACEMENT_3D('',#2921,#2922,#2923);
#2921 = CARTESIAN_POINT('',(0.,-70.41666666666,47.5));
#2922 = DIRECTION('',(0.,0.,1.));
#2923 = DIRECTION('',(-0.409756097561,0.912195121951,0.));
#2924 = DEFINITIONAL_REPRESENTATION('',(#2925),#2929);
#2925 = LINE('',#2926,#2927);
#2926 = CARTESIAN_POINT('',(-0.,1.570796326795));
#2927 = VECTOR('',#2928,1.);
#2928 = DIRECTION('',(-1.,0.));
#2929 = ( GEOMETRIC_REPRESENTATION_CONTEXT(2) 
PARAMETRIC_REPRESENTATION_CONTEXT() REPRESENTATION_CONTEXT('2D SPACE',''
  ) );
#2930 = FACE_BOUND('',#2931,.F.);
#2931 = EDGE_LOOP('',(#2932));
#2932 = ORIENTED_EDGE('',*,*,#2194,.F.);
#2933 = ADVANCED_FACE('',(#2934),#2266,.T.);
#2934 = FACE_BOUND('',#2935,.T.);
#2935 = EDGE_LOOP('',(#2936,#2937,#2938));
#2936 = ORIENTED_EDGE('',*,*,#2357,.F.);
#2937 = ORIENTED_EDGE('',*,*,#2283,.T.);
#2938 = ORIENTED_EDGE('',*,*,#2251,.F.);
#2939 = ADVANCED_FACE('',(#2940),#2321,.F.);
#2940 = FACE_BOUND('',#2941,.F.);
#2941 = EDGE_LOOP('',(#2942,#2943,#2944,#2945,#2946,#2947));
#2942 = ORIENTED_EDGE('',*,*,#2305,.T.);
#2943 = ORIENTED_EDGE('',*,*,#2463,.T.);
#2944 = ORIENTED_EDGE('',*,*,#2658,.T.);
#2945 = ORIENTED_EDGE('',*,*,#2731,.T.);
#2946 = ORIENTED_EDGE('',*,*,#2565,.T.);
#2947 = ORIENTED_EDGE('',*,*,#2405,.F.);
#2948 = ADVANCED_FACE('',(#2949),#2394,.T.);
#2949 = FACE_BOUND('',#2950,.F.);
#2950 = EDGE_LOOP('',(#2951,#2952,#2953));
#2951 = ORIENTED_EDGE('',*,*,#2378,.F.);
#2952 = ORIENTED_EDGE('',*,*,#2586,.T.);
#2953 = ORIENTED_EDGE('',*,*,#2435,.F.);
#2954 = ADVANCED_FACE('',(#2955),#2500,.T.);
#2955 = FACE_BOUND('',#2956,.T.);
#2956 = EDGE_LOOP('',(#2957,#2958,#2959));
#2957 = ORIENTED_EDGE('',*,*,#2486,.F.);
#2958 = ORIENTED_EDGE('',*,*,#2610,.T.);
#2959 = ORIENTED_EDGE('',*,*,#2516,.F.);
#2960 = ADVANCED_FACE('',(#2961),#2647,.T.);
#2961 = FACE_BOUND('',#2962,.T.);
#2962 = EDGE_LOOP('',(#2963,#2964,#2965));
#2963 = ORIENTED_EDGE('',*,*,#2631,.F.);
#2964 = ORIENTED_EDGE('',*,*,#2711,.T.);
#2965 = ORIENTED_EDGE('',*,*,#2684,.F.);
#2966 = ADVANCED_FACE('',(#2967),#2775,.F.);
#2967 = FACE_BOUND('',#2968,.T.);
#2968 = EDGE_LOOP('',(#2969,#2998,#2999,#3023));
#2969 = ORIENTED_EDGE('',*,*,#2970,.F.);
#2970 = EDGE_CURVE('',#2758,#2971,#2973,.T.);
#2971 = VERTEX_POINT('',#2972);
#2972 = CARTESIAN_POINT('',(-34.4,5.865202811677,47.5));
#2973 = SURFACE_CURVE('',#2974,(#2979,#2986),.PCURVE_S1.);
#2974 = CIRCLE('',#2975,1.9);
#2975 = AXIS2_PLACEMENT_3D('',#2976,#2977,#2978);
#2976 = CARTESIAN_POINT('',(-32.5,5.865202811677,47.5));
#2977 = DIRECTION('',(-2.109423746788E-15,-1.,-1.127872723682E-32));
#2978 = DIRECTION('',(-1.,2.109423746788E-15,-2.449212707645E-16));
#2979 = PCURVE('',#2775,#2980);
#2980 = DEFINITIONAL_REPRESENTATION('',(#2981),#2985);
#2981 = LINE('',#2982,#2983);
#2982 = CARTESIAN_POINT('',(-6.28318530718,1.634797188323));
#2983 = VECTOR('',#2984,1.);
#2984 = DIRECTION('',(1.,-0.));
#2985 = ( GEOMETRIC_REPRESENTATION_CONTEXT(2) 
PARAMETRIC_REPRESENTATION_CONTEXT() REPRESENTATION_CONTEXT('2D SPACE',''
  ) );
#2986 = PCURVE('',#2987,#2992);
#2987 = SPHERICAL_SURFACE('',#2988,1.9);
#2988 = AXIS2_PLACEMENT_3D('',#2989,#2990,#2991);
#2989 = CARTESIAN_POINT('',(-32.5,5.865202811677,47.5));
#2990 = DIRECTION('',(0.,0.,-1.));
#2991 = DIRECTION('',(-0.391959798995,0.919982345467,0.));
#2992 = DEFINITIONAL_REPRESENTATION('',(#2993),#2997);
#2993 = LINE('',#2994,#2995);
#2994 = CARTESIAN_POINT('',(-1.168035441141,-6.28318530718));
#2995 = VECTOR('',#2996,1.);
#2996 = DIRECTION('',(-0.,1.));
#2997 = ( GEOMETRIC_REPRESENTATION_CONTEXT(2) 
PARAMETRIC_REPRESENTATION_CONTEXT() REPRESENTATION_CONTEXT('2D SPACE',''
  ) );
#2998 = ORIENTED_EDGE('',*,*,#2757,.T.);
#2999 = ORIENTED_EDGE('',*,*,#3000,.F.);
#3000 = EDGE_CURVE('',#3001,#2760,#3003,.T.);
#3001 = VERTEX_POINT('',#3002);
#3002 = CARTESIAN_POINT('',(-34.4,0.,47.5));
#3003 = SURFACE_CURVE('',#3004,(#3009,#3016),.PCURVE_S1.);
#3004 = CIRCLE('',#3005,1.9);
#3005 = AXIS2_PLACEMENT_3D('',#3006,#3007,#3008);
#3006 = CARTESIAN_POINT('',(-32.5,0.,47.5));
#3007 = DIRECTION('',(0.,1.,0.));
#3008 = DIRECTION('',(-1.,0.,0.));
#3009 = PCURVE('',#2775,#3010);
#3010 = DEFINITIONAL_REPRESENTATION('',(#3011),#3015);
#3011 = LINE('',#3012,#3013);
#3012 = CARTESIAN_POINT('',(-0.,7.5));
#3013 = VECTOR('',#3014,1.);
#3014 = DIRECTION('',(-1.,0.));
#3015 = ( GEOMETRIC_REPRESENTATION_CONTEXT(2) 
PARAMETRIC_REPRESENTATION_CONTEXT() REPRESENTATION_CONTEXT('2D SPACE',''
  ) );
#3016 = PCURVE('',#2803,#3017);
#3017 = DEFINITIONAL_REPRESENTATION('',(#3018),#3022);
#3018 = LINE('',#3019,#3020);
#3019 = CARTESIAN_POINT('',(-0.,0.));
#3020 = VECTOR('',#3021,1.);
#3021 = DIRECTION('',(-1.,0.));
#3022 = ( GEOMETRIC_REPRESENTATION_CONTEXT(2) 
PARAMETRIC_REPRESENTATION_CONTEXT() REPRESENTATION_CONTEXT('2D SPACE',''
  ) );
#3023 = ORIENTED_EDGE('',*,*,#3024,.F.);
#3024 = EDGE_CURVE('',#2971,#3001,#3025,.T.);
#3025 = SURFACE_CURVE('',#3026,(#3030,#3037),.PCURVE_S1.);
#3026 = LINE('',#3027,#3028);
#3027 = CARTESIAN_POINT('',(-34.4,7.5,47.5));
#3028 = VECTOR('',#3029,1.);
#3029 = DIRECTION('',(0.,-1.,0.));
#3030 = PCURVE('',#2775,#3031);
#3031 = DEFINITIONAL_REPRESENTATION('',(#3032),#3036);
#3032 = LINE('',#3033,#3034);
#3033 = CARTESIAN_POINT('',(-0.,0.));
#3034 = VECTOR('',#3035,1.);
#3035 = DIRECTION('',(-0.,1.));
#3036 = ( GEOMETRIC_REPRESENTATION_CONTEXT(2) 
PARAMETRIC_REPRESENTATION_CONTEXT() REPRESENTATION_CONTEXT('2D SPACE',''
  ) );
#3037 = PCURVE('',#3038,#3043);
#3038 = PLANE('',#3039);
#3039 = AXIS2_PLACEMENT_3D('',#3040,#3041,#3042);
#3040 = CARTESIAN_POINT('',(-34.4,0.,0.));
#3041 = DIRECTION('',(-1.,0.,0.));
#3042 = DIRECTION('',(0.,1.,0.));
#3043 = DEFINITIONAL_REPRESENTATION('',(#3044),#3048);
#3044 = LINE('',#3045,#3046);
#3045 = CARTESIAN_POINT('',(7.5,-47.5));
#3046 = VECTOR('',#3047,1.);
#3047 = DIRECTION('',(-1.,0.));
#3048 = ( GEOMETRIC_REPRESENTATION_CONTEXT(2) 
PARAMETRIC_REPRESENTATION_CONTEXT() REPRESENTATION_CONTEXT('2D SPACE',''
  ) );
#3049 = ADVANCED_FACE('',(#3050),#2919,.F.);
#3050 = FACE_BOUND('',#3051,.T.);
#3051 = EDGE_LOOP('',(#3052,#3076,#3105,#3132));
#3052 = ORIENTED_EDGE('',*,*,#3053,.T.);
#3053 = EDGE_CURVE('',#2758,#3054,#3056,.T.);
#3054 = VERTEX_POINT('',#3055);
#3055 = CARTESIAN_POINT('',(-33.24472361809,7.613169268066,47.5));
#3056 = SURFACE_CURVE('',#3057,(#3062,#3069),.PCURVE_S1.);
#3057 = CIRCLE('',#3058,1.9);
#3058 = AXIS2_PLACEMENT_3D('',#3059,#3060,#3061);
#3059 = CARTESIAN_POINT('',(-32.5,5.865202811677,47.5));
#3060 = DIRECTION('',(-0.919982345467,-0.391959798995,1.232595164408E-32
    ));
#3061 = DIRECTION('',(-0.391959798995,0.919982345467,-2.449212707645E-16
    ));
#3062 = PCURVE('',#2919,#3063);
#3063 = DEFINITIONAL_REPRESENTATION('',(#3064),#3068);
#3064 = LINE('',#3065,#3066);
#3065 = CARTESIAN_POINT('',(-1.942578079171E-02,6.28318530718));
#3066 = VECTOR('',#3067,1.);
#3067 = DIRECTION('',(-0.,-1.));
#3068 = ( GEOMETRIC_REPRESENTATION_CONTEXT(2) 
PARAMETRIC_REPRESENTATION_CONTEXT() REPRESENTATION_CONTEXT('2D SPACE',''
  ) );
#3069 = PCURVE('',#2987,#3070);
#3070 = DEFINITIONAL_REPRESENTATION('',(#3071),#3075);
#3071 = LINE('',#3072,#3073);
#3072 = CARTESIAN_POINT('',(-0.,-6.28318530718));
#3073 = VECTOR('',#3074,1.);
#3074 = DIRECTION('',(-0.,1.));
#3075 = ( GEOMETRIC_REPRESENTATION_CONTEXT(2) 
PARAMETRIC_REPRESENTATION_CONTEXT() REPRESENTATION_CONTEXT('2D SPACE',''
  ) );
#3076 = ORIENTED_EDGE('',*,*,#3077,.T.);
#3077 = EDGE_CURVE('',#3054,#3078,#3080,.T.);
#3078 = VERTEX_POINT('',#3079);
#3079 = CARTESIAN_POINT('',(33.24472361809,7.613169268066,47.5));
#3080 = SURFACE_CURVE('',#3081,(#3086,#3093),.PCURVE_S1.);
#3081 = CIRCLE('',#3082,84.816666666667);
#3082 = AXIS2_PLACEMENT_3D('',#3083,#3084,#3085);
#3083 = CARTESIAN_POINT('',(0.,-70.41666666666,47.5));
#3084 = DIRECTION('',(0.,0.,-1.));
#3085 = DIRECTION('',(-0.409756097561,0.912195121951,0.));
#3086 = PCURVE('',#2919,#3087);
#3087 = DEFINITIONAL_REPRESENTATION('',(#3088),#3092);
#3088 = LINE('',#3089,#3090);
#3089 = CARTESIAN_POINT('',(-0.,0.));
#3090 = VECTOR('',#3091,1.);
#3091 = DIRECTION('',(-1.,0.));
#3092 = ( GEOMETRIC_REPRESENTATION_CONTEXT(2) 
PARAMETRIC_REPRESENTATION_CONTEXT() REPRESENTATION_CONTEXT('2D SPACE',''
  ) );
#3093 = PCURVE('',#3094,#3099);
#3094 = CYLINDRICAL_SURFACE('',#3095,84.816666666667);
#3095 = AXIS2_PLACEMENT_3D('',#3096,#3097,#3098);
#3096 = CARTESIAN_POINT('',(0.,-70.41666666666,0.));
#3097 = DIRECTION('',(0.,0.,-1.));
#3098 = DIRECTION('',(-0.409756097561,0.912195121951,0.));
#3099 = DEFINITIONAL_REPRESENTATION('',(#3100),#3104);
#3100 = LINE('',#3101,#3102);
#3101 = CARTESIAN_POINT('',(0.,-47.5));
#3102 = VECTOR('',#3103,1.);
#3103 = DIRECTION('',(1.,0.));
#3104 = ( GEOMETRIC_REPRESENTATION_CONTEXT(2) 
PARAMETRIC_REPRESENTATION_CONTEXT() REPRESENTATION_CONTEXT('2D SPACE',''
  ) );
#3105 = ORIENTED_EDGE('',*,*,#3106,.F.);
#3106 = EDGE_CURVE('',#2873,#3078,#3107,.T.);
#3107 = SURFACE_CURVE('',#3108,(#3113,#3120),.PCURVE_S1.);
#3108 = CIRCLE('',#3109,1.9);
#3109 = AXIS2_PLACEMENT_3D('',#3110,#3111,#3112);
#3110 = CARTESIAN_POINT('',(32.5,5.865202811677,47.5));
#3111 = DIRECTION('',(-0.919982345467,0.391959798995,1.232595164408E-32)
  );
#3112 = DIRECTION('',(0.391959798995,0.919982345467,-2.449212707645E-16)
  );
#3113 = PCURVE('',#2919,#3114);
#3114 = DEFINITIONAL_REPRESENTATION('',(#3115),#3119);
#3115 = LINE('',#3116,#3117);
#3116 = CARTESIAN_POINT('',(-0.824947552099,6.28318530718));
#3117 = VECTOR('',#3118,1.);
#3118 = DIRECTION('',(-0.,-1.));
#3119 = ( GEOMETRIC_REPRESENTATION_CONTEXT(2) 
PARAMETRIC_REPRESENTATION_CONTEXT() REPRESENTATION_CONTEXT('2D SPACE',''
  ) );
#3120 = PCURVE('',#3121,#3126);
#3121 = SPHERICAL_SURFACE('',#3122,1.9);
#3122 = AXIS2_PLACEMENT_3D('',#3123,#3124,#3125);
#3123 = CARTESIAN_POINT('',(32.5,5.865202811677,47.5));
#3124 = DIRECTION('',(0.,0.,-1.));
#3125 = DIRECTION('',(0.391959798995,0.919982345467,0.));
#3126 = DEFINITIONAL_REPRESENTATION('',(#3127),#3131);
#3127 = LINE('',#3128,#3129);
#3128 = CARTESIAN_POINT('',(0.,-6.28318530718));
#3129 = VECTOR('',#3130,1.);
#3130 = DIRECTION('',(0.,1.));
#3131 = ( GEOMETRIC_REPRESENTATION_CONTEXT(2) 
PARAMETRIC_REPRESENTATION_CONTEXT() REPRESENTATION_CONTEXT('2D SPACE',''
  ) );
#3132 = ORIENTED_EDGE('',*,*,#2900,.F.);
#3133 = ADVANCED_FACE('',(#3134),#2803,.F.);
#3134 = FACE_BOUND('',#3135,.T.);
#3135 = EDGE_LOOP('',(#3136,#3137,#3138,#3167));
#3136 = ORIENTED_EDGE('',*,*,#3000,.T.);
#3137 = ORIENTED_EDGE('',*,*,#2787,.T.);
#3138 = ORIENTED_EDGE('',*,*,#3139,.T.);
#3139 = EDGE_CURVE('',#2788,#3140,#3142,.T.);
#3140 = VERTEX_POINT('',#3141);
#3141 = CARTESIAN_POINT('',(-34.4,-5.865202811677,47.5));
#3142 = SURFACE_CURVE('',#3143,(#3148,#3155),.PCURVE_S1.);
#3143 = CIRCLE('',#3144,1.9);
#3144 = AXIS2_PLACEMENT_3D('',#3145,#3146,#3147);
#3145 = CARTESIAN_POINT('',(-32.5,-5.865202811677,47.5));
#3146 = DIRECTION('',(0.,-1.,0.));
#3147 = DIRECTION('',(-1.,-0.,-2.449212707645E-16));
#3148 = PCURVE('',#2803,#3149);
#3149 = DEFINITIONAL_REPRESENTATION('',(#3150),#3154);
#3150 = LINE('',#3151,#3152);
#3151 = CARTESIAN_POINT('',(-6.28318530718,5.865202811677));
#3152 = VECTOR('',#3153,1.);
#3153 = DIRECTION('',(1.,-0.));
#3154 = ( GEOMETRIC_REPRESENTATION_CONTEXT(2) 
PARAMETRIC_REPRESENTATION_CONTEXT() REPRESENTATION_CONTEXT('2D SPACE',''
  ) );
#3155 = PCURVE('',#3156,#3161);
#3156 = SPHERICAL_SURFACE('',#3157,1.9);
#3157 = AXIS2_PLACEMENT_3D('',#3158,#3159,#3160);
#3158 = CARTESIAN_POINT('',(-32.5,-5.865202811677,47.5));
#3159 = DIRECTION('',(0.,0.,-1.));
#3160 = DIRECTION('',(-1.,0.,0.));
#3161 = DEFINITIONAL_REPRESENTATION('',(#3162),#3166);
#3162 = LINE('',#3163,#3164);
#3163 = CARTESIAN_POINT('',(-0.,-6.28318530718));
#3164 = VECTOR('',#3165,1.);
#3165 = DIRECTION('',(-0.,1.));
#3166 = ( GEOMETRIC_REPRESENTATION_CONTEXT(2) 
PARAMETRIC_REPRESENTATION_CONTEXT() REPRESENTATION_CONTEXT('2D SPACE',''
  ) );
#3167 = ORIENTED_EDGE('',*,*,#3168,.F.);
#3168 = EDGE_CURVE('',#3001,#3140,#3169,.T.);
#3169 = SURFACE_CURVE('',#3170,(#3174,#3181),.PCURVE_S1.);
#3170 = LINE('',#3171,#3172);
#3171 = CARTESIAN_POINT('',(-34.4,0.,47.5));
#3172 = VECTOR('',#3173,1.);
#3173 = DIRECTION('',(0.,-1.,0.));
#3174 = PCURVE('',#2803,#3175);
#3175 = DEFINITIONAL_REPRESENTATION('',(#3176),#3180);
#3176 = LINE('',#3177,#3178);
#3177 = CARTESIAN_POINT('',(-0.,0.));
#3178 = VECTOR('',#3179,1.);
#3179 = DIRECTION('',(-0.,1.));
#3180 = ( GEOMETRIC_REPRESENTATION_CONTEXT(2) 
PARAMETRIC_REPRESENTATION_CONTEXT() REPRESENTATION_CONTEXT('2D SPACE',''
  ) );
#3181 = PCURVE('',#3182,#3187);
#3182 = PLANE('',#3183);
#3183 = AXIS2_PLACEMENT_3D('',#3184,#3185,#3186);
#3184 = CARTESIAN_POINT('',(-34.4,0.,0.));
#3185 = DIRECTION('',(1.,0.,0.));
#3186 = DIRECTION('',(0.,-1.,0.));
#3187 = DEFINITIONAL_REPRESENTATION('',(#3188),#3192);
#3188 = LINE('',#3189,#3190);
#3189 = CARTESIAN_POINT('',(0.,-47.5));
#3190 = VECTOR('',#3191,1.);
#3191 = DIRECTION('',(1.,0.));
#3192 = ( GEOMETRIC_REPRESENTATION_CONTEXT(2) 
PARAMETRIC_REPRESENTATION_CONTEXT() REPRESENTATION_CONTEXT('2D SPACE',''
  ) );
#3193 = ADVANCED_FACE('',(#3194),#2888,.F.);
#3194 = FACE_BOUND('',#3195,.T.);
#3195 = EDGE_LOOP('',(#3196,#3220,#3221,#3245));
#3196 = ORIENTED_EDGE('',*,*,#3197,.T.);
#3197 = EDGE_CURVE('',#3198,#2845,#3200,.T.);
#3198 = VERTEX_POINT('',#3199);
#3199 = CARTESIAN_POINT('',(34.4,0.,47.5));
#3200 = SURFACE_CURVE('',#3201,(#3206,#3213),.PCURVE_S1.);
#3201 = CIRCLE('',#3202,1.9);
#3202 = AXIS2_PLACEMENT_3D('',#3203,#3204,#3205);
#3203 = CARTESIAN_POINT('',(32.5,0.,47.5));
#3204 = DIRECTION('',(0.,-1.,0.));
#3205 = DIRECTION('',(1.,0.,0.));
#3206 = PCURVE('',#2888,#3207);
#3207 = DEFINITIONAL_REPRESENTATION('',(#3208),#3212);
#3208 = LINE('',#3209,#3210);
#3209 = CARTESIAN_POINT('',(-0.,0.));
#3210 = VECTOR('',#3211,1.);
#3211 = DIRECTION('',(-1.,0.));
#3212 = ( GEOMETRIC_REPRESENTATION_CONTEXT(2) 
PARAMETRIC_REPRESENTATION_CONTEXT() REPRESENTATION_CONTEXT('2D SPACE',''
  ) );
#3213 = PCURVE('',#2860,#3214);
#3214 = DEFINITIONAL_REPRESENTATION('',(#3215),#3219);
#3215 = LINE('',#3216,#3217);
#3216 = CARTESIAN_POINT('',(-0.,7.5));
#3217 = VECTOR('',#3218,1.);
#3218 = DIRECTION('',(-1.,0.));
#3219 = ( GEOMETRIC_REPRESENTATION_CONTEXT(2) 
PARAMETRIC_REPRESENTATION_CONTEXT() REPRESENTATION_CONTEXT('2D SPACE',''
  ) );
#3220 = ORIENTED_EDGE('',*,*,#2872,.T.);
#3221 = ORIENTED_EDGE('',*,*,#3222,.T.);
#3222 = EDGE_CURVE('',#2873,#3223,#3225,.T.);
#3223 = VERTEX_POINT('',#3224);
#3224 = CARTESIAN_POINT('',(34.4,5.865202811677,47.5));
#3225 = SURFACE_CURVE('',#3226,(#3231,#3238),.PCURVE_S1.);
#3226 = CIRCLE('',#3227,1.9);
#3227 = AXIS2_PLACEMENT_3D('',#3228,#3229,#3230);
#3228 = CARTESIAN_POINT('',(32.5,5.865202811677,47.5));
#3229 = DIRECTION('',(-5.551115123126E-15,1.,3.73148926725E-33));
#3230 = DIRECTION('',(1.,5.551115123126E-15,-2.449212707645E-16));
#3231 = PCURVE('',#2888,#3232);
#3232 = DEFINITIONAL_REPRESENTATION('',(#3233),#3237);
#3233 = LINE('',#3234,#3235);
#3234 = CARTESIAN_POINT('',(-6.28318530718,5.865202811677));
#3235 = VECTOR('',#3236,1.);
#3236 = DIRECTION('',(1.,-0.));
#3237 = ( GEOMETRIC_REPRESENTATION_CONTEXT(2) 
PARAMETRIC_REPRESENTATION_CONTEXT() REPRESENTATION_CONTEXT('2D SPACE',''
  ) );
#3238 = PCURVE('',#3121,#3239);
#3239 = DEFINITIONAL_REPRESENTATION('',(#3240),#3244);
#3240 = LINE('',#3241,#3242);
#3241 = CARTESIAN_POINT('',(1.168035441141,-6.28318530718));
#3242 = VECTOR('',#3243,1.);
#3243 = DIRECTION('',(0.,1.));
#3244 = ( GEOMETRIC_REPRESENTATION_CONTEXT(2) 
PARAMETRIC_REPRESENTATION_CONTEXT() REPRESENTATION_CONTEXT('2D SPACE',''
  ) );
#3245 = ORIENTED_EDGE('',*,*,#3246,.F.);
#3246 = EDGE_CURVE('',#3198,#3223,#3247,.T.);
#3247 = SURFACE_CURVE('',#3248,(#3252,#3259),.PCURVE_S1.);
#3248 = LINE('',#3249,#3250);
#3249 = CARTESIAN_POINT('',(34.4,0.,47.5));
#3250 = VECTOR('',#3251,1.);
#3251 = DIRECTION('',(0.,1.,0.));
#3252 = PCURVE('',#2888,#3253);
#3253 = DEFINITIONAL_REPRESENTATION('',(#3254),#3258);
#3254 = LINE('',#3255,#3256);
#3255 = CARTESIAN_POINT('',(-0.,0.));
#3256 = VECTOR('',#3257,1.);
#3257 = DIRECTION('',(-0.,1.));
#3258 = ( GEOMETRIC_REPRESENTATION_CONTEXT(2) 
PARAMETRIC_REPRESENTATION_CONTEXT() REPRESENTATION_CONTEXT('2D SPACE',''
  ) );
#3259 = PCURVE('',#3260,#3265);
#3260 = PLANE('',#3261);
#3261 = AXIS2_PLACEMENT_3D('',#3262,#3263,#3264);
#3262 = CARTESIAN_POINT('',(34.4,7.5,0.));
#3263 = DIRECTION('',(1.,0.,0.));
#3264 = DIRECTION('',(0.,-1.,0.));
#3265 = DEFINITIONAL_REPRESENTATION('',(#3266),#3270);
#3266 = LINE('',#3267,#3268);
#3267 = CARTESIAN_POINT('',(7.5,-47.5));
#3268 = VECTOR('',#3269,1.);
#3269 = DIRECTION('',(-1.,0.));
#3270 = ( GEOMETRIC_REPRESENTATION_CONTEXT(2) 
PARAMETRIC_REPRESENTATION_CONTEXT() REPRESENTATION_CONTEXT('2D SPACE',''
  ) );
#3271 = ADVANCED_FACE('',(#3272),#2832,.F.);
#3272 = FACE_BOUND('',#3273,.F.);
#3273 = EDGE_LOOP('',(#3274,#3298,#3327,#3354));
#3274 = ORIENTED_EDGE('',*,*,#3275,.T.);
#3275 = EDGE_CURVE('',#2788,#3276,#3278,.T.);
#3276 = VERTEX_POINT('',#3277);
#3277 = CARTESIAN_POINT('',(-33.24472361809,-7.613169268066,47.5));
#3278 = SURFACE_CURVE('',#3279,(#3284,#3291),.PCURVE_S1.);
#3279 = CIRCLE('',#3280,1.9);
#3280 = AXIS2_PLACEMENT_3D('',#3281,#3282,#3283);
#3281 = CARTESIAN_POINT('',(-32.5,-5.865202811677,47.5));
#3282 = DIRECTION('',(0.919982345467,-0.391959798995,-2.465190328816E-32
    ));
#3283 = DIRECTION('',(-0.391959798995,-0.919982345467,
    -2.449212707645E-16));
#3284 = PCURVE('',#2832,#3285);
#3285 = DEFINITIONAL_REPRESENTATION('',(#3286),#3290);
#3286 = LINE('',#3287,#3288);
#3287 = CARTESIAN_POINT('',(1.942578079171E-02,6.28318530718));
#3288 = VECTOR('',#3289,1.);
#3289 = DIRECTION('',(0.,-1.));
#3290 = ( GEOMETRIC_REPRESENTATION_CONTEXT(2) 
PARAMETRIC_REPRESENTATION_CONTEXT() REPRESENTATION_CONTEXT('2D SPACE',''
  ) );
#3291 = PCURVE('',#3156,#3292);
#3292 = DEFINITIONAL_REPRESENTATION('',(#3293),#3297);
#3293 = LINE('',#3294,#3295);
#3294 = CARTESIAN_POINT('',(-1.168035441141,-6.28318530718));
#3295 = VECTOR('',#3296,1.);
#3296 = DIRECTION('',(-0.,1.));
#3297 = ( GEOMETRIC_REPRESENTATION_CONTEXT(2) 
PARAMETRIC_REPRESENTATION_CONTEXT() REPRESENTATION_CONTEXT('2D SPACE',''
  ) );
#3298 = ORIENTED_EDGE('',*,*,#3299,.T.);
#3299 = EDGE_CURVE('',#3276,#3300,#3302,.T.);
#3300 = VERTEX_POINT('',#3301);
#3301 = CARTESIAN_POINT('',(33.24472361809,-7.613169268066,47.5));
#3302 = SURFACE_CURVE('',#3303,(#3308,#3315),.PCURVE_S1.);
#3303 = CIRCLE('',#3304,84.816666666667);
#3304 = AXIS2_PLACEMENT_3D('',#3305,#3306,#3307);
#3305 = CARTESIAN_POINT('',(0.,70.416666666667,47.5));
#3306 = DIRECTION('',(0.,0.,1.));
#3307 = DIRECTION('',(-0.409756097561,-0.912195121951,0.));
#3308 = PCURVE('',#2832,#3309);
#3309 = DEFINITIONAL_REPRESENTATION('',(#3310),#3314);
#3310 = LINE('',#3311,#3312);
#3311 = CARTESIAN_POINT('',(0.,0.));
#3312 = VECTOR('',#3313,1.);
#3313 = DIRECTION('',(1.,0.));
#3314 = ( GEOMETRIC_REPRESENTATION_CONTEXT(2) 
PARAMETRIC_REPRESENTATION_CONTEXT() REPRESENTATION_CONTEXT('2D SPACE',''
  ) );
#3315 = PCURVE('',#3316,#3321);
#3316 = CYLINDRICAL_SURFACE('',#3317,84.816666666667);
#3317 = AXIS2_PLACEMENT_3D('',#3318,#3319,#3320);
#3318 = CARTESIAN_POINT('',(0.,70.416666666667,0.));
#3319 = DIRECTION('',(0.,0.,-1.));
#3320 = DIRECTION('',(-0.409756097561,-0.912195121951,-0.));
#3321 = DEFINITIONAL_REPRESENTATION('',(#3322),#3326);
#3322 = LINE('',#3323,#3324);
#3323 = CARTESIAN_POINT('',(-0.,-47.5));
#3324 = VECTOR('',#3325,1.);
#3325 = DIRECTION('',(-1.,0.));
#3326 = ( GEOMETRIC_REPRESENTATION_CONTEXT(2) 
PARAMETRIC_REPRESENTATION_CONTEXT() REPRESENTATION_CONTEXT('2D SPACE',''
  ) );
#3327 = ORIENTED_EDGE('',*,*,#3328,.F.);
#3328 = EDGE_CURVE('',#2816,#3300,#3329,.T.);
#3329 = SURFACE_CURVE('',#3330,(#3335,#3342),.PCURVE_S1.);
#3330 = CIRCLE('',#3331,1.9);
#3331 = AXIS2_PLACEMENT_3D('',#3332,#3333,#3334);
#3332 = CARTESIAN_POINT('',(32.5,-5.865202811677,47.5));
#3333 = DIRECTION('',(0.919982345467,0.391959798995,-1.232595164408E-32)
  );
#3334 = DIRECTION('',(0.391959798995,-0.919982345467,-2.449212707645E-16
    ));
#3335 = PCURVE('',#2832,#3336);
#3336 = DEFINITIONAL_REPRESENTATION('',(#3337),#3341);
#3337 = LINE('',#3338,#3339);
#3338 = CARTESIAN_POINT('',(0.824947552099,6.28318530718));
#3339 = VECTOR('',#3340,1.);
#3340 = DIRECTION('',(0.,-1.));
#3341 = ( GEOMETRIC_REPRESENTATION_CONTEXT(2) 
PARAMETRIC_REPRESENTATION_CONTEXT() REPRESENTATION_CONTEXT('2D SPACE',''
  ) );
#3342 = PCURVE('',#3343,#3348);
#3343 = SPHERICAL_SURFACE('',#3344,1.9);
#3344 = AXIS2_PLACEMENT_3D('',#3345,#3346,#3347);
#3345 = CARTESIAN_POINT('',(32.5,-5.865202811677,47.5));
#3346 = DIRECTION('',(0.,0.,-1.));
#3347 = DIRECTION('',(0.391959798995,-0.919982345467,0.));
#3348 = DEFINITIONAL_REPRESENTATION('',(#3349),#3353);
#3349 = LINE('',#3350,#3351);
#3350 = CARTESIAN_POINT('',(-0.,-6.28318530718));
#3351 = VECTOR('',#3352,1.);
#3352 = DIRECTION('',(-0.,1.));
#3353 = ( GEOMETRIC_REPRESENTATION_CONTEXT(2) 
PARAMETRIC_REPRESENTATION_CONTEXT() REPRESENTATION_CONTEXT('2D SPACE',''
  ) );
#3354 = ORIENTED_EDGE('',*,*,#2815,.F.);
#3355 = ADVANCED_FACE('',(#3356),#2860,.F.);
#3356 = FACE_BOUND('',#3357,.T.);
#3357 = EDGE_LOOP('',(#3358,#3382,#3383,#3384));
#3358 = ORIENTED_EDGE('',*,*,#3359,.F.);
#3359 = EDGE_CURVE('',#2816,#3360,#3362,.T.);
#3360 = VERTEX_POINT('',#3361);
#3361 = CARTESIAN_POINT('',(34.4,-5.865202811677,47.5));
#3362 = SURFACE_CURVE('',#3363,(#3368,#3375),.PCURVE_S1.);
#3363 = CIRCLE('',#3364,1.9);
#3364 = AXIS2_PLACEMENT_3D('',#3365,#3366,#3367);
#3365 = CARTESIAN_POINT('',(32.5,-5.865202811677,47.5));
#3366 = DIRECTION('',(-1.33226762955E-15,1.,1.815188972585E-32));
#3367 = DIRECTION('',(1.,1.33226762955E-15,-2.449212707645E-16));
#3368 = PCURVE('',#2860,#3369);
#3369 = DEFINITIONAL_REPRESENTATION('',(#3370),#3374);
#3370 = LINE('',#3371,#3372);
#3371 = CARTESIAN_POINT('',(-6.28318530718,1.634797188323));
#3372 = VECTOR('',#3373,1.);
#3373 = DIRECTION('',(1.,-0.));
#3374 = ( GEOMETRIC_REPRESENTATION_CONTEXT(2) 
PARAMETRIC_REPRESENTATION_CONTEXT() REPRESENTATION_CONTEXT('2D SPACE',''
  ) );
#3375 = PCURVE('',#3343,#3376);
#3376 = DEFINITIONAL_REPRESENTATION('',(#3377),#3381);
#3377 = LINE('',#3378,#3379);
#3378 = CARTESIAN_POINT('',(-1.168035441141,-6.28318530718));
#3379 = VECTOR('',#3380,1.);
#3380 = DIRECTION('',(-0.,1.));
#3381 = ( GEOMETRIC_REPRESENTATION_CONTEXT(2) 
PARAMETRIC_REPRESENTATION_CONTEXT() REPRESENTATION_CONTEXT('2D SPACE',''
  ) );
#3382 = ORIENTED_EDGE('',*,*,#2844,.T.);
#3383 = ORIENTED_EDGE('',*,*,#3197,.F.);
#3384 = ORIENTED_EDGE('',*,*,#3385,.F.);
#3385 = EDGE_CURVE('',#3360,#3198,#3386,.T.);
#3386 = SURFACE_CURVE('',#3387,(#3391,#3398),.PCURVE_S1.);
#3387 = LINE('',#3388,#3389);
#3388 = CARTESIAN_POINT('',(34.4,-7.5,47.5));
#3389 = VECTOR('',#3390,1.);
#3390 = DIRECTION('',(0.,1.,0.));
#3391 = PCURVE('',#2860,#3392);
#3392 = DEFINITIONAL_REPRESENTATION('',(#3393),#3397);
#3393 = LINE('',#3394,#3395);
#3394 = CARTESIAN_POINT('',(-0.,0.));
#3395 = VECTOR('',#3396,1.);
#3396 = DIRECTION('',(-0.,1.));
#3397 = ( GEOMETRIC_REPRESENTATION_CONTEXT(2) 
PARAMETRIC_REPRESENTATION_CONTEXT() REPRESENTATION_CONTEXT('2D SPACE',''
  ) );
#3398 = PCURVE('',#3399,#3404);
#3399 = PLANE('',#3400);
#3400 = AXIS2_PLACEMENT_3D('',#3401,#3402,#3403);
#3401 = CARTESIAN_POINT('',(34.4,-7.5,0.));
#3402 = DIRECTION('',(-1.,0.,0.));
#3403 = DIRECTION('',(0.,1.,0.));
#3404 = DEFINITIONAL_REPRESENTATION('',(#3405),#3409);
#3405 = LINE('',#3406,#3407);
#3406 = CARTESIAN_POINT('',(0.,-47.5));
#3407 = VECTOR('',#3408,1.);
#3408 = DIRECTION('',(1.,0.));
#3409 = ( GEOMETRIC_REPRESENTATION_CONTEXT(2) 
PARAMETRIC_REPRESENTATION_CONTEXT() REPRESENTATION_CONTEXT('2D SPACE',''
  ) );
#3410 = ADVANCED_FACE('',(#3411),#2987,.F.);
#3411 = FACE_BOUND('',#3412,.T.);
#3412 = EDGE_LOOP('',(#3413,#3414,#3415));
#3413 = ORIENTED_EDGE('',*,*,#3053,.F.);
#3414 = ORIENTED_EDGE('',*,*,#2970,.T.);
#3415 = ORIENTED_EDGE('',*,*,#3416,.F.);
#3416 = EDGE_CURVE('',#3054,#2971,#3417,.T.);
#3417 = SURFACE_CURVE('',#3418,(#3423,#3430),.PCURVE_S1.);
#3418 = CIRCLE('',#3419,1.9);
#3419 = AXIS2_PLACEMENT_3D('',#3420,#3421,#3422);
#3420 = CARTESIAN_POINT('',(-32.5,5.865202811677,47.5));
#3421 = DIRECTION('',(0.,0.,1.));
#3422 = DIRECTION('',(-0.391959798995,0.919982345467,0.));
#3423 = PCURVE('',#2987,#3424);
#3424 = DEFINITIONAL_REPRESENTATION('',(#3425),#3429);
#3425 = LINE('',#3426,#3427);
#3426 = CARTESIAN_POINT('',(-0.,0.));
#3427 = VECTOR('',#3428,1.);
#3428 = DIRECTION('',(-1.,0.));
#3429 = ( GEOMETRIC_REPRESENTATION_CONTEXT(2) 
PARAMETRIC_REPRESENTATION_CONTEXT() REPRESENTATION_CONTEXT('2D SPACE',''
  ) );
#3430 = PCURVE('',#3431,#3436);
#3431 = CYLINDRICAL_SURFACE('',#3432,1.9);
#3432 = AXIS2_PLACEMENT_3D('',#3433,#3434,#3435);
#3433 = CARTESIAN_POINT('',(-32.5,5.865202811677,0.));
#3434 = DIRECTION('',(0.,0.,1.));
#3435 = DIRECTION('',(-1.,0.,0.));
#3436 = DEFINITIONAL_REPRESENTATION('',(#3437),#3441);
#3437 = LINE('',#3438,#3439);
#3438 = CARTESIAN_POINT('',(-1.168035441141,47.5));
#3439 = VECTOR('',#3440,1.);
#3440 = DIRECTION('',(1.,-0.));
#3441 = ( GEOMETRIC_REPRESENTATION_CONTEXT(2) 
PARAMETRIC_REPRESENTATION_CONTEXT() REPRESENTATION_CONTEXT('2D SPACE',''
  ) );
#3442 = ADVANCED_FACE('',(#3443),#3038,.F.);
#3443 = FACE_BOUND('',#3444,.F.);
#3444 = EDGE_LOOP('',(#3445,#3468,#3469,#3492));
#3445 = ORIENTED_EDGE('',*,*,#3446,.T.);
#3446 = EDGE_CURVE('',#3447,#3001,#3449,.T.);
#3447 = VERTEX_POINT('',#3448);
#3448 = CARTESIAN_POINT('',(-34.4,0.,2.5));
#3449 = SURFACE_CURVE('',#3450,(#3454,#3461),.PCURVE_S1.);
#3450 = LINE('',#3451,#3452);
#3451 = CARTESIAN_POINT('',(-34.4,0.,0.));
#3452 = VECTOR('',#3453,1.);
#3453 = DIRECTION('',(0.,0.,1.));
#3454 = PCURVE('',#3038,#3455);
#3455 = DEFINITIONAL_REPRESENTATION('',(#3456),#3460);
#3456 = LINE('',#3457,#3458);
#3457 = CARTESIAN_POINT('',(0.,0.));
#3458 = VECTOR('',#3459,1.);
#3459 = DIRECTION('',(0.,-1.));
#3460 = ( GEOMETRIC_REPRESENTATION_CONTEXT(2) 
PARAMETRIC_REPRESENTATION_CONTEXT() REPRESENTATION_CONTEXT('2D SPACE',''
  ) );
#3461 = PCURVE('',#3182,#3462);
#3462 = DEFINITIONAL_REPRESENTATION('',(#3463),#3467);
#3463 = LINE('',#3464,#3465);
#3464 = CARTESIAN_POINT('',(0.,0.));
#3465 = VECTOR('',#3466,1.);
#3466 = DIRECTION('',(0.,-1.));
#3467 = ( GEOMETRIC_REPRESENTATION_CONTEXT(2) 
PARAMETRIC_REPRESENTATION_CONTEXT() REPRESENTATION_CONTEXT('2D SPACE',''
  ) );
#3468 = ORIENTED_EDGE('',*,*,#3024,.F.);
#3469 = ORIENTED_EDGE('',*,*,#3470,.F.);
#3470 = EDGE_CURVE('',#3471,#2971,#3473,.T.);
#3471 = VERTEX_POINT('',#3472);
#3472 = CARTESIAN_POINT('',(-34.4,5.865202811677,2.5));
#3473 = SURFACE_CURVE('',#3474,(#3478,#3485),.PCURVE_S1.);
#3474 = LINE('',#3475,#3476);
#3475 = CARTESIAN_POINT('',(-34.4,5.865202811677,0.));
#3476 = VECTOR('',#3477,1.);
#3477 = DIRECTION('',(0.,0.,1.));
#3478 = PCURVE('',#3038,#3479);
#3479 = DEFINITIONAL_REPRESENTATION('',(#3480),#3484);
#3480 = LINE('',#3481,#3482);
#3481 = CARTESIAN_POINT('',(5.865202811677,0.));
#3482 = VECTOR('',#3483,1.);
#3483 = DIRECTION('',(0.,-1.));
#3484 = ( GEOMETRIC_REPRESENTATION_CONTEXT(2) 
PARAMETRIC_REPRESENTATION_CONTEXT() REPRESENTATION_CONTEXT('2D SPACE',''
  ) );
#3485 = PCURVE('',#3431,#3486);
#3486 = DEFINITIONAL_REPRESENTATION('',(#3487),#3491);
#3487 = LINE('',#3488,#3489);
#3488 = CARTESIAN_POINT('',(-0.,0.));
#3489 = VECTOR('',#3490,1.);
#3490 = DIRECTION('',(-0.,1.));
#3491 = ( GEOMETRIC_REPRESENTATION_CONTEXT(2) 
PARAMETRIC_REPRESENTATION_CONTEXT() REPRESENTATION_CONTEXT('2D SPACE',''
  ) );
#3492 = ORIENTED_EDGE('',*,*,#3493,.T.);
#3493 = EDGE_CURVE('',#3471,#3447,#3494,.T.);
#3494 = SURFACE_CURVE('',#3495,(#3499,#3506),.PCURVE_S1.);
#3495 = LINE('',#3496,#3497);
#3496 = CARTESIAN_POINT('',(-34.4,7.5,2.5));
#3497 = VECTOR('',#3498,1.);
#3498 = DIRECTION('',(0.,-1.,0.));
#3499 = PCURVE('',#3038,#3500);
#3500 = DEFINITIONAL_REPRESENTATION('',(#3501),#3505);
#3501 = LINE('',#3502,#3503);
#3502 = CARTESIAN_POINT('',(7.5,-2.5));
#3503 = VECTOR('',#3504,1.);
#3504 = DIRECTION('',(-1.,0.));
#3505 = ( GEOMETRIC_REPRESENTATION_CONTEXT(2) 
PARAMETRIC_REPRESENTATION_CONTEXT() REPRESENTATION_CONTEXT('2D SPACE',''
  ) );
#3506 = PCURVE('',#3507,#3512);
#3507 = CYLINDRICAL_SURFACE('',#3508,1.9);
#3508 = AXIS2_PLACEMENT_3D('',#3509,#3510,#3511);
#3509 = CARTESIAN_POINT('',(-32.5,7.5,2.5));
#3510 = DIRECTION('',(0.,-1.,0.));
#3511 = DIRECTION('',(-1.,0.,0.));
#3512 = DEFINITIONAL_REPRESENTATION('',(#3513),#3517);
#3513 = LINE('',#3514,#3515);
#3514 = CARTESIAN_POINT('',(0.,0.));
#3515 = VECTOR('',#3516,1.);
#3516 = DIRECTION('',(0.,1.));
#3517 = ( GEOMETRIC_REPRESENTATION_CONTEXT(2) 
PARAMETRIC_REPRESENTATION_CONTEXT() REPRESENTATION_CONTEXT('2D SPACE',''
  ) );
#3518 = ADVANCED_FACE('',(#3519),#3094,.F.);
#3519 = FACE_BOUND('',#3520,.F.);
#3520 = EDGE_LOOP('',(#3521,#3544,#3545,#3573));
#3521 = ORIENTED_EDGE('',*,*,#3522,.T.);
#3522 = EDGE_CURVE('',#3523,#3054,#3525,.T.);
#3523 = VERTEX_POINT('',#3524);
#3524 = CARTESIAN_POINT('',(-33.24472361809,7.613169268066,2.5));
#3525 = SURFACE_CURVE('',#3526,(#3530,#3537),.PCURVE_S1.);
#3526 = LINE('',#3527,#3528);
#3527 = CARTESIAN_POINT('',(-33.24472361809,7.613169268066,0.));
#3528 = VECTOR('',#3529,1.);
#3529 = DIRECTION('',(0.,0.,1.));
#3530 = PCURVE('',#3094,#3531);
#3531 = DEFINITIONAL_REPRESENTATION('',(#3532),#3536);
#3532 = LINE('',#3533,#3534);
#3533 = CARTESIAN_POINT('',(1.942578079171E-02,0.));
#3534 = VECTOR('',#3535,1.);
#3535 = DIRECTION('',(0.,-1.));
#3536 = ( GEOMETRIC_REPRESENTATION_CONTEXT(2) 
PARAMETRIC_REPRESENTATION_CONTEXT() REPRESENTATION_CONTEXT('2D SPACE',''
  ) );
#3537 = PCURVE('',#3431,#3538);
#3538 = DEFINITIONAL_REPRESENTATION('',(#3539),#3543);
#3539 = LINE('',#3540,#3541);
#3540 = CARTESIAN_POINT('',(-1.168035441141,0.));
#3541 = VECTOR('',#3542,1.);
#3542 = DIRECTION('',(-0.,1.));
#3543 = ( GEOMETRIC_REPRESENTATION_CONTEXT(2) 
PARAMETRIC_REPRESENTATION_CONTEXT() REPRESENTATION_CONTEXT('2D SPACE',''
  ) );
#3544 = ORIENTED_EDGE('',*,*,#3077,.T.);
#3545 = ORIENTED_EDGE('',*,*,#3546,.F.);
#3546 = EDGE_CURVE('',#3547,#3078,#3549,.T.);
#3547 = VERTEX_POINT('',#3548);
#3548 = CARTESIAN_POINT('',(33.24472361809,7.613169268066,2.5));
#3549 = SURFACE_CURVE('',#3550,(#3554,#3561),.PCURVE_S1.);
#3550 = LINE('',#3551,#3552);
#3551 = CARTESIAN_POINT('',(33.24472361809,7.613169268066,0.));
#3552 = VECTOR('',#3553,1.);
#3553 = DIRECTION('',(0.,0.,1.));
#3554 = PCURVE('',#3094,#3555);
#3555 = DEFINITIONAL_REPRESENTATION('',(#3556),#3560);
#3556 = LINE('',#3557,#3558);
#3557 = CARTESIAN_POINT('',(0.824947552099,0.));
#3558 = VECTOR('',#3559,1.);
#3559 = DIRECTION('',(0.,-1.));
#3560 = ( GEOMETRIC_REPRESENTATION_CONTEXT(2) 
PARAMETRIC_REPRESENTATION_CONTEXT() REPRESENTATION_CONTEXT('2D SPACE',''
  ) );
#3561 = PCURVE('',#3562,#3567);
#3562 = CYLINDRICAL_SURFACE('',#3563,1.9);
#3563 = AXIS2_PLACEMENT_3D('',#3564,#3565,#3566);
#3564 = CARTESIAN_POINT('',(32.5,5.865202811677,0.));
#3565 = DIRECTION('',(0.,0.,1.));
#3566 = DIRECTION('',(0.391959798995,0.919982345467,-0.));
#3567 = DEFINITIONAL_REPRESENTATION('',(#3568),#3572);
#3568 = LINE('',#3569,#3570);
#3569 = CARTESIAN_POINT('',(-0.,0.));
#3570 = VECTOR('',#3571,1.);
#3571 = DIRECTION('',(-0.,1.));
#3572 = ( GEOMETRIC_REPRESENTATION_CONTEXT(2) 
PARAMETRIC_REPRESENTATION_CONTEXT() REPRESENTATION_CONTEXT('2D SPACE',''
  ) );
#3573 = ORIENTED_EDGE('',*,*,#3574,.F.);
#3574 = EDGE_CURVE('',#3523,#3547,#3575,.T.);
#3575 = SURFACE_CURVE('',#3576,(#3581,#3588),.PCURVE_S1.);
#3576 = CIRCLE('',#3577,84.816666666667);
#3577 = AXIS2_PLACEMENT_3D('',#3578,#3579,#3580);
#3578 = CARTESIAN_POINT('',(0.,-70.41666666666,2.5));
#3579 = DIRECTION('',(0.,0.,-1.));
#3580 = DIRECTION('',(-0.409756097561,0.912195121951,0.));
#3581 = PCURVE('',#3094,#3582);
#3582 = DEFINITIONAL_REPRESENTATION('',(#3583),#3587);
#3583 = LINE('',#3584,#3585);
#3584 = CARTESIAN_POINT('',(0.,-2.5));
#3585 = VECTOR('',#3586,1.);
#3586 = DIRECTION('',(1.,0.));
#3587 = ( GEOMETRIC_REPRESENTATION_CONTEXT(2) 
PARAMETRIC_REPRESENTATION_CONTEXT() REPRESENTATION_CONTEXT('2D SPACE',''
  ) );
#3588 = PCURVE('',#3589,#3594);
#3589 = TOROIDAL_SURFACE('',#3590,82.916666666667,1.9);
#3590 = AXIS2_PLACEMENT_3D('',#3591,#3592,#3593);
#3591 = CARTESIAN_POINT('',(0.,-70.41666666666,2.5));
#3592 = DIRECTION('',(0.,0.,-1.));
#3593 = DIRECTION('',(-0.409756097561,0.912195121951,0.));
#3594 = DEFINITIONAL_REPRESENTATION('',(#3595),#3599);
#3595 = LINE('',#3596,#3597);
#3596 = CARTESIAN_POINT('',(0.,0.));
#3597 = VECTOR('',#3598,1.);
#3598 = DIRECTION('',(1.,0.));
#3599 = ( GEOMETRIC_REPRESENTATION_CONTEXT(2) 
PARAMETRIC_REPRESENTATION_CONTEXT() REPRESENTATION_CONTEXT('2D SPACE',''
  ) );
#3600 = ADVANCED_FACE('',(#3601),#3121,.F.);
#3601 = FACE_BOUND('',#3602,.F.);
#3602 = EDGE_LOOP('',(#3603,#3604,#3605));
#3603 = ORIENTED_EDGE('',*,*,#3106,.F.);
#3604 = ORIENTED_EDGE('',*,*,#3222,.T.);
#3605 = ORIENTED_EDGE('',*,*,#3606,.F.);
#3606 = EDGE_CURVE('',#3078,#3223,#3607,.T.);
#3607 = SURFACE_CURVE('',#3608,(#3613,#3620),.PCURVE_S1.);
#3608 = CIRCLE('',#3609,1.9);
#3609 = AXIS2_PLACEMENT_3D('',#3610,#3611,#3612);
#3610 = CARTESIAN_POINT('',(32.5,5.865202811677,47.5));
#3611 = DIRECTION('',(0.,0.,-1.));
#3612 = DIRECTION('',(0.391959798995,0.919982345467,0.));
#3613 = PCURVE('',#3121,#3614);
#3614 = DEFINITIONAL_REPRESENTATION('',(#3615),#3619);
#3615 = LINE('',#3616,#3617);
#3616 = CARTESIAN_POINT('',(0.,0.));
#3617 = VECTOR('',#3618,1.);
#3618 = DIRECTION('',(1.,0.));
#3619 = ( GEOMETRIC_REPRESENTATION_CONTEXT(2) 
PARAMETRIC_REPRESENTATION_CONTEXT() REPRESENTATION_CONTEXT('2D SPACE',''
  ) );
#3620 = PCURVE('',#3562,#3621);
#3621 = DEFINITIONAL_REPRESENTATION('',(#3622),#3626);
#3622 = LINE('',#3623,#3624);
#3623 = CARTESIAN_POINT('',(-0.,47.5));
#3624 = VECTOR('',#3625,1.);
#3625 = DIRECTION('',(-1.,0.));
#3626 = ( GEOMETRIC_REPRESENTATION_CONTEXT(2) 
PARAMETRIC_REPRESENTATION_CONTEXT() REPRESENTATION_CONTEXT('2D SPACE',''
  ) );
#3627 = ADVANCED_FACE('',(#3628),#3182,.T.);
#3628 = FACE_BOUND('',#3629,.T.);
#3629 = EDGE_LOOP('',(#3630,#3631,#3632,#3660));
#3630 = ORIENTED_EDGE('',*,*,#3446,.T.);
#3631 = ORIENTED_EDGE('',*,*,#3168,.T.);
#3632 = ORIENTED_EDGE('',*,*,#3633,.F.);
#3633 = EDGE_CURVE('',#3634,#3140,#3636,.T.);
#3634 = VERTEX_POINT('',#3635);
#3635 = CARTESIAN_POINT('',(-34.4,-5.865202811677,2.5));
#3636 = SURFACE_CURVE('',#3637,(#3641,#3648),.PCURVE_S1.);
#3637 = LINE('',#3638,#3639);
#3638 = CARTESIAN_POINT('',(-34.4,-5.865202811677,0.));
#3639 = VECTOR('',#3640,1.);
#3640 = DIRECTION('',(0.,0.,1.));
#3641 = PCURVE('',#3182,#3642);
#3642 = DEFINITIONAL_REPRESENTATION('',(#3643),#3647);
#3643 = LINE('',#3644,#3645);
#3644 = CARTESIAN_POINT('',(5.865202811677,0.));
#3645 = VECTOR('',#3646,1.);
#3646 = DIRECTION('',(0.,-1.));
#3647 = ( GEOMETRIC_REPRESENTATION_CONTEXT(2) 
PARAMETRIC_REPRESENTATION_CONTEXT() REPRESENTATION_CONTEXT('2D SPACE',''
  ) );
#3648 = PCURVE('',#3649,#3654);
#3649 = CYLINDRICAL_SURFACE('',#3650,1.9);
#3650 = AXIS2_PLACEMENT_3D('',#3651,#3652,#3653);
#3651 = CARTESIAN_POINT('',(-32.5,-5.865202811677,0.));
#3652 = DIRECTION('',(0.,0.,1.));
#3653 = DIRECTION('',(-1.,0.,0.));
#3654 = DEFINITIONAL_REPRESENTATION('',(#3655),#3659);
#3655 = LINE('',#3656,#3657);
#3656 = CARTESIAN_POINT('',(0.,0.));
#3657 = VECTOR('',#3658,1.);
#3658 = DIRECTION('',(0.,1.));
#3659 = ( GEOMETRIC_REPRESENTATION_CONTEXT(2) 
PARAMETRIC_REPRESENTATION_CONTEXT() REPRESENTATION_CONTEXT('2D SPACE',''
  ) );
#3660 = ORIENTED_EDGE('',*,*,#3661,.F.);
#3661 = EDGE_CURVE('',#3447,#3634,#3662,.T.);
#3662 = SURFACE_CURVE('',#3663,(#3667,#3674),.PCURVE_S1.);
#3663 = LINE('',#3664,#3665);
#3664 = CARTESIAN_POINT('',(-34.4,0.,2.5));
#3665 = VECTOR('',#3666,1.);
#3666 = DIRECTION('',(0.,-1.,0.));
#3667 = PCURVE('',#3182,#3668);
#3668 = DEFINITIONAL_REPRESENTATION('',(#3669),#3673);
#3669 = LINE('',#3670,#3671);
#3670 = CARTESIAN_POINT('',(0.,-2.5));
#3671 = VECTOR('',#3672,1.);
#3672 = DIRECTION('',(1.,0.));
#3673 = ( GEOMETRIC_REPRESENTATION_CONTEXT(2) 
PARAMETRIC_REPRESENTATION_CONTEXT() REPRESENTATION_CONTEXT('2D SPACE',''
  ) );
#3674 = PCURVE('',#3675,#3680);
#3675 = CYLINDRICAL_SURFACE('',#3676,1.9);
#3676 = AXIS2_PLACEMENT_3D('',#3677,#3678,#3679);
#3677 = CARTESIAN_POINT('',(-32.5,0.,2.5));
#3678 = DIRECTION('',(0.,-1.,0.));
#3679 = DIRECTION('',(-1.,0.,0.));
#3680 = DEFINITIONAL_REPRESENTATION('',(#3681),#3685);
#3681 = LINE('',#3682,#3683);
#3682 = CARTESIAN_POINT('',(0.,0.));
#3683 = VECTOR('',#3684,1.);
#3684 = DIRECTION('',(0.,1.));
#3685 = ( GEOMETRIC_REPRESENTATION_CONTEXT(2) 
PARAMETRIC_REPRESENTATION_CONTEXT() REPRESENTATION_CONTEXT('2D SPACE',''
  ) );
#3686 = ADVANCED_FACE('',(#3687),#3156,.F.);
#3687 = FACE_BOUND('',#3688,.T.);
#3688 = EDGE_LOOP('',(#3689,#3690,#3691));
#3689 = ORIENTED_EDGE('',*,*,#3139,.F.);
#3690 = ORIENTED_EDGE('',*,*,#3275,.T.);
#3691 = ORIENTED_EDGE('',*,*,#3692,.F.);
#3692 = EDGE_CURVE('',#3140,#3276,#3693,.T.);
#3693 = SURFACE_CURVE('',#3694,(#3699,#3706),.PCURVE_S1.);
#3694 = CIRCLE('',#3695,1.9);
#3695 = AXIS2_PLACEMENT_3D('',#3696,#3697,#3698);
#3696 = CARTESIAN_POINT('',(-32.5,-5.865202811677,47.5));
#3697 = DIRECTION('',(0.,0.,1.));
#3698 = DIRECTION('',(-1.,0.,0.));
#3699 = PCURVE('',#3156,#3700);
#3700 = DEFINITIONAL_REPRESENTATION('',(#3701),#3705);
#3701 = LINE('',#3702,#3703);
#3702 = CARTESIAN_POINT('',(-0.,0.));
#3703 = VECTOR('',#3704,1.);
#3704 = DIRECTION('',(-1.,0.));
#3705 = ( GEOMETRIC_REPRESENTATION_CONTEXT(2) 
PARAMETRIC_REPRESENTATION_CONTEXT() REPRESENTATION_CONTEXT('2D SPACE',''
  ) );
#3706 = PCURVE('',#3649,#3707);
#3707 = DEFINITIONAL_REPRESENTATION('',(#3708),#3712);
#3708 = LINE('',#3709,#3710);
#3709 = CARTESIAN_POINT('',(0.,47.5));
#3710 = VECTOR('',#3711,1.);
#3711 = DIRECTION('',(1.,0.));
#3712 = ( GEOMETRIC_REPRESENTATION_CONTEXT(2) 
PARAMETRIC_REPRESENTATION_CONTEXT() REPRESENTATION_CONTEXT('2D SPACE',''
  ) );
#3713 = ADVANCED_FACE('',(#3714),#3260,.F.);
#3714 = FACE_BOUND('',#3715,.F.);
#3715 = EDGE_LOOP('',(#3716,#3739,#3767,#3788));
#3716 = ORIENTED_EDGE('',*,*,#3717,.F.);
#3717 = EDGE_CURVE('',#3718,#3198,#3720,.T.);
#3718 = VERTEX_POINT('',#3719);
#3719 = CARTESIAN_POINT('',(34.4,0.,2.5));
#3720 = SURFACE_CURVE('',#3721,(#3725,#3732),.PCURVE_S1.);
#3721 = LINE('',#3722,#3723);
#3722 = CARTESIAN_POINT('',(34.4,0.,0.));
#3723 = VECTOR('',#3724,1.);
#3724 = DIRECTION('',(0.,0.,1.));
#3725 = PCURVE('',#3260,#3726);
#3726 = DEFINITIONAL_REPRESENTATION('',(#3727),#3731);
#3727 = LINE('',#3728,#3729);
#3728 = CARTESIAN_POINT('',(7.5,0.));
#3729 = VECTOR('',#3730,1.);
#3730 = DIRECTION('',(0.,-1.));
#3731 = ( GEOMETRIC_REPRESENTATION_CONTEXT(2) 
PARAMETRIC_REPRESENTATION_CONTEXT() REPRESENTATION_CONTEXT('2D SPACE',''
  ) );
#3732 = PCURVE('',#3399,#3733);
#3733 = DEFINITIONAL_REPRESENTATION('',(#3734),#3738);
#3734 = LINE('',#3735,#3736);
#3735 = CARTESIAN_POINT('',(7.5,0.));
#3736 = VECTOR('',#3737,1.);
#3737 = DIRECTION('',(0.,-1.));
#3738 = ( GEOMETRIC_REPRESENTATION_CONTEXT(2) 
PARAMETRIC_REPRESENTATION_CONTEXT() REPRESENTATION_CONTEXT('2D SPACE',''
  ) );
#3739 = ORIENTED_EDGE('',*,*,#3740,.T.);
#3740 = EDGE_CURVE('',#3718,#3741,#3743,.T.);
#3741 = VERTEX_POINT('',#3742);
#3742 = CARTESIAN_POINT('',(34.4,5.865202811677,2.5));
#3743 = SURFACE_CURVE('',#3744,(#3748,#3755),.PCURVE_S1.);
#3744 = LINE('',#3745,#3746);
#3745 = CARTESIAN_POINT('',(34.4,0.,2.5));
#3746 = VECTOR('',#3747,1.);
#3747 = DIRECTION('',(0.,1.,0.));
#3748 = PCURVE('',#3260,#3749);
#3749 = DEFINITIONAL_REPRESENTATION('',(#3750),#3754);
#3750 = LINE('',#3751,#3752);
#3751 = CARTESIAN_POINT('',(7.5,-2.5));
#3752 = VECTOR('',#3753,1.);
#3753 = DIRECTION('',(-1.,0.));
#3754 = ( GEOMETRIC_REPRESENTATION_CONTEXT(2) 
PARAMETRIC_REPRESENTATION_CONTEXT() REPRESENTATION_CONTEXT('2D SPACE',''
  ) );
#3755 = PCURVE('',#3756,#3761);
#3756 = CYLINDRICAL_SURFACE('',#3757,1.9);
#3757 = AXIS2_PLACEMENT_3D('',#3758,#3759,#3760);
#3758 = CARTESIAN_POINT('',(32.5,0.,2.5));
#3759 = DIRECTION('',(0.,1.,0.));
#3760 = DIRECTION('',(1.,0.,0.));
#3761 = DEFINITIONAL_REPRESENTATION('',(#3762),#3766);
#3762 = LINE('',#3763,#3764);
#3763 = CARTESIAN_POINT('',(0.,0.));
#3764 = VECTOR('',#3765,1.);
#3765 = DIRECTION('',(0.,1.));
#3766 = ( GEOMETRIC_REPRESENTATION_CONTEXT(2) 
PARAMETRIC_REPRESENTATION_CONTEXT() REPRESENTATION_CONTEXT('2D SPACE',''
  ) );
#3767 = ORIENTED_EDGE('',*,*,#3768,.T.);
#3768 = EDGE_CURVE('',#3741,#3223,#3769,.T.);
#3769 = SURFACE_CURVE('',#3770,(#3774,#3781),.PCURVE_S1.);
#3770 = LINE('',#3771,#3772);
#3771 = CARTESIAN_POINT('',(34.4,5.865202811677,0.));
#3772 = VECTOR('',#3773,1.);
#3773 = DIRECTION('',(0.,0.,1.));
#3774 = PCURVE('',#3260,#3775);
#3775 = DEFINITIONAL_REPRESENTATION('',(#3776),#3780);
#3776 = LINE('',#3777,#3778);
#3777 = CARTESIAN_POINT('',(1.634797188323,0.));
#3778 = VECTOR('',#3779,1.);
#3779 = DIRECTION('',(0.,-1.));
#3780 = ( GEOMETRIC_REPRESENTATION_CONTEXT(2) 
PARAMETRIC_REPRESENTATION_CONTEXT() REPRESENTATION_CONTEXT('2D SPACE',''
  ) );
#3781 = PCURVE('',#3562,#3782);
#3782 = DEFINITIONAL_REPRESENTATION('',(#3783),#3787);
#3783 = LINE('',#3784,#3785);
#3784 = CARTESIAN_POINT('',(-1.168035441141,0.));
#3785 = VECTOR('',#3786,1.);
#3786 = DIRECTION('',(-0.,1.));
#3787 = ( GEOMETRIC_REPRESENTATION_CONTEXT(2) 
PARAMETRIC_REPRESENTATION_CONTEXT() REPRESENTATION_CONTEXT('2D SPACE',''
  ) );
#3788 = ORIENTED_EDGE('',*,*,#3246,.F.);
#3789 = ADVANCED_FACE('',(#3790),#3316,.F.);
#3790 = FACE_BOUND('',#3791,.T.);
#3791 = EDGE_LOOP('',(#3792,#3815,#3816,#3844));
#3792 = ORIENTED_EDGE('',*,*,#3793,.T.);
#3793 = EDGE_CURVE('',#3794,#3276,#3796,.T.);
#3794 = VERTEX_POINT('',#3795);
#3795 = CARTESIAN_POINT('',(-33.24472361809,-7.613169268066,2.5));
#3796 = SURFACE_CURVE('',#3797,(#3801,#3808),.PCURVE_S1.);
#3797 = LINE('',#3798,#3799);
#3798 = CARTESIAN_POINT('',(-33.24472361809,-7.613169268066,0.));
#3799 = VECTOR('',#3800,1.);
#3800 = DIRECTION('',(0.,0.,1.));
#3801 = PCURVE('',#3316,#3802);
#3802 = DEFINITIONAL_REPRESENTATION('',(#3803),#3807);
#3803 = LINE('',#3804,#3805);
#3804 = CARTESIAN_POINT('',(-1.942578079171E-02,0.));
#3805 = VECTOR('',#3806,1.);
#3806 = DIRECTION('',(-0.,-1.));
#3807 = ( GEOMETRIC_REPRESENTATION_CONTEXT(2) 
PARAMETRIC_REPRESENTATION_CONTEXT() REPRESENTATION_CONTEXT('2D SPACE',''
  ) );
#3808 = PCURVE('',#3649,#3809);
#3809 = DEFINITIONAL_REPRESENTATION('',(#3810),#3814);
#3810 = LINE('',#3811,#3812);
#3811 = CARTESIAN_POINT('',(1.168035441141,0.));
#3812 = VECTOR('',#3813,1.);
#3813 = DIRECTION('',(0.,1.));
#3814 = ( GEOMETRIC_REPRESENTATION_CONTEXT(2) 
PARAMETRIC_REPRESENTATION_CONTEXT() REPRESENTATION_CONTEXT('2D SPACE',''
  ) );
#3815 = ORIENTED_EDGE('',*,*,#3299,.T.);
#3816 = ORIENTED_EDGE('',*,*,#3817,.F.);
#3817 = EDGE_CURVE('',#3818,#3300,#3820,.T.);
#3818 = VERTEX_POINT('',#3819);
#3819 = CARTESIAN_POINT('',(33.24472361809,-7.613169268066,2.5));
#3820 = SURFACE_CURVE('',#3821,(#3825,#3832),.PCURVE_S1.);
#3821 = LINE('',#3822,#3823);
#3822 = CARTESIAN_POINT('',(33.24472361809,-7.613169268066,0.));
#3823 = VECTOR('',#3824,1.);
#3824 = DIRECTION('',(0.,0.,1.));
#3825 = PCURVE('',#3316,#3826);
#3826 = DEFINITIONAL_REPRESENTATION('',(#3827),#3831);
#3827 = LINE('',#3828,#3829);
#3828 = CARTESIAN_POINT('',(-0.824947552099,0.));
#3829 = VECTOR('',#3830,1.);
#3830 = DIRECTION('',(-0.,-1.));
#3831 = ( GEOMETRIC_REPRESENTATION_CONTEXT(2) 
PARAMETRIC_REPRESENTATION_CONTEXT() REPRESENTATION_CONTEXT('2D SPACE',''
  ) );
#3832 = PCURVE('',#3833,#3838);
#3833 = CYLINDRICAL_SURFACE('',#3834,1.9);
#3834 = AXIS2_PLACEMENT_3D('',#3835,#3836,#3837);
#3835 = CARTESIAN_POINT('',(32.5,-5.865202811677,0.));
#3836 = DIRECTION('',(0.,0.,1.));
#3837 = DIRECTION('',(0.391959798995,-0.919982345467,0.));
#3838 = DEFINITIONAL_REPRESENTATION('',(#3839),#3843);
#3839 = LINE('',#3840,#3841);
#3840 = CARTESIAN_POINT('',(0.,0.));
#3841 = VECTOR('',#3842,1.);
#3842 = DIRECTION('',(0.,1.));
#3843 = ( GEOMETRIC_REPRESENTATION_CONTEXT(2) 
PARAMETRIC_REPRESENTATION_CONTEXT() REPRESENTATION_CONTEXT('2D SPACE',''
  ) );
#3844 = ORIENTED_EDGE('',*,*,#3845,.F.);
#3845 = EDGE_CURVE('',#3794,#3818,#3846,.T.);
#3846 = SURFACE_CURVE('',#3847,(#3852,#3859),.PCURVE_S1.);
#3847 = CIRCLE('',#3848,84.816666666667);
#3848 = AXIS2_PLACEMENT_3D('',#3849,#3850,#3851);
#3849 = CARTESIAN_POINT('',(0.,70.416666666667,2.5));
#3850 = DIRECTION('',(0.,0.,1.));
#3851 = DIRECTION('',(-0.409756097561,-0.912195121951,0.));
#3852 = PCURVE('',#3316,#3853);
#3853 = DEFINITIONAL_REPRESENTATION('',(#3854),#3858);
#3854 = LINE('',#3855,#3856);
#3855 = CARTESIAN_POINT('',(-0.,-2.5));
#3856 = VECTOR('',#3857,1.);
#3857 = DIRECTION('',(-1.,0.));
#3858 = ( GEOMETRIC_REPRESENTATION_CONTEXT(2) 
PARAMETRIC_REPRESENTATION_CONTEXT() REPRESENTATION_CONTEXT('2D SPACE',''
  ) );
#3859 = PCURVE('',#3860,#3865);
#3860 = TOROIDAL_SURFACE('',#3861,82.916666666667,1.9);
#3861 = AXIS2_PLACEMENT_3D('',#3862,#3863,#3864);
#3862 = CARTESIAN_POINT('',(0.,70.416666666667,2.5));
#3863 = DIRECTION('',(0.,0.,-1.));
#3864 = DIRECTION('',(-0.409756097561,-0.912195121951,-0.));
#3865 = DEFINITIONAL_REPRESENTATION('',(#3866),#3870);
#3866 = LINE('',#3867,#3868);
#3867 = CARTESIAN_POINT('',(-0.,0.));
#3868 = VECTOR('',#3869,1.);
#3869 = DIRECTION('',(-1.,0.));
#3870 = ( GEOMETRIC_REPRESENTATION_CONTEXT(2) 
PARAMETRIC_REPRESENTATION_CONTEXT() REPRESENTATION_CONTEXT('2D SPACE',''
  ) );
#3871 = ADVANCED_FACE('',(#3872),#3343,.F.);
#3872 = FACE_BOUND('',#3873,.T.);
#3873 = EDGE_LOOP('',(#3874,#3875,#3876));
#3874 = ORIENTED_EDGE('',*,*,#3328,.F.);
#3875 = ORIENTED_EDGE('',*,*,#3359,.T.);
#3876 = ORIENTED_EDGE('',*,*,#3877,.F.);
#3877 = EDGE_CURVE('',#3300,#3360,#3878,.T.);
#3878 = SURFACE_CURVE('',#3879,(#3884,#3891),.PCURVE_S1.);
#3879 = CIRCLE('',#3880,1.9);
#3880 = AXIS2_PLACEMENT_3D('',#3881,#3882,#3883);
#3881 = CARTESIAN_POINT('',(32.5,-5.865202811677,47.5));
#3882 = DIRECTION('',(0.,0.,1.));
#3883 = DIRECTION('',(0.391959798995,-0.919982345467,0.));
#3884 = PCURVE('',#3343,#3885);
#3885 = DEFINITIONAL_REPRESENTATION('',(#3886),#3890);
#3886 = LINE('',#3887,#3888);
#3887 = CARTESIAN_POINT('',(-0.,0.));
#3888 = VECTOR('',#3889,1.);
#3889 = DIRECTION('',(-1.,0.));
#3890 = ( GEOMETRIC_REPRESENTATION_CONTEXT(2) 
PARAMETRIC_REPRESENTATION_CONTEXT() REPRESENTATION_CONTEXT('2D SPACE',''
  ) );
#3891 = PCURVE('',#3833,#3892);
#3892 = DEFINITIONAL_REPRESENTATION('',(#3893),#3897);
#3893 = LINE('',#3894,#3895);
#3894 = CARTESIAN_POINT('',(0.,47.5));
#3895 = VECTOR('',#3896,1.);
#3896 = DIRECTION('',(1.,0.));
#3897 = ( GEOMETRIC_REPRESENTATION_CONTEXT(2) 
PARAMETRIC_REPRESENTATION_CONTEXT() REPRESENTATION_CONTEXT('2D SPACE',''
  ) );
#3898 = ADVANCED_FACE('',(#3899),#3399,.T.);
#3899 = FACE_BOUND('',#3900,.T.);
#3900 = EDGE_LOOP('',(#3901,#3902,#3930,#3951));
#3901 = ORIENTED_EDGE('',*,*,#3717,.F.);
#3902 = ORIENTED_EDGE('',*,*,#3903,.F.);
#3903 = EDGE_CURVE('',#3904,#3718,#3906,.T.);
#3904 = VERTEX_POINT('',#3905);
#3905 = CARTESIAN_POINT('',(34.4,-5.865202811677,2.5));
#3906 = SURFACE_CURVE('',#3907,(#3911,#3918),.PCURVE_S1.);
#3907 = LINE('',#3908,#3909);
#3908 = CARTESIAN_POINT('',(34.4,-7.5,2.5));
#3909 = VECTOR('',#3910,1.);
#3910 = DIRECTION('',(0.,1.,0.));
#3911 = PCURVE('',#3399,#3912);
#3912 = DEFINITIONAL_REPRESENTATION('',(#3913),#3917);
#3913 = LINE('',#3914,#3915);
#3914 = CARTESIAN_POINT('',(0.,-2.5));
#3915 = VECTOR('',#3916,1.);
#3916 = DIRECTION('',(1.,0.));
#3917 = ( GEOMETRIC_REPRESENTATION_CONTEXT(2) 
PARAMETRIC_REPRESENTATION_CONTEXT() REPRESENTATION_CONTEXT('2D SPACE',''
  ) );
#3918 = PCURVE('',#3919,#3924);
#3919 = CYLINDRICAL_SURFACE('',#3920,1.9);
#3920 = AXIS2_PLACEMENT_3D('',#3921,#3922,#3923);
#3921 = CARTESIAN_POINT('',(32.5,-7.5,2.5));
#3922 = DIRECTION('',(0.,1.,0.));
#3923 = DIRECTION('',(1.,0.,0.));
#3924 = DEFINITIONAL_REPRESENTATION('',(#3925),#3929);
#3925 = LINE('',#3926,#3927);
#3926 = CARTESIAN_POINT('',(0.,0.));
#3927 = VECTOR('',#3928,1.);
#3928 = DIRECTION('',(0.,1.));
#3929 = ( GEOMETRIC_REPRESENTATION_CONTEXT(2) 
PARAMETRIC_REPRESENTATION_CONTEXT() REPRESENTATION_CONTEXT('2D SPACE',''
  ) );
#3930 = ORIENTED_EDGE('',*,*,#3931,.T.);
#3931 = EDGE_CURVE('',#3904,#3360,#3932,.T.);
#3932 = SURFACE_CURVE('',#3933,(#3937,#3944),.PCURVE_S1.);
#3933 = LINE('',#3934,#3935);
#3934 = CARTESIAN_POINT('',(34.4,-5.865202811677,0.));
#3935 = VECTOR('',#3936,1.);
#3936 = DIRECTION('',(0.,0.,1.));
#3937 = PCURVE('',#3399,#3938);
#3938 = DEFINITIONAL_REPRESENTATION('',(#3939),#3943);
#3939 = LINE('',#3940,#3941);
#3940 = CARTESIAN_POINT('',(1.634797188323,0.));
#3941 = VECTOR('',#3942,1.);
#3942 = DIRECTION('',(0.,-1.));
#3943 = ( GEOMETRIC_REPRESENTATION_CONTEXT(2) 
PARAMETRIC_REPRESENTATION_CONTEXT() REPRESENTATION_CONTEXT('2D SPACE',''
  ) );
#3944 = PCURVE('',#3833,#3945);
#3945 = DEFINITIONAL_REPRESENTATION('',(#3946),#3950);
#3946 = LINE('',#3947,#3948);
#3947 = CARTESIAN_POINT('',(1.168035441141,0.));
#3948 = VECTOR('',#3949,1.);
#3949 = DIRECTION('',(0.,1.));
#3950 = ( GEOMETRIC_REPRESENTATION_CONTEXT(2) 
PARAMETRIC_REPRESENTATION_CONTEXT() REPRESENTATION_CONTEXT('2D SPACE',''
  ) );
#3951 = ORIENTED_EDGE('',*,*,#3385,.T.);
#3952 = ADVANCED_FACE('',(#3953),#3431,.F.);
#3953 = FACE_BOUND('',#3954,.T.);
#3954 = EDGE_LOOP('',(#3955,#3956,#3983,#3984));
#3955 = ORIENTED_EDGE('',*,*,#3470,.F.);
#3956 = ORIENTED_EDGE('',*,*,#3957,.F.);
#3957 = EDGE_CURVE('',#3523,#3471,#3958,.T.);
#3958 = SURFACE_CURVE('',#3959,(#3964,#3971),.PCURVE_S1.);
#3959 = CIRCLE('',#3960,1.9);
#3960 = AXIS2_PLACEMENT_3D('',#3961,#3962,#3963);
#3961 = CARTESIAN_POINT('',(-32.5,5.865202811677,2.5));
#3962 = DIRECTION('',(0.,0.,1.));
#3963 = DIRECTION('',(-0.391959798995,0.919982345467,0.));
#3964 = PCURVE('',#3431,#3965);
#3965 = DEFINITIONAL_REPRESENTATION('',(#3966),#3970);
#3966 = LINE('',#3967,#3968);
#3967 = CARTESIAN_POINT('',(-1.168035441141,2.5));
#3968 = VECTOR('',#3969,1.);
#3969 = DIRECTION('',(1.,-0.));
#3970 = ( GEOMETRIC_REPRESENTATION_CONTEXT(2) 
PARAMETRIC_REPRESENTATION_CONTEXT() REPRESENTATION_CONTEXT('2D SPACE',''
  ) );
#3971 = PCURVE('',#3972,#3977);
#3972 = SPHERICAL_SURFACE('',#3973,1.9);
#3973 = AXIS2_PLACEMENT_3D('',#3974,#3975,#3976);
#3974 = CARTESIAN_POINT('',(-32.5,5.865202811677,2.5));
#3975 = DIRECTION('',(0.,0.,1.));
#3976 = DIRECTION('',(-0.391959798995,0.919982345467,0.));
#3977 = DEFINITIONAL_REPRESENTATION('',(#3978),#3982);
#3978 = LINE('',#3979,#3980);
#3979 = CARTESIAN_POINT('',(0.,0.));
#3980 = VECTOR('',#3981,1.);
#3981 = DIRECTION('',(1.,0.));
#3982 = ( GEOMETRIC_REPRESENTATION_CONTEXT(2) 
PARAMETRIC_REPRESENTATION_CONTEXT() REPRESENTATION_CONTEXT('2D SPACE',''
  ) );
#3983 = ORIENTED_EDGE('',*,*,#3522,.T.);
#3984 = ORIENTED_EDGE('',*,*,#3416,.T.);
#3985 = ADVANCED_FACE('',(#3986),#3507,.F.);
#3986 = FACE_BOUND('',#3987,.F.);
#3987 = EDGE_LOOP('',(#3988,#4012,#4040,#4062));
#3988 = ORIENTED_EDGE('',*,*,#3989,.F.);
#3989 = EDGE_CURVE('',#3990,#3471,#3992,.T.);
#3990 = VERTEX_POINT('',#3991);
#3991 = CARTESIAN_POINT('',(-32.5,5.865202811677,0.6));
#3992 = SURFACE_CURVE('',#3993,(#3998,#4005),.PCURVE_S1.);
#3993 = CIRCLE('',#3994,1.9);
#3994 = AXIS2_PLACEMENT_3D('',#3995,#3996,#3997);
#3995 = CARTESIAN_POINT('',(-32.5,5.865202811677,2.5));
#3996 = DIRECTION('',(2.109423746788E-15,1.,-1.127872723682E-32));
#3997 = DIRECTION('',(-1.,2.109423746788E-15,2.449212707645E-16));
#3998 = PCURVE('',#3507,#3999);
#3999 = DEFINITIONAL_REPRESENTATION('',(#4000),#4004);
#4000 = LINE('',#4001,#4002);
#4001 = CARTESIAN_POINT('',(6.28318530718,1.634797188323));
#4002 = VECTOR('',#4003,1.);
#4003 = DIRECTION('',(-1.,0.));
#4004 = ( GEOMETRIC_REPRESENTATION_CONTEXT(2) 
PARAMETRIC_REPRESENTATION_CONTEXT() REPRESENTATION_CONTEXT('2D SPACE',''
  ) );
#4005 = PCURVE('',#3972,#4006);
#4006 = DEFINITIONAL_REPRESENTATION('',(#4007),#4011);
#4007 = LINE('',#4008,#4009);
#4008 = CARTESIAN_POINT('',(1.168035441141,-6.28318530718));
#4009 = VECTOR('',#4010,1.);
#4010 = DIRECTION('',(0.,1.));
#4011 = ( GEOMETRIC_REPRESENTATION_CONTEXT(2) 
PARAMETRIC_REPRESENTATION_CONTEXT() REPRESENTATION_CONTEXT('2D SPACE',''
  ) );
#4012 = ORIENTED_EDGE('',*,*,#4013,.T.);
#4013 = EDGE_CURVE('',#3990,#4014,#4016,.T.);
#4014 = VERTEX_POINT('',#4015);
#4015 = CARTESIAN_POINT('',(-32.5,0.,0.6));
#4016 = SURFACE_CURVE('',#4017,(#4021,#4028),.PCURVE_S1.);
#4017 = LINE('',#4018,#4019);
#4018 = CARTESIAN_POINT('',(-32.5,7.5,0.6));
#4019 = VECTOR('',#4020,1.);
#4020 = DIRECTION('',(0.,-1.,0.));
#4021 = PCURVE('',#3507,#4022);
#4022 = DEFINITIONAL_REPRESENTATION('',(#4023),#4027);
#4023 = LINE('',#4024,#4025);
#4024 = CARTESIAN_POINT('',(1.570796326795,0.));
#4025 = VECTOR('',#4026,1.);
#4026 = DIRECTION('',(0.,1.));
#4027 = ( GEOMETRIC_REPRESENTATION_CONTEXT(2) 
PARAMETRIC_REPRESENTATION_CONTEXT() REPRESENTATION_CONTEXT('2D SPACE',''
  ) );
#4028 = PCURVE('',#4029,#4034);
#4029 = PLANE('',#4030);
#4030 = AXIS2_PLACEMENT_3D('',#4031,#4032,#4033);
#4031 = CARTESIAN_POINT('',(0.,70.416666666667,0.6));
#4032 = DIRECTION('',(0.,0.,1.));
#4033 = DIRECTION('',(-0.409756097561,-0.912195121951,0.));
#4034 = DEFINITIONAL_REPRESENTATION('',(#4035),#4039);
#4035 = LINE('',#4036,#4037);
#4036 = CARTESIAN_POINT('',(70.709349593496,-3.865853658537));
#4037 = VECTOR('',#4038,1.);
#4038 = DIRECTION('',(0.912195121951,0.409756097561));
#4039 = ( GEOMETRIC_REPRESENTATION_CONTEXT(2) 
PARAMETRIC_REPRESENTATION_CONTEXT() REPRESENTATION_CONTEXT('2D SPACE',''
  ) );
#4040 = ORIENTED_EDGE('',*,*,#4041,.F.);
#4041 = EDGE_CURVE('',#3447,#4014,#4042,.T.);
#4042 = SURFACE_CURVE('',#4043,(#4048,#4055),.PCURVE_S1.);
#4043 = CIRCLE('',#4044,1.9);
#4044 = AXIS2_PLACEMENT_3D('',#4045,#4046,#4047);
#4045 = CARTESIAN_POINT('',(-32.5,0.,2.5));
#4046 = DIRECTION('',(0.,-1.,0.));
#4047 = DIRECTION('',(-1.,0.,0.));
#4048 = PCURVE('',#3507,#4049);
#4049 = DEFINITIONAL_REPRESENTATION('',(#4050),#4054);
#4050 = LINE('',#4051,#4052);
#4051 = CARTESIAN_POINT('',(0.,7.5));
#4052 = VECTOR('',#4053,1.);
#4053 = DIRECTION('',(1.,0.));
#4054 = ( GEOMETRIC_REPRESENTATION_CONTEXT(2) 
PARAMETRIC_REPRESENTATION_CONTEXT() REPRESENTATION_CONTEXT('2D SPACE',''
  ) );
#4055 = PCURVE('',#3675,#4056);
#4056 = DEFINITIONAL_REPRESENTATION('',(#4057),#4061);
#4057 = LINE('',#4058,#4059);
#4058 = CARTESIAN_POINT('',(0.,0.));
#4059 = VECTOR('',#4060,1.);
#4060 = DIRECTION('',(1.,0.));
#4061 = ( GEOMETRIC_REPRESENTATION_CONTEXT(2) 
PARAMETRIC_REPRESENTATION_CONTEXT() REPRESENTATION_CONTEXT('2D SPACE',''
  ) );
#4062 = ORIENTED_EDGE('',*,*,#3493,.F.);
#4063 = ADVANCED_FACE('',(#4064),#3589,.F.);
#4064 = FACE_BOUND('',#4065,.F.);
#4065 = EDGE_LOOP('',(#4066,#4088,#4089,#4118));
#4066 = ORIENTED_EDGE('',*,*,#4067,.T.);
#4067 = EDGE_CURVE('',#3990,#3523,#4068,.T.);
#4068 = SURFACE_CURVE('',#4069,(#4074,#4081),.PCURVE_S1.);
#4069 = CIRCLE('',#4070,1.9);
#4070 = AXIS2_PLACEMENT_3D('',#4071,#4072,#4073);
#4071 = CARTESIAN_POINT('',(-32.5,5.865202811677,2.5));
#4072 = DIRECTION('',(0.919982345467,0.391959798995,1.232595164408E-32)
  );
#4073 = DIRECTION('',(-0.391959798995,0.919982345467,2.449212707645E-16)
  );
#4074 = PCURVE('',#3589,#4075);
#4075 = DEFINITIONAL_REPRESENTATION('',(#4076),#4080);
#4076 = LINE('',#4077,#4078);
#4077 = CARTESIAN_POINT('',(1.942578079171E-02,6.28318530718));
#4078 = VECTOR('',#4079,1.);
#4079 = DIRECTION('',(0.,-1.));
#4080 = ( GEOMETRIC_REPRESENTATION_CONTEXT(2) 
PARAMETRIC_REPRESENTATION_CONTEXT() REPRESENTATION_CONTEXT('2D SPACE',''
  ) );
#4081 = PCURVE('',#3972,#4082);
#4082 = DEFINITIONAL_REPRESENTATION('',(#4083),#4087);
#4083 = LINE('',#4084,#4085);
#4084 = CARTESIAN_POINT('',(0.,-6.28318530718));
#4085 = VECTOR('',#4086,1.);
#4086 = DIRECTION('',(0.,1.));
#4087 = ( GEOMETRIC_REPRESENTATION_CONTEXT(2) 
PARAMETRIC_REPRESENTATION_CONTEXT() REPRESENTATION_CONTEXT('2D SPACE',''
  ) );
#4088 = ORIENTED_EDGE('',*,*,#3574,.T.);
#4089 = ORIENTED_EDGE('',*,*,#4090,.F.);
#4090 = EDGE_CURVE('',#4091,#3547,#4093,.T.);
#4091 = VERTEX_POINT('',#4092);
#4092 = CARTESIAN_POINT('',(32.5,5.865202811677,0.6));
#4093 = SURFACE_CURVE('',#4094,(#4099,#4106),.PCURVE_S1.);
#4094 = CIRCLE('',#4095,1.9);
#4095 = AXIS2_PLACEMENT_3D('',#4096,#4097,#4098);
#4096 = CARTESIAN_POINT('',(32.5,5.865202811677,2.5));
#4097 = DIRECTION('',(0.919982345467,-0.391959798995,1.232595164408E-32)
  );
#4098 = DIRECTION('',(0.391959798995,0.919982345467,2.449212707645E-16)
  );
#4099 = PCURVE('',#3589,#4100);
#4100 = DEFINITIONAL_REPRESENTATION('',(#4101),#4105);
#4101 = LINE('',#4102,#4103);
#4102 = CARTESIAN_POINT('',(0.824947552099,6.28318530718));
#4103 = VECTOR('',#4104,1.);
#4104 = DIRECTION('',(0.,-1.));
#4105 = ( GEOMETRIC_REPRESENTATION_CONTEXT(2) 
PARAMETRIC_REPRESENTATION_CONTEXT() REPRESENTATION_CONTEXT('2D SPACE',''
  ) );
#4106 = PCURVE('',#4107,#4112);
#4107 = SPHERICAL_SURFACE('',#4108,1.9);
#4108 = AXIS2_PLACEMENT_3D('',#4109,#4110,#4111);
#4109 = CARTESIAN_POINT('',(32.5,5.865202811677,2.5));
#4110 = DIRECTION('',(0.,0.,1.));
#4111 = DIRECTION('',(0.391959798995,0.919982345467,-0.));
#4112 = DEFINITIONAL_REPRESENTATION('',(#4113),#4117);
#4113 = LINE('',#4114,#4115);
#4114 = CARTESIAN_POINT('',(-0.,-6.28318530718));
#4115 = VECTOR('',#4116,1.);
#4116 = DIRECTION('',(-0.,1.));
#4117 = ( GEOMETRIC_REPRESENTATION_CONTEXT(2) 
PARAMETRIC_REPRESENTATION_CONTEXT() REPRESENTATION_CONTEXT('2D SPACE',''
  ) );
#4118 = ORIENTED_EDGE('',*,*,#4119,.F.);
#4119 = EDGE_CURVE('',#3990,#4091,#4120,.T.);
#4120 = SURFACE_CURVE('',#4121,(#4126,#4133),.PCURVE_S1.);
#4121 = CIRCLE('',#4122,82.916666666667);
#4122 = AXIS2_PLACEMENT_3D('',#4123,#4124,#4125);
#4123 = CARTESIAN_POINT('',(0.,-70.41666666666,0.6));
#4124 = DIRECTION('',(0.,0.,-1.));
#4125 = DIRECTION('',(-0.409756097561,0.912195121951,0.));
#4126 = PCURVE('',#3589,#4127);
#4127 = DEFINITIONAL_REPRESENTATION('',(#4128),#4132);
#4128 = LINE('',#4129,#4130);
#4129 = CARTESIAN_POINT('',(0.,1.570796326795));
#4130 = VECTOR('',#4131,1.);
#4131 = DIRECTION('',(1.,0.));
#4132 = ( GEOMETRIC_REPRESENTATION_CONTEXT(2) 
PARAMETRIC_REPRESENTATION_CONTEXT() REPRESENTATION_CONTEXT('2D SPACE',''
  ) );
#4133 = PCURVE('',#4029,#4134);
#4134 = DEFINITIONAL_REPRESENTATION('',(#4135),#4143);
#4135 = ( BOUNDED_CURVE() B_SPLINE_CURVE(2,(#4136,#4137,#4138,#4139,
#4140,#4141,#4142),.UNSPECIFIED.,.T.,.F.) B_SPLINE_CURVE_WITH_KNOTS((1,2
    ,2,2,2,1),(-2.094395102393,0.,2.094395102393,4.188790204786,
6.28318530718,8.377580409573),.UNSPECIFIED.) CURVE() 
GEOMETRIC_REPRESENTATION_ITEM() RATIONAL_B_SPLINE_CURVE((1.,0.5,1.,0.5,
1.,0.5,1.)) REPRESENTATION_ITEM('') );
#4136 = CARTESIAN_POINT('',(73.394239539957,-4.27745389649));
#4137 = CARTESIAN_POINT('',(-33.96653307501,91.112196154495));
#4138 = CARTESIAN_POINT('',(102.32371343473,136.39452758349));
#4139 = CARTESIAN_POINT('',(238.61395994447,181.67685901249));
#4140 = CARTESIAN_POINT('',(209.6844860497,41.004877532509));
#4141 = CARTESIAN_POINT('',(180.75501215493,-99.66710394747));
#4142 = CARTESIAN_POINT('',(73.394239539957,-4.27745389649));
#4143 = ( GEOMETRIC_REPRESENTATION_CONTEXT(2) 
PARAMETRIC_REPRESENTATION_CONTEXT() REPRESENTATION_CONTEXT('2D SPACE',''
  ) );
#4144 = ADVANCED_FACE('',(#4145),#3562,.F.);
#4145 = FACE_BOUND('',#4146,.T.);
#4146 = EDGE_LOOP('',(#4147,#4148,#4170,#4171));
#4147 = ORIENTED_EDGE('',*,*,#3546,.F.);
#4148 = ORIENTED_EDGE('',*,*,#4149,.T.);
#4149 = EDGE_CURVE('',#3547,#3741,#4150,.T.);
#4150 = SURFACE_CURVE('',#4151,(#4156,#4163),.PCURVE_S1.);
#4151 = CIRCLE('',#4152,1.9);
#4152 = AXIS2_PLACEMENT_3D('',#4153,#4154,#4155);
#4153 = CARTESIAN_POINT('',(32.5,5.865202811677,2.5));
#4154 = DIRECTION('',(0.,0.,-1.));
#4155 = DIRECTION('',(0.391959798995,0.919982345467,0.));
#4156 = PCURVE('',#3562,#4157);
#4157 = DEFINITIONAL_REPRESENTATION('',(#4158),#4162);
#4158 = LINE('',#4159,#4160);
#4159 = CARTESIAN_POINT('',(-0.,2.5));
#4160 = VECTOR('',#4161,1.);
#4161 = DIRECTION('',(-1.,0.));
#4162 = ( GEOMETRIC_REPRESENTATION_CONTEXT(2) 
PARAMETRIC_REPRESENTATION_CONTEXT() REPRESENTATION_CONTEXT('2D SPACE',''
  ) );
#4163 = PCURVE('',#4107,#4164);
#4164 = DEFINITIONAL_REPRESENTATION('',(#4165),#4169);
#4165 = LINE('',#4166,#4167);
#4166 = CARTESIAN_POINT('',(-0.,0.));
#4167 = VECTOR('',#4168,1.);
#4168 = DIRECTION('',(-1.,0.));
#4169 = ( GEOMETRIC_REPRESENTATION_CONTEXT(2) 
PARAMETRIC_REPRESENTATION_CONTEXT() REPRESENTATION_CONTEXT('2D SPACE',''
  ) );
#4170 = ORIENTED_EDGE('',*,*,#3768,.T.);
#4171 = ORIENTED_EDGE('',*,*,#3606,.F.);
#4172 = ADVANCED_FACE('',(#4173),#3675,.F.);
#4173 = FACE_BOUND('',#4174,.F.);
#4174 = EDGE_LOOP('',(#4175,#4176,#4199,#4226));
#4175 = ORIENTED_EDGE('',*,*,#4041,.T.);
#4176 = ORIENTED_EDGE('',*,*,#4177,.T.);
#4177 = EDGE_CURVE('',#4014,#4178,#4180,.T.);
#4178 = VERTEX_POINT('',#4179);
#4179 = CARTESIAN_POINT('',(-32.5,-5.865202811677,0.6));
#4180 = SURFACE_CURVE('',#4181,(#4185,#4192),.PCURVE_S1.);
#4181 = LINE('',#4182,#4183);
#4182 = CARTESIAN_POINT('',(-32.5,0.,0.6));
#4183 = VECTOR('',#4184,1.);
#4184 = DIRECTION('',(0.,-1.,0.));
#4185 = PCURVE('',#3675,#4186);
#4186 = DEFINITIONAL_REPRESENTATION('',(#4187),#4191);
#4187 = LINE('',#4188,#4189);
#4188 = CARTESIAN_POINT('',(1.570796326795,0.));
#4189 = VECTOR('',#4190,1.);
#4190 = DIRECTION('',(0.,1.));
#4191 = ( GEOMETRIC_REPRESENTATION_CONTEXT(2) 
PARAMETRIC_REPRESENTATION_CONTEXT() REPRESENTATION_CONTEXT('2D SPACE',''
  ) );
#4192 = PCURVE('',#4029,#4193);
#4193 = DEFINITIONAL_REPRESENTATION('',(#4194),#4198);
#4194 = LINE('',#4195,#4196);
#4195 = CARTESIAN_POINT('',(77.55081300813,-0.792682926829));
#4196 = VECTOR('',#4197,1.);
#4197 = DIRECTION('',(0.912195121951,0.409756097561));
#4198 = ( GEOMETRIC_REPRESENTATION_CONTEXT(2) 
PARAMETRIC_REPRESENTATION_CONTEXT() REPRESENTATION_CONTEXT('2D SPACE',''
  ) );
#4199 = ORIENTED_EDGE('',*,*,#4200,.T.);
#4200 = EDGE_CURVE('',#4178,#3634,#4201,.T.);
#4201 = SURFACE_CURVE('',#4202,(#4207,#4214),.PCURVE_S1.);
#4202 = CIRCLE('',#4203,1.9);
#4203 = AXIS2_PLACEMENT_3D('',#4204,#4205,#4206);
#4204 = CARTESIAN_POINT('',(-32.5,-5.865202811677,2.5));
#4205 = DIRECTION('',(0.,1.,0.));
#4206 = DIRECTION('',(-1.,0.,2.449212707645E-16));
#4207 = PCURVE('',#3675,#4208);
#4208 = DEFINITIONAL_REPRESENTATION('',(#4209),#4213);
#4209 = LINE('',#4210,#4211);
#4210 = CARTESIAN_POINT('',(6.28318530718,5.865202811677));
#4211 = VECTOR('',#4212,1.);
#4212 = DIRECTION('',(-1.,0.));
#4213 = ( GEOMETRIC_REPRESENTATION_CONTEXT(2) 
PARAMETRIC_REPRESENTATION_CONTEXT() REPRESENTATION_CONTEXT('2D SPACE',''
  ) );
#4214 = PCURVE('',#4215,#4220);
#4215 = SPHERICAL_SURFACE('',#4216,1.9);
#4216 = AXIS2_PLACEMENT_3D('',#4217,#4218,#4219);
#4217 = CARTESIAN_POINT('',(-32.5,-5.865202811677,2.5));
#4218 = DIRECTION('',(0.,0.,1.));
#4219 = DIRECTION('',(-1.,0.,0.));
#4220 = DEFINITIONAL_REPRESENTATION('',(#4221),#4225);
#4221 = LINE('',#4222,#4223);
#4222 = CARTESIAN_POINT('',(0.,-6.28318530718));
#4223 = VECTOR('',#4224,1.);
#4224 = DIRECTION('',(0.,1.));
#4225 = ( GEOMETRIC_REPRESENTATION_CONTEXT(2) 
PARAMETRIC_REPRESENTATION_CONTEXT() REPRESENTATION_CONTEXT('2D SPACE',''
  ) );
#4226 = ORIENTED_EDGE('',*,*,#3661,.F.);
#4227 = ADVANCED_FACE('',(#4228),#3649,.F.);
#4228 = FACE_BOUND('',#4229,.F.);
#4229 = EDGE_LOOP('',(#4230,#4231,#4253,#4254));
#4230 = ORIENTED_EDGE('',*,*,#3633,.F.);
#4231 = ORIENTED_EDGE('',*,*,#4232,.T.);
#4232 = EDGE_CURVE('',#3634,#3794,#4233,.T.);
#4233 = SURFACE_CURVE('',#4234,(#4239,#4246),.PCURVE_S1.);
#4234 = CIRCLE('',#4235,1.9);
#4235 = AXIS2_PLACEMENT_3D('',#4236,#4237,#4238);
#4236 = CARTESIAN_POINT('',(-32.5,-5.865202811677,2.5));
#4237 = DIRECTION('',(0.,0.,1.));
#4238 = DIRECTION('',(-1.,0.,0.));
#4239 = PCURVE('',#3649,#4240);
#4240 = DEFINITIONAL_REPRESENTATION('',(#4241),#4245);
#4241 = LINE('',#4242,#4243);
#4242 = CARTESIAN_POINT('',(0.,2.5));
#4243 = VECTOR('',#4244,1.);
#4244 = DIRECTION('',(1.,0.));
#4245 = ( GEOMETRIC_REPRESENTATION_CONTEXT(2) 
PARAMETRIC_REPRESENTATION_CONTEXT() REPRESENTATION_CONTEXT('2D SPACE',''
  ) );
#4246 = PCURVE('',#4215,#4247);
#4247 = DEFINITIONAL_REPRESENTATION('',(#4248),#4252);
#4248 = LINE('',#4249,#4250);
#4249 = CARTESIAN_POINT('',(0.,0.));
#4250 = VECTOR('',#4251,1.);
#4251 = DIRECTION('',(1.,0.));
#4252 = ( GEOMETRIC_REPRESENTATION_CONTEXT(2) 
PARAMETRIC_REPRESENTATION_CONTEXT() REPRESENTATION_CONTEXT('2D SPACE',''
  ) );
#4253 = ORIENTED_EDGE('',*,*,#3793,.T.);
#4254 = ORIENTED_EDGE('',*,*,#3692,.F.);
#4255 = ADVANCED_FACE('',(#4256),#3756,.F.);
#4256 = FACE_BOUND('',#4257,.F.);
#4257 = EDGE_LOOP('',(#4258,#4282,#4303,#4325));
#4258 = ORIENTED_EDGE('',*,*,#4259,.T.);
#4259 = EDGE_CURVE('',#3718,#4260,#4262,.T.);
#4260 = VERTEX_POINT('',#4261);
#4261 = CARTESIAN_POINT('',(32.5,-1.42108547152E-14,0.6));
#4262 = SURFACE_CURVE('',#4263,(#4268,#4275),.PCURVE_S1.);
#4263 = CIRCLE('',#4264,1.9);
#4264 = AXIS2_PLACEMENT_3D('',#4265,#4266,#4267);
#4265 = CARTESIAN_POINT('',(32.5,0.,2.5));
#4266 = DIRECTION('',(-0.,1.,0.));
#4267 = DIRECTION('',(1.,0.,0.));
#4268 = PCURVE('',#3756,#4269);
#4269 = DEFINITIONAL_REPRESENTATION('',(#4270),#4274);
#4270 = LINE('',#4271,#4272);
#4271 = CARTESIAN_POINT('',(0.,0.));
#4272 = VECTOR('',#4273,1.);
#4273 = DIRECTION('',(1.,0.));
#4274 = ( GEOMETRIC_REPRESENTATION_CONTEXT(2) 
PARAMETRIC_REPRESENTATION_CONTEXT() REPRESENTATION_CONTEXT('2D SPACE',''
  ) );
#4275 = PCURVE('',#3919,#4276);
#4276 = DEFINITIONAL_REPRESENTATION('',(#4277),#4281);
#4277 = LINE('',#4278,#4279);
#4278 = CARTESIAN_POINT('',(0.,7.5));
#4279 = VECTOR('',#4280,1.);
#4280 = DIRECTION('',(1.,0.));
#4281 = ( GEOMETRIC_REPRESENTATION_CONTEXT(2) 
PARAMETRIC_REPRESENTATION_CONTEXT() REPRESENTATION_CONTEXT('2D SPACE',''
  ) );
#4282 = ORIENTED_EDGE('',*,*,#4283,.T.);
#4283 = EDGE_CURVE('',#4260,#4091,#4284,.T.);
#4284 = SURFACE_CURVE('',#4285,(#4289,#4296),.PCURVE_S1.);
#4285 = LINE('',#4286,#4287);
#4286 = CARTESIAN_POINT('',(32.5,0.,0.6));
#4287 = VECTOR('',#4288,1.);
#4288 = DIRECTION('',(0.,1.,0.));
#4289 = PCURVE('',#3756,#4290);
#4290 = DEFINITIONAL_REPRESENTATION('',(#4291),#4295);
#4291 = LINE('',#4292,#4293);
#4292 = CARTESIAN_POINT('',(1.570796326795,0.));
#4293 = VECTOR('',#4294,1.);
#4294 = DIRECTION('',(0.,1.));
#4295 = ( GEOMETRIC_REPRESENTATION_CONTEXT(2) 
PARAMETRIC_REPRESENTATION_CONTEXT() REPRESENTATION_CONTEXT('2D SPACE',''
  ) );
#4296 = PCURVE('',#4029,#4297);
#4297 = DEFINITIONAL_REPRESENTATION('',(#4298),#4302);
#4298 = LINE('',#4299,#4300);
#4299 = CARTESIAN_POINT('',(50.916666666667,58.5));
#4300 = VECTOR('',#4301,1.);
#4301 = DIRECTION('',(-0.912195121951,-0.409756097561));
#4302 = ( GEOMETRIC_REPRESENTATION_CONTEXT(2) 
PARAMETRIC_REPRESENTATION_CONTEXT() REPRESENTATION_CONTEXT('2D SPACE',''
  ) );
#4303 = ORIENTED_EDGE('',*,*,#4304,.T.);
#4304 = EDGE_CURVE('',#4091,#3741,#4305,.T.);
#4305 = SURFACE_CURVE('',#4306,(#4311,#4318),.PCURVE_S1.);
#4306 = CIRCLE('',#4307,1.9);
#4307 = AXIS2_PLACEMENT_3D('',#4308,#4309,#4310);
#4308 = CARTESIAN_POINT('',(32.5,5.865202811677,2.5));
#4309 = DIRECTION('',(5.551115123126E-15,-1.,3.73148926725E-33));
#4310 = DIRECTION('',(1.,5.551115123126E-15,2.449212707645E-16));
#4311 = PCURVE('',#3756,#4312);
#4312 = DEFINITIONAL_REPRESENTATION('',(#4313),#4317);
#4313 = LINE('',#4314,#4315);
#4314 = CARTESIAN_POINT('',(6.28318530718,5.865202811677));
#4315 = VECTOR('',#4316,1.);
#4316 = DIRECTION('',(-1.,0.));
#4317 = ( GEOMETRIC_REPRESENTATION_CONTEXT(2) 
PARAMETRIC_REPRESENTATION_CONTEXT() REPRESENTATION_CONTEXT('2D SPACE',''
  ) );
#4318 = PCURVE('',#4107,#4319);
#4319 = DEFINITIONAL_REPRESENTATION('',(#4320),#4324);
#4320 = LINE('',#4321,#4322);
#4321 = CARTESIAN_POINT('',(-1.168035441141,-6.28318530718));
#4322 = VECTOR('',#4323,1.);
#4323 = DIRECTION('',(-0.,1.));
#4324 = ( GEOMETRIC_REPRESENTATION_CONTEXT(2) 
PARAMETRIC_REPRESENTATION_CONTEXT() REPRESENTATION_CONTEXT('2D SPACE',''
  ) );
#4325 = ORIENTED_EDGE('',*,*,#3740,.F.);
#4326 = ADVANCED_FACE('',(#4327),#3860,.F.);
#4327 = FACE_BOUND('',#4328,.T.);
#4328 = EDGE_LOOP('',(#4329,#4351,#4352,#4381));
#4329 = ORIENTED_EDGE('',*,*,#4330,.T.);
#4330 = EDGE_CURVE('',#4178,#3794,#4331,.T.);
#4331 = SURFACE_CURVE('',#4332,(#4337,#4344),.PCURVE_S1.);
#4332 = CIRCLE('',#4333,1.9);
#4333 = AXIS2_PLACEMENT_3D('',#4334,#4335,#4336);
#4334 = CARTESIAN_POINT('',(-32.5,-5.865202811677,2.5));
#4335 = DIRECTION('',(-0.919982345467,0.391959798995,-2.465190328816E-32
    ));
#4336 = DIRECTION('',(-0.391959798995,-0.919982345467,2.449212707645E-16
    ));
#4337 = PCURVE('',#3860,#4338);
#4338 = DEFINITIONAL_REPRESENTATION('',(#4339),#4343);
#4339 = LINE('',#4340,#4341);
#4340 = CARTESIAN_POINT('',(-1.942578079171E-02,6.28318530718));
#4341 = VECTOR('',#4342,1.);
#4342 = DIRECTION('',(-0.,-1.));
#4343 = ( GEOMETRIC_REPRESENTATION_CONTEXT(2) 
PARAMETRIC_REPRESENTATION_CONTEXT() REPRESENTATION_CONTEXT('2D SPACE',''
  ) );
#4344 = PCURVE('',#4215,#4345);
#4345 = DEFINITIONAL_REPRESENTATION('',(#4346),#4350);
#4346 = LINE('',#4347,#4348);
#4347 = CARTESIAN_POINT('',(1.168035441141,-6.28318530718));
#4348 = VECTOR('',#4349,1.);
#4349 = DIRECTION('',(0.,1.));
#4350 = ( GEOMETRIC_REPRESENTATION_CONTEXT(2) 
PARAMETRIC_REPRESENTATION_CONTEXT() REPRESENTATION_CONTEXT('2D SPACE',''
  ) );
#4351 = ORIENTED_EDGE('',*,*,#3845,.T.);
#4352 = ORIENTED_EDGE('',*,*,#4353,.F.);
#4353 = EDGE_CURVE('',#4354,#3818,#4356,.T.);
#4354 = VERTEX_POINT('',#4355);
#4355 = CARTESIAN_POINT('',(32.5,-5.865202811677,0.6));
#4356 = SURFACE_CURVE('',#4357,(#4362,#4369),.PCURVE_S1.);
#4357 = CIRCLE('',#4358,1.9);
#4358 = AXIS2_PLACEMENT_3D('',#4359,#4360,#4361);
#4359 = CARTESIAN_POINT('',(32.5,-5.865202811677,2.5));
#4360 = DIRECTION('',(-0.919982345467,-0.391959798995,
    -1.232595164408E-32));
#4361 = DIRECTION('',(0.391959798995,-0.919982345467,2.449212707645E-16)
  );
#4362 = PCURVE('',#3860,#4363);
#4363 = DEFINITIONAL_REPRESENTATION('',(#4364),#4368);
#4364 = LINE('',#4365,#4366);
#4365 = CARTESIAN_POINT('',(-0.824947552099,6.28318530718));
#4366 = VECTOR('',#4367,1.);
#4367 = DIRECTION('',(-0.,-1.));
#4368 = ( GEOMETRIC_REPRESENTATION_CONTEXT(2) 
PARAMETRIC_REPRESENTATION_CONTEXT() REPRESENTATION_CONTEXT('2D SPACE',''
  ) );
#4369 = PCURVE('',#4370,#4375);
#4370 = SPHERICAL_SURFACE('',#4371,1.9);
#4371 = AXIS2_PLACEMENT_3D('',#4372,#4373,#4374);
#4372 = CARTESIAN_POINT('',(32.5,-5.865202811677,2.5));
#4373 = DIRECTION('',(0.,0.,1.));
#4374 = DIRECTION('',(0.391959798995,-0.919982345467,0.));
#4375 = DEFINITIONAL_REPRESENTATION('',(#4376),#4380);
#4376 = LINE('',#4377,#4378);
#4377 = CARTESIAN_POINT('',(0.,-6.28318530718));
#4378 = VECTOR('',#4379,1.);
#4379 = DIRECTION('',(0.,1.));
#4380 = ( GEOMETRIC_REPRESENTATION_CONTEXT(2) 
PARAMETRIC_REPRESENTATION_CONTEXT() REPRESENTATION_CONTEXT('2D SPACE',''
  ) );
#4381 = ORIENTED_EDGE('',*,*,#4382,.F.);
#4382 = EDGE_CURVE('',#4178,#4354,#4383,.T.);
#4383 = SURFACE_CURVE('',#4384,(#4389,#4396),.PCURVE_S1.);
#4384 = CIRCLE('',#4385,82.916666666667);
#4385 = AXIS2_PLACEMENT_3D('',#4386,#4387,#4388);
#4386 = CARTESIAN_POINT('',(0.,70.416666666667,0.6));
#4387 = DIRECTION('',(0.,0.,1.));
#4388 = DIRECTION('',(-0.409756097561,-0.912195121951,0.));
#4389 = PCURVE('',#3860,#4390);
#4390 = DEFINITIONAL_REPRESENTATION('',(#4391),#4395);
#4391 = LINE('',#4392,#4393);
#4392 = CARTESIAN_POINT('',(-0.,1.570796326795));
#4393 = VECTOR('',#4394,1.);
#4394 = DIRECTION('',(-1.,0.));
#4395 = ( GEOMETRIC_REPRESENTATION_CONTEXT(2) 
PARAMETRIC_REPRESENTATION_CONTEXT() REPRESENTATION_CONTEXT('2D SPACE',''
  ) );
#4396 = PCURVE('',#4029,#4397);
#4397 = DEFINITIONAL_REPRESENTATION('',(#4398),#4402);
#4398 = CIRCLE('',#4399,82.916666666667);
#4399 = AXIS2_PLACEMENT_2D('',#4400,#4401);
#4400 = CARTESIAN_POINT('',(0.,0.));
#4401 = DIRECTION('',(1.,-4.284679813629E-17));
#4402 = ( GEOMETRIC_REPRESENTATION_CONTEXT(2) 
PARAMETRIC_REPRESENTATION_CONTEXT() REPRESENTATION_CONTEXT('2D SPACE',''
  ) );
#4403 = ADVANCED_FACE('',(#4404),#3833,.F.);
#4404 = FACE_BOUND('',#4405,.F.);
#4405 = EDGE_LOOP('',(#4406,#4407,#4429,#4430));
#4406 = ORIENTED_EDGE('',*,*,#3817,.F.);
#4407 = ORIENTED_EDGE('',*,*,#4408,.T.);
#4408 = EDGE_CURVE('',#3818,#3904,#4409,.T.);
#4409 = SURFACE_CURVE('',#4410,(#4415,#4422),.PCURVE_S1.);
#4410 = CIRCLE('',#4411,1.9);
#4411 = AXIS2_PLACEMENT_3D('',#4412,#4413,#4414);
#4412 = CARTESIAN_POINT('',(32.5,-5.865202811677,2.5));
#4413 = DIRECTION('',(0.,0.,1.));
#4414 = DIRECTION('',(0.391959798995,-0.919982345467,0.));
#4415 = PCURVE('',#3833,#4416);
#4416 = DEFINITIONAL_REPRESENTATION('',(#4417),#4421);
#4417 = LINE('',#4418,#4419);
#4418 = CARTESIAN_POINT('',(0.,2.5));
#4419 = VECTOR('',#4420,1.);
#4420 = DIRECTION('',(1.,0.));
#4421 = ( GEOMETRIC_REPRESENTATION_CONTEXT(2) 
PARAMETRIC_REPRESENTATION_CONTEXT() REPRESENTATION_CONTEXT('2D SPACE',''
  ) );
#4422 = PCURVE('',#4370,#4423);
#4423 = DEFINITIONAL_REPRESENTATION('',(#4424),#4428);
#4424 = LINE('',#4425,#4426);
#4425 = CARTESIAN_POINT('',(0.,0.));
#4426 = VECTOR('',#4427,1.);
#4427 = DIRECTION('',(1.,0.));
#4428 = ( GEOMETRIC_REPRESENTATION_CONTEXT(2) 
PARAMETRIC_REPRESENTATION_CONTEXT() REPRESENTATION_CONTEXT('2D SPACE',''
  ) );
#4429 = ORIENTED_EDGE('',*,*,#3931,.T.);
#4430 = ORIENTED_EDGE('',*,*,#3877,.F.);
#4431 = ADVANCED_FACE('',(#4432),#3919,.F.);
#4432 = FACE_BOUND('',#4433,.F.);
#4433 = EDGE_LOOP('',(#4434,#4456,#4477,#4478));
#4434 = ORIENTED_EDGE('',*,*,#4435,.F.);
#4435 = EDGE_CURVE('',#4354,#3904,#4436,.T.);
#4436 = SURFACE_CURVE('',#4437,(#4442,#4449),.PCURVE_S1.);
#4437 = CIRCLE('',#4438,1.9);
#4438 = AXIS2_PLACEMENT_3D('',#4439,#4440,#4441);
#4439 = CARTESIAN_POINT('',(32.5,-5.865202811677,2.5));
#4440 = DIRECTION('',(1.33226762955E-15,-1.,1.815188972585E-32));
#4441 = DIRECTION('',(1.,1.33226762955E-15,2.449212707645E-16));
#4442 = PCURVE('',#3919,#4443);
#4443 = DEFINITIONAL_REPRESENTATION('',(#4444),#4448);
#4444 = LINE('',#4445,#4446);
#4445 = CARTESIAN_POINT('',(6.28318530718,1.634797188323));
#4446 = VECTOR('',#4447,1.);
#4447 = DIRECTION('',(-1.,0.));
#4448 = ( GEOMETRIC_REPRESENTATION_CONTEXT(2) 
PARAMETRIC_REPRESENTATION_CONTEXT() REPRESENTATION_CONTEXT('2D SPACE',''
  ) );
#4449 = PCURVE('',#4370,#4450);
#4450 = DEFINITIONAL_REPRESENTATION('',(#4451),#4455);
#4451 = LINE('',#4452,#4453);
#4452 = CARTESIAN_POINT('',(1.168035441141,-6.28318530718));
#4453 = VECTOR('',#4454,1.);
#4454 = DIRECTION('',(0.,1.));
#4455 = ( GEOMETRIC_REPRESENTATION_CONTEXT(2) 
PARAMETRIC_REPRESENTATION_CONTEXT() REPRESENTATION_CONTEXT('2D SPACE',''
  ) );
#4456 = ORIENTED_EDGE('',*,*,#4457,.T.);
#4457 = EDGE_CURVE('',#4354,#4260,#4458,.T.);
#4458 = SURFACE_CURVE('',#4459,(#4463,#4470),.PCURVE_S1.);
#4459 = LINE('',#4460,#4461);
#4460 = CARTESIAN_POINT('',(32.5,-7.5,0.6));
#4461 = VECTOR('',#4462,1.);
#4462 = DIRECTION('',(0.,1.,0.));
#4463 = PCURVE('',#3919,#4464);
#4464 = DEFINITIONAL_REPRESENTATION('',(#4465),#4469);
#4465 = LINE('',#4466,#4467);
#4466 = CARTESIAN_POINT('',(1.570796326795,0.));
#4467 = VECTOR('',#4468,1.);
#4468 = DIRECTION('',(0.,1.));
#4469 = ( GEOMETRIC_REPRESENTATION_CONTEXT(2) 
PARAMETRIC_REPRESENTATION_CONTEXT() REPRESENTATION_CONTEXT('2D SPACE',''
  ) );
#4470 = PCURVE('',#4029,#4471);
#4471 = DEFINITIONAL_REPRESENTATION('',(#4472),#4476);
#4472 = LINE('',#4473,#4474);
#4473 = CARTESIAN_POINT('',(57.758130081301,61.573170731707));
#4474 = VECTOR('',#4475,1.);
#4475 = DIRECTION('',(-0.912195121951,-0.409756097561));
#4476 = ( GEOMETRIC_REPRESENTATION_CONTEXT(2) 
PARAMETRIC_REPRESENTATION_CONTEXT() REPRESENTATION_CONTEXT('2D SPACE',''
  ) );
#4477 = ORIENTED_EDGE('',*,*,#4259,.F.);
#4478 = ORIENTED_EDGE('',*,*,#3903,.F.);
#4479 = ADVANCED_FACE('',(#4480),#3972,.F.);
#4480 = FACE_BOUND('',#4481,.F.);
#4481 = EDGE_LOOP('',(#4482,#4483,#4484));
#4482 = ORIENTED_EDGE('',*,*,#4067,.F.);
#4483 = ORIENTED_EDGE('',*,*,#3989,.T.);
#4484 = ORIENTED_EDGE('',*,*,#3957,.F.);
#4485 = ADVANCED_FACE('',(#4486),#4029,.T.);
#4486 = FACE_BOUND('',#4487,.T.);
#4487 = EDGE_LOOP('',(#4488,#4489,#4490,#4491,#4492,#4493));
#4488 = ORIENTED_EDGE('',*,*,#4013,.T.);
#4489 = ORIENTED_EDGE('',*,*,#4177,.T.);
#4490 = ORIENTED_EDGE('',*,*,#4382,.T.);
#4491 = ORIENTED_EDGE('',*,*,#4457,.T.);
#4492 = ORIENTED_EDGE('',*,*,#4283,.T.);
#4493 = ORIENTED_EDGE('',*,*,#4119,.F.);
#4494 = ADVANCED_FACE('',(#4495),#4107,.F.);
#4495 = FACE_BOUND('',#4496,.T.);
#4496 = EDGE_LOOP('',(#4497,#4498,#4499));
#4497 = ORIENTED_EDGE('',*,*,#4090,.F.);
#4498 = ORIENTED_EDGE('',*,*,#4304,.T.);
#4499 = ORIENTED_EDGE('',*,*,#4149,.F.);
#4500 = ADVANCED_FACE('',(#4501),#4215,.F.);
#4501 = FACE_BOUND('',#4502,.F.);
#4502 = EDGE_LOOP('',(#4503,#4504,#4505));
#4503 = ORIENTED_EDGE('',*,*,#4200,.F.);
#4504 = ORIENTED_EDGE('',*,*,#4330,.T.);
#4505 = ORIENTED_EDGE('',*,*,#4232,.F.);
#4506 = ADVANCED_FACE('',(#4507),#4370,.F.);
#4507 = FACE_BOUND('',#4508,.F.);
#4508 = EDGE_LOOP('',(#4509,#4510,#4511));
#4509 = ORIENTED_EDGE('',*,*,#4353,.F.);
#4510 = ORIENTED_EDGE('',*,*,#4435,.T.);
#4511 = ORIENTED_EDGE('',*,*,#4408,.F.);
#4512 = ( GEOMETRIC_REPRESENTATION_CONTEXT(3) 
GLOBAL_UNCERTAINTY_ASSIGNED_CONTEXT((#4516)) 
GLOBAL_UNIT_ASSIGNED_CONTEXT((#4513,#4514,#4515)) REPRESENTATION_CONTEXT
('Context #1','3D Context with UNIT and UNCERTAINTY') );
#4513 = ( LENGTH_UNIT() NAMED_UNIT(*) SI_UNIT(.MILLI.,.METRE.) );
#4514 = ( NAMED_UNIT(*) PLANE_ANGLE_UNIT() SI_UNIT($,.RADIAN.) );
#4515 = ( NAMED_UNIT(*) SI_UNIT($,.STERADIAN.) SOLID_ANGLE_UNIT() );
#4516 = UNCERTAINTY_MEASURE_WITH_UNIT(LENGTH_MEASURE(2.E-04),#4513,
  'distance_accuracy_value','confusion accuracy');
#4517 = PRODUCT_RELATED_PRODUCT_CATEGORY('part',$,(#7));
ENDSEC;
END-ISO-10303-21;
