ISO-10303-21;
HEADER;
FILE_DESCRIPTION(('Open CASCADE Model'),'2;1');
FILE_NAME('Open CASCADE Shape Model','2026-07-16T16:47:19',('Author'),(
    'Open CASCADE'),'Open CASCADE STEP processor 8.0','Open CASCADE 8.0'
  ,'Unknown');
FILE_SCHEMA(('AUTOMOTIVE_DESIGN { 1 0 10303 214 1 1 1 1 }'));
ENDSEC;
DATA;
#1 = APPLICATION_PROTOCOL_DEFINITION('international standard',
  'automotive_design',2000,#2);
#2 = APPLICATION_CONTEXT(
  'core data for automotive mechanical design processes');
#3 = SHAPE_DEFINITION_REPRESENTATION(#4,#10);
#4 = PRODUCT_DEFINITION_SHAPE('','',#5);
#5 = PRODUCT_DEFINITION('design','',#6,#9);
#6 = PRODUCT_DEFINITION_FORMATION('','',#7);
#7 = PRODUCT('Open CASCADE STEP translator 8.0 2',
  'Open CASCADE STEP translator 8.0 2','',(#8));
#8 = PRODUCT_CONTEXT('',#2,'mechanical');
#9 = PRODUCT_DEFINITION_CONTEXT('part definition',#2,'design');
#10 = SHAPE_REPRESENTATION('',(#11,#15,#19,#23),#27);
#11 = AXIS2_PLACEMENT_3D('',#12,#13,#14);
#12 = CARTESIAN_POINT('',(0.,0.,0.));
#13 = DIRECTION('',(0.,0.,1.));
#14 = DIRECTION('',(1.,0.,-0.));
#15 = AXIS2_PLACEMENT_3D('',#16,#17,#18);
#16 = CARTESIAN_POINT('',(0.,0.,0.));
#17 = DIRECTION('',(0.,0.,1.));
#18 = DIRECTION('',(1.,0.,-0.));
#19 = AXIS2_PLACEMENT_3D('',#20,#21,#22);
#20 = CARTESIAN_POINT('',(0.,0.,0.));
#21 = DIRECTION('',(0.,0.,1.));
#22 = DIRECTION('',(1.,0.,-0.));
#23 = AXIS2_PLACEMENT_3D('',#24,#25,#26);
#24 = CARTESIAN_POINT('',(0.,0.,0.));
#25 = DIRECTION('',(0.,0.,1.));
#26 = DIRECTION('',(1.,0.,-0.));
#27 = ( GEOMETRIC_REPRESENTATION_CONTEXT(3) 
GLOBAL_UNCERTAINTY_ASSIGNED_CONTEXT((#31)) GLOBAL_UNIT_ASSIGNED_CONTEXT(
(#28,#29,#30)) REPRESENTATION_CONTEXT('Context #1',
  '3D Context with UNIT and UNCERTAINTY') );
#28 = ( LENGTH_UNIT() NAMED_UNIT(*) SI_UNIT(.MILLI.,.METRE.) );
#29 = ( NAMED_UNIT(*) PLANE_ANGLE_UNIT() SI_UNIT($,.RADIAN.) );
#30 = ( NAMED_UNIT(*) SI_UNIT($,.STERADIAN.) SOLID_ANGLE_UNIT() );
#31 = UNCERTAINTY_MEASURE_WITH_UNIT(LENGTH_MEASURE(5.E-06),#28,
  'distance_accuracy_value','confusion accuracy');
#32 = PRODUCT_RELATED_PRODUCT_CATEGORY('part',$,(#7));
#33 = SHAPE_DEFINITION_REPRESENTATION(#34,#40);
#34 = PRODUCT_DEFINITION_SHAPE('','',#35);
#35 = PRODUCT_DEFINITION('design','',#36,#39);
#36 = PRODUCT_DEFINITION_FORMATION('','',#37);
#37 = PRODUCT('Open CASCADE STEP translator 8.0 2.1',
  'Open CASCADE STEP translator 8.0 2.1','',(#38));
#38 = PRODUCT_CONTEXT('',#2,'mechanical');
#39 = PRODUCT_DEFINITION_CONTEXT('part definition',#2,'design');
#40 = ADVANCED_BREP_SHAPE_REPRESENTATION('',(#11,#41),#1023);
#41 = MANIFOLD_SOLID_BREP('',#42);
#42 = CLOSED_SHELL('',(#43,#401,#477,#527,#581,#630,#679,#706,#777,#827,
    #876,#925,#974,#1006));
#43 = ADVANCED_FACE('',(#44,#225),#58,.F.);
#44 = FACE_BOUND('',#45,.F.);
#45 = EDGE_LOOP('',(#46,#81,#110,#138,#166,#194));
#46 = ORIENTED_EDGE('',*,*,#47,.F.);
#47 = EDGE_CURVE('',#48,#50,#52,.T.);
#48 = VERTEX_POINT('',#49);
#49 = CARTESIAN_POINT('',(182.5470835242,365.3475036621,27.054535515808)
  );
#50 = VERTEX_POINT('',#51);
#51 = CARTESIAN_POINT('',(182.5470835242,355.3475036621,27.054535515808)
  );
#52 = SURFACE_CURVE('',#53,(#57,#69),.PCURVE_S1.);
#53 = LINE('',#54,#55);
#54 = CARTESIAN_POINT('',(182.5470835242,375.3475036621,27.054535515808)
  );
#55 = VECTOR('',#56,1.);
#56 = DIRECTION('',(0.,-1.,0.));
#57 = PCURVE('',#58,#63);
#58 = PLANE('',#59);
#59 = AXIS2_PLACEMENT_3D('',#60,#61,#62);
#60 = CARTESIAN_POINT('',(317.5470835242,319.88226362385,27.054535515808
    ));
#61 = DIRECTION('',(0.,0.,1.));
#62 = DIRECTION('',(1.,0.,0.));
#63 = DEFINITIONAL_REPRESENTATION('',(#64),#68);
#64 = LINE('',#65,#66);
#65 = CARTESIAN_POINT('',(-135.,55.465240038256));
#66 = VECTOR('',#67,1.);
#67 = DIRECTION('',(0.,-1.));
#68 = ( GEOMETRIC_REPRESENTATION_CONTEXT(2) 
PARAMETRIC_REPRESENTATION_CONTEXT() REPRESENTATION_CONTEXT('2D SPACE',''
  ) );
#69 = PCURVE('',#70,#75);
#70 = PLANE('',#71);
#71 = AXIS2_PLACEMENT_3D('',#72,#73,#74);
#72 = CARTESIAN_POINT('',(182.5470835242,375.3475036621,127.0545355158)
  );
#73 = DIRECTION('',(-1.,0.,0.));
#74 = DIRECTION('',(0.,-1.,0.));
#75 = DEFINITIONAL_REPRESENTATION('',(#76),#80);
#76 = LINE('',#77,#78);
#77 = CARTESIAN_POINT('',(0.,-100.));
#78 = VECTOR('',#79,1.);
#79 = DIRECTION('',(1.,0.));
#80 = ( GEOMETRIC_REPRESENTATION_CONTEXT(2) 
PARAMETRIC_REPRESENTATION_CONTEXT() REPRESENTATION_CONTEXT('2D SPACE',''
  ) );
#81 = ORIENTED_EDGE('',*,*,#82,.T.);
#82 = EDGE_CURVE('',#48,#83,#85,.T.);
#83 = VERTEX_POINT('',#84);
#84 = CARTESIAN_POINT('',(172.5470835242,375.3475036621,27.054535515808)
  );
#85 = SURFACE_CURVE('',#86,(#91,#98),.PCURVE_S1.);
#86 = CIRCLE('',#87,10.);
#87 = AXIS2_PLACEMENT_3D('',#88,#89,#90);
#88 = CARTESIAN_POINT('',(172.5470835242,365.3475036621,27.054535515808)
  );
#89 = DIRECTION('',(0.,0.,1.));
#90 = DIRECTION('',(0.,1.,-0.));
#91 = PCURVE('',#58,#92);
#92 = DEFINITIONAL_REPRESENTATION('',(#93),#97);
#93 = CIRCLE('',#94,10.);
#94 = AXIS2_PLACEMENT_2D('',#95,#96);
#95 = CARTESIAN_POINT('',(-145.,45.465240038256));
#96 = DIRECTION('',(0.,1.));
#97 = ( GEOMETRIC_REPRESENTATION_CONTEXT(2) 
PARAMETRIC_REPRESENTATION_CONTEXT() REPRESENTATION_CONTEXT('2D SPACE',''
  ) );
#98 = PCURVE('',#99,#104);
#99 = CYLINDRICAL_SURFACE('',#100,10.);
#100 = AXIS2_PLACEMENT_3D('',#101,#102,#103);
#101 = CARTESIAN_POINT('',(172.5470835242,365.3475036621,127.0545355158)
  );
#102 = DIRECTION('',(-0.,-0.,-1.));
#103 = DIRECTION('',(1.,-0.,0.));
#104 = DEFINITIONAL_REPRESENTATION('',(#105),#109);
#105 = LINE('',#106,#107);
#106 = CARTESIAN_POINT('',(4.712388980385,100.));
#107 = VECTOR('',#108,1.);
#108 = DIRECTION('',(-1.,0.));
#109 = ( GEOMETRIC_REPRESENTATION_CONTEXT(2) 
PARAMETRIC_REPRESENTATION_CONTEXT() REPRESENTATION_CONTEXT('2D SPACE',''
  ) );
#110 = ORIENTED_EDGE('',*,*,#111,.F.);
#111 = EDGE_CURVE('',#112,#83,#114,.T.);
#112 = VERTEX_POINT('',#113);
#113 = CARTESIAN_POINT('',(137.5470835242,375.3475036621,27.054535515808
    ));
#114 = SURFACE_CURVE('',#115,(#119,#126),.PCURVE_S1.);
#115 = LINE('',#116,#117);
#116 = CARTESIAN_POINT('',(137.5470835242,375.3475036621,27.054535515808
    ));
#117 = VECTOR('',#118,1.);
#118 = DIRECTION('',(1.,0.,0.));
#119 = PCURVE('',#58,#120);
#120 = DEFINITIONAL_REPRESENTATION('',(#121),#125);
#121 = LINE('',#122,#123);
#122 = CARTESIAN_POINT('',(-180.,55.465240038256));
#123 = VECTOR('',#124,1.);
#124 = DIRECTION('',(1.,0.));
#125 = ( GEOMETRIC_REPRESENTATION_CONTEXT(2) 
PARAMETRIC_REPRESENTATION_CONTEXT() REPRESENTATION_CONTEXT('2D SPACE',''
  ) );
#126 = PCURVE('',#127,#132);
#127 = PLANE('',#128);
#128 = AXIS2_PLACEMENT_3D('',#129,#130,#131);
#129 = CARTESIAN_POINT('',(137.5470835242,375.3475036621,127.0545355158)
  );
#130 = DIRECTION('',(0.,-1.,0.));
#131 = DIRECTION('',(1.,0.,0.));
#132 = DEFINITIONAL_REPRESENTATION('',(#133),#137);
#133 = LINE('',#134,#135);
#134 = CARTESIAN_POINT('',(0.,-100.));
#135 = VECTOR('',#136,1.);
#136 = DIRECTION('',(1.,0.));
#137 = ( GEOMETRIC_REPRESENTATION_CONTEXT(2) 
PARAMETRIC_REPRESENTATION_CONTEXT() REPRESENTATION_CONTEXT('2D SPACE',''
  ) );
#138 = ORIENTED_EDGE('',*,*,#139,.F.);
#139 = EDGE_CURVE('',#140,#112,#142,.T.);
#140 = VERTEX_POINT('',#141);
#141 = CARTESIAN_POINT('',(137.5470835242,345.3475036621,27.054535515808
    ));
#142 = SURFACE_CURVE('',#143,(#147,#154),.PCURVE_S1.);
#143 = LINE('',#144,#145);
#144 = CARTESIAN_POINT('',(137.5470835242,345.3475036621,27.054535515808
    ));
#145 = VECTOR('',#146,1.);
#146 = DIRECTION('',(0.,1.,0.));
#147 = PCURVE('',#58,#148);
#148 = DEFINITIONAL_REPRESENTATION('',(#149),#153);
#149 = LINE('',#150,#151);
#150 = CARTESIAN_POINT('',(-180.,25.465240038256));
#151 = VECTOR('',#152,1.);
#152 = DIRECTION('',(0.,1.));
#153 = ( GEOMETRIC_REPRESENTATION_CONTEXT(2) 
PARAMETRIC_REPRESENTATION_CONTEXT() REPRESENTATION_CONTEXT('2D SPACE',''
  ) );
#154 = PCURVE('',#155,#160);
#155 = PLANE('',#156);
#156 = AXIS2_PLACEMENT_3D('',#157,#158,#159);
#157 = CARTESIAN_POINT('',(137.5470835242,345.3475036621,127.0545355158)
  );
#158 = DIRECTION('',(1.,0.,0.));
#159 = DIRECTION('',(-0.,1.,0.));
#160 = DEFINITIONAL_REPRESENTATION('',(#161),#165);
#161 = LINE('',#162,#163);
#162 = CARTESIAN_POINT('',(0.,-100.));
#163 = VECTOR('',#164,1.);
#164 = DIRECTION('',(1.,0.));
#165 = ( GEOMETRIC_REPRESENTATION_CONTEXT(2) 
PARAMETRIC_REPRESENTATION_CONTEXT() REPRESENTATION_CONTEXT('2D SPACE',''
  ) );
#166 = ORIENTED_EDGE('',*,*,#167,.F.);
#167 = EDGE_CURVE('',#168,#140,#170,.T.);
#168 = VERTEX_POINT('',#169);
#169 = CARTESIAN_POINT('',(172.5470835242,345.3475036621,27.054535515808
    ));
#170 = SURFACE_CURVE('',#171,(#175,#182),.PCURVE_S1.);
#171 = LINE('',#172,#173);
#172 = CARTESIAN_POINT('',(182.5470835242,345.3475036621,27.054535515808
    ));
#173 = VECTOR('',#174,1.);
#174 = DIRECTION('',(-1.,-0.,-0.));
#175 = PCURVE('',#58,#176);
#176 = DEFINITIONAL_REPRESENTATION('',(#177),#181);
#177 = LINE('',#178,#179);
#178 = CARTESIAN_POINT('',(-135.,25.465240038256));
#179 = VECTOR('',#180,1.);
#180 = DIRECTION('',(-1.,0.));
#181 = ( GEOMETRIC_REPRESENTATION_CONTEXT(2) 
PARAMETRIC_REPRESENTATION_CONTEXT() REPRESENTATION_CONTEXT('2D SPACE',''
  ) );
#182 = PCURVE('',#183,#188);
#183 = PLANE('',#184);
#184 = AXIS2_PLACEMENT_3D('',#185,#186,#187);
#185 = CARTESIAN_POINT('',(182.5470835242,345.3475036621,127.0545355158)
  );
#186 = DIRECTION('',(0.,1.,0.));
#187 = DIRECTION('',(-1.,0.,0.));
#188 = DEFINITIONAL_REPRESENTATION('',(#189),#193);
#189 = LINE('',#190,#191);
#190 = CARTESIAN_POINT('',(0.,-100.));
#191 = VECTOR('',#192,1.);
#192 = DIRECTION('',(1.,0.));
#193 = ( GEOMETRIC_REPRESENTATION_CONTEXT(2) 
PARAMETRIC_REPRESENTATION_CONTEXT() REPRESENTATION_CONTEXT('2D SPACE',''
  ) );
#194 = ORIENTED_EDGE('',*,*,#195,.F.);
#195 = EDGE_CURVE('',#50,#168,#196,.T.);
#196 = SURFACE_CURVE('',#197,(#202,#213),.PCURVE_S1.);
#197 = CIRCLE('',#198,10.);
#198 = AXIS2_PLACEMENT_3D('',#199,#200,#201);
#199 = CARTESIAN_POINT('',(172.5470835242,355.3475036621,27.054535515808
    ));
#200 = DIRECTION('',(0.,-0.,-1.));
#201 = DIRECTION('',(0.,1.,-0.));
#202 = PCURVE('',#58,#203);
#203 = DEFINITIONAL_REPRESENTATION('',(#204),#212);
#204 = ( BOUNDED_CURVE() B_SPLINE_CURVE(2,(#205,#206,#207,#208,#209,#210
,#211),.UNSPECIFIED.,.T.,.F.) B_SPLINE_CURVE_WITH_KNOTS((1,2,2,2,2,1),(
    -2.094395102393,0.,2.094395102393,4.188790204786,6.28318530718,
8.377580409573),.UNSPECIFIED.) CURVE() GEOMETRIC_REPRESENTATION_ITEM() 
RATIONAL_B_SPLINE_CURVE((1.,0.5,1.,0.5,1.,0.5,1.)) REPRESENTATION_ITEM(
  '') );
#205 = CARTESIAN_POINT('',(-145.,45.465240038256));
#206 = CARTESIAN_POINT('',(-127.6794919243,45.465240038256));
#207 = CARTESIAN_POINT('',(-136.3397459621,30.465240038256));
#208 = CARTESIAN_POINT('',(-145.,15.465240038256));
#209 = CARTESIAN_POINT('',(-153.6602540378,30.465240038256));
#210 = CARTESIAN_POINT('',(-162.3205080756,45.465240038256));
#211 = CARTESIAN_POINT('',(-145.,45.465240038256));
#212 = ( GEOMETRIC_REPRESENTATION_CONTEXT(2) 
PARAMETRIC_REPRESENTATION_CONTEXT() REPRESENTATION_CONTEXT('2D SPACE',''
  ) );
#213 = PCURVE('',#214,#219);
#214 = CYLINDRICAL_SURFACE('',#215,10.);
#215 = AXIS2_PLACEMENT_3D('',#216,#217,#218);
#216 = CARTESIAN_POINT('',(172.5470835242,355.3475036621,127.0545355158)
  );
#217 = DIRECTION('',(-0.,-0.,-1.));
#218 = DIRECTION('',(1.,-0.,0.));
#219 = DEFINITIONAL_REPRESENTATION('',(#220),#224);
#220 = LINE('',#221,#222);
#221 = CARTESIAN_POINT('',(-1.570796326795,100.));
#222 = VECTOR('',#223,1.);
#223 = DIRECTION('',(1.,0.));
#224 = ( GEOMETRIC_REPRESENTATION_CONTEXT(2) 
PARAMETRIC_REPRESENTATION_CONTEXT() REPRESENTATION_CONTEXT('2D SPACE',''
  ) );
#225 = FACE_BOUND('',#226,.F.);
#226 = EDGE_LOOP('',(#227,#257,#286,#314,#347,#375));
#227 = ORIENTED_EDGE('',*,*,#228,.T.);
#228 = EDGE_CURVE('',#229,#231,#233,.T.);
#229 = VERTEX_POINT('',#230);
#230 = CARTESIAN_POINT('',(139.5470835242,373.3475036621,27.054535515808
    ));
#231 = VERTEX_POINT('',#232);
#232 = CARTESIAN_POINT('',(170.5470835242,373.3475036621,27.054535515808
    ));
#233 = SURFACE_CURVE('',#234,(#238,#245),.PCURVE_S1.);
#234 = LINE('',#235,#236);
#235 = CARTESIAN_POINT('',(137.5470835242,373.3475036621,27.054535515808
    ));
#236 = VECTOR('',#237,1.);
#237 = DIRECTION('',(1.,0.,0.));
#238 = PCURVE('',#58,#239);
#239 = DEFINITIONAL_REPRESENTATION('',(#240),#244);
#240 = LINE('',#241,#242);
#241 = CARTESIAN_POINT('',(-180.,53.465240038256));
#242 = VECTOR('',#243,1.);
#243 = DIRECTION('',(1.,0.));
#244 = ( GEOMETRIC_REPRESENTATION_CONTEXT(2) 
PARAMETRIC_REPRESENTATION_CONTEXT() REPRESENTATION_CONTEXT('2D SPACE',''
  ) );
#245 = PCURVE('',#246,#251);
#246 = PLANE('',#247);
#247 = AXIS2_PLACEMENT_3D('',#248,#249,#250);
#248 = CARTESIAN_POINT('',(137.5470835242,373.3475036621,127.0545355158)
  );
#249 = DIRECTION('',(0.,-1.,0.));
#250 = DIRECTION('',(1.,0.,0.));
#251 = DEFINITIONAL_REPRESENTATION('',(#252),#256);
#252 = LINE('',#253,#254);
#253 = CARTESIAN_POINT('',(0.,-100.));
#254 = VECTOR('',#255,1.);
#255 = DIRECTION('',(1.,0.));
#256 = ( GEOMETRIC_REPRESENTATION_CONTEXT(2) 
PARAMETRIC_REPRESENTATION_CONTEXT() REPRESENTATION_CONTEXT('2D SPACE',''
  ) );
#257 = ORIENTED_EDGE('',*,*,#258,.F.);
#258 = EDGE_CURVE('',#259,#231,#261,.T.);
#259 = VERTEX_POINT('',#260);
#260 = CARTESIAN_POINT('',(180.5470835242,363.3475036621,27.054535515808
    ));
#261 = SURFACE_CURVE('',#262,(#267,#274),.PCURVE_S1.);
#262 = CIRCLE('',#263,10.);
#263 = AXIS2_PLACEMENT_3D('',#264,#265,#266);
#264 = CARTESIAN_POINT('',(170.5470835242,363.3475036621,27.054535515808
    ));
#265 = DIRECTION('',(0.,0.,1.));
#266 = DIRECTION('',(0.,1.,-0.));
#267 = PCURVE('',#58,#268);
#268 = DEFINITIONAL_REPRESENTATION('',(#269),#273);
#269 = CIRCLE('',#270,10.);
#270 = AXIS2_PLACEMENT_2D('',#271,#272);
#271 = CARTESIAN_POINT('',(-147.,43.465240038256));
#272 = DIRECTION('',(0.,1.));
#273 = ( GEOMETRIC_REPRESENTATION_CONTEXT(2) 
PARAMETRIC_REPRESENTATION_CONTEXT() REPRESENTATION_CONTEXT('2D SPACE',''
  ) );
#274 = PCURVE('',#275,#280);
#275 = CYLINDRICAL_SURFACE('',#276,10.);
#276 = AXIS2_PLACEMENT_3D('',#277,#278,#279);
#277 = CARTESIAN_POINT('',(170.5470835242,363.3475036621,127.0545355158)
  );
#278 = DIRECTION('',(-0.,-0.,-1.));
#279 = DIRECTION('',(1.,-0.,0.));
#280 = DEFINITIONAL_REPRESENTATION('',(#281),#285);
#281 = LINE('',#282,#283);
#282 = CARTESIAN_POINT('',(4.712388980385,100.));
#283 = VECTOR('',#284,1.);
#284 = DIRECTION('',(-1.,0.));
#285 = ( GEOMETRIC_REPRESENTATION_CONTEXT(2) 
PARAMETRIC_REPRESENTATION_CONTEXT() REPRESENTATION_CONTEXT('2D SPACE',''
  ) );
#286 = ORIENTED_EDGE('',*,*,#287,.T.);
#287 = EDGE_CURVE('',#259,#288,#290,.T.);
#288 = VERTEX_POINT('',#289);
#289 = CARTESIAN_POINT('',(180.5470835242,357.3475036621,27.054535515808
    ));
#290 = SURFACE_CURVE('',#291,(#295,#302),.PCURVE_S1.);
#291 = LINE('',#292,#293);
#292 = CARTESIAN_POINT('',(180.5470835242,375.3475036621,27.054535515808
    ));
#293 = VECTOR('',#294,1.);
#294 = DIRECTION('',(0.,-1.,0.));
#295 = PCURVE('',#58,#296);
#296 = DEFINITIONAL_REPRESENTATION('',(#297),#301);
#297 = LINE('',#298,#299);
#298 = CARTESIAN_POINT('',(-137.,55.465240038256));
#299 = VECTOR('',#300,1.);
#300 = DIRECTION('',(0.,-1.));
#301 = ( GEOMETRIC_REPRESENTATION_CONTEXT(2) 
PARAMETRIC_REPRESENTATION_CONTEXT() REPRESENTATION_CONTEXT('2D SPACE',''
  ) );
#302 = PCURVE('',#303,#308);
#303 = PLANE('',#304);
#304 = AXIS2_PLACEMENT_3D('',#305,#306,#307);
#305 = CARTESIAN_POINT('',(180.5470835242,375.3475036621,127.0545355158)
  );
#306 = DIRECTION('',(-1.,0.,0.));
#307 = DIRECTION('',(0.,-1.,0.));
#308 = DEFINITIONAL_REPRESENTATION('',(#309),#313);
#309 = LINE('',#310,#311);
#310 = CARTESIAN_POINT('',(0.,-100.));
#311 = VECTOR('',#312,1.);
#312 = DIRECTION('',(1.,0.));
#313 = ( GEOMETRIC_REPRESENTATION_CONTEXT(2) 
PARAMETRIC_REPRESENTATION_CONTEXT() REPRESENTATION_CONTEXT('2D SPACE',''
  ) );
#314 = ORIENTED_EDGE('',*,*,#315,.T.);
#315 = EDGE_CURVE('',#288,#316,#318,.T.);
#316 = VERTEX_POINT('',#317);
#317 = CARTESIAN_POINT('',(170.5470835242,347.3475036621,27.054535515808
    ));
#318 = SURFACE_CURVE('',#319,(#324,#335),.PCURVE_S1.);
#319 = CIRCLE('',#320,10.);
#320 = AXIS2_PLACEMENT_3D('',#321,#322,#323);
#321 = CARTESIAN_POINT('',(170.5470835242,357.3475036621,27.054535515808
    ));
#322 = DIRECTION('',(-0.,0.,-1.));
#323 = DIRECTION('',(0.,-1.,-0.));
#324 = PCURVE('',#58,#325);
#325 = DEFINITIONAL_REPRESENTATION('',(#326),#334);
#326 = ( BOUNDED_CURVE() B_SPLINE_CURVE(2,(#327,#328,#329,#330,#331,#332
,#333),.UNSPECIFIED.,.T.,.F.) B_SPLINE_CURVE_WITH_KNOTS((1,2,2,2,2,1),(
    -2.094395102393,0.,2.094395102393,4.188790204786,6.28318530718,
8.377580409573),.UNSPECIFIED.) CURVE() GEOMETRIC_REPRESENTATION_ITEM() 
RATIONAL_B_SPLINE_CURVE((1.,0.5,1.,0.5,1.,0.5,1.)) REPRESENTATION_ITEM(
  '') );
#327 = CARTESIAN_POINT('',(-147.,27.465240038256));
#328 = CARTESIAN_POINT('',(-164.3205080756,27.465240038256));
#329 = CARTESIAN_POINT('',(-155.6602540378,42.465240038256));
#330 = CARTESIAN_POINT('',(-147.,57.465240038256));
#331 = CARTESIAN_POINT('',(-138.3397459621,42.465240038256));
#332 = CARTESIAN_POINT('',(-129.6794919243,27.465240038256));
#333 = CARTESIAN_POINT('',(-147.,27.465240038256));
#334 = ( GEOMETRIC_REPRESENTATION_CONTEXT(2) 
PARAMETRIC_REPRESENTATION_CONTEXT() REPRESENTATION_CONTEXT('2D SPACE',''
  ) );
#335 = PCURVE('',#336,#341);
#336 = CYLINDRICAL_SURFACE('',#337,10.);
#337 = AXIS2_PLACEMENT_3D('',#338,#339,#340);
#338 = CARTESIAN_POINT('',(170.5470835242,357.3475036621,27.054535515808
    ));
#339 = DIRECTION('',(0.,-0.,1.));
#340 = DIRECTION('',(1.,-0.,-0.));
#341 = DEFINITIONAL_REPRESENTATION('',(#342),#346);
#342 = LINE('',#343,#344);
#343 = CARTESIAN_POINT('',(4.712388980385,-0.));
#344 = VECTOR('',#345,1.);
#345 = DIRECTION('',(-1.,0.));
#346 = ( GEOMETRIC_REPRESENTATION_CONTEXT(2) 
PARAMETRIC_REPRESENTATION_CONTEXT() REPRESENTATION_CONTEXT('2D SPACE',''
  ) );
#347 = ORIENTED_EDGE('',*,*,#348,.T.);
#348 = EDGE_CURVE('',#316,#349,#351,.T.);
#349 = VERTEX_POINT('',#350);
#350 = CARTESIAN_POINT('',(139.5470835242,347.3475036621,27.054535515808
    ));
#351 = SURFACE_CURVE('',#352,(#356,#363),.PCURVE_S1.);
#352 = LINE('',#353,#354);
#353 = CARTESIAN_POINT('',(182.5470835242,347.3475036621,27.054535515808
    ));
#354 = VECTOR('',#355,1.);
#355 = DIRECTION('',(-1.,0.,0.));
#356 = PCURVE('',#58,#357);
#357 = DEFINITIONAL_REPRESENTATION('',(#358),#362);
#358 = LINE('',#359,#360);
#359 = CARTESIAN_POINT('',(-135.,27.465240038256));
#360 = VECTOR('',#361,1.);
#361 = DIRECTION('',(-1.,0.));
#362 = ( GEOMETRIC_REPRESENTATION_CONTEXT(2) 
PARAMETRIC_REPRESENTATION_CONTEXT() REPRESENTATION_CONTEXT('2D SPACE',''
  ) );
#363 = PCURVE('',#364,#369);
#364 = PLANE('',#365);
#365 = AXIS2_PLACEMENT_3D('',#366,#367,#368);
#366 = CARTESIAN_POINT('',(182.5470835242,347.3475036621,127.0545355158)
  );
#367 = DIRECTION('',(0.,1.,0.));
#368 = DIRECTION('',(-1.,0.,0.));
#369 = DEFINITIONAL_REPRESENTATION('',(#370),#374);
#370 = LINE('',#371,#372);
#371 = CARTESIAN_POINT('',(0.,-100.));
#372 = VECTOR('',#373,1.);
#373 = DIRECTION('',(1.,0.));
#374 = ( GEOMETRIC_REPRESENTATION_CONTEXT(2) 
PARAMETRIC_REPRESENTATION_CONTEXT() REPRESENTATION_CONTEXT('2D SPACE',''
  ) );
#375 = ORIENTED_EDGE('',*,*,#376,.T.);
#376 = EDGE_CURVE('',#349,#229,#377,.T.);
#377 = SURFACE_CURVE('',#378,(#382,#389),.PCURVE_S1.);
#378 = LINE('',#379,#380);
#379 = CARTESIAN_POINT('',(139.5470835242,345.3475036621,27.054535515808
    ));
#380 = VECTOR('',#381,1.);
#381 = DIRECTION('',(0.,1.,0.));
#382 = PCURVE('',#58,#383);
#383 = DEFINITIONAL_REPRESENTATION('',(#384),#388);
#384 = LINE('',#385,#386);
#385 = CARTESIAN_POINT('',(-178.,25.465240038256));
#386 = VECTOR('',#387,1.);
#387 = DIRECTION('',(0.,1.));
#388 = ( GEOMETRIC_REPRESENTATION_CONTEXT(2) 
PARAMETRIC_REPRESENTATION_CONTEXT() REPRESENTATION_CONTEXT('2D SPACE',''
  ) );
#389 = PCURVE('',#390,#395);
#390 = PLANE('',#391);
#391 = AXIS2_PLACEMENT_3D('',#392,#393,#394);
#392 = CARTESIAN_POINT('',(139.5470835242,345.3475036621,127.0545355158)
  );
#393 = DIRECTION('',(1.,0.,0.));
#394 = DIRECTION('',(-0.,1.,0.));
#395 = DEFINITIONAL_REPRESENTATION('',(#396),#400);
#396 = LINE('',#397,#398);
#397 = CARTESIAN_POINT('',(0.,-100.));
#398 = VECTOR('',#399,1.);
#399 = DIRECTION('',(1.,0.));
#400 = ( GEOMETRIC_REPRESENTATION_CONTEXT(2) 
PARAMETRIC_REPRESENTATION_CONTEXT() REPRESENTATION_CONTEXT('2D SPACE',''
  ) );
#401 = ADVANCED_FACE('',(#402),#70,.F.);
#402 = FACE_BOUND('',#403,.F.);
#403 = EDGE_LOOP('',(#404,#434,#455,#456));
#404 = ORIENTED_EDGE('',*,*,#405,.F.);
#405 = EDGE_CURVE('',#406,#408,#410,.T.);
#406 = VERTEX_POINT('',#407);
#407 = CARTESIAN_POINT('',(182.5470835242,365.3475036621,127.0545355158)
  );
#408 = VERTEX_POINT('',#409);
#409 = CARTESIAN_POINT('',(182.5470835242,355.3475036621,127.0545355158)
  );
#410 = SURFACE_CURVE('',#411,(#415,#422),.PCURVE_S1.);
#411 = LINE('',#412,#413);
#412 = CARTESIAN_POINT('',(182.5470835242,375.3475036621,127.0545355158)
  );
#413 = VECTOR('',#414,1.);
#414 = DIRECTION('',(0.,-1.,0.));
#415 = PCURVE('',#70,#416);
#416 = DEFINITIONAL_REPRESENTATION('',(#417),#421);
#417 = LINE('',#418,#419);
#418 = CARTESIAN_POINT('',(0.,0.));
#419 = VECTOR('',#420,1.);
#420 = DIRECTION('',(1.,0.));
#421 = ( GEOMETRIC_REPRESENTATION_CONTEXT(2) 
PARAMETRIC_REPRESENTATION_CONTEXT() REPRESENTATION_CONTEXT('2D SPACE',''
  ) );
#422 = PCURVE('',#423,#428);
#423 = PLANE('',#424);
#424 = AXIS2_PLACEMENT_3D('',#425,#426,#427);
#425 = CARTESIAN_POINT('',(317.5470835242,319.88226362385,127.0545355158
    ));
#426 = DIRECTION('',(0.,0.,1.));
#427 = DIRECTION('',(1.,0.,-0.));
#428 = DEFINITIONAL_REPRESENTATION('',(#429),#433);
#429 = LINE('',#430,#431);
#430 = CARTESIAN_POINT('',(-135.,55.465240038256));
#431 = VECTOR('',#432,1.);
#432 = DIRECTION('',(0.,-1.));
#433 = ( GEOMETRIC_REPRESENTATION_CONTEXT(2) 
PARAMETRIC_REPRESENTATION_CONTEXT() REPRESENTATION_CONTEXT('2D SPACE',''
  ) );
#434 = ORIENTED_EDGE('',*,*,#435,.T.);
#435 = EDGE_CURVE('',#406,#48,#436,.T.);
#436 = SURFACE_CURVE('',#437,(#441,#448),.PCURVE_S1.);
#437 = LINE('',#438,#439);
#438 = CARTESIAN_POINT('',(182.5470835242,365.3475036621,127.0545355158)
  );
#439 = VECTOR('',#440,1.);
#440 = DIRECTION('',(-0.,-0.,-1.));
#441 = PCURVE('',#70,#442);
#442 = DEFINITIONAL_REPRESENTATION('',(#443),#447);
#443 = LINE('',#444,#445);
#444 = CARTESIAN_POINT('',(10.,0.));
#445 = VECTOR('',#446,1.);
#446 = DIRECTION('',(0.,-1.));
#447 = ( GEOMETRIC_REPRESENTATION_CONTEXT(2) 
PARAMETRIC_REPRESENTATION_CONTEXT() REPRESENTATION_CONTEXT('2D SPACE',''
  ) );
#448 = PCURVE('',#99,#449);
#449 = DEFINITIONAL_REPRESENTATION('',(#450),#454);
#450 = LINE('',#451,#452);
#451 = CARTESIAN_POINT('',(-0.,0.));
#452 = VECTOR('',#453,1.);
#453 = DIRECTION('',(-0.,1.));
#454 = ( GEOMETRIC_REPRESENTATION_CONTEXT(2) 
PARAMETRIC_REPRESENTATION_CONTEXT() REPRESENTATION_CONTEXT('2D SPACE',''
  ) );
#455 = ORIENTED_EDGE('',*,*,#47,.T.);
#456 = ORIENTED_EDGE('',*,*,#457,.F.);
#457 = EDGE_CURVE('',#408,#50,#458,.T.);
#458 = SURFACE_CURVE('',#459,(#463,#470),.PCURVE_S1.);
#459 = LINE('',#460,#461);
#460 = CARTESIAN_POINT('',(182.5470835242,355.3475036621,127.0545355158)
  );
#461 = VECTOR('',#462,1.);
#462 = DIRECTION('',(-0.,-0.,-1.));
#463 = PCURVE('',#70,#464);
#464 = DEFINITIONAL_REPRESENTATION('',(#465),#469);
#465 = LINE('',#466,#467);
#466 = CARTESIAN_POINT('',(20.,0.));
#467 = VECTOR('',#468,1.);
#468 = DIRECTION('',(0.,-1.));
#469 = ( GEOMETRIC_REPRESENTATION_CONTEXT(2) 
PARAMETRIC_REPRESENTATION_CONTEXT() REPRESENTATION_CONTEXT('2D SPACE',''
  ) );
#470 = PCURVE('',#214,#471);
#471 = DEFINITIONAL_REPRESENTATION('',(#472),#476);
#472 = LINE('',#473,#474);
#473 = CARTESIAN_POINT('',(0.,0.));
#474 = VECTOR('',#475,1.);
#475 = DIRECTION('',(0.,1.));
#476 = ( GEOMETRIC_REPRESENTATION_CONTEXT(2) 
PARAMETRIC_REPRESENTATION_CONTEXT() REPRESENTATION_CONTEXT('2D SPACE',''
  ) );
#477 = ADVANCED_FACE('',(#478),#99,.T.);
#478 = FACE_BOUND('',#479,.F.);
#479 = EDGE_LOOP('',(#480,#504,#525,#526));
#480 = ORIENTED_EDGE('',*,*,#481,.T.);
#481 = EDGE_CURVE('',#406,#482,#484,.T.);
#482 = VERTEX_POINT('',#483);
#483 = CARTESIAN_POINT('',(172.5470835242,375.3475036621,127.0545355158)
  );
#484 = SURFACE_CURVE('',#485,(#490,#497),.PCURVE_S1.);
#485 = CIRCLE('',#486,10.);
#486 = AXIS2_PLACEMENT_3D('',#487,#488,#489);
#487 = CARTESIAN_POINT('',(172.5470835242,365.3475036621,127.0545355158)
  );
#488 = DIRECTION('',(0.,0.,1.));
#489 = DIRECTION('',(0.,1.,-0.));
#490 = PCURVE('',#99,#491);
#491 = DEFINITIONAL_REPRESENTATION('',(#492),#496);
#492 = LINE('',#493,#494);
#493 = CARTESIAN_POINT('',(4.712388980385,-0.));
#494 = VECTOR('',#495,1.);
#495 = DIRECTION('',(-1.,0.));
#496 = ( GEOMETRIC_REPRESENTATION_CONTEXT(2) 
PARAMETRIC_REPRESENTATION_CONTEXT() REPRESENTATION_CONTEXT('2D SPACE',''
  ) );
#497 = PCURVE('',#423,#498);
#498 = DEFINITIONAL_REPRESENTATION('',(#499),#503);
#499 = CIRCLE('',#500,10.);
#500 = AXIS2_PLACEMENT_2D('',#501,#502);
#501 = CARTESIAN_POINT('',(-145.,45.465240038256));
#502 = DIRECTION('',(0.,1.));
#503 = ( GEOMETRIC_REPRESENTATION_CONTEXT(2) 
PARAMETRIC_REPRESENTATION_CONTEXT() REPRESENTATION_CONTEXT('2D SPACE',''
  ) );
#504 = ORIENTED_EDGE('',*,*,#505,.T.);
#505 = EDGE_CURVE('',#482,#83,#506,.T.);
#506 = SURFACE_CURVE('',#507,(#511,#518),.PCURVE_S1.);
#507 = LINE('',#508,#509);
#508 = CARTESIAN_POINT('',(172.5470835242,375.3475036621,127.0545355158)
  );
#509 = VECTOR('',#510,1.);
#510 = DIRECTION('',(-0.,-0.,-1.));
#511 = PCURVE('',#99,#512);
#512 = DEFINITIONAL_REPRESENTATION('',(#513),#517);
#513 = LINE('',#514,#515);
#514 = CARTESIAN_POINT('',(-1.570796326795,0.));
#515 = VECTOR('',#516,1.);
#516 = DIRECTION('',(-0.,1.));
#517 = ( GEOMETRIC_REPRESENTATION_CONTEXT(2) 
PARAMETRIC_REPRESENTATION_CONTEXT() REPRESENTATION_CONTEXT('2D SPACE',''
  ) );
#518 = PCURVE('',#127,#519);
#519 = DEFINITIONAL_REPRESENTATION('',(#520),#524);
#520 = LINE('',#521,#522);
#521 = CARTESIAN_POINT('',(35.,0.));
#522 = VECTOR('',#523,1.);
#523 = DIRECTION('',(0.,-1.));
#524 = ( GEOMETRIC_REPRESENTATION_CONTEXT(2) 
PARAMETRIC_REPRESENTATION_CONTEXT() REPRESENTATION_CONTEXT('2D SPACE',''
  ) );
#525 = ORIENTED_EDGE('',*,*,#82,.F.);
#526 = ORIENTED_EDGE('',*,*,#435,.F.);
#527 = ADVANCED_FACE('',(#528),#214,.T.);
#528 = FACE_BOUND('',#529,.T.);
#529 = EDGE_LOOP('',(#530,#558,#579,#580));
#530 = ORIENTED_EDGE('',*,*,#531,.T.);
#531 = EDGE_CURVE('',#408,#532,#534,.T.);
#532 = VERTEX_POINT('',#533);
#533 = CARTESIAN_POINT('',(172.5470835242,345.3475036621,127.0545355158)
  );
#534 = SURFACE_CURVE('',#535,(#540,#547),.PCURVE_S1.);
#535 = CIRCLE('',#536,10.);
#536 = AXIS2_PLACEMENT_3D('',#537,#538,#539);
#537 = CARTESIAN_POINT('',(172.5470835242,355.3475036621,127.0545355158)
  );
#538 = DIRECTION('',(0.,-0.,-1.));
#539 = DIRECTION('',(0.,1.,-0.));
#540 = PCURVE('',#214,#541);
#541 = DEFINITIONAL_REPRESENTATION('',(#542),#546);
#542 = LINE('',#543,#544);
#543 = CARTESIAN_POINT('',(-1.570796326795,0.));
#544 = VECTOR('',#545,1.);
#545 = DIRECTION('',(1.,0.));
#546 = ( GEOMETRIC_REPRESENTATION_CONTEXT(2) 
PARAMETRIC_REPRESENTATION_CONTEXT() REPRESENTATION_CONTEXT('2D SPACE',''
  ) );
#547 = PCURVE('',#423,#548);
#548 = DEFINITIONAL_REPRESENTATION('',(#549),#557);
#549 = ( BOUNDED_CURVE() B_SPLINE_CURVE(2,(#550,#551,#552,#553,#554,#555
,#556),.UNSPECIFIED.,.T.,.F.) B_SPLINE_CURVE_WITH_KNOTS((1,2,2,2,2,1),(
    -2.094395102393,0.,2.094395102393,4.188790204786,6.28318530718,
8.377580409573),.UNSPECIFIED.) CURVE() GEOMETRIC_REPRESENTATION_ITEM() 
RATIONAL_B_SPLINE_CURVE((1.,0.5,1.,0.5,1.,0.5,1.)) REPRESENTATION_ITEM(
  '') );
#550 = CARTESIAN_POINT('',(-145.,45.465240038256));
#551 = CARTESIAN_POINT('',(-127.6794919243,45.465240038256));
#552 = CARTESIAN_POINT('',(-136.3397459621,30.465240038256));
#553 = CARTESIAN_POINT('',(-145.,15.465240038256));
#554 = CARTESIAN_POINT('',(-153.6602540378,30.465240038256));
#555 = CARTESIAN_POINT('',(-162.3205080756,45.465240038256));
#556 = CARTESIAN_POINT('',(-145.,45.465240038256));
#557 = ( GEOMETRIC_REPRESENTATION_CONTEXT(2) 
PARAMETRIC_REPRESENTATION_CONTEXT() REPRESENTATION_CONTEXT('2D SPACE',''
  ) );
#558 = ORIENTED_EDGE('',*,*,#559,.T.);
#559 = EDGE_CURVE('',#532,#168,#560,.T.);
#560 = SURFACE_CURVE('',#561,(#565,#572),.PCURVE_S1.);
#561 = LINE('',#562,#563);
#562 = CARTESIAN_POINT('',(172.5470835242,345.3475036621,127.0545355158)
  );
#563 = VECTOR('',#564,1.);
#564 = DIRECTION('',(-0.,-0.,-1.));
#565 = PCURVE('',#214,#566);
#566 = DEFINITIONAL_REPRESENTATION('',(#567),#571);
#567 = LINE('',#568,#569);
#568 = CARTESIAN_POINT('',(1.570796326795,0.));
#569 = VECTOR('',#570,1.);
#570 = DIRECTION('',(0.,1.));
#571 = ( GEOMETRIC_REPRESENTATION_CONTEXT(2) 
PARAMETRIC_REPRESENTATION_CONTEXT() REPRESENTATION_CONTEXT('2D SPACE',''
  ) );
#572 = PCURVE('',#183,#573);
#573 = DEFINITIONAL_REPRESENTATION('',(#574),#578);
#574 = LINE('',#575,#576);
#575 = CARTESIAN_POINT('',(10.,0.));
#576 = VECTOR('',#577,1.);
#577 = DIRECTION('',(0.,-1.));
#578 = ( GEOMETRIC_REPRESENTATION_CONTEXT(2) 
PARAMETRIC_REPRESENTATION_CONTEXT() REPRESENTATION_CONTEXT('2D SPACE',''
  ) );
#579 = ORIENTED_EDGE('',*,*,#195,.F.);
#580 = ORIENTED_EDGE('',*,*,#457,.F.);
#581 = ADVANCED_FACE('',(#582),#127,.F.);
#582 = FACE_BOUND('',#583,.F.);
#583 = EDGE_LOOP('',(#584,#607,#628,#629));
#584 = ORIENTED_EDGE('',*,*,#585,.F.);
#585 = EDGE_CURVE('',#586,#482,#588,.T.);
#586 = VERTEX_POINT('',#587);
#587 = CARTESIAN_POINT('',(137.5470835242,375.3475036621,127.0545355158)
  );
#588 = SURFACE_CURVE('',#589,(#593,#600),.PCURVE_S1.);
#589 = LINE('',#590,#591);
#590 = CARTESIAN_POINT('',(137.5470835242,375.3475036621,127.0545355158)
  );
#591 = VECTOR('',#592,1.);
#592 = DIRECTION('',(1.,0.,0.));
#593 = PCURVE('',#127,#594);
#594 = DEFINITIONAL_REPRESENTATION('',(#595),#599);
#595 = LINE('',#596,#597);
#596 = CARTESIAN_POINT('',(0.,0.));
#597 = VECTOR('',#598,1.);
#598 = DIRECTION('',(1.,0.));
#599 = ( GEOMETRIC_REPRESENTATION_CONTEXT(2) 
PARAMETRIC_REPRESENTATION_CONTEXT() REPRESENTATION_CONTEXT('2D SPACE',''
  ) );
#600 = PCURVE('',#423,#601);
#601 = DEFINITIONAL_REPRESENTATION('',(#602),#606);
#602 = LINE('',#603,#604);
#603 = CARTESIAN_POINT('',(-180.,55.465240038256));
#604 = VECTOR('',#605,1.);
#605 = DIRECTION('',(1.,0.));
#606 = ( GEOMETRIC_REPRESENTATION_CONTEXT(2) 
PARAMETRIC_REPRESENTATION_CONTEXT() REPRESENTATION_CONTEXT('2D SPACE',''
  ) );
#607 = ORIENTED_EDGE('',*,*,#608,.T.);
#608 = EDGE_CURVE('',#586,#112,#609,.T.);
#609 = SURFACE_CURVE('',#610,(#614,#621),.PCURVE_S1.);
#610 = LINE('',#611,#612);
#611 = CARTESIAN_POINT('',(137.5470835242,375.3475036621,127.0545355158)
  );
#612 = VECTOR('',#613,1.);
#613 = DIRECTION('',(-0.,-0.,-1.));
#614 = PCURVE('',#127,#615);
#615 = DEFINITIONAL_REPRESENTATION('',(#616),#620);
#616 = LINE('',#617,#618);
#617 = CARTESIAN_POINT('',(0.,0.));
#618 = VECTOR('',#619,1.);
#619 = DIRECTION('',(0.,-1.));
#620 = ( GEOMETRIC_REPRESENTATION_CONTEXT(2) 
PARAMETRIC_REPRESENTATION_CONTEXT() REPRESENTATION_CONTEXT('2D SPACE',''
  ) );
#621 = PCURVE('',#155,#622);
#622 = DEFINITIONAL_REPRESENTATION('',(#623),#627);
#623 = LINE('',#624,#625);
#624 = CARTESIAN_POINT('',(30.,0.));
#625 = VECTOR('',#626,1.);
#626 = DIRECTION('',(0.,-1.));
#627 = ( GEOMETRIC_REPRESENTATION_CONTEXT(2) 
PARAMETRIC_REPRESENTATION_CONTEXT() REPRESENTATION_CONTEXT('2D SPACE',''
  ) );
#628 = ORIENTED_EDGE('',*,*,#111,.T.);
#629 = ORIENTED_EDGE('',*,*,#505,.F.);
#630 = ADVANCED_FACE('',(#631),#183,.F.);
#631 = FACE_BOUND('',#632,.F.);
#632 = EDGE_LOOP('',(#633,#656,#657,#658));
#633 = ORIENTED_EDGE('',*,*,#634,.F.);
#634 = EDGE_CURVE('',#532,#635,#637,.T.);
#635 = VERTEX_POINT('',#636);
#636 = CARTESIAN_POINT('',(137.5470835242,345.3475036621,127.0545355158)
  );
#637 = SURFACE_CURVE('',#638,(#642,#649),.PCURVE_S1.);
#638 = LINE('',#639,#640);
#639 = CARTESIAN_POINT('',(182.5470835242,345.3475036621,127.0545355158)
  );
#640 = VECTOR('',#641,1.);
#641 = DIRECTION('',(-1.,-0.,-0.));
#642 = PCURVE('',#183,#643);
#643 = DEFINITIONAL_REPRESENTATION('',(#644),#648);
#644 = LINE('',#645,#646);
#645 = CARTESIAN_POINT('',(0.,0.));
#646 = VECTOR('',#647,1.);
#647 = DIRECTION('',(1.,0.));
#648 = ( GEOMETRIC_REPRESENTATION_CONTEXT(2) 
PARAMETRIC_REPRESENTATION_CONTEXT() REPRESENTATION_CONTEXT('2D SPACE',''
  ) );
#649 = PCURVE('',#423,#650);
#650 = DEFINITIONAL_REPRESENTATION('',(#651),#655);
#651 = LINE('',#652,#653);
#652 = CARTESIAN_POINT('',(-135.,25.465240038256));
#653 = VECTOR('',#654,1.);
#654 = DIRECTION('',(-1.,0.));
#655 = ( GEOMETRIC_REPRESENTATION_CONTEXT(2) 
PARAMETRIC_REPRESENTATION_CONTEXT() REPRESENTATION_CONTEXT('2D SPACE',''
  ) );
#656 = ORIENTED_EDGE('',*,*,#559,.T.);
#657 = ORIENTED_EDGE('',*,*,#167,.T.);
#658 = ORIENTED_EDGE('',*,*,#659,.F.);
#659 = EDGE_CURVE('',#635,#140,#660,.T.);
#660 = SURFACE_CURVE('',#661,(#665,#672),.PCURVE_S1.);
#661 = LINE('',#662,#663);
#662 = CARTESIAN_POINT('',(137.5470835242,345.3475036621,127.0545355158)
  );
#663 = VECTOR('',#664,1.);
#664 = DIRECTION('',(-0.,-0.,-1.));
#665 = PCURVE('',#183,#666);
#666 = DEFINITIONAL_REPRESENTATION('',(#667),#671);
#667 = LINE('',#668,#669);
#668 = CARTESIAN_POINT('',(45.,0.));
#669 = VECTOR('',#670,1.);
#670 = DIRECTION('',(0.,-1.));
#671 = ( GEOMETRIC_REPRESENTATION_CONTEXT(2) 
PARAMETRIC_REPRESENTATION_CONTEXT() REPRESENTATION_CONTEXT('2D SPACE',''
  ) );
#672 = PCURVE('',#155,#673);
#673 = DEFINITIONAL_REPRESENTATION('',(#674),#678);
#674 = LINE('',#675,#676);
#675 = CARTESIAN_POINT('',(0.,0.));
#676 = VECTOR('',#677,1.);
#677 = DIRECTION('',(0.,-1.));
#678 = ( GEOMETRIC_REPRESENTATION_CONTEXT(2) 
PARAMETRIC_REPRESENTATION_CONTEXT() REPRESENTATION_CONTEXT('2D SPACE',''
  ) );
#679 = ADVANCED_FACE('',(#680),#155,.F.);
#680 = FACE_BOUND('',#681,.F.);
#681 = EDGE_LOOP('',(#682,#683,#684,#685));
#682 = ORIENTED_EDGE('',*,*,#659,.T.);
#683 = ORIENTED_EDGE('',*,*,#139,.T.);
#684 = ORIENTED_EDGE('',*,*,#608,.F.);
#685 = ORIENTED_EDGE('',*,*,#686,.F.);
#686 = EDGE_CURVE('',#635,#586,#687,.T.);
#687 = SURFACE_CURVE('',#688,(#692,#699),.PCURVE_S1.);
#688 = LINE('',#689,#690);
#689 = CARTESIAN_POINT('',(137.5470835242,345.3475036621,127.0545355158)
  );
#690 = VECTOR('',#691,1.);
#691 = DIRECTION('',(0.,1.,0.));
#692 = PCURVE('',#155,#693);
#693 = DEFINITIONAL_REPRESENTATION('',(#694),#698);
#694 = LINE('',#695,#696);
#695 = CARTESIAN_POINT('',(0.,0.));
#696 = VECTOR('',#697,1.);
#697 = DIRECTION('',(1.,0.));
#698 = ( GEOMETRIC_REPRESENTATION_CONTEXT(2) 
PARAMETRIC_REPRESENTATION_CONTEXT() REPRESENTATION_CONTEXT('2D SPACE',''
  ) );
#699 = PCURVE('',#423,#700);
#700 = DEFINITIONAL_REPRESENTATION('',(#701),#705);
#701 = LINE('',#702,#703);
#702 = CARTESIAN_POINT('',(-180.,25.465240038256));
#703 = VECTOR('',#704,1.);
#704 = DIRECTION('',(0.,1.));
#705 = ( GEOMETRIC_REPRESENTATION_CONTEXT(2) 
PARAMETRIC_REPRESENTATION_CONTEXT() REPRESENTATION_CONTEXT('2D SPACE',''
  ) );
#706 = ADVANCED_FACE('',(#707),#246,.T.);
#707 = FACE_BOUND('',#708,.T.);
#708 = EDGE_LOOP('',(#709,#710,#733,#756));
#709 = ORIENTED_EDGE('',*,*,#228,.T.);
#710 = ORIENTED_EDGE('',*,*,#711,.F.);
#711 = EDGE_CURVE('',#712,#231,#714,.T.);
#712 = VERTEX_POINT('',#713);
#713 = CARTESIAN_POINT('',(170.5470835242,373.3475036621,127.0545355158)
  );
#714 = SURFACE_CURVE('',#715,(#719,#726),.PCURVE_S1.);
#715 = LINE('',#716,#717);
#716 = CARTESIAN_POINT('',(170.5470835242,373.3475036621,127.0545355158)
  );
#717 = VECTOR('',#718,1.);
#718 = DIRECTION('',(-0.,-0.,-1.));
#719 = PCURVE('',#246,#720);
#720 = DEFINITIONAL_REPRESENTATION('',(#721),#725);
#721 = LINE('',#722,#723);
#722 = CARTESIAN_POINT('',(33.,0.));
#723 = VECTOR('',#724,1.);
#724 = DIRECTION('',(0.,-1.));
#725 = ( GEOMETRIC_REPRESENTATION_CONTEXT(2) 
PARAMETRIC_REPRESENTATION_CONTEXT() REPRESENTATION_CONTEXT('2D SPACE',''
  ) );
#726 = PCURVE('',#275,#727);
#727 = DEFINITIONAL_REPRESENTATION('',(#728),#732);
#728 = LINE('',#729,#730);
#729 = CARTESIAN_POINT('',(-1.570796326795,0.));
#730 = VECTOR('',#731,1.);
#731 = DIRECTION('',(-0.,1.));
#732 = ( GEOMETRIC_REPRESENTATION_CONTEXT(2) 
PARAMETRIC_REPRESENTATION_CONTEXT() REPRESENTATION_CONTEXT('2D SPACE',''
  ) );
#733 = ORIENTED_EDGE('',*,*,#734,.F.);
#734 = EDGE_CURVE('',#735,#712,#737,.T.);
#735 = VERTEX_POINT('',#736);
#736 = CARTESIAN_POINT('',(139.5470835242,373.3475036621,127.0545355158)
  );
#737 = SURFACE_CURVE('',#738,(#742,#749),.PCURVE_S1.);
#738 = LINE('',#739,#740);
#739 = CARTESIAN_POINT('',(137.5470835242,373.3475036621,127.0545355158)
  );
#740 = VECTOR('',#741,1.);
#741 = DIRECTION('',(1.,0.,0.));
#742 = PCURVE('',#246,#743);
#743 = DEFINITIONAL_REPRESENTATION('',(#744),#748);
#744 = LINE('',#745,#746);
#745 = CARTESIAN_POINT('',(0.,0.));
#746 = VECTOR('',#747,1.);
#747 = DIRECTION('',(1.,0.));
#748 = ( GEOMETRIC_REPRESENTATION_CONTEXT(2) 
PARAMETRIC_REPRESENTATION_CONTEXT() REPRESENTATION_CONTEXT('2D SPACE',''
  ) );
#749 = PCURVE('',#423,#750);
#750 = DEFINITIONAL_REPRESENTATION('',(#751),#755);
#751 = LINE('',#752,#753);
#752 = CARTESIAN_POINT('',(-180.,53.465240038256));
#753 = VECTOR('',#754,1.);
#754 = DIRECTION('',(1.,0.));
#755 = ( GEOMETRIC_REPRESENTATION_CONTEXT(2) 
PARAMETRIC_REPRESENTATION_CONTEXT() REPRESENTATION_CONTEXT('2D SPACE',''
  ) );
#756 = ORIENTED_EDGE('',*,*,#757,.T.);
#757 = EDGE_CURVE('',#735,#229,#758,.T.);
#758 = SURFACE_CURVE('',#759,(#763,#770),.PCURVE_S1.);
#759 = LINE('',#760,#761);
#760 = CARTESIAN_POINT('',(139.5470835242,373.3475036621,127.0545355158)
  );
#761 = VECTOR('',#762,1.);
#762 = DIRECTION('',(0.,0.,-1.));
#763 = PCURVE('',#246,#764);
#764 = DEFINITIONAL_REPRESENTATION('',(#765),#769);
#765 = LINE('',#766,#767);
#766 = CARTESIAN_POINT('',(2.,0.));
#767 = VECTOR('',#768,1.);
#768 = DIRECTION('',(0.,-1.));
#769 = ( GEOMETRIC_REPRESENTATION_CONTEXT(2) 
PARAMETRIC_REPRESENTATION_CONTEXT() REPRESENTATION_CONTEXT('2D SPACE',''
  ) );
#770 = PCURVE('',#390,#771);
#771 = DEFINITIONAL_REPRESENTATION('',(#772),#776);
#772 = LINE('',#773,#774);
#773 = CARTESIAN_POINT('',(28.,0.));
#774 = VECTOR('',#775,1.);
#775 = DIRECTION('',(0.,-1.));
#776 = ( GEOMETRIC_REPRESENTATION_CONTEXT(2) 
PARAMETRIC_REPRESENTATION_CONTEXT() REPRESENTATION_CONTEXT('2D SPACE',''
  ) );
#777 = ADVANCED_FACE('',(#778),#275,.F.);
#778 = FACE_BOUND('',#779,.T.);
#779 = EDGE_LOOP('',(#780,#804,#805,#806));
#780 = ORIENTED_EDGE('',*,*,#781,.T.);
#781 = EDGE_CURVE('',#782,#712,#784,.T.);
#782 = VERTEX_POINT('',#783);
#783 = CARTESIAN_POINT('',(180.5470835242,363.3475036621,127.0545355158)
  );
#784 = SURFACE_CURVE('',#785,(#790,#797),.PCURVE_S1.);
#785 = CIRCLE('',#786,10.);
#786 = AXIS2_PLACEMENT_3D('',#787,#788,#789);
#787 = CARTESIAN_POINT('',(170.5470835242,363.3475036621,127.0545355158)
  );
#788 = DIRECTION('',(0.,0.,1.));
#789 = DIRECTION('',(0.,1.,-0.));
#790 = PCURVE('',#275,#791);
#791 = DEFINITIONAL_REPRESENTATION('',(#792),#796);
#792 = LINE('',#793,#794);
#793 = CARTESIAN_POINT('',(4.712388980385,-0.));
#794 = VECTOR('',#795,1.);
#795 = DIRECTION('',(-1.,0.));
#796 = ( GEOMETRIC_REPRESENTATION_CONTEXT(2) 
PARAMETRIC_REPRESENTATION_CONTEXT() REPRESENTATION_CONTEXT('2D SPACE',''
  ) );
#797 = PCURVE('',#423,#798);
#798 = DEFINITIONAL_REPRESENTATION('',(#799),#803);
#799 = CIRCLE('',#800,10.);
#800 = AXIS2_PLACEMENT_2D('',#801,#802);
#801 = CARTESIAN_POINT('',(-147.,43.465240038256));
#802 = DIRECTION('',(0.,1.));
#803 = ( GEOMETRIC_REPRESENTATION_CONTEXT(2) 
PARAMETRIC_REPRESENTATION_CONTEXT() REPRESENTATION_CONTEXT('2D SPACE',''
  ) );
#804 = ORIENTED_EDGE('',*,*,#711,.T.);
#805 = ORIENTED_EDGE('',*,*,#258,.F.);
#806 = ORIENTED_EDGE('',*,*,#807,.F.);
#807 = EDGE_CURVE('',#782,#259,#808,.T.);
#808 = SURFACE_CURVE('',#809,(#813,#820),.PCURVE_S1.);
#809 = LINE('',#810,#811);
#810 = CARTESIAN_POINT('',(180.5470835242,363.3475036621,127.0545355158)
  );
#811 = VECTOR('',#812,1.);
#812 = DIRECTION('',(-0.,-0.,-1.));
#813 = PCURVE('',#275,#814);
#814 = DEFINITIONAL_REPRESENTATION('',(#815),#819);
#815 = LINE('',#816,#817);
#816 = CARTESIAN_POINT('',(-0.,0.));
#817 = VECTOR('',#818,1.);
#818 = DIRECTION('',(-0.,1.));
#819 = ( GEOMETRIC_REPRESENTATION_CONTEXT(2) 
PARAMETRIC_REPRESENTATION_CONTEXT() REPRESENTATION_CONTEXT('2D SPACE',''
  ) );
#820 = PCURVE('',#303,#821);
#821 = DEFINITIONAL_REPRESENTATION('',(#822),#826);
#822 = LINE('',#823,#824);
#823 = CARTESIAN_POINT('',(12.,0.));
#824 = VECTOR('',#825,1.);
#825 = DIRECTION('',(0.,-1.));
#826 = ( GEOMETRIC_REPRESENTATION_CONTEXT(2) 
PARAMETRIC_REPRESENTATION_CONTEXT() REPRESENTATION_CONTEXT('2D SPACE',''
  ) );
#827 = ADVANCED_FACE('',(#828),#390,.T.);
#828 = FACE_BOUND('',#829,.T.);
#829 = EDGE_LOOP('',(#830,#831,#854,#875));
#830 = ORIENTED_EDGE('',*,*,#757,.F.);
#831 = ORIENTED_EDGE('',*,*,#832,.F.);
#832 = EDGE_CURVE('',#833,#735,#835,.T.);
#833 = VERTEX_POINT('',#834);
#834 = CARTESIAN_POINT('',(139.5470835242,347.3475036621,127.0545355158)
  );
#835 = SURFACE_CURVE('',#836,(#840,#847),.PCURVE_S1.);
#836 = LINE('',#837,#838);
#837 = CARTESIAN_POINT('',(139.5470835242,345.3475036621,127.0545355158)
  );
#838 = VECTOR('',#839,1.);
#839 = DIRECTION('',(0.,1.,0.));
#840 = PCURVE('',#390,#841);
#841 = DEFINITIONAL_REPRESENTATION('',(#842),#846);
#842 = LINE('',#843,#844);
#843 = CARTESIAN_POINT('',(0.,0.));
#844 = VECTOR('',#845,1.);
#845 = DIRECTION('',(1.,0.));
#846 = ( GEOMETRIC_REPRESENTATION_CONTEXT(2) 
PARAMETRIC_REPRESENTATION_CONTEXT() REPRESENTATION_CONTEXT('2D SPACE',''
  ) );
#847 = PCURVE('',#423,#848);
#848 = DEFINITIONAL_REPRESENTATION('',(#849),#853);
#849 = LINE('',#850,#851);
#850 = CARTESIAN_POINT('',(-178.,25.465240038256));
#851 = VECTOR('',#852,1.);
#852 = DIRECTION('',(0.,1.));
#853 = ( GEOMETRIC_REPRESENTATION_CONTEXT(2) 
PARAMETRIC_REPRESENTATION_CONTEXT() REPRESENTATION_CONTEXT('2D SPACE',''
  ) );
#854 = ORIENTED_EDGE('',*,*,#855,.T.);
#855 = EDGE_CURVE('',#833,#349,#856,.T.);
#856 = SURFACE_CURVE('',#857,(#861,#868),.PCURVE_S1.);
#857 = LINE('',#858,#859);
#858 = CARTESIAN_POINT('',(139.5470835242,347.3475036621,127.0545355158)
  );
#859 = VECTOR('',#860,1.);
#860 = DIRECTION('',(0.,0.,-1.));
#861 = PCURVE('',#390,#862);
#862 = DEFINITIONAL_REPRESENTATION('',(#863),#867);
#863 = LINE('',#864,#865);
#864 = CARTESIAN_POINT('',(2.,0.));
#865 = VECTOR('',#866,1.);
#866 = DIRECTION('',(0.,-1.));
#867 = ( GEOMETRIC_REPRESENTATION_CONTEXT(2) 
PARAMETRIC_REPRESENTATION_CONTEXT() REPRESENTATION_CONTEXT('2D SPACE',''
  ) );
#868 = PCURVE('',#364,#869);
#869 = DEFINITIONAL_REPRESENTATION('',(#870),#874);
#870 = LINE('',#871,#872);
#871 = CARTESIAN_POINT('',(43.,0.));
#872 = VECTOR('',#873,1.);
#873 = DIRECTION('',(0.,-1.));
#874 = ( GEOMETRIC_REPRESENTATION_CONTEXT(2) 
PARAMETRIC_REPRESENTATION_CONTEXT() REPRESENTATION_CONTEXT('2D SPACE',''
  ) );
#875 = ORIENTED_EDGE('',*,*,#376,.T.);
#876 = ADVANCED_FACE('',(#877),#303,.T.);
#877 = FACE_BOUND('',#878,.T.);
#878 = EDGE_LOOP('',(#879,#880,#903,#924));
#879 = ORIENTED_EDGE('',*,*,#287,.T.);
#880 = ORIENTED_EDGE('',*,*,#881,.T.);
#881 = EDGE_CURVE('',#288,#882,#884,.T.);
#882 = VERTEX_POINT('',#883);
#883 = CARTESIAN_POINT('',(180.5470835242,357.3475036621,127.0545355158)
  );
#884 = SURFACE_CURVE('',#885,(#889,#896),.PCURVE_S1.);
#885 = LINE('',#886,#887);
#886 = CARTESIAN_POINT('',(180.5470835242,357.3475036621,27.054535515808
    ));
#887 = VECTOR('',#888,1.);
#888 = DIRECTION('',(0.,-0.,1.));
#889 = PCURVE('',#303,#890);
#890 = DEFINITIONAL_REPRESENTATION('',(#891),#895);
#891 = LINE('',#892,#893);
#892 = CARTESIAN_POINT('',(18.,-100.));
#893 = VECTOR('',#894,1.);
#894 = DIRECTION('',(0.,1.));
#895 = ( GEOMETRIC_REPRESENTATION_CONTEXT(2) 
PARAMETRIC_REPRESENTATION_CONTEXT() REPRESENTATION_CONTEXT('2D SPACE',''
  ) );
#896 = PCURVE('',#336,#897);
#897 = DEFINITIONAL_REPRESENTATION('',(#898),#902);
#898 = LINE('',#899,#900);
#899 = CARTESIAN_POINT('',(-0.,0.));
#900 = VECTOR('',#901,1.);
#901 = DIRECTION('',(-0.,1.));
#902 = ( GEOMETRIC_REPRESENTATION_CONTEXT(2) 
PARAMETRIC_REPRESENTATION_CONTEXT() REPRESENTATION_CONTEXT('2D SPACE',''
  ) );
#903 = ORIENTED_EDGE('',*,*,#904,.F.);
#904 = EDGE_CURVE('',#782,#882,#905,.T.);
#905 = SURFACE_CURVE('',#906,(#910,#917),.PCURVE_S1.);
#906 = LINE('',#907,#908);
#907 = CARTESIAN_POINT('',(180.5470835242,375.3475036621,127.0545355158)
  );
#908 = VECTOR('',#909,1.);
#909 = DIRECTION('',(0.,-1.,0.));
#910 = PCURVE('',#303,#911);
#911 = DEFINITIONAL_REPRESENTATION('',(#912),#916);
#912 = LINE('',#913,#914);
#913 = CARTESIAN_POINT('',(0.,0.));
#914 = VECTOR('',#915,1.);
#915 = DIRECTION('',(1.,0.));
#916 = ( GEOMETRIC_REPRESENTATION_CONTEXT(2) 
PARAMETRIC_REPRESENTATION_CONTEXT() REPRESENTATION_CONTEXT('2D SPACE',''
  ) );
#917 = PCURVE('',#423,#918);
#918 = DEFINITIONAL_REPRESENTATION('',(#919),#923);
#919 = LINE('',#920,#921);
#920 = CARTESIAN_POINT('',(-137.,55.465240038256));
#921 = VECTOR('',#922,1.);
#922 = DIRECTION('',(0.,-1.));
#923 = ( GEOMETRIC_REPRESENTATION_CONTEXT(2) 
PARAMETRIC_REPRESENTATION_CONTEXT() REPRESENTATION_CONTEXT('2D SPACE',''
  ) );
#924 = ORIENTED_EDGE('',*,*,#807,.T.);
#925 = ADVANCED_FACE('',(#926),#364,.T.);
#926 = FACE_BOUND('',#927,.T.);
#927 = EDGE_LOOP('',(#928,#929,#930,#953));
#928 = ORIENTED_EDGE('',*,*,#348,.T.);
#929 = ORIENTED_EDGE('',*,*,#855,.F.);
#930 = ORIENTED_EDGE('',*,*,#931,.F.);
#931 = EDGE_CURVE('',#932,#833,#934,.T.);
#932 = VERTEX_POINT('',#933);
#933 = CARTESIAN_POINT('',(170.5470835242,347.3475036621,127.0545355158)
  );
#934 = SURFACE_CURVE('',#935,(#939,#946),.PCURVE_S1.);
#935 = LINE('',#936,#937);
#936 = CARTESIAN_POINT('',(182.5470835242,347.3475036621,127.0545355158)
  );
#937 = VECTOR('',#938,1.);
#938 = DIRECTION('',(-1.,0.,0.));
#939 = PCURVE('',#364,#940);
#940 = DEFINITIONAL_REPRESENTATION('',(#941),#945);
#941 = LINE('',#942,#943);
#942 = CARTESIAN_POINT('',(0.,0.));
#943 = VECTOR('',#944,1.);
#944 = DIRECTION('',(1.,0.));
#945 = ( GEOMETRIC_REPRESENTATION_CONTEXT(2) 
PARAMETRIC_REPRESENTATION_CONTEXT() REPRESENTATION_CONTEXT('2D SPACE',''
  ) );
#946 = PCURVE('',#423,#947);
#947 = DEFINITIONAL_REPRESENTATION('',(#948),#952);
#948 = LINE('',#949,#950);
#949 = CARTESIAN_POINT('',(-135.,27.465240038256));
#950 = VECTOR('',#951,1.);
#951 = DIRECTION('',(-1.,0.));
#952 = ( GEOMETRIC_REPRESENTATION_CONTEXT(2) 
PARAMETRIC_REPRESENTATION_CONTEXT() REPRESENTATION_CONTEXT('2D SPACE',''
  ) );
#953 = ORIENTED_EDGE('',*,*,#954,.F.);
#954 = EDGE_CURVE('',#316,#932,#955,.T.);
#955 = SURFACE_CURVE('',#956,(#960,#967),.PCURVE_S1.);
#956 = LINE('',#957,#958);
#957 = CARTESIAN_POINT('',(170.5470835242,347.3475036621,27.054535515808
    ));
#958 = VECTOR('',#959,1.);
#959 = DIRECTION('',(0.,-0.,1.));
#960 = PCURVE('',#364,#961);
#961 = DEFINITIONAL_REPRESENTATION('',(#962),#966);
#962 = LINE('',#963,#964);
#963 = CARTESIAN_POINT('',(12.,-100.));
#964 = VECTOR('',#965,1.);
#965 = DIRECTION('',(0.,1.));
#966 = ( GEOMETRIC_REPRESENTATION_CONTEXT(2) 
PARAMETRIC_REPRESENTATION_CONTEXT() REPRESENTATION_CONTEXT('2D SPACE',''
  ) );
#967 = PCURVE('',#336,#968);
#968 = DEFINITIONAL_REPRESENTATION('',(#969),#973);
#969 = LINE('',#970,#971);
#970 = CARTESIAN_POINT('',(-1.570796326795,0.));
#971 = VECTOR('',#972,1.);
#972 = DIRECTION('',(-0.,1.));
#973 = ( GEOMETRIC_REPRESENTATION_CONTEXT(2) 
PARAMETRIC_REPRESENTATION_CONTEXT() REPRESENTATION_CONTEXT('2D SPACE',''
  ) );
#974 = ADVANCED_FACE('',(#975),#336,.F.);
#975 = FACE_BOUND('',#976,.T.);
#976 = EDGE_LOOP('',(#977,#978,#979,#1005));
#977 = ORIENTED_EDGE('',*,*,#315,.T.);
#978 = ORIENTED_EDGE('',*,*,#954,.T.);
#979 = ORIENTED_EDGE('',*,*,#980,.F.);
#980 = EDGE_CURVE('',#882,#932,#981,.T.);
#981 = SURFACE_CURVE('',#982,(#987,#994),.PCURVE_S1.);
#982 = CIRCLE('',#983,10.);
#983 = AXIS2_PLACEMENT_3D('',#984,#985,#986);
#984 = CARTESIAN_POINT('',(170.5470835242,357.3475036621,127.0545355158)
  );
#985 = DIRECTION('',(-0.,0.,-1.));
#986 = DIRECTION('',(0.,-1.,-0.));
#987 = PCURVE('',#336,#988);
#988 = DEFINITIONAL_REPRESENTATION('',(#989),#993);
#989 = LINE('',#990,#991);
#990 = CARTESIAN_POINT('',(4.712388980385,100.));
#991 = VECTOR('',#992,1.);
#992 = DIRECTION('',(-1.,0.));
#993 = ( GEOMETRIC_REPRESENTATION_CONTEXT(2) 
PARAMETRIC_REPRESENTATION_CONTEXT() REPRESENTATION_CONTEXT('2D SPACE',''
  ) );
#994 = PCURVE('',#423,#995);
#995 = DEFINITIONAL_REPRESENTATION('',(#996),#1004);
#996 = ( BOUNDED_CURVE() B_SPLINE_CURVE(2,(#997,#998,#999,#1000,#1001,
#1002,#1003),.UNSPECIFIED.,.T.,.F.) B_SPLINE_CURVE_WITH_KNOTS((1,2,2,2,2
    ,1),(-2.094395102393,0.,2.094395102393,4.188790204786,6.28318530718,
8.377580409573),.UNSPECIFIED.) CURVE() GEOMETRIC_REPRESENTATION_ITEM() 
RATIONAL_B_SPLINE_CURVE((1.,0.5,1.,0.5,1.,0.5,1.)) REPRESENTATION_ITEM(
  '') );
#997 = CARTESIAN_POINT('',(-147.,27.465240038256));
#998 = CARTESIAN_POINT('',(-164.3205080756,27.465240038256));
#999 = CARTESIAN_POINT('',(-155.6602540378,42.465240038256));
#1000 = CARTESIAN_POINT('',(-147.,57.465240038256));
#1001 = CARTESIAN_POINT('',(-138.3397459621,42.465240038256));
#1002 = CARTESIAN_POINT('',(-129.6794919243,27.465240038256));
#1003 = CARTESIAN_POINT('',(-147.,27.465240038256));
#1004 = ( GEOMETRIC_REPRESENTATION_CONTEXT(2) 
PARAMETRIC_REPRESENTATION_CONTEXT() REPRESENTATION_CONTEXT('2D SPACE',''
  ) );
#1005 = ORIENTED_EDGE('',*,*,#881,.F.);
#1006 = ADVANCED_FACE('',(#1007,#1015),#423,.T.);
#1007 = FACE_BOUND('',#1008,.T.);
#1008 = EDGE_LOOP('',(#1009,#1010,#1011,#1012,#1013,#1014));
#1009 = ORIENTED_EDGE('',*,*,#585,.F.);
#1010 = ORIENTED_EDGE('',*,*,#686,.F.);
#1011 = ORIENTED_EDGE('',*,*,#634,.F.);
#1012 = ORIENTED_EDGE('',*,*,#531,.F.);
#1013 = ORIENTED_EDGE('',*,*,#405,.F.);
#1014 = ORIENTED_EDGE('',*,*,#481,.T.);
#1015 = FACE_BOUND('',#1016,.T.);
#1016 = EDGE_LOOP('',(#1017,#1018,#1019,#1020,#1021,#1022));
#1017 = ORIENTED_EDGE('',*,*,#734,.T.);
#1018 = ORIENTED_EDGE('',*,*,#781,.F.);
#1019 = ORIENTED_EDGE('',*,*,#904,.T.);
#1020 = ORIENTED_EDGE('',*,*,#980,.T.);
#1021 = ORIENTED_EDGE('',*,*,#931,.T.);
#1022 = ORIENTED_EDGE('',*,*,#832,.T.);
#1023 = ( GEOMETRIC_REPRESENTATION_CONTEXT(3) 
GLOBAL_UNCERTAINTY_ASSIGNED_CONTEXT((#1027)) 
GLOBAL_UNIT_ASSIGNED_CONTEXT((#1024,#1025,#1026)) REPRESENTATION_CONTEXT
('Context #1','3D Context with UNIT and UNCERTAINTY') );
#1024 = ( LENGTH_UNIT() NAMED_UNIT(*) SI_UNIT(.MILLI.,.METRE.) );
#1025 = ( NAMED_UNIT(*) PLANE_ANGLE_UNIT() SI_UNIT($,.RADIAN.) );
#1026 = ( NAMED_UNIT(*) SI_UNIT($,.STERADIAN.) SOLID_ANGLE_UNIT() );
#1027 = UNCERTAINTY_MEASURE_WITH_UNIT(LENGTH_MEASURE(1.E-07),#1024,
  'distance_accuracy_value','confusion accuracy');
#1028 = CONTEXT_DEPENDENT_SHAPE_REPRESENTATION(#1029,#1031);
#1029 = ( REPRESENTATION_RELATIONSHIP('','',#40,#10) 
REPRESENTATION_RELATIONSHIP_WITH_TRANSFORMATION(#1030) 
SHAPE_REPRESENTATION_RELATIONSHIP() );
#1030 = ITEM_DEFINED_TRANSFORMATION('','',#11,#15);
#1031 = PRODUCT_DEFINITION_SHAPE('Placement','Placement of an item',
  #1032);
#1032 = NEXT_ASSEMBLY_USAGE_OCCURRENCE('4','','',#5,#35,$);
#1033 = PRODUCT_RELATED_PRODUCT_CATEGORY('part',$,(#37));
#1034 = SHAPE_DEFINITION_REPRESENTATION(#1035,#1041);
#1035 = PRODUCT_DEFINITION_SHAPE('','',#1036);
#1036 = PRODUCT_DEFINITION('design','',#1037,#1040);
#1037 = PRODUCT_DEFINITION_FORMATION('','',#1038);
#1038 = PRODUCT('Open CASCADE STEP translator 8.0 2.2',
  'Open CASCADE STEP translator 8.0 2.2','',(#1039));
#1039 = PRODUCT_CONTEXT('',#2,'mechanical');
#1040 = PRODUCT_DEFINITION_CONTEXT('part definition',#2,'design');
#1041 = ADVANCED_BREP_SHAPE_REPRESENTATION('',(#11,#1042),#3064);
#1042 = MANIFOLD_SOLID_BREP('',#1043);
#1043 = CLOSED_SHELL('',(#1044,#1426,#1502,#1579,#1746,#1942,#1991,#2021
    ,#2153,#2215,#2277,#2365,#2449,#2522,#2581,#2613,#2662,#2751,#2800,
    #2837,#2869,#2876,#2883,#2944,#3001,#3050,#3057));
#1044 = ADVANCED_FACE('',(#1045,#1238),#1059,.T.);
#1045 = FACE_BOUND('',#1046,.T.);
#1046 = EDGE_LOOP('',(#1047,#1082,#1117,#1145,#1184,#1212));
#1047 = ORIENTED_EDGE('',*,*,#1048,.T.);
#1048 = EDGE_CURVE('',#1049,#1051,#1053,.T.);
#1049 = VERTEX_POINT('',#1050);
#1050 = CARTESIAN_POINT('',(137.5470835242,415.3475036621,
    -9.041259161926));
#1051 = VERTEX_POINT('',#1052);
#1052 = CARTESIAN_POINT('',(192.72690849003,415.3475036621,
    -9.041259161926));
#1053 = SURFACE_CURVE('',#1054,(#1058,#1070),.PCURVE_S1.);
#1054 = LINE('',#1055,#1056);
#1055 = CARTESIAN_POINT('',(137.5470835242,415.3475036621,
    -9.041259161926));
#1056 = VECTOR('',#1057,1.);
#1057 = DIRECTION('',(1.,-0.,-0.));
#1058 = PCURVE('',#1059,#1064);
#1059 = PLANE('',#1060);
#1060 = AXIS2_PLACEMENT_3D('',#1061,#1062,#1063);
#1061 = CARTESIAN_POINT('',(137.5470835242,415.3475036621,
    -9.041259161926));
#1062 = DIRECTION('',(0.,1.224646799147E-16,-1.));
#1063 = DIRECTION('',(0.,-1.,-1.224646799147E-16));
#1064 = DEFINITIONAL_REPRESENTATION('',(#1065),#1069);
#1065 = LINE('',#1066,#1067);
#1066 = CARTESIAN_POINT('',(0.,0.));
#1067 = VECTOR('',#1068,1.);
#1068 = DIRECTION('',(0.,-1.));
#1069 = ( GEOMETRIC_REPRESENTATION_CONTEXT(2) 
PARAMETRIC_REPRESENTATION_CONTEXT() REPRESENTATION_CONTEXT('2D SPACE',''
  ) );
#1070 = PCURVE('',#1071,#1076);
#1071 = PLANE('',#1072);
#1072 = AXIS2_PLACEMENT_3D('',#1073,#1074,#1075);
#1073 = CARTESIAN_POINT('',(137.5470835242,385.3475036621,1.877847521066
    ));
#1074 = DIRECTION('',(0.,0.342020133783,0.939692624259));
#1075 = DIRECTION('',(0.,0.939692624259,-0.342020133783));
#1076 = DEFINITIONAL_REPRESENTATION('',(#1077),#1081);
#1077 = LINE('',#1078,#1079);
#1078 = CARTESIAN_POINT('',(31.925333056283,0.));
#1079 = VECTOR('',#1080,1.);
#1080 = DIRECTION('',(0.,-1.));
#1081 = ( GEOMETRIC_REPRESENTATION_CONTEXT(2) 
PARAMETRIC_REPRESENTATION_CONTEXT() REPRESENTATION_CONTEXT('2D SPACE',''
  ) );
#1082 = ORIENTED_EDGE('',*,*,#1083,.T.);
#1083 = EDGE_CURVE('',#1051,#1084,#1086,.T.);
#1084 = VERTEX_POINT('',#1085);
#1085 = CARTESIAN_POINT('',(199.37882900962,397.72080052343,
    -9.041259161926));
#1086 = SURFACE_CURVE('',#1087,(#1092,#1099),.PCURVE_S1.);
#1087 = ELLIPSE('',#1088,29.607558966371,10.);
#1088 = AXIS2_PLACEMENT_3D('',#1089,#1090,#1091);
#1089 = CARTESIAN_POINT('',(188.34504981999,386.10945884475,
    -9.041259161926));
#1090 = DIRECTION('',(3.08148791102E-33,1.224646799147E-16,-1.));
#1091 = DIRECTION('',(0.167329203706,0.985901079007,1.207380600682E-16)
  );
#1092 = PCURVE('',#1059,#1093);
#1093 = DEFINITIONAL_REPRESENTATION('',(#1094),#1098);
#1094 = ELLIPSE('',#1095,29.607558966371,10.);
#1095 = AXIS2_PLACEMENT_2D('',#1096,#1097);
#1096 = CARTESIAN_POINT('',(29.238044817357,-50.79796629579));
#1097 = DIRECTION('',(-0.985901079007,-0.167329203706));
#1098 = ( GEOMETRIC_REPRESENTATION_CONTEXT(2) 
PARAMETRIC_REPRESENTATION_CONTEXT() REPRESENTATION_CONTEXT('2D SPACE',''
  ) );
#1099 = PCURVE('',#1100,#1105);
#1100 = CYLINDRICAL_SURFACE('',#1101,10.);
#1101 = AXIS2_PLACEMENT_3D('',#1102,#1103,#1104);
#1102 = CARTESIAN_POINT('',(187.80024656228,382.89948648051,
    -7.872924805439));
#1103 = DIRECTION('',(0.15749615113,0.92796488538,-0.337751586051));
#1104 = DIRECTION('',(-1.387778780781E-17,0.342020133783,0.939692624259)
  );
#1105 = DEFINITIONAL_REPRESENTATION('',(#1106),#1116);
#1106 = B_SPLINE_CURVE_WITH_KNOTS('',8,(#1107,#1108,#1109,#1110,#1111,
    #1112,#1113,#1114,#1115),.UNSPECIFIED.,.F.,.F.,(9,9),(6.225924063834
    ,7.388331462852),.PIECEWISE_BEZIER_KNOTS.);
#1107 = CARTESIAN_POINT('',(7.474006323651E-16,31.281157618223));
#1108 = CARTESIAN_POINT('',(0.145300925627,31.512893131313));
#1109 = CARTESIAN_POINT('',(0.290601850253,31.073327851122));
#1110 = CARTESIAN_POINT('',(0.435902774885,29.955007053053));
#1111 = CARTESIAN_POINT('',(0.581203699502,28.18070868637));
#1112 = CARTESIAN_POINT('',(0.72650462414,25.803956954376));
#1113 = CARTESIAN_POINT('',(0.871805548763,22.906097745377));
#1114 = CARTESIAN_POINT('',(1.017106473391,19.589928542617));
#1115 = CARTESIAN_POINT('',(1.162407399018,15.971847939964));
#1116 = ( GEOMETRIC_REPRESENTATION_CONTEXT(2) 
PARAMETRIC_REPRESENTATION_CONTEXT() REPRESENTATION_CONTEXT('2D SPACE',''
  ) );
#1117 = ORIENTED_EDGE('',*,*,#1118,.T.);
#1118 = EDGE_CURVE('',#1084,#1119,#1121,.T.);
#1119 = VERTEX_POINT('',#1120);
#1120 = CARTESIAN_POINT('',(199.37882900962,322.97420680078,
    -9.041259161926));
#1121 = SURFACE_CURVE('',#1122,(#1126,#1133),.PCURVE_S1.);
#1122 = LINE('',#1123,#1124);
#1123 = CARTESIAN_POINT('',(199.37882900962,387.8475036621,
    -9.041259161926));
#1124 = VECTOR('',#1125,1.);
#1125 = DIRECTION('',(5.710621809774E-17,-1.,-1.224646799147E-16));
#1126 = PCURVE('',#1059,#1127);
#1127 = DEFINITIONAL_REPRESENTATION('',(#1128),#1132);
#1128 = LINE('',#1129,#1130);
#1129 = CARTESIAN_POINT('',(27.5,-61.83174548541));
#1130 = VECTOR('',#1131,1.);
#1131 = DIRECTION('',(1.,-5.710621809774E-17));
#1132 = ( GEOMETRIC_REPRESENTATION_CONTEXT(2) 
PARAMETRIC_REPRESENTATION_CONTEXT() REPRESENTATION_CONTEXT('2D SPACE',''
  ) );
#1133 = PCURVE('',#1134,#1139);
#1134 = PLANE('',#1135);
#1135 = AXIS2_PLACEMENT_3D('',#1136,#1137,#1138);
#1136 = CARTESIAN_POINT('',(250.16600540271,360.3475036621,-117.95471041
    ));
#1137 = DIRECTION('',(-0.906307787037,0.,-0.422618261741));
#1138 = DIRECTION('',(0.,1.,0.));
#1139 = DEFINITIONAL_REPRESENTATION('',(#1140),#1144);
#1140 = LINE('',#1141,#1142);
#1141 = CARTESIAN_POINT('',(27.5,-120.1726971851));
#1142 = VECTOR('',#1143,1.);
#1143 = DIRECTION('',(-1.,1.351248236707E-16));
#1144 = ( GEOMETRIC_REPRESENTATION_CONTEXT(2) 
PARAMETRIC_REPRESENTATION_CONTEXT() REPRESENTATION_CONTEXT('2D SPACE',''
  ) );
#1145 = ORIENTED_EDGE('',*,*,#1146,.F.);
#1146 = EDGE_CURVE('',#1147,#1119,#1149,.T.);
#1147 = VERTEX_POINT('',#1148);
#1148 = CARTESIAN_POINT('',(192.72690849003,305.3475036621,
    -9.041259161926));
#1149 = SURFACE_CURVE('',#1150,(#1155,#1166),.PCURVE_S1.);
#1150 = ELLIPSE('',#1151,29.607558966371,10.);
#1151 = AXIS2_PLACEMENT_3D('',#1152,#1153,#1154);
#1152 = CARTESIAN_POINT('',(188.34504981999,334.58554847946,
    -9.041259161926));
#1153 = DIRECTION('',(0.,-1.224646799147E-16,1.));
#1154 = DIRECTION('',(-0.167329203706,0.985901079007,1.207380600682E-16)
  );
#1155 = PCURVE('',#1059,#1156);
#1156 = DEFINITIONAL_REPRESENTATION('',(#1157),#1165);
#1157 = ( BOUNDED_CURVE() B_SPLINE_CURVE(2,(#1158,#1159,#1160,#1161,
#1162,#1163,#1164),.UNSPECIFIED.,.T.,.F.) B_SPLINE_CURVE_WITH_KNOTS((1,2
    ,2,2,2,1),(-2.094395102393,0.,2.094395102393,4.188790204786,
6.28318530718,8.377580409573),.UNSPECIFIED.) CURVE() 
GEOMETRIC_REPRESENTATION_ITEM() RATIONAL_B_SPLINE_CURVE((1.,0.5,1.,0.5,
1.,0.5,1.)) REPRESENTATION_ITEM('') );
#1158 = CARTESIAN_POINT('',(51.571830850938,-45.84375703025));
#1159 = CARTESIAN_POINT('',(54.470057675033,-28.76744942949));
#1160 = CARTESIAN_POINT('',(96.806130760544,-44.73691712817));
#1161 = CARTESIAN_POINT('',(139.14220384605,-60.70638482686));
#1162 = CARTESIAN_POINT('',(93.907903936448,-61.81322472894));
#1163 = CARTESIAN_POINT('',(48.673604026842,-62.92006463102));
#1164 = CARTESIAN_POINT('',(51.571830850938,-45.84375703025));
#1165 = ( GEOMETRIC_REPRESENTATION_CONTEXT(2) 
PARAMETRIC_REPRESENTATION_CONTEXT() REPRESENTATION_CONTEXT('2D SPACE',''
  ) );
#1166 = PCURVE('',#1167,#1172);
#1167 = CYLINDRICAL_SURFACE('',#1168,10.);
#1168 = AXIS2_PLACEMENT_3D('',#1169,#1170,#1171);
#1169 = CARTESIAN_POINT('',(192.89190962877,307.7955208437,
    -18.79203148843));
#1170 = DIRECTION('',(-0.15749615113,0.92796488538,0.337751586051));
#1171 = DIRECTION('',(1.387778780781E-17,-0.342020133783,0.939692624259)
  );
#1172 = DEFINITIONAL_REPRESENTATION('',(#1173),#1183);
#1173 = B_SPLINE_CURVE_WITH_KNOTS('',8,(#1174,#1175,#1176,#1177,#1178,
    #1179,#1180,#1181,#1182),.UNSPECIFIED.,.F.,.F.,(9,9),(3.084331410244
    ,4.246738809262),.PIECEWISE_BEZIER_KNOTS.);
#1174 = CARTESIAN_POINT('',(-2.094770312185E-15,1.047651879456));
#1175 = CARTESIAN_POINT('',(0.145300925627,0.815916366366));
#1176 = CARTESIAN_POINT('',(0.290601850255,1.255481646514));
#1177 = CARTESIAN_POINT('',(0.43590277488,2.373802444763));
#1178 = CARTESIAN_POINT('',(0.581203699509,4.148100811046));
#1179 = CARTESIAN_POINT('',(0.726504624136,6.524852543447));
#1180 = CARTESIAN_POINT('',(0.871805548764,9.422711752266));
#1181 = CARTESIAN_POINT('',(1.017106473391,12.738880955062));
#1182 = CARTESIAN_POINT('',(1.162407399018,16.356961557715));
#1183 = ( GEOMETRIC_REPRESENTATION_CONTEXT(2) 
PARAMETRIC_REPRESENTATION_CONTEXT() REPRESENTATION_CONTEXT('2D SPACE',''
  ) );
#1184 = ORIENTED_EDGE('',*,*,#1185,.F.);
#1185 = EDGE_CURVE('',#1186,#1147,#1188,.T.);
#1186 = VERTEX_POINT('',#1187);
#1187 = CARTESIAN_POINT('',(137.5470835242,305.3475036621,
    -9.041259161926));
#1188 = SURFACE_CURVE('',#1189,(#1193,#1200),.PCURVE_S1.);
#1189 = LINE('',#1190,#1191);
#1190 = CARTESIAN_POINT('',(137.5470835242,305.3475036621,
    -9.041259161926));
#1191 = VECTOR('',#1192,1.);
#1192 = DIRECTION('',(1.,-0.,-0.));
#1193 = PCURVE('',#1059,#1194);
#1194 = DEFINITIONAL_REPRESENTATION('',(#1195),#1199);
#1195 = LINE('',#1196,#1197);
#1196 = CARTESIAN_POINT('',(110.,0.));
#1197 = VECTOR('',#1198,1.);
#1198 = DIRECTION('',(0.,-1.));
#1199 = ( GEOMETRIC_REPRESENTATION_CONTEXT(2) 
PARAMETRIC_REPRESENTATION_CONTEXT() REPRESENTATION_CONTEXT('2D SPACE',''
  ) );
#1200 = PCURVE('',#1201,#1206);
#1201 = PLANE('',#1202);
#1202 = AXIS2_PLACEMENT_3D('',#1203,#1204,#1205);
#1203 = CARTESIAN_POINT('',(137.5470835242,305.3475036621,
    -9.041259161926));
#1204 = DIRECTION('',(0.,-0.342020133783,0.939692624259));
#1205 = DIRECTION('',(0.,0.939692624259,0.342020133783));
#1206 = DEFINITIONAL_REPRESENTATION('',(#1207),#1211);
#1207 = LINE('',#1208,#1209);
#1208 = CARTESIAN_POINT('',(0.,0.));
#1209 = VECTOR('',#1210,1.);
#1210 = DIRECTION('',(0.,-1.));
#1211 = ( GEOMETRIC_REPRESENTATION_CONTEXT(2) 
PARAMETRIC_REPRESENTATION_CONTEXT() REPRESENTATION_CONTEXT('2D SPACE',''
  ) );
#1212 = ORIENTED_EDGE('',*,*,#1213,.F.);
#1213 = EDGE_CURVE('',#1049,#1186,#1214,.T.);
#1214 = SURFACE_CURVE('',#1215,(#1219,#1226),.PCURVE_S1.);
#1215 = LINE('',#1216,#1217);
#1216 = CARTESIAN_POINT('',(137.5470835242,436.69133954719,
    -9.041259161926));
#1217 = VECTOR('',#1218,1.);
#1218 = DIRECTION('',(0.,-1.,-1.224646799147E-16));
#1219 = PCURVE('',#1059,#1220);
#1220 = DEFINITIONAL_REPRESENTATION('',(#1221),#1225);
#1221 = LINE('',#1222,#1223);
#1222 = CARTESIAN_POINT('',(-21.34383588509,0.));
#1223 = VECTOR('',#1224,1.);
#1224 = DIRECTION('',(1.,0.));
#1225 = ( GEOMETRIC_REPRESENTATION_CONTEXT(2) 
PARAMETRIC_REPRESENTATION_CONTEXT() REPRESENTATION_CONTEXT('2D SPACE',''
  ) );
#1226 = PCURVE('',#1227,#1232);
#1227 = PLANE('',#1228);
#1228 = AXIS2_PLACEMENT_3D('',#1229,#1230,#1231);
#1229 = CARTESIAN_POINT('',(137.5470835242,360.3475036621,
    -132.9454644841));
#1230 = DIRECTION('',(-1.,0.,0.));
#1231 = DIRECTION('',(0.,1.,0.));
#1232 = DEFINITIONAL_REPRESENTATION('',(#1233),#1237);
#1233 = LINE('',#1234,#1235);
#1234 = CARTESIAN_POINT('',(76.34383588509,-123.9042053222));
#1235 = VECTOR('',#1236,1.);
#1236 = DIRECTION('',(-1.,1.224646799147E-16));
#1237 = ( GEOMETRIC_REPRESENTATION_CONTEXT(2) 
PARAMETRIC_REPRESENTATION_CONTEXT() REPRESENTATION_CONTEXT('2D SPACE',''
  ) );
#1238 = FACE_BOUND('',#1239,.T.);
#1239 = EDGE_LOOP('',(#1240,#1270,#1309,#1337,#1365,#1393));
#1240 = ORIENTED_EDGE('',*,*,#1241,.T.);
#1241 = EDGE_CURVE('',#1242,#1244,#1246,.T.);
#1242 = VERTEX_POINT('',#1243);
#1243 = CARTESIAN_POINT('',(197.37882900962,328.82181576425,
    -9.041259161926));
#1244 = VERTEX_POINT('',#1245);
#1245 = CARTESIAN_POINT('',(197.37882900962,391.87319155996,
    -9.041259161926));
#1246 = SURFACE_CURVE('',#1247,(#1251,#1258),.PCURVE_S1.);
#1247 = LINE('',#1248,#1249);
#1248 = CARTESIAN_POINT('',(197.37882900962,387.8475036621,
    -9.041259161926));
#1249 = VECTOR('',#1250,1.);
#1250 = DIRECTION('',(-5.710621809774E-17,1.,1.224646799147E-16));
#1251 = PCURVE('',#1059,#1252);
#1252 = DEFINITIONAL_REPRESENTATION('',(#1253),#1257);
#1253 = LINE('',#1254,#1255);
#1254 = CARTESIAN_POINT('',(27.5,-59.83174548541));
#1255 = VECTOR('',#1256,1.);
#1256 = DIRECTION('',(-1.,5.710621809774E-17));
#1257 = ( GEOMETRIC_REPRESENTATION_CONTEXT(2) 
PARAMETRIC_REPRESENTATION_CONTEXT() REPRESENTATION_CONTEXT('2D SPACE',''
  ) );
#1258 = PCURVE('',#1259,#1264);
#1259 = PLANE('',#1260);
#1260 = AXIS2_PLACEMENT_3D('',#1261,#1262,#1263);
#1261 = CARTESIAN_POINT('',(248.16600540271,360.3475036621,-117.95471041
    ));
#1262 = DIRECTION('',(-0.906307787037,0.,-0.422618261741));
#1263 = DIRECTION('',(0.,-1.,-0.));
#1264 = DEFINITIONAL_REPRESENTATION('',(#1265),#1269);
#1265 = LINE('',#1266,#1267);
#1266 = CARTESIAN_POINT('',(-27.5,120.17269718518));
#1267 = VECTOR('',#1268,1.);
#1268 = DIRECTION('',(-1.,1.351248236707E-16));
#1269 = ( GEOMETRIC_REPRESENTATION_CONTEXT(2) 
PARAMETRIC_REPRESENTATION_CONTEXT() REPRESENTATION_CONTEXT('2D SPACE',''
  ) );
#1270 = ORIENTED_EDGE('',*,*,#1271,.T.);
#1271 = EDGE_CURVE('',#1244,#1272,#1274,.T.);
#1272 = VERTEX_POINT('',#1273);
#1273 = CARTESIAN_POINT('',(190.72690849003,409.49989469863,
    -9.041259161926));
#1274 = SURFACE_CURVE('',#1275,(#1280,#1291),.PCURVE_S1.);
#1275 = ELLIPSE('',#1276,29.607558966371,10.);
#1276 = AXIS2_PLACEMENT_3D('',#1277,#1278,#1279);
#1277 = CARTESIAN_POINT('',(186.34504981999,380.26184988128,
    -9.041259161926));
#1278 = DIRECTION('',(-3.08148791102E-33,-1.224646799147E-16,1.));
#1279 = DIRECTION('',(-0.167329203706,-0.985901079007,
    -1.207380600682E-16));
#1280 = PCURVE('',#1059,#1281);
#1281 = DEFINITIONAL_REPRESENTATION('',(#1282),#1290);
#1282 = ( BOUNDED_CURVE() B_SPLINE_CURVE(2,(#1283,#1284,#1285,#1286,
#1287,#1288,#1289),.UNSPECIFIED.,.T.,.F.) B_SPLINE_CURVE_WITH_KNOTS((1,2
    ,2,2,2,1),(-2.094395102393,0.,2.094395102393,4.188790204786,
6.28318530718,8.377580409573),.UNSPECIFIED.) CURVE() 
GEOMETRIC_REPRESENTATION_ITEM() RATIONAL_B_SPLINE_CURVE((1.,0.5,1.,0.5,
1.,0.5,1.)) REPRESENTATION_ITEM('') );
#1283 = CARTESIAN_POINT('',(64.275778112534,-43.84375703025));
#1284 = CARTESIAN_POINT('',(67.17400493663,-60.92006463102));
#1285 = CARTESIAN_POINT('',(21.939705027023,-59.81322472894));
#1286 = CARTESIAN_POINT('',(-23.29459488258,-58.70638482686));
#1287 = CARTESIAN_POINT('',(19.041478202927,-42.73691712817));
#1288 = CARTESIAN_POINT('',(61.377551288438,-26.76744942949));
#1289 = CARTESIAN_POINT('',(64.275778112534,-43.84375703025));
#1290 = ( GEOMETRIC_REPRESENTATION_CONTEXT(2) 
PARAMETRIC_REPRESENTATION_CONTEXT() REPRESENTATION_CONTEXT('2D SPACE',''
  ) );
#1291 = PCURVE('',#1292,#1297);
#1292 = CYLINDRICAL_SURFACE('',#1293,10.);
#1293 = AXIS2_PLACEMENT_3D('',#1294,#1295,#1296);
#1294 = CARTESIAN_POINT('',(190.89190962877,407.05187751704,
    -18.79203148843));
#1295 = DIRECTION('',(-0.15749615113,-0.92796488538,0.337751586051));
#1296 = DIRECTION('',(0.906307787037,0.,0.422618261741));
#1297 = DEFINITIONAL_REPRESENTATION('',(#1298),#1308);
#1298 = B_SPLINE_CURVE_WITH_KNOTS('',8,(#1299,#1300,#1301,#1302,#1303,
    #1304,#1305,#1306,#1307),.UNSPECIFIED.,.F.,.F.,(9,9),(2.036446497918
    ,3.198853896936),.PIECEWISE_BEZIER_KNOTS.);
#1299 = CARTESIAN_POINT('',(7.474006304523E-16,16.356961557715));
#1300 = CARTESIAN_POINT('',(0.145300925627,12.738880955062));
#1301 = CARTESIAN_POINT('',(0.290601850255,9.422711752259));
#1302 = CARTESIAN_POINT('',(0.435902774879,6.524852543456));
#1303 = CARTESIAN_POINT('',(0.58120369951,4.148100811035));
#1304 = CARTESIAN_POINT('',(0.726504624134,2.37380244477));
#1305 = CARTESIAN_POINT('',(0.871805548764,1.255481646511));
#1306 = CARTESIAN_POINT('',(1.017106473391,0.815916366366));
#1307 = CARTESIAN_POINT('',(1.162407399018,1.047651879456));
#1308 = ( GEOMETRIC_REPRESENTATION_CONTEXT(2) 
PARAMETRIC_REPRESENTATION_CONTEXT() REPRESENTATION_CONTEXT('2D SPACE',''
  ) );
#1309 = ORIENTED_EDGE('',*,*,#1310,.F.);
#1310 = EDGE_CURVE('',#1311,#1272,#1313,.T.);
#1311 = VERTEX_POINT('',#1312);
#1312 = CARTESIAN_POINT('',(139.5470835242,409.49989469863,
    -9.041259161926));
#1313 = SURFACE_CURVE('',#1314,(#1318,#1325),.PCURVE_S1.);
#1314 = LINE('',#1315,#1316);
#1315 = CARTESIAN_POINT('',(138.5470835242,409.49989469863,
    -9.041259161926));
#1316 = VECTOR('',#1317,1.);
#1317 = DIRECTION('',(1.,-0.,0.));
#1318 = PCURVE('',#1059,#1319);
#1319 = DEFINITIONAL_REPRESENTATION('',(#1320),#1324);
#1320 = LINE('',#1321,#1322);
#1321 = CARTESIAN_POINT('',(5.847608963471,-1.));
#1322 = VECTOR('',#1323,1.);
#1323 = DIRECTION('',(0.,-1.));
#1324 = ( GEOMETRIC_REPRESENTATION_CONTEXT(2) 
PARAMETRIC_REPRESENTATION_CONTEXT() REPRESENTATION_CONTEXT('2D SPACE',''
  ) );
#1325 = PCURVE('',#1326,#1331);
#1326 = PLANE('',#1327);
#1327 = AXIS2_PLACEMENT_3D('',#1328,#1329,#1330);
#1328 = CARTESIAN_POINT('',(139.5470835242,383.8200683293,0.305432962323
    ));
#1329 = DIRECTION('',(0.,0.342020133783,0.939692624259));
#1330 = DIRECTION('',(0.,0.939692624259,-0.342020133783));
#1331 = DEFINITIONAL_REPRESENTATION('',(#1332),#1336);
#1332 = LINE('',#1333,#1334);
#1333 = CARTESIAN_POINT('',(27.327900322282,1.));
#1334 = VECTOR('',#1335,1.);
#1335 = DIRECTION('',(0.,-1.));
#1336 = ( GEOMETRIC_REPRESENTATION_CONTEXT(2) 
PARAMETRIC_REPRESENTATION_CONTEXT() REPRESENTATION_CONTEXT('2D SPACE',''
  ) );
#1337 = ORIENTED_EDGE('',*,*,#1338,.F.);
#1338 = EDGE_CURVE('',#1339,#1311,#1341,.T.);
#1339 = VERTEX_POINT('',#1340);
#1340 = CARTESIAN_POINT('',(139.5470835242,311.19511262558,
    -9.041259161926));
#1341 = SURFACE_CURVE('',#1342,(#1346,#1353),.PCURVE_S1.);
#1342 = LINE('',#1343,#1344);
#1343 = CARTESIAN_POINT('',(139.5470835242,387.8475036621,
    -9.041259161926));
#1344 = VECTOR('',#1345,1.);
#1345 = DIRECTION('',(0.,1.,1.224646799147E-16));
#1346 = PCURVE('',#1059,#1347);
#1347 = DEFINITIONAL_REPRESENTATION('',(#1348),#1352);
#1348 = LINE('',#1349,#1350);
#1349 = CARTESIAN_POINT('',(27.5,-2.));
#1350 = VECTOR('',#1351,1.);
#1351 = DIRECTION('',(-1.,0.));
#1352 = ( GEOMETRIC_REPRESENTATION_CONTEXT(2) 
PARAMETRIC_REPRESENTATION_CONTEXT() REPRESENTATION_CONTEXT('2D SPACE',''
  ) );
#1353 = PCURVE('',#1354,#1359);
#1354 = PLANE('',#1355);
#1355 = AXIS2_PLACEMENT_3D('',#1356,#1357,#1358);
#1356 = CARTESIAN_POINT('',(139.5470835242,360.3475036621,
    -132.9454644841));
#1357 = DIRECTION('',(-1.,0.,0.));
#1358 = DIRECTION('',(0.,1.,0.));
#1359 = DEFINITIONAL_REPRESENTATION('',(#1360),#1364);
#1360 = LINE('',#1361,#1362);
#1361 = CARTESIAN_POINT('',(27.5,-123.9042053222));
#1362 = VECTOR('',#1363,1.);
#1363 = DIRECTION('',(1.,-1.224646799147E-16));
#1364 = ( GEOMETRIC_REPRESENTATION_CONTEXT(2) 
PARAMETRIC_REPRESENTATION_CONTEXT() REPRESENTATION_CONTEXT('2D SPACE',''
  ) );
#1365 = ORIENTED_EDGE('',*,*,#1366,.F.);
#1366 = EDGE_CURVE('',#1367,#1339,#1369,.T.);
#1367 = VERTEX_POINT('',#1368);
#1368 = CARTESIAN_POINT('',(190.72690849003,311.19511262558,
    -9.041259161926));
#1369 = SURFACE_CURVE('',#1370,(#1374,#1381),.PCURVE_S1.);
#1370 = LINE('',#1371,#1372);
#1371 = CARTESIAN_POINT('',(138.5470835242,311.19511262558,
    -9.041259161926));
#1372 = VECTOR('',#1373,1.);
#1373 = DIRECTION('',(-1.,-0.,-0.));
#1374 = PCURVE('',#1059,#1375);
#1375 = DEFINITIONAL_REPRESENTATION('',(#1376),#1380);
#1376 = LINE('',#1377,#1378);
#1377 = CARTESIAN_POINT('',(104.15239103652,-1.));
#1378 = VECTOR('',#1379,1.);
#1379 = DIRECTION('',(0.,1.));
#1380 = ( GEOMETRIC_REPRESENTATION_CONTEXT(2) 
PARAMETRIC_REPRESENTATION_CONTEXT() REPRESENTATION_CONTEXT('2D SPACE',''
  ) );
#1381 = PCURVE('',#1382,#1387);
#1382 = PLANE('',#1383);
#1383 = AXIS2_PLACEMENT_3D('',#1384,#1385,#1386);
#1384 = CARTESIAN_POINT('',(139.5470835242,284.09475929645,
    -18.90498080017));
#1385 = DIRECTION('',(0.,-0.342020133783,0.939692624259));
#1386 = DIRECTION('',(0.,0.939692624259,0.342020133783));
#1387 = DEFINITIONAL_REPRESENTATION('',(#1388),#1392);
#1388 = LINE('',#1389,#1390);
#1389 = CARTESIAN_POINT('',(28.83959353251,1.));
#1390 = VECTOR('',#1391,1.);
#1391 = DIRECTION('',(0.,1.));
#1392 = ( GEOMETRIC_REPRESENTATION_CONTEXT(2) 
PARAMETRIC_REPRESENTATION_CONTEXT() REPRESENTATION_CONTEXT('2D SPACE',''
  ) );
#1393 = ORIENTED_EDGE('',*,*,#1394,.F.);
#1394 = EDGE_CURVE('',#1242,#1367,#1395,.T.);
#1395 = SURFACE_CURVE('',#1396,(#1401,#1408),.PCURVE_S1.);
#1396 = ELLIPSE('',#1397,29.607558966371,10.);
#1397 = AXIS2_PLACEMENT_3D('',#1398,#1399,#1400);
#1398 = CARTESIAN_POINT('',(186.34504981999,340.43315744293,
    -9.041259161926));
#1399 = DIRECTION('',(0.,1.224646799147E-16,-1.));
#1400 = DIRECTION('',(0.167329203706,-0.985901079007,-1.207380600682E-16
    ));
#1401 = PCURVE('',#1059,#1402);
#1402 = DEFINITIONAL_REPRESENTATION('',(#1403),#1407);
#1403 = ELLIPSE('',#1404,29.607558966371,10.);
#1404 = AXIS2_PLACEMENT_2D('',#1405,#1406);
#1405 = CARTESIAN_POINT('',(74.914346219172,-48.79796629579));
#1406 = DIRECTION('',(0.985901079007,-0.167329203706));
#1407 = ( GEOMETRIC_REPRESENTATION_CONTEXT(2) 
PARAMETRIC_REPRESENTATION_CONTEXT() REPRESENTATION_CONTEXT('2D SPACE',''
  ) );
#1408 = PCURVE('',#1409,#1414);
#1409 = CYLINDRICAL_SURFACE('',#1410,10.);
#1410 = AXIS2_PLACEMENT_3D('',#1411,#1412,#1413);
#1411 = CARTESIAN_POINT('',(186.53347551281,339.32295617651,
    -9.445339364183));
#1412 = DIRECTION('',(0.15749615113,-0.92796488538,-0.337751586051));
#1413 = DIRECTION('',(0.906307787037,-2.775557561563E-17,0.422618261741)
  );
#1414 = DEFINITIONAL_REPRESENTATION('',(#1415),#1425);
#1415 = B_SPLINE_CURVE_WITH_KNOTS('',8,(#1416,#1417,#1418,#1419,#1420,
    #1421,#1422,#1423,#1424),.UNSPECIFIED.,.F.,.F.,(9,9),(5.178039151507
    ,6.340446550525),.PIECEWISE_BEZIER_KNOTS.);
#1416 = CARTESIAN_POINT('',(3.589571572288E-15,11.316312263207));
#1417 = CARTESIAN_POINT('',(0.145300925627,14.93439286586));
#1418 = CARTESIAN_POINT('',(0.290601850254,18.250562068613));
#1419 = CARTESIAN_POINT('',(0.43590277488,21.148421277554));
#1420 = CARTESIAN_POINT('',(0.581203699511,23.525173009606));
#1421 = CARTESIAN_POINT('',(0.726504624134,25.299471376216));
#1422 = CARTESIAN_POINT('',(0.871805548763,26.417792174365));
#1423 = CARTESIAN_POINT('',(1.017106473391,26.857357454556));
#1424 = CARTESIAN_POINT('',(1.162407399018,26.625621941466));
#1425 = ( GEOMETRIC_REPRESENTATION_CONTEXT(2) 
PARAMETRIC_REPRESENTATION_CONTEXT() REPRESENTATION_CONTEXT('2D SPACE',''
  ) );
#1426 = ADVANCED_FACE('',(#1427),#1071,.T.);
#1427 = FACE_BOUND('',#1428,.T.);
#1428 = EDGE_LOOP('',(#1429,#1430,#1453,#1481));
#1429 = ORIENTED_EDGE('',*,*,#1048,.F.);
#1430 = ORIENTED_EDGE('',*,*,#1431,.F.);
#1431 = EDGE_CURVE('',#1432,#1049,#1434,.T.);
#1432 = VERTEX_POINT('',#1433);
#1433 = CARTESIAN_POINT('',(137.5470835242,389.56447898829,
    0.342994072193));
#1434 = SURFACE_CURVE('',#1435,(#1439,#1446),.PCURVE_S1.);
#1435 = LINE('',#1436,#1437);
#1436 = CARTESIAN_POINT('',(137.5470835242,383.87406424082,
    2.414135595465));
#1437 = VECTOR('',#1438,1.);
#1438 = DIRECTION('',(0.,0.939692624259,-0.342020133783));
#1439 = PCURVE('',#1071,#1440);
#1440 = DEFINITIONAL_REPRESENTATION('',(#1441),#1445);
#1441 = LINE('',#1442,#1443);
#1442 = CARTESIAN_POINT('',(-1.568001475428,0.));
#1443 = VECTOR('',#1444,1.);
#1444 = DIRECTION('',(1.,0.));
#1445 = ( GEOMETRIC_REPRESENTATION_CONTEXT(2) 
PARAMETRIC_REPRESENTATION_CONTEXT() REPRESENTATION_CONTEXT('2D SPACE',''
  ) );
#1446 = PCURVE('',#1227,#1447);
#1447 = DEFINITIONAL_REPRESENTATION('',(#1448),#1452);
#1448 = LINE('',#1449,#1450);
#1449 = CARTESIAN_POINT('',(23.526560578713,-135.3596000796));
#1450 = VECTOR('',#1451,1.);
#1451 = DIRECTION('',(0.939692624259,0.342020133783));
#1452 = ( GEOMETRIC_REPRESENTATION_CONTEXT(2) 
PARAMETRIC_REPRESENTATION_CONTEXT() REPRESENTATION_CONTEXT('2D SPACE',''
  ) );
#1453 = ORIENTED_EDGE('',*,*,#1454,.T.);
#1454 = EDGE_CURVE('',#1432,#1455,#1457,.T.);
#1455 = VERTEX_POINT('',#1456);
#1456 = CARTESIAN_POINT('',(188.35095934089,389.56447898829,
    0.342994072193));
#1457 = SURFACE_CURVE('',#1458,(#1462,#1469),.PCURVE_S1.);
#1458 = LINE('',#1459,#1460);
#1459 = CARTESIAN_POINT('',(137.5470835242,389.56447898829,
    0.342994072194));
#1460 = VECTOR('',#1461,1.);
#1461 = DIRECTION('',(1.,-0.,-0.));
#1462 = PCURVE('',#1071,#1463);
#1463 = DEFINITIONAL_REPRESENTATION('',(#1464),#1468);
#1464 = LINE('',#1465,#1466);
#1465 = CARTESIAN_POINT('',(4.487611392622,0.));
#1466 = VECTOR('',#1467,1.);
#1467 = DIRECTION('',(0.,-1.));
#1468 = ( GEOMETRIC_REPRESENTATION_CONTEXT(2) 
PARAMETRIC_REPRESENTATION_CONTEXT() REPRESENTATION_CONTEXT('2D SPACE',''
  ) );
#1469 = PCURVE('',#1470,#1475);
#1470 = CYLINDRICAL_SURFACE('',#1471,10.);
#1471 = AXIS2_PLACEMENT_3D('',#1472,#1473,#1474);
#1472 = CARTESIAN_POINT('',(137.5470835242,392.98468032613,
    9.739920314783));
#1473 = DIRECTION('',(1.,-0.,-0.));
#1474 = DIRECTION('',(-0.,-0.342020133783,-0.939692624259));
#1475 = DEFINITIONAL_REPRESENTATION('',(#1476),#1480);
#1476 = LINE('',#1477,#1478);
#1477 = CARTESIAN_POINT('',(-0.,0.));
#1478 = VECTOR('',#1479,1.);
#1479 = DIRECTION('',(-0.,1.));
#1480 = ( GEOMETRIC_REPRESENTATION_CONTEXT(2) 
PARAMETRIC_REPRESENTATION_CONTEXT() REPRESENTATION_CONTEXT('2D SPACE',''
  ) );
#1481 = ORIENTED_EDGE('',*,*,#1482,.T.);
#1482 = EDGE_CURVE('',#1455,#1051,#1483,.T.);
#1483 = SURFACE_CURVE('',#1484,(#1488,#1495),.PCURVE_S1.);
#1484 = LINE('',#1485,#1486);
#1485 = CARTESIAN_POINT('',(187.80024656228,386.31968781834,
    1.52400143715));
#1486 = VECTOR('',#1487,1.);
#1487 = DIRECTION('',(0.15749615113,0.92796488538,-0.337751586051));
#1488 = PCURVE('',#1071,#1489);
#1489 = DEFINITIONAL_REPRESENTATION('',(#1490),#1494);
#1490 = LINE('',#1491,#1492);
#1491 = CARTESIAN_POINT('',(1.034576765998,-50.25316303807));
#1492 = VECTOR('',#1493,1.);
#1493 = DIRECTION('',(0.98751960101,-0.15749615113));
#1494 = ( GEOMETRIC_REPRESENTATION_CONTEXT(2) 
PARAMETRIC_REPRESENTATION_CONTEXT() REPRESENTATION_CONTEXT('2D SPACE',''
  ) );
#1495 = PCURVE('',#1100,#1496);
#1496 = DEFINITIONAL_REPRESENTATION('',(#1497),#1501);
#1497 = LINE('',#1498,#1499);
#1498 = CARTESIAN_POINT('',(0.,0.));
#1499 = VECTOR('',#1500,1.);
#1500 = DIRECTION('',(0.,1.));
#1501 = ( GEOMETRIC_REPRESENTATION_CONTEXT(2) 
PARAMETRIC_REPRESENTATION_CONTEXT() REPRESENTATION_CONTEXT('2D SPACE',''
  ) );
#1502 = ADVANCED_FACE('',(#1503),#1100,.T.);
#1503 = FACE_BOUND('',#1504,.T.);
#1504 = EDGE_LOOP('',(#1505,#1556,#1577,#1578));
#1505 = ORIENTED_EDGE('',*,*,#1506,.F.);
#1506 = EDGE_CURVE('',#1507,#1455,#1509,.T.);
#1507 = VERTEX_POINT('',#1508);
#1508 = CARTESIAN_POINT('',(197.41403721126,386.14427765046,
    -4.82774955299));
#1509 = SURFACE_CURVE('',#1510,(#1514,#1524),.PCURVE_S1.);
#1510 = ( BOUNDED_CURVE() B_SPLINE_CURVE(2,(#1511,#1512,#1513),
.UNSPECIFIED.,.F.,.F.) B_SPLINE_CURVE_WITH_KNOTS((3,3),(0.,
0.843377285263),.PIECEWISE_BEZIER_KNOTS.) CURVE() 
GEOMETRIC_REPRESENTATION_ITEM() RATIONAL_B_SPLINE_CURVE((1.,
0.835802387959,1.)) REPRESENTATION_ITEM('') );
#1511 = CARTESIAN_POINT('',(197.41403721126,386.14427765046,
    -4.827749552989));
#1512 = CARTESIAN_POINT('',(194.83787872174,388.59229483205,
    0.696840156109));
#1513 = CARTESIAN_POINT('',(188.35095934089,389.56447898829,
    0.342994072194));
#1514 = PCURVE('',#1100,#1515);
#1515 = DEFINITIONAL_REPRESENTATION('',(#1516),#1523);
#1516 = B_SPLINE_CURVE_WITH_KNOTS('',5,(#1517,#1518,#1519,#1520,#1521,
    #1522),.UNSPECIFIED.,.F.,.F.,(6,6),(0.,0.843377285263),
  .PIECEWISE_BEZIER_KNOTS.);
#1517 = CARTESIAN_POINT('',(1.162407399018,3.496674519768));
#1518 = CARTESIAN_POINT('',(0.942795243332,3.496674519768));
#1519 = CARTESIAN_POINT('',(0.705213933851,3.496674519768));
#1520 = CARTESIAN_POINT('',(0.457193464936,3.496674519768));
#1521 = CARTESIAN_POINT('',(0.219612155686,3.496674519768));
#1522 = CARTESIAN_POINT('',(2.177386680553E-17,3.496674519768));
#1523 = ( GEOMETRIC_REPRESENTATION_CONTEXT(2) 
PARAMETRIC_REPRESENTATION_CONTEXT() REPRESENTATION_CONTEXT('2D SPACE',''
  ) );
#1524 = PCURVE('',#1525,#1550);
#1525 = ( BOUNDED_SURFACE() B_SPLINE_SURFACE(2,7,(
    (#1526,#1527,#1528,#1529,#1530,#1531,#1532,#1533)
    ,(#1534,#1535,#1536,#1537,#1538,#1539,#1540,#1541)
    ,(#1542,#1543,#1544,#1545,#1546,#1547,#1548,#1549
)),.UNSPECIFIED.,.F.,.F.,.F.) B_SPLINE_SURFACE_WITH_KNOTS((3,3),(8,8),(
    0.,0.843377285263),(0.,0.843377285263),.PIECEWISE_BEZIER_KNOTS.) 
GEOMETRIC_REPRESENTATION_ITEM() RATIONAL_B_SPLINE_SURFACE((
    (1.,1.,1.,1.,1.,1.,1.,1.)
    ,(0.835802387959,0.829773659769,0.821332931585,0.810934536687
      ,0.799267581308,0.786839826863,0.773825820702,0.760264930254)
,(1.,1.,1.,1.,1.,1.,1.,1.))) REPRESENTATION_ITEM('') SURFACE() );
#1526 = CARTESIAN_POINT('',(197.41403721126,386.14427765046,
    -4.827749552989));
#1527 = CARTESIAN_POINT('',(197.01198156642,383.77537201242,
    -3.9655384402));
#1528 = CARTESIAN_POINT('',(196.44965838086,381.55869935766,
    -2.759632477213));
#1529 = CARTESIAN_POINT('',(195.74795758371,379.56727478148,
    -1.25483026159));
#1530 = CARTESIAN_POINT('',(194.93937639131,377.84373471053,
    0.479177701306));
#1531 = CARTESIAN_POINT('',(194.04784472912,376.40030343842,
    2.391073520726));
#1532 = CARTESIAN_POINT('',(193.09317496425,375.24915653164,
    4.438369438299));
#1533 = CARTESIAN_POINT('',(192.0929809755,374.3972085188,6.583292369017
    ));
#1534 = CARTESIAN_POINT('',(194.83787872174,388.59229483205,
    0.696840156109));
#1535 = CARTESIAN_POINT('',(194.49636247384,387.00494495339,
    1.429224113194));
#1536 = CARTESIAN_POINT('',(194.01712174936,385.59001435777,
    2.456959163441));
#1537 = CARTESIAN_POINT('',(193.43364672197,384.436069856,3.708225397619
    ));
#1538 = CARTESIAN_POINT('',(192.80069374894,383.57329370746,
    5.065597428646));
#1539 = CARTESIAN_POINT('',(192.14979112517,382.96738358167,
    6.461462609892));
#1540 = CARTESIAN_POINT('',(191.50117247773,382.59731798934,
    7.852429788104));
#1541 = CARTESIAN_POINT('',(190.86989837169,382.43673400181,
    9.20620147724));
#1542 = CARTESIAN_POINT('',(188.35095934089,389.56447898829,
    0.342994072194));
#1543 = CARTESIAN_POINT('',(187.90618104467,388.25416556884,
    0.819909139366));
#1544 = CARTESIAN_POINT('',(187.28342809649,387.07126807962,
    1.491715878717));
#1545 = CARTESIAN_POINT('',(186.52625763201,386.07003894307,
    2.306594621465));
#1546 = CARTESIAN_POINT('',(185.69803089155,385.25502792495,
    3.191154294033));
#1547 = CARTESIAN_POINT('',(184.83118397225,384.59586618249,
    4.118241190896));
#1548 = CARTESIAN_POINT('',(183.93995768731,384.07852883188,
    5.072705858439));
#1549 = CARTESIAN_POINT('',(183.02990310513,383.69094442246,
    6.048515033197));
#1550 = DEFINITIONAL_REPRESENTATION('',(#1551),#1555);
#1551 = LINE('',#1552,#1553);
#1552 = CARTESIAN_POINT('',(0.,0.));
#1553 = VECTOR('',#1554,1.);
#1554 = DIRECTION('',(1.,0.));
#1555 = ( GEOMETRIC_REPRESENTATION_CONTEXT(2) 
PARAMETRIC_REPRESENTATION_CONTEXT() REPRESENTATION_CONTEXT('2D SPACE',''
  ) );
#1556 = ORIENTED_EDGE('',*,*,#1557,.T.);
#1557 = EDGE_CURVE('',#1507,#1084,#1558,.T.);
#1558 = SURFACE_CURVE('',#1559,(#1563,#1570),.PCURVE_S1.);
#1559 = LINE('',#1560,#1561);
#1560 = CARTESIAN_POINT('',(196.86332443264,382.89948648051,
    -3.646742188032));
#1561 = VECTOR('',#1562,1.);
#1562 = DIRECTION('',(0.15749615113,0.92796488538,-0.337751586051));
#1563 = PCURVE('',#1100,#1564);
#1564 = DEFINITIONAL_REPRESENTATION('',(#1565),#1569);
#1565 = LINE('',#1566,#1567);
#1566 = CARTESIAN_POINT('',(1.162407399018,0.));
#1567 = VECTOR('',#1568,1.);
#1568 = DIRECTION('',(0.,1.));
#1569 = ( GEOMETRIC_REPRESENTATION_CONTEXT(2) 
PARAMETRIC_REPRESENTATION_CONTEXT() REPRESENTATION_CONTEXT('2D SPACE',''
  ) );
#1570 = PCURVE('',#1134,#1571);
#1571 = DEFINITIONAL_REPRESENTATION('',(#1572),#1576);
#1572 = LINE('',#1573,#1574);
#1573 = CARTESIAN_POINT('',(22.551982818403,-126.1248880976));
#1574 = VECTOR('',#1575,1.);
#1575 = DIRECTION('',(0.92796488538,0.372667642144));
#1576 = ( GEOMETRIC_REPRESENTATION_CONTEXT(2) 
PARAMETRIC_REPRESENTATION_CONTEXT() REPRESENTATION_CONTEXT('2D SPACE',''
  ) );
#1577 = ORIENTED_EDGE('',*,*,#1083,.F.);
#1578 = ORIENTED_EDGE('',*,*,#1482,.F.);
#1579 = ADVANCED_FACE('',(#1580),#1227,.T.);
#1580 = FACE_BOUND('',#1581,.T.);
#1581 = EDGE_LOOP('',(#1582,#1612,#1634,#1635,#1636,#1659,#1692,#1720));
#1582 = ORIENTED_EDGE('',*,*,#1583,.T.);
#1583 = EDGE_CURVE('',#1584,#1586,#1588,.T.);
#1584 = VERTEX_POINT('',#1585);
#1585 = CARTESIAN_POINT('',(137.5470835242,375.3475036621,
    27.054535515808));
#1586 = VERTEX_POINT('',#1587);
#1587 = CARTESIAN_POINT('',(137.5470835242,383.69094442246,
    6.048515033196));
#1588 = SURFACE_CURVE('',#1589,(#1593,#1600),.PCURVE_S1.);
#1589 = LINE('',#1590,#1591);
#1590 = CARTESIAN_POINT('',(137.5470835242,379.71929371422,
    16.047816103748));
#1591 = VECTOR('',#1592,1.);
#1592 = DIRECTION('',(0.,0.369140528159,-0.929373590367));
#1593 = PCURVE('',#1227,#1594);
#1594 = DEFINITIONAL_REPRESENTATION('',(#1595),#1599);
#1595 = LINE('',#1596,#1597);
#1596 = CARTESIAN_POINT('',(19.371790052115,-148.9932805879));
#1597 = VECTOR('',#1598,1.);
#1598 = DIRECTION('',(0.369140528159,0.929373590367));
#1599 = ( GEOMETRIC_REPRESENTATION_CONTEXT(2) 
PARAMETRIC_REPRESENTATION_CONTEXT() REPRESENTATION_CONTEXT('2D SPACE',''
  ) );
#1600 = PCURVE('',#1601,#1606);
#1601 = PLANE('',#1602);
#1602 = AXIS2_PLACEMENT_3D('',#1603,#1604,#1605);
#1603 = CARTESIAN_POINT('',(137.5470835242,375.3475036621,
    27.054535515808));
#1604 = DIRECTION('',(0.,0.929373590367,0.369140528159));
#1605 = DIRECTION('',(0.,0.369140528159,-0.929373590367));
#1606 = DEFINITIONAL_REPRESENTATION('',(#1607),#1611);
#1607 = LINE('',#1608,#1609);
#1608 = CARTESIAN_POINT('',(11.84315922698,0.));
#1609 = VECTOR('',#1610,1.);
#1610 = DIRECTION('',(1.,0.));
#1611 = ( GEOMETRIC_REPRESENTATION_CONTEXT(2) 
PARAMETRIC_REPRESENTATION_CONTEXT() REPRESENTATION_CONTEXT('2D SPACE',''
  ) );
#1612 = ORIENTED_EDGE('',*,*,#1613,.F.);
#1613 = EDGE_CURVE('',#1432,#1586,#1614,.T.);
#1614 = SURFACE_CURVE('',#1615,(#1620,#1627),.PCURVE_S1.);
#1615 = CIRCLE('',#1616,10.);
#1616 = AXIS2_PLACEMENT_3D('',#1617,#1618,#1619);
#1617 = CARTESIAN_POINT('',(137.5470835242,392.98468032613,
    9.739920314783));
#1618 = DIRECTION('',(-1.,0.,0.));
#1619 = DIRECTION('',(0.,0.,1.));
#1620 = PCURVE('',#1227,#1621);
#1621 = DEFINITIONAL_REPRESENTATION('',(#1622),#1626);
#1622 = CIRCLE('',#1623,10.);
#1623 = AXIS2_PLACEMENT_2D('',#1624,#1625);
#1624 = CARTESIAN_POINT('',(32.637176664022,-142.6853847989));
#1625 = DIRECTION('',(0.,-1.));
#1626 = ( GEOMETRIC_REPRESENTATION_CONTEXT(2) 
PARAMETRIC_REPRESENTATION_CONTEXT() REPRESENTATION_CONTEXT('2D SPACE',''
  ) );
#1627 = PCURVE('',#1470,#1628);
#1628 = DEFINITIONAL_REPRESENTATION('',(#1629),#1633);
#1629 = LINE('',#1630,#1631);
#1630 = CARTESIAN_POINT('',(3.490658493834,-0.));
#1631 = VECTOR('',#1632,1.);
#1632 = DIRECTION('',(-1.,0.));
#1633 = ( GEOMETRIC_REPRESENTATION_CONTEXT(2) 
PARAMETRIC_REPRESENTATION_CONTEXT() REPRESENTATION_CONTEXT('2D SPACE',''
  ) );
#1634 = ORIENTED_EDGE('',*,*,#1431,.T.);
#1635 = ORIENTED_EDGE('',*,*,#1213,.T.);
#1636 = ORIENTED_EDGE('',*,*,#1637,.T.);
#1637 = EDGE_CURVE('',#1186,#1638,#1640,.T.);
#1638 = VERTEX_POINT('',#1639);
#1639 = CARTESIAN_POINT('',(137.5470835242,331.13052833592,
    0.342994072193));
#1640 = SURFACE_CURVE('',#1641,(#1645,#1652),.PCURVE_S1.);
#1641 = LINE('',#1642,#1643);
#1642 = CARTESIAN_POINT('',(137.5470835242,298.58159810738,
    -11.50384731389));
#1643 = VECTOR('',#1644,1.);
#1644 = DIRECTION('',(0.,0.939692624259,0.342020133783));
#1645 = PCURVE('',#1227,#1646);
#1646 = DEFINITIONAL_REPRESENTATION('',(#1647),#1651);
#1647 = LINE('',#1648,#1649);
#1648 = CARTESIAN_POINT('',(-61.76590555472,-121.4416171702));
#1649 = VECTOR('',#1650,1.);
#1650 = DIRECTION('',(0.939692624259,-0.342020133783));
#1651 = ( GEOMETRIC_REPRESENTATION_CONTEXT(2) 
PARAMETRIC_REPRESENTATION_CONTEXT() REPRESENTATION_CONTEXT('2D SPACE',''
  ) );
#1652 = PCURVE('',#1201,#1653);
#1653 = DEFINITIONAL_REPRESENTATION('',(#1654),#1658);
#1654 = LINE('',#1655,#1656);
#1655 = CARTESIAN_POINT('',(-7.200126275395,-0.));
#1656 = VECTOR('',#1657,1.);
#1657 = DIRECTION('',(1.,0.));
#1658 = ( GEOMETRIC_REPRESENTATION_CONTEXT(2) 
PARAMETRIC_REPRESENTATION_CONTEXT() REPRESENTATION_CONTEXT('2D SPACE',''
  ) );
#1659 = ORIENTED_EDGE('',*,*,#1660,.T.);
#1660 = EDGE_CURVE('',#1638,#1661,#1663,.T.);
#1661 = VERTEX_POINT('',#1662);
#1662 = CARTESIAN_POINT('',(137.5470835242,337.00406290175,
    6.048515033196));
#1663 = SURFACE_CURVE('',#1664,(#1669,#1680),.PCURVE_S1.);
#1664 = CIRCLE('',#1665,10.);
#1665 = AXIS2_PLACEMENT_3D('',#1666,#1667,#1668);
#1666 = CARTESIAN_POINT('',(137.5470835242,327.71032699808,
    9.739920314783));
#1667 = DIRECTION('',(1.,0.,-0.));
#1668 = DIRECTION('',(0.,0.,1.));
#1669 = PCURVE('',#1227,#1670);
#1670 = DEFINITIONAL_REPRESENTATION('',(#1671),#1679);
#1671 = ( BOUNDED_CURVE() B_SPLINE_CURVE(2,(#1672,#1673,#1674,#1675,
#1676,#1677,#1678),.UNSPECIFIED.,.T.,.F.) B_SPLINE_CURVE_WITH_KNOTS((1,2
    ,2,2,2,1),(-2.094395102393,0.,2.094395102393,4.188790204786,
6.28318530718,8.377580409573),.UNSPECIFIED.) CURVE() 
GEOMETRIC_REPRESENTATION_ITEM() RATIONAL_B_SPLINE_CURVE((1.,0.5,1.,0.5,
1.,0.5,1.)) REPRESENTATION_ITEM('') );
#1672 = CARTESIAN_POINT('',(-32.63717666402,-152.6853847989));
#1673 = CARTESIAN_POINT('',(-49.95768473971,-152.6853847989));
#1674 = CARTESIAN_POINT('',(-41.29743070186,-137.6853847989));
#1675 = CARTESIAN_POINT('',(-32.63717666402,-122.6853847989));
#1676 = CARTESIAN_POINT('',(-23.97692262617,-137.6853847989));
#1677 = CARTESIAN_POINT('',(-15.31666858833,-152.6853847989));
#1678 = CARTESIAN_POINT('',(-32.63717666402,-152.6853847989));
#1679 = ( GEOMETRIC_REPRESENTATION_CONTEXT(2) 
PARAMETRIC_REPRESENTATION_CONTEXT() REPRESENTATION_CONTEXT('2D SPACE',''
  ) );
#1680 = PCURVE('',#1681,#1686);
#1681 = CYLINDRICAL_SURFACE('',#1682,10.);
#1682 = AXIS2_PLACEMENT_3D('',#1683,#1684,#1685);
#1683 = CARTESIAN_POINT('',(137.5470835242,327.71032699808,
    9.739920314783));
#1684 = DIRECTION('',(1.,-0.,-0.));
#1685 = DIRECTION('',(0.,0.342020133783,-0.939692624259));
#1686 = DEFINITIONAL_REPRESENTATION('',(#1687),#1691);
#1687 = LINE('',#1688,#1689);
#1688 = CARTESIAN_POINT('',(-3.490658493834,0.));
#1689 = VECTOR('',#1690,1.);
#1690 = DIRECTION('',(1.,0.));
#1691 = ( GEOMETRIC_REPRESENTATION_CONTEXT(2) 
PARAMETRIC_REPRESENTATION_CONTEXT() REPRESENTATION_CONTEXT('2D SPACE',''
  ) );
#1692 = ORIENTED_EDGE('',*,*,#1693,.T.);
#1693 = EDGE_CURVE('',#1661,#1694,#1696,.T.);
#1694 = VERTEX_POINT('',#1695);
#1695 = CARTESIAN_POINT('',(137.5470835242,345.3475036621,
    27.054535515808));
#1696 = SURFACE_CURVE('',#1697,(#1701,#1708),.PCURVE_S1.);
#1697 = LINE('',#1698,#1699);
#1698 = CARTESIAN_POINT('',(137.5470835242,326.53732394981,
    -20.30326705834));
#1699 = VECTOR('',#1700,1.);
#1700 = DIRECTION('',(0.,0.369140528159,0.929373590367));
#1701 = PCURVE('',#1227,#1702);
#1702 = DEFINITIONAL_REPRESENTATION('',(#1703),#1707);
#1703 = LINE('',#1704,#1705);
#1704 = CARTESIAN_POINT('',(-33.81017971229,-112.6421974258));
#1705 = VECTOR('',#1706,1.);
#1706 = DIRECTION('',(0.369140528159,-0.929373590367));
#1707 = ( GEOMETRIC_REPRESENTATION_CONTEXT(2) 
PARAMETRIC_REPRESENTATION_CONTEXT() REPRESENTATION_CONTEXT('2D SPACE',''
  ) );
#1708 = PCURVE('',#1709,#1714);
#1709 = PLANE('',#1710);
#1710 = AXIS2_PLACEMENT_3D('',#1711,#1712,#1713);
#1711 = CARTESIAN_POINT('',(137.5470835242,335.3475036621,1.877847521066
    ));
#1712 = DIRECTION('',(0.,-0.929373590367,0.369140528159));
#1713 = DIRECTION('',(0.,0.369140528159,0.929373590367));
#1714 = DEFINITIONAL_REPRESENTATION('',(#1715),#1719);
#1715 = LINE('',#1716,#1717);
#1716 = CARTESIAN_POINT('',(-23.86673648716,-0.));
#1717 = VECTOR('',#1718,1.);
#1718 = DIRECTION('',(1.,0.));
#1719 = ( GEOMETRIC_REPRESENTATION_CONTEXT(2) 
PARAMETRIC_REPRESENTATION_CONTEXT() REPRESENTATION_CONTEXT('2D SPACE',''
  ) );
#1720 = ORIENTED_EDGE('',*,*,#1721,.T.);
#1721 = EDGE_CURVE('',#1694,#1584,#1722,.T.);
#1722 = SURFACE_CURVE('',#1723,(#1727,#1734),.PCURVE_S1.);
#1723 = LINE('',#1724,#1725);
#1724 = CARTESIAN_POINT('',(137.5470835242,333.93928571858,
    27.054535515808));
#1725 = VECTOR('',#1726,1.);
#1726 = DIRECTION('',(0.,1.,0.));
#1727 = PCURVE('',#1227,#1728);
#1728 = DEFINITIONAL_REPRESENTATION('',(#1729),#1733);
#1729 = LINE('',#1730,#1731);
#1730 = CARTESIAN_POINT('',(-26.40821794352,-160.));
#1731 = VECTOR('',#1732,1.);
#1732 = DIRECTION('',(1.,0.));
#1733 = ( GEOMETRIC_REPRESENTATION_CONTEXT(2) 
PARAMETRIC_REPRESENTATION_CONTEXT() REPRESENTATION_CONTEXT('2D SPACE',''
  ) );
#1734 = PCURVE('',#1735,#1740);
#1735 = PLANE('',#1736);
#1736 = AXIS2_PLACEMENT_3D('',#1737,#1738,#1739);
#1737 = CARTESIAN_POINT('',(137.5470835242,345.3475036621,
    27.054535515808));
#1738 = DIRECTION('',(0.,-0.,1.));
#1739 = DIRECTION('',(0.,1.,0.));
#1740 = DEFINITIONAL_REPRESENTATION('',(#1741),#1745);
#1741 = LINE('',#1742,#1743);
#1742 = CARTESIAN_POINT('',(-11.40821794352,0.));
#1743 = VECTOR('',#1744,1.);
#1744 = DIRECTION('',(1.,0.));
#1745 = ( GEOMETRIC_REPRESENTATION_CONTEXT(2) 
PARAMETRIC_REPRESENTATION_CONTEXT() REPRESENTATION_CONTEXT('2D SPACE',''
  ) );
#1746 = ADVANCED_FACE('',(#1747),#1134,.F.);
#1747 = FACE_BOUND('',#1748,.F.);
#1748 = EDGE_LOOP('',(#1749,#1750,#1773,#1831,#1859,#1882,#1910,#1941));
#1749 = ORIENTED_EDGE('',*,*,#1118,.T.);
#1750 = ORIENTED_EDGE('',*,*,#1751,.T.);
#1751 = EDGE_CURVE('',#1119,#1752,#1754,.T.);
#1752 = VERTEX_POINT('',#1753);
#1753 = CARTESIAN_POINT('',(197.41403721126,334.55072967375,
    -4.82774955299));
#1754 = SURFACE_CURVE('',#1755,(#1759,#1766),.PCURVE_S1.);
#1755 = LINE('',#1756,#1757);
#1756 = CARTESIAN_POINT('',(201.95498749913,307.7955208437,
    -14.56584887102));
#1757 = VECTOR('',#1758,1.);
#1758 = DIRECTION('',(-0.15749615113,0.92796488538,0.337751586051));
#1759 = PCURVE('',#1134,#1760);
#1760 = DEFINITIONAL_REPRESENTATION('',(#1761),#1765);
#1761 = LINE('',#1762,#1763);
#1762 = CARTESIAN_POINT('',(-52.5519828184,-114.0769868888));
#1763 = VECTOR('',#1764,1.);
#1764 = DIRECTION('',(0.92796488538,-0.372667642144));
#1765 = ( GEOMETRIC_REPRESENTATION_CONTEXT(2) 
PARAMETRIC_REPRESENTATION_CONTEXT() REPRESENTATION_CONTEXT('2D SPACE',''
  ) );
#1766 = PCURVE('',#1167,#1767);
#1767 = DEFINITIONAL_REPRESENTATION('',(#1768),#1772);
#1768 = LINE('',#1769,#1770);
#1769 = CARTESIAN_POINT('',(1.162407399018,0.));
#1770 = VECTOR('',#1771,1.);
#1771 = DIRECTION('',(0.,1.));
#1772 = ( GEOMETRIC_REPRESENTATION_CONTEXT(2) 
PARAMETRIC_REPRESENTATION_CONTEXT() REPRESENTATION_CONTEXT('2D SPACE',''
  ) );
#1773 = ORIENTED_EDGE('',*,*,#1774,.F.);
#1774 = EDGE_CURVE('',#1775,#1752,#1777,.T.);
#1775 = VERTEX_POINT('',#1776);
#1776 = CARTESIAN_POINT('',(192.0929809755,346.29779880541,
    6.583292369017));
#1777 = SURFACE_CURVE('',#1778,(#1787,#1799),.PCURVE_S1.);
#1778 = ( BOUNDED_CURVE() B_SPLINE_CURVE(7,(#1779,#1780,#1781,#1782,
    #1783,#1784,#1785,#1786),.UNSPECIFIED.,.F.,.F.) 
B_SPLINE_CURVE_WITH_KNOTS((8,8),(-1.227835827251E-15,0.843377285263),
.PIECEWISE_BEZIER_KNOTS.) CURVE() GEOMETRIC_REPRESENTATION_ITEM() 
RATIONAL_B_SPLINE_CURVE((1.,1.,1.,1.,1.,1.,1.,1.)) REPRESENTATION_ITEM(
  '') );
#1779 = CARTESIAN_POINT('',(192.0929809755,346.29779880541,
    6.583292369017));
#1780 = CARTESIAN_POINT('',(193.09317496425,345.44585079257,
    4.438369438299));
#1781 = CARTESIAN_POINT('',(194.04784472912,344.29470388579,
    2.391073520726));
#1782 = CARTESIAN_POINT('',(194.93937639131,342.85127261368,
    0.479177701306));
#1783 = CARTESIAN_POINT('',(195.74795758371,341.12773254273,
    -1.25483026159));
#1784 = CARTESIAN_POINT('',(196.44965838086,339.13630796655,
    -2.759632477213));
#1785 = CARTESIAN_POINT('',(197.01198156642,336.91963531179,
    -3.9655384402));
#1786 = CARTESIAN_POINT('',(197.41403721126,334.55072967375,
    -4.827749552989));
#1787 = PCURVE('',#1134,#1788);
#1788 = DEFINITIONAL_REPRESENTATION('',(#1789),#1798);
#1789 = ( BOUNDED_CURVE() B_SPLINE_CURVE(7,(#1790,#1791,#1792,#1793,
    #1794,#1795,#1796,#1797),.UNSPECIFIED.,.F.,.F.) 
B_SPLINE_CURVE_WITH_KNOTS((8,8),(-1.227835827251E-15,0.843377285263),
.PIECEWISE_BEZIER_KNOTS.) CURVE() GEOMETRIC_REPRESENTATION_ITEM() 
RATIONAL_B_SPLINE_CURVE((1.,1.,1.,1.,1.,1.,1.,1.)) REPRESENTATION_ITEM(
  '') );
#1790 = CARTESIAN_POINT('',(-14.04970485669,-137.4124823381));
#1791 = CARTESIAN_POINT('',(-14.90165286953,-135.0458217384));
#1792 = CARTESIAN_POINT('',(-16.05279977631,-132.7868806294));
#1793 = CARTESIAN_POINT('',(-17.49623104842,-130.6773369989));
#1794 = CARTESIAN_POINT('',(-19.21977111937,-128.7640709013));
#1795 = CARTESIAN_POINT('',(-21.21119569555,-127.1037053642));
#1796 = CARTESIAN_POINT('',(-23.42786835031,-125.7731353523));
#1797 = CARTESIAN_POINT('',(-25.79677398835,-124.821790649));
#1798 = ( GEOMETRIC_REPRESENTATION_CONTEXT(2) 
PARAMETRIC_REPRESENTATION_CONTEXT() REPRESENTATION_CONTEXT('2D SPACE',''
  ) );
#1799 = PCURVE('',#1800,#1825);
#1800 = ( BOUNDED_SURFACE() B_SPLINE_SURFACE(2,7,(
    (#1801,#1802,#1803,#1804,#1805,#1806,#1807,#1808)
    ,(#1809,#1810,#1811,#1812,#1813,#1814,#1815,#1816)
    ,(#1817,#1818,#1819,#1820,#1821,#1822,#1823,#1824
)),.UNSPECIFIED.,.F.,.F.,.F.) B_SPLINE_SURFACE_WITH_KNOTS((3,3),(8,8),(
    0.,0.843377285263),(-1.227835827251E-15,0.843377285263),
.PIECEWISE_BEZIER_KNOTS.) GEOMETRIC_REPRESENTATION_ITEM() 
RATIONAL_B_SPLINE_SURFACE((
    (1.,1.,1.,1.,1.,1.,1.,1.)
    ,(0.760264930254,0.773825820702,0.786839826862,0.799267581308
      ,0.810934536687,0.821332931585,0.829773659769,0.835802387959)
,(1.,1.,1.,1.,1.,1.,1.,1.))) REPRESENTATION_ITEM('') SURFACE() );
#1801 = CARTESIAN_POINT('',(192.0929809755,346.29779880541,
    6.583292369017));
#1802 = CARTESIAN_POINT('',(193.09317496425,345.44585079257,
    4.438369438299));
#1803 = CARTESIAN_POINT('',(194.04784472912,344.29470388579,
    2.391073520726));
#1804 = CARTESIAN_POINT('',(194.93937639131,342.85127261368,
    0.479177701306));
#1805 = CARTESIAN_POINT('',(195.74795758371,341.12773254273,
    -1.25483026159));
#1806 = CARTESIAN_POINT('',(196.44965838086,339.13630796655,
    -2.759632477213));
#1807 = CARTESIAN_POINT('',(197.01198156642,336.91963531179,
    -3.9655384402));
#1808 = CARTESIAN_POINT('',(197.41403721126,334.55072967375,
    -4.827749552989));
#1809 = CARTESIAN_POINT('',(190.86989837169,338.2582733224,9.20620147724
    ));
#1810 = CARTESIAN_POINT('',(191.50117247773,338.09768933487,
    7.852429788104));
#1811 = CARTESIAN_POINT('',(192.14979112517,337.72762374254,
    6.461462609892));
#1812 = CARTESIAN_POINT('',(192.80069374894,337.12171361675,
    5.065597428646));
#1813 = CARTESIAN_POINT('',(193.43364672197,336.25893746821,
    3.708225397619));
#1814 = CARTESIAN_POINT('',(194.01712174936,335.10499296644,
    2.456959163442));
#1815 = CARTESIAN_POINT('',(194.49636247384,333.69006237082,
    1.429224113194));
#1816 = CARTESIAN_POINT('',(194.83787872174,332.10271249216,
    0.696840156109));
#1817 = CARTESIAN_POINT('',(183.02990310513,337.00406290175,
    6.048515033197));
#1818 = CARTESIAN_POINT('',(183.93995768731,336.61647849233,
    5.072705858439));
#1819 = CARTESIAN_POINT('',(184.83118397225,336.09914114172,
    4.118241190896));
#1820 = CARTESIAN_POINT('',(185.69803089155,335.43997939926,
    3.191154294033));
#1821 = CARTESIAN_POINT('',(186.52625763201,334.62496838114,
    2.306594621465));
#1822 = CARTESIAN_POINT('',(187.28342809649,333.62373924459,
    1.491715878717));
#1823 = CARTESIAN_POINT('',(187.90618104467,332.44084175537,
    0.819909139366));
#1824 = CARTESIAN_POINT('',(188.35095934089,331.13052833592,
    0.342994072194));
#1825 = DEFINITIONAL_REPRESENTATION('',(#1826),#1830);
#1826 = LINE('',#1827,#1828);
#1827 = CARTESIAN_POINT('',(0.,0.));
#1828 = VECTOR('',#1829,1.);
#1829 = DIRECTION('',(0.,1.));
#1830 = ( GEOMETRIC_REPRESENTATION_CONTEXT(2) 
PARAMETRIC_REPRESENTATION_CONTEXT() REPRESENTATION_CONTEXT('2D SPACE',''
  ) );
#1831 = ORIENTED_EDGE('',*,*,#1832,.T.);
#1832 = EDGE_CURVE('',#1775,#1833,#1835,.T.);
#1833 = VERTEX_POINT('',#1834);
#1834 = CARTESIAN_POINT('',(182.5470835242,354.42882984137,
    27.054535515808));
#1835 = SURFACE_CURVE('',#1836,(#1840,#1847),.PCURVE_S1.);
#1836 = LINE('',#1837,#1838);
#1837 = CARTESIAN_POINT('',(195.51024854693,343.38702914512,
    -0.745061587156));
#1838 = VECTOR('',#1839,1.);
#1839 = DIRECTION('',(-0.397638869204,0.338701940084,0.852739306871));
#1840 = PCURVE('',#1134,#1841);
#1841 = DEFINITIONAL_REPRESENTATION('',(#1842),#1846);
#1842 = LINE('',#1843,#1844);
#1843 = CARTESIAN_POINT('',(-16.96047451698,-129.3265384005));
#1844 = VECTOR('',#1845,1.);
#1845 = DIRECTION('',(0.338701940084,-0.940893721832));
#1846 = ( GEOMETRIC_REPRESENTATION_CONTEXT(2) 
PARAMETRIC_REPRESENTATION_CONTEXT() REPRESENTATION_CONTEXT('2D SPACE',''
  ) );
#1847 = PCURVE('',#1848,#1853);
#1848 = CYLINDRICAL_SURFACE('',#1849,10.);
#1849 = AXIS2_PLACEMENT_3D('',#1850,#1851,#1852);
#1850 = CARTESIAN_POINT('',(186.44717067657,343.38702914512,
    -4.971244204563));
#1851 = DIRECTION('',(-0.397638869204,0.338701940084,0.852739306871));
#1852 = DIRECTION('',(0.906307787037,1.387778780781E-17,0.422618261741)
  );
#1853 = DEFINITIONAL_REPRESENTATION('',(#1854),#1858);
#1854 = LINE('',#1855,#1856);
#1855 = CARTESIAN_POINT('',(-0.,0.));
#1856 = VECTOR('',#1857,1.);
#1857 = DIRECTION('',(-0.,1.));
#1858 = ( GEOMETRIC_REPRESENTATION_CONTEXT(2) 
PARAMETRIC_REPRESENTATION_CONTEXT() REPRESENTATION_CONTEXT('2D SPACE',''
  ) );
#1859 = ORIENTED_EDGE('',*,*,#1860,.T.);
#1860 = EDGE_CURVE('',#1833,#1861,#1863,.T.);
#1861 = VERTEX_POINT('',#1862);
#1862 = CARTESIAN_POINT('',(182.5470835242,366.26617748284,
    27.054535515808));
#1863 = SURFACE_CURVE('',#1864,(#1868,#1875),.PCURVE_S1.);
#1864 = LINE('',#1865,#1866);
#1865 = CARTESIAN_POINT('',(182.5470835242,352.8475036621,
    27.054535515808));
#1866 = VECTOR('',#1867,1.);
#1867 = DIRECTION('',(0.,1.,0.));
#1868 = PCURVE('',#1134,#1869);
#1869 = DEFINITIONAL_REPRESENTATION('',(#1870),#1874);
#1870 = LINE('',#1871,#1872);
#1871 = CARTESIAN_POINT('',(-7.5,-160.));
#1872 = VECTOR('',#1873,1.);
#1873 = DIRECTION('',(1.,0.));
#1874 = ( GEOMETRIC_REPRESENTATION_CONTEXT(2) 
PARAMETRIC_REPRESENTATION_CONTEXT() REPRESENTATION_CONTEXT('2D SPACE',''
  ) );
#1875 = PCURVE('',#1735,#1876);
#1876 = DEFINITIONAL_REPRESENTATION('',(#1877),#1881);
#1877 = LINE('',#1878,#1879);
#1878 = CARTESIAN_POINT('',(7.5,-45.));
#1879 = VECTOR('',#1880,1.);
#1880 = DIRECTION('',(1.,0.));
#1881 = ( GEOMETRIC_REPRESENTATION_CONTEXT(2) 
PARAMETRIC_REPRESENTATION_CONTEXT() REPRESENTATION_CONTEXT('2D SPACE',''
  ) );
#1882 = ORIENTED_EDGE('',*,*,#1883,.T.);
#1883 = EDGE_CURVE('',#1861,#1884,#1886,.T.);
#1884 = VERTEX_POINT('',#1885);
#1885 = CARTESIAN_POINT('',(192.0929809755,374.3972085188,6.583292369017
    ));
#1886 = SURFACE_CURVE('',#1887,(#1891,#1898),.PCURVE_S1.);
#1887 = LINE('',#1888,#1889);
#1888 = CARTESIAN_POINT('',(183.77016612801,367.30797817909,
    24.431626407586));
#1889 = VECTOR('',#1890,1.);
#1890 = DIRECTION('',(0.397638869204,0.338701940084,-0.852739306871));
#1891 = PCURVE('',#1134,#1892);
#1892 = DEFINITIONAL_REPRESENTATION('',(#1893),#1897);
#1893 = LINE('',#1894,#1895);
#1894 = CARTESIAN_POINT('',(6.960474516984,-157.1059400065));
#1895 = VECTOR('',#1896,1.);
#1896 = DIRECTION('',(0.338701940084,0.940893721832));
#1897 = ( GEOMETRIC_REPRESENTATION_CONTEXT(2) 
PARAMETRIC_REPRESENTATION_CONTEXT() REPRESENTATION_CONTEXT('2D SPACE',''
  ) );
#1898 = PCURVE('',#1899,#1904);
#1899 = CYLINDRICAL_SURFACE('',#1900,10.);
#1900 = AXIS2_PLACEMENT_3D('',#1901,#1902,#1903);
#1901 = CARTESIAN_POINT('',(174.70708825764,367.30797817909,
    20.205443790179));
#1902 = DIRECTION('',(0.397638869204,0.338701940084,-0.852739306871));
#1903 = DIRECTION('',(0.906307787037,-1.387778780781E-17,0.422618261741)
  );
#1904 = DEFINITIONAL_REPRESENTATION('',(#1905),#1909);
#1905 = LINE('',#1906,#1907);
#1906 = CARTESIAN_POINT('',(-0.,0.));
#1907 = VECTOR('',#1908,1.);
#1908 = DIRECTION('',(-0.,1.));
#1909 = ( GEOMETRIC_REPRESENTATION_CONTEXT(2) 
PARAMETRIC_REPRESENTATION_CONTEXT() REPRESENTATION_CONTEXT('2D SPACE',''
  ) );
#1910 = ORIENTED_EDGE('',*,*,#1911,.F.);
#1911 = EDGE_CURVE('',#1507,#1884,#1912,.T.);
#1912 = SURFACE_CURVE('',#1913,(#1922,#1934),.PCURVE_S1.);
#1913 = ( BOUNDED_CURVE() B_SPLINE_CURVE(7,(#1914,#1915,#1916,#1917,
    #1918,#1919,#1920,#1921),.UNSPECIFIED.,.F.,.F.) 
B_SPLINE_CURVE_WITH_KNOTS((8,8),(0.,0.843377285263),
.PIECEWISE_BEZIER_KNOTS.) CURVE() GEOMETRIC_REPRESENTATION_ITEM() 
RATIONAL_B_SPLINE_CURVE((1.,1.,1.,1.,1.,1.,1.,1.)) REPRESENTATION_ITEM(
  '') );
#1914 = CARTESIAN_POINT('',(197.41403721126,386.14427765046,
    -4.827749552989));
#1915 = CARTESIAN_POINT('',(197.01198156642,383.77537201242,
    -3.9655384402));
#1916 = CARTESIAN_POINT('',(196.44965838086,381.55869935766,
    -2.759632477213));
#1917 = CARTESIAN_POINT('',(195.74795758371,379.56727478148,
    -1.25483026159));
#1918 = CARTESIAN_POINT('',(194.93937639131,377.84373471053,
    0.479177701306));
#1919 = CARTESIAN_POINT('',(194.04784472912,376.40030343842,
    2.391073520726));
#1920 = CARTESIAN_POINT('',(193.09317496425,375.24915653164,
    4.438369438299));
#1921 = CARTESIAN_POINT('',(192.0929809755,374.3972085188,6.583292369017
    ));
#1922 = PCURVE('',#1134,#1923);
#1923 = DEFINITIONAL_REPRESENTATION('',(#1924),#1933);
#1924 = ( BOUNDED_CURVE() B_SPLINE_CURVE(7,(#1925,#1926,#1927,#1928,
    #1929,#1930,#1931,#1932),.UNSPECIFIED.,.F.,.F.) 
B_SPLINE_CURVE_WITH_KNOTS((8,8),(0.,0.843377285263),
.PIECEWISE_BEZIER_KNOTS.) CURVE() GEOMETRIC_REPRESENTATION_ITEM() 
RATIONAL_B_SPLINE_CURVE((1.,1.,1.,1.,1.,1.,1.,1.)) REPRESENTATION_ITEM(
  '') );
#1925 = CARTESIAN_POINT('',(25.796773988352,-124.821790649));
#1926 = CARTESIAN_POINT('',(23.427868350314,-125.7731353523));
#1927 = CARTESIAN_POINT('',(21.21119569556,-127.1037053642));
#1928 = CARTESIAN_POINT('',(19.219771119373,-128.7640709013));
#1929 = CARTESIAN_POINT('',(17.496231048422,-130.6773369989));
#1930 = CARTESIAN_POINT('',(16.052799776313,-132.7868806294));
#1931 = CARTESIAN_POINT('',(14.901652869538,-135.0458217384));
#1932 = CARTESIAN_POINT('',(14.049704856692,-137.4124823381));
#1933 = ( GEOMETRIC_REPRESENTATION_CONTEXT(2) 
PARAMETRIC_REPRESENTATION_CONTEXT() REPRESENTATION_CONTEXT('2D SPACE',''
  ) );
#1934 = PCURVE('',#1525,#1935);
#1935 = DEFINITIONAL_REPRESENTATION('',(#1936),#1940);
#1936 = LINE('',#1937,#1938);
#1937 = CARTESIAN_POINT('',(0.,0.));
#1938 = VECTOR('',#1939,1.);
#1939 = DIRECTION('',(0.,1.));
#1940 = ( GEOMETRIC_REPRESENTATION_CONTEXT(2) 
PARAMETRIC_REPRESENTATION_CONTEXT() REPRESENTATION_CONTEXT('2D SPACE',''
  ) );
#1941 = ORIENTED_EDGE('',*,*,#1557,.T.);
#1942 = ADVANCED_FACE('',(#1943),#1201,.T.);
#1943 = FACE_BOUND('',#1944,.T.);
#1944 = EDGE_LOOP('',(#1945,#1946,#1969,#1990));
#1945 = ORIENTED_EDGE('',*,*,#1185,.T.);
#1946 = ORIENTED_EDGE('',*,*,#1947,.T.);
#1947 = EDGE_CURVE('',#1147,#1948,#1950,.T.);
#1948 = VERTEX_POINT('',#1949);
#1949 = CARTESIAN_POINT('',(188.35095934089,331.13052833592,
    0.342994072193));
#1950 = SURFACE_CURVE('',#1951,(#1955,#1962),.PCURVE_S1.);
#1951 = LINE('',#1952,#1953);
#1952 = CARTESIAN_POINT('',(192.89190962877,304.37531950587,
    -9.395105245842));
#1953 = VECTOR('',#1954,1.);
#1954 = DIRECTION('',(-0.15749615113,0.92796488538,0.337751586051));
#1955 = PCURVE('',#1201,#1956);
#1956 = DEFINITIONAL_REPRESENTATION('',(#1957),#1961);
#1957 = LINE('',#1958,#1959);
#1958 = CARTESIAN_POINT('',(-1.034576765998,-55.34482610456));
#1959 = VECTOR('',#1960,1.);
#1960 = DIRECTION('',(0.98751960101,0.15749615113));
#1961 = ( GEOMETRIC_REPRESENTATION_CONTEXT(2) 
PARAMETRIC_REPRESENTATION_CONTEXT() REPRESENTATION_CONTEXT('2D SPACE',''
  ) );
#1962 = PCURVE('',#1167,#1963);
#1963 = DEFINITIONAL_REPRESENTATION('',(#1964),#1968);
#1964 = LINE('',#1965,#1966);
#1965 = CARTESIAN_POINT('',(0.,0.));
#1966 = VECTOR('',#1967,1.);
#1967 = DIRECTION('',(0.,1.));
#1968 = ( GEOMETRIC_REPRESENTATION_CONTEXT(2) 
PARAMETRIC_REPRESENTATION_CONTEXT() REPRESENTATION_CONTEXT('2D SPACE',''
  ) );
#1969 = ORIENTED_EDGE('',*,*,#1970,.F.);
#1970 = EDGE_CURVE('',#1638,#1948,#1971,.T.);
#1971 = SURFACE_CURVE('',#1972,(#1976,#1983),.PCURVE_S1.);
#1972 = LINE('',#1973,#1974);
#1973 = CARTESIAN_POINT('',(137.5470835242,331.13052833592,
    0.342994072194));
#1974 = VECTOR('',#1975,1.);
#1975 = DIRECTION('',(1.,-0.,-0.));
#1976 = PCURVE('',#1201,#1977);
#1977 = DEFINITIONAL_REPRESENTATION('',(#1978),#1982);
#1978 = LINE('',#1979,#1980);
#1979 = CARTESIAN_POINT('',(27.437721663661,0.));
#1980 = VECTOR('',#1981,1.);
#1981 = DIRECTION('',(0.,-1.));
#1982 = ( GEOMETRIC_REPRESENTATION_CONTEXT(2) 
PARAMETRIC_REPRESENTATION_CONTEXT() REPRESENTATION_CONTEXT('2D SPACE',''
  ) );
#1983 = PCURVE('',#1681,#1984);
#1984 = DEFINITIONAL_REPRESENTATION('',(#1985),#1989);
#1985 = LINE('',#1986,#1987);
#1986 = CARTESIAN_POINT('',(0.,0.));
#1987 = VECTOR('',#1988,1.);
#1988 = DIRECTION('',(0.,1.));
#1989 = ( GEOMETRIC_REPRESENTATION_CONTEXT(2) 
PARAMETRIC_REPRESENTATION_CONTEXT() REPRESENTATION_CONTEXT('2D SPACE',''
  ) );
#1990 = ORIENTED_EDGE('',*,*,#1637,.F.);
#1991 = ADVANCED_FACE('',(#1992),#1167,.T.);
#1992 = FACE_BOUND('',#1993,.T.);
#1993 = EDGE_LOOP('',(#1994,#1995,#1996,#2020));
#1994 = ORIENTED_EDGE('',*,*,#1146,.T.);
#1995 = ORIENTED_EDGE('',*,*,#1751,.T.);
#1996 = ORIENTED_EDGE('',*,*,#1997,.T.);
#1997 = EDGE_CURVE('',#1752,#1948,#1998,.T.);
#1998 = SURFACE_CURVE('',#1999,(#2003,#2013),.PCURVE_S1.);
#1999 = ( BOUNDED_CURVE() B_SPLINE_CURVE(2,(#2000,#2001,#2002),
.UNSPECIFIED.,.F.,.F.) B_SPLINE_CURVE_WITH_KNOTS((3,3),(0.,
0.843377285263),.PIECEWISE_BEZIER_KNOTS.) CURVE() 
GEOMETRIC_REPRESENTATION_ITEM() RATIONAL_B_SPLINE_CURVE((1.,
0.835802387959,1.)) REPRESENTATION_ITEM('') );
#2000 = CARTESIAN_POINT('',(197.41403721126,334.55072967375,
    -4.827749552989));
#2001 = CARTESIAN_POINT('',(194.83787872174,332.10271249216,
    0.696840156109));
#2002 = CARTESIAN_POINT('',(188.35095934089,331.13052833592,
    0.342994072194));
#2003 = PCURVE('',#1167,#2004);
#2004 = DEFINITIONAL_REPRESENTATION('',(#2005),#2012);
#2005 = B_SPLINE_CURVE_WITH_KNOTS('',5,(#2006,#2007,#2008,#2009,#2010,
    #2011),.UNSPECIFIED.,.F.,.F.,(6,6),(0.,0.843377285263),
  .PIECEWISE_BEZIER_KNOTS.);
#2006 = CARTESIAN_POINT('',(1.162407399018,28.832134977911));
#2007 = CARTESIAN_POINT('',(0.942795243332,28.832134977911));
#2008 = CARTESIAN_POINT('',(0.705213933851,28.832134977911));
#2009 = CARTESIAN_POINT('',(0.457193464936,28.832134977911));
#2010 = CARTESIAN_POINT('',(0.219612155686,28.832134977911));
#2011 = CARTESIAN_POINT('',(2.177386680553E-17,28.832134977911));
#2012 = ( GEOMETRIC_REPRESENTATION_CONTEXT(2) 
PARAMETRIC_REPRESENTATION_CONTEXT() REPRESENTATION_CONTEXT('2D SPACE',''
  ) );
#2013 = PCURVE('',#1800,#2014);
#2014 = DEFINITIONAL_REPRESENTATION('',(#2015),#2019);
#2015 = LINE('',#2016,#2017);
#2016 = CARTESIAN_POINT('',(0.,0.843377285263));
#2017 = VECTOR('',#2018,1.);
#2018 = DIRECTION('',(1.,0.));
#2019 = ( GEOMETRIC_REPRESENTATION_CONTEXT(2) 
PARAMETRIC_REPRESENTATION_CONTEXT() REPRESENTATION_CONTEXT('2D SPACE',''
  ) );
#2020 = ORIENTED_EDGE('',*,*,#1947,.F.);
#2021 = ADVANCED_FACE('',(#2022),#1259,.T.);
#2022 = FACE_BOUND('',#2023,.T.);
#2023 = EDGE_LOOP('',(#2024,#2025,#2048,#2076,#2104,#2132));
#2024 = ORIENTED_EDGE('',*,*,#1241,.F.);
#2025 = ORIENTED_EDGE('',*,*,#2026,.F.);
#2026 = EDGE_CURVE('',#2027,#1242,#2029,.T.);
#2027 = VERTEX_POINT('',#2028);
#2028 = CARTESIAN_POINT('',(194.71583832709,344.51211565893,
    -3.330457213988));
#2029 = SURFACE_CURVE('',#2030,(#2034,#2041),.PCURVE_S1.);
#2030 = LINE('',#2031,#2032);
#2031 = CARTESIAN_POINT('',(195.59655338318,339.32295617651,
    -5.219156746776));
#2032 = VECTOR('',#2033,1.);
#2033 = DIRECTION('',(0.15749615113,-0.92796488538,-0.337751586051));
#2034 = PCURVE('',#1259,#2035);
#2035 = DEFINITIONAL_REPRESENTATION('',(#2036),#2040);
#2036 = LINE('',#2037,#2038);
#2037 = CARTESIAN_POINT('',(21.024547485599,124.38992059407));
#2038 = VECTOR('',#2039,1.);
#2039 = DIRECTION('',(0.92796488538,-0.372667642144));
#2040 = ( GEOMETRIC_REPRESENTATION_CONTEXT(2) 
PARAMETRIC_REPRESENTATION_CONTEXT() REPRESENTATION_CONTEXT('2D SPACE',''
  ) );
#2041 = PCURVE('',#1409,#2042);
#2042 = DEFINITIONAL_REPRESENTATION('',(#2043),#2047);
#2043 = LINE('',#2044,#2045);
#2044 = CARTESIAN_POINT('',(0.,0.));
#2045 = VECTOR('',#2046,1.);
#2046 = DIRECTION('',(0.,1.));
#2047 = ( GEOMETRIC_REPRESENTATION_CONTEXT(2) 
PARAMETRIC_REPRESENTATION_CONTEXT() REPRESENTATION_CONTEXT('2D SPACE',''
  ) );
#2048 = ORIENTED_EDGE('',*,*,#2049,.F.);
#2049 = EDGE_CURVE('',#2050,#2027,#2052,.T.);
#2050 = VERTEX_POINT('',#2051);
#2051 = CARTESIAN_POINT('',(181.47969884051,355.78643130193,
    25.054535515808));
#2052 = SURFACE_CURVE('',#2053,(#2057,#2064),.PCURVE_S1.);
#2053 = LINE('',#2054,#2055);
#2054 = CARTESIAN_POINT('',(182.70278144432,354.74463060568,
    22.431626407586));
#2055 = VECTOR('',#2056,1.);
#2056 = DIRECTION('',(0.397638869204,-0.338701940084,-0.852739306871));
#2057 = PCURVE('',#1259,#2058);
#2058 = DEFINITIONAL_REPRESENTATION('',(#2059),#2063);
#2059 = LINE('',#2060,#2061);
#2060 = CARTESIAN_POINT('',(5.602873056429,154.89918416861));
#2061 = VECTOR('',#2062,1.);
#2062 = DIRECTION('',(0.338701940084,-0.940893721832));
#2063 = ( GEOMETRIC_REPRESENTATION_CONTEXT(2) 
PARAMETRIC_REPRESENTATION_CONTEXT() REPRESENTATION_CONTEXT('2D SPACE',''
  ) );
#2064 = PCURVE('',#2065,#2070);
#2065 = CYLINDRICAL_SURFACE('',#2066,10.);
#2066 = AXIS2_PLACEMENT_3D('',#2067,#2068,#2069);
#2067 = CARTESIAN_POINT('',(173.63970357395,354.74463060568,
    18.205443790179));
#2068 = DIRECTION('',(0.397638869204,-0.338701940084,-0.852739306871));
#2069 = DIRECTION('',(0.906307787037,1.387778780781E-17,0.422618261741)
  );
#2070 = DEFINITIONAL_REPRESENTATION('',(#2071),#2075);
#2071 = LINE('',#2072,#2073);
#2072 = CARTESIAN_POINT('',(0.,0.));
#2073 = VECTOR('',#2074,1.);
#2074 = DIRECTION('',(0.,1.));
#2075 = ( GEOMETRIC_REPRESENTATION_CONTEXT(2) 
PARAMETRIC_REPRESENTATION_CONTEXT() REPRESENTATION_CONTEXT('2D SPACE',''
  ) );
#2076 = ORIENTED_EDGE('',*,*,#2077,.F.);
#2077 = EDGE_CURVE('',#2078,#2050,#2080,.T.);
#2078 = VERTEX_POINT('',#2079);
#2079 = CARTESIAN_POINT('',(181.47969884051,364.90857602228,
    25.054535515808));
#2080 = SURFACE_CURVE('',#2081,(#2085,#2092),.PCURVE_S1.);
#2081 = LINE('',#2082,#2083);
#2082 = CARTESIAN_POINT('',(181.47969884051,353.52630439238,
    25.054535515808));
#2083 = VECTOR('',#2084,1.);
#2084 = DIRECTION('',(0.,-1.,0.));
#2085 = PCURVE('',#1259,#2086);
#2086 = DEFINITIONAL_REPRESENTATION('',(#2087),#2091);
#2087 = LINE('',#2088,#2089);
#2088 = CARTESIAN_POINT('',(6.821199269723,157.79324416207));
#2089 = VECTOR('',#2090,1.);
#2090 = DIRECTION('',(1.,0.));
#2091 = ( GEOMETRIC_REPRESENTATION_CONTEXT(2) 
PARAMETRIC_REPRESENTATION_CONTEXT() REPRESENTATION_CONTEXT('2D SPACE',''
  ) );
#2092 = PCURVE('',#2093,#2098);
#2093 = PLANE('',#2094);
#2094 = AXIS2_PLACEMENT_3D('',#2095,#2096,#2097);
#2095 = CARTESIAN_POINT('',(139.5470835242,346.70510512266,
    25.054535515808));
#2096 = DIRECTION('',(0.,-0.,1.));
#2097 = DIRECTION('',(0.,1.,0.));
#2098 = DEFINITIONAL_REPRESENTATION('',(#2099),#2103);
#2099 = LINE('',#2100,#2101);
#2100 = CARTESIAN_POINT('',(6.821199269723,-41.93261531631));
#2101 = VECTOR('',#2102,1.);
#2102 = DIRECTION('',(-1.,0.));
#2103 = ( GEOMETRIC_REPRESENTATION_CONTEXT(2) 
PARAMETRIC_REPRESENTATION_CONTEXT() REPRESENTATION_CONTEXT('2D SPACE',''
  ) );
#2104 = ORIENTED_EDGE('',*,*,#2105,.F.);
#2105 = EDGE_CURVE('',#2106,#2078,#2108,.T.);
#2106 = VERTEX_POINT('',#2107);
#2107 = CARTESIAN_POINT('',(194.71583832709,376.18289166528,
    -3.330457213988));
#2108 = SURFACE_CURVE('',#2109,(#2113,#2120),.PCURVE_S1.);
#2109 = LINE('',#2110,#2111);
#2110 = CARTESIAN_POINT('',(194.24347749747,375.78054284628,
    -2.3174761459));
#2111 = VECTOR('',#2112,1.);
#2112 = DIRECTION('',(-0.397638869204,-0.338701940084,0.852739306871));
#2113 = PCURVE('',#1259,#2114);
#2114 = DEFINITIONAL_REPRESENTATION('',(#2115),#2119);
#2115 = LINE('',#2116,#2117);
#2116 = CARTESIAN_POINT('',(-15.43303918417,127.59157089696));
#2117 = VECTOR('',#2118,1.);
#2118 = DIRECTION('',(0.338701940084,0.940893721832));
#2119 = ( GEOMETRIC_REPRESENTATION_CONTEXT(2) 
PARAMETRIC_REPRESENTATION_CONTEXT() REPRESENTATION_CONTEXT('2D SPACE',''
  ) );
#2120 = PCURVE('',#2121,#2126);
#2121 = CYLINDRICAL_SURFACE('',#2122,10.);
#2122 = AXIS2_PLACEMENT_3D('',#2123,#2124,#2125);
#2123 = CARTESIAN_POINT('',(185.1803996271,375.78054284628,
    -6.543658763307));
#2124 = DIRECTION('',(-0.397638869204,-0.338701940084,0.852739306871));
#2125 = DIRECTION('',(0.906307787037,-1.387778780781E-17,0.422618261741)
  );
#2126 = DEFINITIONAL_REPRESENTATION('',(#2127),#2131);
#2127 = LINE('',#2128,#2129);
#2128 = CARTESIAN_POINT('',(0.,0.));
#2129 = VECTOR('',#2130,1.);
#2130 = DIRECTION('',(0.,1.));
#2131 = ( GEOMETRIC_REPRESENTATION_CONTEXT(2) 
PARAMETRIC_REPRESENTATION_CONTEXT() REPRESENTATION_CONTEXT('2D SPACE',''
  ) );
#2132 = ORIENTED_EDGE('',*,*,#2133,.F.);
#2133 = EDGE_CURVE('',#1244,#2106,#2134,.T.);
#2134 = SURFACE_CURVE('',#2135,(#2139,#2146),.PCURVE_S1.);
#2135 = LINE('',#2136,#2137);
#2136 = CARTESIAN_POINT('',(199.95498749913,407.05187751704,
    -14.56584887102));
#2137 = VECTOR('',#2138,1.);
#2138 = DIRECTION('',(-0.15749615113,-0.92796488538,0.337751586051));
#2139 = PCURVE('',#1259,#2140);
#2140 = DEFINITIONAL_REPRESENTATION('',(#2141),#2145);
#2141 = LINE('',#2142,#2143);
#2142 = CARTESIAN_POINT('',(-46.70437385493,114.07698688883));
#2143 = VECTOR('',#2144,1.);
#2144 = DIRECTION('',(0.92796488538,0.372667642144));
#2145 = ( GEOMETRIC_REPRESENTATION_CONTEXT(2) 
PARAMETRIC_REPRESENTATION_CONTEXT() REPRESENTATION_CONTEXT('2D SPACE',''
  ) );
#2146 = PCURVE('',#1292,#2147);
#2147 = DEFINITIONAL_REPRESENTATION('',(#2148),#2152);
#2148 = LINE('',#2149,#2150);
#2149 = CARTESIAN_POINT('',(0.,0.));
#2150 = VECTOR('',#2151,1.);
#2151 = DIRECTION('',(0.,1.));
#2152 = ( GEOMETRIC_REPRESENTATION_CONTEXT(2) 
PARAMETRIC_REPRESENTATION_CONTEXT() REPRESENTATION_CONTEXT('2D SPACE',''
  ) );
#2153 = ADVANCED_FACE('',(#2154),#1409,.F.);
#2154 = FACE_BOUND('',#2155,.F.);
#2155 = EDGE_LOOP('',(#2156,#2192,#2213,#2214));
#2156 = ORIENTED_EDGE('',*,*,#2157,.T.);
#2157 = EDGE_CURVE('',#2027,#2158,#2160,.T.);
#2158 = VERTEX_POINT('',#2159);
#2159 = CARTESIAN_POINT('',(186.30118388513,337.2714135145,
    0.449737881539));
#2160 = SURFACE_CURVE('',#2161,(#2166,#2179),.PCURVE_S1.);
#2161 = ELLIPSE('',#2162,10.960116303108,10.);
#2162 = AXIS2_PLACEMENT_3D('',#2163,#2164,#2165);
#2163 = CARTESIAN_POINT('',(185.65276045672,344.51211565893,
    -7.556639831394));
#2164 = DIRECTION('',(0.304217219339,-0.694140786219,-0.652395932211));
#2165 = DIRECTION('',(-0.293356572475,-0.719839266022,0.62910519985));
#2166 = PCURVE('',#1409,#2167);
#2167 = DEFINITIONAL_REPRESENTATION('',(#2168),#2178);
#2168 = B_SPLINE_CURVE_WITH_KNOTS('',8,(#2169,#2170,#2171,#2172,#2173,
    #2174,#2175,#2176,#2177),.UNSPECIFIED.,.F.,.F.,(9,9),(4.712388980385
    ,5.874796379403),.PIECEWISE_BEZIER_KNOTS.);
#2169 = CARTESIAN_POINT('',(7.474006302455E-16,-5.59197827868));
#2170 = CARTESIAN_POINT('',(0.145300925627,-4.940159081362));
#2171 = CARTESIAN_POINT('',(0.290601850255,-4.288339872451));
#2172 = CARTESIAN_POINT('',(0.43590277488,-3.657490609345));
#2173 = CARTESIAN_POINT('',(0.581203699509,-3.068580463003));
#2174 = CARTESIAN_POINT('',(0.726504624134,-2.541164403736));
#2175 = CARTESIAN_POINT('',(0.871805548764,-2.091957564959));
#2176 = CARTESIAN_POINT('',(1.017106473391,-1.733761301899));
#2177 = CARTESIAN_POINT('',(1.162407399018,-1.474903519938));
#2178 = ( GEOMETRIC_REPRESENTATION_CONTEXT(2) 
PARAMETRIC_REPRESENTATION_CONTEXT() REPRESENTATION_CONTEXT('2D SPACE',''
  ) );
#2179 = PCURVE('',#2065,#2180);
#2180 = DEFINITIONAL_REPRESENTATION('',(#2181),#2191);
#2181 = B_SPLINE_CURVE_WITH_KNOTS('',8,(#2182,#2183,#2184,#2185,#2186,
    #2187,#2188,#2189,#2190),.UNSPECIFIED.,.F.,.F.,(9,9),(4.712388980385
    ,5.874796379403),.PIECEWISE_BEZIER_KNOTS.);
#2182 = CARTESIAN_POINT('',(7.474006331406E-16,30.210972349941));
#2183 = CARTESIAN_POINT('',(0.145300925627,29.559153152623));
#2184 = CARTESIAN_POINT('',(0.290601850255,28.907333943691));
#2185 = CARTESIAN_POINT('',(0.435902774881,28.276484680624));
#2186 = CARTESIAN_POINT('',(0.581203699509,27.687574534095));
#2187 = CARTESIAN_POINT('',(0.726504624135,27.160158475031));
#2188 = CARTESIAN_POINT('',(0.871805548763,26.710951636192));
#2189 = CARTESIAN_POINT('',(1.017106473391,26.35275537316));
#2190 = CARTESIAN_POINT('',(1.162407399018,26.0938975912));
#2191 = ( GEOMETRIC_REPRESENTATION_CONTEXT(2) 
PARAMETRIC_REPRESENTATION_CONTEXT() REPRESENTATION_CONTEXT('2D SPACE',''
  ) );
#2192 = ORIENTED_EDGE('',*,*,#2193,.T.);
#2193 = EDGE_CURVE('',#2158,#1367,#2194,.T.);
#2194 = SURFACE_CURVE('',#2195,(#2199,#2206),.PCURVE_S1.);
#2195 = LINE('',#2196,#2197);
#2196 = CARTESIAN_POINT('',(186.53347551281,335.90275483867,
    -4.841312159306E-02));
#2197 = VECTOR('',#2198,1.);
#2198 = DIRECTION('',(0.15749615113,-0.92796488538,-0.337751586051));
#2199 = PCURVE('',#1409,#2200);
#2200 = DEFINITIONAL_REPRESENTATION('',(#2201),#2205);
#2201 = LINE('',#2202,#2203);
#2202 = CARTESIAN_POINT('',(1.162407399018,0.));
#2203 = VECTOR('',#2204,1.);
#2204 = DIRECTION('',(0.,1.));
#2205 = ( GEOMETRIC_REPRESENTATION_CONTEXT(2) 
PARAMETRIC_REPRESENTATION_CONTEXT() REPRESENTATION_CONTEXT('2D SPACE',''
  ) );
#2206 = PCURVE('',#1382,#2207);
#2207 = DEFINITIONAL_REPRESENTATION('',(#2208),#2212);
#2208 = LINE('',#2209,#2210);
#2209 = CARTESIAN_POINT('',(55.132917088794,-46.98639198861));
#2210 = VECTOR('',#2211,1.);
#2211 = DIRECTION('',(-0.98751960101,-0.15749615113));
#2212 = ( GEOMETRIC_REPRESENTATION_CONTEXT(2) 
PARAMETRIC_REPRESENTATION_CONTEXT() REPRESENTATION_CONTEXT('2D SPACE',''
  ) );
#2213 = ORIENTED_EDGE('',*,*,#1394,.F.);
#2214 = ORIENTED_EDGE('',*,*,#2026,.F.);
#2215 = ADVANCED_FACE('',(#2216),#1292,.F.);
#2216 = FACE_BOUND('',#2217,.F.);
#2217 = EDGE_LOOP('',(#2218,#2219,#2242,#2276));
#2218 = ORIENTED_EDGE('',*,*,#1271,.T.);
#2219 = ORIENTED_EDGE('',*,*,#2220,.T.);
#2220 = EDGE_CURVE('',#1272,#2221,#2223,.T.);
#2221 = VERTEX_POINT('',#2222);
#2222 = CARTESIAN_POINT('',(186.30118388514,383.42359380971,
    0.449737881539));
#2223 = SURFACE_CURVE('',#2224,(#2228,#2235),.PCURVE_S1.);
#2224 = LINE('',#2225,#2226);
#2225 = CARTESIAN_POINT('',(190.89190962877,410.47207885487,
    -9.395105245842));
#2226 = VECTOR('',#2227,1.);
#2227 = DIRECTION('',(-0.15749615113,-0.92796488538,0.337751586051));
#2228 = PCURVE('',#1292,#2229);
#2229 = DEFINITIONAL_REPRESENTATION('',(#2230),#2234);
#2230 = LINE('',#2231,#2232);
#2231 = CARTESIAN_POINT('',(1.162407399018,0.));
#2232 = VECTOR('',#2233,1.);
#2233 = DIRECTION('',(0.,1.));
#2234 = ( GEOMETRIC_REPRESENTATION_CONTEXT(2) 
PARAMETRIC_REPRESENTATION_CONTEXT() REPRESENTATION_CONTEXT('2D SPACE',''
  ) );
#2235 = PCURVE('',#1326,#2236);
#2236 = DEFINITIONAL_REPRESENTATION('',(#2237),#2241);
#2237 = LINE('',#2238,#2239);
#2238 = CARTESIAN_POINT('',(28.36247708828,-51.34482610456));
#2239 = VECTOR('',#2240,1.);
#2240 = DIRECTION('',(-0.98751960101,0.15749615113));
#2241 = ( GEOMETRIC_REPRESENTATION_CONTEXT(2) 
PARAMETRIC_REPRESENTATION_CONTEXT() REPRESENTATION_CONTEXT('2D SPACE',''
  ) );
#2242 = ORIENTED_EDGE('',*,*,#2243,.F.);
#2243 = EDGE_CURVE('',#2106,#2221,#2244,.T.);
#2244 = SURFACE_CURVE('',#2245,(#2250,#2263),.PCURVE_S1.);
#2245 = ELLIPSE('',#2246,10.960116303108,10.);
#2246 = AXIS2_PLACEMENT_3D('',#2247,#2248,#2249);
#2247 = CARTESIAN_POINT('',(185.65276045672,376.18289166528,
    -7.556639831394));
#2248 = DIRECTION('',(-0.304217219339,-0.694140786219,0.652395932211));
#2249 = DIRECTION('',(0.293356572475,-0.719839266022,-0.62910519985));
#2250 = PCURVE('',#1292,#2251);
#2251 = DEFINITIONAL_REPRESENTATION('',(#2252),#2262);
#2252 = B_SPLINE_CURVE_WITH_KNOTS('',8,(#2253,#2254,#2255,#2256,#2257,
    #2258,#2259,#2260,#2261),.UNSPECIFIED.,.F.,.F.,(9,9),(1.570796326795
    ,2.733203725813),.PIECEWISE_BEZIER_KNOTS.);
#2253 = CARTESIAN_POINT('',(7.474006338902E-16,33.265252099601));
#2254 = CARTESIAN_POINT('',(0.145300925627,32.613432902284));
#2255 = CARTESIAN_POINT('',(0.290601850254,31.961613693366));
#2256 = CARTESIAN_POINT('',(0.435902774881,31.33076443024));
#2257 = CARTESIAN_POINT('',(0.581203699509,30.7418542839));
#2258 = CARTESIAN_POINT('',(0.726504624135,30.214438224633));
#2259 = CARTESIAN_POINT('',(0.871805548763,29.765231385871));
#2260 = CARTESIAN_POINT('',(1.017106473391,29.40703512282));
#2261 = CARTESIAN_POINT('',(1.162407399018,29.14817734086));
#2262 = ( GEOMETRIC_REPRESENTATION_CONTEXT(2) 
PARAMETRIC_REPRESENTATION_CONTEXT() REPRESENTATION_CONTEXT('2D SPACE',''
  ) );
#2263 = PCURVE('',#2121,#2264);
#2264 = DEFINITIONAL_REPRESENTATION('',(#2265),#2275);
#2265 = B_SPLINE_CURVE_WITH_KNOTS('',8,(#2266,#2267,#2268,#2269,#2270,
    #2271,#2272,#2273,#2274),.UNSPECIFIED.,.F.,.F.,(9,9),(1.570796326795
    ,2.733203725813),.PIECEWISE_BEZIER_KNOTS.);
#2266 = CARTESIAN_POINT('',(7.474006309693E-16,-1.187914125602));
#2267 = CARTESIAN_POINT('',(0.145300925627,-0.536094928284));
#2268 = CARTESIAN_POINT('',(0.290601850254,0.115724280623));
#2269 = CARTESIAN_POINT('',(0.435902774881,0.746573543737));
#2270 = CARTESIAN_POINT('',(0.581203699508,1.335483690067));
#2271 = CARTESIAN_POINT('',(0.726504624135,1.862899749343));
#2272 = CARTESIAN_POINT('',(0.871805548764,2.312106588114));
#2273 = CARTESIAN_POINT('',(1.017106473391,2.670302851179));
#2274 = CARTESIAN_POINT('',(1.162407399018,2.92916063314));
#2275 = ( GEOMETRIC_REPRESENTATION_CONTEXT(2) 
PARAMETRIC_REPRESENTATION_CONTEXT() REPRESENTATION_CONTEXT('2D SPACE',''
  ) );
#2276 = ORIENTED_EDGE('',*,*,#2133,.F.);
#2277 = ADVANCED_FACE('',(#2278),#1382,.F.);
#2278 = FACE_BOUND('',#2279,.F.);
#2279 = EDGE_LOOP('',(#2280,#2281,#2282,#2316,#2344));
#2280 = ORIENTED_EDGE('',*,*,#1366,.F.);
#2281 = ORIENTED_EDGE('',*,*,#2193,.F.);
#2282 = ORIENTED_EDGE('',*,*,#2283,.T.);
#2283 = EDGE_CURVE('',#2158,#2284,#2286,.T.);
#2284 = VERTEX_POINT('',#2285);
#2285 = CARTESIAN_POINT('',(183.7079462562,336.87493899491,
    0.305432962322));
#2286 = SURFACE_CURVE('',#2287,(#2292,#2303),.PCURVE_S1.);
#2287 = ELLIPSE('',#2288,14.5885314716,10.);
#2288 = AXIS2_PLACEMENT_3D('',#2289,#2290,#2291);
#2289 = CARTESIAN_POINT('',(179.85179329901,349.45327957134,
    4.883574383957));
#2290 = DIRECTION('',(0.,0.342020133783,-0.939692624259));
#2291 = DIRECTION('',(0.546131533725,-0.787179982924,-0.286510073742));
#2292 = PCURVE('',#1382,#2293);
#2293 = DEFINITIONAL_REPRESENTATION('',(#2294),#2302);
#2294 = ( BOUNDED_CURVE() B_SPLINE_CURVE(2,(#2295,#2296,#2297,#2298,
#2299,#2300,#2301),.UNSPECIFIED.,.T.,.F.) B_SPLINE_CURVE_WITH_KNOTS((1,2
    ,2,2,2,1),(-2.094395102393,0.,2.094395102393,4.188790204786,
6.28318530718,8.377580409573),.UNSPECIFIED.) CURVE() 
GEOMETRIC_REPRESENTATION_ITEM() RATIONAL_B_SPLINE_CURVE((1.,0.5,1.,0.5,
1.,0.5,1.)) REPRESENTATION_ITEM('') );
#2295 = CARTESIAN_POINT('',(57.332279651203,-48.27196684218));
#2296 = CARTESIAN_POINT('',(47.873004010938,-33.76258696703));
#2297 = CARTESIAN_POINT('',(70.933848746343,-29.06639130355));
#2298 = CARTESIAN_POINT('',(93.994693481749,-24.37019564006));
#2299 = CARTESIAN_POINT('',(80.393124386609,-43.5757711787));
#2300 = CARTESIAN_POINT('',(66.791555291469,-62.78134671734));
#2301 = CARTESIAN_POINT('',(57.332279651203,-48.27196684218));
#2302 = ( GEOMETRIC_REPRESENTATION_CONTEXT(2) 
PARAMETRIC_REPRESENTATION_CONTEXT() REPRESENTATION_CONTEXT('2D SPACE',''
  ) );
#2303 = PCURVE('',#2065,#2304);
#2304 = DEFINITIONAL_REPRESENTATION('',(#2305),#2315);
#2305 = B_SPLINE_CURVE_WITH_KNOTS('',8,(#2306,#2307,#2308,#2309,#2310,
    #2311,#2312,#2313,#2314),.UNSPECIFIED.,.F.,.F.,(9,9),(0.168518345594
    ,0.420261909212),.PIECEWISE_BEZIER_KNOTS.);
#2306 = CARTESIAN_POINT('',(1.162407399018,26.0938975912));
#2307 = CARTESIAN_POINT('',(1.19387534522,26.037836538934));
#2308 = CARTESIAN_POINT('',(1.225343290422,25.969925011785));
#2309 = CARTESIAN_POINT('',(1.256811235623,25.890247599789));
#2310 = CARTESIAN_POINT('',(1.288279180822,25.798913929175));
#2311 = CARTESIAN_POINT('',(1.319747126028,25.696058391448));
#2312 = CARTESIAN_POINT('',(1.351215071231,25.581839744722));
#2313 = CARTESIAN_POINT('',(1.382683016434,25.456440582563));
#2314 = CARTESIAN_POINT('',(1.414150962636,25.320066678621));
#2315 = ( GEOMETRIC_REPRESENTATION_CONTEXT(2) 
PARAMETRIC_REPRESENTATION_CONTEXT() REPRESENTATION_CONTEXT('2D SPACE',''
  ) );
#2316 = ORIENTED_EDGE('',*,*,#2317,.F.);
#2317 = EDGE_CURVE('',#2318,#2284,#2320,.T.);
#2318 = VERTEX_POINT('',#2319);
#2319 = CARTESIAN_POINT('',(139.5470835242,336.87493899491,
    0.305432962323));
#2320 = SURFACE_CURVE('',#2321,(#2325,#2332),.PCURVE_S1.);
#2321 = LINE('',#2322,#2323);
#2322 = CARTESIAN_POINT('',(139.5470835242,336.87493899491,
    0.305432962323));
#2323 = VECTOR('',#2324,1.);
#2324 = DIRECTION('',(1.,-0.,-0.));
#2325 = PCURVE('',#1382,#2326);
#2326 = DEFINITIONAL_REPRESENTATION('',(#2327),#2331);
#2327 = LINE('',#2328,#2329);
#2328 = CARTESIAN_POINT('',(56.167493854792,0.));
#2329 = VECTOR('',#2330,1.);
#2330 = DIRECTION('',(0.,-1.));
#2331 = ( GEOMETRIC_REPRESENTATION_CONTEXT(2) 
PARAMETRIC_REPRESENTATION_CONTEXT() REPRESENTATION_CONTEXT('2D SPACE',''
  ) );
#2332 = PCURVE('',#2333,#2338);
#2333 = PLANE('',#2334);
#2334 = AXIS2_PLACEMENT_3D('',#2335,#2336,#2337);
#2335 = CARTESIAN_POINT('',(139.5470835242,336.87493899491,
    0.305432962323));
#2336 = DIRECTION('',(0.,-0.929373590367,0.369140528159));
#2337 = DIRECTION('',(0.,0.369140528159,0.929373590367));
#2338 = DEFINITIONAL_REPRESENTATION('',(#2339),#2343);
#2339 = LINE('',#2340,#2341);
#2340 = CARTESIAN_POINT('',(1.810829987174E-14,0.));
#2341 = VECTOR('',#2342,1.);
#2342 = DIRECTION('',(0.,-1.));
#2343 = ( GEOMETRIC_REPRESENTATION_CONTEXT(2) 
PARAMETRIC_REPRESENTATION_CONTEXT() REPRESENTATION_CONTEXT('2D SPACE',''
  ) );
#2344 = ORIENTED_EDGE('',*,*,#2345,.F.);
#2345 = EDGE_CURVE('',#1339,#2318,#2346,.T.);
#2346 = SURFACE_CURVE('',#2347,(#2351,#2358),.PCURVE_S1.);
#2347 = LINE('',#2348,#2349);
#2348 = CARTESIAN_POINT('',(139.5470835242,296.67242013822,
    -14.32708678171));
#2349 = VECTOR('',#2350,1.);
#2350 = DIRECTION('',(0.,0.939692624259,0.342020133783));
#2351 = PCURVE('',#1382,#2352);
#2352 = DEFINITIONAL_REPRESENTATION('',(#2353),#2357);
#2353 = LINE('',#2354,#2355);
#2354 = CARTESIAN_POINT('',(13.384867048088,0.));
#2355 = VECTOR('',#2356,1.);
#2356 = DIRECTION('',(1.,0.));
#2357 = ( GEOMETRIC_REPRESENTATION_CONTEXT(2) 
PARAMETRIC_REPRESENTATION_CONTEXT() REPRESENTATION_CONTEXT('2D SPACE',''
  ) );
#2358 = PCURVE('',#1354,#2359);
#2359 = DEFINITIONAL_REPRESENTATION('',(#2360),#2364);
#2360 = LINE('',#2361,#2362);
#2361 = CARTESIAN_POINT('',(-63.67508352388,-118.6183777024));
#2362 = VECTOR('',#2363,1.);
#2363 = DIRECTION('',(0.939692624259,-0.342020133783));
#2364 = ( GEOMETRIC_REPRESENTATION_CONTEXT(2) 
PARAMETRIC_REPRESENTATION_CONTEXT() REPRESENTATION_CONTEXT('2D SPACE',''
  ) );
#2365 = ADVANCED_FACE('',(#2366),#1326,.F.);
#2366 = FACE_BOUND('',#2367,.F.);
#2367 = EDGE_LOOP('',(#2368,#2369,#2392,#2420,#2448));
#2368 = ORIENTED_EDGE('',*,*,#1310,.F.);
#2369 = ORIENTED_EDGE('',*,*,#2370,.F.);
#2370 = EDGE_CURVE('',#2371,#1311,#2373,.T.);
#2371 = VERTEX_POINT('',#2372);
#2372 = CARTESIAN_POINT('',(139.5470835242,383.8200683293,0.305432962322
    ));
#2373 = SURFACE_CURVE('',#2374,(#2378,#2385),.PCURVE_S1.);
#2374 = LINE('',#2375,#2376);
#2375 = CARTESIAN_POINT('',(139.5470835242,384.66346339454,
    -1.537727451705E-03));
#2376 = VECTOR('',#2377,1.);
#2377 = DIRECTION('',(0.,0.939692624259,-0.342020133783));
#2378 = PCURVE('',#1326,#2379);
#2379 = DEFINITIONAL_REPRESENTATION('',(#2380),#2384);
#2380 = LINE('',#2381,#2382);
#2381 = CARTESIAN_POINT('',(0.897522278524,0.));
#2382 = VECTOR('',#2383,1.);
#2383 = DIRECTION('',(1.,0.));
#2384 = ( GEOMETRIC_REPRESENTATION_CONTEXT(2) 
PARAMETRIC_REPRESENTATION_CONTEXT() REPRESENTATION_CONTEXT('2D SPACE',''
  ) );
#2385 = PCURVE('',#1354,#2386);
#2386 = DEFINITIONAL_REPRESENTATION('',(#2387),#2391);
#2387 = LINE('',#2388,#2389);
#2388 = CARTESIAN_POINT('',(24.315959732433,-132.9439267567));
#2389 = VECTOR('',#2390,1.);
#2390 = DIRECTION('',(0.939692624259,0.342020133783));
#2391 = ( GEOMETRIC_REPRESENTATION_CONTEXT(2) 
PARAMETRIC_REPRESENTATION_CONTEXT() REPRESENTATION_CONTEXT('2D SPACE',''
  ) );
#2392 = ORIENTED_EDGE('',*,*,#2393,.T.);
#2393 = EDGE_CURVE('',#2371,#2394,#2396,.T.);
#2394 = VERTEX_POINT('',#2395);
#2395 = CARTESIAN_POINT('',(183.7079462562,383.8200683293,0.305432962322
    ));
#2396 = SURFACE_CURVE('',#2397,(#2401,#2408),.PCURVE_S1.);
#2397 = LINE('',#2398,#2399);
#2398 = CARTESIAN_POINT('',(139.5470835242,383.8200683293,0.305432962323
    ));
#2399 = VECTOR('',#2400,1.);
#2400 = DIRECTION('',(1.,-0.,-0.));
#2401 = PCURVE('',#1326,#2402);
#2402 = DEFINITIONAL_REPRESENTATION('',(#2403),#2407);
#2403 = LINE('',#2404,#2405);
#2404 = CARTESIAN_POINT('',(1.139155882235E-15,0.));
#2405 = VECTOR('',#2406,1.);
#2406 = DIRECTION('',(0.,-1.));
#2407 = ( GEOMETRIC_REPRESENTATION_CONTEXT(2) 
PARAMETRIC_REPRESENTATION_CONTEXT() REPRESENTATION_CONTEXT('2D SPACE',''
  ) );
#2408 = PCURVE('',#2409,#2414);
#2409 = PLANE('',#2410);
#2410 = AXIS2_PLACEMENT_3D('',#2411,#2412,#2413);
#2411 = CARTESIAN_POINT('',(139.5470835242,373.98990220155,
    25.054535515808));
#2412 = DIRECTION('',(0.,0.929373590367,0.369140528159));
#2413 = DIRECTION('',(0.,0.369140528159,-0.929373590367));
#2414 = DEFINITIONAL_REPRESENTATION('',(#2415),#2419);
#2415 = LINE('',#2416,#2417);
#2416 = CARTESIAN_POINT('',(26.629875014767,0.));
#2417 = VECTOR('',#2418,1.);
#2418 = DIRECTION('',(0.,-1.));
#2419 = ( GEOMETRIC_REPRESENTATION_CONTEXT(2) 
PARAMETRIC_REPRESENTATION_CONTEXT() REPRESENTATION_CONTEXT('2D SPACE',''
  ) );
#2420 = ORIENTED_EDGE('',*,*,#2421,.F.);
#2421 = EDGE_CURVE('',#2221,#2394,#2422,.T.);
#2422 = SURFACE_CURVE('',#2423,(#2428,#2435),.PCURVE_S1.);
#2423 = ELLIPSE('',#2424,14.5885314716,10.);
#2424 = AXIS2_PLACEMENT_3D('',#2425,#2426,#2427);
#2425 = CARTESIAN_POINT('',(179.85179329901,371.24172775287,
    4.883574383957));
#2426 = DIRECTION('',(0.,0.342020133783,0.939692624259));
#2427 = DIRECTION('',(-0.546131533725,-0.787179982924,0.286510073742));
#2428 = PCURVE('',#1326,#2429);
#2429 = DEFINITIONAL_REPRESENTATION('',(#2430),#2434);
#2430 = ELLIPSE('',#2431,14.5885314716,10.);
#2431 = AXIS2_PLACEMENT_2D('',#2432,#2433);
#2432 = CARTESIAN_POINT('',(-13.38559040659,-40.30470977481));
#2433 = DIRECTION('',(-0.837699437669,0.546131533725));
#2434 = ( GEOMETRIC_REPRESENTATION_CONTEXT(2) 
PARAMETRIC_REPRESENTATION_CONTEXT() REPRESENTATION_CONTEXT('2D SPACE',''
  ) );
#2435 = PCURVE('',#2121,#2436);
#2436 = DEFINITIONAL_REPRESENTATION('',(#2437),#2447);
#2437 = B_SPLINE_CURVE_WITH_KNOTS('',8,(#2438,#2439,#2440,#2441,#2442,
    #2443,#2444,#2445,#2446),.UNSPECIFIED.,.F.,.F.,(9,9),(3.310110999184
    ,3.561854562802),.PIECEWISE_BEZIER_KNOTS.);
#2438 = CARTESIAN_POINT('',(1.162407399018,2.92916063314));
#2439 = CARTESIAN_POINT('',(1.19387534522,2.985221685405));
#2440 = CARTESIAN_POINT('',(1.225343290423,3.053133212543));
#2441 = CARTESIAN_POINT('',(1.256811235626,3.132810624445));
#2442 = CARTESIAN_POINT('',(1.288279180823,3.224144295204));
#2443 = CARTESIAN_POINT('',(1.319747126028,3.326999832816));
#2444 = CARTESIAN_POINT('',(1.351215071231,3.441218479626));
#2445 = CARTESIAN_POINT('',(1.382683016434,3.566617641777));
#2446 = CARTESIAN_POINT('',(1.414150962636,3.702991545718));
#2447 = ( GEOMETRIC_REPRESENTATION_CONTEXT(2) 
PARAMETRIC_REPRESENTATION_CONTEXT() REPRESENTATION_CONTEXT('2D SPACE',''
  ) );
#2448 = ORIENTED_EDGE('',*,*,#2220,.F.);
#2449 = ADVANCED_FACE('',(#2450),#1354,.F.);
#2450 = FACE_BOUND('',#2451,.F.);
#2451 = EDGE_LOOP('',(#2452,#2453,#2454,#2455,#2478,#2501));
#2452 = ORIENTED_EDGE('',*,*,#2370,.T.);
#2453 = ORIENTED_EDGE('',*,*,#1338,.F.);
#2454 = ORIENTED_EDGE('',*,*,#2345,.T.);
#2455 = ORIENTED_EDGE('',*,*,#2456,.T.);
#2456 = EDGE_CURVE('',#2318,#2457,#2459,.T.);
#2457 = VERTEX_POINT('',#2458);
#2458 = CARTESIAN_POINT('',(139.5470835242,346.70510512266,
    25.054535515808));
#2459 = SURFACE_CURVE('',#2460,(#2464,#2471),.PCURVE_S1.);
#2460 = LINE('',#2461,#2462);
#2461 = CARTESIAN_POINT('',(139.5470835242,337.66287368567,
    2.289191549275));
#2462 = VECTOR('',#2463,1.);
#2463 = DIRECTION('',(0.,0.369140528159,0.929373590367));
#2464 = PCURVE('',#1354,#2465);
#2465 = DEFINITIONAL_REPRESENTATION('',(#2466),#2470);
#2466 = LINE('',#2467,#2468);
#2467 = CARTESIAN_POINT('',(-22.68462997643,-135.2346560334));
#2468 = VECTOR('',#2469,1.);
#2469 = DIRECTION('',(0.369140528159,-0.929373590367));
#2470 = ( GEOMETRIC_REPRESENTATION_CONTEXT(2) 
PARAMETRIC_REPRESENTATION_CONTEXT() REPRESENTATION_CONTEXT('2D SPACE',''
  ) );
#2471 = PCURVE('',#2333,#2472);
#2472 = DEFINITIONAL_REPRESENTATION('',(#2473),#2477);
#2473 = LINE('',#2474,#2475);
#2474 = CARTESIAN_POINT('',(2.134511468278,0.));
#2475 = VECTOR('',#2476,1.);
#2476 = DIRECTION('',(1.,0.));
#2477 = ( GEOMETRIC_REPRESENTATION_CONTEXT(2) 
PARAMETRIC_REPRESENTATION_CONTEXT() REPRESENTATION_CONTEXT('2D SPACE',''
  ) );
#2478 = ORIENTED_EDGE('',*,*,#2479,.T.);
#2479 = EDGE_CURVE('',#2457,#2480,#2482,.T.);
#2480 = VERTEX_POINT('',#2481);
#2481 = CARTESIAN_POINT('',(139.5470835242,373.98990220155,
    25.054535515808));
#2482 = SURFACE_CURVE('',#2483,(#2487,#2494),.PCURVE_S1.);
#2483 = LINE('',#2484,#2485);
#2484 = CARTESIAN_POINT('',(139.5470835242,347.88458295979,
    25.054535515808));
#2485 = VECTOR('',#2486,1.);
#2486 = DIRECTION('',(0.,1.,0.));
#2487 = PCURVE('',#1354,#2488);
#2488 = DEFINITIONAL_REPRESENTATION('',(#2489),#2493);
#2489 = LINE('',#2490,#2491);
#2490 = CARTESIAN_POINT('',(-12.46292070231,-158.));
#2491 = VECTOR('',#2492,1.);
#2492 = DIRECTION('',(1.,0.));
#2493 = ( GEOMETRIC_REPRESENTATION_CONTEXT(2) 
PARAMETRIC_REPRESENTATION_CONTEXT() REPRESENTATION_CONTEXT('2D SPACE',''
  ) );
#2494 = PCURVE('',#2093,#2495);
#2495 = DEFINITIONAL_REPRESENTATION('',(#2496),#2500);
#2496 = LINE('',#2497,#2498);
#2497 = CARTESIAN_POINT('',(1.179477837127,0.));
#2498 = VECTOR('',#2499,1.);
#2499 = DIRECTION('',(1.,0.));
#2500 = ( GEOMETRIC_REPRESENTATION_CONTEXT(2) 
PARAMETRIC_REPRESENTATION_CONTEXT() REPRESENTATION_CONTEXT('2D SPACE',''
  ) );
#2501 = ORIENTED_EDGE('',*,*,#2502,.T.);
#2502 = EDGE_CURVE('',#2480,#2371,#2503,.T.);
#2503 = SURFACE_CURVE('',#2504,(#2508,#2515),.PCURVE_S1.);
#2504 = LINE('',#2505,#2506);
#2505 = CARTESIAN_POINT('',(139.5470835242,374.31853968663,
    24.227135173271));
#2506 = VECTOR('',#2507,1.);
#2507 = DIRECTION('',(0.,0.369140528159,-0.929373590367));
#2508 = PCURVE('',#1354,#2509);
#2509 = DEFINITIONAL_REPRESENTATION('',(#2510),#2514);
#2510 = LINE('',#2511,#2512);
#2511 = CARTESIAN_POINT('',(13.971036024531,-157.1725996574));
#2512 = VECTOR('',#2513,1.);
#2513 = DIRECTION('',(0.369140528159,0.929373590367));
#2514 = ( GEOMETRIC_REPRESENTATION_CONTEXT(2) 
PARAMETRIC_REPRESENTATION_CONTEXT() REPRESENTATION_CONTEXT('2D SPACE',''
  ) );
#2515 = PCURVE('',#2409,#2516);
#2516 = DEFINITIONAL_REPRESENTATION('',(#2517),#2521);
#2517 = LINE('',#2518,#2519);
#2518 = CARTESIAN_POINT('',(0.890277441831,0.));
#2519 = VECTOR('',#2520,1.);
#2520 = DIRECTION('',(1.,0.));
#2521 = ( GEOMETRIC_REPRESENTATION_CONTEXT(2) 
PARAMETRIC_REPRESENTATION_CONTEXT() REPRESENTATION_CONTEXT('2D SPACE',''
  ) );
#2522 = ADVANCED_FACE('',(#2523),#1470,.F.);
#2523 = FACE_BOUND('',#2524,.T.);
#2524 = EDGE_LOOP('',(#2525,#2526,#2549,#2580));
#2525 = ORIENTED_EDGE('',*,*,#1613,.T.);
#2526 = ORIENTED_EDGE('',*,*,#2527,.T.);
#2527 = EDGE_CURVE('',#1586,#2528,#2530,.T.);
#2528 = VERTEX_POINT('',#2529);
#2529 = CARTESIAN_POINT('',(183.02990310513,383.69094442246,
    6.048515033196));
#2530 = SURFACE_CURVE('',#2531,(#2535,#2542),.PCURVE_S1.);
#2531 = LINE('',#2532,#2533);
#2532 = CARTESIAN_POINT('',(137.5470835242,383.69094442246,
    6.048515033197));
#2533 = VECTOR('',#2534,1.);
#2534 = DIRECTION('',(1.,-0.,-0.));
#2535 = PCURVE('',#1470,#2536);
#2536 = DEFINITIONAL_REPRESENTATION('',(#2537),#2541);
#2537 = LINE('',#2538,#2539);
#2538 = CARTESIAN_POINT('',(-0.843646422063,0.));
#2539 = VECTOR('',#2540,1.);
#2540 = DIRECTION('',(-0.,1.));
#2541 = ( GEOMETRIC_REPRESENTATION_CONTEXT(2) 
PARAMETRIC_REPRESENTATION_CONTEXT() REPRESENTATION_CONTEXT('2D SPACE',''
  ) );
#2542 = PCURVE('',#1601,#2543);
#2543 = DEFINITIONAL_REPRESENTATION('',(#2544),#2548);
#2544 = LINE('',#2545,#2546);
#2545 = CARTESIAN_POINT('',(22.602342804176,0.));
#2546 = VECTOR('',#2547,1.);
#2547 = DIRECTION('',(0.,-1.));
#2548 = ( GEOMETRIC_REPRESENTATION_CONTEXT(2) 
PARAMETRIC_REPRESENTATION_CONTEXT() REPRESENTATION_CONTEXT('2D SPACE',''
  ) );
#2549 = ORIENTED_EDGE('',*,*,#2550,.F.);
#2550 = EDGE_CURVE('',#1455,#2528,#2551,.T.);
#2551 = SURFACE_CURVE('',#2552,(#2561,#2573),.PCURVE_S1.);
#2552 = ( BOUNDED_CURVE() B_SPLINE_CURVE(7,(#2553,#2554,#2555,#2556,
    #2557,#2558,#2559,#2560),.UNSPECIFIED.,.F.,.F.) 
B_SPLINE_CURVE_WITH_KNOTS((8,8),(0.,0.843377285263),
.PIECEWISE_BEZIER_KNOTS.) CURVE() GEOMETRIC_REPRESENTATION_ITEM() 
RATIONAL_B_SPLINE_CURVE((1.,1.,1.,1.,1.,1.,1.,1.)) REPRESENTATION_ITEM(
  '') );
#2553 = CARTESIAN_POINT('',(188.35095934089,389.56447898829,
    0.342994072194));
#2554 = CARTESIAN_POINT('',(187.90618104467,388.25416556884,
    0.819909139366));
#2555 = CARTESIAN_POINT('',(187.28342809649,387.07126807962,
    1.491715878717));
#2556 = CARTESIAN_POINT('',(186.52625763201,386.07003894307,
    2.306594621465));
#2557 = CARTESIAN_POINT('',(185.69803089155,385.25502792495,
    3.191154294033));
#2558 = CARTESIAN_POINT('',(184.83118397225,384.59586618249,
    4.118241190896));
#2559 = CARTESIAN_POINT('',(183.93995768731,384.07852883188,
    5.072705858439));
#2560 = CARTESIAN_POINT('',(183.02990310513,383.69094442246,
    6.048515033197));
#2561 = PCURVE('',#1470,#2562);
#2562 = DEFINITIONAL_REPRESENTATION('',(#2563),#2572);
#2563 = B_SPLINE_CURVE_WITH_KNOTS('',7,(#2564,#2565,#2566,#2567,#2568,
    #2569,#2570,#2571),.UNSPECIFIED.,.F.,.F.,(8,8),(0.,0.843377285263),
  .PIECEWISE_BEZIER_KNOTS.);
#2564 = CARTESIAN_POINT('',(5.551115123126E-17,50.803875816695));
#2565 = CARTESIAN_POINT('',(-0.139440641081,50.359097520471));
#2566 = CARTESIAN_POINT('',(-0.273563464642,49.736344572292));
#2567 = CARTESIAN_POINT('',(-0.400000185286,48.979174107813));
#2568 = CARTESIAN_POINT('',(-0.518474535532,48.150947367349));
#2569 = CARTESIAN_POINT('',(-0.630845920238,47.284100448052));
#2570 = CARTESIAN_POINT('',(-0.738649983077,46.39287416311));
#2571 = CARTESIAN_POINT('',(-0.843646422063,45.482819580935));
#2572 = ( GEOMETRIC_REPRESENTATION_CONTEXT(2) 
PARAMETRIC_REPRESENTATION_CONTEXT() REPRESENTATION_CONTEXT('2D SPACE',''
  ) );
#2573 = PCURVE('',#1525,#2574);
#2574 = DEFINITIONAL_REPRESENTATION('',(#2575),#2579);
#2575 = LINE('',#2576,#2577);
#2576 = CARTESIAN_POINT('',(0.843377285263,0.));
#2577 = VECTOR('',#2578,1.);
#2578 = DIRECTION('',(0.,1.));
#2579 = ( GEOMETRIC_REPRESENTATION_CONTEXT(2) 
PARAMETRIC_REPRESENTATION_CONTEXT() REPRESENTATION_CONTEXT('2D SPACE',''
  ) );
#2580 = ORIENTED_EDGE('',*,*,#1454,.F.);
#2581 = ADVANCED_FACE('',(#2582),#1525,.T.);
#2582 = FACE_BOUND('',#2583,.T.);
#2583 = EDGE_LOOP('',(#2584,#2585,#2586,#2612));
#2584 = ORIENTED_EDGE('',*,*,#1506,.T.);
#2585 = ORIENTED_EDGE('',*,*,#2550,.T.);
#2586 = ORIENTED_EDGE('',*,*,#2587,.F.);
#2587 = EDGE_CURVE('',#1884,#2528,#2588,.T.);
#2588 = SURFACE_CURVE('',#2589,(#2593,#2600),.PCURVE_S1.);
#2589 = ( BOUNDED_CURVE() B_SPLINE_CURVE(2,(#2590,#2591,#2592),
.UNSPECIFIED.,.F.,.F.) B_SPLINE_CURVE_WITH_KNOTS((3,3),(0.,
0.843377285263),.PIECEWISE_BEZIER_KNOTS.) CURVE() 
GEOMETRIC_REPRESENTATION_ITEM() RATIONAL_B_SPLINE_CURVE((1.,
0.760264930254,1.)) REPRESENTATION_ITEM('') );
#2590 = CARTESIAN_POINT('',(192.0929809755,374.3972085188,6.583292369017
    ));
#2591 = CARTESIAN_POINT('',(190.86989837169,382.43673400181,
    9.20620147724));
#2592 = CARTESIAN_POINT('',(183.02990310513,383.69094442246,
    6.048515033197));
#2593 = PCURVE('',#1525,#2594);
#2594 = DEFINITIONAL_REPRESENTATION('',(#2595),#2599);
#2595 = LINE('',#2596,#2597);
#2596 = CARTESIAN_POINT('',(0.,0.843377285263));
#2597 = VECTOR('',#2598,1.);
#2598 = DIRECTION('',(1.,0.));
#2599 = ( GEOMETRIC_REPRESENTATION_CONTEXT(2) 
PARAMETRIC_REPRESENTATION_CONTEXT() REPRESENTATION_CONTEXT('2D SPACE',''
  ) );
#2600 = PCURVE('',#1899,#2601);
#2601 = DEFINITIONAL_REPRESENTATION('',(#2602),#2611);
#2602 = B_SPLINE_CURVE_WITH_KNOTS('',7,(#2603,#2604,#2605,#2606,#2607,
    #2608,#2609,#2610),.UNSPECIFIED.,.F.,.F.,(8,8),(0.,0.843377285263),
  .PIECEWISE_BEZIER_KNOTS.);
#2603 = CARTESIAN_POINT('',(0.,20.93058675115));
#2604 = CARTESIAN_POINT('',(-0.185603755202,20.93058675115));
#2605 = CARTESIAN_POINT('',(-0.386046545393,20.93058675115));
#2606 = CARTESIAN_POINT('',(-0.598174271074,20.93058675115));
#2607 = CARTESIAN_POINT('',(-0.815976691716,20.93058675115));
#2608 = CARTESIAN_POINT('',(-1.02810441765,20.93058675115));
#2609 = CARTESIAN_POINT('',(-1.228547207434,20.93058675115));
#2610 = CARTESIAN_POINT('',(-1.414150962636,20.93058675115));
#2611 = ( GEOMETRIC_REPRESENTATION_CONTEXT(2) 
PARAMETRIC_REPRESENTATION_CONTEXT() REPRESENTATION_CONTEXT('2D SPACE',''
  ) );
#2612 = ORIENTED_EDGE('',*,*,#1911,.F.);
#2613 = ADVANCED_FACE('',(#2614),#1601,.T.);
#2614 = FACE_BOUND('',#2615,.T.);
#2615 = EDGE_LOOP('',(#2616,#2639,#2660,#2661));
#2616 = ORIENTED_EDGE('',*,*,#2617,.T.);
#2617 = EDGE_CURVE('',#1584,#2618,#2620,.T.);
#2618 = VERTEX_POINT('',#2619);
#2619 = CARTESIAN_POINT('',(173.23463488673,375.3475036621,
    27.054535515808));
#2620 = SURFACE_CURVE('',#2621,(#2625,#2632),.PCURVE_S1.);
#2621 = LINE('',#2622,#2623);
#2622 = CARTESIAN_POINT('',(137.5470835242,375.3475036621,
    27.054535515808));
#2623 = VECTOR('',#2624,1.);
#2624 = DIRECTION('',(1.,-0.,-0.));
#2625 = PCURVE('',#1601,#2626);
#2626 = DEFINITIONAL_REPRESENTATION('',(#2627),#2631);
#2627 = LINE('',#2628,#2629);
#2628 = CARTESIAN_POINT('',(0.,0.));
#2629 = VECTOR('',#2630,1.);
#2630 = DIRECTION('',(0.,-1.));
#2631 = ( GEOMETRIC_REPRESENTATION_CONTEXT(2) 
PARAMETRIC_REPRESENTATION_CONTEXT() REPRESENTATION_CONTEXT('2D SPACE',''
  ) );
#2632 = PCURVE('',#1735,#2633);
#2633 = DEFINITIONAL_REPRESENTATION('',(#2634),#2638);
#2634 = LINE('',#2635,#2636);
#2635 = CARTESIAN_POINT('',(30.,0.));
#2636 = VECTOR('',#2637,1.);
#2637 = DIRECTION('',(0.,-1.));
#2638 = ( GEOMETRIC_REPRESENTATION_CONTEXT(2) 
PARAMETRIC_REPRESENTATION_CONTEXT() REPRESENTATION_CONTEXT('2D SPACE',''
  ) );
#2639 = ORIENTED_EDGE('',*,*,#2640,.T.);
#2640 = EDGE_CURVE('',#2618,#2528,#2641,.T.);
#2641 = SURFACE_CURVE('',#2642,(#2646,#2653),.PCURVE_S1.);
#2642 = LINE('',#2643,#2644);
#2643 = CARTESIAN_POINT('',(174.70708825764,376.60171408275,
    23.896849071765));
#2644 = VECTOR('',#2645,1.);
#2645 = DIRECTION('',(0.397638869204,0.338701940084,-0.852739306871));
#2646 = PCURVE('',#1601,#2647);
#2647 = DEFINITIONAL_REPRESENTATION('',(#2648),#2652);
#2648 = LINE('',#2649,#2650);
#2649 = CARTESIAN_POINT('',(3.397650284852,-37.16000473344));
#2650 = VECTOR('',#2651,1.);
#2651 = DIRECTION('',(0.917542004324,-0.397638869204));
#2652 = ( GEOMETRIC_REPRESENTATION_CONTEXT(2) 
PARAMETRIC_REPRESENTATION_CONTEXT() REPRESENTATION_CONTEXT('2D SPACE',''
  ) );
#2653 = PCURVE('',#1899,#2654);
#2654 = DEFINITIONAL_REPRESENTATION('',(#2655),#2659);
#2655 = LINE('',#2656,#2657);
#2656 = CARTESIAN_POINT('',(-1.414150962636,0.));
#2657 = VECTOR('',#2658,1.);
#2658 = DIRECTION('',(-0.,1.));
#2659 = ( GEOMETRIC_REPRESENTATION_CONTEXT(2) 
PARAMETRIC_REPRESENTATION_CONTEXT() REPRESENTATION_CONTEXT('2D SPACE',''
  ) );
#2660 = ORIENTED_EDGE('',*,*,#2527,.F.);
#2661 = ORIENTED_EDGE('',*,*,#1583,.F.);
#2662 = ADVANCED_FACE('',(#2663),#1735,.T.);
#2663 = FACE_BOUND('',#2664,.T.);
#2664 = EDGE_LOOP('',(#2665,#2688,#2720,#2721,#2749,#2750));
#2665 = ORIENTED_EDGE('',*,*,#2666,.T.);
#2666 = EDGE_CURVE('',#1694,#2667,#2669,.T.);
#2667 = VERTEX_POINT('',#2668);
#2668 = CARTESIAN_POINT('',(173.23463488673,345.3475036621,
    27.054535515808));
#2669 = SURFACE_CURVE('',#2670,(#2674,#2681),.PCURVE_S1.);
#2670 = LINE('',#2671,#2672);
#2671 = CARTESIAN_POINT('',(137.5470835242,345.3475036621,
    27.054535515808));
#2672 = VECTOR('',#2673,1.);
#2673 = DIRECTION('',(1.,-0.,-0.));
#2674 = PCURVE('',#1735,#2675);
#2675 = DEFINITIONAL_REPRESENTATION('',(#2676),#2680);
#2676 = LINE('',#2677,#2678);
#2677 = CARTESIAN_POINT('',(0.,0.));
#2678 = VECTOR('',#2679,1.);
#2679 = DIRECTION('',(0.,-1.));
#2680 = ( GEOMETRIC_REPRESENTATION_CONTEXT(2) 
PARAMETRIC_REPRESENTATION_CONTEXT() REPRESENTATION_CONTEXT('2D SPACE',''
  ) );
#2681 = PCURVE('',#1709,#2682);
#2682 = DEFINITIONAL_REPRESENTATION('',(#2683),#2687);
#2683 = LINE('',#2684,#2685);
#2684 = CARTESIAN_POINT('',(27.089954196798,0.));
#2685 = VECTOR('',#2686,1.);
#2686 = DIRECTION('',(0.,-1.));
#2687 = ( GEOMETRIC_REPRESENTATION_CONTEXT(2) 
PARAMETRIC_REPRESENTATION_CONTEXT() REPRESENTATION_CONTEXT('2D SPACE',''
  ) );
#2688 = ORIENTED_EDGE('',*,*,#2689,.F.);
#2689 = EDGE_CURVE('',#1833,#2667,#2690,.T.);
#2690 = SURFACE_CURVE('',#2691,(#2696,#2707),.PCURVE_S1.);
#2691 = ELLIPSE('',#2692,11.726913394786,10.);
#2692 = AXIS2_PLACEMENT_3D('',#2693,#2694,#2695);
#2693 = CARTESIAN_POINT('',(171.51330433457,356.10743928289,
    27.054535515808));
#2694 = DIRECTION('',(0.,0.,-1.));
#2695 = DIRECTION('',(-0.761269187914,0.648435982602,0.));
#2696 = PCURVE('',#1735,#2697);
#2697 = DEFINITIONAL_REPRESENTATION('',(#2698),#2706);
#2698 = ( BOUNDED_CURVE() B_SPLINE_CURVE(2,(#2699,#2700,#2701,#2702,
#2703,#2704,#2705),.UNSPECIFIED.,.T.,.F.) B_SPLINE_CURVE_WITH_KNOTS((1,2
    ,2,2,2,1),(-2.094395102393,0.,2.094395102393,4.188790204786,
6.28318530718,8.377580409573),.UNSPECIFIED.) CURVE() 
GEOMETRIC_REPRESENTATION_ITEM() RATIONAL_B_SPLINE_CURVE((1.,0.5,1.,0.5,
1.,0.5,1.)) REPRESENTATION_ITEM('') );
#2699 = CARTESIAN_POINT('',(18.364088230816,-25.03888297358));
#2700 = CARTESIAN_POINT('',(31.549657347855,-36.2701236468));
#2701 = CARTESIAN_POINT('',(13.550643874287,-44.04551006537));
#2702 = CARTESIAN_POINT('',(-4.448369599281,-51.82089648395));
#2703 = CARTESIAN_POINT('',(0.365074757247,-32.81426939216));
#2704 = CARTESIAN_POINT('',(5.178519113776,-13.80764230036));
#2705 = CARTESIAN_POINT('',(18.364088230816,-25.03888297358));
#2706 = ( GEOMETRIC_REPRESENTATION_CONTEXT(2) 
PARAMETRIC_REPRESENTATION_CONTEXT() REPRESENTATION_CONTEXT('2D SPACE',''
  ) );
#2707 = PCURVE('',#1848,#2708);
#2708 = DEFINITIONAL_REPRESENTATION('',(#2709),#2719);
#2709 = B_SPLINE_CURVE_WITH_KNOTS('',8,(#2710,#2711,#2712,#2713,#2714,
    #2715,#2716,#2717,#2718),.UNSPECIFIED.,.F.,.F.,(9,9),(2.513401026427
    ,3.927551989063),.PIECEWISE_BEZIER_KNOTS.);
#2710 = CARTESIAN_POINT('',(-3.575505380861E-15,32.60034676364));
#2711 = CARTESIAN_POINT('',(-0.176768871079,31.964016027136));
#2712 = CARTESIAN_POINT('',(-0.353537741158,31.504669906299));
#2713 = CARTESIAN_POINT('',(-0.530306611239,31.252607153059));
#2714 = CARTESIAN_POINT('',(-0.707075481313,31.226328596851));
#2715 = CARTESIAN_POINT('',(-0.883844351399,31.429508271365));
#2716 = CARTESIAN_POINT('',(-1.060613221476,31.849923901576));
#2717 = CARTESIAN_POINT('',(-1.237382091556,32.461405147591));
#2718 = CARTESIAN_POINT('',(-1.414150962636,33.227475513906));
#2719 = ( GEOMETRIC_REPRESENTATION_CONTEXT(2) 
PARAMETRIC_REPRESENTATION_CONTEXT() REPRESENTATION_CONTEXT('2D SPACE',''
  ) );
#2720 = ORIENTED_EDGE('',*,*,#1860,.T.);
#2721 = ORIENTED_EDGE('',*,*,#2722,.T.);
#2722 = EDGE_CURVE('',#1861,#2618,#2723,.T.);
#2723 = SURFACE_CURVE('',#2724,(#2729,#2736),.PCURVE_S1.);
#2724 = ELLIPSE('',#2725,11.726913394786,10.);
#2725 = AXIS2_PLACEMENT_3D('',#2726,#2727,#2728);
#2726 = CARTESIAN_POINT('',(171.51330433457,364.58756804132,
    27.054535515808));
#2727 = DIRECTION('',(0.,-0.,1.));
#2728 = DIRECTION('',(0.761269187914,0.648435982602,0.));
#2729 = PCURVE('',#1735,#2730);
#2730 = DEFINITIONAL_REPRESENTATION('',(#2731),#2735);
#2731 = ELLIPSE('',#2732,11.726913394786,10.);
#2732 = AXIS2_PLACEMENT_2D('',#2733,#2734);
#2733 = CARTESIAN_POINT('',(19.240064379217,-33.96622081037));
#2734 = DIRECTION('',(0.648435982602,-0.761269187914));
#2735 = ( GEOMETRIC_REPRESENTATION_CONTEXT(2) 
PARAMETRIC_REPRESENTATION_CONTEXT() REPRESENTATION_CONTEXT('2D SPACE',''
  ) );
#2736 = PCURVE('',#1899,#2737);
#2737 = DEFINITIONAL_REPRESENTATION('',(#2738),#2748);
#2738 = B_SPLINE_CURVE_WITH_KNOTS('',8,(#2739,#2740,#2741,#2742,#2743,
    #2744,#2745,#2746,#2747),.UNSPECIFIED.,.F.,.F.,(9,9),(5.654993680017
    ,7.069144642653),.PIECEWISE_BEZIER_KNOTS.);
#2739 = CARTESIAN_POINT('',(-7.333344376033E-16,-3.075862795452));
#2740 = CARTESIAN_POINT('',(-0.176768871079,-2.439532058948));
#2741 = CARTESIAN_POINT('',(-0.353537741159,-1.980185938117));
#2742 = CARTESIAN_POINT('',(-0.530306611237,-1.728123184843));
#2743 = CARTESIAN_POINT('',(-0.707075481317,-1.701844628775));
#2744 = CARTESIAN_POINT('',(-0.883844351396,-1.905024303149));
#2745 = CARTESIAN_POINT('',(-1.060613221477,-2.325439933401));
#2746 = CARTESIAN_POINT('',(-1.237382091556,-2.936921179403));
#2747 = CARTESIAN_POINT('',(-1.414150962636,-3.702991545718));
#2748 = ( GEOMETRIC_REPRESENTATION_CONTEXT(2) 
PARAMETRIC_REPRESENTATION_CONTEXT() REPRESENTATION_CONTEXT('2D SPACE',''
  ) );
#2749 = ORIENTED_EDGE('',*,*,#2617,.F.);
#2750 = ORIENTED_EDGE('',*,*,#1721,.F.);
#2751 = ADVANCED_FACE('',(#2752),#1709,.T.);
#2752 = FACE_BOUND('',#2753,.T.);
#2753 = EDGE_LOOP('',(#2754,#2755,#2756,#2779));
#2754 = ORIENTED_EDGE('',*,*,#2666,.F.);
#2755 = ORIENTED_EDGE('',*,*,#1693,.F.);
#2756 = ORIENTED_EDGE('',*,*,#2757,.T.);
#2757 = EDGE_CURVE('',#1661,#2758,#2760,.T.);
#2758 = VERTEX_POINT('',#2759);
#2759 = CARTESIAN_POINT('',(183.02990310513,337.00406290175,
    6.048515033196));
#2760 = SURFACE_CURVE('',#2761,(#2765,#2772),.PCURVE_S1.);
#2761 = LINE('',#2762,#2763);
#2762 = CARTESIAN_POINT('',(137.5470835242,337.00406290175,
    6.048515033197));
#2763 = VECTOR('',#2764,1.);
#2764 = DIRECTION('',(1.,-0.,-0.));
#2765 = PCURVE('',#1709,#2766);
#2766 = DEFINITIONAL_REPRESENTATION('',(#2767),#2771);
#2767 = LINE('',#2768,#2769);
#2768 = CARTESIAN_POINT('',(4.487611392622,0.));
#2769 = VECTOR('',#2770,1.);
#2770 = DIRECTION('',(0.,-1.));
#2771 = ( GEOMETRIC_REPRESENTATION_CONTEXT(2) 
PARAMETRIC_REPRESENTATION_CONTEXT() REPRESENTATION_CONTEXT('2D SPACE',''
  ) );
#2772 = PCURVE('',#1681,#2773);
#2773 = DEFINITIONAL_REPRESENTATION('',(#2774),#2778);
#2774 = LINE('',#2775,#2776);
#2775 = CARTESIAN_POINT('',(0.843646422063,0.));
#2776 = VECTOR('',#2777,1.);
#2777 = DIRECTION('',(0.,1.));
#2778 = ( GEOMETRIC_REPRESENTATION_CONTEXT(2) 
PARAMETRIC_REPRESENTATION_CONTEXT() REPRESENTATION_CONTEXT('2D SPACE',''
  ) );
#2779 = ORIENTED_EDGE('',*,*,#2780,.T.);
#2780 = EDGE_CURVE('',#2758,#2667,#2781,.T.);
#2781 = SURFACE_CURVE('',#2782,(#2786,#2793),.PCURVE_S1.);
#2782 = LINE('',#2783,#2784);
#2783 = CARTESIAN_POINT('',(186.44717067657,334.09329324146,
    -1.279838922977));
#2784 = VECTOR('',#2785,1.);
#2785 = DIRECTION('',(-0.397638869204,0.338701940084,0.852739306871));
#2786 = PCURVE('',#1709,#2787);
#2787 = DEFINITIONAL_REPRESENTATION('',(#2788),#2792);
#2788 = LINE('',#2789,#2790);
#2789 = CARTESIAN_POINT('',(-3.397650284852,-48.90008715237));
#2790 = VECTOR('',#2791,1.);
#2791 = DIRECTION('',(0.917542004324,0.397638869204));
#2792 = ( GEOMETRIC_REPRESENTATION_CONTEXT(2) 
PARAMETRIC_REPRESENTATION_CONTEXT() REPRESENTATION_CONTEXT('2D SPACE',''
  ) );
#2793 = PCURVE('',#1848,#2794);
#2794 = DEFINITIONAL_REPRESENTATION('',(#2795),#2799);
#2795 = LINE('',#2796,#2797);
#2796 = CARTESIAN_POINT('',(-1.414150962636,0.));
#2797 = VECTOR('',#2798,1.);
#2798 = DIRECTION('',(-0.,1.));
#2799 = ( GEOMETRIC_REPRESENTATION_CONTEXT(2) 
PARAMETRIC_REPRESENTATION_CONTEXT() REPRESENTATION_CONTEXT('2D SPACE',''
  ) );
#2800 = ADVANCED_FACE('',(#2801),#1681,.F.);
#2801 = FACE_BOUND('',#2802,.F.);
#2802 = EDGE_LOOP('',(#2803,#2804,#2805,#2836));
#2803 = ORIENTED_EDGE('',*,*,#1660,.T.);
#2804 = ORIENTED_EDGE('',*,*,#2757,.T.);
#2805 = ORIENTED_EDGE('',*,*,#2806,.T.);
#2806 = EDGE_CURVE('',#2758,#1948,#2807,.T.);
#2807 = SURFACE_CURVE('',#2808,(#2817,#2829),.PCURVE_S1.);
#2808 = ( BOUNDED_CURVE() B_SPLINE_CURVE(7,(#2809,#2810,#2811,#2812,
    #2813,#2814,#2815,#2816),.UNSPECIFIED.,.F.,.F.) 
B_SPLINE_CURVE_WITH_KNOTS((8,8),(-1.227835827251E-15,0.843377285263),
.PIECEWISE_BEZIER_KNOTS.) CURVE() GEOMETRIC_REPRESENTATION_ITEM() 
RATIONAL_B_SPLINE_CURVE((1.,1.,1.,1.,1.,1.,1.,1.)) REPRESENTATION_ITEM(
  '') );
#2809 = CARTESIAN_POINT('',(183.02990310513,337.00406290175,
    6.048515033197));
#2810 = CARTESIAN_POINT('',(183.93995768731,336.61647849233,
    5.072705858439));
#2811 = CARTESIAN_POINT('',(184.83118397225,336.09914114172,
    4.118241190896));
#2812 = CARTESIAN_POINT('',(185.69803089155,335.43997939926,
    3.191154294033));
#2813 = CARTESIAN_POINT('',(186.52625763201,334.62496838114,
    2.306594621465));
#2814 = CARTESIAN_POINT('',(187.28342809649,333.62373924459,
    1.491715878717));
#2815 = CARTESIAN_POINT('',(187.90618104467,332.44084175537,
    0.819909139366));
#2816 = CARTESIAN_POINT('',(188.35095934089,331.13052833592,
    0.342994072194));
#2817 = PCURVE('',#1681,#2818);
#2818 = DEFINITIONAL_REPRESENTATION('',(#2819),#2828);
#2819 = B_SPLINE_CURVE_WITH_KNOTS('',7,(#2820,#2821,#2822,#2823,#2824,
    #2825,#2826,#2827),.UNSPECIFIED.,.F.,.F.,(8,8),(-1.227835827251E-15,
    0.843377285263),.PIECEWISE_BEZIER_KNOTS.);
#2820 = CARTESIAN_POINT('',(0.843646422063,45.482819580935));
#2821 = CARTESIAN_POINT('',(0.738649983077,46.39287416311));
#2822 = CARTESIAN_POINT('',(0.630845920238,47.284100448051));
#2823 = CARTESIAN_POINT('',(0.518474535532,48.15094736735));
#2824 = CARTESIAN_POINT('',(0.400000185286,48.979174107812));
#2825 = CARTESIAN_POINT('',(0.273563464642,49.736344572292));
#2826 = CARTESIAN_POINT('',(0.139440641081,50.359097520471));
#2827 = CARTESIAN_POINT('',(-5.107025913276E-15,50.803875816695));
#2828 = ( GEOMETRIC_REPRESENTATION_CONTEXT(2) 
PARAMETRIC_REPRESENTATION_CONTEXT() REPRESENTATION_CONTEXT('2D SPACE',''
  ) );
#2829 = PCURVE('',#1800,#2830);
#2830 = DEFINITIONAL_REPRESENTATION('',(#2831),#2835);
#2831 = LINE('',#2832,#2833);
#2832 = CARTESIAN_POINT('',(0.843377285263,0.));
#2833 = VECTOR('',#2834,1.);
#2834 = DIRECTION('',(0.,1.));
#2835 = ( GEOMETRIC_REPRESENTATION_CONTEXT(2) 
PARAMETRIC_REPRESENTATION_CONTEXT() REPRESENTATION_CONTEXT('2D SPACE',''
  ) );
#2836 = ORIENTED_EDGE('',*,*,#1970,.F.);
#2837 = ADVANCED_FACE('',(#2838),#1800,.T.);
#2838 = FACE_BOUND('',#2839,.T.);
#2839 = EDGE_LOOP('',(#2840,#2866,#2867,#2868));
#2840 = ORIENTED_EDGE('',*,*,#2841,.T.);
#2841 = EDGE_CURVE('',#1775,#2758,#2842,.T.);
#2842 = SURFACE_CURVE('',#2843,(#2847,#2854),.PCURVE_S1.);
#2843 = ( BOUNDED_CURVE() B_SPLINE_CURVE(2,(#2844,#2845,#2846),
.UNSPECIFIED.,.F.,.F.) B_SPLINE_CURVE_WITH_KNOTS((3,3),(0.,
0.843377285263),.PIECEWISE_BEZIER_KNOTS.) CURVE() 
GEOMETRIC_REPRESENTATION_ITEM() RATIONAL_B_SPLINE_CURVE((1.,
0.760264930254,1.)) REPRESENTATION_ITEM('') );
#2844 = CARTESIAN_POINT('',(192.0929809755,346.29779880541,
    6.583292369017));
#2845 = CARTESIAN_POINT('',(190.86989837169,338.2582733224,9.20620147724
    ));
#2846 = CARTESIAN_POINT('',(183.02990310513,337.00406290175,
    6.048515033197));
#2847 = PCURVE('',#1800,#2848);
#2848 = DEFINITIONAL_REPRESENTATION('',(#2849),#2853);
#2849 = LINE('',#2850,#2851);
#2850 = CARTESIAN_POINT('',(0.,-1.227835827251E-15));
#2851 = VECTOR('',#2852,1.);
#2852 = DIRECTION('',(1.,0.));
#2853 = ( GEOMETRIC_REPRESENTATION_CONTEXT(2) 
PARAMETRIC_REPRESENTATION_CONTEXT() REPRESENTATION_CONTEXT('2D SPACE',''
  ) );
#2854 = PCURVE('',#1848,#2855);
#2855 = DEFINITIONAL_REPRESENTATION('',(#2856),#2865);
#2856 = B_SPLINE_CURVE_WITH_KNOTS('',7,(#2857,#2858,#2859,#2860,#2861,
    #2862,#2863,#2864),.UNSPECIFIED.,.F.,.F.,(8,8),(0.,0.843377285263),
  .PIECEWISE_BEZIER_KNOTS.);
#2857 = CARTESIAN_POINT('',(1.110223024625E-16,8.593897217038));
#2858 = CARTESIAN_POINT('',(-0.185603755202,8.593897217038));
#2859 = CARTESIAN_POINT('',(-0.386046545393,8.593897217038));
#2860 = CARTESIAN_POINT('',(-0.598174271073,8.593897217038));
#2861 = CARTESIAN_POINT('',(-0.815976691717,8.593897217038));
#2862 = CARTESIAN_POINT('',(-1.02810441765,8.593897217038));
#2863 = CARTESIAN_POINT('',(-1.228547207434,8.593897217038));
#2864 = CARTESIAN_POINT('',(-1.414150962636,8.593897217038));
#2865 = ( GEOMETRIC_REPRESENTATION_CONTEXT(2) 
PARAMETRIC_REPRESENTATION_CONTEXT() REPRESENTATION_CONTEXT('2D SPACE',''
  ) );
#2866 = ORIENTED_EDGE('',*,*,#2806,.T.);
#2867 = ORIENTED_EDGE('',*,*,#1997,.F.);
#2868 = ORIENTED_EDGE('',*,*,#1774,.F.);
#2869 = ADVANCED_FACE('',(#2870),#1899,.T.);
#2870 = FACE_BOUND('',#2871,.F.);
#2871 = EDGE_LOOP('',(#2872,#2873,#2874,#2875));
#2872 = ORIENTED_EDGE('',*,*,#2722,.T.);
#2873 = ORIENTED_EDGE('',*,*,#2640,.T.);
#2874 = ORIENTED_EDGE('',*,*,#2587,.F.);
#2875 = ORIENTED_EDGE('',*,*,#1883,.F.);
#2876 = ADVANCED_FACE('',(#2877),#1848,.T.);
#2877 = FACE_BOUND('',#2878,.F.);
#2878 = EDGE_LOOP('',(#2879,#2880,#2881,#2882));
#2879 = ORIENTED_EDGE('',*,*,#2841,.T.);
#2880 = ORIENTED_EDGE('',*,*,#2780,.T.);
#2881 = ORIENTED_EDGE('',*,*,#2689,.F.);
#2882 = ORIENTED_EDGE('',*,*,#1832,.F.);
#2883 = ADVANCED_FACE('',(#2884),#2065,.F.);
#2884 = FACE_BOUND('',#2885,.F.);
#2885 = EDGE_LOOP('',(#2886,#2887,#2888,#2922,#2943));
#2886 = ORIENTED_EDGE('',*,*,#2157,.F.);
#2887 = ORIENTED_EDGE('',*,*,#2049,.F.);
#2888 = ORIENTED_EDGE('',*,*,#2889,.T.);
#2889 = EDGE_CURVE('',#2050,#2890,#2892,.T.);
#2890 = VERTEX_POINT('',#2891);
#2891 = CARTESIAN_POINT('',(172.16725020304,346.70510512266,
    25.054535515808));
#2892 = SURFACE_CURVE('',#2893,(#2898,#2911),.PCURVE_S1.);
#2893 = ELLIPSE('',#2894,11.726913394786,10.);
#2894 = AXIS2_PLACEMENT_3D('',#2895,#2896,#2897);
#2895 = CARTESIAN_POINT('',(170.44591965088,357.46504074344,
    25.054535515808));
#2896 = DIRECTION('',(-0.,0.,-1.));
#2897 = DIRECTION('',(0.761269187914,-0.648435982602,-0.));
#2898 = PCURVE('',#2065,#2899);
#2899 = DEFINITIONAL_REPRESENTATION('',(#2900),#2910);
#2900 = B_SPLINE_CURVE_WITH_KNOTS('',8,(#2901,#2902,#2903,#2904,#2905,
    #2906,#2907,#2908,#2909),.UNSPECIFIED.,.F.,.F.,(9,9),(5.654993680017
    ,7.069144642653),.PIECEWISE_BEZIER_KNOTS.);
#2901 = CARTESIAN_POINT('',(7.33334438172E-16,-3.075862795452));
#2902 = CARTESIAN_POINT('',(0.176768871079,-2.439532058948));
#2903 = CARTESIAN_POINT('',(0.353537741158,-1.980185938118));
#2904 = CARTESIAN_POINT('',(0.530306611237,-1.728123184844));
#2905 = CARTESIAN_POINT('',(0.70707548132,-1.70184462878));
#2906 = CARTESIAN_POINT('',(0.883844351396,-1.905024303151));
#2907 = CARTESIAN_POINT('',(1.060613221477,-2.325439933402));
#2908 = CARTESIAN_POINT('',(1.237382091556,-2.936921179403));
#2909 = CARTESIAN_POINT('',(1.414150962636,-3.702991545718));
#2910 = ( GEOMETRIC_REPRESENTATION_CONTEXT(2) 
PARAMETRIC_REPRESENTATION_CONTEXT() REPRESENTATION_CONTEXT('2D SPACE',''
  ) );
#2911 = PCURVE('',#2093,#2912);
#2912 = DEFINITIONAL_REPRESENTATION('',(#2913),#2921);
#2913 = ( BOUNDED_CURVE() B_SPLINE_CURVE(2,(#2914,#2915,#2916,#2917,
#2918,#2919,#2920),.UNSPECIFIED.,.T.,.F.) B_SPLINE_CURVE_WITH_KNOTS((1,2
    ,2,2,2,1),(-2.094395102393,0.,2.094395102393,4.188790204786,
6.28318530718,8.377580409573),.UNSPECIFIED.) CURVE() 
GEOMETRIC_REPRESENTATION_ITEM() RATIONAL_B_SPLINE_CURVE((1.,0.5,1.,0.5,
1.,0.5,1.)) REPRESENTATION_ITEM('') );
#2914 = CARTESIAN_POINT('',(3.155783010751,-39.82617396347));
#2915 = CARTESIAN_POINT('',(-10.02978610628,-28.59493329025));
#2916 = CARTESIAN_POINT('',(7.96922736728,-20.81954687168));
#2917 = CARTESIAN_POINT('',(25.968240840848,-13.0441604531));
#2918 = CARTESIAN_POINT('',(21.154796484319,-32.0507875449));
#2919 = CARTESIAN_POINT('',(16.341352127791,-51.05741463669));
#2920 = CARTESIAN_POINT('',(3.155783010751,-39.82617396347));
#2921 = ( GEOMETRIC_REPRESENTATION_CONTEXT(2) 
PARAMETRIC_REPRESENTATION_CONTEXT() REPRESENTATION_CONTEXT('2D SPACE',''
  ) );
#2922 = ORIENTED_EDGE('',*,*,#2923,.T.);
#2923 = EDGE_CURVE('',#2890,#2284,#2924,.T.);
#2924 = SURFACE_CURVE('',#2925,(#2929,#2936),.PCURVE_S1.);
#2925 = LINE('',#2926,#2927);
#2926 = CARTESIAN_POINT('',(173.63970357395,345.45089470201,
    21.896849071765));
#2927 = VECTOR('',#2928,1.);
#2928 = DIRECTION('',(0.397638869204,-0.338701940084,-0.852739306871));
#2929 = PCURVE('',#2065,#2930);
#2930 = DEFINITIONAL_REPRESENTATION('',(#2931),#2935);
#2931 = LINE('',#2932,#2933);
#2932 = CARTESIAN_POINT('',(1.414150962636,0.));
#2933 = VECTOR('',#2934,1.);
#2934 = DIRECTION('',(0.,1.));
#2935 = ( GEOMETRIC_REPRESENTATION_CONTEXT(2) 
PARAMETRIC_REPRESENTATION_CONTEXT() REPRESENTATION_CONTEXT('2D SPACE',''
  ) );
#2936 = PCURVE('',#2333,#2937);
#2937 = DEFINITIONAL_REPRESENTATION('',(#2938),#2942);
#2938 = LINE('',#2939,#2940);
#2939 = CARTESIAN_POINT('',(23.232224729915,-34.09262004975));
#2940 = VECTOR('',#2941,1.);
#2941 = DIRECTION('',(-0.917542004324,-0.397638869204));
#2942 = ( GEOMETRIC_REPRESENTATION_CONTEXT(2) 
PARAMETRIC_REPRESENTATION_CONTEXT() REPRESENTATION_CONTEXT('2D SPACE',''
  ) );
#2943 = ORIENTED_EDGE('',*,*,#2283,.F.);
#2944 = ADVANCED_FACE('',(#2945),#2121,.F.);
#2945 = FACE_BOUND('',#2946,.F.);
#2946 = EDGE_LOOP('',(#2947,#2948,#2949,#2972,#3000));
#2947 = ORIENTED_EDGE('',*,*,#2243,.T.);
#2948 = ORIENTED_EDGE('',*,*,#2421,.T.);
#2949 = ORIENTED_EDGE('',*,*,#2950,.T.);
#2950 = EDGE_CURVE('',#2394,#2951,#2953,.T.);
#2951 = VERTEX_POINT('',#2952);
#2952 = CARTESIAN_POINT('',(172.16725020304,373.98990220155,
    25.054535515808));
#2953 = SURFACE_CURVE('',#2954,(#2958,#2965),.PCURVE_S1.);
#2954 = LINE('',#2955,#2956);
#2955 = CARTESIAN_POINT('',(185.1803996271,385.07427874995,
    -2.85225348172));
#2956 = VECTOR('',#2957,1.);
#2957 = DIRECTION('',(-0.397638869204,-0.338701940084,0.852739306871));
#2958 = PCURVE('',#2121,#2959);
#2959 = DEFINITIONAL_REPRESENTATION('',(#2960),#2964);
#2960 = LINE('',#2961,#2962);
#2961 = CARTESIAN_POINT('',(1.414150962636,0.));
#2962 = VECTOR('',#2963,1.);
#2963 = DIRECTION('',(0.,1.));
#2964 = ( GEOMETRIC_REPRESENTATION_CONTEXT(2) 
PARAMETRIC_REPRESENTATION_CONTEXT() REPRESENTATION_CONTEXT('2D SPACE',''
  ) );
#2965 = PCURVE('',#2409,#2966);
#2966 = DEFINITIONAL_REPRESENTATION('',(#2967),#2971);
#2967 = LINE('',#2968,#2969);
#2968 = CARTESIAN_POINT('',(30.027525299619,-45.6333161029));
#2969 = VECTOR('',#2970,1.);
#2970 = DIRECTION('',(-0.917542004324,0.397638869204));
#2971 = ( GEOMETRIC_REPRESENTATION_CONTEXT(2) 
PARAMETRIC_REPRESENTATION_CONTEXT() REPRESENTATION_CONTEXT('2D SPACE',''
  ) );
#2972 = ORIENTED_EDGE('',*,*,#2973,.F.);
#2973 = EDGE_CURVE('',#2078,#2951,#2974,.T.);
#2974 = SURFACE_CURVE('',#2975,(#2980,#2993),.PCURVE_S1.);
#2975 = ELLIPSE('',#2976,11.726913394786,10.);
#2976 = AXIS2_PLACEMENT_3D('',#2977,#2978,#2979);
#2977 = CARTESIAN_POINT('',(170.44591965088,363.22996658077,
    25.054535515808));
#2978 = DIRECTION('',(0.,0.,1.));
#2979 = DIRECTION('',(-0.761269187914,-0.648435982602,0.));
#2980 = PCURVE('',#2121,#2981);
#2981 = DEFINITIONAL_REPRESENTATION('',(#2982),#2992);
#2982 = B_SPLINE_CURVE_WITH_KNOTS('',8,(#2983,#2984,#2985,#2986,#2987,
    #2988,#2989,#2990,#2991),.UNSPECIFIED.,.F.,.F.,(9,9),(2.513401026427
    ,3.927551989063),.PIECEWISE_BEZIER_KNOTS.);
#2983 = CARTESIAN_POINT('',(7.333344392319E-16,32.098921019792));
#2984 = CARTESIAN_POINT('',(0.176768871079,31.462590283287));
#2985 = CARTESIAN_POINT('',(0.353537741159,31.003244162439));
#2986 = CARTESIAN_POINT('',(0.530306611238,30.751181409083));
#2987 = CARTESIAN_POINT('',(0.707075481319,30.724902853108));
#2988 = CARTESIAN_POINT('',(0.883844351396,30.928082527433));
#2989 = CARTESIAN_POINT('',(1.060613221477,31.348498157728));
#2990 = CARTESIAN_POINT('',(1.237382091556,31.959979403742));
#2991 = CARTESIAN_POINT('',(1.414150962636,32.726049770058));
#2992 = ( GEOMETRIC_REPRESENTATION_CONTEXT(2) 
PARAMETRIC_REPRESENTATION_CONTEXT() REPRESENTATION_CONTEXT('2D SPACE',''
  ) );
#2993 = PCURVE('',#2093,#2994);
#2994 = DEFINITIONAL_REPRESENTATION('',(#2995),#2999);
#2995 = ELLIPSE('',#2996,11.726913394786,10.);
#2996 = AXIS2_PLACEMENT_2D('',#2997,#2998);
#2997 = CARTESIAN_POINT('',(16.524861458107,-30.89883612668));
#2998 = DIRECTION('',(-0.648435982602,0.761269187914));
#2999 = ( GEOMETRIC_REPRESENTATION_CONTEXT(2) 
PARAMETRIC_REPRESENTATION_CONTEXT() REPRESENTATION_CONTEXT('2D SPACE',''
  ) );
#3000 = ORIENTED_EDGE('',*,*,#2105,.F.);
#3001 = ADVANCED_FACE('',(#3002),#2093,.F.);
#3002 = FACE_BOUND('',#3003,.F.);
#3003 = EDGE_LOOP('',(#3004,#3025,#3026,#3027,#3028,#3049));
#3004 = ORIENTED_EDGE('',*,*,#3005,.T.);
#3005 = EDGE_CURVE('',#2457,#2890,#3006,.T.);
#3006 = SURFACE_CURVE('',#3007,(#3011,#3018),.PCURVE_S1.);
#3007 = LINE('',#3008,#3009);
#3008 = CARTESIAN_POINT('',(139.5470835242,346.70510512266,
    25.054535515808));
#3009 = VECTOR('',#3010,1.);
#3010 = DIRECTION('',(1.,-0.,-0.));
#3011 = PCURVE('',#2093,#3012);
#3012 = DEFINITIONAL_REPRESENTATION('',(#3013),#3017);
#3013 = LINE('',#3014,#3015);
#3014 = CARTESIAN_POINT('',(0.,0.));
#3015 = VECTOR('',#3016,1.);
#3016 = DIRECTION('',(0.,-1.));
#3017 = ( GEOMETRIC_REPRESENTATION_CONTEXT(2) 
PARAMETRIC_REPRESENTATION_CONTEXT() REPRESENTATION_CONTEXT('2D SPACE',''
  ) );
#3018 = PCURVE('',#2333,#3019);
#3019 = DEFINITIONAL_REPRESENTATION('',(#3020),#3024);
#3020 = LINE('',#3021,#3022);
#3021 = CARTESIAN_POINT('',(26.629875014767,0.));
#3022 = VECTOR('',#3023,1.);
#3023 = DIRECTION('',(0.,-1.));
#3024 = ( GEOMETRIC_REPRESENTATION_CONTEXT(2) 
PARAMETRIC_REPRESENTATION_CONTEXT() REPRESENTATION_CONTEXT('2D SPACE',''
  ) );
#3025 = ORIENTED_EDGE('',*,*,#2889,.F.);
#3026 = ORIENTED_EDGE('',*,*,#2077,.F.);
#3027 = ORIENTED_EDGE('',*,*,#2973,.T.);
#3028 = ORIENTED_EDGE('',*,*,#3029,.F.);
#3029 = EDGE_CURVE('',#2480,#2951,#3030,.T.);
#3030 = SURFACE_CURVE('',#3031,(#3035,#3042),.PCURVE_S1.);
#3031 = LINE('',#3032,#3033);
#3032 = CARTESIAN_POINT('',(139.5470835242,373.98990220155,
    25.054535515808));
#3033 = VECTOR('',#3034,1.);
#3034 = DIRECTION('',(1.,-0.,-0.));
#3035 = PCURVE('',#2093,#3036);
#3036 = DEFINITIONAL_REPRESENTATION('',(#3037),#3041);
#3037 = LINE('',#3038,#3039);
#3038 = CARTESIAN_POINT('',(27.28479707889,0.));
#3039 = VECTOR('',#3040,1.);
#3040 = DIRECTION('',(0.,-1.));
#3041 = ( GEOMETRIC_REPRESENTATION_CONTEXT(2) 
PARAMETRIC_REPRESENTATION_CONTEXT() REPRESENTATION_CONTEXT('2D SPACE',''
  ) );
#3042 = PCURVE('',#2409,#3043);
#3043 = DEFINITIONAL_REPRESENTATION('',(#3044),#3048);
#3044 = LINE('',#3045,#3046);
#3045 = CARTESIAN_POINT('',(1.650899133606E-14,0.));
#3046 = VECTOR('',#3047,1.);
#3047 = DIRECTION('',(0.,-1.));
#3048 = ( GEOMETRIC_REPRESENTATION_CONTEXT(2) 
PARAMETRIC_REPRESENTATION_CONTEXT() REPRESENTATION_CONTEXT('2D SPACE',''
  ) );
#3049 = ORIENTED_EDGE('',*,*,#2479,.F.);
#3050 = ADVANCED_FACE('',(#3051),#2333,.F.);
#3051 = FACE_BOUND('',#3052,.F.);
#3052 = EDGE_LOOP('',(#3053,#3054,#3055,#3056));
#3053 = ORIENTED_EDGE('',*,*,#2317,.T.);
#3054 = ORIENTED_EDGE('',*,*,#2923,.F.);
#3055 = ORIENTED_EDGE('',*,*,#3005,.F.);
#3056 = ORIENTED_EDGE('',*,*,#2456,.F.);
#3057 = ADVANCED_FACE('',(#3058),#2409,.F.);
#3058 = FACE_BOUND('',#3059,.F.);
#3059 = EDGE_LOOP('',(#3060,#3061,#3062,#3063));
#3060 = ORIENTED_EDGE('',*,*,#3029,.T.);
#3061 = ORIENTED_EDGE('',*,*,#2950,.F.);
#3062 = ORIENTED_EDGE('',*,*,#2393,.F.);
#3063 = ORIENTED_EDGE('',*,*,#2502,.F.);
#3064 = ( GEOMETRIC_REPRESENTATION_CONTEXT(3) 
GLOBAL_UNCERTAINTY_ASSIGNED_CONTEXT((#3068)) 
GLOBAL_UNIT_ASSIGNED_CONTEXT((#3065,#3066,#3067)) REPRESENTATION_CONTEXT
('Context #1','3D Context with UNIT and UNCERTAINTY') );
#3065 = ( LENGTH_UNIT() NAMED_UNIT(*) SI_UNIT(.MILLI.,.METRE.) );
#3066 = ( NAMED_UNIT(*) PLANE_ANGLE_UNIT() SI_UNIT($,.RADIAN.) );
#3067 = ( NAMED_UNIT(*) SI_UNIT($,.STERADIAN.) SOLID_ANGLE_UNIT() );
#3068 = UNCERTAINTY_MEASURE_WITH_UNIT(LENGTH_MEASURE(1.E-05),#3065,
  'distance_accuracy_value','confusion accuracy');
#3069 = CONTEXT_DEPENDENT_SHAPE_REPRESENTATION(#3070,#3072);
#3070 = ( REPRESENTATION_RELATIONSHIP('','',#1041,#10) 
REPRESENTATION_RELATIONSHIP_WITH_TRANSFORMATION(#3071) 
SHAPE_REPRESENTATION_RELATIONSHIP() );
#3071 = ITEM_DEFINED_TRANSFORMATION('','',#11,#19);
#3072 = PRODUCT_DEFINITION_SHAPE('Placement','Placement of an item',
  #3073);
#3073 = NEXT_ASSEMBLY_USAGE_OCCURRENCE('5','','',#5,#1036,$);
#3074 = PRODUCT_RELATED_PRODUCT_CATEGORY('part',$,(#1038));
#3075 = SHAPE_DEFINITION_REPRESENTATION(#3076,#3082);
#3076 = PRODUCT_DEFINITION_SHAPE('','',#3077);
#3077 = PRODUCT_DEFINITION('design','',#3078,#3081);
#3078 = PRODUCT_DEFINITION_FORMATION('','',#3079);
#3079 = PRODUCT('Open CASCADE STEP translator 8.0 2.3',
  'Open CASCADE STEP translator 8.0 2.3','',(#3080));
#3080 = PRODUCT_CONTEXT('',#2,'mechanical');
#3081 = PRODUCT_DEFINITION_CONTEXT('part definition',#2,'design');
#3082 = ADVANCED_BREP_SHAPE_REPRESENTATION('',(#11,#3083),#4065);
#3083 = MANIFOLD_SOLID_BREP('',#3084);
#3084 = CLOSED_SHELL('',(#3085,#3443,#3519,#3569,#3623,#3672,#3721,#3748
    ,#3819,#3869,#3923,#3972,#4021,#4048));
#3085 = ADVANCED_FACE('',(#3086,#3267),#3100,.F.);
#3086 = FACE_BOUND('',#3087,.F.);
#3087 = EDGE_LOOP('',(#3088,#3123,#3156,#3184,#3212,#3240));
#3088 = ORIENTED_EDGE('',*,*,#3089,.T.);
#3089 = EDGE_CURVE('',#3090,#3092,#3094,.T.);
#3090 = VERTEX_POINT('',#3091);
#3091 = CARTESIAN_POINT('',(197.37882900962,319.19511262558,
    -9.041259161926));
#3092 = VERTEX_POINT('',#3093);
#3093 = CARTESIAN_POINT('',(197.37882900962,401.49989469863,
    -9.041259161926));
#3094 = SURFACE_CURVE('',#3095,(#3099,#3111),.PCURVE_S1.);
#3095 = LINE('',#3096,#3097);
#3096 = CARTESIAN_POINT('',(197.37882900962,311.19511262558,
    -9.041259161926));
#3097 = VECTOR('',#3098,1.);
#3098 = DIRECTION('',(-0.,1.,1.224646799147E-16));
#3099 = PCURVE('',#3100,#3105);
#3100 = PLANE('',#3101);
#3101 = AXIS2_PLACEMENT_3D('',#3102,#3103,#3104);
#3102 = CARTESIAN_POINT('',(168.46295626691,360.3475036621,
    -9.041259161926));
#3103 = DIRECTION('',(0.,1.224646799147E-16,-1.));
#3104 = DIRECTION('',(0.,-1.,-1.224646799147E-16));
#3105 = DEFINITIONAL_REPRESENTATION('',(#3106),#3110);
#3106 = LINE('',#3107,#3108);
#3107 = CARTESIAN_POINT('',(49.152391036529,-28.9158727427));
#3108 = VECTOR('',#3109,1.);
#3109 = DIRECTION('',(-1.,0.));
#3110 = ( GEOMETRIC_REPRESENTATION_CONTEXT(2) 
PARAMETRIC_REPRESENTATION_CONTEXT() REPRESENTATION_CONTEXT('2D SPACE',''
  ) );
#3111 = PCURVE('',#3112,#3117);
#3112 = PLANE('',#3113);
#3113 = AXIS2_PLACEMENT_3D('',#3114,#3115,#3116);
#3114 = CARTESIAN_POINT('',(197.37882900962,311.19511262558,
    -9.041259161926));
#3115 = DIRECTION('',(1.,0.,0.));
#3116 = DIRECTION('',(-0.,1.,1.224646799147E-16));
#3117 = DEFINITIONAL_REPRESENTATION('',(#3118),#3122);
#3118 = LINE('',#3119,#3120);
#3119 = CARTESIAN_POINT('',(0.,0.));
#3120 = VECTOR('',#3121,1.);
#3121 = DIRECTION('',(1.,0.));
#3122 = ( GEOMETRIC_REPRESENTATION_CONTEXT(2) 
PARAMETRIC_REPRESENTATION_CONTEXT() REPRESENTATION_CONTEXT('2D SPACE',''
  ) );
#3123 = ORIENTED_EDGE('',*,*,#3124,.T.);
#3124 = EDGE_CURVE('',#3092,#3125,#3127,.T.);
#3125 = VERTEX_POINT('',#3126);
#3126 = CARTESIAN_POINT('',(189.37882900962,409.49989469863,
    -9.041259161926));
#3127 = SURFACE_CURVE('',#3128,(#3133,#3144),.PCURVE_S1.);
#3128 = CIRCLE('',#3129,8.);
#3129 = AXIS2_PLACEMENT_3D('',#3130,#3131,#3132);
#3130 = CARTESIAN_POINT('',(189.37882900962,401.49989469863,
    -9.041259161926));
#3131 = DIRECTION('',(0.,-1.224646799147E-16,1.));
#3132 = DIRECTION('',(0.,1.,1.224646799147E-16));
#3133 = PCURVE('',#3100,#3134);
#3134 = DEFINITIONAL_REPRESENTATION('',(#3135),#3143);
#3135 = ( BOUNDED_CURVE() B_SPLINE_CURVE(2,(#3136,#3137,#3138,#3139,
#3140,#3141,#3142),.UNSPECIFIED.,.T.,.F.) B_SPLINE_CURVE_WITH_KNOTS((1,2
    ,2,2,2,1),(-2.094395102393,0.,2.094395102393,4.188790204786,
6.28318530718,8.377580409573),.UNSPECIFIED.) CURVE() 
GEOMETRIC_REPRESENTATION_ITEM() RATIONAL_B_SPLINE_CURVE((1.,0.5,1.,0.5,
1.,0.5,1.)) REPRESENTATION_ITEM('') );
#3136 = CARTESIAN_POINT('',(-49.15239103652,-20.9158727427));
#3137 = CARTESIAN_POINT('',(-49.15239103652,-7.059466282158));
#3138 = CARTESIAN_POINT('',(-37.15239103652,-13.98766951243));
#3139 = CARTESIAN_POINT('',(-25.15239103652,-20.9158727427));
#3140 = CARTESIAN_POINT('',(-37.15239103652,-27.84407597298));
#3141 = CARTESIAN_POINT('',(-49.15239103652,-34.77227920326));
#3142 = CARTESIAN_POINT('',(-49.15239103652,-20.9158727427));
#3143 = ( GEOMETRIC_REPRESENTATION_CONTEXT(2) 
PARAMETRIC_REPRESENTATION_CONTEXT() REPRESENTATION_CONTEXT('2D SPACE',''
  ) );
#3144 = PCURVE('',#3145,#3150);
#3145 = CYLINDRICAL_SURFACE('',#3146,8.);
#3146 = AXIS2_PLACEMENT_3D('',#3147,#3148,#3149);
#3147 = CARTESIAN_POINT('',(189.37882900962,401.49989469863,
    -9.041259161926));
#3148 = DIRECTION('',(0.,1.224646799147E-16,-1.));
#3149 = DIRECTION('',(1.,0.,0.));
#3150 = DEFINITIONAL_REPRESENTATION('',(#3151),#3155);
#3151 = LINE('',#3152,#3153);
#3152 = CARTESIAN_POINT('',(4.712388980385,-0.));
#3153 = VECTOR('',#3154,1.);
#3154 = DIRECTION('',(-1.,0.));
#3155 = ( GEOMETRIC_REPRESENTATION_CONTEXT(2) 
PARAMETRIC_REPRESENTATION_CONTEXT() REPRESENTATION_CONTEXT('2D SPACE',''
  ) );
#3156 = ORIENTED_EDGE('',*,*,#3157,.T.);
#3157 = EDGE_CURVE('',#3125,#3158,#3160,.T.);
#3158 = VERTEX_POINT('',#3159);
#3159 = CARTESIAN_POINT('',(139.5470835242,409.49989469863,
    -9.041259161926));
#3160 = SURFACE_CURVE('',#3161,(#3165,#3172),.PCURVE_S1.);
#3161 = LINE('',#3162,#3163);
#3162 = CARTESIAN_POINT('',(197.37882900962,409.49989469863,
    -9.041259161926));
#3163 = VECTOR('',#3164,1.);
#3164 = DIRECTION('',(-1.,0.,-0.));
#3165 = PCURVE('',#3100,#3166);
#3166 = DEFINITIONAL_REPRESENTATION('',(#3167),#3171);
#3167 = LINE('',#3168,#3169);
#3168 = CARTESIAN_POINT('',(-49.15239103652,-28.9158727427));
#3169 = VECTOR('',#3170,1.);
#3170 = DIRECTION('',(-0.,1.));
#3171 = ( GEOMETRIC_REPRESENTATION_CONTEXT(2) 
PARAMETRIC_REPRESENTATION_CONTEXT() REPRESENTATION_CONTEXT('2D SPACE',''
  ) );
#3172 = PCURVE('',#3173,#3178);
#3173 = PLANE('',#3174);
#3174 = AXIS2_PLACEMENT_3D('',#3175,#3176,#3177);
#3175 = CARTESIAN_POINT('',(197.37882900962,409.49989469863,
    -9.041259161926));
#3176 = DIRECTION('',(0.,1.,1.224646799147E-16));
#3177 = DIRECTION('',(-1.,0.,0.));
#3178 = DEFINITIONAL_REPRESENTATION('',(#3179),#3183);
#3179 = LINE('',#3180,#3181);
#3180 = CARTESIAN_POINT('',(0.,0.));
#3181 = VECTOR('',#3182,1.);
#3182 = DIRECTION('',(1.,-0.));
#3183 = ( GEOMETRIC_REPRESENTATION_CONTEXT(2) 
PARAMETRIC_REPRESENTATION_CONTEXT() REPRESENTATION_CONTEXT('2D SPACE',''
  ) );
#3184 = ORIENTED_EDGE('',*,*,#3185,.T.);
#3185 = EDGE_CURVE('',#3158,#3186,#3188,.T.);
#3186 = VERTEX_POINT('',#3187);
#3187 = CARTESIAN_POINT('',(139.5470835242,311.19511262558,
    -9.041259161926));
#3188 = SURFACE_CURVE('',#3189,(#3193,#3200),.PCURVE_S1.);
#3189 = LINE('',#3190,#3191);
#3190 = CARTESIAN_POINT('',(139.5470835242,409.49989469863,
    -9.041259161926));
#3191 = VECTOR('',#3192,1.);
#3192 = DIRECTION('',(0.,-1.,-1.224646799147E-16));
#3193 = PCURVE('',#3100,#3194);
#3194 = DEFINITIONAL_REPRESENTATION('',(#3195),#3199);
#3195 = LINE('',#3196,#3197);
#3196 = CARTESIAN_POINT('',(-49.15239103652,28.915872742709));
#3197 = VECTOR('',#3198,1.);
#3198 = DIRECTION('',(1.,0.));
#3199 = ( GEOMETRIC_REPRESENTATION_CONTEXT(2) 
PARAMETRIC_REPRESENTATION_CONTEXT() REPRESENTATION_CONTEXT('2D SPACE',''
  ) );
#3200 = PCURVE('',#3201,#3206);
#3201 = PLANE('',#3202);
#3202 = AXIS2_PLACEMENT_3D('',#3203,#3204,#3205);
#3203 = CARTESIAN_POINT('',(139.5470835242,409.49989469863,
    -9.041259161926));
#3204 = DIRECTION('',(-1.,0.,-0.));
#3205 = DIRECTION('',(0.,-1.,-1.224646799147E-16));
#3206 = DEFINITIONAL_REPRESENTATION('',(#3207),#3211);
#3207 = LINE('',#3208,#3209);
#3208 = CARTESIAN_POINT('',(0.,0.));
#3209 = VECTOR('',#3210,1.);
#3210 = DIRECTION('',(1.,0.));
#3211 = ( GEOMETRIC_REPRESENTATION_CONTEXT(2) 
PARAMETRIC_REPRESENTATION_CONTEXT() REPRESENTATION_CONTEXT('2D SPACE',''
  ) );
#3212 = ORIENTED_EDGE('',*,*,#3213,.T.);
#3213 = EDGE_CURVE('',#3186,#3214,#3216,.T.);
#3214 = VERTEX_POINT('',#3215);
#3215 = CARTESIAN_POINT('',(189.37882900962,311.19511262558,
    -9.041259161926));
#3216 = SURFACE_CURVE('',#3217,(#3221,#3228),.PCURVE_S1.);
#3217 = LINE('',#3218,#3219);
#3218 = CARTESIAN_POINT('',(139.5470835242,311.19511262558,
    -9.041259161926));
#3219 = VECTOR('',#3220,1.);
#3220 = DIRECTION('',(1.,0.,0.));
#3221 = PCURVE('',#3100,#3222);
#3222 = DEFINITIONAL_REPRESENTATION('',(#3223),#3227);
#3223 = LINE('',#3224,#3225);
#3224 = CARTESIAN_POINT('',(49.152391036529,28.915872742709));
#3225 = VECTOR('',#3226,1.);
#3226 = DIRECTION('',(0.,-1.));
#3227 = ( GEOMETRIC_REPRESENTATION_CONTEXT(2) 
PARAMETRIC_REPRESENTATION_CONTEXT() REPRESENTATION_CONTEXT('2D SPACE',''
  ) );
#3228 = PCURVE('',#3229,#3234);
#3229 = PLANE('',#3230);
#3230 = AXIS2_PLACEMENT_3D('',#3231,#3232,#3233);
#3231 = CARTESIAN_POINT('',(139.5470835242,311.19511262558,
    -9.041259161926));
#3232 = DIRECTION('',(0.,-1.,-1.224646799147E-16));
#3233 = DIRECTION('',(1.,0.,0.));
#3234 = DEFINITIONAL_REPRESENTATION('',(#3235),#3239);
#3235 = LINE('',#3236,#3237);
#3236 = CARTESIAN_POINT('',(0.,0.));
#3237 = VECTOR('',#3238,1.);
#3238 = DIRECTION('',(1.,0.));
#3239 = ( GEOMETRIC_REPRESENTATION_CONTEXT(2) 
PARAMETRIC_REPRESENTATION_CONTEXT() REPRESENTATION_CONTEXT('2D SPACE',''
  ) );
#3240 = ORIENTED_EDGE('',*,*,#3241,.F.);
#3241 = EDGE_CURVE('',#3090,#3214,#3242,.T.);
#3242 = SURFACE_CURVE('',#3243,(#3248,#3255),.PCURVE_S1.);
#3243 = CIRCLE('',#3244,8.);
#3244 = AXIS2_PLACEMENT_3D('',#3245,#3246,#3247);
#3245 = CARTESIAN_POINT('',(189.37882900962,319.19511262558,
    -9.041259161926));
#3246 = DIRECTION('',(0.,1.224646799147E-16,-1.));
#3247 = DIRECTION('',(0.,1.,1.224646799147E-16));
#3248 = PCURVE('',#3100,#3249);
#3249 = DEFINITIONAL_REPRESENTATION('',(#3250),#3254);
#3250 = CIRCLE('',#3251,8.);
#3251 = AXIS2_PLACEMENT_2D('',#3252,#3253);
#3252 = CARTESIAN_POINT('',(41.152391036529,-20.9158727427));
#3253 = DIRECTION('',(-1.,0.));
#3254 = ( GEOMETRIC_REPRESENTATION_CONTEXT(2) 
PARAMETRIC_REPRESENTATION_CONTEXT() REPRESENTATION_CONTEXT('2D SPACE',''
  ) );
#3255 = PCURVE('',#3256,#3261);
#3256 = CYLINDRICAL_SURFACE('',#3257,8.);
#3257 = AXIS2_PLACEMENT_3D('',#3258,#3259,#3260);
#3258 = CARTESIAN_POINT('',(189.37882900962,319.19511262558,
    -9.041259161926));
#3259 = DIRECTION('',(0.,1.224646799147E-16,-1.));
#3260 = DIRECTION('',(1.,0.,0.));
#3261 = DEFINITIONAL_REPRESENTATION('',(#3262),#3266);
#3262 = LINE('',#3263,#3264);
#3263 = CARTESIAN_POINT('',(-1.570796326795,0.));
#3264 = VECTOR('',#3265,1.);
#3265 = DIRECTION('',(1.,0.));
#3266 = ( GEOMETRIC_REPRESENTATION_CONTEXT(2) 
PARAMETRIC_REPRESENTATION_CONTEXT() REPRESENTATION_CONTEXT('2D SPACE',''
  ) );
#3267 = FACE_BOUND('',#3268,.F.);
#3268 = EDGE_LOOP('',(#3269,#3299,#3328,#3356,#3384,#3412));
#3269 = ORIENTED_EDGE('',*,*,#3270,.F.);
#3270 = EDGE_CURVE('',#3271,#3273,#3275,.T.);
#3271 = VERTEX_POINT('',#3272);
#3272 = CARTESIAN_POINT('',(199.37882900962,312.3475036621,
    -9.041259161926));
#3273 = VERTEX_POINT('',#3274);
#3274 = CARTESIAN_POINT('',(199.37882900962,408.3475036621,
    -9.041259161926));
#3275 = SURFACE_CURVE('',#3276,(#3280,#3287),.PCURVE_S1.);
#3276 = LINE('',#3277,#3278);
#3277 = CARTESIAN_POINT('',(199.37882900962,305.3475036621,
    -9.041259161926));
#3278 = VECTOR('',#3279,1.);
#3279 = DIRECTION('',(-0.,1.,1.224646799147E-16));
#3280 = PCURVE('',#3100,#3281);
#3281 = DEFINITIONAL_REPRESENTATION('',(#3282),#3286);
#3282 = LINE('',#3283,#3284);
#3283 = CARTESIAN_POINT('',(55.,-30.9158727427));
#3284 = VECTOR('',#3285,1.);
#3285 = DIRECTION('',(-1.,0.));
#3286 = ( GEOMETRIC_REPRESENTATION_CONTEXT(2) 
PARAMETRIC_REPRESENTATION_CONTEXT() REPRESENTATION_CONTEXT('2D SPACE',''
  ) );
#3287 = PCURVE('',#3288,#3293);
#3288 = PLANE('',#3289);
#3289 = AXIS2_PLACEMENT_3D('',#3290,#3291,#3292);
#3290 = CARTESIAN_POINT('',(199.37882900962,305.3475036621,
    -9.041259161926));
#3291 = DIRECTION('',(1.,0.,0.));
#3292 = DIRECTION('',(-0.,1.,1.224646799147E-16));
#3293 = DEFINITIONAL_REPRESENTATION('',(#3294),#3298);
#3294 = LINE('',#3295,#3296);
#3295 = CARTESIAN_POINT('',(0.,0.));
#3296 = VECTOR('',#3297,1.);
#3297 = DIRECTION('',(1.,0.));
#3298 = ( GEOMETRIC_REPRESENTATION_CONTEXT(2) 
PARAMETRIC_REPRESENTATION_CONTEXT() REPRESENTATION_CONTEXT('2D SPACE',''
  ) );
#3299 = ORIENTED_EDGE('',*,*,#3300,.T.);
#3300 = EDGE_CURVE('',#3271,#3301,#3303,.T.);
#3301 = VERTEX_POINT('',#3302);
#3302 = CARTESIAN_POINT('',(192.37882900962,305.3475036621,
    -9.041259161926));
#3303 = SURFACE_CURVE('',#3304,(#3309,#3316),.PCURVE_S1.);
#3304 = CIRCLE('',#3305,7.);
#3305 = AXIS2_PLACEMENT_3D('',#3306,#3307,#3308);
#3306 = CARTESIAN_POINT('',(192.37882900962,312.3475036621,
    -9.041259161926));
#3307 = DIRECTION('',(0.,1.224646799147E-16,-1.));
#3308 = DIRECTION('',(0.,1.,1.224646799147E-16));
#3309 = PCURVE('',#3100,#3310);
#3310 = DEFINITIONAL_REPRESENTATION('',(#3311),#3315);
#3311 = CIRCLE('',#3312,7.);
#3312 = AXIS2_PLACEMENT_2D('',#3313,#3314);
#3313 = CARTESIAN_POINT('',(48.,-23.9158727427));
#3314 = DIRECTION('',(-1.,0.));
#3315 = ( GEOMETRIC_REPRESENTATION_CONTEXT(2) 
PARAMETRIC_REPRESENTATION_CONTEXT() REPRESENTATION_CONTEXT('2D SPACE',''
  ) );
#3316 = PCURVE('',#3317,#3322);
#3317 = CYLINDRICAL_SURFACE('',#3318,7.);
#3318 = AXIS2_PLACEMENT_3D('',#3319,#3320,#3321);
#3319 = CARTESIAN_POINT('',(192.37882900962,312.3475036621,
    -9.041259161926));
#3320 = DIRECTION('',(0.,1.224646799147E-16,-1.));
#3321 = DIRECTION('',(1.,0.,0.));
#3322 = DEFINITIONAL_REPRESENTATION('',(#3323),#3327);
#3323 = LINE('',#3324,#3325);
#3324 = CARTESIAN_POINT('',(-1.570796326795,0.));
#3325 = VECTOR('',#3326,1.);
#3326 = DIRECTION('',(1.,0.));
#3327 = ( GEOMETRIC_REPRESENTATION_CONTEXT(2) 
PARAMETRIC_REPRESENTATION_CONTEXT() REPRESENTATION_CONTEXT('2D SPACE',''
  ) );
#3328 = ORIENTED_EDGE('',*,*,#3329,.F.);
#3329 = EDGE_CURVE('',#3330,#3301,#3332,.T.);
#3330 = VERTEX_POINT('',#3331);
#3331 = CARTESIAN_POINT('',(137.5470835242,305.3475036621,
    -9.041259161926));
#3332 = SURFACE_CURVE('',#3333,(#3337,#3344),.PCURVE_S1.);
#3333 = LINE('',#3334,#3335);
#3334 = CARTESIAN_POINT('',(137.5470835242,305.3475036621,
    -9.041259161926));
#3335 = VECTOR('',#3336,1.);
#3336 = DIRECTION('',(1.,0.,0.));
#3337 = PCURVE('',#3100,#3338);
#3338 = DEFINITIONAL_REPRESENTATION('',(#3339),#3343);
#3339 = LINE('',#3340,#3341);
#3340 = CARTESIAN_POINT('',(55.,30.915872742709));
#3341 = VECTOR('',#3342,1.);
#3342 = DIRECTION('',(0.,-1.));
#3343 = ( GEOMETRIC_REPRESENTATION_CONTEXT(2) 
PARAMETRIC_REPRESENTATION_CONTEXT() REPRESENTATION_CONTEXT('2D SPACE',''
  ) );
#3344 = PCURVE('',#3345,#3350);
#3345 = PLANE('',#3346);
#3346 = AXIS2_PLACEMENT_3D('',#3347,#3348,#3349);
#3347 = CARTESIAN_POINT('',(137.5470835242,305.3475036621,
    -9.041259161926));
#3348 = DIRECTION('',(0.,-1.,-1.224646799147E-16));
#3349 = DIRECTION('',(1.,0.,0.));
#3350 = DEFINITIONAL_REPRESENTATION('',(#3351),#3355);
#3351 = LINE('',#3352,#3353);
#3352 = CARTESIAN_POINT('',(0.,0.));
#3353 = VECTOR('',#3354,1.);
#3354 = DIRECTION('',(1.,0.));
#3355 = ( GEOMETRIC_REPRESENTATION_CONTEXT(2) 
PARAMETRIC_REPRESENTATION_CONTEXT() REPRESENTATION_CONTEXT('2D SPACE',''
  ) );
#3356 = ORIENTED_EDGE('',*,*,#3357,.F.);
#3357 = EDGE_CURVE('',#3358,#3330,#3360,.T.);
#3358 = VERTEX_POINT('',#3359);
#3359 = CARTESIAN_POINT('',(137.5470835242,415.3475036621,
    -9.041259161926));
#3360 = SURFACE_CURVE('',#3361,(#3365,#3372),.PCURVE_S1.);
#3361 = LINE('',#3362,#3363);
#3362 = CARTESIAN_POINT('',(137.5470835242,415.3475036621,
    -9.041259161926));
#3363 = VECTOR('',#3364,1.);
#3364 = DIRECTION('',(0.,-1.,-1.224646799147E-16));
#3365 = PCURVE('',#3100,#3366);
#3366 = DEFINITIONAL_REPRESENTATION('',(#3367),#3371);
#3367 = LINE('',#3368,#3369);
#3368 = CARTESIAN_POINT('',(-55.,30.915872742709));
#3369 = VECTOR('',#3370,1.);
#3370 = DIRECTION('',(1.,0.));
#3371 = ( GEOMETRIC_REPRESENTATION_CONTEXT(2) 
PARAMETRIC_REPRESENTATION_CONTEXT() REPRESENTATION_CONTEXT('2D SPACE',''
  ) );
#3372 = PCURVE('',#3373,#3378);
#3373 = PLANE('',#3374);
#3374 = AXIS2_PLACEMENT_3D('',#3375,#3376,#3377);
#3375 = CARTESIAN_POINT('',(137.5470835242,415.3475036621,
    -9.041259161926));
#3376 = DIRECTION('',(-1.,0.,-0.));
#3377 = DIRECTION('',(0.,-1.,-1.224646799147E-16));
#3378 = DEFINITIONAL_REPRESENTATION('',(#3379),#3383);
#3379 = LINE('',#3380,#3381);
#3380 = CARTESIAN_POINT('',(0.,0.));
#3381 = VECTOR('',#3382,1.);
#3382 = DIRECTION('',(1.,0.));
#3383 = ( GEOMETRIC_REPRESENTATION_CONTEXT(2) 
PARAMETRIC_REPRESENTATION_CONTEXT() REPRESENTATION_CONTEXT('2D SPACE',''
  ) );
#3384 = ORIENTED_EDGE('',*,*,#3385,.F.);
#3385 = EDGE_CURVE('',#3386,#3358,#3388,.T.);
#3386 = VERTEX_POINT('',#3387);
#3387 = CARTESIAN_POINT('',(192.37882900962,415.3475036621,
    -9.041259161926));
#3388 = SURFACE_CURVE('',#3389,(#3393,#3400),.PCURVE_S1.);
#3389 = LINE('',#3390,#3391);
#3390 = CARTESIAN_POINT('',(199.37882900962,415.3475036621,
    -9.041259161926));
#3391 = VECTOR('',#3392,1.);
#3392 = DIRECTION('',(-1.,0.,-0.));
#3393 = PCURVE('',#3100,#3394);
#3394 = DEFINITIONAL_REPRESENTATION('',(#3395),#3399);
#3395 = LINE('',#3396,#3397);
#3396 = CARTESIAN_POINT('',(-55.,-30.9158727427));
#3397 = VECTOR('',#3398,1.);
#3398 = DIRECTION('',(-0.,1.));
#3399 = ( GEOMETRIC_REPRESENTATION_CONTEXT(2) 
PARAMETRIC_REPRESENTATION_CONTEXT() REPRESENTATION_CONTEXT('2D SPACE',''
  ) );
#3400 = PCURVE('',#3401,#3406);
#3401 = PLANE('',#3402);
#3402 = AXIS2_PLACEMENT_3D('',#3403,#3404,#3405);
#3403 = CARTESIAN_POINT('',(199.37882900962,415.3475036621,
    -9.041259161926));
#3404 = DIRECTION('',(0.,1.,1.224646799147E-16));
#3405 = DIRECTION('',(-1.,0.,0.));
#3406 = DEFINITIONAL_REPRESENTATION('',(#3407),#3411);
#3407 = LINE('',#3408,#3409);
#3408 = CARTESIAN_POINT('',(0.,0.));
#3409 = VECTOR('',#3410,1.);
#3410 = DIRECTION('',(1.,-0.));
#3411 = ( GEOMETRIC_REPRESENTATION_CONTEXT(2) 
PARAMETRIC_REPRESENTATION_CONTEXT() REPRESENTATION_CONTEXT('2D SPACE',''
  ) );
#3412 = ORIENTED_EDGE('',*,*,#3413,.F.);
#3413 = EDGE_CURVE('',#3273,#3386,#3414,.T.);
#3414 = SURFACE_CURVE('',#3415,(#3420,#3431),.PCURVE_S1.);
#3415 = CIRCLE('',#3416,7.);
#3416 = AXIS2_PLACEMENT_3D('',#3417,#3418,#3419);
#3417 = CARTESIAN_POINT('',(192.37882900962,408.3475036621,
    -9.041259161926));
#3418 = DIRECTION('',(0.,-1.224646799147E-16,1.));
#3419 = DIRECTION('',(0.,1.,1.224646799147E-16));
#3420 = PCURVE('',#3100,#3421);
#3421 = DEFINITIONAL_REPRESENTATION('',(#3422),#3430);
#3422 = ( BOUNDED_CURVE() B_SPLINE_CURVE(2,(#3423,#3424,#3425,#3426,
#3427,#3428,#3429),.UNSPECIFIED.,.T.,.F.) B_SPLINE_CURVE_WITH_KNOTS((1,2
    ,2,2,2,1),(-2.094395102393,0.,2.094395102393,4.188790204786,
6.28318530718,8.377580409573),.UNSPECIFIED.) CURVE() 
GEOMETRIC_REPRESENTATION_ITEM() RATIONAL_B_SPLINE_CURVE((1.,0.5,1.,0.5,
1.,0.5,1.)) REPRESENTATION_ITEM('') );
#3423 = CARTESIAN_POINT('',(-55.,-23.9158727427));
#3424 = CARTESIAN_POINT('',(-55.,-11.79151708972));
#3425 = CARTESIAN_POINT('',(-44.5,-17.85369491621));
#3426 = CARTESIAN_POINT('',(-34.,-23.9158727427));
#3427 = CARTESIAN_POINT('',(-44.5,-29.9780505692));
#3428 = CARTESIAN_POINT('',(-55.,-36.04022839569));
#3429 = CARTESIAN_POINT('',(-55.,-23.9158727427));
#3430 = ( GEOMETRIC_REPRESENTATION_CONTEXT(2) 
PARAMETRIC_REPRESENTATION_CONTEXT() REPRESENTATION_CONTEXT('2D SPACE',''
  ) );
#3431 = PCURVE('',#3432,#3437);
#3432 = CYLINDRICAL_SURFACE('',#3433,7.);
#3433 = AXIS2_PLACEMENT_3D('',#3434,#3435,#3436);
#3434 = CARTESIAN_POINT('',(192.37882900962,408.3475036621,
    -9.041259161926));
#3435 = DIRECTION('',(0.,1.224646799147E-16,-1.));
#3436 = DIRECTION('',(1.,0.,0.));
#3437 = DEFINITIONAL_REPRESENTATION('',(#3438),#3442);
#3438 = LINE('',#3439,#3440);
#3439 = CARTESIAN_POINT('',(4.712388980385,-0.));
#3440 = VECTOR('',#3441,1.);
#3441 = DIRECTION('',(-1.,0.));
#3442 = ( GEOMETRIC_REPRESENTATION_CONTEXT(2) 
PARAMETRIC_REPRESENTATION_CONTEXT() REPRESENTATION_CONTEXT('2D SPACE',''
  ) );
#3443 = ADVANCED_FACE('',(#3444),#3112,.F.);
#3444 = FACE_BOUND('',#3445,.F.);
#3445 = EDGE_LOOP('',(#3446,#3447,#3470,#3498));
#3446 = ORIENTED_EDGE('',*,*,#3089,.F.);
#3447 = ORIENTED_EDGE('',*,*,#3448,.T.);
#3448 = EDGE_CURVE('',#3090,#3449,#3451,.T.);
#3449 = VERTEX_POINT('',#3450);
#3450 = CARTESIAN_POINT('',(197.37882900962,319.19511262558,
    -12.04125916192));
#3451 = SURFACE_CURVE('',#3452,(#3456,#3463),.PCURVE_S1.);
#3452 = LINE('',#3453,#3454);
#3453 = CARTESIAN_POINT('',(197.37882900962,319.19511262558,
    -9.041259161926));
#3454 = VECTOR('',#3455,1.);
#3455 = DIRECTION('',(0.,1.224646799147E-16,-1.));
#3456 = PCURVE('',#3112,#3457);
#3457 = DEFINITIONAL_REPRESENTATION('',(#3458),#3462);
#3458 = LINE('',#3459,#3460);
#3459 = CARTESIAN_POINT('',(8.,-9.797174393179E-16));
#3460 = VECTOR('',#3461,1.);
#3461 = DIRECTION('',(0.,-1.));
#3462 = ( GEOMETRIC_REPRESENTATION_CONTEXT(2) 
PARAMETRIC_REPRESENTATION_CONTEXT() REPRESENTATION_CONTEXT('2D SPACE',''
  ) );
#3463 = PCURVE('',#3256,#3464);
#3464 = DEFINITIONAL_REPRESENTATION('',(#3465),#3469);
#3465 = LINE('',#3466,#3467);
#3466 = CARTESIAN_POINT('',(0.,0.));
#3467 = VECTOR('',#3468,1.);
#3468 = DIRECTION('',(0.,1.));
#3469 = ( GEOMETRIC_REPRESENTATION_CONTEXT(2) 
PARAMETRIC_REPRESENTATION_CONTEXT() REPRESENTATION_CONTEXT('2D SPACE',''
  ) );
#3470 = ORIENTED_EDGE('',*,*,#3471,.F.);
#3471 = EDGE_CURVE('',#3472,#3449,#3474,.T.);
#3472 = VERTEX_POINT('',#3473);
#3473 = CARTESIAN_POINT('',(197.37882900962,401.49989469863,
    -12.04125916192));
#3474 = SURFACE_CURVE('',#3475,(#3479,#3486),.PCURVE_S1.);
#3475 = LINE('',#3476,#3477);
#3476 = CARTESIAN_POINT('',(197.37882900962,335.77130814384,
    -12.04125916192));
#3477 = VECTOR('',#3478,1.);
#3478 = DIRECTION('',(0.,-1.,-1.224646799147E-16));
#3479 = PCURVE('',#3112,#3480);
#3480 = DEFINITIONAL_REPRESENTATION('',(#3481),#3485);
#3481 = LINE('',#3482,#3483);
#3482 = CARTESIAN_POINT('',(24.576195518264,-3.));
#3483 = VECTOR('',#3484,1.);
#3484 = DIRECTION('',(-1.,0.));
#3485 = ( GEOMETRIC_REPRESENTATION_CONTEXT(2) 
PARAMETRIC_REPRESENTATION_CONTEXT() REPRESENTATION_CONTEXT('2D SPACE',''
  ) );
#3486 = PCURVE('',#3487,#3492);
#3487 = PLANE('',#3488);
#3488 = AXIS2_PLACEMENT_3D('',#3489,#3490,#3491);
#3489 = CARTESIAN_POINT('',(168.46295626691,360.3475036621,
    -12.04125916192));
#3490 = DIRECTION('',(0.,1.224646799147E-16,-1.));
#3491 = DIRECTION('',(0.,-1.,-1.224646799147E-16));
#3492 = DEFINITIONAL_REPRESENTATION('',(#3493),#3497);
#3493 = LINE('',#3494,#3495);
#3494 = CARTESIAN_POINT('',(24.576195518264,-28.9158727427));
#3495 = VECTOR('',#3496,1.);
#3496 = DIRECTION('',(1.,-0.));
#3497 = ( GEOMETRIC_REPRESENTATION_CONTEXT(2) 
PARAMETRIC_REPRESENTATION_CONTEXT() REPRESENTATION_CONTEXT('2D SPACE',''
  ) );
#3498 = ORIENTED_EDGE('',*,*,#3499,.F.);
#3499 = EDGE_CURVE('',#3092,#3472,#3500,.T.);
#3500 = SURFACE_CURVE('',#3501,(#3505,#3512),.PCURVE_S1.);
#3501 = LINE('',#3502,#3503);
#3502 = CARTESIAN_POINT('',(197.37882900962,401.49989469863,
    -9.041259161926));
#3503 = VECTOR('',#3504,1.);
#3504 = DIRECTION('',(0.,1.224646799147E-16,-1.));
#3505 = PCURVE('',#3112,#3506);
#3506 = DEFINITIONAL_REPRESENTATION('',(#3507),#3511);
#3507 = LINE('',#3508,#3509);
#3508 = CARTESIAN_POINT('',(90.304782073057,-1.105914623135E-14));
#3509 = VECTOR('',#3510,1.);
#3510 = DIRECTION('',(0.,-1.));
#3511 = ( GEOMETRIC_REPRESENTATION_CONTEXT(2) 
PARAMETRIC_REPRESENTATION_CONTEXT() REPRESENTATION_CONTEXT('2D SPACE',''
  ) );
#3512 = PCURVE('',#3145,#3513);
#3513 = DEFINITIONAL_REPRESENTATION('',(#3514),#3518);
#3514 = LINE('',#3515,#3516);
#3515 = CARTESIAN_POINT('',(-0.,0.));
#3516 = VECTOR('',#3517,1.);
#3517 = DIRECTION('',(-0.,1.));
#3518 = ( GEOMETRIC_REPRESENTATION_CONTEXT(2) 
PARAMETRIC_REPRESENTATION_CONTEXT() REPRESENTATION_CONTEXT('2D SPACE',''
  ) );
#3519 = ADVANCED_FACE('',(#3520),#3256,.F.);
#3520 = FACE_BOUND('',#3521,.F.);
#3521 = EDGE_LOOP('',(#3522,#3523,#3546,#3568));
#3522 = ORIENTED_EDGE('',*,*,#3241,.T.);
#3523 = ORIENTED_EDGE('',*,*,#3524,.T.);
#3524 = EDGE_CURVE('',#3214,#3525,#3527,.T.);
#3525 = VERTEX_POINT('',#3526);
#3526 = CARTESIAN_POINT('',(189.37882900962,311.19511262558,
    -12.04125916192));
#3527 = SURFACE_CURVE('',#3528,(#3532,#3539),.PCURVE_S1.);
#3528 = LINE('',#3529,#3530);
#3529 = CARTESIAN_POINT('',(189.37882900962,311.19511262558,
    -9.041259161926));
#3530 = VECTOR('',#3531,1.);
#3531 = DIRECTION('',(0.,1.224646799147E-16,-1.));
#3532 = PCURVE('',#3256,#3533);
#3533 = DEFINITIONAL_REPRESENTATION('',(#3534),#3538);
#3534 = LINE('',#3535,#3536);
#3535 = CARTESIAN_POINT('',(1.570796326795,0.));
#3536 = VECTOR('',#3537,1.);
#3537 = DIRECTION('',(0.,1.));
#3538 = ( GEOMETRIC_REPRESENTATION_CONTEXT(2) 
PARAMETRIC_REPRESENTATION_CONTEXT() REPRESENTATION_CONTEXT('2D SPACE',''
  ) );
#3539 = PCURVE('',#3229,#3540);
#3540 = DEFINITIONAL_REPRESENTATION('',(#3541),#3545);
#3541 = LINE('',#3542,#3543);
#3542 = CARTESIAN_POINT('',(49.831745485418,0.));
#3543 = VECTOR('',#3544,1.);
#3544 = DIRECTION('',(0.,-1.));
#3545 = ( GEOMETRIC_REPRESENTATION_CONTEXT(2) 
PARAMETRIC_REPRESENTATION_CONTEXT() REPRESENTATION_CONTEXT('2D SPACE',''
  ) );
#3546 = ORIENTED_EDGE('',*,*,#3547,.F.);
#3547 = EDGE_CURVE('',#3449,#3525,#3548,.T.);
#3548 = SURFACE_CURVE('',#3549,(#3554,#3561),.PCURVE_S1.);
#3549 = CIRCLE('',#3550,8.);
#3550 = AXIS2_PLACEMENT_3D('',#3551,#3552,#3553);
#3551 = CARTESIAN_POINT('',(189.37882900962,319.19511262558,
    -12.04125916192));
#3552 = DIRECTION('',(0.,1.224646799147E-16,-1.));
#3553 = DIRECTION('',(0.,1.,1.224646799147E-16));
#3554 = PCURVE('',#3256,#3555);
#3555 = DEFINITIONAL_REPRESENTATION('',(#3556),#3560);
#3556 = LINE('',#3557,#3558);
#3557 = CARTESIAN_POINT('',(-1.570796326795,3.));
#3558 = VECTOR('',#3559,1.);
#3559 = DIRECTION('',(1.,0.));
#3560 = ( GEOMETRIC_REPRESENTATION_CONTEXT(2) 
PARAMETRIC_REPRESENTATION_CONTEXT() REPRESENTATION_CONTEXT('2D SPACE',''
  ) );
#3561 = PCURVE('',#3487,#3562);
#3562 = DEFINITIONAL_REPRESENTATION('',(#3563),#3567);
#3563 = CIRCLE('',#3564,8.);
#3564 = AXIS2_PLACEMENT_2D('',#3565,#3566);
#3565 = CARTESIAN_POINT('',(41.152391036529,-20.9158727427));
#3566 = DIRECTION('',(-1.,0.));
#3567 = ( GEOMETRIC_REPRESENTATION_CONTEXT(2) 
PARAMETRIC_REPRESENTATION_CONTEXT() REPRESENTATION_CONTEXT('2D SPACE',''
  ) );
#3568 = ORIENTED_EDGE('',*,*,#3448,.F.);
#3569 = ADVANCED_FACE('',(#3570),#3145,.F.);
#3570 = FACE_BOUND('',#3571,.T.);
#3571 = EDGE_LOOP('',(#3572,#3573,#3596,#3622));
#3572 = ORIENTED_EDGE('',*,*,#3124,.T.);
#3573 = ORIENTED_EDGE('',*,*,#3574,.T.);
#3574 = EDGE_CURVE('',#3125,#3575,#3577,.T.);
#3575 = VERTEX_POINT('',#3576);
#3576 = CARTESIAN_POINT('',(189.37882900962,409.49989469863,
    -12.04125916192));
#3577 = SURFACE_CURVE('',#3578,(#3582,#3589),.PCURVE_S1.);
#3578 = LINE('',#3579,#3580);
#3579 = CARTESIAN_POINT('',(189.37882900962,409.49989469863,
    -9.041259161926));
#3580 = VECTOR('',#3581,1.);
#3581 = DIRECTION('',(0.,1.224646799147E-16,-1.));
#3582 = PCURVE('',#3145,#3583);
#3583 = DEFINITIONAL_REPRESENTATION('',(#3584),#3588);
#3584 = LINE('',#3585,#3586);
#3585 = CARTESIAN_POINT('',(-1.570796326795,0.));
#3586 = VECTOR('',#3587,1.);
#3587 = DIRECTION('',(-0.,1.));
#3588 = ( GEOMETRIC_REPRESENTATION_CONTEXT(2) 
PARAMETRIC_REPRESENTATION_CONTEXT() REPRESENTATION_CONTEXT('2D SPACE',''
  ) );
#3589 = PCURVE('',#3173,#3590);
#3590 = DEFINITIONAL_REPRESENTATION('',(#3591),#3595);
#3591 = LINE('',#3592,#3593);
#3592 = CARTESIAN_POINT('',(8.,0.));
#3593 = VECTOR('',#3594,1.);
#3594 = DIRECTION('',(0.,-1.));
#3595 = ( GEOMETRIC_REPRESENTATION_CONTEXT(2) 
PARAMETRIC_REPRESENTATION_CONTEXT() REPRESENTATION_CONTEXT('2D SPACE',''
  ) );
#3596 = ORIENTED_EDGE('',*,*,#3597,.F.);
#3597 = EDGE_CURVE('',#3472,#3575,#3598,.T.);
#3598 = SURFACE_CURVE('',#3599,(#3604,#3611),.PCURVE_S1.);
#3599 = CIRCLE('',#3600,8.);
#3600 = AXIS2_PLACEMENT_3D('',#3601,#3602,#3603);
#3601 = CARTESIAN_POINT('',(189.37882900962,401.49989469863,
    -12.04125916192));
#3602 = DIRECTION('',(0.,-1.224646799147E-16,1.));
#3603 = DIRECTION('',(0.,1.,1.224646799147E-16));
#3604 = PCURVE('',#3145,#3605);
#3605 = DEFINITIONAL_REPRESENTATION('',(#3606),#3610);
#3606 = LINE('',#3607,#3608);
#3607 = CARTESIAN_POINT('',(4.712388980385,3.));
#3608 = VECTOR('',#3609,1.);
#3609 = DIRECTION('',(-1.,0.));
#3610 = ( GEOMETRIC_REPRESENTATION_CONTEXT(2) 
PARAMETRIC_REPRESENTATION_CONTEXT() REPRESENTATION_CONTEXT('2D SPACE',''
  ) );
#3611 = PCURVE('',#3487,#3612);
#3612 = DEFINITIONAL_REPRESENTATION('',(#3613),#3621);
#3613 = ( BOUNDED_CURVE() B_SPLINE_CURVE(2,(#3614,#3615,#3616,#3617,
#3618,#3619,#3620),.UNSPECIFIED.,.T.,.F.) B_SPLINE_CURVE_WITH_KNOTS((1,2
    ,2,2,2,1),(-2.094395102393,0.,2.094395102393,4.188790204786,
6.28318530718,8.377580409573),.UNSPECIFIED.) CURVE() 
GEOMETRIC_REPRESENTATION_ITEM() RATIONAL_B_SPLINE_CURVE((1.,0.5,1.,0.5,
1.,0.5,1.)) REPRESENTATION_ITEM('') );
#3614 = CARTESIAN_POINT('',(-49.15239103652,-20.9158727427));
#3615 = CARTESIAN_POINT('',(-49.15239103652,-7.059466282158));
#3616 = CARTESIAN_POINT('',(-37.15239103652,-13.98766951243));
#3617 = CARTESIAN_POINT('',(-25.15239103652,-20.9158727427));
#3618 = CARTESIAN_POINT('',(-37.15239103652,-27.84407597298));
#3619 = CARTESIAN_POINT('',(-49.15239103652,-34.77227920326));
#3620 = CARTESIAN_POINT('',(-49.15239103652,-20.9158727427));
#3621 = ( GEOMETRIC_REPRESENTATION_CONTEXT(2) 
PARAMETRIC_REPRESENTATION_CONTEXT() REPRESENTATION_CONTEXT('2D SPACE',''
  ) );
#3622 = ORIENTED_EDGE('',*,*,#3499,.F.);
#3623 = ADVANCED_FACE('',(#3624),#3229,.F.);
#3624 = FACE_BOUND('',#3625,.F.);
#3625 = EDGE_LOOP('',(#3626,#3627,#3650,#3671));
#3626 = ORIENTED_EDGE('',*,*,#3213,.F.);
#3627 = ORIENTED_EDGE('',*,*,#3628,.T.);
#3628 = EDGE_CURVE('',#3186,#3629,#3631,.T.);
#3629 = VERTEX_POINT('',#3630);
#3630 = CARTESIAN_POINT('',(139.5470835242,311.19511262558,
    -12.04125916192));
#3631 = SURFACE_CURVE('',#3632,(#3636,#3643),.PCURVE_S1.);
#3632 = LINE('',#3633,#3634);
#3633 = CARTESIAN_POINT('',(139.5470835242,311.19511262558,
    -9.041259161926));
#3634 = VECTOR('',#3635,1.);
#3635 = DIRECTION('',(0.,1.224646799147E-16,-1.));
#3636 = PCURVE('',#3229,#3637);
#3637 = DEFINITIONAL_REPRESENTATION('',(#3638),#3642);
#3638 = LINE('',#3639,#3640);
#3639 = CARTESIAN_POINT('',(0.,0.));
#3640 = VECTOR('',#3641,1.);
#3641 = DIRECTION('',(0.,-1.));
#3642 = ( GEOMETRIC_REPRESENTATION_CONTEXT(2) 
PARAMETRIC_REPRESENTATION_CONTEXT() REPRESENTATION_CONTEXT('2D SPACE',''
  ) );
#3643 = PCURVE('',#3201,#3644);
#3644 = DEFINITIONAL_REPRESENTATION('',(#3645),#3649);
#3645 = LINE('',#3646,#3647);
#3646 = CARTESIAN_POINT('',(98.304782073057,1.203886367066E-14));
#3647 = VECTOR('',#3648,1.);
#3648 = DIRECTION('',(0.,-1.));
#3649 = ( GEOMETRIC_REPRESENTATION_CONTEXT(2) 
PARAMETRIC_REPRESENTATION_CONTEXT() REPRESENTATION_CONTEXT('2D SPACE',''
  ) );
#3650 = ORIENTED_EDGE('',*,*,#3651,.F.);
#3651 = EDGE_CURVE('',#3525,#3629,#3652,.T.);
#3652 = SURFACE_CURVE('',#3653,(#3657,#3664),.PCURVE_S1.);
#3653 = LINE('',#3654,#3655);
#3654 = CARTESIAN_POINT('',(154.00501989555,311.19511262558,
    -12.04125916192));
#3655 = VECTOR('',#3656,1.);
#3656 = DIRECTION('',(-1.,0.,-0.));
#3657 = PCURVE('',#3229,#3658);
#3658 = DEFINITIONAL_REPRESENTATION('',(#3659),#3663);
#3659 = LINE('',#3660,#3661);
#3660 = CARTESIAN_POINT('',(14.457936371354,-3.));
#3661 = VECTOR('',#3662,1.);
#3662 = DIRECTION('',(-1.,0.));
#3663 = ( GEOMETRIC_REPRESENTATION_CONTEXT(2) 
PARAMETRIC_REPRESENTATION_CONTEXT() REPRESENTATION_CONTEXT('2D SPACE',''
  ) );
#3664 = PCURVE('',#3487,#3665);
#3665 = DEFINITIONAL_REPRESENTATION('',(#3666),#3670);
#3666 = LINE('',#3667,#3668);
#3667 = CARTESIAN_POINT('',(49.152391036529,14.457936371354));
#3668 = VECTOR('',#3669,1.);
#3669 = DIRECTION('',(-0.,1.));
#3670 = ( GEOMETRIC_REPRESENTATION_CONTEXT(2) 
PARAMETRIC_REPRESENTATION_CONTEXT() REPRESENTATION_CONTEXT('2D SPACE',''
  ) );
#3671 = ORIENTED_EDGE('',*,*,#3524,.F.);
#3672 = ADVANCED_FACE('',(#3673),#3173,.F.);
#3673 = FACE_BOUND('',#3674,.F.);
#3674 = EDGE_LOOP('',(#3675,#3676,#3677,#3700));
#3675 = ORIENTED_EDGE('',*,*,#3157,.F.);
#3676 = ORIENTED_EDGE('',*,*,#3574,.T.);
#3677 = ORIENTED_EDGE('',*,*,#3678,.F.);
#3678 = EDGE_CURVE('',#3679,#3575,#3681,.T.);
#3679 = VERTEX_POINT('',#3680);
#3680 = CARTESIAN_POINT('',(139.5470835242,409.49989469863,
    -12.04125916192));
#3681 = SURFACE_CURVE('',#3682,(#3686,#3693),.PCURVE_S1.);
#3682 = LINE('',#3683,#3684);
#3683 = CARTESIAN_POINT('',(182.92089263826,409.49989469863,
    -12.04125916192));
#3684 = VECTOR('',#3685,1.);
#3685 = DIRECTION('',(1.,-0.,0.));
#3686 = PCURVE('',#3173,#3687);
#3687 = DEFINITIONAL_REPRESENTATION('',(#3688),#3692);
#3688 = LINE('',#3689,#3690);
#3689 = CARTESIAN_POINT('',(14.457936371354,-3.));
#3690 = VECTOR('',#3691,1.);
#3691 = DIRECTION('',(-1.,0.));
#3692 = ( GEOMETRIC_REPRESENTATION_CONTEXT(2) 
PARAMETRIC_REPRESENTATION_CONTEXT() REPRESENTATION_CONTEXT('2D SPACE',''
  ) );
#3693 = PCURVE('',#3487,#3694);
#3694 = DEFINITIONAL_REPRESENTATION('',(#3695),#3699);
#3695 = LINE('',#3696,#3697);
#3696 = CARTESIAN_POINT('',(-49.15239103652,-14.45793637135));
#3697 = VECTOR('',#3698,1.);
#3698 = DIRECTION('',(0.,-1.));
#3699 = ( GEOMETRIC_REPRESENTATION_CONTEXT(2) 
PARAMETRIC_REPRESENTATION_CONTEXT() REPRESENTATION_CONTEXT('2D SPACE',''
  ) );
#3700 = ORIENTED_EDGE('',*,*,#3701,.F.);
#3701 = EDGE_CURVE('',#3158,#3679,#3702,.T.);
#3702 = SURFACE_CURVE('',#3703,(#3707,#3714),.PCURVE_S1.);
#3703 = LINE('',#3704,#3705);
#3704 = CARTESIAN_POINT('',(139.5470835242,409.49989469863,
    -9.041259161926));
#3705 = VECTOR('',#3706,1.);
#3706 = DIRECTION('',(0.,1.224646799147E-16,-1.));
#3707 = PCURVE('',#3173,#3708);
#3708 = DEFINITIONAL_REPRESENTATION('',(#3709),#3713);
#3709 = LINE('',#3710,#3711);
#3710 = CARTESIAN_POINT('',(57.831745485418,0.));
#3711 = VECTOR('',#3712,1.);
#3712 = DIRECTION('',(0.,-1.));
#3713 = ( GEOMETRIC_REPRESENTATION_CONTEXT(2) 
PARAMETRIC_REPRESENTATION_CONTEXT() REPRESENTATION_CONTEXT('2D SPACE',''
  ) );
#3714 = PCURVE('',#3201,#3715);
#3715 = DEFINITIONAL_REPRESENTATION('',(#3716),#3720);
#3716 = LINE('',#3717,#3718);
#3717 = CARTESIAN_POINT('',(0.,0.));
#3718 = VECTOR('',#3719,1.);
#3719 = DIRECTION('',(0.,-1.));
#3720 = ( GEOMETRIC_REPRESENTATION_CONTEXT(2) 
PARAMETRIC_REPRESENTATION_CONTEXT() REPRESENTATION_CONTEXT('2D SPACE',''
  ) );
#3721 = ADVANCED_FACE('',(#3722),#3201,.F.);
#3722 = FACE_BOUND('',#3723,.F.);
#3723 = EDGE_LOOP('',(#3724,#3725,#3726,#3747));
#3724 = ORIENTED_EDGE('',*,*,#3185,.F.);
#3725 = ORIENTED_EDGE('',*,*,#3701,.T.);
#3726 = ORIENTED_EDGE('',*,*,#3727,.F.);
#3727 = EDGE_CURVE('',#3629,#3679,#3728,.T.);
#3728 = SURFACE_CURVE('',#3729,(#3733,#3740),.PCURVE_S1.);
#3729 = LINE('',#3730,#3731);
#3730 = CARTESIAN_POINT('',(139.5470835242,384.92369918037,
    -12.04125916192));
#3731 = VECTOR('',#3732,1.);
#3732 = DIRECTION('',(0.,1.,1.224646799147E-16));
#3733 = PCURVE('',#3201,#3734);
#3734 = DEFINITIONAL_REPRESENTATION('',(#3735),#3739);
#3735 = LINE('',#3736,#3737);
#3736 = CARTESIAN_POINT('',(24.576195518264,-3.));
#3737 = VECTOR('',#3738,1.);
#3738 = DIRECTION('',(-1.,0.));
#3739 = ( GEOMETRIC_REPRESENTATION_CONTEXT(2) 
PARAMETRIC_REPRESENTATION_CONTEXT() REPRESENTATION_CONTEXT('2D SPACE',''
  ) );
#3740 = PCURVE('',#3487,#3741);
#3741 = DEFINITIONAL_REPRESENTATION('',(#3742),#3746);
#3742 = LINE('',#3743,#3744);
#3743 = CARTESIAN_POINT('',(-24.57619551826,28.915872742709));
#3744 = VECTOR('',#3745,1.);
#3745 = DIRECTION('',(-1.,0.));
#3746 = ( GEOMETRIC_REPRESENTATION_CONTEXT(2) 
PARAMETRIC_REPRESENTATION_CONTEXT() REPRESENTATION_CONTEXT('2D SPACE',''
  ) );
#3747 = ORIENTED_EDGE('',*,*,#3628,.F.);
#3748 = ADVANCED_FACE('',(#3749),#3288,.T.);
#3749 = FACE_BOUND('',#3750,.T.);
#3750 = EDGE_LOOP('',(#3751,#3752,#3775,#3798));
#3751 = ORIENTED_EDGE('',*,*,#3270,.F.);
#3752 = ORIENTED_EDGE('',*,*,#3753,.T.);
#3753 = EDGE_CURVE('',#3271,#3754,#3756,.T.);
#3754 = VERTEX_POINT('',#3755);
#3755 = CARTESIAN_POINT('',(199.37882900962,312.3475036621,
    -12.04125916192));
#3756 = SURFACE_CURVE('',#3757,(#3761,#3768),.PCURVE_S1.);
#3757 = LINE('',#3758,#3759);
#3758 = CARTESIAN_POINT('',(199.37882900962,312.3475036621,
    -9.041259161926));
#3759 = VECTOR('',#3760,1.);
#3760 = DIRECTION('',(0.,1.224646799147E-16,-1.));
#3761 = PCURVE('',#3288,#3762);
#3762 = DEFINITIONAL_REPRESENTATION('',(#3763),#3767);
#3763 = LINE('',#3764,#3765);
#3764 = CARTESIAN_POINT('',(7.,-8.572527594031E-16));
#3765 = VECTOR('',#3766,1.);
#3766 = DIRECTION('',(0.,-1.));
#3767 = ( GEOMETRIC_REPRESENTATION_CONTEXT(2) 
PARAMETRIC_REPRESENTATION_CONTEXT() REPRESENTATION_CONTEXT('2D SPACE',''
  ) );
#3768 = PCURVE('',#3317,#3769);
#3769 = DEFINITIONAL_REPRESENTATION('',(#3770),#3774);
#3770 = LINE('',#3771,#3772);
#3771 = CARTESIAN_POINT('',(0.,0.));
#3772 = VECTOR('',#3773,1.);
#3773 = DIRECTION('',(0.,1.));
#3774 = ( GEOMETRIC_REPRESENTATION_CONTEXT(2) 
PARAMETRIC_REPRESENTATION_CONTEXT() REPRESENTATION_CONTEXT('2D SPACE',''
  ) );
#3775 = ORIENTED_EDGE('',*,*,#3776,.T.);
#3776 = EDGE_CURVE('',#3754,#3777,#3779,.T.);
#3777 = VERTEX_POINT('',#3778);
#3778 = CARTESIAN_POINT('',(199.37882900962,408.3475036621,
    -12.04125916192));
#3779 = SURFACE_CURVE('',#3780,(#3784,#3791),.PCURVE_S1.);
#3780 = LINE('',#3781,#3782);
#3781 = CARTESIAN_POINT('',(199.37882900962,305.3475036621,
    -12.04125916192));
#3782 = VECTOR('',#3783,1.);
#3783 = DIRECTION('',(0.,1.,1.224646799147E-16));
#3784 = PCURVE('',#3288,#3785);
#3785 = DEFINITIONAL_REPRESENTATION('',(#3786),#3790);
#3786 = LINE('',#3787,#3788);
#3787 = CARTESIAN_POINT('',(-3.673940397442E-16,-3.));
#3788 = VECTOR('',#3789,1.);
#3789 = DIRECTION('',(1.,0.));
#3790 = ( GEOMETRIC_REPRESENTATION_CONTEXT(2) 
PARAMETRIC_REPRESENTATION_CONTEXT() REPRESENTATION_CONTEXT('2D SPACE',''
  ) );
#3791 = PCURVE('',#3487,#3792);
#3792 = DEFINITIONAL_REPRESENTATION('',(#3793),#3797);
#3793 = LINE('',#3794,#3795);
#3794 = CARTESIAN_POINT('',(55.,-30.9158727427));
#3795 = VECTOR('',#3796,1.);
#3796 = DIRECTION('',(-1.,0.));
#3797 = ( GEOMETRIC_REPRESENTATION_CONTEXT(2) 
PARAMETRIC_REPRESENTATION_CONTEXT() REPRESENTATION_CONTEXT('2D SPACE',''
  ) );
#3798 = ORIENTED_EDGE('',*,*,#3799,.F.);
#3799 = EDGE_CURVE('',#3273,#3777,#3800,.T.);
#3800 = SURFACE_CURVE('',#3801,(#3805,#3812),.PCURVE_S1.);
#3801 = LINE('',#3802,#3803);
#3802 = CARTESIAN_POINT('',(199.37882900962,408.3475036621,
    -9.041259161926));
#3803 = VECTOR('',#3804,1.);
#3804 = DIRECTION('',(0.,1.224646799147E-16,-1.));
#3805 = PCURVE('',#3288,#3806);
#3806 = DEFINITIONAL_REPRESENTATION('',(#3807),#3811);
#3807 = LINE('',#3808,#3809);
#3808 = CARTESIAN_POINT('',(103.,-1.261386203122E-14));
#3809 = VECTOR('',#3810,1.);
#3810 = DIRECTION('',(0.,-1.));
#3811 = ( GEOMETRIC_REPRESENTATION_CONTEXT(2) 
PARAMETRIC_REPRESENTATION_CONTEXT() REPRESENTATION_CONTEXT('2D SPACE',''
  ) );
#3812 = PCURVE('',#3432,#3813);
#3813 = DEFINITIONAL_REPRESENTATION('',(#3814),#3818);
#3814 = LINE('',#3815,#3816);
#3815 = CARTESIAN_POINT('',(-0.,0.));
#3816 = VECTOR('',#3817,1.);
#3817 = DIRECTION('',(-0.,1.));
#3818 = ( GEOMETRIC_REPRESENTATION_CONTEXT(2) 
PARAMETRIC_REPRESENTATION_CONTEXT() REPRESENTATION_CONTEXT('2D SPACE',''
  ) );
#3819 = ADVANCED_FACE('',(#3820),#3317,.T.);
#3820 = FACE_BOUND('',#3821,.T.);
#3821 = EDGE_LOOP('',(#3822,#3823,#3846,#3868));
#3822 = ORIENTED_EDGE('',*,*,#3300,.T.);
#3823 = ORIENTED_EDGE('',*,*,#3824,.T.);
#3824 = EDGE_CURVE('',#3301,#3825,#3827,.T.);
#3825 = VERTEX_POINT('',#3826);
#3826 = CARTESIAN_POINT('',(192.37882900962,305.3475036621,
    -12.04125916192));
#3827 = SURFACE_CURVE('',#3828,(#3832,#3839),.PCURVE_S1.);
#3828 = LINE('',#3829,#3830);
#3829 = CARTESIAN_POINT('',(192.37882900962,305.3475036621,
    -9.041259161926));
#3830 = VECTOR('',#3831,1.);
#3831 = DIRECTION('',(0.,1.224646799147E-16,-1.));
#3832 = PCURVE('',#3317,#3833);
#3833 = DEFINITIONAL_REPRESENTATION('',(#3834),#3838);
#3834 = LINE('',#3835,#3836);
#3835 = CARTESIAN_POINT('',(1.570796326795,0.));
#3836 = VECTOR('',#3837,1.);
#3837 = DIRECTION('',(0.,1.));
#3838 = ( GEOMETRIC_REPRESENTATION_CONTEXT(2) 
PARAMETRIC_REPRESENTATION_CONTEXT() REPRESENTATION_CONTEXT('2D SPACE',''
  ) );
#3839 = PCURVE('',#3345,#3840);
#3840 = DEFINITIONAL_REPRESENTATION('',(#3841),#3845);
#3841 = LINE('',#3842,#3843);
#3842 = CARTESIAN_POINT('',(54.831745485418,0.));
#3843 = VECTOR('',#3844,1.);
#3844 = DIRECTION('',(0.,-1.));
#3845 = ( GEOMETRIC_REPRESENTATION_CONTEXT(2) 
PARAMETRIC_REPRESENTATION_CONTEXT() REPRESENTATION_CONTEXT('2D SPACE',''
  ) );
#3846 = ORIENTED_EDGE('',*,*,#3847,.F.);
#3847 = EDGE_CURVE('',#3754,#3825,#3848,.T.);
#3848 = SURFACE_CURVE('',#3849,(#3854,#3861),.PCURVE_S1.);
#3849 = CIRCLE('',#3850,7.);
#3850 = AXIS2_PLACEMENT_3D('',#3851,#3852,#3853);
#3851 = CARTESIAN_POINT('',(192.37882900962,312.3475036621,
    -12.04125916192));
#3852 = DIRECTION('',(0.,1.224646799147E-16,-1.));
#3853 = DIRECTION('',(0.,1.,1.224646799147E-16));
#3854 = PCURVE('',#3317,#3855);
#3855 = DEFINITIONAL_REPRESENTATION('',(#3856),#3860);
#3856 = LINE('',#3857,#3858);
#3857 = CARTESIAN_POINT('',(-1.570796326795,3.));
#3858 = VECTOR('',#3859,1.);
#3859 = DIRECTION('',(1.,0.));
#3860 = ( GEOMETRIC_REPRESENTATION_CONTEXT(2) 
PARAMETRIC_REPRESENTATION_CONTEXT() REPRESENTATION_CONTEXT('2D SPACE',''
  ) );
#3861 = PCURVE('',#3487,#3862);
#3862 = DEFINITIONAL_REPRESENTATION('',(#3863),#3867);
#3863 = CIRCLE('',#3864,7.);
#3864 = AXIS2_PLACEMENT_2D('',#3865,#3866);
#3865 = CARTESIAN_POINT('',(48.,-23.9158727427));
#3866 = DIRECTION('',(-1.,0.));
#3867 = ( GEOMETRIC_REPRESENTATION_CONTEXT(2) 
PARAMETRIC_REPRESENTATION_CONTEXT() REPRESENTATION_CONTEXT('2D SPACE',''
  ) );
#3868 = ORIENTED_EDGE('',*,*,#3753,.F.);
#3869 = ADVANCED_FACE('',(#3870),#3432,.T.);
#3870 = FACE_BOUND('',#3871,.F.);
#3871 = EDGE_LOOP('',(#3872,#3873,#3896,#3922));
#3872 = ORIENTED_EDGE('',*,*,#3413,.T.);
#3873 = ORIENTED_EDGE('',*,*,#3874,.T.);
#3874 = EDGE_CURVE('',#3386,#3875,#3877,.T.);
#3875 = VERTEX_POINT('',#3876);
#3876 = CARTESIAN_POINT('',(192.37882900962,415.3475036621,
    -12.04125916192));
#3877 = SURFACE_CURVE('',#3878,(#3882,#3889),.PCURVE_S1.);
#3878 = LINE('',#3879,#3880);
#3879 = CARTESIAN_POINT('',(192.37882900962,415.3475036621,
    -9.041259161926));
#3880 = VECTOR('',#3881,1.);
#3881 = DIRECTION('',(0.,1.224646799147E-16,-1.));
#3882 = PCURVE('',#3432,#3883);
#3883 = DEFINITIONAL_REPRESENTATION('',(#3884),#3888);
#3884 = LINE('',#3885,#3886);
#3885 = CARTESIAN_POINT('',(-1.570796326795,0.));
#3886 = VECTOR('',#3887,1.);
#3887 = DIRECTION('',(-0.,1.));
#3888 = ( GEOMETRIC_REPRESENTATION_CONTEXT(2) 
PARAMETRIC_REPRESENTATION_CONTEXT() REPRESENTATION_CONTEXT('2D SPACE',''
  ) );
#3889 = PCURVE('',#3401,#3890);
#3890 = DEFINITIONAL_REPRESENTATION('',(#3891),#3895);
#3891 = LINE('',#3892,#3893);
#3892 = CARTESIAN_POINT('',(7.,0.));
#3893 = VECTOR('',#3894,1.);
#3894 = DIRECTION('',(0.,-1.));
#3895 = ( GEOMETRIC_REPRESENTATION_CONTEXT(2) 
PARAMETRIC_REPRESENTATION_CONTEXT() REPRESENTATION_CONTEXT('2D SPACE',''
  ) );
#3896 = ORIENTED_EDGE('',*,*,#3897,.F.);
#3897 = EDGE_CURVE('',#3777,#3875,#3898,.T.);
#3898 = SURFACE_CURVE('',#3899,(#3904,#3911),.PCURVE_S1.);
#3899 = CIRCLE('',#3900,7.);
#3900 = AXIS2_PLACEMENT_3D('',#3901,#3902,#3903);
#3901 = CARTESIAN_POINT('',(192.37882900962,408.3475036621,
    -12.04125916192));
#3902 = DIRECTION('',(0.,-1.224646799147E-16,1.));
#3903 = DIRECTION('',(0.,1.,1.224646799147E-16));
#3904 = PCURVE('',#3432,#3905);
#3905 = DEFINITIONAL_REPRESENTATION('',(#3906),#3910);
#3906 = LINE('',#3907,#3908);
#3907 = CARTESIAN_POINT('',(4.712388980385,3.));
#3908 = VECTOR('',#3909,1.);
#3909 = DIRECTION('',(-1.,0.));
#3910 = ( GEOMETRIC_REPRESENTATION_CONTEXT(2) 
PARAMETRIC_REPRESENTATION_CONTEXT() REPRESENTATION_CONTEXT('2D SPACE',''
  ) );
#3911 = PCURVE('',#3487,#3912);
#3912 = DEFINITIONAL_REPRESENTATION('',(#3913),#3921);
#3913 = ( BOUNDED_CURVE() B_SPLINE_CURVE(2,(#3914,#3915,#3916,#3917,
#3918,#3919,#3920),.UNSPECIFIED.,.T.,.F.) B_SPLINE_CURVE_WITH_KNOTS((1,2
    ,2,2,2,1),(-2.094395102393,0.,2.094395102393,4.188790204786,
6.28318530718,8.377580409573),.UNSPECIFIED.) CURVE() 
GEOMETRIC_REPRESENTATION_ITEM() RATIONAL_B_SPLINE_CURVE((1.,0.5,1.,0.5,
1.,0.5,1.)) REPRESENTATION_ITEM('') );
#3914 = CARTESIAN_POINT('',(-55.,-23.9158727427));
#3915 = CARTESIAN_POINT('',(-55.,-11.79151708972));
#3916 = CARTESIAN_POINT('',(-44.5,-17.85369491621));
#3917 = CARTESIAN_POINT('',(-34.,-23.9158727427));
#3918 = CARTESIAN_POINT('',(-44.5,-29.9780505692));
#3919 = CARTESIAN_POINT('',(-55.,-36.04022839569));
#3920 = CARTESIAN_POINT('',(-55.,-23.9158727427));
#3921 = ( GEOMETRIC_REPRESENTATION_CONTEXT(2) 
PARAMETRIC_REPRESENTATION_CONTEXT() REPRESENTATION_CONTEXT('2D SPACE',''
  ) );
#3922 = ORIENTED_EDGE('',*,*,#3799,.F.);
#3923 = ADVANCED_FACE('',(#3924),#3345,.T.);
#3924 = FACE_BOUND('',#3925,.T.);
#3925 = EDGE_LOOP('',(#3926,#3927,#3950,#3971));
#3926 = ORIENTED_EDGE('',*,*,#3329,.F.);
#3927 = ORIENTED_EDGE('',*,*,#3928,.T.);
#3928 = EDGE_CURVE('',#3330,#3929,#3931,.T.);
#3929 = VERTEX_POINT('',#3930);
#3930 = CARTESIAN_POINT('',(137.5470835242,305.3475036621,
    -12.04125916192));
#3931 = SURFACE_CURVE('',#3932,(#3936,#3943),.PCURVE_S1.);
#3932 = LINE('',#3933,#3934);
#3933 = CARTESIAN_POINT('',(137.5470835242,305.3475036621,
    -9.041259161926));
#3934 = VECTOR('',#3935,1.);
#3935 = DIRECTION('',(0.,1.224646799147E-16,-1.));
#3936 = PCURVE('',#3345,#3937);
#3937 = DEFINITIONAL_REPRESENTATION('',(#3938),#3942);
#3938 = LINE('',#3939,#3940);
#3939 = CARTESIAN_POINT('',(0.,0.));
#3940 = VECTOR('',#3941,1.);
#3941 = DIRECTION('',(0.,-1.));
#3942 = ( GEOMETRIC_REPRESENTATION_CONTEXT(2) 
PARAMETRIC_REPRESENTATION_CONTEXT() REPRESENTATION_CONTEXT('2D SPACE',''
  ) );
#3943 = PCURVE('',#3373,#3944);
#3944 = DEFINITIONAL_REPRESENTATION('',(#3945),#3949);
#3945 = LINE('',#3946,#3947);
#3946 = CARTESIAN_POINT('',(110.,1.347111479062E-14));
#3947 = VECTOR('',#3948,1.);
#3948 = DIRECTION('',(0.,-1.));
#3949 = ( GEOMETRIC_REPRESENTATION_CONTEXT(2) 
PARAMETRIC_REPRESENTATION_CONTEXT() REPRESENTATION_CONTEXT('2D SPACE',''
  ) );
#3950 = ORIENTED_EDGE('',*,*,#3951,.T.);
#3951 = EDGE_CURVE('',#3929,#3825,#3952,.T.);
#3952 = SURFACE_CURVE('',#3953,(#3957,#3964),.PCURVE_S1.);
#3953 = LINE('',#3954,#3955);
#3954 = CARTESIAN_POINT('',(137.5470835242,305.3475036621,
    -12.04125916192));
#3955 = VECTOR('',#3956,1.);
#3956 = DIRECTION('',(1.,0.,0.));
#3957 = PCURVE('',#3345,#3958);
#3958 = DEFINITIONAL_REPRESENTATION('',(#3959),#3963);
#3959 = LINE('',#3960,#3961);
#3960 = CARTESIAN_POINT('',(0.,-3.));
#3961 = VECTOR('',#3962,1.);
#3962 = DIRECTION('',(1.,0.));
#3963 = ( GEOMETRIC_REPRESENTATION_CONTEXT(2) 
PARAMETRIC_REPRESENTATION_CONTEXT() REPRESENTATION_CONTEXT('2D SPACE',''
  ) );
#3964 = PCURVE('',#3487,#3965);
#3965 = DEFINITIONAL_REPRESENTATION('',(#3966),#3970);
#3966 = LINE('',#3967,#3968);
#3967 = CARTESIAN_POINT('',(55.,30.915872742709));
#3968 = VECTOR('',#3969,1.);
#3969 = DIRECTION('',(0.,-1.));
#3970 = ( GEOMETRIC_REPRESENTATION_CONTEXT(2) 
PARAMETRIC_REPRESENTATION_CONTEXT() REPRESENTATION_CONTEXT('2D SPACE',''
  ) );
#3971 = ORIENTED_EDGE('',*,*,#3824,.F.);
#3972 = ADVANCED_FACE('',(#3973),#3401,.T.);
#3973 = FACE_BOUND('',#3974,.T.);
#3974 = EDGE_LOOP('',(#3975,#3976,#3977,#4000));
#3975 = ORIENTED_EDGE('',*,*,#3385,.F.);
#3976 = ORIENTED_EDGE('',*,*,#3874,.T.);
#3977 = ORIENTED_EDGE('',*,*,#3978,.T.);
#3978 = EDGE_CURVE('',#3875,#3979,#3981,.T.);
#3979 = VERTEX_POINT('',#3980);
#3980 = CARTESIAN_POINT('',(137.5470835242,415.3475036621,
    -12.04125916192));
#3981 = SURFACE_CURVE('',#3982,(#3986,#3993),.PCURVE_S1.);
#3982 = LINE('',#3983,#3984);
#3983 = CARTESIAN_POINT('',(199.37882900962,415.3475036621,
    -12.04125916192));
#3984 = VECTOR('',#3985,1.);
#3985 = DIRECTION('',(-1.,0.,0.));
#3986 = PCURVE('',#3401,#3987);
#3987 = DEFINITIONAL_REPRESENTATION('',(#3988),#3992);
#3988 = LINE('',#3989,#3990);
#3989 = CARTESIAN_POINT('',(0.,-3.));
#3990 = VECTOR('',#3991,1.);
#3991 = DIRECTION('',(1.,0.));
#3992 = ( GEOMETRIC_REPRESENTATION_CONTEXT(2) 
PARAMETRIC_REPRESENTATION_CONTEXT() REPRESENTATION_CONTEXT('2D SPACE',''
  ) );
#3993 = PCURVE('',#3487,#3994);
#3994 = DEFINITIONAL_REPRESENTATION('',(#3995),#3999);
#3995 = LINE('',#3996,#3997);
#3996 = CARTESIAN_POINT('',(-55.,-30.9158727427));
#3997 = VECTOR('',#3998,1.);
#3998 = DIRECTION('',(-0.,1.));
#3999 = ( GEOMETRIC_REPRESENTATION_CONTEXT(2) 
PARAMETRIC_REPRESENTATION_CONTEXT() REPRESENTATION_CONTEXT('2D SPACE',''
  ) );
#4000 = ORIENTED_EDGE('',*,*,#4001,.F.);
#4001 = EDGE_CURVE('',#3358,#3979,#4002,.T.);
#4002 = SURFACE_CURVE('',#4003,(#4007,#4014),.PCURVE_S1.);
#4003 = LINE('',#4004,#4005);
#4004 = CARTESIAN_POINT('',(137.5470835242,415.3475036621,
    -9.041259161926));
#4005 = VECTOR('',#4006,1.);
#4006 = DIRECTION('',(0.,1.224646799147E-16,-1.));
#4007 = PCURVE('',#3401,#4008);
#4008 = DEFINITIONAL_REPRESENTATION('',(#4009),#4013);
#4009 = LINE('',#4010,#4011);
#4010 = CARTESIAN_POINT('',(61.831745485418,0.));
#4011 = VECTOR('',#4012,1.);
#4012 = DIRECTION('',(0.,-1.));
#4013 = ( GEOMETRIC_REPRESENTATION_CONTEXT(2) 
PARAMETRIC_REPRESENTATION_CONTEXT() REPRESENTATION_CONTEXT('2D SPACE',''
  ) );
#4014 = PCURVE('',#3373,#4015);
#4015 = DEFINITIONAL_REPRESENTATION('',(#4016),#4020);
#4016 = LINE('',#4017,#4018);
#4017 = CARTESIAN_POINT('',(0.,0.));
#4018 = VECTOR('',#4019,1.);
#4019 = DIRECTION('',(0.,-1.));
#4020 = ( GEOMETRIC_REPRESENTATION_CONTEXT(2) 
PARAMETRIC_REPRESENTATION_CONTEXT() REPRESENTATION_CONTEXT('2D SPACE',''
  ) );
#4021 = ADVANCED_FACE('',(#4022),#3373,.T.);
#4022 = FACE_BOUND('',#4023,.T.);
#4023 = EDGE_LOOP('',(#4024,#4025,#4046,#4047));
#4024 = ORIENTED_EDGE('',*,*,#4001,.T.);
#4025 = ORIENTED_EDGE('',*,*,#4026,.T.);
#4026 = EDGE_CURVE('',#3979,#3929,#4027,.T.);
#4027 = SURFACE_CURVE('',#4028,(#4032,#4039),.PCURVE_S1.);
#4028 = LINE('',#4029,#4030);
#4029 = CARTESIAN_POINT('',(137.5470835242,415.3475036621,
    -12.04125916192));
#4030 = VECTOR('',#4031,1.);
#4031 = DIRECTION('',(0.,-1.,-1.224646799147E-16));
#4032 = PCURVE('',#3373,#4033);
#4033 = DEFINITIONAL_REPRESENTATION('',(#4034),#4038);
#4034 = LINE('',#4035,#4036);
#4035 = CARTESIAN_POINT('',(3.673940397442E-16,-3.));
#4036 = VECTOR('',#4037,1.);
#4037 = DIRECTION('',(1.,0.));
#4038 = ( GEOMETRIC_REPRESENTATION_CONTEXT(2) 
PARAMETRIC_REPRESENTATION_CONTEXT() REPRESENTATION_CONTEXT('2D SPACE',''
  ) );
#4039 = PCURVE('',#3487,#4040);
#4040 = DEFINITIONAL_REPRESENTATION('',(#4041),#4045);
#4041 = LINE('',#4042,#4043);
#4042 = CARTESIAN_POINT('',(-55.,30.915872742709));
#4043 = VECTOR('',#4044,1.);
#4044 = DIRECTION('',(1.,-0.));
#4045 = ( GEOMETRIC_REPRESENTATION_CONTEXT(2) 
PARAMETRIC_REPRESENTATION_CONTEXT() REPRESENTATION_CONTEXT('2D SPACE',''
  ) );
#4046 = ORIENTED_EDGE('',*,*,#3928,.F.);
#4047 = ORIENTED_EDGE('',*,*,#3357,.F.);
#4048 = ADVANCED_FACE('',(#4049,#4057),#3487,.T.);
#4049 = FACE_BOUND('',#4050,.T.);
#4050 = EDGE_LOOP('',(#4051,#4052,#4053,#4054,#4055,#4056));
#4051 = ORIENTED_EDGE('',*,*,#3471,.F.);
#4052 = ORIENTED_EDGE('',*,*,#3597,.T.);
#4053 = ORIENTED_EDGE('',*,*,#3678,.F.);
#4054 = ORIENTED_EDGE('',*,*,#3727,.F.);
#4055 = ORIENTED_EDGE('',*,*,#3651,.F.);
#4056 = ORIENTED_EDGE('',*,*,#3547,.F.);
#4057 = FACE_BOUND('',#4058,.T.);
#4058 = EDGE_LOOP('',(#4059,#4060,#4061,#4062,#4063,#4064));
#4059 = ORIENTED_EDGE('',*,*,#3776,.F.);
#4060 = ORIENTED_EDGE('',*,*,#3847,.T.);
#4061 = ORIENTED_EDGE('',*,*,#3951,.F.);
#4062 = ORIENTED_EDGE('',*,*,#4026,.F.);
#4063 = ORIENTED_EDGE('',*,*,#3978,.F.);
#4064 = ORIENTED_EDGE('',*,*,#3897,.F.);
#4065 = ( GEOMETRIC_REPRESENTATION_CONTEXT(3) 
GLOBAL_UNCERTAINTY_ASSIGNED_CONTEXT((#4069)) 
GLOBAL_UNIT_ASSIGNED_CONTEXT((#4066,#4067,#4068)) REPRESENTATION_CONTEXT
('Context #1','3D Context with UNIT and UNCERTAINTY') );
#4066 = ( LENGTH_UNIT() NAMED_UNIT(*) SI_UNIT(.MILLI.,.METRE.) );
#4067 = ( NAMED_UNIT(*) PLANE_ANGLE_UNIT() SI_UNIT($,.RADIAN.) );
#4068 = ( NAMED_UNIT(*) SI_UNIT($,.STERADIAN.) SOLID_ANGLE_UNIT() );
#4069 = UNCERTAINTY_MEASURE_WITH_UNIT(LENGTH_MEASURE(5.E-06),#4066,
  'distance_accuracy_value','confusion accuracy');
#4070 = CONTEXT_DEPENDENT_SHAPE_REPRESENTATION(#4071,#4073);
#4071 = ( REPRESENTATION_RELATIONSHIP('','',#3082,#10) 
REPRESENTATION_RELATIONSHIP_WITH_TRANSFORMATION(#4072) 
SHAPE_REPRESENTATION_RELATIONSHIP() );
#4072 = ITEM_DEFINED_TRANSFORMATION('','',#11,#23);
#4073 = PRODUCT_DEFINITION_SHAPE('Placement','Placement of an item',
  #4074);
#4074 = NEXT_ASSEMBLY_USAGE_OCCURRENCE('6','','',#5,#3077,$);
#4075 = PRODUCT_RELATED_PRODUCT_CATEGORY('part',$,(#3079));
ENDSEC;
END-ISO-10303-21;
