ISO-10303-21;
HEADER;
FILE_DESCRIPTION(('Open CASCADE Model'),'2;1');
FILE_NAME('Open CASCADE Shape Model','2026-07-16T16:43:27',('Author'),(
    'Open CASCADE'),'Open CASCADE STEP processor 8.0','Open CASCADE 8.0'
  ,'Unknown');
FILE_SCHEMA(('AUTOMOTIVE_DESIGN { 1 0 10303 214 1 1 1 1 }'));
ENDSEC;
DATA;
#1 = APPLICATION_PROTOCOL_DEFINITION('international standard',
  'automotive_design',2000,#2);
#2 = APPLICATION_CONTEXT(
  'core data for automotive mechanical design processes');
#3 = SHAPE_DEFINITION_REPRESENTATION(#4,#10);
#4 = PRODUCT_DEFINITION_SHAPE('','',#5);
#5 = PRODUCT_DEFINITION('design','',#6,#9);
#6 = PRODUCT_DEFINITION_FORMATION('','',#7);
#7 = PRODUCT('Open CASCADE STEP translator 8.0 1',
  'Open CASCADE STEP translator 8.0 1','',(#8));
#8 = PRODUCT_CONTEXT('',#2,'mechanical');
#9 = PRODUCT_DEFINITION_CONTEXT('part definition',#2,'design');
#10 = SHAPE_REPRESENTATION('',(#11,#15,#19),#23);
#11 = AXIS2_PLACEMENT_3D('',#12,#13,#14);
#12 = CARTESIAN_POINT('',(0.,0.,0.));
#13 = DIRECTION('',(0.,0.,1.));
#14 = DIRECTION('',(1.,0.,-0.));
#15 = AXIS2_PLACEMENT_3D('',#16,#17,#18);
#16 = CARTESIAN_POINT('',(0.,0.,0.));
#17 = DIRECTION('',(0.,0.,1.));
#18 = DIRECTION('',(1.,0.,-0.));
#19 = AXIS2_PLACEMENT_3D('',#20,#21,#22);
#20 = CARTESIAN_POINT('',(0.,0.,0.));
#21 = DIRECTION('',(0.,0.,1.));
#22 = DIRECTION('',(1.,0.,0.));
#23 = ( GEOMETRIC_REPRESENTATION_CONTEXT(3) 
GLOBAL_UNCERTAINTY_ASSIGNED_CONTEXT((#27)) GLOBAL_UNIT_ASSIGNED_CONTEXT(
(#24,#25,#26)) REPRESENTATION_CONTEXT('Context #1',
  '3D Context with UNIT and UNCERTAINTY') );
#24 = ( LENGTH_UNIT() NAMED_UNIT(*) SI_UNIT(.MILLI.,.METRE.) );
#25 = ( NAMED_UNIT(*) PLANE_ANGLE_UNIT() SI_UNIT($,.RADIAN.) );
#26 = ( NAMED_UNIT(*) SI_UNIT($,.STERADIAN.) SOLID_ANGLE_UNIT() );
#27 = UNCERTAINTY_MEASURE_WITH_UNIT(LENGTH_MEASURE(2.E-07),#24,
  'distance_accuracy_value','confusion accuracy');
#28 = PRODUCT_RELATED_PRODUCT_CATEGORY('part',$,(#7));
#29 = SHAPE_DEFINITION_REPRESENTATION(#30,#36);
#30 = PRODUCT_DEFINITION_SHAPE('','',#31);
#31 = PRODUCT_DEFINITION('design','',#32,#35);
#32 = PRODUCT_DEFINITION_FORMATION('','',#33);
#33 = PRODUCT('Open CASCADE STEP translator 8.0 1.1',
  'Open CASCADE STEP translator 8.0 1.1','',(#34));
#34 = PRODUCT_CONTEXT('',#2,'mechanical');
#35 = PRODUCT_DEFINITION_CONTEXT('part definition',#2,'design');
#36 = SHAPE_REPRESENTATION('',(#11,#37,#41),#45);
#37 = AXIS2_PLACEMENT_3D('',#38,#39,#40);
#38 = CARTESIAN_POINT('',(0.,0.,0.));
#39 = DIRECTION('',(0.,0.,1.));
#40 = DIRECTION('',(1.,0.,-0.));
#41 = AXIS2_PLACEMENT_3D('',#42,#43,#44);
#42 = CARTESIAN_POINT('',(-0.299999952316,0.,0.));
#43 = DIRECTION('',(0.,0.,1.));
#44 = DIRECTION('',(1.,0.,0.));
#45 = ( GEOMETRIC_REPRESENTATION_CONTEXT(3) 
GLOBAL_UNCERTAINTY_ASSIGNED_CONTEXT((#49)) GLOBAL_UNIT_ASSIGNED_CONTEXT(
(#46,#47,#48)) REPRESENTATION_CONTEXT('Context #1',
  '3D Context with UNIT and UNCERTAINTY') );
#46 = ( LENGTH_UNIT() NAMED_UNIT(*) SI_UNIT(.MILLI.,.METRE.) );
#47 = ( NAMED_UNIT(*) PLANE_ANGLE_UNIT() SI_UNIT($,.RADIAN.) );
#48 = ( NAMED_UNIT(*) SI_UNIT($,.STERADIAN.) SOLID_ANGLE_UNIT() );
#49 = UNCERTAINTY_MEASURE_WITH_UNIT(LENGTH_MEASURE(2.E-07),#46,
  'distance_accuracy_value','confusion accuracy');
#50 = CONTEXT_DEPENDENT_SHAPE_REPRESENTATION(#51,#53);
#51 = ( REPRESENTATION_RELATIONSHIP('','',#36,#10) 
REPRESENTATION_RELATIONSHIP_WITH_TRANSFORMATION(#52) 
SHAPE_REPRESENTATION_RELATIONSHIP() );
#52 = ITEM_DEFINED_TRANSFORMATION('','',#11,#15);
#53 = PRODUCT_DEFINITION_SHAPE('Placement','Placement of an item',#54);
#54 = NEXT_ASSEMBLY_USAGE_OCCURRENCE('5','','',#5,#31,$);
#55 = PRODUCT_RELATED_PRODUCT_CATEGORY('part',$,(#33));
#56 = SHAPE_DEFINITION_REPRESENTATION(#57,#63);
#57 = PRODUCT_DEFINITION_SHAPE('','',#58);
#58 = PRODUCT_DEFINITION('design','',#59,#62);
#59 = PRODUCT_DEFINITION_FORMATION('','',#60);
#60 = PRODUCT('Open CASCADE STEP translator 8.0 1.1.1',
  'Open CASCADE STEP translator 8.0 1.1.1','',(#61));
#61 = PRODUCT_CONTEXT('',#2,'mechanical');
#62 = PRODUCT_DEFINITION_CONTEXT('part definition',#2,'design');
#63 = SHAPE_REPRESENTATION('',(#11,#64,#68),#72);
#64 = AXIS2_PLACEMENT_3D('',#65,#66,#67);
#65 = CARTESIAN_POINT('',(0.,0.,0.));
#66 = DIRECTION('',(0.,0.,1.));
#67 = DIRECTION('',(1.,0.,-0.));
#68 = AXIS2_PLACEMENT_3D('',#69,#70,#71);
#69 = CARTESIAN_POINT('',(37.110000023618,0.,0.));
#70 = DIRECTION('',(0.,0.,1.));
#71 = DIRECTION('',(1.,0.,0.));
#72 = ( GEOMETRIC_REPRESENTATION_CONTEXT(3) 
GLOBAL_UNCERTAINTY_ASSIGNED_CONTEXT((#76)) GLOBAL_UNIT_ASSIGNED_CONTEXT(
(#73,#74,#75)) REPRESENTATION_CONTEXT('Context #1',
  '3D Context with UNIT and UNCERTAINTY') );
#73 = ( LENGTH_UNIT() NAMED_UNIT(*) SI_UNIT(.MILLI.,.METRE.) );
#74 = ( NAMED_UNIT(*) PLANE_ANGLE_UNIT() SI_UNIT($,.RADIAN.) );
#75 = ( NAMED_UNIT(*) SI_UNIT($,.STERADIAN.) SOLID_ANGLE_UNIT() );
#76 = UNCERTAINTY_MEASURE_WITH_UNIT(LENGTH_MEASURE(2.E-07),#73,
  'distance_accuracy_value','confusion accuracy');
#77 = CONTEXT_DEPENDENT_SHAPE_REPRESENTATION(#78,#80);
#78 = ( REPRESENTATION_RELATIONSHIP('','',#63,#36) 
REPRESENTATION_RELATIONSHIP_WITH_TRANSFORMATION(#79) 
SHAPE_REPRESENTATION_RELATIONSHIP() );
#79 = ITEM_DEFINED_TRANSFORMATION('','',#11,#37);
#80 = PRODUCT_DEFINITION_SHAPE('Placement','Placement of an item',#81);
#81 = NEXT_ASSEMBLY_USAGE_OCCURRENCE('3','','',#31,#58,$);
#82 = PRODUCT_RELATED_PRODUCT_CATEGORY('part',$,(#60));
#83 = SHAPE_DEFINITION_REPRESENTATION(#84,#90);
#84 = PRODUCT_DEFINITION_SHAPE('','',#85);
#85 = PRODUCT_DEFINITION('design','',#86,#89);
#86 = PRODUCT_DEFINITION_FORMATION('','',#87);
#87 = PRODUCT('Open CASCADE STEP translator 8.0 1.1.1.1',
  'Open CASCADE STEP translator 8.0 1.1.1.1','',(#88));
#88 = PRODUCT_CONTEXT('',#2,'mechanical');
#89 = PRODUCT_DEFINITION_CONTEXT('part definition',#2,'design');
#90 = ADVANCED_BREP_SHAPE_REPRESENTATION('',(#11,#91),#1081);
#91 = MANIFOLD_SOLID_BREP('',#92);
#92 = CLOSED_SHELL('',(#93,#213,#417,#470,#523,#601,#655,#709,#762,#815,
    #847,#872,#897,#968,#996,#1022,#1047,#1074));
#93 = ADVANCED_FACE('',(#94),#108,.F.);
#94 = FACE_BOUND('',#95,.F.);
#95 = EDGE_LOOP('',(#96,#131,#159,#187));
#96 = ORIENTED_EDGE('',*,*,#97,.T.);
#97 = EDGE_CURVE('',#98,#100,#102,.T.);
#98 = VERTEX_POINT('',#99);
#99 = CARTESIAN_POINT('',(189.5,158.80538940429,35.));
#100 = VERTEX_POINT('',#101);
#101 = CARTESIAN_POINT('',(220.5,158.80538940429,35.));
#102 = SURFACE_CURVE('',#103,(#107,#119),.PCURVE_S1.);
#103 = LINE('',#104,#105);
#104 = CARTESIAN_POINT('',(187.5,158.80538940429,35.));
#105 = VECTOR('',#106,1.);
#106 = DIRECTION('',(1.,0.,0.));
#107 = PCURVE('',#108,#113);
#108 = PLANE('',#109);
#109 = AXIS2_PLACEMENT_3D('',#110,#111,#112);
#110 = CARTESIAN_POINT('',(187.5,158.80538940429,40.));
#111 = DIRECTION('',(0.,-1.,0.));
#112 = DIRECTION('',(1.,0.,0.));
#113 = DEFINITIONAL_REPRESENTATION('',(#114),#118);
#114 = LINE('',#115,#116);
#115 = CARTESIAN_POINT('',(0.,-5.));
#116 = VECTOR('',#117,1.);
#117 = DIRECTION('',(1.,0.));
#118 = ( GEOMETRIC_REPRESENTATION_CONTEXT(2) 
PARAMETRIC_REPRESENTATION_CONTEXT() REPRESENTATION_CONTEXT('2D SPACE',''
  ) );
#119 = PCURVE('',#120,#125);
#120 = PLANE('',#121);
#121 = AXIS2_PLACEMENT_3D('',#122,#123,#124);
#122 = CARTESIAN_POINT('',(200.,200.,35.));
#123 = DIRECTION('',(0.,0.,1.));
#124 = DIRECTION('',(1.,0.,0.));
#125 = DEFINITIONAL_REPRESENTATION('',(#126),#130);
#126 = LINE('',#127,#128);
#127 = CARTESIAN_POINT('',(-12.5,-41.1946105957));
#128 = VECTOR('',#129,1.);
#129 = DIRECTION('',(1.,0.));
#130 = ( GEOMETRIC_REPRESENTATION_CONTEXT(2) 
PARAMETRIC_REPRESENTATION_CONTEXT() REPRESENTATION_CONTEXT('2D SPACE',''
  ) );
#131 = ORIENTED_EDGE('',*,*,#132,.F.);
#132 = EDGE_CURVE('',#133,#100,#135,.T.);
#133 = VERTEX_POINT('',#134);
#134 = CARTESIAN_POINT('',(220.5,158.80538940429,38.));
#135 = SURFACE_CURVE('',#136,(#140,#147),.PCURVE_S1.);
#136 = LINE('',#137,#138);
#137 = CARTESIAN_POINT('',(220.5,158.80538940429,40.));
#138 = VECTOR('',#139,1.);
#139 = DIRECTION('',(-0.,-0.,-1.));
#140 = PCURVE('',#108,#141);
#141 = DEFINITIONAL_REPRESENTATION('',(#142),#146);
#142 = LINE('',#143,#144);
#143 = CARTESIAN_POINT('',(33.,0.));
#144 = VECTOR('',#145,1.);
#145 = DIRECTION('',(-0.,-1.));
#146 = ( GEOMETRIC_REPRESENTATION_CONTEXT(2) 
PARAMETRIC_REPRESENTATION_CONTEXT() REPRESENTATION_CONTEXT('2D SPACE',''
  ) );
#147 = PCURVE('',#148,#153);
#148 = CYLINDRICAL_SURFACE('',#149,2.);
#149 = AXIS2_PLACEMENT_3D('',#150,#151,#152);
#150 = CARTESIAN_POINT('',(220.5,156.80538940429,40.));
#151 = DIRECTION('',(-0.,-0.,-1.));
#152 = DIRECTION('',(0.,1.,-0.));
#153 = DEFINITIONAL_REPRESENTATION('',(#154),#158);
#154 = LINE('',#155,#156);
#155 = CARTESIAN_POINT('',(0.,0.));
#156 = VECTOR('',#157,1.);
#157 = DIRECTION('',(0.,1.));
#158 = ( GEOMETRIC_REPRESENTATION_CONTEXT(2) 
PARAMETRIC_REPRESENTATION_CONTEXT() REPRESENTATION_CONTEXT('2D SPACE',''
  ) );
#159 = ORIENTED_EDGE('',*,*,#160,.F.);
#160 = EDGE_CURVE('',#161,#133,#163,.T.);
#161 = VERTEX_POINT('',#162);
#162 = CARTESIAN_POINT('',(189.5,158.80538940429,38.));
#163 = SURFACE_CURVE('',#164,(#168,#175),.PCURVE_S1.);
#164 = LINE('',#165,#166);
#165 = CARTESIAN_POINT('',(187.5,158.80538940429,38.));
#166 = VECTOR('',#167,1.);
#167 = DIRECTION('',(1.,0.,0.));
#168 = PCURVE('',#108,#169);
#169 = DEFINITIONAL_REPRESENTATION('',(#170),#174);
#170 = LINE('',#171,#172);
#171 = CARTESIAN_POINT('',(0.,-2.));
#172 = VECTOR('',#173,1.);
#173 = DIRECTION('',(1.,0.));
#174 = ( GEOMETRIC_REPRESENTATION_CONTEXT(2) 
PARAMETRIC_REPRESENTATION_CONTEXT() REPRESENTATION_CONTEXT('2D SPACE',''
  ) );
#175 = PCURVE('',#176,#181);
#176 = CYLINDRICAL_SURFACE('',#177,2.);
#177 = AXIS2_PLACEMENT_3D('',#178,#179,#180);
#178 = CARTESIAN_POINT('',(187.5,156.80538940429,38.));
#179 = DIRECTION('',(1.,0.,0.));
#180 = DIRECTION('',(-0.,1.,0.));
#181 = DEFINITIONAL_REPRESENTATION('',(#182),#186);
#182 = LINE('',#183,#184);
#183 = CARTESIAN_POINT('',(0.,0.));
#184 = VECTOR('',#185,1.);
#185 = DIRECTION('',(0.,1.));
#186 = ( GEOMETRIC_REPRESENTATION_CONTEXT(2) 
PARAMETRIC_REPRESENTATION_CONTEXT() REPRESENTATION_CONTEXT('2D SPACE',''
  ) );
#187 = ORIENTED_EDGE('',*,*,#188,.T.);
#188 = EDGE_CURVE('',#161,#98,#189,.T.);
#189 = SURFACE_CURVE('',#190,(#194,#201),.PCURVE_S1.);
#190 = LINE('',#191,#192);
#191 = CARTESIAN_POINT('',(189.5,158.80538940429,40.));
#192 = VECTOR('',#193,1.);
#193 = DIRECTION('',(-0.,-0.,-1.));
#194 = PCURVE('',#108,#195);
#195 = DEFINITIONAL_REPRESENTATION('',(#196),#200);
#196 = LINE('',#197,#198);
#197 = CARTESIAN_POINT('',(2.,0.));
#198 = VECTOR('',#199,1.);
#199 = DIRECTION('',(-0.,-1.));
#200 = ( GEOMETRIC_REPRESENTATION_CONTEXT(2) 
PARAMETRIC_REPRESENTATION_CONTEXT() REPRESENTATION_CONTEXT('2D SPACE',''
  ) );
#201 = PCURVE('',#202,#207);
#202 = CYLINDRICAL_SURFACE('',#203,2.);
#203 = AXIS2_PLACEMENT_3D('',#204,#205,#206);
#204 = CARTESIAN_POINT('',(189.5,156.80538940429,40.));
#205 = DIRECTION('',(-0.,-0.,-1.));
#206 = DIRECTION('',(0.,1.,-0.));
#207 = DEFINITIONAL_REPRESENTATION('',(#208),#212);
#208 = LINE('',#209,#210);
#209 = CARTESIAN_POINT('',(-0.,0.));
#210 = VECTOR('',#211,1.);
#211 = DIRECTION('',(-0.,1.));
#212 = ( GEOMETRIC_REPRESENTATION_CONTEXT(2) 
PARAMETRIC_REPRESENTATION_CONTEXT() REPRESENTATION_CONTEXT('2D SPACE',''
  ) );
#213 = ADVANCED_FACE('',(#214),#120,.F.);
#214 = FACE_BOUND('',#215,.F.);
#215 = EDGE_LOOP('',(#216,#217,#241,#269,#302,#330,#363,#391));
#216 = ORIENTED_EDGE('',*,*,#97,.F.);
#217 = ORIENTED_EDGE('',*,*,#218,.T.);
#218 = EDGE_CURVE('',#98,#219,#221,.T.);
#219 = VERTEX_POINT('',#220);
#220 = CARTESIAN_POINT('',(187.5,156.80538940429,35.));
#221 = SURFACE_CURVE('',#222,(#227,#234),.PCURVE_S1.);
#222 = CIRCLE('',#223,2.);
#223 = AXIS2_PLACEMENT_3D('',#224,#225,#226);
#224 = CARTESIAN_POINT('',(189.5,156.80538940429,35.));
#225 = DIRECTION('',(0.,0.,1.));
#226 = DIRECTION('',(0.,1.,-0.));
#227 = PCURVE('',#120,#228);
#228 = DEFINITIONAL_REPRESENTATION('',(#229),#233);
#229 = CIRCLE('',#230,2.);
#230 = AXIS2_PLACEMENT_2D('',#231,#232);
#231 = CARTESIAN_POINT('',(-10.5,-43.1946105957));
#232 = DIRECTION('',(0.,1.));
#233 = ( GEOMETRIC_REPRESENTATION_CONTEXT(2) 
PARAMETRIC_REPRESENTATION_CONTEXT() REPRESENTATION_CONTEXT('2D SPACE',''
  ) );
#234 = PCURVE('',#202,#235);
#235 = DEFINITIONAL_REPRESENTATION('',(#236),#240);
#236 = LINE('',#237,#238);
#237 = CARTESIAN_POINT('',(-0.,5.));
#238 = VECTOR('',#239,1.);
#239 = DIRECTION('',(-1.,0.));
#240 = ( GEOMETRIC_REPRESENTATION_CONTEXT(2) 
PARAMETRIC_REPRESENTATION_CONTEXT() REPRESENTATION_CONTEXT('2D SPACE',''
  ) );
#241 = ORIENTED_EDGE('',*,*,#242,.F.);
#242 = EDGE_CURVE('',#243,#219,#245,.T.);
#243 = VERTEX_POINT('',#244);
#244 = CARTESIAN_POINT('',(187.5,125.80538940429,35.));
#245 = SURFACE_CURVE('',#246,(#250,#257),.PCURVE_S1.);
#246 = LINE('',#247,#248);
#247 = CARTESIAN_POINT('',(187.5,120.22632598877,35.));
#248 = VECTOR('',#249,1.);
#249 = DIRECTION('',(0.,1.,0.));
#250 = PCURVE('',#120,#251);
#251 = DEFINITIONAL_REPRESENTATION('',(#252),#256);
#252 = LINE('',#253,#254);
#253 = CARTESIAN_POINT('',(-12.5,-79.77367401123));
#254 = VECTOR('',#255,1.);
#255 = DIRECTION('',(0.,1.));
#256 = ( GEOMETRIC_REPRESENTATION_CONTEXT(2) 
PARAMETRIC_REPRESENTATION_CONTEXT() REPRESENTATION_CONTEXT('2D SPACE',''
  ) );
#257 = PCURVE('',#258,#263);
#258 = PLANE('',#259);
#259 = AXIS2_PLACEMENT_3D('',#260,#261,#262);
#260 = CARTESIAN_POINT('',(187.5,123.80538940429,40.));
#261 = DIRECTION('',(1.,0.,-0.));
#262 = DIRECTION('',(0.,1.,0.));
#263 = DEFINITIONAL_REPRESENTATION('',(#264),#268);
#264 = LINE('',#265,#266);
#265 = CARTESIAN_POINT('',(-3.579063415527,-5.));
#266 = VECTOR('',#267,1.);
#267 = DIRECTION('',(1.,0.));
#268 = ( GEOMETRIC_REPRESENTATION_CONTEXT(2) 
PARAMETRIC_REPRESENTATION_CONTEXT() REPRESENTATION_CONTEXT('2D SPACE',''
  ) );
#269 = ORIENTED_EDGE('',*,*,#270,.F.);
#270 = EDGE_CURVE('',#271,#243,#273,.T.);
#271 = VERTEX_POINT('',#272);
#272 = CARTESIAN_POINT('',(189.5,123.80538940429,35.));
#273 = SURFACE_CURVE('',#274,(#279,#290),.PCURVE_S1.);
#274 = CIRCLE('',#275,2.);
#275 = AXIS2_PLACEMENT_3D('',#276,#277,#278);
#276 = CARTESIAN_POINT('',(189.5,125.80538940429,35.));
#277 = DIRECTION('',(0.,-0.,-1.));
#278 = DIRECTION('',(0.,1.,-0.));
#279 = PCURVE('',#120,#280);
#280 = DEFINITIONAL_REPRESENTATION('',(#281),#289);
#281 = ( BOUNDED_CURVE() B_SPLINE_CURVE(2,(#282,#283,#284,#285,#286,#287
,#288),.UNSPECIFIED.,.T.,.F.) B_SPLINE_CURVE_WITH_KNOTS((1,2,2,2,2,1),(
    -2.094395102393,0.,2.094395102393,4.188790204786,6.28318530718,
8.377580409573),.UNSPECIFIED.) CURVE() GEOMETRIC_REPRESENTATION_ITEM() 
RATIONAL_B_SPLINE_CURVE((1.,0.5,1.,0.5,1.,0.5,1.)) REPRESENTATION_ITEM(
  '') );
#282 = CARTESIAN_POINT('',(-10.5,-72.1946105957));
#283 = CARTESIAN_POINT('',(-7.035898384862,-72.1946105957));
#284 = CARTESIAN_POINT('',(-8.767949192431,-75.1946105957));
#285 = CARTESIAN_POINT('',(-10.5,-78.1946105957));
#286 = CARTESIAN_POINT('',(-12.23205080756,-75.1946105957));
#287 = CARTESIAN_POINT('',(-13.96410161513,-72.1946105957));
#288 = CARTESIAN_POINT('',(-10.5,-72.1946105957));
#289 = ( GEOMETRIC_REPRESENTATION_CONTEXT(2) 
PARAMETRIC_REPRESENTATION_CONTEXT() REPRESENTATION_CONTEXT('2D SPACE',''
  ) );
#290 = PCURVE('',#291,#296);
#291 = CYLINDRICAL_SURFACE('',#292,2.);
#292 = AXIS2_PLACEMENT_3D('',#293,#294,#295);
#293 = CARTESIAN_POINT('',(189.5,125.80538940429,40.));
#294 = DIRECTION('',(-0.,-0.,-1.));
#295 = DIRECTION('',(-6.123233995737E-17,-1.,0.));
#296 = DEFINITIONAL_REPRESENTATION('',(#297),#301);
#297 = LINE('',#298,#299);
#298 = CARTESIAN_POINT('',(-3.14159265359,5.));
#299 = VECTOR('',#300,1.);
#300 = DIRECTION('',(1.,0.));
#301 = ( GEOMETRIC_REPRESENTATION_CONTEXT(2) 
PARAMETRIC_REPRESENTATION_CONTEXT() REPRESENTATION_CONTEXT('2D SPACE',''
  ) );
#302 = ORIENTED_EDGE('',*,*,#303,.F.);
#303 = EDGE_CURVE('',#304,#271,#306,.T.);
#304 = VERTEX_POINT('',#305);
#305 = CARTESIAN_POINT('',(220.5,123.80538940429,35.));
#306 = SURFACE_CURVE('',#307,(#311,#318),.PCURVE_S1.);
#307 = LINE('',#308,#309);
#308 = CARTESIAN_POINT('',(223.86682128906,123.80538940429,35.));
#309 = VECTOR('',#310,1.);
#310 = DIRECTION('',(-1.,6.123233995737E-17,0.));
#311 = PCURVE('',#120,#312);
#312 = DEFINITIONAL_REPRESENTATION('',(#313),#317);
#313 = LINE('',#314,#315);
#314 = CARTESIAN_POINT('',(23.866821289062,-76.1946105957));
#315 = VECTOR('',#316,1.);
#316 = DIRECTION('',(-1.,6.123233995737E-17));
#317 = ( GEOMETRIC_REPRESENTATION_CONTEXT(2) 
PARAMETRIC_REPRESENTATION_CONTEXT() REPRESENTATION_CONTEXT('2D SPACE',''
  ) );
#318 = PCURVE('',#319,#324);
#319 = PLANE('',#320);
#320 = AXIS2_PLACEMENT_3D('',#321,#322,#323);
#321 = CARTESIAN_POINT('',(222.5,123.80538940429,40.));
#322 = DIRECTION('',(6.123233995737E-17,1.,-0.));
#323 = DIRECTION('',(-1.,6.123233995737E-17,0.));
#324 = DEFINITIONAL_REPRESENTATION('',(#325),#329);
#325 = LINE('',#326,#327);
#326 = CARTESIAN_POINT('',(-1.366821289062,-5.));
#327 = VECTOR('',#328,1.);
#328 = DIRECTION('',(1.,0.));
#329 = ( GEOMETRIC_REPRESENTATION_CONTEXT(2) 
PARAMETRIC_REPRESENTATION_CONTEXT() REPRESENTATION_CONTEXT('2D SPACE',''
  ) );
#330 = ORIENTED_EDGE('',*,*,#331,.F.);
#331 = EDGE_CURVE('',#332,#304,#334,.T.);
#332 = VERTEX_POINT('',#333);
#333 = CARTESIAN_POINT('',(222.5,125.80538940429,35.));
#334 = SURFACE_CURVE('',#335,(#340,#351),.PCURVE_S1.);
#335 = CIRCLE('',#336,2.);
#336 = AXIS2_PLACEMENT_3D('',#337,#338,#339);
#337 = CARTESIAN_POINT('',(220.5,125.80538940429,35.));
#338 = DIRECTION('',(0.,-0.,-1.));
#339 = DIRECTION('',(0.,1.,-0.));
#340 = PCURVE('',#120,#341);
#341 = DEFINITIONAL_REPRESENTATION('',(#342),#350);
#342 = ( BOUNDED_CURVE() B_SPLINE_CURVE(2,(#343,#344,#345,#346,#347,#348
,#349),.UNSPECIFIED.,.T.,.F.) B_SPLINE_CURVE_WITH_KNOTS((1,2,2,2,2,1),(
    -2.094395102393,0.,2.094395102393,4.188790204786,6.28318530718,
8.377580409573),.UNSPECIFIED.) CURVE() GEOMETRIC_REPRESENTATION_ITEM() 
RATIONAL_B_SPLINE_CURVE((1.,0.5,1.,0.5,1.,0.5,1.)) REPRESENTATION_ITEM(
  '') );
#343 = CARTESIAN_POINT('',(20.5,-72.1946105957));
#344 = CARTESIAN_POINT('',(23.964101615138,-72.1946105957));
#345 = CARTESIAN_POINT('',(22.232050807569,-75.1946105957));
#346 = CARTESIAN_POINT('',(20.5,-78.1946105957));
#347 = CARTESIAN_POINT('',(18.767949192431,-75.1946105957));
#348 = CARTESIAN_POINT('',(17.035898384862,-72.1946105957));
#349 = CARTESIAN_POINT('',(20.5,-72.1946105957));
#350 = ( GEOMETRIC_REPRESENTATION_CONTEXT(2) 
PARAMETRIC_REPRESENTATION_CONTEXT() REPRESENTATION_CONTEXT('2D SPACE',''
  ) );
#351 = PCURVE('',#352,#357);
#352 = CYLINDRICAL_SURFACE('',#353,2.);
#353 = AXIS2_PLACEMENT_3D('',#354,#355,#356);
#354 = CARTESIAN_POINT('',(220.5,125.80538940429,40.));
#355 = DIRECTION('',(-0.,-0.,-1.));
#356 = DIRECTION('',(1.,-1.224646799147E-16,0.));
#357 = DEFINITIONAL_REPRESENTATION('',(#358),#362);
#358 = LINE('',#359,#360);
#359 = CARTESIAN_POINT('',(-1.570796326795,5.));
#360 = VECTOR('',#361,1.);
#361 = DIRECTION('',(1.,0.));
#362 = ( GEOMETRIC_REPRESENTATION_CONTEXT(2) 
PARAMETRIC_REPRESENTATION_CONTEXT() REPRESENTATION_CONTEXT('2D SPACE',''
  ) );
#363 = ORIENTED_EDGE('',*,*,#364,.F.);
#364 = EDGE_CURVE('',#365,#332,#367,.T.);
#365 = VERTEX_POINT('',#366);
#366 = CARTESIAN_POINT('',(222.5,156.80538940429,35.));
#367 = SURFACE_CURVE('',#368,(#372,#379),.PCURVE_S1.);
#368 = LINE('',#369,#370);
#369 = CARTESIAN_POINT('',(222.5,158.80538940429,35.));
#370 = VECTOR('',#371,1.);
#371 = DIRECTION('',(-1.224646799147E-16,-1.,0.));
#372 = PCURVE('',#120,#373);
#373 = DEFINITIONAL_REPRESENTATION('',(#374),#378);
#374 = LINE('',#375,#376);
#375 = CARTESIAN_POINT('',(22.5,-41.1946105957));
#376 = VECTOR('',#377,1.);
#377 = DIRECTION('',(-1.224646799147E-16,-1.));
#378 = ( GEOMETRIC_REPRESENTATION_CONTEXT(2) 
PARAMETRIC_REPRESENTATION_CONTEXT() REPRESENTATION_CONTEXT('2D SPACE',''
  ) );
#379 = PCURVE('',#380,#385);
#380 = PLANE('',#381);
#381 = AXIS2_PLACEMENT_3D('',#382,#383,#384);
#382 = CARTESIAN_POINT('',(222.5,158.80538940429,40.));
#383 = DIRECTION('',(-1.,1.224646799147E-16,0.));
#384 = DIRECTION('',(-1.224646799147E-16,-1.,0.));
#385 = DEFINITIONAL_REPRESENTATION('',(#386),#390);
#386 = LINE('',#387,#388);
#387 = CARTESIAN_POINT('',(-0.,-5.));
#388 = VECTOR('',#389,1.);
#389 = DIRECTION('',(1.,0.));
#390 = ( GEOMETRIC_REPRESENTATION_CONTEXT(2) 
PARAMETRIC_REPRESENTATION_CONTEXT() REPRESENTATION_CONTEXT('2D SPACE',''
  ) );
#391 = ORIENTED_EDGE('',*,*,#392,.F.);
#392 = EDGE_CURVE('',#100,#365,#393,.T.);
#393 = SURFACE_CURVE('',#394,(#399,#410),.PCURVE_S1.);
#394 = CIRCLE('',#395,2.);
#395 = AXIS2_PLACEMENT_3D('',#396,#397,#398);
#396 = CARTESIAN_POINT('',(220.5,156.80538940429,35.));
#397 = DIRECTION('',(0.,-0.,-1.));
#398 = DIRECTION('',(0.,1.,-0.));
#399 = PCURVE('',#120,#400);
#400 = DEFINITIONAL_REPRESENTATION('',(#401),#409);
#401 = ( BOUNDED_CURVE() B_SPLINE_CURVE(2,(#402,#403,#404,#405,#406,#407
,#408),.UNSPECIFIED.,.T.,.F.) B_SPLINE_CURVE_WITH_KNOTS((1,2,2,2,2,1),(
    -2.094395102393,0.,2.094395102393,4.188790204786,6.28318530718,
8.377580409573),.UNSPECIFIED.) CURVE() GEOMETRIC_REPRESENTATION_ITEM() 
RATIONAL_B_SPLINE_CURVE((1.,0.5,1.,0.5,1.,0.5,1.)) REPRESENTATION_ITEM(
  '') );
#402 = CARTESIAN_POINT('',(20.5,-41.1946105957));
#403 = CARTESIAN_POINT('',(23.964101615138,-41.1946105957));
#404 = CARTESIAN_POINT('',(22.232050807569,-44.1946105957));
#405 = CARTESIAN_POINT('',(20.5,-47.1946105957));
#406 = CARTESIAN_POINT('',(18.767949192431,-44.1946105957));
#407 = CARTESIAN_POINT('',(17.035898384862,-41.1946105957));
#408 = CARTESIAN_POINT('',(20.5,-41.1946105957));
#409 = ( GEOMETRIC_REPRESENTATION_CONTEXT(2) 
PARAMETRIC_REPRESENTATION_CONTEXT() REPRESENTATION_CONTEXT('2D SPACE',''
  ) );
#410 = PCURVE('',#148,#411);
#411 = DEFINITIONAL_REPRESENTATION('',(#412),#416);
#412 = LINE('',#413,#414);
#413 = CARTESIAN_POINT('',(0.,5.));
#414 = VECTOR('',#415,1.);
#415 = DIRECTION('',(1.,0.));
#416 = ( GEOMETRIC_REPRESENTATION_CONTEXT(2) 
PARAMETRIC_REPRESENTATION_CONTEXT() REPRESENTATION_CONTEXT('2D SPACE',''
  ) );
#417 = ADVANCED_FACE('',(#418),#202,.T.);
#418 = FACE_BOUND('',#419,.F.);
#419 = EDGE_LOOP('',(#420,#447,#468,#469));
#420 = ORIENTED_EDGE('',*,*,#421,.F.);
#421 = EDGE_CURVE('',#422,#161,#424,.T.);
#422 = VERTEX_POINT('',#423);
#423 = CARTESIAN_POINT('',(187.5,156.80538940429,38.));
#424 = SURFACE_CURVE('',#425,(#430,#436),.PCURVE_S1.);
#425 = CIRCLE('',#426,2.);
#426 = AXIS2_PLACEMENT_3D('',#427,#428,#429);
#427 = CARTESIAN_POINT('',(189.5,156.80538940429,38.));
#428 = DIRECTION('',(-0.,0.,-1.));
#429 = DIRECTION('',(0.,1.,0.));
#430 = PCURVE('',#202,#431);
#431 = DEFINITIONAL_REPRESENTATION('',(#432),#435);
#432 = B_SPLINE_CURVE_WITH_KNOTS('',1,(#433,#434),.UNSPECIFIED.,.F.,.F.,
  (2,2),(4.712388980385,6.28318530718),.PIECEWISE_BEZIER_KNOTS.);
#433 = CARTESIAN_POINT('',(-1.570796326795,2.));
#434 = CARTESIAN_POINT('',(0.,2.));
#435 = ( GEOMETRIC_REPRESENTATION_CONTEXT(2) 
PARAMETRIC_REPRESENTATION_CONTEXT() REPRESENTATION_CONTEXT('2D SPACE',''
  ) );
#436 = PCURVE('',#437,#442);
#437 = SPHERICAL_SURFACE('',#438,2.);
#438 = AXIS2_PLACEMENT_3D('',#439,#440,#441);
#439 = CARTESIAN_POINT('',(189.5,156.80538940429,38.));
#440 = DIRECTION('',(1.,0.,-0.));
#441 = DIRECTION('',(0.,1.,0.));
#442 = DEFINITIONAL_REPRESENTATION('',(#443),#446);
#443 = B_SPLINE_CURVE_WITH_KNOTS('',1,(#444,#445),.UNSPECIFIED.,.F.,.F.,
  (2,2),(4.712388980385,6.28318530718),.PIECEWISE_BEZIER_KNOTS.);
#444 = CARTESIAN_POINT('',(0.,-1.570796326795));
#445 = CARTESIAN_POINT('',(0.,0.));
#446 = ( GEOMETRIC_REPRESENTATION_CONTEXT(2) 
PARAMETRIC_REPRESENTATION_CONTEXT() REPRESENTATION_CONTEXT('2D SPACE',''
  ) );
#447 = ORIENTED_EDGE('',*,*,#448,.T.);
#448 = EDGE_CURVE('',#422,#219,#449,.T.);
#449 = SURFACE_CURVE('',#450,(#454,#461),.PCURVE_S1.);
#450 = LINE('',#451,#452);
#451 = CARTESIAN_POINT('',(187.5,156.80538940429,40.));
#452 = VECTOR('',#453,1.);
#453 = DIRECTION('',(-0.,-0.,-1.));
#454 = PCURVE('',#202,#455);
#455 = DEFINITIONAL_REPRESENTATION('',(#456),#460);
#456 = LINE('',#457,#458);
#457 = CARTESIAN_POINT('',(-1.570796326795,0.));
#458 = VECTOR('',#459,1.);
#459 = DIRECTION('',(-0.,1.));
#460 = ( GEOMETRIC_REPRESENTATION_CONTEXT(2) 
PARAMETRIC_REPRESENTATION_CONTEXT() REPRESENTATION_CONTEXT('2D SPACE',''
  ) );
#461 = PCURVE('',#258,#462);
#462 = DEFINITIONAL_REPRESENTATION('',(#463),#467);
#463 = LINE('',#464,#465);
#464 = CARTESIAN_POINT('',(33.,0.));
#465 = VECTOR('',#466,1.);
#466 = DIRECTION('',(-0.,-1.));
#467 = ( GEOMETRIC_REPRESENTATION_CONTEXT(2) 
PARAMETRIC_REPRESENTATION_CONTEXT() REPRESENTATION_CONTEXT('2D SPACE',''
  ) );
#468 = ORIENTED_EDGE('',*,*,#218,.F.);
#469 = ORIENTED_EDGE('',*,*,#188,.F.);
#470 = ADVANCED_FACE('',(#471),#148,.T.);
#471 = FACE_BOUND('',#472,.T.);
#472 = EDGE_LOOP('',(#473,#500,#521,#522));
#473 = ORIENTED_EDGE('',*,*,#474,.F.);
#474 = EDGE_CURVE('',#475,#133,#477,.T.);
#475 = VERTEX_POINT('',#476);
#476 = CARTESIAN_POINT('',(222.5,156.80538940429,38.));
#477 = SURFACE_CURVE('',#478,(#483,#489),.PCURVE_S1.);
#478 = CIRCLE('',#479,2.);
#479 = AXIS2_PLACEMENT_3D('',#480,#481,#482);
#480 = CARTESIAN_POINT('',(220.5,156.80538940429,38.));
#481 = DIRECTION('',(1.969382255563E-32,1.608122649677E-16,1.));
#482 = DIRECTION('',(1.224646799147E-16,1.,-1.608122649677E-16));
#483 = PCURVE('',#148,#484);
#484 = DEFINITIONAL_REPRESENTATION('',(#485),#488);
#485 = B_SPLINE_CURVE_WITH_KNOTS('',1,(#486,#487),.UNSPECIFIED.,.F.,.F.,
  (2,2),(4.712388980385,6.28318530718),.PIECEWISE_BEZIER_KNOTS.);
#486 = CARTESIAN_POINT('',(1.570796326795,2.));
#487 = CARTESIAN_POINT('',(0.,2.));
#488 = ( GEOMETRIC_REPRESENTATION_CONTEXT(2) 
PARAMETRIC_REPRESENTATION_CONTEXT() REPRESENTATION_CONTEXT('2D SPACE',''
  ) );
#489 = PCURVE('',#490,#495);
#490 = SPHERICAL_SURFACE('',#491,2.);
#491 = AXIS2_PLACEMENT_3D('',#492,#493,#494);
#492 = CARTESIAN_POINT('',(220.5,156.80538940429,38.));
#493 = DIRECTION('',(-1.,1.224646799147E-16,0.));
#494 = DIRECTION('',(0.,0.,1.));
#495 = DEFINITIONAL_REPRESENTATION('',(#496),#499);
#496 = B_SPLINE_CURVE_WITH_KNOTS('',1,(#497,#498),.UNSPECIFIED.,.F.,.F.,
  (2,2),(4.712388980385,6.28318530718),.PIECEWISE_BEZIER_KNOTS.);
#497 = CARTESIAN_POINT('',(1.570796326795,-1.570796326795));
#498 = CARTESIAN_POINT('',(1.570796326795,0.));
#499 = ( GEOMETRIC_REPRESENTATION_CONTEXT(2) 
PARAMETRIC_REPRESENTATION_CONTEXT() REPRESENTATION_CONTEXT('2D SPACE',''
  ) );
#500 = ORIENTED_EDGE('',*,*,#501,.T.);
#501 = EDGE_CURVE('',#475,#365,#502,.T.);
#502 = SURFACE_CURVE('',#503,(#507,#514),.PCURVE_S1.);
#503 = LINE('',#504,#505);
#504 = CARTESIAN_POINT('',(222.5,156.80538940429,40.));
#505 = VECTOR('',#506,1.);
#506 = DIRECTION('',(-0.,-0.,-1.));
#507 = PCURVE('',#148,#508);
#508 = DEFINITIONAL_REPRESENTATION('',(#509),#513);
#509 = LINE('',#510,#511);
#510 = CARTESIAN_POINT('',(1.570796326795,0.));
#511 = VECTOR('',#512,1.);
#512 = DIRECTION('',(0.,1.));
#513 = ( GEOMETRIC_REPRESENTATION_CONTEXT(2) 
PARAMETRIC_REPRESENTATION_CONTEXT() REPRESENTATION_CONTEXT('2D SPACE',''
  ) );
#514 = PCURVE('',#380,#515);
#515 = DEFINITIONAL_REPRESENTATION('',(#516),#520);
#516 = LINE('',#517,#518);
#517 = CARTESIAN_POINT('',(2.,0.));
#518 = VECTOR('',#519,1.);
#519 = DIRECTION('',(0.,-1.));
#520 = ( GEOMETRIC_REPRESENTATION_CONTEXT(2) 
PARAMETRIC_REPRESENTATION_CONTEXT() REPRESENTATION_CONTEXT('2D SPACE',''
  ) );
#521 = ORIENTED_EDGE('',*,*,#392,.F.);
#522 = ORIENTED_EDGE('',*,*,#132,.F.);
#523 = ADVANCED_FACE('',(#524),#176,.T.);
#524 = FACE_BOUND('',#525,.T.);
#525 = EDGE_LOOP('',(#526,#527,#551,#579));
#526 = ORIENTED_EDGE('',*,*,#160,.F.);
#527 = ORIENTED_EDGE('',*,*,#528,.T.);
#528 = EDGE_CURVE('',#161,#529,#531,.T.);
#529 = VERTEX_POINT('',#530);
#530 = CARTESIAN_POINT('',(189.5,156.80538940429,40.));
#531 = SURFACE_CURVE('',#532,(#537,#544),.PCURVE_S1.);
#532 = CIRCLE('',#533,2.);
#533 = AXIS2_PLACEMENT_3D('',#534,#535,#536);
#534 = CARTESIAN_POINT('',(189.5,156.80538940429,38.));
#535 = DIRECTION('',(1.,0.,-0.));
#536 = DIRECTION('',(0.,1.,0.));
#537 = PCURVE('',#176,#538);
#538 = DEFINITIONAL_REPRESENTATION('',(#539),#543);
#539 = LINE('',#540,#541);
#540 = CARTESIAN_POINT('',(0.,2.));
#541 = VECTOR('',#542,1.);
#542 = DIRECTION('',(1.,0.));
#543 = ( GEOMETRIC_REPRESENTATION_CONTEXT(2) 
PARAMETRIC_REPRESENTATION_CONTEXT() REPRESENTATION_CONTEXT('2D SPACE',''
  ) );
#544 = PCURVE('',#437,#545);
#545 = DEFINITIONAL_REPRESENTATION('',(#546),#550);
#546 = LINE('',#547,#548);
#547 = CARTESIAN_POINT('',(0.,0.));
#548 = VECTOR('',#549,1.);
#549 = DIRECTION('',(1.,0.));
#550 = ( GEOMETRIC_REPRESENTATION_CONTEXT(2) 
PARAMETRIC_REPRESENTATION_CONTEXT() REPRESENTATION_CONTEXT('2D SPACE',''
  ) );
#551 = ORIENTED_EDGE('',*,*,#552,.T.);
#552 = EDGE_CURVE('',#529,#553,#555,.T.);
#553 = VERTEX_POINT('',#554);
#554 = CARTESIAN_POINT('',(220.5,156.80538940429,40.));
#555 = SURFACE_CURVE('',#556,(#560,#567),.PCURVE_S1.);
#556 = LINE('',#557,#558);
#557 = CARTESIAN_POINT('',(187.5,156.80538940429,40.));
#558 = VECTOR('',#559,1.);
#559 = DIRECTION('',(1.,0.,0.));
#560 = PCURVE('',#176,#561);
#561 = DEFINITIONAL_REPRESENTATION('',(#562),#566);
#562 = LINE('',#563,#564);
#563 = CARTESIAN_POINT('',(1.570796326795,0.));
#564 = VECTOR('',#565,1.);
#565 = DIRECTION('',(0.,1.));
#566 = ( GEOMETRIC_REPRESENTATION_CONTEXT(2) 
PARAMETRIC_REPRESENTATION_CONTEXT() REPRESENTATION_CONTEXT('2D SPACE',''
  ) );
#567 = PCURVE('',#568,#573);
#568 = PLANE('',#569);
#569 = AXIS2_PLACEMENT_3D('',#570,#571,#572);
#570 = CARTESIAN_POINT('',(200.,200.,40.));
#571 = DIRECTION('',(0.,0.,1.));
#572 = DIRECTION('',(1.,0.,-0.));
#573 = DEFINITIONAL_REPRESENTATION('',(#574),#578);
#574 = LINE('',#575,#576);
#575 = CARTESIAN_POINT('',(-12.5,-43.1946105957));
#576 = VECTOR('',#577,1.);
#577 = DIRECTION('',(1.,0.));
#578 = ( GEOMETRIC_REPRESENTATION_CONTEXT(2) 
PARAMETRIC_REPRESENTATION_CONTEXT() REPRESENTATION_CONTEXT('2D SPACE',''
  ) );
#579 = ORIENTED_EDGE('',*,*,#580,.T.);
#580 = EDGE_CURVE('',#553,#133,#581,.T.);
#581 = SURFACE_CURVE('',#582,(#587,#594),.PCURVE_S1.);
#582 = CIRCLE('',#583,2.);
#583 = AXIS2_PLACEMENT_3D('',#584,#585,#586);
#584 = CARTESIAN_POINT('',(220.5,156.80538940429,38.));
#585 = DIRECTION('',(-1.,1.224646799147E-16,0.));
#586 = DIRECTION('',(0.,0.,1.));
#587 = PCURVE('',#176,#588);
#588 = DEFINITIONAL_REPRESENTATION('',(#589),#593);
#589 = LINE('',#590,#591);
#590 = CARTESIAN_POINT('',(1.570796326795,33.));
#591 = VECTOR('',#592,1.);
#592 = DIRECTION('',(-1.,-0.));
#593 = ( GEOMETRIC_REPRESENTATION_CONTEXT(2) 
PARAMETRIC_REPRESENTATION_CONTEXT() REPRESENTATION_CONTEXT('2D SPACE',''
  ) );
#594 = PCURVE('',#490,#595);
#595 = DEFINITIONAL_REPRESENTATION('',(#596),#600);
#596 = LINE('',#597,#598);
#597 = CARTESIAN_POINT('',(0.,0.));
#598 = VECTOR('',#599,1.);
#599 = DIRECTION('',(1.,0.));
#600 = ( GEOMETRIC_REPRESENTATION_CONTEXT(2) 
PARAMETRIC_REPRESENTATION_CONTEXT() REPRESENTATION_CONTEXT('2D SPACE',''
  ) );
#601 = ADVANCED_FACE('',(#602),#258,.F.);
#602 = FACE_BOUND('',#603,.F.);
#603 = EDGE_LOOP('',(#604,#605,#606,#634));
#604 = ORIENTED_EDGE('',*,*,#242,.T.);
#605 = ORIENTED_EDGE('',*,*,#448,.F.);
#606 = ORIENTED_EDGE('',*,*,#607,.F.);
#607 = EDGE_CURVE('',#608,#422,#610,.T.);
#608 = VERTEX_POINT('',#609);
#609 = CARTESIAN_POINT('',(187.5,125.80538940429,38.));
#610 = SURFACE_CURVE('',#611,(#615,#622),.PCURVE_S1.);
#611 = LINE('',#612,#613);
#612 = CARTESIAN_POINT('',(187.5,123.80538940429,38.));
#613 = VECTOR('',#614,1.);
#614 = DIRECTION('',(-0.,1.,0.));
#615 = PCURVE('',#258,#616);
#616 = DEFINITIONAL_REPRESENTATION('',(#617),#621);
#617 = LINE('',#618,#619);
#618 = CARTESIAN_POINT('',(0.,-2.));
#619 = VECTOR('',#620,1.);
#620 = DIRECTION('',(1.,0.));
#621 = ( GEOMETRIC_REPRESENTATION_CONTEXT(2) 
PARAMETRIC_REPRESENTATION_CONTEXT() REPRESENTATION_CONTEXT('2D SPACE',''
  ) );
#622 = PCURVE('',#623,#628);
#623 = CYLINDRICAL_SURFACE('',#624,2.);
#624 = AXIS2_PLACEMENT_3D('',#625,#626,#627);
#625 = CARTESIAN_POINT('',(189.5,123.80538940429,38.));
#626 = DIRECTION('',(-0.,1.,0.));
#627 = DIRECTION('',(-1.,-0.,0.));
#628 = DEFINITIONAL_REPRESENTATION('',(#629),#633);
#629 = LINE('',#630,#631);
#630 = CARTESIAN_POINT('',(0.,0.));
#631 = VECTOR('',#632,1.);
#632 = DIRECTION('',(0.,1.));
#633 = ( GEOMETRIC_REPRESENTATION_CONTEXT(2) 
PARAMETRIC_REPRESENTATION_CONTEXT() REPRESENTATION_CONTEXT('2D SPACE',''
  ) );
#634 = ORIENTED_EDGE('',*,*,#635,.T.);
#635 = EDGE_CURVE('',#608,#243,#636,.T.);
#636 = SURFACE_CURVE('',#637,(#641,#648),.PCURVE_S1.);
#637 = LINE('',#638,#639);
#638 = CARTESIAN_POINT('',(187.5,125.80538940429,40.));
#639 = VECTOR('',#640,1.);
#640 = DIRECTION('',(-0.,-0.,-1.));
#641 = PCURVE('',#258,#642);
#642 = DEFINITIONAL_REPRESENTATION('',(#643),#647);
#643 = LINE('',#644,#645);
#644 = CARTESIAN_POINT('',(2.,0.));
#645 = VECTOR('',#646,1.);
#646 = DIRECTION('',(-0.,-1.));
#647 = ( GEOMETRIC_REPRESENTATION_CONTEXT(2) 
PARAMETRIC_REPRESENTATION_CONTEXT() REPRESENTATION_CONTEXT('2D SPACE',''
  ) );
#648 = PCURVE('',#291,#649);
#649 = DEFINITIONAL_REPRESENTATION('',(#650),#654);
#650 = LINE('',#651,#652);
#651 = CARTESIAN_POINT('',(1.570796326795,0.));
#652 = VECTOR('',#653,1.);
#653 = DIRECTION('',(0.,1.));
#654 = ( GEOMETRIC_REPRESENTATION_CONTEXT(2) 
PARAMETRIC_REPRESENTATION_CONTEXT() REPRESENTATION_CONTEXT('2D SPACE',''
  ) );
#655 = ADVANCED_FACE('',(#656),#380,.F.);
#656 = FACE_BOUND('',#657,.F.);
#657 = EDGE_LOOP('',(#658,#659,#682,#708));
#658 = ORIENTED_EDGE('',*,*,#364,.T.);
#659 = ORIENTED_EDGE('',*,*,#660,.F.);
#660 = EDGE_CURVE('',#661,#332,#663,.T.);
#661 = VERTEX_POINT('',#662);
#662 = CARTESIAN_POINT('',(222.5,125.80538940429,38.));
#663 = SURFACE_CURVE('',#664,(#668,#675),.PCURVE_S1.);
#664 = LINE('',#665,#666);
#665 = CARTESIAN_POINT('',(222.5,125.80538940429,40.));
#666 = VECTOR('',#667,1.);
#667 = DIRECTION('',(-0.,-0.,-1.));
#668 = PCURVE('',#380,#669);
#669 = DEFINITIONAL_REPRESENTATION('',(#670),#674);
#670 = LINE('',#671,#672);
#671 = CARTESIAN_POINT('',(33.,0.));
#672 = VECTOR('',#673,1.);
#673 = DIRECTION('',(0.,-1.));
#674 = ( GEOMETRIC_REPRESENTATION_CONTEXT(2) 
PARAMETRIC_REPRESENTATION_CONTEXT() REPRESENTATION_CONTEXT('2D SPACE',''
  ) );
#675 = PCURVE('',#352,#676);
#676 = DEFINITIONAL_REPRESENTATION('',(#677),#681);
#677 = LINE('',#678,#679);
#678 = CARTESIAN_POINT('',(0.,0.));
#679 = VECTOR('',#680,1.);
#680 = DIRECTION('',(0.,1.));
#681 = ( GEOMETRIC_REPRESENTATION_CONTEXT(2) 
PARAMETRIC_REPRESENTATION_CONTEXT() REPRESENTATION_CONTEXT('2D SPACE',''
  ) );
#682 = ORIENTED_EDGE('',*,*,#683,.F.);
#683 = EDGE_CURVE('',#475,#661,#684,.T.);
#684 = SURFACE_CURVE('',#685,(#689,#696),.PCURVE_S1.);
#685 = LINE('',#686,#687);
#686 = CARTESIAN_POINT('',(222.5,158.80538940429,38.));
#687 = VECTOR('',#688,1.);
#688 = DIRECTION('',(-1.224646799147E-16,-1.,0.));
#689 = PCURVE('',#380,#690);
#690 = DEFINITIONAL_REPRESENTATION('',(#691),#695);
#691 = LINE('',#692,#693);
#692 = CARTESIAN_POINT('',(0.,-2.));
#693 = VECTOR('',#694,1.);
#694 = DIRECTION('',(1.,0.));
#695 = ( GEOMETRIC_REPRESENTATION_CONTEXT(2) 
PARAMETRIC_REPRESENTATION_CONTEXT() REPRESENTATION_CONTEXT('2D SPACE',''
  ) );
#696 = PCURVE('',#697,#702);
#697 = CYLINDRICAL_SURFACE('',#698,2.);
#698 = AXIS2_PLACEMENT_3D('',#699,#700,#701);
#699 = CARTESIAN_POINT('',(220.5,158.80538940429,38.));
#700 = DIRECTION('',(-1.224646799147E-16,-1.,0.));
#701 = DIRECTION('',(1.,-1.224646799147E-16,-0.));
#702 = DEFINITIONAL_REPRESENTATION('',(#703),#707);
#703 = LINE('',#704,#705);
#704 = CARTESIAN_POINT('',(0.,0.));
#705 = VECTOR('',#706,1.);
#706 = DIRECTION('',(0.,1.));
#707 = ( GEOMETRIC_REPRESENTATION_CONTEXT(2) 
PARAMETRIC_REPRESENTATION_CONTEXT() REPRESENTATION_CONTEXT('2D SPACE',''
  ) );
#708 = ORIENTED_EDGE('',*,*,#501,.T.);
#709 = ADVANCED_FACE('',(#710),#291,.T.);
#710 = FACE_BOUND('',#711,.T.);
#711 = EDGE_LOOP('',(#712,#739,#740,#741));
#712 = ORIENTED_EDGE('',*,*,#713,.T.);
#713 = EDGE_CURVE('',#714,#608,#716,.T.);
#714 = VERTEX_POINT('',#715);
#715 = CARTESIAN_POINT('',(189.5,123.80538940429,38.));
#716 = SURFACE_CURVE('',#717,(#722,#728),.PCURVE_S1.);
#717 = CIRCLE('',#718,2.);
#718 = AXIS2_PLACEMENT_3D('',#719,#720,#721);
#719 = CARTESIAN_POINT('',(189.5,125.80538940429,38.));
#720 = DIRECTION('',(0.,0.,-1.));
#721 = DIRECTION('',(-1.,6.123233995737E-17,0.));
#722 = PCURVE('',#291,#723);
#723 = DEFINITIONAL_REPRESENTATION('',(#724),#727);
#724 = B_SPLINE_CURVE_WITH_KNOTS('',1,(#725,#726),.UNSPECIFIED.,.F.,.F.,
  (2,2),(4.712388980385,6.28318530718),.PIECEWISE_BEZIER_KNOTS.);
#725 = CARTESIAN_POINT('',(0.,2.));
#726 = CARTESIAN_POINT('',(1.570796326795,2.));
#727 = ( GEOMETRIC_REPRESENTATION_CONTEXT(2) 
PARAMETRIC_REPRESENTATION_CONTEXT() REPRESENTATION_CONTEXT('2D SPACE',''
  ) );
#728 = PCURVE('',#729,#734);
#729 = SPHERICAL_SURFACE('',#730,2.);
#730 = AXIS2_PLACEMENT_3D('',#731,#732,#733);
#731 = CARTESIAN_POINT('',(189.5,125.80538940429,38.));
#732 = DIRECTION('',(6.123233995737E-17,1.,-0.));
#733 = DIRECTION('',(-1.,6.123233995737E-17,0.));
#734 = DEFINITIONAL_REPRESENTATION('',(#735),#738);
#735 = B_SPLINE_CURVE_WITH_KNOTS('',1,(#736,#737),.UNSPECIFIED.,.F.,.F.,
  (2,2),(4.712388980385,6.28318530718),.PIECEWISE_BEZIER_KNOTS.);
#736 = CARTESIAN_POINT('',(0.,-1.570796326795));
#737 = CARTESIAN_POINT('',(0.,0.));
#738 = ( GEOMETRIC_REPRESENTATION_CONTEXT(2) 
PARAMETRIC_REPRESENTATION_CONTEXT() REPRESENTATION_CONTEXT('2D SPACE',''
  ) );
#739 = ORIENTED_EDGE('',*,*,#635,.T.);
#740 = ORIENTED_EDGE('',*,*,#270,.F.);
#741 = ORIENTED_EDGE('',*,*,#742,.F.);
#742 = EDGE_CURVE('',#714,#271,#743,.T.);
#743 = SURFACE_CURVE('',#744,(#748,#755),.PCURVE_S1.);
#744 = LINE('',#745,#746);
#745 = CARTESIAN_POINT('',(189.5,123.80538940429,40.));
#746 = VECTOR('',#747,1.);
#747 = DIRECTION('',(-0.,-0.,-1.));
#748 = PCURVE('',#291,#749);
#749 = DEFINITIONAL_REPRESENTATION('',(#750),#754);
#750 = LINE('',#751,#752);
#751 = CARTESIAN_POINT('',(0.,0.));
#752 = VECTOR('',#753,1.);
#753 = DIRECTION('',(0.,1.));
#754 = ( GEOMETRIC_REPRESENTATION_CONTEXT(2) 
PARAMETRIC_REPRESENTATION_CONTEXT() REPRESENTATION_CONTEXT('2D SPACE',''
  ) );
#755 = PCURVE('',#319,#756);
#756 = DEFINITIONAL_REPRESENTATION('',(#757),#761);
#757 = LINE('',#758,#759);
#758 = CARTESIAN_POINT('',(33.,0.));
#759 = VECTOR('',#760,1.);
#760 = DIRECTION('',(0.,-1.));
#761 = ( GEOMETRIC_REPRESENTATION_CONTEXT(2) 
PARAMETRIC_REPRESENTATION_CONTEXT() REPRESENTATION_CONTEXT('2D SPACE',''
  ) );
#762 = ADVANCED_FACE('',(#763),#352,.T.);
#763 = FACE_BOUND('',#764,.T.);
#764 = EDGE_LOOP('',(#765,#792,#813,#814));
#765 = ORIENTED_EDGE('',*,*,#766,.T.);
#766 = EDGE_CURVE('',#661,#767,#769,.T.);
#767 = VERTEX_POINT('',#768);
#768 = CARTESIAN_POINT('',(220.5,123.80538940429,38.));
#769 = SURFACE_CURVE('',#770,(#775,#781),.PCURVE_S1.);
#770 = CIRCLE('',#771,2.);
#771 = AXIS2_PLACEMENT_3D('',#772,#773,#774);
#772 = CARTESIAN_POINT('',(220.5,125.80538940429,38.));
#773 = DIRECTION('',(-0.,0.,-1.));
#774 = DIRECTION('',(-1.224646799147E-16,-1.,0.));
#775 = PCURVE('',#352,#776);
#776 = DEFINITIONAL_REPRESENTATION('',(#777),#780);
#777 = B_SPLINE_CURVE_WITH_KNOTS('',1,(#778,#779),.UNSPECIFIED.,.F.,.F.,
  (2,2),(4.712388980385,6.28318530718),.PIECEWISE_BEZIER_KNOTS.);
#778 = CARTESIAN_POINT('',(0.,2.));
#779 = CARTESIAN_POINT('',(1.570796326795,2.));
#780 = ( GEOMETRIC_REPRESENTATION_CONTEXT(2) 
PARAMETRIC_REPRESENTATION_CONTEXT() REPRESENTATION_CONTEXT('2D SPACE',''
  ) );
#781 = PCURVE('',#782,#787);
#782 = SPHERICAL_SURFACE('',#783,2.);
#783 = AXIS2_PLACEMENT_3D('',#784,#785,#786);
#784 = CARTESIAN_POINT('',(220.5,125.80538940429,38.));
#785 = DIRECTION('',(-1.,1.224646799147E-16,0.));
#786 = DIRECTION('',(-1.224646799147E-16,-1.,0.));
#787 = DEFINITIONAL_REPRESENTATION('',(#788),#791);
#788 = B_SPLINE_CURVE_WITH_KNOTS('',1,(#789,#790),.UNSPECIFIED.,.F.,.F.,
  (2,2),(4.712388980385,6.28318530718),.PIECEWISE_BEZIER_KNOTS.);
#789 = CARTESIAN_POINT('',(0.,-1.570796326795));
#790 = CARTESIAN_POINT('',(0.,0.));
#791 = ( GEOMETRIC_REPRESENTATION_CONTEXT(2) 
PARAMETRIC_REPRESENTATION_CONTEXT() REPRESENTATION_CONTEXT('2D SPACE',''
  ) );
#792 = ORIENTED_EDGE('',*,*,#793,.T.);
#793 = EDGE_CURVE('',#767,#304,#794,.T.);
#794 = SURFACE_CURVE('',#795,(#799,#806),.PCURVE_S1.);
#795 = LINE('',#796,#797);
#796 = CARTESIAN_POINT('',(220.5,123.80538940429,40.));
#797 = VECTOR('',#798,1.);
#798 = DIRECTION('',(-0.,-0.,-1.));
#799 = PCURVE('',#352,#800);
#800 = DEFINITIONAL_REPRESENTATION('',(#801),#805);
#801 = LINE('',#802,#803);
#802 = CARTESIAN_POINT('',(1.570796326795,0.));
#803 = VECTOR('',#804,1.);
#804 = DIRECTION('',(0.,1.));
#805 = ( GEOMETRIC_REPRESENTATION_CONTEXT(2) 
PARAMETRIC_REPRESENTATION_CONTEXT() REPRESENTATION_CONTEXT('2D SPACE',''
  ) );
#806 = PCURVE('',#319,#807);
#807 = DEFINITIONAL_REPRESENTATION('',(#808),#812);
#808 = LINE('',#809,#810);
#809 = CARTESIAN_POINT('',(2.,0.));
#810 = VECTOR('',#811,1.);
#811 = DIRECTION('',(0.,-1.));
#812 = ( GEOMETRIC_REPRESENTATION_CONTEXT(2) 
PARAMETRIC_REPRESENTATION_CONTEXT() REPRESENTATION_CONTEXT('2D SPACE',''
  ) );
#813 = ORIENTED_EDGE('',*,*,#331,.F.);
#814 = ORIENTED_EDGE('',*,*,#660,.F.);
#815 = ADVANCED_FACE('',(#816),#319,.F.);
#816 = FACE_BOUND('',#817,.F.);
#817 = EDGE_LOOP('',(#818,#819,#820,#846));
#818 = ORIENTED_EDGE('',*,*,#303,.T.);
#819 = ORIENTED_EDGE('',*,*,#742,.F.);
#820 = ORIENTED_EDGE('',*,*,#821,.F.);
#821 = EDGE_CURVE('',#767,#714,#822,.T.);
#822 = SURFACE_CURVE('',#823,(#827,#834),.PCURVE_S1.);
#823 = LINE('',#824,#825);
#824 = CARTESIAN_POINT('',(222.5,123.80538940429,38.));
#825 = VECTOR('',#826,1.);
#826 = DIRECTION('',(-1.,6.123233995737E-17,0.));
#827 = PCURVE('',#319,#828);
#828 = DEFINITIONAL_REPRESENTATION('',(#829),#833);
#829 = LINE('',#830,#831);
#830 = CARTESIAN_POINT('',(0.,-2.));
#831 = VECTOR('',#832,1.);
#832 = DIRECTION('',(1.,0.));
#833 = ( GEOMETRIC_REPRESENTATION_CONTEXT(2) 
PARAMETRIC_REPRESENTATION_CONTEXT() REPRESENTATION_CONTEXT('2D SPACE',''
  ) );
#834 = PCURVE('',#835,#840);
#835 = CYLINDRICAL_SURFACE('',#836,2.);
#836 = AXIS2_PLACEMENT_3D('',#837,#838,#839);
#837 = CARTESIAN_POINT('',(222.5,125.80538940429,38.));
#838 = DIRECTION('',(-1.,6.123233995737E-17,0.));
#839 = DIRECTION('',(-6.123233995737E-17,-1.,0.));
#840 = DEFINITIONAL_REPRESENTATION('',(#841),#845);
#841 = LINE('',#842,#843);
#842 = CARTESIAN_POINT('',(0.,0.));
#843 = VECTOR('',#844,1.);
#844 = DIRECTION('',(0.,1.));
#845 = ( GEOMETRIC_REPRESENTATION_CONTEXT(2) 
PARAMETRIC_REPRESENTATION_CONTEXT() REPRESENTATION_CONTEXT('2D SPACE',''
  ) );
#846 = ORIENTED_EDGE('',*,*,#793,.T.);
#847 = ADVANCED_FACE('',(#848),#437,.T.);
#848 = FACE_BOUND('',#849,.T.);
#849 = EDGE_LOOP('',(#850,#851,#871));
#850 = ORIENTED_EDGE('',*,*,#421,.F.);
#851 = ORIENTED_EDGE('',*,*,#852,.T.);
#852 = EDGE_CURVE('',#422,#529,#853,.T.);
#853 = SURFACE_CURVE('',#854,(#859,#865),.PCURVE_S1.);
#854 = CIRCLE('',#855,2.);
#855 = AXIS2_PLACEMENT_3D('',#856,#857,#858);
#856 = CARTESIAN_POINT('',(189.5,156.80538940429,38.));
#857 = DIRECTION('',(-0.,1.,-6.123233995737E-17));
#858 = DIRECTION('',(0.,6.123233995737E-17,1.));
#859 = PCURVE('',#437,#860);
#860 = DEFINITIONAL_REPRESENTATION('',(#861),#864);
#861 = B_SPLINE_CURVE_WITH_KNOTS('',1,(#862,#863),.UNSPECIFIED.,.F.,.F.,
  (2,2),(4.712388980385,6.28318530718),.PIECEWISE_BEZIER_KNOTS.);
#862 = CARTESIAN_POINT('',(1.570796326795,-1.570796326795));
#863 = CARTESIAN_POINT('',(1.570796326795,0.));
#864 = ( GEOMETRIC_REPRESENTATION_CONTEXT(2) 
PARAMETRIC_REPRESENTATION_CONTEXT() REPRESENTATION_CONTEXT('2D SPACE',''
  ) );
#865 = PCURVE('',#623,#866);
#866 = DEFINITIONAL_REPRESENTATION('',(#867),#870);
#867 = B_SPLINE_CURVE_WITH_KNOTS('',1,(#868,#869),.UNSPECIFIED.,.F.,.F.,
  (2,2),(4.712388980385,6.28318530718),.PIECEWISE_BEZIER_KNOTS.);
#868 = CARTESIAN_POINT('',(0.,33.));
#869 = CARTESIAN_POINT('',(1.570796326795,33.));
#870 = ( GEOMETRIC_REPRESENTATION_CONTEXT(2) 
PARAMETRIC_REPRESENTATION_CONTEXT() REPRESENTATION_CONTEXT('2D SPACE',''
  ) );
#871 = ORIENTED_EDGE('',*,*,#528,.F.);
#872 = ADVANCED_FACE('',(#873),#490,.T.);
#873 = FACE_BOUND('',#874,.T.);
#874 = EDGE_LOOP('',(#875,#895,#896));
#875 = ORIENTED_EDGE('',*,*,#876,.F.);
#876 = EDGE_CURVE('',#475,#553,#877,.T.);
#877 = SURFACE_CURVE('',#878,(#883,#889),.PCURVE_S1.);
#878 = CIRCLE('',#879,2.);
#879 = AXIS2_PLACEMENT_3D('',#880,#881,#882);
#880 = CARTESIAN_POINT('',(220.5,156.80538940429,38.));
#881 = DIRECTION('',(-1.224646799147E-16,-1.,0.));
#882 = DIRECTION('',(0.,0.,1.));
#883 = PCURVE('',#490,#884);
#884 = DEFINITIONAL_REPRESENTATION('',(#885),#888);
#885 = B_SPLINE_CURVE_WITH_KNOTS('',1,(#886,#887),.UNSPECIFIED.,.F.,.F.,
  (2,2),(4.712388980385,6.28318530718),.PIECEWISE_BEZIER_KNOTS.);
#886 = CARTESIAN_POINT('',(0.,-1.570796326795));
#887 = CARTESIAN_POINT('',(0.,0.));
#888 = ( GEOMETRIC_REPRESENTATION_CONTEXT(2) 
PARAMETRIC_REPRESENTATION_CONTEXT() REPRESENTATION_CONTEXT('2D SPACE',''
  ) );
#889 = PCURVE('',#697,#890);
#890 = DEFINITIONAL_REPRESENTATION('',(#891),#894);
#891 = B_SPLINE_CURVE_WITH_KNOTS('',1,(#892,#893),.UNSPECIFIED.,.F.,.F.,
  (2,2),(4.712388980385,6.28318530718),.PIECEWISE_BEZIER_KNOTS.);
#892 = CARTESIAN_POINT('',(0.,2.));
#893 = CARTESIAN_POINT('',(1.570796326795,2.));
#894 = ( GEOMETRIC_REPRESENTATION_CONTEXT(2) 
PARAMETRIC_REPRESENTATION_CONTEXT() REPRESENTATION_CONTEXT('2D SPACE',''
  ) );
#895 = ORIENTED_EDGE('',*,*,#474,.T.);
#896 = ORIENTED_EDGE('',*,*,#580,.F.);
#897 = ADVANCED_FACE('',(#898),#568,.T.);
#898 = FACE_BOUND('',#899,.T.);
#899 = EDGE_LOOP('',(#900,#901,#924,#947));
#900 = ORIENTED_EDGE('',*,*,#552,.F.);
#901 = ORIENTED_EDGE('',*,*,#902,.F.);
#902 = EDGE_CURVE('',#903,#529,#905,.T.);
#903 = VERTEX_POINT('',#904);
#904 = CARTESIAN_POINT('',(189.5,125.80538940429,40.));
#905 = SURFACE_CURVE('',#906,(#910,#917),.PCURVE_S1.);
#906 = LINE('',#907,#908);
#907 = CARTESIAN_POINT('',(189.5,123.80538940429,40.));
#908 = VECTOR('',#909,1.);
#909 = DIRECTION('',(-0.,1.,0.));
#910 = PCURVE('',#568,#911);
#911 = DEFINITIONAL_REPRESENTATION('',(#912),#916);
#912 = LINE('',#913,#914);
#913 = CARTESIAN_POINT('',(-10.5,-76.1946105957));
#914 = VECTOR('',#915,1.);
#915 = DIRECTION('',(0.,1.));
#916 = ( GEOMETRIC_REPRESENTATION_CONTEXT(2) 
PARAMETRIC_REPRESENTATION_CONTEXT() REPRESENTATION_CONTEXT('2D SPACE',''
  ) );
#917 = PCURVE('',#623,#918);
#918 = DEFINITIONAL_REPRESENTATION('',(#919),#923);
#919 = LINE('',#920,#921);
#920 = CARTESIAN_POINT('',(1.570796326795,0.));
#921 = VECTOR('',#922,1.);
#922 = DIRECTION('',(0.,1.));
#923 = ( GEOMETRIC_REPRESENTATION_CONTEXT(2) 
PARAMETRIC_REPRESENTATION_CONTEXT() REPRESENTATION_CONTEXT('2D SPACE',''
  ) );
#924 = ORIENTED_EDGE('',*,*,#925,.F.);
#925 = EDGE_CURVE('',#926,#903,#928,.T.);
#926 = VERTEX_POINT('',#927);
#927 = CARTESIAN_POINT('',(220.5,125.80538940429,40.));
#928 = SURFACE_CURVE('',#929,(#933,#940),.PCURVE_S1.);
#929 = LINE('',#930,#931);
#930 = CARTESIAN_POINT('',(222.5,125.80538940429,40.));
#931 = VECTOR('',#932,1.);
#932 = DIRECTION('',(-1.,6.123233995737E-17,0.));
#933 = PCURVE('',#568,#934);
#934 = DEFINITIONAL_REPRESENTATION('',(#935),#939);
#935 = LINE('',#936,#937);
#936 = CARTESIAN_POINT('',(22.5,-74.1946105957));
#937 = VECTOR('',#938,1.);
#938 = DIRECTION('',(-1.,6.123233995737E-17));
#939 = ( GEOMETRIC_REPRESENTATION_CONTEXT(2) 
PARAMETRIC_REPRESENTATION_CONTEXT() REPRESENTATION_CONTEXT('2D SPACE',''
  ) );
#940 = PCURVE('',#835,#941);
#941 = DEFINITIONAL_REPRESENTATION('',(#942),#946);
#942 = LINE('',#943,#944);
#943 = CARTESIAN_POINT('',(1.570796326795,0.));
#944 = VECTOR('',#945,1.);
#945 = DIRECTION('',(0.,1.));
#946 = ( GEOMETRIC_REPRESENTATION_CONTEXT(2) 
PARAMETRIC_REPRESENTATION_CONTEXT() REPRESENTATION_CONTEXT('2D SPACE',''
  ) );
#947 = ORIENTED_EDGE('',*,*,#948,.F.);
#948 = EDGE_CURVE('',#553,#926,#949,.T.);
#949 = SURFACE_CURVE('',#950,(#954,#961),.PCURVE_S1.);
#950 = LINE('',#951,#952);
#951 = CARTESIAN_POINT('',(220.5,158.80538940429,40.));
#952 = VECTOR('',#953,1.);
#953 = DIRECTION('',(-1.224646799147E-16,-1.,0.));
#954 = PCURVE('',#568,#955);
#955 = DEFINITIONAL_REPRESENTATION('',(#956),#960);
#956 = LINE('',#957,#958);
#957 = CARTESIAN_POINT('',(20.5,-41.1946105957));
#958 = VECTOR('',#959,1.);
#959 = DIRECTION('',(-1.224646799147E-16,-1.));
#960 = ( GEOMETRIC_REPRESENTATION_CONTEXT(2) 
PARAMETRIC_REPRESENTATION_CONTEXT() REPRESENTATION_CONTEXT('2D SPACE',''
  ) );
#961 = PCURVE('',#697,#962);
#962 = DEFINITIONAL_REPRESENTATION('',(#963),#967);
#963 = LINE('',#964,#965);
#964 = CARTESIAN_POINT('',(1.570796326795,0.));
#965 = VECTOR('',#966,1.);
#966 = DIRECTION('',(0.,1.));
#967 = ( GEOMETRIC_REPRESENTATION_CONTEXT(2) 
PARAMETRIC_REPRESENTATION_CONTEXT() REPRESENTATION_CONTEXT('2D SPACE',''
  ) );
#968 = ADVANCED_FACE('',(#969),#623,.T.);
#969 = FACE_BOUND('',#970,.T.);
#970 = EDGE_LOOP('',(#971,#972,#994,#995));
#971 = ORIENTED_EDGE('',*,*,#607,.F.);
#972 = ORIENTED_EDGE('',*,*,#973,.T.);
#973 = EDGE_CURVE('',#608,#903,#974,.T.);
#974 = SURFACE_CURVE('',#975,(#980,#987),.PCURVE_S1.);
#975 = CIRCLE('',#976,2.);
#976 = AXIS2_PLACEMENT_3D('',#977,#978,#979);
#977 = CARTESIAN_POINT('',(189.5,125.80538940429,38.));
#978 = DIRECTION('',(6.123233995737E-17,1.,-0.));
#979 = DIRECTION('',(-1.,6.123233995737E-17,0.));
#980 = PCURVE('',#623,#981);
#981 = DEFINITIONAL_REPRESENTATION('',(#982),#986);
#982 = LINE('',#983,#984);
#983 = CARTESIAN_POINT('',(0.,2.));
#984 = VECTOR('',#985,1.);
#985 = DIRECTION('',(1.,0.));
#986 = ( GEOMETRIC_REPRESENTATION_CONTEXT(2) 
PARAMETRIC_REPRESENTATION_CONTEXT() REPRESENTATION_CONTEXT('2D SPACE',''
  ) );
#987 = PCURVE('',#729,#988);
#988 = DEFINITIONAL_REPRESENTATION('',(#989),#993);
#989 = LINE('',#990,#991);
#990 = CARTESIAN_POINT('',(0.,0.));
#991 = VECTOR('',#992,1.);
#992 = DIRECTION('',(1.,0.));
#993 = ( GEOMETRIC_REPRESENTATION_CONTEXT(2) 
PARAMETRIC_REPRESENTATION_CONTEXT() REPRESENTATION_CONTEXT('2D SPACE',''
  ) );
#994 = ORIENTED_EDGE('',*,*,#902,.T.);
#995 = ORIENTED_EDGE('',*,*,#852,.F.);
#996 = ADVANCED_FACE('',(#997),#697,.T.);
#997 = FACE_BOUND('',#998,.T.);
#998 = EDGE_LOOP('',(#999,#1000,#1001,#1021));
#999 = ORIENTED_EDGE('',*,*,#876,.T.);
#1000 = ORIENTED_EDGE('',*,*,#948,.T.);
#1001 = ORIENTED_EDGE('',*,*,#1002,.F.);
#1002 = EDGE_CURVE('',#661,#926,#1003,.T.);
#1003 = SURFACE_CURVE('',#1004,(#1009,#1015),.PCURVE_S1.);
#1004 = CIRCLE('',#1005,2.);
#1005 = AXIS2_PLACEMENT_3D('',#1006,#1007,#1008);
#1006 = CARTESIAN_POINT('',(220.5,125.80538940429,38.));
#1007 = DIRECTION('',(-1.224646799147E-16,-1.,-6.123233995737E-17));
#1008 = DIRECTION('',(-7.498798913309E-33,-6.123233995737E-17,1.));
#1009 = PCURVE('',#697,#1010);
#1010 = DEFINITIONAL_REPRESENTATION('',(#1011),#1014);
#1011 = B_SPLINE_CURVE_WITH_KNOTS('',1,(#1012,#1013),.UNSPECIFIED.,.F.,
  .F.,(2,2),(4.712388980385,6.28318530718),.PIECEWISE_BEZIER_KNOTS.);
#1012 = CARTESIAN_POINT('',(0.,33.));
#1013 = CARTESIAN_POINT('',(1.570796326795,33.));
#1014 = ( GEOMETRIC_REPRESENTATION_CONTEXT(2) 
PARAMETRIC_REPRESENTATION_CONTEXT() REPRESENTATION_CONTEXT('2D SPACE',''
  ) );
#1015 = PCURVE('',#782,#1016);
#1016 = DEFINITIONAL_REPRESENTATION('',(#1017),#1020);
#1017 = B_SPLINE_CURVE_WITH_KNOTS('',1,(#1018,#1019),.UNSPECIFIED.,.F.,
  .F.,(2,2),(4.712388980385,6.28318530718),.PIECEWISE_BEZIER_KNOTS.);
#1018 = CARTESIAN_POINT('',(1.570796326795,-1.570796326795));
#1019 = CARTESIAN_POINT('',(1.570796326795,0.));
#1020 = ( GEOMETRIC_REPRESENTATION_CONTEXT(2) 
PARAMETRIC_REPRESENTATION_CONTEXT() REPRESENTATION_CONTEXT('2D SPACE',''
  ) );
#1021 = ORIENTED_EDGE('',*,*,#683,.F.);
#1022 = ADVANCED_FACE('',(#1023),#729,.T.);
#1023 = FACE_BOUND('',#1024,.T.);
#1024 = EDGE_LOOP('',(#1025,#1026,#1046));
#1025 = ORIENTED_EDGE('',*,*,#713,.F.);
#1026 = ORIENTED_EDGE('',*,*,#1027,.T.);
#1027 = EDGE_CURVE('',#714,#903,#1028,.T.);
#1028 = SURFACE_CURVE('',#1029,(#1034,#1040),.PCURVE_S1.);
#1029 = CIRCLE('',#1030,2.);
#1030 = AXIS2_PLACEMENT_3D('',#1031,#1032,#1033);
#1031 = CARTESIAN_POINT('',(189.5,125.80538940429,38.));
#1032 = DIRECTION('',(-1.,6.123233995737E-17,-6.123233995737E-17));
#1033 = DIRECTION('',(-6.123233995737E-17,3.749399456655E-33,1.));
#1034 = PCURVE('',#729,#1035);
#1035 = DEFINITIONAL_REPRESENTATION('',(#1036),#1039);
#1036 = B_SPLINE_CURVE_WITH_KNOTS('',1,(#1037,#1038),.UNSPECIFIED.,.F.,
  .F.,(2,2),(4.712388980385,6.28318530718),.PIECEWISE_BEZIER_KNOTS.);
#1037 = CARTESIAN_POINT('',(1.570796326795,-1.570796326795));
#1038 = CARTESIAN_POINT('',(1.570796326795,0.));
#1039 = ( GEOMETRIC_REPRESENTATION_CONTEXT(2) 
PARAMETRIC_REPRESENTATION_CONTEXT() REPRESENTATION_CONTEXT('2D SPACE',''
  ) );
#1040 = PCURVE('',#835,#1041);
#1041 = DEFINITIONAL_REPRESENTATION('',(#1042),#1045);
#1042 = B_SPLINE_CURVE_WITH_KNOTS('',1,(#1043,#1044),.UNSPECIFIED.,.F.,
  .F.,(2,2),(4.712388980385,6.28318530718),.PIECEWISE_BEZIER_KNOTS.);
#1043 = CARTESIAN_POINT('',(0.,33.));
#1044 = CARTESIAN_POINT('',(1.570796326795,33.));
#1045 = ( GEOMETRIC_REPRESENTATION_CONTEXT(2) 
PARAMETRIC_REPRESENTATION_CONTEXT() REPRESENTATION_CONTEXT('2D SPACE',''
  ) );
#1046 = ORIENTED_EDGE('',*,*,#973,.F.);
#1047 = ADVANCED_FACE('',(#1048),#782,.T.);
#1048 = FACE_BOUND('',#1049,.T.);
#1049 = EDGE_LOOP('',(#1050,#1051,#1052));
#1050 = ORIENTED_EDGE('',*,*,#766,.F.);
#1051 = ORIENTED_EDGE('',*,*,#1002,.T.);
#1052 = ORIENTED_EDGE('',*,*,#1053,.F.);
#1053 = EDGE_CURVE('',#767,#926,#1054,.T.);
#1054 = SURFACE_CURVE('',#1055,(#1060,#1067),.PCURVE_S1.);
#1055 = CIRCLE('',#1056,2.);
#1056 = AXIS2_PLACEMENT_3D('',#1057,#1058,#1059);
#1057 = CARTESIAN_POINT('',(220.5,125.80538940429,38.));
#1058 = DIRECTION('',(-1.,1.224646799147E-16,0.));
#1059 = DIRECTION('',(-1.224646799147E-16,-1.,0.));
#1060 = PCURVE('',#782,#1061);
#1061 = DEFINITIONAL_REPRESENTATION('',(#1062),#1066);
#1062 = LINE('',#1063,#1064);
#1063 = CARTESIAN_POINT('',(0.,0.));
#1064 = VECTOR('',#1065,1.);
#1065 = DIRECTION('',(1.,0.));
#1066 = ( GEOMETRIC_REPRESENTATION_CONTEXT(2) 
PARAMETRIC_REPRESENTATION_CONTEXT() REPRESENTATION_CONTEXT('2D SPACE',''
  ) );
#1067 = PCURVE('',#835,#1068);
#1068 = DEFINITIONAL_REPRESENTATION('',(#1069),#1073);
#1069 = LINE('',#1070,#1071);
#1070 = CARTESIAN_POINT('',(0.,2.));
#1071 = VECTOR('',#1072,1.);
#1072 = DIRECTION('',(1.,0.));
#1073 = ( GEOMETRIC_REPRESENTATION_CONTEXT(2) 
PARAMETRIC_REPRESENTATION_CONTEXT() REPRESENTATION_CONTEXT('2D SPACE',''
  ) );
#1074 = ADVANCED_FACE('',(#1075),#835,.T.);
#1075 = FACE_BOUND('',#1076,.T.);
#1076 = EDGE_LOOP('',(#1077,#1078,#1079,#1080));
#1077 = ORIENTED_EDGE('',*,*,#821,.F.);
#1078 = ORIENTED_EDGE('',*,*,#1053,.T.);
#1079 = ORIENTED_EDGE('',*,*,#925,.T.);
#1080 = ORIENTED_EDGE('',*,*,#1027,.F.);
#1081 = ( GEOMETRIC_REPRESENTATION_CONTEXT(3) 
GLOBAL_UNCERTAINTY_ASSIGNED_CONTEXT((#1085)) 
GLOBAL_UNIT_ASSIGNED_CONTEXT((#1082,#1083,#1084)) REPRESENTATION_CONTEXT
('Context #1','3D Context with UNIT and UNCERTAINTY') );
#1082 = ( LENGTH_UNIT() NAMED_UNIT(*) SI_UNIT(.MILLI.,.METRE.) );
#1083 = ( NAMED_UNIT(*) PLANE_ANGLE_UNIT() SI_UNIT($,.RADIAN.) );
#1084 = ( NAMED_UNIT(*) SI_UNIT($,.STERADIAN.) SOLID_ANGLE_UNIT() );
#1085 = UNCERTAINTY_MEASURE_WITH_UNIT(LENGTH_MEASURE(1.E-07),#1082,
  'distance_accuracy_value','confusion accuracy');
#1086 = CONTEXT_DEPENDENT_SHAPE_REPRESENTATION(#1087,#1089);
#1087 = ( REPRESENTATION_RELATIONSHIP('','',#90,#63) 
REPRESENTATION_RELATIONSHIP_WITH_TRANSFORMATION(#1088) 
SHAPE_REPRESENTATION_RELATIONSHIP() );
#1088 = ITEM_DEFINED_TRANSFORMATION('','',#11,#64);
#1089 = PRODUCT_DEFINITION_SHAPE('Placement','Placement of an item',
  #1090);
#1090 = NEXT_ASSEMBLY_USAGE_OCCURRENCE('1','','',#58,#85,$);
#1091 = PRODUCT_RELATED_PRODUCT_CATEGORY('part',$,(#87));
#1092 = SHAPE_DEFINITION_REPRESENTATION(#1093,#1099);
#1093 = PRODUCT_DEFINITION_SHAPE('','',#1094);
#1094 = PRODUCT_DEFINITION('design','',#1095,#1098);
#1095 = PRODUCT_DEFINITION_FORMATION('','',#1096);
#1096 = PRODUCT('Open CASCADE STEP translator 8.0 1.1.1.2',
  'Open CASCADE STEP translator 8.0 1.1.1.2','',(#1097));
#1097 = PRODUCT_CONTEXT('',#2,'mechanical');
#1098 = PRODUCT_DEFINITION_CONTEXT('part definition',#2,'design');
#1099 = ADVANCED_BREP_SHAPE_REPRESENTATION('',(#11,#1100),#4660);
#1100 = MANIFOLD_SOLID_BREP('',#1101);
#1101 = CLOSED_SHELL('',(#1102,#1519,#1678,#1809,#1862,#1952,#2006,#2060
    ,#2113,#2210,#2264,#2355,#2408,#2462,#2493,#2525,#2601,#2874,#2930,
    #2957,#3019,#3069,#3159,#3184,#3420,#3470,#3526,#3551,#3597,#3603,
    #3630,#3637,#3739,#3801,#3862,#4013,#4075,#4137,#4204,#4236,#4285,
    #4325,#4387,#4414,#4476,#4538,#4565,#4592,#4599,#4626,#4653));
#1102 = ADVANCED_FACE('',(#1103),#1117,.F.);
#1103 = FACE_BOUND('',#1104,.F.);
#1104 = EDGE_LOOP('',(#1105,#1140,#1168,#1203,#1231,#1266,#1294,#1317,
    #1350,#1378,#1407,#1435,#1464,#1492));
#1105 = ORIENTED_EDGE('',*,*,#1106,.T.);
#1106 = EDGE_CURVE('',#1107,#1109,#1111,.T.);
#1107 = VERTEX_POINT('',#1108);
#1108 = CARTESIAN_POINT('',(185.5,132.62131881113,51.342974269698));
#1109 = VERTEX_POINT('',#1110);
#1110 = CARTESIAN_POINT('',(185.70401945641,132.62131881113,
    51.342974269698));
#1111 = SURFACE_CURVE('',#1112,(#1116,#1128),.PCURVE_S1.);
#1112 = LINE('',#1113,#1114);
#1113 = CARTESIAN_POINT('',(183.24110595528,132.62131881113,
    51.342974269698));
#1114 = VECTOR('',#1115,1.);
#1115 = DIRECTION('',(1.,0.,0.));
#1116 = PCURVE('',#1117,#1122);
#1117 = PLANE('',#1118);
#1118 = AXIS2_PLACEMENT_3D('',#1119,#1120,#1121);
#1119 = CARTESIAN_POINT('',(186.5,140.51611058985,51.342974269698));
#1120 = DIRECTION('',(0.,0.,1.));
#1121 = DIRECTION('',(0.,-1.,0.));
#1122 = DEFINITIONAL_REPRESENTATION('',(#1123),#1127);
#1123 = LINE('',#1124,#1125);
#1124 = CARTESIAN_POINT('',(7.894791778725,-3.25889404472));
#1125 = VECTOR('',#1126,1.);
#1126 = DIRECTION('',(0.,1.));
#1127 = ( GEOMETRIC_REPRESENTATION_CONTEXT(2) 
PARAMETRIC_REPRESENTATION_CONTEXT() REPRESENTATION_CONTEXT('2D SPACE',''
  ) );
#1128 = PCURVE('',#1129,#1134);
#1129 = PLANE('',#1130);
#1130 = AXIS2_PLACEMENT_3D('',#1131,#1132,#1133);
#1131 = CARTESIAN_POINT('',(184.5,132.62131881113,51.342974269698));
#1132 = DIRECTION('',(0.,1.,0.));
#1133 = DIRECTION('',(1.,0.,0.));
#1134 = DEFINITIONAL_REPRESENTATION('',(#1135),#1139);
#1135 = LINE('',#1136,#1137);
#1136 = CARTESIAN_POINT('',(-1.25889404472,0.));
#1137 = VECTOR('',#1138,1.);
#1138 = DIRECTION('',(1.,0.));
#1139 = ( GEOMETRIC_REPRESENTATION_CONTEXT(2) 
PARAMETRIC_REPRESENTATION_CONTEXT() REPRESENTATION_CONTEXT('2D SPACE',''
  ) );
#1140 = ORIENTED_EDGE('',*,*,#1141,.F.);
#1141 = EDGE_CURVE('',#1142,#1109,#1144,.T.);
#1142 = VERTEX_POINT('',#1143);
#1143 = CARTESIAN_POINT('',(185.70401945798,147.80641124697,
    51.342974269698));
#1144 = SURFACE_CURVE('',#1145,(#1149,#1156),.PCURVE_S1.);
#1145 = LINE('',#1146,#1147);
#1146 = CARTESIAN_POINT('',(185.70401945641,147.88665874322,
    51.342974269698));
#1147 = VECTOR('',#1148,1.);
#1148 = DIRECTION('',(-0.,-1.,-0.));
#1149 = PCURVE('',#1117,#1150);
#1150 = DEFINITIONAL_REPRESENTATION('',(#1151),#1155);
#1151 = LINE('',#1152,#1153);
#1152 = CARTESIAN_POINT('',(-7.370548153368,-0.795980543582));
#1153 = VECTOR('',#1154,1.);
#1154 = DIRECTION('',(1.,0.));
#1155 = ( GEOMETRIC_REPRESENTATION_CONTEXT(2) 
PARAMETRIC_REPRESENTATION_CONTEXT() REPRESENTATION_CONTEXT('2D SPACE',''
  ) );
#1156 = PCURVE('',#1157,#1162);
#1157 = CYLINDRICAL_SURFACE('',#1158,0.5);
#1158 = AXIS2_PLACEMENT_3D('',#1159,#1160,#1161);
#1159 = CARTESIAN_POINT('',(186.,147.88665874322,50.939990997314));
#1160 = DIRECTION('',(-0.,-1.,-0.));
#1161 = DIRECTION('',(0.,0.,1.));
#1162 = DEFINITIONAL_REPRESENTATION('',(#1163),#1167);
#1163 = LINE('',#1164,#1165);
#1164 = CARTESIAN_POINT('',(0.633489884437,0.));
#1165 = VECTOR('',#1166,1.);
#1166 = DIRECTION('',(0.,1.));
#1167 = ( GEOMETRIC_REPRESENTATION_CONTEXT(2) 
PARAMETRIC_REPRESENTATION_CONTEXT() REPRESENTATION_CONTEXT('2D SPACE',''
  ) );
#1168 = ORIENTED_EDGE('',*,*,#1169,.F.);
#1169 = EDGE_CURVE('',#1170,#1142,#1172,.T.);
#1170 = VERTEX_POINT('',#1171);
#1171 = CARTESIAN_POINT('',(186.,147.90518009709,51.342974269698));
#1172 = SURFACE_CURVE('',#1173,(#1178,#1185),.PCURVE_S1.);
#1173 = ELLIPSE('',#1174,0.509030008142,0.5);
#1174 = AXIS2_PLACEMENT_3D('',#1175,#1176,#1177);
#1175 = CARTESIAN_POINT('',(186.,147.39615008895,51.342974269698));
#1176 = DIRECTION('',(0.,-0.,1.));
#1177 = DIRECTION('',(0.,-1.,-0.));
#1178 = PCURVE('',#1117,#1179);
#1179 = DEFINITIONAL_REPRESENTATION('',(#1180),#1184);
#1180 = ELLIPSE('',#1181,0.509030008142,0.5);
#1181 = AXIS2_PLACEMENT_2D('',#1182,#1183);
#1182 = CARTESIAN_POINT('',(-6.880039499095,-0.5));
#1183 = DIRECTION('',(1.,0.));
#1184 = ( GEOMETRIC_REPRESENTATION_CONTEXT(2) 
PARAMETRIC_REPRESENTATION_CONTEXT() REPRESENTATION_CONTEXT('2D SPACE',''
  ) );
#1185 = PCURVE('',#1186,#1191);
#1186 = CYLINDRICAL_SURFACE('',#1187,0.5);
#1187 = AXIS2_PLACEMENT_3D('',#1188,#1189,#1190);
#1188 = CARTESIAN_POINT('',(186.,157.21587913154,-9.376110800969E-02));
#1189 = DIRECTION('',(0.,-0.187522216019,0.982260361869));
#1190 = DIRECTION('',(0.,0.982260361869,0.187522216019));
#1191 = DEFINITIONAL_REPRESENTATION('',(#1192),#1202);
#1192 = B_SPLINE_CURVE_WITH_KNOTS('',8,(#1193,#1194,#1195,#1196,#1197,
    #1198,#1199,#1200,#1201),.UNSPECIFIED.,.F.,.F.,(9,9),(3.14159265359,
    3.775082534139),.PIECEWISE_BEZIER_KNOTS.);
#1193 = CARTESIAN_POINT('',(-1.063808676856E-14,52.2702292211));
#1194 = CARTESIAN_POINT('',(7.918623581865E-02,52.270229221108));
#1195 = CARTESIAN_POINT('',(0.158372470638,52.27091327044));
#1196 = CARTESIAN_POINT('',(0.237558705453,52.272281369223));
#1197 = CARTESIAN_POINT('',(0.316744940278,52.274324366736));
#1198 = CARTESIAN_POINT('',(0.395931175091,52.277023962262));
#1199 = CARTESIAN_POINT('',(0.475117409912,52.280353009934));
#1200 = CARTESIAN_POINT('',(0.554303644731,52.284276131881));
#1201 = CARTESIAN_POINT('',(0.633489880549,52.28875057475));
#1202 = ( GEOMETRIC_REPRESENTATION_CONTEXT(2) 
PARAMETRIC_REPRESENTATION_CONTEXT() REPRESENTATION_CONTEXT('2D SPACE',''
  ) );
#1203 = ORIENTED_EDGE('',*,*,#1204,.F.);
#1204 = EDGE_CURVE('',#1205,#1170,#1207,.T.);
#1205 = VERTEX_POINT('',#1206);
#1206 = CARTESIAN_POINT('',(187.,147.90518009709,51.342974269698));
#1207 = SURFACE_CURVE('',#1208,(#1212,#1219),.PCURVE_S1.);
#1208 = LINE('',#1209,#1210);
#1209 = CARTESIAN_POINT('',(187.,147.90518009709,51.342974269698));
#1210 = VECTOR('',#1211,1.);
#1211 = DIRECTION('',(-1.,0.,0.));
#1212 = PCURVE('',#1117,#1213);
#1213 = DEFINITIONAL_REPRESENTATION('',(#1214),#1218);
#1214 = LINE('',#1215,#1216);
#1215 = CARTESIAN_POINT('',(-7.389069507237,0.5));
#1216 = VECTOR('',#1217,1.);
#1217 = DIRECTION('',(0.,-1.));
#1218 = ( GEOMETRIC_REPRESENTATION_CONTEXT(2) 
PARAMETRIC_REPRESENTATION_CONTEXT() REPRESENTATION_CONTEXT('2D SPACE',''
  ) );
#1219 = PCURVE('',#1220,#1225);
#1220 = PLANE('',#1221);
#1221 = AXIS2_PLACEMENT_3D('',#1222,#1223,#1224);
#1222 = CARTESIAN_POINT('',(187.5,157.70700931247,9.71445146547E-16));
#1223 = DIRECTION('',(0.,0.982260361869,0.187522216019));
#1224 = DIRECTION('',(0.,-0.187522216019,0.982260361869));
#1225 = DEFINITIONAL_REPRESENTATION('',(#1226),#1230);
#1226 = LINE('',#1227,#1228);
#1227 = CARTESIAN_POINT('',(52.2702292211,-0.5));
#1228 = VECTOR('',#1229,1.);
#1229 = DIRECTION('',(0.,-1.));
#1230 = ( GEOMETRIC_REPRESENTATION_CONTEXT(2) 
PARAMETRIC_REPRESENTATION_CONTEXT() REPRESENTATION_CONTEXT('2D SPACE',''
  ) );
#1231 = ORIENTED_EDGE('',*,*,#1232,.F.);
#1232 = EDGE_CURVE('',#1233,#1205,#1235,.T.);
#1233 = VERTEX_POINT('',#1234);
#1234 = CARTESIAN_POINT('',(187.29598054208,147.80641124691,
    51.342974269698));
#1235 = SURFACE_CURVE('',#1236,(#1241,#1248),.PCURVE_S1.);
#1236 = ELLIPSE('',#1237,0.509030008142,0.5);
#1237 = AXIS2_PLACEMENT_3D('',#1238,#1239,#1240);
#1238 = CARTESIAN_POINT('',(187.,147.39615008895,51.342974269698));
#1239 = DIRECTION('',(0.,-0.,1.));
#1240 = DIRECTION('',(0.,-1.,-0.));
#1241 = PCURVE('',#1117,#1242);
#1242 = DEFINITIONAL_REPRESENTATION('',(#1243),#1247);
#1243 = ELLIPSE('',#1244,0.509030008142,0.5);
#1244 = AXIS2_PLACEMENT_2D('',#1245,#1246);
#1245 = CARTESIAN_POINT('',(-6.880039499095,0.5));
#1246 = DIRECTION('',(1.,0.));
#1247 = ( GEOMETRIC_REPRESENTATION_CONTEXT(2) 
PARAMETRIC_REPRESENTATION_CONTEXT() REPRESENTATION_CONTEXT('2D SPACE',''
  ) );
#1248 = PCURVE('',#1249,#1254);
#1249 = CYLINDRICAL_SURFACE('',#1250,0.5);
#1250 = AXIS2_PLACEMENT_3D('',#1251,#1252,#1253);
#1251 = CARTESIAN_POINT('',(187.,157.21587913154,-9.376110800969E-02));
#1252 = DIRECTION('',(0.,-0.187522216019,0.982260361869));
#1253 = DIRECTION('',(0.,0.982260361869,0.187522216019));
#1254 = DEFINITIONAL_REPRESENTATION('',(#1255),#1265);
#1255 = B_SPLINE_CURVE_WITH_KNOTS('',8,(#1256,#1257,#1258,#1259,#1260,
    #1261,#1262,#1263,#1264),.UNSPECIFIED.,.F.,.F.,(9,9),(2.508102772858
    ,3.14159265359),.PIECEWISE_BEZIER_KNOTS.);
#1256 = CARTESIAN_POINT('',(-0.633489880731,52.28875057476));
#1257 = CARTESIAN_POINT('',(-0.55430364489,52.284276131889));
#1258 = CARTESIAN_POINT('',(-0.475117410048,52.280353009999));
#1259 = CARTESIAN_POINT('',(-0.395931175207,52.277023962175));
#1260 = CARTESIAN_POINT('',(-0.316744940363,52.274324366677));
#1261 = CARTESIAN_POINT('',(-0.237558705525,52.272281369253));
#1262 = CARTESIAN_POINT('',(-0.158372470682,52.270913270484));
#1263 = CARTESIAN_POINT('',(-7.91862358414E-02,52.270229221108));
#1264 = CARTESIAN_POINT('',(1.065498392153E-14,52.2702292211));
#1265 = ( GEOMETRIC_REPRESENTATION_CONTEXT(2) 
PARAMETRIC_REPRESENTATION_CONTEXT() REPRESENTATION_CONTEXT('2D SPACE',''
  ) );
#1266 = ORIENTED_EDGE('',*,*,#1267,.T.);
#1267 = EDGE_CURVE('',#1233,#1268,#1270,.T.);
#1268 = VERTEX_POINT('',#1269);
#1269 = CARTESIAN_POINT('',(187.29598054358,132.62131881113,
    51.342974269698));
#1270 = SURFACE_CURVE('',#1271,(#1275,#1282),.PCURVE_S1.);
#1271 = LINE('',#1272,#1273);
#1272 = CARTESIAN_POINT('',(187.29598054358,147.88665874322,
    51.342974269698));
#1273 = VECTOR('',#1274,1.);
#1274 = DIRECTION('',(-0.,-1.,-0.));
#1275 = PCURVE('',#1117,#1276);
#1276 = DEFINITIONAL_REPRESENTATION('',(#1277),#1281);
#1277 = LINE('',#1278,#1279);
#1278 = CARTESIAN_POINT('',(-7.370548153368,0.795980543582));
#1279 = VECTOR('',#1280,1.);
#1280 = DIRECTION('',(1.,0.));
#1281 = ( GEOMETRIC_REPRESENTATION_CONTEXT(2) 
PARAMETRIC_REPRESENTATION_CONTEXT() REPRESENTATION_CONTEXT('2D SPACE',''
  ) );
#1282 = PCURVE('',#1283,#1288);
#1283 = CYLINDRICAL_SURFACE('',#1284,0.5);
#1284 = AXIS2_PLACEMENT_3D('',#1285,#1286,#1287);
#1285 = CARTESIAN_POINT('',(187.,147.88665874322,50.939990997314));
#1286 = DIRECTION('',(-0.,-1.,-0.));
#1287 = DIRECTION('',(1.,0.,0.));
#1288 = DEFINITIONAL_REPRESENTATION('',(#1289),#1293);
#1289 = LINE('',#1290,#1291);
#1290 = CARTESIAN_POINT('',(0.937306442358,-0.));
#1291 = VECTOR('',#1292,1.);
#1292 = DIRECTION('',(0.,1.));
#1293 = ( GEOMETRIC_REPRESENTATION_CONTEXT(2) 
PARAMETRIC_REPRESENTATION_CONTEXT() REPRESENTATION_CONTEXT('2D SPACE',''
  ) );
#1294 = ORIENTED_EDGE('',*,*,#1295,.T.);
#1295 = EDGE_CURVE('',#1268,#1296,#1298,.T.);
#1296 = VERTEX_POINT('',#1297);
#1297 = CARTESIAN_POINT('',(187.5,132.62131881113,51.342974269698));
#1298 = SURFACE_CURVE('',#1299,(#1303,#1310),.PCURVE_S1.);
#1299 = LINE('',#1300,#1301);
#1300 = CARTESIAN_POINT('',(183.24110595528,132.62131881113,
    51.342974269698));
#1301 = VECTOR('',#1302,1.);
#1302 = DIRECTION('',(1.,0.,0.));
#1303 = PCURVE('',#1117,#1304);
#1304 = DEFINITIONAL_REPRESENTATION('',(#1305),#1309);
#1305 = LINE('',#1306,#1307);
#1306 = CARTESIAN_POINT('',(7.894791778725,-3.25889404472));
#1307 = VECTOR('',#1308,1.);
#1308 = DIRECTION('',(0.,1.));
#1309 = ( GEOMETRIC_REPRESENTATION_CONTEXT(2) 
PARAMETRIC_REPRESENTATION_CONTEXT() REPRESENTATION_CONTEXT('2D SPACE',''
  ) );
#1310 = PCURVE('',#1129,#1311);
#1311 = DEFINITIONAL_REPRESENTATION('',(#1312),#1316);
#1312 = LINE('',#1313,#1314);
#1313 = CARTESIAN_POINT('',(-1.25889404472,0.));
#1314 = VECTOR('',#1315,1.);
#1315 = DIRECTION('',(1.,0.));
#1316 = ( GEOMETRIC_REPRESENTATION_CONTEXT(2) 
PARAMETRIC_REPRESENTATION_CONTEXT() REPRESENTATION_CONTEXT('2D SPACE',''
  ) );
#1317 = ORIENTED_EDGE('',*,*,#1318,.F.);
#1318 = EDGE_CURVE('',#1319,#1296,#1321,.T.);
#1319 = VERTEX_POINT('',#1320);
#1320 = CARTESIAN_POINT('',(188.5,133.62131881113,51.342974269698));
#1321 = SURFACE_CURVE('',#1322,(#1327,#1338),.PCURVE_S1.);
#1322 = CIRCLE('',#1323,1.);
#1323 = AXIS2_PLACEMENT_3D('',#1324,#1325,#1326);
#1324 = CARTESIAN_POINT('',(187.5,133.62131881113,51.342974269698));
#1325 = DIRECTION('',(-0.,-0.,-1.));
#1326 = DIRECTION('',(0.,-1.,0.));
#1327 = PCURVE('',#1117,#1328);
#1328 = DEFINITIONAL_REPRESENTATION('',(#1329),#1337);
#1329 = ( BOUNDED_CURVE() B_SPLINE_CURVE(2,(#1330,#1331,#1332,#1333,
#1334,#1335,#1336),.UNSPECIFIED.,.T.,.F.) B_SPLINE_CURVE_WITH_KNOTS((1,2
    ,2,2,2,1),(-2.094395102393,0.,2.094395102393,4.188790204786,
6.28318530718,8.377580409573),.UNSPECIFIED.) CURVE() 
GEOMETRIC_REPRESENTATION_ITEM() RATIONAL_B_SPLINE_CURVE((1.,0.5,1.,0.5,
1.,0.5,1.)) REPRESENTATION_ITEM('') );
#1330 = CARTESIAN_POINT('',(7.894791778725,1.));
#1331 = CARTESIAN_POINT('',(7.894791778725,-0.732050807569));
#1332 = CARTESIAN_POINT('',(6.394791778725,0.133974596216));
#1333 = CARTESIAN_POINT('',(4.894791778725,1.));
#1334 = CARTESIAN_POINT('',(6.394791778725,1.866025403784));
#1335 = CARTESIAN_POINT('',(7.894791778725,2.732050807569));
#1336 = CARTESIAN_POINT('',(7.894791778725,1.));
#1337 = ( GEOMETRIC_REPRESENTATION_CONTEXT(2) 
PARAMETRIC_REPRESENTATION_CONTEXT() REPRESENTATION_CONTEXT('2D SPACE',''
  ) );
#1338 = PCURVE('',#1339,#1344);
#1339 = CYLINDRICAL_SURFACE('',#1340,1.);
#1340 = AXIS2_PLACEMENT_3D('',#1341,#1342,#1343);
#1341 = CARTESIAN_POINT('',(187.5,133.62131881113,51.342974269698));
#1342 = DIRECTION('',(0.,0.,1.));
#1343 = DIRECTION('',(1.,-1.224646799147E-16,0.));
#1344 = DEFINITIONAL_REPRESENTATION('',(#1345),#1349);
#1345 = LINE('',#1346,#1347);
#1346 = CARTESIAN_POINT('',(4.712388980385,-0.));
#1347 = VECTOR('',#1348,1.);
#1348 = DIRECTION('',(-1.,0.));
#1349 = ( GEOMETRIC_REPRESENTATION_CONTEXT(2) 
PARAMETRIC_REPRESENTATION_CONTEXT() REPRESENTATION_CONTEXT('2D SPACE',''
  ) );
#1350 = ORIENTED_EDGE('',*,*,#1351,.T.);
#1351 = EDGE_CURVE('',#1319,#1352,#1354,.T.);
#1352 = VERTEX_POINT('',#1353);
#1353 = CARTESIAN_POINT('',(188.5,151.62131881113,51.342974269698));
#1354 = SURFACE_CURVE('',#1355,(#1359,#1366),.PCURVE_S1.);
#1355 = LINE('',#1356,#1357);
#1356 = CARTESIAN_POINT('',(188.5,132.62131881113,51.342974269698));
#1357 = VECTOR('',#1358,1.);
#1358 = DIRECTION('',(1.224646799147E-16,1.,0.));
#1359 = PCURVE('',#1117,#1360);
#1360 = DEFINITIONAL_REPRESENTATION('',(#1361),#1365);
#1361 = LINE('',#1362,#1363);
#1362 = CARTESIAN_POINT('',(7.894791778725,2.));
#1363 = VECTOR('',#1364,1.);
#1364 = DIRECTION('',(-1.,1.224646799147E-16));
#1365 = ( GEOMETRIC_REPRESENTATION_CONTEXT(2) 
PARAMETRIC_REPRESENTATION_CONTEXT() REPRESENTATION_CONTEXT('2D SPACE',''
  ) );
#1366 = PCURVE('',#1367,#1372);
#1367 = PLANE('',#1368);
#1368 = AXIS2_PLACEMENT_3D('',#1369,#1370,#1371);
#1369 = CARTESIAN_POINT('',(188.5,132.62131881113,51.342974269698));
#1370 = DIRECTION('',(-1.,1.224646799147E-16,0.));
#1371 = DIRECTION('',(1.224646799147E-16,1.,0.));
#1372 = DEFINITIONAL_REPRESENTATION('',(#1373),#1377);
#1373 = LINE('',#1374,#1375);
#1374 = CARTESIAN_POINT('',(0.,0.));
#1375 = VECTOR('',#1376,1.);
#1376 = DIRECTION('',(1.,0.));
#1377 = ( GEOMETRIC_REPRESENTATION_CONTEXT(2) 
PARAMETRIC_REPRESENTATION_CONTEXT() REPRESENTATION_CONTEXT('2D SPACE',''
  ) );
#1378 = ORIENTED_EDGE('',*,*,#1379,.T.);
#1379 = EDGE_CURVE('',#1352,#1380,#1382,.T.);
#1380 = VERTEX_POINT('',#1381);
#1381 = CARTESIAN_POINT('',(187.5,152.62131881113,51.342974269698));
#1382 = SURFACE_CURVE('',#1383,(#1388,#1395),.PCURVE_S1.);
#1383 = CIRCLE('',#1384,1.);
#1384 = AXIS2_PLACEMENT_3D('',#1385,#1386,#1387);
#1385 = CARTESIAN_POINT('',(187.5,151.62131881113,51.342974269698));
#1386 = DIRECTION('',(-0.,0.,1.));
#1387 = DIRECTION('',(0.,-1.,0.));
#1388 = PCURVE('',#1117,#1389);
#1389 = DEFINITIONAL_REPRESENTATION('',(#1390),#1394);
#1390 = CIRCLE('',#1391,1.);
#1391 = AXIS2_PLACEMENT_2D('',#1392,#1393);
#1392 = CARTESIAN_POINT('',(-11.10520822127,1.));
#1393 = DIRECTION('',(1.,0.));
#1394 = ( GEOMETRIC_REPRESENTATION_CONTEXT(2) 
PARAMETRIC_REPRESENTATION_CONTEXT() REPRESENTATION_CONTEXT('2D SPACE',''
  ) );
#1395 = PCURVE('',#1396,#1401);
#1396 = CYLINDRICAL_SURFACE('',#1397,1.);
#1397 = AXIS2_PLACEMENT_3D('',#1398,#1399,#1400);
#1398 = CARTESIAN_POINT('',(187.5,151.62131881113,51.342974269698));
#1399 = DIRECTION('',(0.,0.,1.));
#1400 = DIRECTION('',(1.,-1.224646799147E-16,0.));
#1401 = DEFINITIONAL_REPRESENTATION('',(#1402),#1406);
#1402 = LINE('',#1403,#1404);
#1403 = CARTESIAN_POINT('',(-1.570796326795,0.));
#1404 = VECTOR('',#1405,1.);
#1405 = DIRECTION('',(1.,0.));
#1406 = ( GEOMETRIC_REPRESENTATION_CONTEXT(2) 
PARAMETRIC_REPRESENTATION_CONTEXT() REPRESENTATION_CONTEXT('2D SPACE',''
  ) );
#1407 = ORIENTED_EDGE('',*,*,#1408,.T.);
#1408 = EDGE_CURVE('',#1380,#1409,#1411,.T.);
#1409 = VERTEX_POINT('',#1410);
#1410 = CARTESIAN_POINT('',(185.5,152.62131881113,51.342974269698));
#1411 = SURFACE_CURVE('',#1412,(#1416,#1423),.PCURVE_S1.);
#1412 = LINE('',#1413,#1414);
#1413 = CARTESIAN_POINT('',(189.01304674538,152.62131881113,
    51.342974269698));
#1414 = VECTOR('',#1415,1.);
#1415 = DIRECTION('',(-1.,1.836970198721E-16,0.));
#1416 = PCURVE('',#1117,#1417);
#1417 = DEFINITIONAL_REPRESENTATION('',(#1418),#1422);
#1418 = LINE('',#1419,#1420);
#1419 = CARTESIAN_POINT('',(-12.10520822127,2.513046745386));
#1420 = VECTOR('',#1421,1.);
#1421 = DIRECTION('',(-1.836970198721E-16,-1.));
#1422 = ( GEOMETRIC_REPRESENTATION_CONTEXT(2) 
PARAMETRIC_REPRESENTATION_CONTEXT() REPRESENTATION_CONTEXT('2D SPACE',''
  ) );
#1423 = PCURVE('',#1424,#1429);
#1424 = PLANE('',#1425);
#1425 = AXIS2_PLACEMENT_3D('',#1426,#1427,#1428);
#1426 = CARTESIAN_POINT('',(188.5,152.62131881113,51.342974269698));
#1427 = DIRECTION('',(-1.836970198721E-16,-1.,0.));
#1428 = DIRECTION('',(-1.,1.836970198721E-16,0.));
#1429 = DEFINITIONAL_REPRESENTATION('',(#1430),#1434);
#1430 = LINE('',#1431,#1432);
#1431 = CARTESIAN_POINT('',(-0.513046745386,0.));
#1432 = VECTOR('',#1433,1.);
#1433 = DIRECTION('',(1.,0.));
#1434 = ( GEOMETRIC_REPRESENTATION_CONTEXT(2) 
PARAMETRIC_REPRESENTATION_CONTEXT() REPRESENTATION_CONTEXT('2D SPACE',''
  ) );
#1435 = ORIENTED_EDGE('',*,*,#1436,.T.);
#1436 = EDGE_CURVE('',#1409,#1437,#1439,.T.);
#1437 = VERTEX_POINT('',#1438);
#1438 = CARTESIAN_POINT('',(184.5,151.62131881113,51.342974269698));
#1439 = SURFACE_CURVE('',#1440,(#1445,#1452),.PCURVE_S1.);
#1440 = CIRCLE('',#1441,1.);
#1441 = AXIS2_PLACEMENT_3D('',#1442,#1443,#1444);
#1442 = CARTESIAN_POINT('',(185.5,151.62131881113,51.342974269698));
#1443 = DIRECTION('',(-0.,0.,1.));
#1444 = DIRECTION('',(0.,-1.,0.));
#1445 = PCURVE('',#1117,#1446);
#1446 = DEFINITIONAL_REPRESENTATION('',(#1447),#1451);
#1447 = CIRCLE('',#1448,1.);
#1448 = AXIS2_PLACEMENT_2D('',#1449,#1450);
#1449 = CARTESIAN_POINT('',(-11.10520822127,-1.));
#1450 = DIRECTION('',(1.,0.));
#1451 = ( GEOMETRIC_REPRESENTATION_CONTEXT(2) 
PARAMETRIC_REPRESENTATION_CONTEXT() REPRESENTATION_CONTEXT('2D SPACE',''
  ) );
#1452 = PCURVE('',#1453,#1458);
#1453 = CYLINDRICAL_SURFACE('',#1454,1.);
#1454 = AXIS2_PLACEMENT_3D('',#1455,#1456,#1457);
#1455 = CARTESIAN_POINT('',(185.5,151.62131881113,51.342974269698));
#1456 = DIRECTION('',(0.,0.,1.));
#1457 = DIRECTION('',(1.836970198721E-16,1.,0.));
#1458 = DEFINITIONAL_REPRESENTATION('',(#1459),#1463);
#1459 = LINE('',#1460,#1461);
#1460 = CARTESIAN_POINT('',(-3.14159265359,0.));
#1461 = VECTOR('',#1462,1.);
#1462 = DIRECTION('',(1.,0.));
#1463 = ( GEOMETRIC_REPRESENTATION_CONTEXT(2) 
PARAMETRIC_REPRESENTATION_CONTEXT() REPRESENTATION_CONTEXT('2D SPACE',''
  ) );
#1464 = ORIENTED_EDGE('',*,*,#1465,.T.);
#1465 = EDGE_CURVE('',#1437,#1466,#1468,.T.);
#1466 = VERTEX_POINT('',#1467);
#1467 = CARTESIAN_POINT('',(184.5,133.62131881113,51.342974269698));
#1468 = SURFACE_CURVE('',#1469,(#1473,#1480),.PCURVE_S1.);
#1469 = LINE('',#1470,#1471);
#1470 = CARTESIAN_POINT('',(184.5,153.9364476085,51.342974269698));
#1471 = VECTOR('',#1472,1.);
#1472 = DIRECTION('',(0.,-1.,0.));
#1473 = PCURVE('',#1117,#1474);
#1474 = DEFINITIONAL_REPRESENTATION('',(#1475),#1479);
#1475 = LINE('',#1476,#1477);
#1476 = CARTESIAN_POINT('',(-13.42033701865,-2.));
#1477 = VECTOR('',#1478,1.);
#1478 = DIRECTION('',(1.,0.));
#1479 = ( GEOMETRIC_REPRESENTATION_CONTEXT(2) 
PARAMETRIC_REPRESENTATION_CONTEXT() REPRESENTATION_CONTEXT('2D SPACE',''
  ) );
#1480 = PCURVE('',#1481,#1486);
#1481 = PLANE('',#1482);
#1482 = AXIS2_PLACEMENT_3D('',#1483,#1484,#1485);
#1483 = CARTESIAN_POINT('',(184.5,152.62131881113,51.342974269698));
#1484 = DIRECTION('',(1.,0.,0.));
#1485 = DIRECTION('',(0.,-1.,0.));
#1486 = DEFINITIONAL_REPRESENTATION('',(#1487),#1491);
#1487 = LINE('',#1488,#1489);
#1488 = CARTESIAN_POINT('',(-1.315128797375,0.));
#1489 = VECTOR('',#1490,1.);
#1490 = DIRECTION('',(1.,0.));
#1491 = ( GEOMETRIC_REPRESENTATION_CONTEXT(2) 
PARAMETRIC_REPRESENTATION_CONTEXT() REPRESENTATION_CONTEXT('2D SPACE',''
  ) );
#1492 = ORIENTED_EDGE('',*,*,#1493,.T.);
#1493 = EDGE_CURVE('',#1466,#1107,#1494,.T.);
#1494 = SURFACE_CURVE('',#1495,(#1500,#1507),.PCURVE_S1.);
#1495 = CIRCLE('',#1496,1.);
#1496 = AXIS2_PLACEMENT_3D('',#1497,#1498,#1499);
#1497 = CARTESIAN_POINT('',(185.5,133.62131881113,51.342974269698));
#1498 = DIRECTION('',(-0.,0.,1.));
#1499 = DIRECTION('',(0.,-1.,0.));
#1500 = PCURVE('',#1117,#1501);
#1501 = DEFINITIONAL_REPRESENTATION('',(#1502),#1506);
#1502 = CIRCLE('',#1503,1.);
#1503 = AXIS2_PLACEMENT_2D('',#1504,#1505);
#1504 = CARTESIAN_POINT('',(6.894791778725,-1.));
#1505 = DIRECTION('',(1.,0.));
#1506 = ( GEOMETRIC_REPRESENTATION_CONTEXT(2) 
PARAMETRIC_REPRESENTATION_CONTEXT() REPRESENTATION_CONTEXT('2D SPACE',''
  ) );
#1507 = PCURVE('',#1508,#1513);
#1508 = CYLINDRICAL_SURFACE('',#1509,1.);
#1509 = AXIS2_PLACEMENT_3D('',#1510,#1511,#1512);
#1510 = CARTESIAN_POINT('',(185.5,133.62131881113,51.342974269698));
#1511 = DIRECTION('',(0.,0.,1.));
#1512 = DIRECTION('',(-1.,0.,0.));
#1513 = DEFINITIONAL_REPRESENTATION('',(#1514),#1518);
#1514 = LINE('',#1515,#1516);
#1515 = CARTESIAN_POINT('',(-4.712388980385,0.));
#1516 = VECTOR('',#1517,1.);
#1517 = DIRECTION('',(1.,0.));
#1518 = ( GEOMETRIC_REPRESENTATION_CONTEXT(2) 
PARAMETRIC_REPRESENTATION_CONTEXT() REPRESENTATION_CONTEXT('2D SPACE',''
  ) );
#1519 = ADVANCED_FACE('',(#1520),#1129,.F.);
#1520 = FACE_BOUND('',#1521,.F.);
#1521 = EDGE_LOOP('',(#1522,#1523,#1546,#1574,#1595,#1596,#1624,#1652));
#1522 = ORIENTED_EDGE('',*,*,#1106,.F.);
#1523 = ORIENTED_EDGE('',*,*,#1524,.T.);
#1524 = EDGE_CURVE('',#1107,#1525,#1527,.T.);
#1525 = VERTEX_POINT('',#1526);
#1526 = CARTESIAN_POINT('',(185.5,132.62131881113,52.342974269698));
#1527 = SURFACE_CURVE('',#1528,(#1532,#1539),.PCURVE_S1.);
#1528 = LINE('',#1529,#1530);
#1529 = CARTESIAN_POINT('',(185.5,132.62131881113,51.342974269698));
#1530 = VECTOR('',#1531,1.);
#1531 = DIRECTION('',(0.,0.,1.));
#1532 = PCURVE('',#1129,#1533);
#1533 = DEFINITIONAL_REPRESENTATION('',(#1534),#1538);
#1534 = LINE('',#1535,#1536);
#1535 = CARTESIAN_POINT('',(1.,0.));
#1536 = VECTOR('',#1537,1.);
#1537 = DIRECTION('',(0.,-1.));
#1538 = ( GEOMETRIC_REPRESENTATION_CONTEXT(2) 
PARAMETRIC_REPRESENTATION_CONTEXT() REPRESENTATION_CONTEXT('2D SPACE',''
  ) );
#1539 = PCURVE('',#1508,#1540);
#1540 = DEFINITIONAL_REPRESENTATION('',(#1541),#1545);
#1541 = LINE('',#1542,#1543);
#1542 = CARTESIAN_POINT('',(1.570796326795,0.));
#1543 = VECTOR('',#1544,1.);
#1544 = DIRECTION('',(0.,1.));
#1545 = ( GEOMETRIC_REPRESENTATION_CONTEXT(2) 
PARAMETRIC_REPRESENTATION_CONTEXT() REPRESENTATION_CONTEXT('2D SPACE',''
  ) );
#1546 = ORIENTED_EDGE('',*,*,#1547,.T.);
#1547 = EDGE_CURVE('',#1525,#1548,#1550,.T.);
#1548 = VERTEX_POINT('',#1549);
#1549 = CARTESIAN_POINT('',(187.5,132.62131881113,52.342974269698));
#1550 = SURFACE_CURVE('',#1551,(#1555,#1562),.PCURVE_S1.);
#1551 = LINE('',#1552,#1553);
#1552 = CARTESIAN_POINT('',(184.5,132.62131881113,52.342974269698));
#1553 = VECTOR('',#1554,1.);
#1554 = DIRECTION('',(1.,0.,0.));
#1555 = PCURVE('',#1129,#1556);
#1556 = DEFINITIONAL_REPRESENTATION('',(#1557),#1561);
#1557 = LINE('',#1558,#1559);
#1558 = CARTESIAN_POINT('',(0.,-1.));
#1559 = VECTOR('',#1560,1.);
#1560 = DIRECTION('',(1.,0.));
#1561 = ( GEOMETRIC_REPRESENTATION_CONTEXT(2) 
PARAMETRIC_REPRESENTATION_CONTEXT() REPRESENTATION_CONTEXT('2D SPACE',''
  ) );
#1562 = PCURVE('',#1563,#1568);
#1563 = CYLINDRICAL_SURFACE('',#1564,1.);
#1564 = AXIS2_PLACEMENT_3D('',#1565,#1566,#1567);
#1565 = CARTESIAN_POINT('',(184.5,133.62131881113,52.342974269698));
#1566 = DIRECTION('',(1.,0.,0.));
#1567 = DIRECTION('',(0.,-1.,0.));
#1568 = DEFINITIONAL_REPRESENTATION('',(#1569),#1573);
#1569 = LINE('',#1570,#1571);
#1570 = CARTESIAN_POINT('',(-0.,0.));
#1571 = VECTOR('',#1572,1.);
#1572 = DIRECTION('',(-0.,1.));
#1573 = ( GEOMETRIC_REPRESENTATION_CONTEXT(2) 
PARAMETRIC_REPRESENTATION_CONTEXT() REPRESENTATION_CONTEXT('2D SPACE',''
  ) );
#1574 = ORIENTED_EDGE('',*,*,#1575,.F.);
#1575 = EDGE_CURVE('',#1296,#1548,#1576,.T.);
#1576 = SURFACE_CURVE('',#1577,(#1581,#1588),.PCURVE_S1.);
#1577 = LINE('',#1578,#1579);
#1578 = CARTESIAN_POINT('',(187.5,132.62131881113,51.342974269698));
#1579 = VECTOR('',#1580,1.);
#1580 = DIRECTION('',(0.,0.,1.));
#1581 = PCURVE('',#1129,#1582);
#1582 = DEFINITIONAL_REPRESENTATION('',(#1583),#1587);
#1583 = LINE('',#1584,#1585);
#1584 = CARTESIAN_POINT('',(3.,0.));
#1585 = VECTOR('',#1586,1.);
#1586 = DIRECTION('',(0.,-1.));
#1587 = ( GEOMETRIC_REPRESENTATION_CONTEXT(2) 
PARAMETRIC_REPRESENTATION_CONTEXT() REPRESENTATION_CONTEXT('2D SPACE',''
  ) );
#1588 = PCURVE('',#1339,#1589);
#1589 = DEFINITIONAL_REPRESENTATION('',(#1590),#1594);
#1590 = LINE('',#1591,#1592);
#1591 = CARTESIAN_POINT('',(-1.570796326795,0.));
#1592 = VECTOR('',#1593,1.);
#1593 = DIRECTION('',(-0.,1.));
#1594 = ( GEOMETRIC_REPRESENTATION_CONTEXT(2) 
PARAMETRIC_REPRESENTATION_CONTEXT() REPRESENTATION_CONTEXT('2D SPACE',''
  ) );
#1595 = ORIENTED_EDGE('',*,*,#1295,.F.);
#1596 = ORIENTED_EDGE('',*,*,#1597,.T.);
#1597 = EDGE_CURVE('',#1268,#1598,#1600,.T.);
#1598 = VERTEX_POINT('',#1599);
#1599 = CARTESIAN_POINT('',(187.,132.62131881113,51.439990997315));
#1600 = SURFACE_CURVE('',#1601,(#1606,#1617),.PCURVE_S1.);
#1601 = CIRCLE('',#1602,0.5);
#1602 = AXIS2_PLACEMENT_3D('',#1603,#1604,#1605);
#1603 = CARTESIAN_POINT('',(187.,132.62131881113,50.939990997314));
#1604 = DIRECTION('',(0.,-1.,-0.));
#1605 = DIRECTION('',(0.,0.,-1.));
#1606 = PCURVE('',#1129,#1607);
#1607 = DEFINITIONAL_REPRESENTATION('',(#1608),#1616);
#1608 = ( BOUNDED_CURVE() B_SPLINE_CURVE(2,(#1609,#1610,#1611,#1612,
#1613,#1614,#1615),.UNSPECIFIED.,.T.,.F.) B_SPLINE_CURVE_WITH_KNOTS((1,2
    ,2,2,2,1),(-2.094395102393,0.,2.094395102393,4.188790204786,
6.28318530718,8.377580409573),.UNSPECIFIED.) CURVE() 
GEOMETRIC_REPRESENTATION_ITEM() RATIONAL_B_SPLINE_CURVE((1.,0.5,1.,0.5,
1.,0.5,1.)) REPRESENTATION_ITEM('') );
#1609 = CARTESIAN_POINT('',(2.5,0.902983272383));
#1610 = CARTESIAN_POINT('',(3.366025403784,0.902983272383));
#1611 = CARTESIAN_POINT('',(2.933012701892,0.152983272383));
#1612 = CARTESIAN_POINT('',(2.5,-0.597016727617));
#1613 = CARTESIAN_POINT('',(2.066987298108,0.152983272383));
#1614 = CARTESIAN_POINT('',(1.633974596216,0.902983272383));
#1615 = CARTESIAN_POINT('',(2.5,0.902983272383));
#1616 = ( GEOMETRIC_REPRESENTATION_CONTEXT(2) 
PARAMETRIC_REPRESENTATION_CONTEXT() REPRESENTATION_CONTEXT('2D SPACE',''
  ) );
#1617 = PCURVE('',#1283,#1618);
#1618 = DEFINITIONAL_REPRESENTATION('',(#1619),#1623);
#1619 = LINE('',#1620,#1621);
#1620 = CARTESIAN_POINT('',(-1.570796326795,15.265339932093));
#1621 = VECTOR('',#1622,1.);
#1622 = DIRECTION('',(1.,0.));
#1623 = ( GEOMETRIC_REPRESENTATION_CONTEXT(2) 
PARAMETRIC_REPRESENTATION_CONTEXT() REPRESENTATION_CONTEXT('2D SPACE',''
  ) );
#1624 = ORIENTED_EDGE('',*,*,#1625,.F.);
#1625 = EDGE_CURVE('',#1626,#1598,#1628,.T.);
#1626 = VERTEX_POINT('',#1627);
#1627 = CARTESIAN_POINT('',(186.,132.62131881113,51.439990997315));
#1628 = SURFACE_CURVE('',#1629,(#1633,#1640),.PCURVE_S1.);
#1629 = LINE('',#1630,#1631);
#1630 = CARTESIAN_POINT('',(186.,132.62131881113,51.439990997314));
#1631 = VECTOR('',#1632,1.);
#1632 = DIRECTION('',(1.,0.,-0.));
#1633 = PCURVE('',#1129,#1634);
#1634 = DEFINITIONAL_REPRESENTATION('',(#1635),#1639);
#1635 = LINE('',#1636,#1637);
#1636 = CARTESIAN_POINT('',(1.5,-9.701672761663E-02));
#1637 = VECTOR('',#1638,1.);
#1638 = DIRECTION('',(1.,0.));
#1639 = ( GEOMETRIC_REPRESENTATION_CONTEXT(2) 
PARAMETRIC_REPRESENTATION_CONTEXT() REPRESENTATION_CONTEXT('2D SPACE',''
  ) );
#1640 = PCURVE('',#1641,#1646);
#1641 = PLANE('',#1642);
#1642 = AXIS2_PLACEMENT_3D('',#1643,#1644,#1645);
#1643 = CARTESIAN_POINT('',(187.5,147.88665874322,51.439990997314));
#1644 = DIRECTION('',(0.,0.,1.));
#1645 = DIRECTION('',(0.,-1.,0.));
#1646 = DEFINITIONAL_REPRESENTATION('',(#1647),#1651);
#1647 = LINE('',#1648,#1649);
#1648 = CARTESIAN_POINT('',(15.265339932093,-1.5));
#1649 = VECTOR('',#1650,1.);
#1650 = DIRECTION('',(-0.,1.));
#1651 = ( GEOMETRIC_REPRESENTATION_CONTEXT(2) 
PARAMETRIC_REPRESENTATION_CONTEXT() REPRESENTATION_CONTEXT('2D SPACE',''
  ) );
#1652 = ORIENTED_EDGE('',*,*,#1653,.T.);
#1653 = EDGE_CURVE('',#1626,#1109,#1654,.T.);
#1654 = SURFACE_CURVE('',#1655,(#1660,#1671),.PCURVE_S1.);
#1655 = CIRCLE('',#1656,0.5);
#1656 = AXIS2_PLACEMENT_3D('',#1657,#1658,#1659);
#1657 = CARTESIAN_POINT('',(186.,132.62131881113,50.939990997314));
#1658 = DIRECTION('',(0.,-1.,-0.));
#1659 = DIRECTION('',(0.,0.,-1.));
#1660 = PCURVE('',#1129,#1661);
#1661 = DEFINITIONAL_REPRESENTATION('',(#1662),#1670);
#1662 = ( BOUNDED_CURVE() B_SPLINE_CURVE(2,(#1663,#1664,#1665,#1666,
#1667,#1668,#1669),.UNSPECIFIED.,.T.,.F.) B_SPLINE_CURVE_WITH_KNOTS((1,2
    ,2,2,2,1),(-2.094395102393,0.,2.094395102393,4.188790204786,
6.28318530718,8.377580409573),.UNSPECIFIED.) CURVE() 
GEOMETRIC_REPRESENTATION_ITEM() RATIONAL_B_SPLINE_CURVE((1.,0.5,1.,0.5,
1.,0.5,1.)) REPRESENTATION_ITEM('') );
#1663 = CARTESIAN_POINT('',(1.5,0.902983272383));
#1664 = CARTESIAN_POINT('',(2.366025403784,0.902983272383));
#1665 = CARTESIAN_POINT('',(1.933012701892,0.152983272383));
#1666 = CARTESIAN_POINT('',(1.5,-0.597016727617));
#1667 = CARTESIAN_POINT('',(1.066987298108,0.152983272383));
#1668 = CARTESIAN_POINT('',(0.633974596216,0.902983272383));
#1669 = CARTESIAN_POINT('',(1.5,0.902983272383));
#1670 = ( GEOMETRIC_REPRESENTATION_CONTEXT(2) 
PARAMETRIC_REPRESENTATION_CONTEXT() REPRESENTATION_CONTEXT('2D SPACE',''
  ) );
#1671 = PCURVE('',#1157,#1672);
#1672 = DEFINITIONAL_REPRESENTATION('',(#1673),#1677);
#1673 = LINE('',#1674,#1675);
#1674 = CARTESIAN_POINT('',(-3.14159265359,15.265339932093));
#1675 = VECTOR('',#1676,1.);
#1676 = DIRECTION('',(1.,0.));
#1677 = ( GEOMETRIC_REPRESENTATION_CONTEXT(2) 
PARAMETRIC_REPRESENTATION_CONTEXT() REPRESENTATION_CONTEXT('2D SPACE',''
  ) );
#1678 = ADVANCED_FACE('',(#1679),#1157,.T.);
#1679 = FACE_BOUND('',#1680,.T.);
#1680 = EDGE_LOOP('',(#1681,#1717,#1745,#1786,#1807,#1808));
#1681 = ORIENTED_EDGE('',*,*,#1682,.T.);
#1682 = EDGE_CURVE('',#1142,#1683,#1685,.T.);
#1683 = VERTEX_POINT('',#1684);
#1684 = CARTESIAN_POINT('',(185.5,147.47308317023,50.939990997315));
#1685 = SURFACE_CURVE('',#1686,(#1691,#1704),.PCURVE_S1.);
#1686 = ELLIPSE('',#1687,0.648879614858,0.5);
#1687 = AXIS2_PLACEMENT_3D('',#1688,#1689,#1690);
#1688 = CARTESIAN_POINT('',(186.,147.47308317023,50.939990997314));
#1689 = DIRECTION('',(0.,-0.770558958166,0.6373687253));
#1690 = DIRECTION('',(-0.,-0.6373687253,-0.770558958166));
#1691 = PCURVE('',#1157,#1692);
#1692 = DEFINITIONAL_REPRESENTATION('',(#1693),#1703);
#1693 = B_SPLINE_CURVE_WITH_KNOTS('',8,(#1694,#1695,#1696,#1697,#1698,
    #1699,#1700,#1701,#1702),.UNSPECIFIED.,.F.,.F.,(9,9),(3.14159265359,
    4.712388980385),.PIECEWISE_BEZIER_KNOTS.);
#1694 = CARTESIAN_POINT('',(0.,-2.028277477161E-14));
#1695 = CARTESIAN_POINT('',(0.196349541599,8.118508796688E-11));
#1696 = CARTESIAN_POINT('',(0.392699082199,1.822246079119E-02));
#1697 = CARTESIAN_POINT('',(0.589048622795,5.466722732383E-02));
#1698 = CARTESIAN_POINT('',(0.785398163402,0.107836211668));
#1699 = CARTESIAN_POINT('',(0.981747703992,0.17473019501));
#1700 = CARTESIAN_POINT('',(1.178097244597,0.251164805798));
#1701 = CARTESIAN_POINT('',(1.374446785196,0.332370198821));
#1702 = CARTESIAN_POINT('',(1.570796326795,0.413575572995));
#1703 = ( GEOMETRIC_REPRESENTATION_CONTEXT(2) 
PARAMETRIC_REPRESENTATION_CONTEXT() REPRESENTATION_CONTEXT('2D SPACE',''
  ) );
#1704 = PCURVE('',#1186,#1705);
#1705 = DEFINITIONAL_REPRESENTATION('',(#1706),#1716);
#1706 = B_SPLINE_CURVE_WITH_KNOTS('',8,(#1707,#1708,#1709,#1710,#1711,
    #1712,#1713,#1714,#1715),.UNSPECIFIED.,.F.,.F.,(9,9),(3.14159265359,
    4.712388980385),.PIECEWISE_BEZIER_KNOTS.);
#1707 = CARTESIAN_POINT('',(0.,52.368998072398));
#1708 = CARTESIAN_POINT('',(0.196349541599,52.368998072316));
#1709 = CARTESIAN_POINT('',(0.3926990822,52.350775611631));
#1710 = CARTESIAN_POINT('',(0.589048622792,52.314330844965));
#1711 = CARTESIAN_POINT('',(0.785398163404,52.261161860719));
#1712 = CARTESIAN_POINT('',(0.981747703991,52.194267877203));
#1713 = CARTESIAN_POINT('',(1.178097244598,52.117833266588));
#1714 = CARTESIAN_POINT('',(1.374446785196,52.036627873577));
#1715 = CARTESIAN_POINT('',(1.570796326795,51.955422499403));
#1716 = ( GEOMETRIC_REPRESENTATION_CONTEXT(2) 
PARAMETRIC_REPRESENTATION_CONTEXT() REPRESENTATION_CONTEXT('2D SPACE',''
  ) );
#1717 = ORIENTED_EDGE('',*,*,#1718,.T.);
#1718 = EDGE_CURVE('',#1683,#1719,#1721,.T.);
#1719 = VERTEX_POINT('',#1720);
#1720 = CARTESIAN_POINT('',(185.5,131.70664576941,50.939990997315));
#1721 = SURFACE_CURVE('',#1722,(#1726,#1733),.PCURVE_S1.);
#1722 = LINE('',#1723,#1724);
#1723 = CARTESIAN_POINT('',(185.5,147.88665874322,50.939990997314));
#1724 = VECTOR('',#1725,1.);
#1725 = DIRECTION('',(-0.,-1.,-0.));
#1726 = PCURVE('',#1157,#1727);
#1727 = DEFINITIONAL_REPRESENTATION('',(#1728),#1732);
#1728 = LINE('',#1729,#1730);
#1729 = CARTESIAN_POINT('',(1.570796326795,0.));
#1730 = VECTOR('',#1731,1.);
#1731 = DIRECTION('',(0.,1.));
#1732 = ( GEOMETRIC_REPRESENTATION_CONTEXT(2) 
PARAMETRIC_REPRESENTATION_CONTEXT() REPRESENTATION_CONTEXT('2D SPACE',''
  ) );
#1733 = PCURVE('',#1734,#1739);
#1734 = PLANE('',#1735);
#1735 = AXIS2_PLACEMENT_3D('',#1736,#1737,#1738);
#1736 = CARTESIAN_POINT('',(185.5,141.30538940429,37.5));
#1737 = DIRECTION('',(1.,0.,0.));
#1738 = DIRECTION('',(0.,1.,0.));
#1739 = DEFINITIONAL_REPRESENTATION('',(#1740),#1744);
#1740 = LINE('',#1741,#1742);
#1741 = CARTESIAN_POINT('',(6.58126933893,13.439990997314));
#1742 = VECTOR('',#1743,1.);
#1743 = DIRECTION('',(-1.,0.));
#1744 = ( GEOMETRIC_REPRESENTATION_CONTEXT(2) 
PARAMETRIC_REPRESENTATION_CONTEXT() REPRESENTATION_CONTEXT('2D SPACE',''
  ) );
#1745 = ORIENTED_EDGE('',*,*,#1746,.F.);
#1746 = EDGE_CURVE('',#1747,#1719,#1749,.T.);
#1747 = VERTEX_POINT('',#1748);
#1748 = CARTESIAN_POINT('',(186.,132.09707518577,51.439990997315));
#1749 = SURFACE_CURVE('',#1750,(#1755,#1768),.PCURVE_S1.);
#1750 = ELLIPSE('',#1751,0.634377749581,0.5);
#1751 = AXIS2_PLACEMENT_3D('',#1752,#1753,#1754);
#1752 = CARTESIAN_POINT('',(186.,131.70664576941,50.939990997314));
#1753 = DIRECTION('',(0.,-0.788173923707,0.615452570056));
#1754 = DIRECTION('',(0.,0.615452570056,0.788173923707));
#1755 = PCURVE('',#1157,#1756);
#1756 = DEFINITIONAL_REPRESENTATION('',(#1757),#1767);
#1757 = B_SPLINE_CURVE_WITH_KNOTS('',8,(#1758,#1759,#1760,#1761,#1762,
    #1763,#1764,#1765,#1766),.UNSPECIFIED.,.F.,.F.,(9,9),(0.,
    1.570796326795),.PIECEWISE_BEZIER_KNOTS.);
#1758 = CARTESIAN_POINT('',(0.,15.789583557451));
#1759 = CARTESIAN_POINT('',(0.196349541599,15.789583557527));
#1760 = CARTESIAN_POINT('',(0.392699082199,15.806786180616));
#1761 = CARTESIAN_POINT('',(0.589048622795,15.841191280531));
#1762 = CARTESIAN_POINT('',(0.785398163402,15.891384611285));
#1763 = CARTESIAN_POINT('',(0.981747703992,15.954534808181));
#1764 = CARTESIAN_POINT('',(1.178097244597,16.026691682162));
#1765 = CARTESIAN_POINT('',(1.374446785196,16.103352336886));
#1766 = CARTESIAN_POINT('',(1.570796326795,16.180012973816));
#1767 = ( GEOMETRIC_REPRESENTATION_CONTEXT(2) 
PARAMETRIC_REPRESENTATION_CONTEXT() REPRESENTATION_CONTEXT('2D SPACE',''
  ) );
#1768 = PCURVE('',#1769,#1774);
#1769 = CYLINDRICAL_SURFACE('',#1770,0.5);
#1770 = AXIS2_PLACEMENT_3D('',#1771,#1772,#1773);
#1771 = CARTESIAN_POINT('',(186.,131.61199151878,51.318772863303));
#1772 = DIRECTION('',(0.,-0.242436268024,0.970167333993));
#1773 = DIRECTION('',(0.,0.970167333993,0.242436268024));
#1774 = DEFINITIONAL_REPRESENTATION('',(#1775),#1785);
#1775 = B_SPLINE_CURVE_WITH_KNOTS('',8,(#1776,#1777,#1778,#1779,#1780,
    #1781,#1782,#1783,#1784),.UNSPECIFIED.,.F.,.F.,(9,9),(0.,
    1.570796326795),.PIECEWISE_BEZIER_KNOTS.);
#1776 = CARTESIAN_POINT('',(0.,-1.757740655734E-13));
#1777 = CARTESIAN_POINT('',(0.196349541599,-7.683641080069E-11));
#1778 = CARTESIAN_POINT('',(0.392699082199,-1.720262316251E-02));
#1779 = CARTESIAN_POINT('',(0.589048622799,-5.160772311602E-02));
#1780 = CARTESIAN_POINT('',(0.785398163393,-0.101801053867));
#1781 = CARTESIAN_POINT('',(0.981747703998,-0.164951250784));
#1782 = CARTESIAN_POINT('',(1.178097244595,-0.237108124711));
#1783 = CARTESIAN_POINT('',(1.374446785196,-0.313768779436));
#1784 = CARTESIAN_POINT('',(1.570796326795,-0.390429416366));
#1785 = ( GEOMETRIC_REPRESENTATION_CONTEXT(2) 
PARAMETRIC_REPRESENTATION_CONTEXT() REPRESENTATION_CONTEXT('2D SPACE',''
  ) );
#1786 = ORIENTED_EDGE('',*,*,#1787,.F.);
#1787 = EDGE_CURVE('',#1626,#1747,#1788,.T.);
#1788 = SURFACE_CURVE('',#1789,(#1793,#1800),.PCURVE_S1.);
#1789 = LINE('',#1790,#1791);
#1790 = CARTESIAN_POINT('',(186.,147.88665874322,51.439990997314));
#1791 = VECTOR('',#1792,1.);
#1792 = DIRECTION('',(-0.,-1.,-0.));
#1793 = PCURVE('',#1157,#1794);
#1794 = DEFINITIONAL_REPRESENTATION('',(#1795),#1799);
#1795 = LINE('',#1796,#1797);
#1796 = CARTESIAN_POINT('',(0.,0.));
#1797 = VECTOR('',#1798,1.);
#1798 = DIRECTION('',(0.,1.));
#1799 = ( GEOMETRIC_REPRESENTATION_CONTEXT(2) 
PARAMETRIC_REPRESENTATION_CONTEXT() REPRESENTATION_CONTEXT('2D SPACE',''
  ) );
#1800 = PCURVE('',#1641,#1801);
#1801 = DEFINITIONAL_REPRESENTATION('',(#1802),#1806);
#1802 = LINE('',#1803,#1804);
#1803 = CARTESIAN_POINT('',(0.,-1.5));
#1804 = VECTOR('',#1805,1.);
#1805 = DIRECTION('',(1.,0.));
#1806 = ( GEOMETRIC_REPRESENTATION_CONTEXT(2) 
PARAMETRIC_REPRESENTATION_CONTEXT() REPRESENTATION_CONTEXT('2D SPACE',''
  ) );
#1807 = ORIENTED_EDGE('',*,*,#1653,.T.);
#1808 = ORIENTED_EDGE('',*,*,#1141,.F.);
#1809 = ADVANCED_FACE('',(#1810),#1508,.T.);
#1810 = FACE_BOUND('',#1811,.T.);
#1811 = EDGE_LOOP('',(#1812,#1813,#1814,#1841));
#1812 = ORIENTED_EDGE('',*,*,#1493,.T.);
#1813 = ORIENTED_EDGE('',*,*,#1524,.T.);
#1814 = ORIENTED_EDGE('',*,*,#1815,.T.);
#1815 = EDGE_CURVE('',#1525,#1816,#1818,.T.);
#1816 = VERTEX_POINT('',#1817);
#1817 = CARTESIAN_POINT('',(184.5,133.62131881113,52.342974269698));
#1818 = SURFACE_CURVE('',#1819,(#1824,#1830),.PCURVE_S1.);
#1819 = CIRCLE('',#1820,1.);
#1820 = AXIS2_PLACEMENT_3D('',#1821,#1822,#1823);
#1821 = CARTESIAN_POINT('',(185.5,133.62131881113,52.342974269698));
#1822 = DIRECTION('',(0.,0.,-1.));
#1823 = DIRECTION('',(-1.,0.,0.));
#1824 = PCURVE('',#1508,#1825);
#1825 = DEFINITIONAL_REPRESENTATION('',(#1826),#1829);
#1826 = B_SPLINE_CURVE_WITH_KNOTS('',1,(#1827,#1828),.UNSPECIFIED.,.F.,
  .F.,(2,2),(4.712388980385,6.28318530718),.PIECEWISE_BEZIER_KNOTS.);
#1827 = CARTESIAN_POINT('',(1.570796326795,1.));
#1828 = CARTESIAN_POINT('',(0.,1.));
#1829 = ( GEOMETRIC_REPRESENTATION_CONTEXT(2) 
PARAMETRIC_REPRESENTATION_CONTEXT() REPRESENTATION_CONTEXT('2D SPACE',''
  ) );
#1830 = PCURVE('',#1831,#1836);
#1831 = SPHERICAL_SURFACE('',#1832,1.);
#1832 = AXIS2_PLACEMENT_3D('',#1833,#1834,#1835);
#1833 = CARTESIAN_POINT('',(185.5,133.62131881113,52.342974269698));
#1834 = DIRECTION('',(0.,1.,0.));
#1835 = DIRECTION('',(-1.,0.,0.));
#1836 = DEFINITIONAL_REPRESENTATION('',(#1837),#1840);
#1837 = B_SPLINE_CURVE_WITH_KNOTS('',1,(#1838,#1839),.UNSPECIFIED.,.F.,
  .F.,(2,2),(4.712388980385,6.28318530718),.PIECEWISE_BEZIER_KNOTS.);
#1838 = CARTESIAN_POINT('',(0.,-1.570796326795));
#1839 = CARTESIAN_POINT('',(0.,0.));
#1840 = ( GEOMETRIC_REPRESENTATION_CONTEXT(2) 
PARAMETRIC_REPRESENTATION_CONTEXT() REPRESENTATION_CONTEXT('2D SPACE',''
  ) );
#1841 = ORIENTED_EDGE('',*,*,#1842,.F.);
#1842 = EDGE_CURVE('',#1466,#1816,#1843,.T.);
#1843 = SURFACE_CURVE('',#1844,(#1848,#1855),.PCURVE_S1.);
#1844 = LINE('',#1845,#1846);
#1845 = CARTESIAN_POINT('',(184.5,133.62131881113,51.342974269698));
#1846 = VECTOR('',#1847,1.);
#1847 = DIRECTION('',(0.,0.,1.));
#1848 = PCURVE('',#1508,#1849);
#1849 = DEFINITIONAL_REPRESENTATION('',(#1850),#1854);
#1850 = LINE('',#1851,#1852);
#1851 = CARTESIAN_POINT('',(0.,0.));
#1852 = VECTOR('',#1853,1.);
#1853 = DIRECTION('',(0.,1.));
#1854 = ( GEOMETRIC_REPRESENTATION_CONTEXT(2) 
PARAMETRIC_REPRESENTATION_CONTEXT() REPRESENTATION_CONTEXT('2D SPACE',''
  ) );
#1855 = PCURVE('',#1481,#1856);
#1856 = DEFINITIONAL_REPRESENTATION('',(#1857),#1861);
#1857 = LINE('',#1858,#1859);
#1858 = CARTESIAN_POINT('',(19.,0.));
#1859 = VECTOR('',#1860,1.);
#1860 = DIRECTION('',(0.,-1.));
#1861 = ( GEOMETRIC_REPRESENTATION_CONTEXT(2) 
PARAMETRIC_REPRESENTATION_CONTEXT() REPRESENTATION_CONTEXT('2D SPACE',''
  ) );
#1862 = ADVANCED_FACE('',(#1863),#1186,.T.);
#1863 = FACE_BOUND('',#1864,.T.);
#1864 = EDGE_LOOP('',(#1865,#1888,#1929,#1950,#1951));
#1865 = ORIENTED_EDGE('',*,*,#1866,.F.);
#1866 = EDGE_CURVE('',#1867,#1170,#1869,.T.);
#1867 = VERTEX_POINT('',#1868);
#1868 = CARTESIAN_POINT('',(186.,157.70700931247,6.147859998862E-15));
#1869 = SURFACE_CURVE('',#1870,(#1874,#1881),.PCURVE_S1.);
#1870 = LINE('',#1871,#1872);
#1871 = CARTESIAN_POINT('',(186.,157.70700931247,3.566591466608E-15));
#1872 = VECTOR('',#1873,1.);
#1873 = DIRECTION('',(0.,-0.187522216019,0.982260361869));
#1874 = PCURVE('',#1186,#1875);
#1875 = DEFINITIONAL_REPRESENTATION('',(#1876),#1880);
#1876 = LINE('',#1877,#1878);
#1877 = CARTESIAN_POINT('',(0.,0.));
#1878 = VECTOR('',#1879,1.);
#1879 = DIRECTION('',(0.,1.));
#1880 = ( GEOMETRIC_REPRESENTATION_CONTEXT(2) 
PARAMETRIC_REPRESENTATION_CONTEXT() REPRESENTATION_CONTEXT('2D SPACE',''
  ) );
#1881 = PCURVE('',#1220,#1882);
#1882 = DEFINITIONAL_REPRESENTATION('',(#1883),#1887);
#1883 = LINE('',#1884,#1885);
#1884 = CARTESIAN_POINT('',(-3.552713678801E-15,-1.5));
#1885 = VECTOR('',#1886,1.);
#1886 = DIRECTION('',(1.,0.));
#1887 = ( GEOMETRIC_REPRESENTATION_CONTEXT(2) 
PARAMETRIC_REPRESENTATION_CONTEXT() REPRESENTATION_CONTEXT('2D SPACE',''
  ) );
#1888 = ORIENTED_EDGE('',*,*,#1889,.T.);
#1889 = EDGE_CURVE('',#1867,#1890,#1892,.T.);
#1890 = VERTEX_POINT('',#1891);
#1891 = CARTESIAN_POINT('',(185.5,157.10252486918,0.5));
#1892 = SURFACE_CURVE('',#1893,(#1898,#1911),.PCURVE_S1.);
#1893 = ELLIPSE('',#1894,0.784475265498,0.5);
#1894 = AXIS2_PLACEMENT_3D('',#1895,#1896,#1897);
#1895 = CARTESIAN_POINT('',(186.,157.10252486918,0.5));
#1896 = DIRECTION('',(-0.,0.6373687253,0.770558958166));
#1897 = DIRECTION('',(0.,-0.770558958166,0.6373687253));
#1898 = PCURVE('',#1186,#1899);
#1899 = DEFINITIONAL_REPRESENTATION('',(#1900),#1910);
#1900 = B_SPLINE_CURVE_WITH_KNOTS('',8,(#1901,#1902,#1903,#1904,#1905,
    #1906,#1907,#1908,#1909),.UNSPECIFIED.,.F.,.F.,(9,9),(3.14159265359,
    4.712388980385),.PIECEWISE_BEZIER_KNOTS.);
#1901 = CARTESIAN_POINT('',(0.,-3.744031533628E-15));
#1902 = CARTESIAN_POINT('',(0.196349541599,1.186864942952E-10));
#1903 = CARTESIAN_POINT('',(0.392699082198,2.663405381236E-02));
#1904 = CARTESIAN_POINT('',(0.589048622798,7.990193481703E-02));
#1905 = CARTESIAN_POINT('',(0.785398163396,0.15761402905));
#1906 = CARTESIAN_POINT('',(0.981747703997,0.255386660996));
#1907 = CARTESIAN_POINT('',(1.178097244596,0.367103929052));
#1908 = CARTESIAN_POINT('',(1.374446785196,0.485794199946));
#1909 = CARTESIAN_POINT('',(1.570796326795,0.604484443289));
#1910 = ( GEOMETRIC_REPRESENTATION_CONTEXT(2) 
PARAMETRIC_REPRESENTATION_CONTEXT() REPRESENTATION_CONTEXT('2D SPACE',''
  ) );
#1911 = PCURVE('',#1912,#1917);
#1912 = CYLINDRICAL_SURFACE('',#1913,0.5);
#1913 = AXIS2_PLACEMENT_3D('',#1914,#1915,#1916);
#1914 = CARTESIAN_POINT('',(186.,154.65282926362,0.5));
#1915 = DIRECTION('',(0.,1.,0.));
#1916 = DIRECTION('',(0.,0.,-1.));
#1917 = DEFINITIONAL_REPRESENTATION('',(#1918),#1928);
#1918 = B_SPLINE_CURVE_WITH_KNOTS('',8,(#1919,#1920,#1921,#1922,#1923,
    #1924,#1925,#1926,#1927),.UNSPECIFIED.,.F.,.F.,(9,9),(3.14159265359,
    4.712388980385),.PIECEWISE_BEZIER_KNOTS.);
#1919 = CARTESIAN_POINT('',(0.,3.054180048853));
#1920 = CARTESIAN_POINT('',(0.196349541599,3.054180048735));
#1921 = CARTESIAN_POINT('',(0.3926990822,3.027545995037));
#1922 = CARTESIAN_POINT('',(0.589048622794,2.974278114039));
#1923 = CARTESIAN_POINT('',(0.785398163404,2.896566019779));
#1924 = CARTESIAN_POINT('',(0.981747703991,2.798793387854));
#1925 = CARTESIAN_POINT('',(1.178097244597,2.687076119798));
#1926 = CARTESIAN_POINT('',(1.374446785196,2.568385848908));
#1927 = CARTESIAN_POINT('',(1.570796326795,2.449695605564));
#1928 = ( GEOMETRIC_REPRESENTATION_CONTEXT(2) 
PARAMETRIC_REPRESENTATION_CONTEXT() REPRESENTATION_CONTEXT('2D SPACE',''
  ) );
#1929 = ORIENTED_EDGE('',*,*,#1930,.T.);
#1930 = EDGE_CURVE('',#1890,#1683,#1931,.T.);
#1931 = SURFACE_CURVE('',#1932,(#1936,#1943),.PCURVE_S1.);
#1932 = LINE('',#1933,#1934);
#1933 = CARTESIAN_POINT('',(185.5,157.21587913154,-9.376110800969E-02));
#1934 = VECTOR('',#1935,1.);
#1935 = DIRECTION('',(0.,-0.187522216019,0.982260361869));
#1936 = PCURVE('',#1186,#1937);
#1937 = DEFINITIONAL_REPRESENTATION('',(#1938),#1942);
#1938 = LINE('',#1939,#1940);
#1939 = CARTESIAN_POINT('',(1.570796326795,0.));
#1940 = VECTOR('',#1941,1.);
#1941 = DIRECTION('',(0.,1.));
#1942 = ( GEOMETRIC_REPRESENTATION_CONTEXT(2) 
PARAMETRIC_REPRESENTATION_CONTEXT() REPRESENTATION_CONTEXT('2D SPACE',''
  ) );
#1943 = PCURVE('',#1734,#1944);
#1944 = DEFINITIONAL_REPRESENTATION('',(#1945),#1949);
#1945 = LINE('',#1946,#1947);
#1946 = CARTESIAN_POINT('',(15.910489727246,-37.59376110801));
#1947 = VECTOR('',#1948,1.);
#1948 = DIRECTION('',(-0.187522216019,0.982260361869));
#1949 = ( GEOMETRIC_REPRESENTATION_CONTEXT(2) 
PARAMETRIC_REPRESENTATION_CONTEXT() REPRESENTATION_CONTEXT('2D SPACE',''
  ) );
#1950 = ORIENTED_EDGE('',*,*,#1682,.F.);
#1951 = ORIENTED_EDGE('',*,*,#1169,.F.);
#1952 = ADVANCED_FACE('',(#1953),#1481,.F.);
#1953 = FACE_BOUND('',#1954,.F.);
#1954 = EDGE_LOOP('',(#1955,#1956,#1979,#2005));
#1955 = ORIENTED_EDGE('',*,*,#1465,.F.);
#1956 = ORIENTED_EDGE('',*,*,#1957,.T.);
#1957 = EDGE_CURVE('',#1437,#1958,#1960,.T.);
#1958 = VERTEX_POINT('',#1959);
#1959 = CARTESIAN_POINT('',(184.5,151.62131881113,52.342974269698));
#1960 = SURFACE_CURVE('',#1961,(#1965,#1972),.PCURVE_S1.);
#1961 = LINE('',#1962,#1963);
#1962 = CARTESIAN_POINT('',(184.5,151.62131881113,51.342974269698));
#1963 = VECTOR('',#1964,1.);
#1964 = DIRECTION('',(0.,0.,1.));
#1965 = PCURVE('',#1481,#1966);
#1966 = DEFINITIONAL_REPRESENTATION('',(#1967),#1971);
#1967 = LINE('',#1968,#1969);
#1968 = CARTESIAN_POINT('',(1.,0.));
#1969 = VECTOR('',#1970,1.);
#1970 = DIRECTION('',(0.,-1.));
#1971 = ( GEOMETRIC_REPRESENTATION_CONTEXT(2) 
PARAMETRIC_REPRESENTATION_CONTEXT() REPRESENTATION_CONTEXT('2D SPACE',''
  ) );
#1972 = PCURVE('',#1453,#1973);
#1973 = DEFINITIONAL_REPRESENTATION('',(#1974),#1978);
#1974 = LINE('',#1975,#1976);
#1975 = CARTESIAN_POINT('',(1.570796326795,0.));
#1976 = VECTOR('',#1977,1.);
#1977 = DIRECTION('',(0.,1.));
#1978 = ( GEOMETRIC_REPRESENTATION_CONTEXT(2) 
PARAMETRIC_REPRESENTATION_CONTEXT() REPRESENTATION_CONTEXT('2D SPACE',''
  ) );
#1979 = ORIENTED_EDGE('',*,*,#1980,.T.);
#1980 = EDGE_CURVE('',#1958,#1816,#1981,.T.);
#1981 = SURFACE_CURVE('',#1982,(#1986,#1993),.PCURVE_S1.);
#1982 = LINE('',#1983,#1984);
#1983 = CARTESIAN_POINT('',(184.5,152.62131881113,52.342974269698));
#1984 = VECTOR('',#1985,1.);
#1985 = DIRECTION('',(0.,-1.,0.));
#1986 = PCURVE('',#1481,#1987);
#1987 = DEFINITIONAL_REPRESENTATION('',(#1988),#1992);
#1988 = LINE('',#1989,#1990);
#1989 = CARTESIAN_POINT('',(0.,-1.));
#1990 = VECTOR('',#1991,1.);
#1991 = DIRECTION('',(1.,0.));
#1992 = ( GEOMETRIC_REPRESENTATION_CONTEXT(2) 
PARAMETRIC_REPRESENTATION_CONTEXT() REPRESENTATION_CONTEXT('2D SPACE',''
  ) );
#1993 = PCURVE('',#1994,#1999);
#1994 = CYLINDRICAL_SURFACE('',#1995,1.);
#1995 = AXIS2_PLACEMENT_3D('',#1996,#1997,#1998);
#1996 = CARTESIAN_POINT('',(185.5,152.62131881113,52.342974269698));
#1997 = DIRECTION('',(0.,-1.,0.));
#1998 = DIRECTION('',(-1.,0.,0.));
#1999 = DEFINITIONAL_REPRESENTATION('',(#2000),#2004);
#2000 = LINE('',#2001,#2002);
#2001 = CARTESIAN_POINT('',(-0.,0.));
#2002 = VECTOR('',#2003,1.);
#2003 = DIRECTION('',(-0.,1.));
#2004 = ( GEOMETRIC_REPRESENTATION_CONTEXT(2) 
PARAMETRIC_REPRESENTATION_CONTEXT() REPRESENTATION_CONTEXT('2D SPACE',''
  ) );
#2005 = ORIENTED_EDGE('',*,*,#1842,.F.);
#2006 = ADVANCED_FACE('',(#2007),#1220,.T.);
#2007 = FACE_BOUND('',#2008,.T.);
#2008 = EDGE_LOOP('',(#2009,#2032,#2058,#2059));
#2009 = ORIENTED_EDGE('',*,*,#2010,.F.);
#2010 = EDGE_CURVE('',#2011,#1205,#2013,.T.);
#2011 = VERTEX_POINT('',#2012);
#2012 = CARTESIAN_POINT('',(187.,157.70700931247,6.147859998862E-15));
#2013 = SURFACE_CURVE('',#2014,(#2018,#2025),.PCURVE_S1.);
#2014 = LINE('',#2015,#2016);
#2015 = CARTESIAN_POINT('',(187.,157.70700931247,3.566591466608E-15));
#2016 = VECTOR('',#2017,1.);
#2017 = DIRECTION('',(0.,-0.187522216019,0.982260361869));
#2018 = PCURVE('',#1220,#2019);
#2019 = DEFINITIONAL_REPRESENTATION('',(#2020),#2024);
#2020 = LINE('',#2021,#2022);
#2021 = CARTESIAN_POINT('',(-3.552713678801E-15,-0.5));
#2022 = VECTOR('',#2023,1.);
#2023 = DIRECTION('',(1.,0.));
#2024 = ( GEOMETRIC_REPRESENTATION_CONTEXT(2) 
PARAMETRIC_REPRESENTATION_CONTEXT() REPRESENTATION_CONTEXT('2D SPACE',''
  ) );
#2025 = PCURVE('',#1249,#2026);
#2026 = DEFINITIONAL_REPRESENTATION('',(#2027),#2031);
#2027 = LINE('',#2028,#2029);
#2028 = CARTESIAN_POINT('',(-0.,0.));
#2029 = VECTOR('',#2030,1.);
#2030 = DIRECTION('',(-0.,1.));
#2031 = ( GEOMETRIC_REPRESENTATION_CONTEXT(2) 
PARAMETRIC_REPRESENTATION_CONTEXT() REPRESENTATION_CONTEXT('2D SPACE',''
  ) );
#2032 = ORIENTED_EDGE('',*,*,#2033,.T.);
#2033 = EDGE_CURVE('',#2011,#1867,#2034,.T.);
#2034 = SURFACE_CURVE('',#2035,(#2039,#2046),.PCURVE_S1.);
#2035 = LINE('',#2036,#2037);
#2036 = CARTESIAN_POINT('',(187.5,157.70700931247,0.));
#2037 = VECTOR('',#2038,1.);
#2038 = DIRECTION('',(-1.,0.,0.));
#2039 = PCURVE('',#1220,#2040);
#2040 = DEFINITIONAL_REPRESENTATION('',(#2041),#2045);
#2041 = LINE('',#2042,#2043);
#2042 = CARTESIAN_POINT('',(-9.206575933887E-16,0.));
#2043 = VECTOR('',#2044,1.);
#2044 = DIRECTION('',(0.,-1.));
#2045 = ( GEOMETRIC_REPRESENTATION_CONTEXT(2) 
PARAMETRIC_REPRESENTATION_CONTEXT() REPRESENTATION_CONTEXT('2D SPACE',''
  ) );
#2046 = PCURVE('',#2047,#2052);
#2047 = PLANE('',#2048);
#2048 = AXIS2_PLACEMENT_3D('',#2049,#2050,#2051);
#2049 = CARTESIAN_POINT('',(187.5,154.65282926362,0.));
#2050 = DIRECTION('',(0.,0.,-1.));
#2051 = DIRECTION('',(0.,1.,0.));
#2052 = DEFINITIONAL_REPRESENTATION('',(#2053),#2057);
#2053 = LINE('',#2054,#2055);
#2054 = CARTESIAN_POINT('',(3.054180048853,0.));
#2055 = VECTOR('',#2056,1.);
#2056 = DIRECTION('',(0.,-1.));
#2057 = ( GEOMETRIC_REPRESENTATION_CONTEXT(2) 
PARAMETRIC_REPRESENTATION_CONTEXT() REPRESENTATION_CONTEXT('2D SPACE',''
  ) );
#2058 = ORIENTED_EDGE('',*,*,#1866,.T.);
#2059 = ORIENTED_EDGE('',*,*,#1204,.F.);
#2060 = ADVANCED_FACE('',(#2061),#1453,.T.);
#2061 = FACE_BOUND('',#2062,.T.);
#2062 = EDGE_LOOP('',(#2063,#2064,#2065,#2092));
#2063 = ORIENTED_EDGE('',*,*,#1436,.T.);
#2064 = ORIENTED_EDGE('',*,*,#1957,.T.);
#2065 = ORIENTED_EDGE('',*,*,#2066,.F.);
#2066 = EDGE_CURVE('',#2067,#1958,#2069,.T.);
#2067 = VERTEX_POINT('',#2068);
#2068 = CARTESIAN_POINT('',(185.5,152.62131881113,52.342974269698));
#2069 = SURFACE_CURVE('',#2070,(#2075,#2081),.PCURVE_S1.);
#2070 = CIRCLE('',#2071,1.);
#2071 = AXIS2_PLACEMENT_3D('',#2072,#2073,#2074);
#2072 = CARTESIAN_POINT('',(185.5,151.62131881113,52.342974269698));
#2073 = DIRECTION('',(0.,0.,1.));
#2074 = DIRECTION('',(-1.,1.836970198721E-16,0.));
#2075 = PCURVE('',#1453,#2076);
#2076 = DEFINITIONAL_REPRESENTATION('',(#2077),#2080);
#2077 = B_SPLINE_CURVE_WITH_KNOTS('',1,(#2078,#2079),.UNSPECIFIED.,.F.,
  .F.,(2,2),(4.712388980385,6.28318530718),.PIECEWISE_BEZIER_KNOTS.);
#2078 = CARTESIAN_POINT('',(0.,1.));
#2079 = CARTESIAN_POINT('',(1.570796326795,1.));
#2080 = ( GEOMETRIC_REPRESENTATION_CONTEXT(2) 
PARAMETRIC_REPRESENTATION_CONTEXT() REPRESENTATION_CONTEXT('2D SPACE',''
  ) );
#2081 = PCURVE('',#2082,#2087);
#2082 = SPHERICAL_SURFACE('',#2083,1.);
#2083 = AXIS2_PLACEMENT_3D('',#2084,#2085,#2086);
#2084 = CARTESIAN_POINT('',(185.5,151.62131881113,52.342974269698));
#2085 = DIRECTION('',(-1.836970198721E-16,-1.,0.));
#2086 = DIRECTION('',(-1.,1.836970198721E-16,0.));
#2087 = DEFINITIONAL_REPRESENTATION('',(#2088),#2091);
#2088 = B_SPLINE_CURVE_WITH_KNOTS('',1,(#2089,#2090),.UNSPECIFIED.,.F.,
  .F.,(2,2),(4.712388980385,6.28318530718),.PIECEWISE_BEZIER_KNOTS.);
#2089 = CARTESIAN_POINT('',(0.,-1.570796326795));
#2090 = CARTESIAN_POINT('',(0.,0.));
#2091 = ( GEOMETRIC_REPRESENTATION_CONTEXT(2) 
PARAMETRIC_REPRESENTATION_CONTEXT() REPRESENTATION_CONTEXT('2D SPACE',''
  ) );
#2092 = ORIENTED_EDGE('',*,*,#2093,.F.);
#2093 = EDGE_CURVE('',#1409,#2067,#2094,.T.);
#2094 = SURFACE_CURVE('',#2095,(#2099,#2106),.PCURVE_S1.);
#2095 = LINE('',#2096,#2097);
#2096 = CARTESIAN_POINT('',(185.5,152.62131881113,51.342974269698));
#2097 = VECTOR('',#2098,1.);
#2098 = DIRECTION('',(0.,0.,1.));
#2099 = PCURVE('',#1453,#2100);
#2100 = DEFINITIONAL_REPRESENTATION('',(#2101),#2105);
#2101 = LINE('',#2102,#2103);
#2102 = CARTESIAN_POINT('',(0.,0.));
#2103 = VECTOR('',#2104,1.);
#2104 = DIRECTION('',(0.,1.));
#2105 = ( GEOMETRIC_REPRESENTATION_CONTEXT(2) 
PARAMETRIC_REPRESENTATION_CONTEXT() REPRESENTATION_CONTEXT('2D SPACE',''
  ) );
#2106 = PCURVE('',#1424,#2107);
#2107 = DEFINITIONAL_REPRESENTATION('',(#2108),#2112);
#2108 = LINE('',#2109,#2110);
#2109 = CARTESIAN_POINT('',(3.,0.));
#2110 = VECTOR('',#2111,1.);
#2111 = DIRECTION('',(0.,-1.));
#2112 = ( GEOMETRIC_REPRESENTATION_CONTEXT(2) 
PARAMETRIC_REPRESENTATION_CONTEXT() REPRESENTATION_CONTEXT('2D SPACE',''
  ) );
#2113 = ADVANCED_FACE('',(#2114),#1249,.T.);
#2114 = FACE_BOUND('',#2115,.F.);
#2115 = EDGE_LOOP('',(#2116,#2117,#2147,#2175,#2209));
#2116 = ORIENTED_EDGE('',*,*,#2010,.F.);
#2117 = ORIENTED_EDGE('',*,*,#2118,.T.);
#2118 = EDGE_CURVE('',#2011,#2119,#2121,.T.);
#2119 = VERTEX_POINT('',#2120);
#2120 = CARTESIAN_POINT('',(187.5,157.19797930433,-7.216449660064E-16));
#2121 = SURFACE_CURVE('',#2122,(#2127,#2140),.PCURVE_S1.);
#2122 = ELLIPSE('',#2123,0.509030008142,0.5);
#2123 = AXIS2_PLACEMENT_3D('',#2124,#2125,#2126);
#2124 = CARTESIAN_POINT('',(187.,157.19797930433,0.));
#2125 = DIRECTION('',(-0.,-0.,-1.));
#2126 = DIRECTION('',(0.,-1.,0.));
#2127 = PCURVE('',#1249,#2128);
#2128 = DEFINITIONAL_REPRESENTATION('',(#2129),#2139);
#2129 = B_SPLINE_CURVE_WITH_KNOTS('',8,(#2130,#2131,#2132,#2133,#2134,
    #2135,#2136,#2137,#2138),.UNSPECIFIED.,.F.,.F.,(9,9),(3.14159265359,
    4.712388980385),.PIECEWISE_BEZIER_KNOTS.);
#2130 = CARTESIAN_POINT('',(1.072424127694E-14,-3.552761405969E-15));
#2131 = CARTESIAN_POINT('',(-0.196349541599,1.873888103111E-11));
#2132 = CARTESIAN_POINT('',(-0.392699082199,4.205796510686E-03));
#2133 = CARTESIAN_POINT('',(-0.589048622795,1.261735374628E-02));
#2134 = CARTESIAN_POINT('',(-0.785398163401,2.488890869137E-02));
#2135 = CARTESIAN_POINT('',(-0.981747703991,4.032823299278E-02));
#2136 = CARTESIAN_POINT('',(-1.178097244597,5.796956162727E-02));
#2137 = CARTESIAN_POINT('',(-1.374446785196,7.671200056241E-02));
#2138 = CARTESIAN_POINT('',(-1.570796326795,9.545443514719E-02));
#2139 = ( GEOMETRIC_REPRESENTATION_CONTEXT(2) 
PARAMETRIC_REPRESENTATION_CONTEXT() REPRESENTATION_CONTEXT('2D SPACE',''
  ) );
#2140 = PCURVE('',#2047,#2141);
#2141 = DEFINITIONAL_REPRESENTATION('',(#2142),#2146);
#2142 = ELLIPSE('',#2143,0.509030008142,0.5);
#2143 = AXIS2_PLACEMENT_2D('',#2144,#2145);
#2144 = CARTESIAN_POINT('',(2.545150040711,-0.5));
#2145 = DIRECTION('',(-1.,-0.));
#2146 = ( GEOMETRIC_REPRESENTATION_CONTEXT(2) 
PARAMETRIC_REPRESENTATION_CONTEXT() REPRESENTATION_CONTEXT('2D SPACE',''
  ) );
#2147 = ORIENTED_EDGE('',*,*,#2148,.T.);
#2148 = EDGE_CURVE('',#2119,#2149,#2151,.T.);
#2149 = VERTEX_POINT('',#2150);
#2150 = CARTESIAN_POINT('',(187.5,147.47308317023,50.939990997315));
#2151 = SURFACE_CURVE('',#2152,(#2156,#2163),.PCURVE_S1.);
#2152 = LINE('',#2153,#2154);
#2153 = CARTESIAN_POINT('',(187.5,157.21587913154,-9.376110800969E-02));
#2154 = VECTOR('',#2155,1.);
#2155 = DIRECTION('',(0.,-0.187522216019,0.982260361869));
#2156 = PCURVE('',#1249,#2157);
#2157 = DEFINITIONAL_REPRESENTATION('',(#2158),#2162);
#2158 = LINE('',#2159,#2160);
#2159 = CARTESIAN_POINT('',(-1.570796326795,0.));
#2160 = VECTOR('',#2161,1.);
#2161 = DIRECTION('',(-0.,1.));
#2162 = ( GEOMETRIC_REPRESENTATION_CONTEXT(2) 
PARAMETRIC_REPRESENTATION_CONTEXT() REPRESENTATION_CONTEXT('2D SPACE',''
  ) );
#2163 = PCURVE('',#2164,#2169);
#2164 = PLANE('',#2165);
#2165 = AXIS2_PLACEMENT_3D('',#2166,#2167,#2168);
#2166 = CARTESIAN_POINT('',(187.5,141.30538940429,37.5));
#2167 = DIRECTION('',(1.,0.,0.));
#2168 = DIRECTION('',(0.,1.,0.));
#2169 = DEFINITIONAL_REPRESENTATION('',(#2170),#2174);
#2170 = LINE('',#2171,#2172);
#2171 = CARTESIAN_POINT('',(15.910489727246,-37.59376110801));
#2172 = VECTOR('',#2173,1.);
#2173 = DIRECTION('',(-0.187522216019,0.982260361869));
#2174 = ( GEOMETRIC_REPRESENTATION_CONTEXT(2) 
PARAMETRIC_REPRESENTATION_CONTEXT() REPRESENTATION_CONTEXT('2D SPACE',''
  ) );
#2175 = ORIENTED_EDGE('',*,*,#2176,.T.);
#2176 = EDGE_CURVE('',#2149,#1233,#2177,.T.);
#2177 = SURFACE_CURVE('',#2178,(#2183,#2196),.PCURVE_S1.);
#2178 = ELLIPSE('',#2179,0.648879614858,0.5);
#2179 = AXIS2_PLACEMENT_3D('',#2180,#2181,#2182);
#2180 = CARTESIAN_POINT('',(187.,147.47308317023,50.939990997314));
#2181 = DIRECTION('',(0.,-0.770558958166,0.6373687253));
#2182 = DIRECTION('',(-0.,-0.6373687253,-0.770558958166));
#2183 = PCURVE('',#1249,#2184);
#2184 = DEFINITIONAL_REPRESENTATION('',(#2185),#2195);
#2185 = B_SPLINE_CURVE_WITH_KNOTS('',8,(#2186,#2187,#2188,#2189,#2190,
    #2191,#2192,#2193,#2194),.UNSPECIFIED.,.F.,.F.,(9,9),(1.570796326795
    ,3.14159265359),.PIECEWISE_BEZIER_KNOTS.);
#2186 = CARTESIAN_POINT('',(-1.570796326795,51.955422499403));
#2187 = CARTESIAN_POINT('',(-1.374446785196,52.036627873577));
#2188 = CARTESIAN_POINT('',(-1.178097244596,52.11783326661));
#2189 = CARTESIAN_POINT('',(-0.981747703998,52.194267877232));
#2190 = CARTESIAN_POINT('',(-0.785398163393,52.261161860864));
#2191 = CARTESIAN_POINT('',(-0.589048622799,52.314330845024));
#2192 = CARTESIAN_POINT('',(-0.392699082198,52.350775611631));
#2193 = CARTESIAN_POINT('',(-0.196349541599,52.368998072316));
#2194 = CARTESIAN_POINT('',(1.065686779663E-14,52.368998072398));
#2195 = ( GEOMETRIC_REPRESENTATION_CONTEXT(2) 
PARAMETRIC_REPRESENTATION_CONTEXT() REPRESENTATION_CONTEXT('2D SPACE',''
  ) );
#2196 = PCURVE('',#1283,#2197);
#2197 = DEFINITIONAL_REPRESENTATION('',(#2198),#2208);
#2198 = B_SPLINE_CURVE_WITH_KNOTS('',8,(#2199,#2200,#2201,#2202,#2203,
    #2204,#2205,#2206,#2207),.UNSPECIFIED.,.F.,.F.,(9,9),(1.570796326795
    ,3.14159265359),.PIECEWISE_BEZIER_KNOTS.);
#2199 = CARTESIAN_POINT('',(3.486613381498E-15,0.413575572995));
#2200 = CARTESIAN_POINT('',(0.196349541599,0.332370198821));
#2201 = CARTESIAN_POINT('',(0.392699082198,0.251164805798));
#2202 = CARTESIAN_POINT('',(0.589048622798,0.17473019501));
#2203 = CARTESIAN_POINT('',(0.785398163395,0.107836211669));
#2204 = CARTESIAN_POINT('',(0.981747703997,5.466722732342E-02));
#2205 = CARTESIAN_POINT('',(1.178097244595,1.822246079132E-02));
#2206 = CARTESIAN_POINT('',(1.374446785196,8.117696871501E-11));
#2207 = CARTESIAN_POINT('',(1.570796326795,-2.842191621808E-14));
#2208 = ( GEOMETRIC_REPRESENTATION_CONTEXT(2) 
PARAMETRIC_REPRESENTATION_CONTEXT() REPRESENTATION_CONTEXT('2D SPACE',''
  ) );
#2209 = ORIENTED_EDGE('',*,*,#1232,.T.);
#2210 = ADVANCED_FACE('',(#2211),#1424,.F.);
#2211 = FACE_BOUND('',#2212,.F.);
#2212 = EDGE_LOOP('',(#2213,#2214,#2237,#2263));
#2213 = ORIENTED_EDGE('',*,*,#1408,.F.);
#2214 = ORIENTED_EDGE('',*,*,#2215,.T.);
#2215 = EDGE_CURVE('',#1380,#2216,#2218,.T.);
#2216 = VERTEX_POINT('',#2217);
#2217 = CARTESIAN_POINT('',(187.5,152.62131881113,52.342974269698));
#2218 = SURFACE_CURVE('',#2219,(#2223,#2230),.PCURVE_S1.);
#2219 = LINE('',#2220,#2221);
#2220 = CARTESIAN_POINT('',(187.5,152.62131881113,51.342974269698));
#2221 = VECTOR('',#2222,1.);
#2222 = DIRECTION('',(0.,0.,1.));
#2223 = PCURVE('',#1424,#2224);
#2224 = DEFINITIONAL_REPRESENTATION('',(#2225),#2229);
#2225 = LINE('',#2226,#2227);
#2226 = CARTESIAN_POINT('',(1.,0.));
#2227 = VECTOR('',#2228,1.);
#2228 = DIRECTION('',(0.,-1.));
#2229 = ( GEOMETRIC_REPRESENTATION_CONTEXT(2) 
PARAMETRIC_REPRESENTATION_CONTEXT() REPRESENTATION_CONTEXT('2D SPACE',''
  ) );
#2230 = PCURVE('',#1396,#2231);
#2231 = DEFINITIONAL_REPRESENTATION('',(#2232),#2236);
#2232 = LINE('',#2233,#2234);
#2233 = CARTESIAN_POINT('',(1.570796326795,0.));
#2234 = VECTOR('',#2235,1.);
#2235 = DIRECTION('',(0.,1.));
#2236 = ( GEOMETRIC_REPRESENTATION_CONTEXT(2) 
PARAMETRIC_REPRESENTATION_CONTEXT() REPRESENTATION_CONTEXT('2D SPACE',''
  ) );
#2237 = ORIENTED_EDGE('',*,*,#2238,.T.);
#2238 = EDGE_CURVE('',#2216,#2067,#2239,.T.);
#2239 = SURFACE_CURVE('',#2240,(#2244,#2251),.PCURVE_S1.);
#2240 = LINE('',#2241,#2242);
#2241 = CARTESIAN_POINT('',(188.5,152.62131881113,52.342974269698));
#2242 = VECTOR('',#2243,1.);
#2243 = DIRECTION('',(-1.,1.836970198721E-16,0.));
#2244 = PCURVE('',#1424,#2245);
#2245 = DEFINITIONAL_REPRESENTATION('',(#2246),#2250);
#2246 = LINE('',#2247,#2248);
#2247 = CARTESIAN_POINT('',(0.,-1.));
#2248 = VECTOR('',#2249,1.);
#2249 = DIRECTION('',(1.,0.));
#2250 = ( GEOMETRIC_REPRESENTATION_CONTEXT(2) 
PARAMETRIC_REPRESENTATION_CONTEXT() REPRESENTATION_CONTEXT('2D SPACE',''
  ) );
#2251 = PCURVE('',#2252,#2257);
#2252 = CYLINDRICAL_SURFACE('',#2253,1.);
#2253 = AXIS2_PLACEMENT_3D('',#2254,#2255,#2256);
#2254 = CARTESIAN_POINT('',(188.5,151.62131881113,52.342974269698));
#2255 = DIRECTION('',(-1.,1.836970198721E-16,0.));
#2256 = DIRECTION('',(1.836970198721E-16,1.,0.));
#2257 = DEFINITIONAL_REPRESENTATION('',(#2258),#2262);
#2258 = LINE('',#2259,#2260);
#2259 = CARTESIAN_POINT('',(-0.,0.));
#2260 = VECTOR('',#2261,1.);
#2261 = DIRECTION('',(-0.,1.));
#2262 = ( GEOMETRIC_REPRESENTATION_CONTEXT(2) 
PARAMETRIC_REPRESENTATION_CONTEXT() REPRESENTATION_CONTEXT('2D SPACE',''
  ) );
#2263 = ORIENTED_EDGE('',*,*,#2093,.F.);
#2264 = ADVANCED_FACE('',(#2265),#1283,.T.);
#2265 = FACE_BOUND('',#2266,.T.);
#2266 = EDGE_LOOP('',(#2267,#2268,#2269,#2270,#2293,#2334));
#2267 = ORIENTED_EDGE('',*,*,#2176,.T.);
#2268 = ORIENTED_EDGE('',*,*,#1267,.T.);
#2269 = ORIENTED_EDGE('',*,*,#1597,.T.);
#2270 = ORIENTED_EDGE('',*,*,#2271,.T.);
#2271 = EDGE_CURVE('',#1598,#2272,#2274,.T.);
#2272 = VERTEX_POINT('',#2273);
#2273 = CARTESIAN_POINT('',(187.,132.09707518577,51.439990997315));
#2274 = SURFACE_CURVE('',#2275,(#2279,#2286),.PCURVE_S1.);
#2275 = LINE('',#2276,#2277);
#2276 = CARTESIAN_POINT('',(187.,147.88665874322,51.439990997314));
#2277 = VECTOR('',#2278,1.);
#2278 = DIRECTION('',(-0.,-1.,-0.));
#2279 = PCURVE('',#1283,#2280);
#2280 = DEFINITIONAL_REPRESENTATION('',(#2281),#2285);
#2281 = LINE('',#2282,#2283);
#2282 = CARTESIAN_POINT('',(1.570796326795,0.));
#2283 = VECTOR('',#2284,1.);
#2284 = DIRECTION('',(0.,1.));
#2285 = ( GEOMETRIC_REPRESENTATION_CONTEXT(2) 
PARAMETRIC_REPRESENTATION_CONTEXT() REPRESENTATION_CONTEXT('2D SPACE',''
  ) );
#2286 = PCURVE('',#1641,#2287);
#2287 = DEFINITIONAL_REPRESENTATION('',(#2288),#2292);
#2288 = LINE('',#2289,#2290);
#2289 = CARTESIAN_POINT('',(0.,-0.5));
#2290 = VECTOR('',#2291,1.);
#2291 = DIRECTION('',(1.,0.));
#2292 = ( GEOMETRIC_REPRESENTATION_CONTEXT(2) 
PARAMETRIC_REPRESENTATION_CONTEXT() REPRESENTATION_CONTEXT('2D SPACE',''
  ) );
#2293 = ORIENTED_EDGE('',*,*,#2294,.F.);
#2294 = EDGE_CURVE('',#2295,#2272,#2297,.T.);
#2295 = VERTEX_POINT('',#2296);
#2296 = CARTESIAN_POINT('',(187.5,131.70664576941,50.939990997315));
#2297 = SURFACE_CURVE('',#2298,(#2303,#2316),.PCURVE_S1.);
#2298 = ELLIPSE('',#2299,0.634377749581,0.5);
#2299 = AXIS2_PLACEMENT_3D('',#2300,#2301,#2302);
#2300 = CARTESIAN_POINT('',(187.,131.70664576941,50.939990997314));
#2301 = DIRECTION('',(0.,-0.788173923707,0.615452570056));
#2302 = DIRECTION('',(0.,0.615452570056,0.788173923707));
#2303 = PCURVE('',#1283,#2304);
#2304 = DEFINITIONAL_REPRESENTATION('',(#2305),#2315);
#2305 = B_SPLINE_CURVE_WITH_KNOTS('',8,(#2306,#2307,#2308,#2309,#2310,
    #2311,#2312,#2313,#2314),.UNSPECIFIED.,.F.,.F.,(9,9),(4.712388980385
    ,6.28318530718),.PIECEWISE_BEZIER_KNOTS.);
#2306 = CARTESIAN_POINT('',(3.48661338111E-15,16.180012973816));
#2307 = CARTESIAN_POINT('',(0.196349541599,16.103352336886));
#2308 = CARTESIAN_POINT('',(0.392699082198,16.026691682162));
#2309 = CARTESIAN_POINT('',(0.589048622798,15.954534808174));
#2310 = CARTESIAN_POINT('',(0.785398163395,15.89138461127));
#2311 = CARTESIAN_POINT('',(0.981747703997,15.841191280531));
#2312 = CARTESIAN_POINT('',(1.178097244595,15.806786180616));
#2313 = CARTESIAN_POINT('',(1.374446785196,15.789583557527));
#2314 = CARTESIAN_POINT('',(1.570796326795,15.789583557451));
#2315 = ( GEOMETRIC_REPRESENTATION_CONTEXT(2) 
PARAMETRIC_REPRESENTATION_CONTEXT() REPRESENTATION_CONTEXT('2D SPACE',''
  ) );
#2316 = PCURVE('',#2317,#2322);
#2317 = CYLINDRICAL_SURFACE('',#2318,0.5);
#2318 = AXIS2_PLACEMENT_3D('',#2319,#2320,#2321);
#2319 = CARTESIAN_POINT('',(187.,131.61199151878,51.318772863303));
#2320 = DIRECTION('',(0.,-0.242436268024,0.970167333993));
#2321 = DIRECTION('',(1.,0.,0.));
#2322 = DEFINITIONAL_REPRESENTATION('',(#2323),#2333);
#2323 = B_SPLINE_CURVE_WITH_KNOTS('',8,(#2324,#2325,#2326,#2327,#2328,
    #2329,#2330,#2331,#2332),.UNSPECIFIED.,.F.,.F.,(9,9),(4.712388980385
    ,6.28318530718),.PIECEWISE_BEZIER_KNOTS.);
#2324 = CARTESIAN_POINT('',(0.,-0.390429416366));
#2325 = CARTESIAN_POINT('',(0.196349541599,-0.313768779436));
#2326 = CARTESIAN_POINT('',(0.3926990822,-0.237108124711));
#2327 = CARTESIAN_POINT('',(0.589048622796,-0.164951250785));
#2328 = CARTESIAN_POINT('',(0.785398163402,-0.101801053867));
#2329 = CARTESIAN_POINT('',(0.981747703994,-5.160772311643E-02));
#2330 = CARTESIAN_POINT('',(1.178097244597,-1.720262316241E-02));
#2331 = CARTESIAN_POINT('',(1.374446785196,-7.684296027992E-11));
#2332 = CARTESIAN_POINT('',(1.570796326795,-1.822984254288E-13));
#2333 = ( GEOMETRIC_REPRESENTATION_CONTEXT(2) 
PARAMETRIC_REPRESENTATION_CONTEXT() REPRESENTATION_CONTEXT('2D SPACE',''
  ) );
#2334 = ORIENTED_EDGE('',*,*,#2335,.F.);
#2335 = EDGE_CURVE('',#2149,#2295,#2336,.T.);
#2336 = SURFACE_CURVE('',#2337,(#2341,#2348),.PCURVE_S1.);
#2337 = LINE('',#2338,#2339);
#2338 = CARTESIAN_POINT('',(187.5,147.88665874322,50.939990997314));
#2339 = VECTOR('',#2340,1.);
#2340 = DIRECTION('',(-0.,-1.,-0.));
#2341 = PCURVE('',#1283,#2342);
#2342 = DEFINITIONAL_REPRESENTATION('',(#2343),#2347);
#2343 = LINE('',#2344,#2345);
#2344 = CARTESIAN_POINT('',(0.,0.));
#2345 = VECTOR('',#2346,1.);
#2346 = DIRECTION('',(0.,1.));
#2347 = ( GEOMETRIC_REPRESENTATION_CONTEXT(2) 
PARAMETRIC_REPRESENTATION_CONTEXT() REPRESENTATION_CONTEXT('2D SPACE',''
  ) );
#2348 = PCURVE('',#2164,#2349);
#2349 = DEFINITIONAL_REPRESENTATION('',(#2350),#2354);
#2350 = LINE('',#2351,#2352);
#2351 = CARTESIAN_POINT('',(6.58126933893,13.439990997314));
#2352 = VECTOR('',#2353,1.);
#2353 = DIRECTION('',(-1.,0.));
#2354 = ( GEOMETRIC_REPRESENTATION_CONTEXT(2) 
PARAMETRIC_REPRESENTATION_CONTEXT() REPRESENTATION_CONTEXT('2D SPACE',''
  ) );
#2355 = ADVANCED_FACE('',(#2356),#1396,.T.);
#2356 = FACE_BOUND('',#2357,.T.);
#2357 = EDGE_LOOP('',(#2358,#2359,#2360,#2387));
#2358 = ORIENTED_EDGE('',*,*,#1379,.T.);
#2359 = ORIENTED_EDGE('',*,*,#2215,.T.);
#2360 = ORIENTED_EDGE('',*,*,#2361,.F.);
#2361 = EDGE_CURVE('',#2362,#2216,#2364,.T.);
#2362 = VERTEX_POINT('',#2363);
#2363 = CARTESIAN_POINT('',(188.5,151.62131881113,52.342974269698));
#2364 = SURFACE_CURVE('',#2365,(#2370,#2376),.PCURVE_S1.);
#2365 = CIRCLE('',#2366,1.);
#2366 = AXIS2_PLACEMENT_3D('',#2367,#2368,#2369);
#2367 = CARTESIAN_POINT('',(187.5,151.62131881113,52.342974269698));
#2368 = DIRECTION('',(1.969382255563E-32,1.608122649677E-16,1.));
#2369 = DIRECTION('',(1.224646799147E-16,1.,-1.608122649677E-16));
#2370 = PCURVE('',#1396,#2371);
#2371 = DEFINITIONAL_REPRESENTATION('',(#2372),#2375);
#2372 = B_SPLINE_CURVE_WITH_KNOTS('',1,(#2373,#2374),.UNSPECIFIED.,.F.,
  .F.,(2,2),(4.712388980385,6.28318530718),.PIECEWISE_BEZIER_KNOTS.);
#2373 = CARTESIAN_POINT('',(0.,1.));
#2374 = CARTESIAN_POINT('',(1.570796326795,1.));
#2375 = ( GEOMETRIC_REPRESENTATION_CONTEXT(2) 
PARAMETRIC_REPRESENTATION_CONTEXT() REPRESENTATION_CONTEXT('2D SPACE',''
  ) );
#2376 = PCURVE('',#2377,#2382);
#2377 = SPHERICAL_SURFACE('',#2378,1.);
#2378 = AXIS2_PLACEMENT_3D('',#2379,#2380,#2381);
#2379 = CARTESIAN_POINT('',(187.5,151.62131881113,52.342974269698));
#2380 = DIRECTION('',(-1.,1.224646799147E-16,0.));
#2381 = DIRECTION('',(0.,0.,1.));
#2382 = DEFINITIONAL_REPRESENTATION('',(#2383),#2386);
#2383 = B_SPLINE_CURVE_WITH_KNOTS('',1,(#2384,#2385),.UNSPECIFIED.,.F.,
  .F.,(2,2),(4.712388980385,6.28318530718),.PIECEWISE_BEZIER_KNOTS.);
#2384 = CARTESIAN_POINT('',(1.570796326795,-1.570796326795));
#2385 = CARTESIAN_POINT('',(1.570796326795,0.));
#2386 = ( GEOMETRIC_REPRESENTATION_CONTEXT(2) 
PARAMETRIC_REPRESENTATION_CONTEXT() REPRESENTATION_CONTEXT('2D SPACE',''
  ) );
#2387 = ORIENTED_EDGE('',*,*,#2388,.F.);
#2388 = EDGE_CURVE('',#1352,#2362,#2389,.T.);
#2389 = SURFACE_CURVE('',#2390,(#2394,#2401),.PCURVE_S1.);
#2390 = LINE('',#2391,#2392);
#2391 = CARTESIAN_POINT('',(188.5,151.62131881113,51.342974269698));
#2392 = VECTOR('',#2393,1.);
#2393 = DIRECTION('',(0.,0.,1.));
#2394 = PCURVE('',#1396,#2395);
#2395 = DEFINITIONAL_REPRESENTATION('',(#2396),#2400);
#2396 = LINE('',#2397,#2398);
#2397 = CARTESIAN_POINT('',(0.,0.));
#2398 = VECTOR('',#2399,1.);
#2399 = DIRECTION('',(0.,1.));
#2400 = ( GEOMETRIC_REPRESENTATION_CONTEXT(2) 
PARAMETRIC_REPRESENTATION_CONTEXT() REPRESENTATION_CONTEXT('2D SPACE',''
  ) );
#2401 = PCURVE('',#1367,#2402);
#2402 = DEFINITIONAL_REPRESENTATION('',(#2403),#2407);
#2403 = LINE('',#2404,#2405);
#2404 = CARTESIAN_POINT('',(19.,0.));
#2405 = VECTOR('',#2406,1.);
#2406 = DIRECTION('',(0.,-1.));
#2407 = ( GEOMETRIC_REPRESENTATION_CONTEXT(2) 
PARAMETRIC_REPRESENTATION_CONTEXT() REPRESENTATION_CONTEXT('2D SPACE',''
  ) );
#2408 = ADVANCED_FACE('',(#2409),#1367,.F.);
#2409 = FACE_BOUND('',#2410,.F.);
#2410 = EDGE_LOOP('',(#2411,#2412,#2435,#2461));
#2411 = ORIENTED_EDGE('',*,*,#1351,.F.);
#2412 = ORIENTED_EDGE('',*,*,#2413,.T.);
#2413 = EDGE_CURVE('',#1319,#2414,#2416,.T.);
#2414 = VERTEX_POINT('',#2415);
#2415 = CARTESIAN_POINT('',(188.5,133.62131881113,52.342974269698));
#2416 = SURFACE_CURVE('',#2417,(#2421,#2428),.PCURVE_S1.);
#2417 = LINE('',#2418,#2419);
#2418 = CARTESIAN_POINT('',(188.5,133.62131881113,51.342974269698));
#2419 = VECTOR('',#2420,1.);
#2420 = DIRECTION('',(0.,0.,1.));
#2421 = PCURVE('',#1367,#2422);
#2422 = DEFINITIONAL_REPRESENTATION('',(#2423),#2427);
#2423 = LINE('',#2424,#2425);
#2424 = CARTESIAN_POINT('',(1.,0.));
#2425 = VECTOR('',#2426,1.);
#2426 = DIRECTION('',(0.,-1.));
#2427 = ( GEOMETRIC_REPRESENTATION_CONTEXT(2) 
PARAMETRIC_REPRESENTATION_CONTEXT() REPRESENTATION_CONTEXT('2D SPACE',''
  ) );
#2428 = PCURVE('',#1339,#2429);
#2429 = DEFINITIONAL_REPRESENTATION('',(#2430),#2434);
#2430 = LINE('',#2431,#2432);
#2431 = CARTESIAN_POINT('',(-0.,0.));
#2432 = VECTOR('',#2433,1.);
#2433 = DIRECTION('',(-0.,1.));
#2434 = ( GEOMETRIC_REPRESENTATION_CONTEXT(2) 
PARAMETRIC_REPRESENTATION_CONTEXT() REPRESENTATION_CONTEXT('2D SPACE',''
  ) );
#2435 = ORIENTED_EDGE('',*,*,#2436,.T.);
#2436 = EDGE_CURVE('',#2414,#2362,#2437,.T.);
#2437 = SURFACE_CURVE('',#2438,(#2442,#2449),.PCURVE_S1.);
#2438 = LINE('',#2439,#2440);
#2439 = CARTESIAN_POINT('',(188.5,132.62131881113,52.342974269698));
#2440 = VECTOR('',#2441,1.);
#2441 = DIRECTION('',(1.224646799147E-16,1.,0.));
#2442 = PCURVE('',#1367,#2443);
#2443 = DEFINITIONAL_REPRESENTATION('',(#2444),#2448);
#2444 = LINE('',#2445,#2446);
#2445 = CARTESIAN_POINT('',(0.,-1.));
#2446 = VECTOR('',#2447,1.);
#2447 = DIRECTION('',(1.,0.));
#2448 = ( GEOMETRIC_REPRESENTATION_CONTEXT(2) 
PARAMETRIC_REPRESENTATION_CONTEXT() REPRESENTATION_CONTEXT('2D SPACE',''
  ) );
#2449 = PCURVE('',#2450,#2455);
#2450 = CYLINDRICAL_SURFACE('',#2451,1.);
#2451 = AXIS2_PLACEMENT_3D('',#2452,#2453,#2454);
#2452 = CARTESIAN_POINT('',(187.5,132.62131881113,52.342974269698));
#2453 = DIRECTION('',(1.224646799147E-16,1.,0.));
#2454 = DIRECTION('',(1.,-1.224646799147E-16,0.));
#2455 = DEFINITIONAL_REPRESENTATION('',(#2456),#2460);
#2456 = LINE('',#2457,#2458);
#2457 = CARTESIAN_POINT('',(-0.,0.));
#2458 = VECTOR('',#2459,1.);
#2459 = DIRECTION('',(-0.,1.));
#2460 = ( GEOMETRIC_REPRESENTATION_CONTEXT(2) 
PARAMETRIC_REPRESENTATION_CONTEXT() REPRESENTATION_CONTEXT('2D SPACE',''
  ) );
#2461 = ORIENTED_EDGE('',*,*,#2388,.F.);
#2462 = ADVANCED_FACE('',(#2463),#1339,.T.);
#2463 = FACE_BOUND('',#2464,.F.);
#2464 = EDGE_LOOP('',(#2465,#2466,#2467,#2492));
#2465 = ORIENTED_EDGE('',*,*,#1318,.T.);
#2466 = ORIENTED_EDGE('',*,*,#1575,.T.);
#2467 = ORIENTED_EDGE('',*,*,#2468,.F.);
#2468 = EDGE_CURVE('',#2414,#1548,#2469,.T.);
#2469 = SURFACE_CURVE('',#2470,(#2475,#2481),.PCURVE_S1.);
#2470 = CIRCLE('',#2471,1.);
#2471 = AXIS2_PLACEMENT_3D('',#2472,#2473,#2474);
#2472 = CARTESIAN_POINT('',(187.5,133.62131881113,52.342974269698));
#2473 = DIRECTION('',(-3.469142038225E-32,-2.832769448824E-16,-1.));
#2474 = DIRECTION('',(-1.224646799147E-16,-1.,2.832769448824E-16));
#2475 = PCURVE('',#1339,#2476);
#2476 = DEFINITIONAL_REPRESENTATION('',(#2477),#2480);
#2477 = B_SPLINE_CURVE_WITH_KNOTS('',1,(#2478,#2479),.UNSPECIFIED.,.F.,
  .F.,(2,2),(4.712388980385,6.28318530718),.PIECEWISE_BEZIER_KNOTS.);
#2478 = CARTESIAN_POINT('',(0.,1.));
#2479 = CARTESIAN_POINT('',(-1.570796326795,1.));
#2480 = ( GEOMETRIC_REPRESENTATION_CONTEXT(2) 
PARAMETRIC_REPRESENTATION_CONTEXT() REPRESENTATION_CONTEXT('2D SPACE',''
  ) );
#2481 = PCURVE('',#2482,#2487);
#2482 = SPHERICAL_SURFACE('',#2483,1.);
#2483 = AXIS2_PLACEMENT_3D('',#2484,#2485,#2486);
#2484 = CARTESIAN_POINT('',(187.5,133.62131881113,52.342974269698));
#2485 = DIRECTION('',(-1.,1.224646799147E-16,0.));
#2486 = DIRECTION('',(0.,0.,1.));
#2487 = DEFINITIONAL_REPRESENTATION('',(#2488),#2491);
#2488 = B_SPLINE_CURVE_WITH_KNOTS('',1,(#2489,#2490),.UNSPECIFIED.,.F.,
  .F.,(2,2),(4.712388980385,6.28318530718),.PIECEWISE_BEZIER_KNOTS.);
#2489 = CARTESIAN_POINT('',(-1.570796326795,-1.570796326795));
#2490 = CARTESIAN_POINT('',(-1.570796326795,0.));
#2491 = ( GEOMETRIC_REPRESENTATION_CONTEXT(2) 
PARAMETRIC_REPRESENTATION_CONTEXT() REPRESENTATION_CONTEXT('2D SPACE',''
  ) );
#2492 = ORIENTED_EDGE('',*,*,#2413,.F.);
#2493 = ADVANCED_FACE('',(#2494),#1641,.T.);
#2494 = FACE_BOUND('',#2495,.T.);
#2495 = EDGE_LOOP('',(#2496,#2497,#2498,#2499));
#2496 = ORIENTED_EDGE('',*,*,#2271,.F.);
#2497 = ORIENTED_EDGE('',*,*,#1625,.F.);
#2498 = ORIENTED_EDGE('',*,*,#1787,.T.);
#2499 = ORIENTED_EDGE('',*,*,#2500,.F.);
#2500 = EDGE_CURVE('',#2272,#1747,#2501,.T.);
#2501 = SURFACE_CURVE('',#2502,(#2506,#2513),.PCURVE_S1.);
#2502 = LINE('',#2503,#2504);
#2503 = CARTESIAN_POINT('',(187.5,132.09707518577,51.439990997315));
#2504 = VECTOR('',#2505,1.);
#2505 = DIRECTION('',(-1.,0.,0.));
#2506 = PCURVE('',#1641,#2507);
#2507 = DEFINITIONAL_REPRESENTATION('',(#2508),#2512);
#2508 = LINE('',#2509,#2510);
#2509 = CARTESIAN_POINT('',(15.789583557451,0.));
#2510 = VECTOR('',#2511,1.);
#2511 = DIRECTION('',(0.,-1.));
#2512 = ( GEOMETRIC_REPRESENTATION_CONTEXT(2) 
PARAMETRIC_REPRESENTATION_CONTEXT() REPRESENTATION_CONTEXT('2D SPACE',''
  ) );
#2513 = PCURVE('',#2514,#2519);
#2514 = PLANE('',#2515);
#2515 = AXIS2_PLACEMENT_3D('',#2516,#2517,#2518);
#2516 = CARTESIAN_POINT('',(187.5,132.09707518577,51.439990997315));
#2517 = DIRECTION('',(0.,0.970167333993,0.242436268024));
#2518 = DIRECTION('',(0.,-0.242436268024,0.970167333993));
#2519 = DEFINITIONAL_REPRESENTATION('',(#2520),#2524);
#2520 = LINE('',#2521,#2522);
#2521 = CARTESIAN_POINT('',(0.,0.));
#2522 = VECTOR('',#2523,1.);
#2523 = DIRECTION('',(0.,-1.));
#2524 = ( GEOMETRIC_REPRESENTATION_CONTEXT(2) 
PARAMETRIC_REPRESENTATION_CONTEXT() REPRESENTATION_CONTEXT('2D SPACE',''
  ) );
#2525 = ADVANCED_FACE('',(#2526),#1563,.T.);
#2526 = FACE_BOUND('',#2527,.F.);
#2527 = EDGE_LOOP('',(#2528,#2550,#2578,#2600));
#2528 = ORIENTED_EDGE('',*,*,#2529,.T.);
#2529 = EDGE_CURVE('',#1525,#2530,#2532,.T.);
#2530 = VERTEX_POINT('',#2531);
#2531 = CARTESIAN_POINT('',(185.5,133.62131881113,53.342974269698));
#2532 = SURFACE_CURVE('',#2533,(#2538,#2544),.PCURVE_S1.);
#2533 = CIRCLE('',#2534,1.);
#2534 = AXIS2_PLACEMENT_3D('',#2535,#2536,#2537);
#2535 = CARTESIAN_POINT('',(185.5,133.62131881113,52.342974269698));
#2536 = DIRECTION('',(-1.,0.,-6.123233995737E-17));
#2537 = DIRECTION('',(-6.123233995737E-17,0.,1.));
#2538 = PCURVE('',#1563,#2539);
#2539 = DEFINITIONAL_REPRESENTATION('',(#2540),#2543);
#2540 = B_SPLINE_CURVE_WITH_KNOTS('',1,(#2541,#2542),.UNSPECIFIED.,.F.,
  .F.,(2,2),(4.712388980385,6.28318530718),.PIECEWISE_BEZIER_KNOTS.);
#2541 = CARTESIAN_POINT('',(0.,1.));
#2542 = CARTESIAN_POINT('',(-1.570796326795,1.));
#2543 = ( GEOMETRIC_REPRESENTATION_CONTEXT(2) 
PARAMETRIC_REPRESENTATION_CONTEXT() REPRESENTATION_CONTEXT('2D SPACE',''
  ) );
#2544 = PCURVE('',#1831,#2545);
#2545 = DEFINITIONAL_REPRESENTATION('',(#2546),#2549);
#2546 = B_SPLINE_CURVE_WITH_KNOTS('',1,(#2547,#2548),.UNSPECIFIED.,.F.,
  .F.,(2,2),(4.712388980385,6.28318530718),.PIECEWISE_BEZIER_KNOTS.);
#2547 = CARTESIAN_POINT('',(1.570796326795,-1.570796326795));
#2548 = CARTESIAN_POINT('',(1.570796326795,0.));
#2549 = ( GEOMETRIC_REPRESENTATION_CONTEXT(2) 
PARAMETRIC_REPRESENTATION_CONTEXT() REPRESENTATION_CONTEXT('2D SPACE',''
  ) );
#2550 = ORIENTED_EDGE('',*,*,#2551,.T.);
#2551 = EDGE_CURVE('',#2530,#2552,#2554,.T.);
#2552 = VERTEX_POINT('',#2553);
#2553 = CARTESIAN_POINT('',(187.5,133.62131881113,53.342974269698));
#2554 = SURFACE_CURVE('',#2555,(#2559,#2566),.PCURVE_S1.);
#2555 = LINE('',#2556,#2557);
#2556 = CARTESIAN_POINT('',(184.5,133.62131881113,53.342974269698));
#2557 = VECTOR('',#2558,1.);
#2558 = DIRECTION('',(1.,0.,0.));
#2559 = PCURVE('',#1563,#2560);
#2560 = DEFINITIONAL_REPRESENTATION('',(#2561),#2565);
#2561 = LINE('',#2562,#2563);
#2562 = CARTESIAN_POINT('',(-1.570796326795,0.));
#2563 = VECTOR('',#2564,1.);
#2564 = DIRECTION('',(-0.,1.));
#2565 = ( GEOMETRIC_REPRESENTATION_CONTEXT(2) 
PARAMETRIC_REPRESENTATION_CONTEXT() REPRESENTATION_CONTEXT('2D SPACE',''
  ) );
#2566 = PCURVE('',#2567,#2572);
#2567 = PLANE('',#2568);
#2568 = AXIS2_PLACEMENT_3D('',#2569,#2570,#2571);
#2569 = CARTESIAN_POINT('',(186.5,140.51611058985,53.342974269698));
#2570 = DIRECTION('',(0.,0.,1.));
#2571 = DIRECTION('',(0.,-1.,0.));
#2572 = DEFINITIONAL_REPRESENTATION('',(#2573),#2577);
#2573 = LINE('',#2574,#2575);
#2574 = CARTESIAN_POINT('',(6.894791778725,-2.));
#2575 = VECTOR('',#2576,1.);
#2576 = DIRECTION('',(0.,1.));
#2577 = ( GEOMETRIC_REPRESENTATION_CONTEXT(2) 
PARAMETRIC_REPRESENTATION_CONTEXT() REPRESENTATION_CONTEXT('2D SPACE',''
  ) );
#2578 = ORIENTED_EDGE('',*,*,#2579,.T.);
#2579 = EDGE_CURVE('',#2552,#1548,#2580,.T.);
#2580 = SURFACE_CURVE('',#2581,(#2586,#2593),.PCURVE_S1.);
#2581 = CIRCLE('',#2582,1.);
#2582 = AXIS2_PLACEMENT_3D('',#2583,#2584,#2585);
#2583 = CARTESIAN_POINT('',(187.5,133.62131881113,52.342974269698));
#2584 = DIRECTION('',(1.,-1.224646799147E-16,0.));
#2585 = DIRECTION('',(0.,0.,1.));
#2586 = PCURVE('',#1563,#2587);
#2587 = DEFINITIONAL_REPRESENTATION('',(#2588),#2592);
#2588 = LINE('',#2589,#2590);
#2589 = CARTESIAN_POINT('',(-1.570796326795,3.));
#2590 = VECTOR('',#2591,1.);
#2591 = DIRECTION('',(1.,-0.));
#2592 = ( GEOMETRIC_REPRESENTATION_CONTEXT(2) 
PARAMETRIC_REPRESENTATION_CONTEXT() REPRESENTATION_CONTEXT('2D SPACE',''
  ) );
#2593 = PCURVE('',#2482,#2594);
#2594 = DEFINITIONAL_REPRESENTATION('',(#2595),#2599);
#2595 = LINE('',#2596,#2597);
#2596 = CARTESIAN_POINT('',(-0.,0.));
#2597 = VECTOR('',#2598,1.);
#2598 = DIRECTION('',(-1.,0.));
#2599 = ( GEOMETRIC_REPRESENTATION_CONTEXT(2) 
PARAMETRIC_REPRESENTATION_CONTEXT() REPRESENTATION_CONTEXT('2D SPACE',''
  ) );
#2600 = ORIENTED_EDGE('',*,*,#1547,.F.);
#2601 = ADVANCED_FACE('',(#2602),#1734,.F.);
#2602 = FACE_BOUND('',#2603,.F.);
#2603 = EDGE_LOOP('',(#2604,#2634,#2662,#2690,#2718,#2746,#2774,#2802,
    #2830,#2851,#2852,#2853));
#2604 = ORIENTED_EDGE('',*,*,#2605,.T.);
#2605 = EDGE_CURVE('',#2606,#2608,#2610,.T.);
#2606 = VERTEX_POINT('',#2607);
#2607 = CARTESIAN_POINT('',(185.5,123.45654793298,83.954751900795));
#2608 = VERTEX_POINT('',#2609);
#2609 = CARTESIAN_POINT('',(185.5,121.51163004358,83.488220233171));
#2610 = SURFACE_CURVE('',#2611,(#2615,#2622),.PCURVE_S1.);
#2611 = LINE('',#2612,#2613);
#2612 = CARTESIAN_POINT('',(185.5,123.80538940429,84.038429260254));
#2613 = VECTOR('',#2614,1.);
#2614 = DIRECTION('',(-0.,-0.972415503809,-0.233255413552));
#2615 = PCURVE('',#1734,#2616);
#2616 = DEFINITIONAL_REPRESENTATION('',(#2617),#2621);
#2617 = LINE('',#2618,#2619);
#2618 = CARTESIAN_POINT('',(-17.5,46.538429260254));
#2619 = VECTOR('',#2620,1.);
#2620 = DIRECTION('',(-0.972415503809,-0.233255413552));
#2621 = ( GEOMETRIC_REPRESENTATION_CONTEXT(2) 
PARAMETRIC_REPRESENTATION_CONTEXT() REPRESENTATION_CONTEXT('2D SPACE',''
  ) );
#2622 = PCURVE('',#2623,#2628);
#2623 = PLANE('',#2624);
#2624 = AXIS2_PLACEMENT_3D('',#2625,#2626,#2627);
#2625 = CARTESIAN_POINT('',(187.5,123.94277740532,84.071384817701));
#2626 = DIRECTION('',(0.,-0.233255413552,0.972415503809));
#2627 = DIRECTION('',(-0.,-0.972415503809,-0.233255413552));
#2628 = DEFINITIONAL_REPRESENTATION('',(#2629),#2633);
#2629 = LINE('',#2630,#2631);
#2630 = CARTESIAN_POINT('',(0.141285284422,-2.));
#2631 = VECTOR('',#2632,1.);
#2632 = DIRECTION('',(1.,0.));
#2633 = ( GEOMETRIC_REPRESENTATION_CONTEXT(2) 
PARAMETRIC_REPRESENTATION_CONTEXT() REPRESENTATION_CONTEXT('2D SPACE',''
  ) );
#2634 = ORIENTED_EDGE('',*,*,#2635,.T.);
#2635 = EDGE_CURVE('',#2608,#2636,#2638,.T.);
#2636 = VERTEX_POINT('',#2637);
#2637 = CARTESIAN_POINT('',(185.5,134.66278754975,30.860684259848));
#2638 = SURFACE_CURVE('',#2639,(#2643,#2650),.PCURVE_S1.);
#2639 = LINE('',#2640,#2641);
#2640 = CARTESIAN_POINT('',(185.5,121.51048423823,83.492805450277));
#2641 = VECTOR('',#2642,1.);
#2642 = DIRECTION('',(0.,0.242436268024,-0.970167333993));
#2643 = PCURVE('',#1734,#2644);
#2644 = DEFINITIONAL_REPRESENTATION('',(#2645),#2649);
#2645 = LINE('',#2646,#2647);
#2646 = CARTESIAN_POINT('',(-19.79490516606,45.992805450277));
#2647 = VECTOR('',#2648,1.);
#2648 = DIRECTION('',(0.242436268024,-0.970167333993));
#2649 = ( GEOMETRIC_REPRESENTATION_CONTEXT(2) 
PARAMETRIC_REPRESENTATION_CONTEXT() REPRESENTATION_CONTEXT('2D SPACE',''
  ) );
#2650 = PCURVE('',#2651,#2656);
#2651 = CYLINDRICAL_SURFACE('',#2652,0.5);
#2652 = AXIS2_PLACEMENT_3D('',#2653,#2654,#2655);
#2653 = CARTESIAN_POINT('',(186.,121.51048423823,83.492805450277));
#2654 = DIRECTION('',(0.,0.242436268024,-0.970167333993));
#2655 = DIRECTION('',(0.,-0.970167333993,-0.242436268024));
#2656 = DEFINITIONAL_REPRESENTATION('',(#2657),#2661);
#2657 = LINE('',#2658,#2659);
#2658 = CARTESIAN_POINT('',(1.570796326795,0.));
#2659 = VECTOR('',#2660,1.);
#2660 = DIRECTION('',(0.,1.));
#2661 = ( GEOMETRIC_REPRESENTATION_CONTEXT(2) 
PARAMETRIC_REPRESENTATION_CONTEXT() REPRESENTATION_CONTEXT('2D SPACE',''
  ) );
#2662 = ORIENTED_EDGE('',*,*,#2663,.T.);
#2663 = EDGE_CURVE('',#2636,#2664,#2666,.T.);
#2664 = VERTEX_POINT('',#2665);
#2665 = CARTESIAN_POINT('',(185.5,120.24257672713,3.552713678801E-15));
#2666 = SURFACE_CURVE('',#2667,(#2671,#2678),.PCURVE_S1.);
#2667 = LINE('',#2668,#2669);
#2668 = CARTESIAN_POINT('',(185.5,134.58767544734,30.699936895955));
#2669 = VECTOR('',#2670,1.);
#2670 = DIRECTION('',(-0.,-0.423332794615,-0.905974251844));
#2671 = PCURVE('',#1734,#2672);
#2672 = DEFINITIONAL_REPRESENTATION('',(#2673),#2677);
#2673 = LINE('',#2674,#2675);
#2674 = CARTESIAN_POINT('',(-6.717713956949,-6.800063104045));
#2675 = VECTOR('',#2676,1.);
#2676 = DIRECTION('',(-0.423332794615,-0.905974251844));
#2677 = ( GEOMETRIC_REPRESENTATION_CONTEXT(2) 
PARAMETRIC_REPRESENTATION_CONTEXT() REPRESENTATION_CONTEXT('2D SPACE',''
  ) );
#2678 = PCURVE('',#2679,#2684);
#2679 = CYLINDRICAL_SURFACE('',#2680,0.5);
#2680 = AXIS2_PLACEMENT_3D('',#2681,#2682,#2683);
#2681 = CARTESIAN_POINT('',(186.,134.58767544734,30.699936895955));
#2682 = DIRECTION('',(-0.,-0.423332794615,-0.905974251844));
#2683 = DIRECTION('',(0.,-0.905974251844,0.423332794615));
#2684 = DEFINITIONAL_REPRESENTATION('',(#2685),#2689);
#2685 = LINE('',#2686,#2687);
#2686 = CARTESIAN_POINT('',(1.570796326795,0.));
#2687 = VECTOR('',#2688,1.);
#2688 = DIRECTION('',(0.,1.));
#2689 = ( GEOMETRIC_REPRESENTATION_CONTEXT(2) 
PARAMETRIC_REPRESENTATION_CONTEXT() REPRESENTATION_CONTEXT('2D SPACE',''
  ) );
#2690 = ORIENTED_EDGE('',*,*,#2691,.T.);
#2691 = EDGE_CURVE('',#2664,#2692,#2694,.T.);
#2692 = VERTEX_POINT('',#2693);
#2693 = CARTESIAN_POINT('',(185.5,122.45014498409,-8.881784197001E-16));
#2694 = SURFACE_CURVE('',#2695,(#2699,#2706),.PCURVE_S1.);
#2695 = LINE('',#2696,#2697);
#2696 = CARTESIAN_POINT('',(185.5,119.00610351562,0.));
#2697 = VECTOR('',#2698,1.);
#2698 = DIRECTION('',(0.,1.,0.));
#2699 = PCURVE('',#1734,#2700);
#2700 = DEFINITIONAL_REPRESENTATION('',(#2701),#2705);
#2701 = LINE('',#2702,#2703);
#2702 = CARTESIAN_POINT('',(-22.29928588867,-37.5));
#2703 = VECTOR('',#2704,1.);
#2704 = DIRECTION('',(1.,0.));
#2705 = ( GEOMETRIC_REPRESENTATION_CONTEXT(2) 
PARAMETRIC_REPRESENTATION_CONTEXT() REPRESENTATION_CONTEXT('2D SPACE',''
  ) );
#2706 = PCURVE('',#2707,#2712);
#2707 = PLANE('',#2708);
#2708 = AXIS2_PLACEMENT_3D('',#2709,#2710,#2711);
#2709 = CARTESIAN_POINT('',(187.5,119.69068466288,0.));
#2710 = DIRECTION('',(0.,0.,-1.));
#2711 = DIRECTION('',(0.,1.,0.));
#2712 = DEFINITIONAL_REPRESENTATION('',(#2713),#2717);
#2713 = LINE('',#2714,#2715);
#2714 = CARTESIAN_POINT('',(-0.684581147263,-2.));
#2715 = VECTOR('',#2716,1.);
#2716 = DIRECTION('',(1.,0.));
#2717 = ( GEOMETRIC_REPRESENTATION_CONTEXT(2) 
PARAMETRIC_REPRESENTATION_CONTEXT() REPRESENTATION_CONTEXT('2D SPACE',''
  ) );
#2718 = ORIENTED_EDGE('',*,*,#2719,.T.);
#2719 = EDGE_CURVE('',#2692,#2720,#2722,.T.);
#2720 = VERTEX_POINT('',#2721);
#2721 = CARTESIAN_POINT('',(185.5,136.77518446307,30.657008126188));
#2722 = SURFACE_CURVE('',#2723,(#2727,#2734),.PCURVE_S1.);
#2723 = LINE('',#2724,#2725);
#2724 = CARTESIAN_POINT('',(185.5,122.54904992241,0.211666397308));
#2725 = VECTOR('',#2726,1.);
#2726 = DIRECTION('',(0.,0.423332794615,0.905974251844));
#2727 = PCURVE('',#1734,#2728);
#2728 = DEFINITIONAL_REPRESENTATION('',(#2729),#2733);
#2729 = LINE('',#2730,#2731);
#2730 = CARTESIAN_POINT('',(-18.75633948187,-37.28833360269));
#2731 = VECTOR('',#2732,1.);
#2732 = DIRECTION('',(0.423332794615,0.905974251844));
#2733 = ( GEOMETRIC_REPRESENTATION_CONTEXT(2) 
PARAMETRIC_REPRESENTATION_CONTEXT() REPRESENTATION_CONTEXT('2D SPACE',''
  ) );
#2734 = PCURVE('',#2735,#2740);
#2735 = CYLINDRICAL_SURFACE('',#2736,0.5);
#2736 = AXIS2_PLACEMENT_3D('',#2737,#2738,#2739);
#2737 = CARTESIAN_POINT('',(186.,122.54904992241,0.211666397308));
#2738 = DIRECTION('',(0.,0.423332794615,0.905974251844));
#2739 = DIRECTION('',(0.,0.905974251844,-0.423332794615));
#2740 = DEFINITIONAL_REPRESENTATION('',(#2741),#2745);
#2741 = LINE('',#2742,#2743);
#2742 = CARTESIAN_POINT('',(1.570796326795,0.));
#2743 = VECTOR('',#2744,1.);
#2744 = DIRECTION('',(0.,1.));
#2745 = ( GEOMETRIC_REPRESENTATION_CONTEXT(2) 
PARAMETRIC_REPRESENTATION_CONTEXT() REPRESENTATION_CONTEXT('2D SPACE',''
  ) );
#2746 = ORIENTED_EDGE('',*,*,#2747,.T.);
#2747 = EDGE_CURVE('',#2720,#2748,#2750,.T.);
#2748 = VERTEX_POINT('',#2749);
#2749 = CARTESIAN_POINT('',(185.5,132.20642814618,48.939990997315));
#2750 = SURFACE_CURVE('',#2751,(#2755,#2762),.PCURVE_S1.);
#2751 = LINE('',#2752,#2753);
#2752 = CARTESIAN_POINT('',(185.5,136.81820002441,30.484870958761));
#2753 = VECTOR('',#2754,1.);
#2754 = DIRECTION('',(0.,-0.242436268024,0.970167333993));
#2755 = PCURVE('',#1734,#2756);
#2756 = DEFINITIONAL_REPRESENTATION('',(#2757),#2761);
#2757 = LINE('',#2758,#2759);
#2758 = CARTESIAN_POINT('',(-4.487189379887,-7.015129041239));
#2759 = VECTOR('',#2760,1.);
#2760 = DIRECTION('',(-0.242436268024,0.970167333993));
#2761 = ( GEOMETRIC_REPRESENTATION_CONTEXT(2) 
PARAMETRIC_REPRESENTATION_CONTEXT() REPRESENTATION_CONTEXT('2D SPACE',''
  ) );
#2762 = PCURVE('',#2763,#2768);
#2763 = CYLINDRICAL_SURFACE('',#2764,0.5);
#2764 = AXIS2_PLACEMENT_3D('',#2765,#2766,#2767);
#2765 = CARTESIAN_POINT('',(186.,136.81820002441,30.484870958761));
#2766 = DIRECTION('',(0.,-0.242436268024,0.970167333993));
#2767 = DIRECTION('',(0.,0.970167333993,0.242436268024));
#2768 = DEFINITIONAL_REPRESENTATION('',(#2769),#2773);
#2769 = LINE('',#2770,#2771);
#2770 = CARTESIAN_POINT('',(1.570796326795,0.));
#2771 = VECTOR('',#2772,1.);
#2772 = DIRECTION('',(0.,1.));
#2773 = ( GEOMETRIC_REPRESENTATION_CONTEXT(2) 
PARAMETRIC_REPRESENTATION_CONTEXT() REPRESENTATION_CONTEXT('2D SPACE',''
  ) );
#2774 = ORIENTED_EDGE('',*,*,#2775,.T.);
#2775 = EDGE_CURVE('',#2748,#2776,#2778,.T.);
#2776 = VERTEX_POINT('',#2777);
#2777 = CARTESIAN_POINT('',(185.5,145.81878087825,48.939990997315));
#2778 = SURFACE_CURVE('',#2779,(#2783,#2790),.PCURVE_S1.);
#2779 = LINE('',#2780,#2781);
#2780 = CARTESIAN_POINT('',(185.5,132.84674875093,48.939990997314));
#2781 = VECTOR('',#2782,1.);
#2782 = DIRECTION('',(0.,1.,-1.224646799147E-16));
#2783 = PCURVE('',#1734,#2784);
#2784 = DEFINITIONAL_REPRESENTATION('',(#2785),#2789);
#2785 = LINE('',#2786,#2787);
#2786 = CARTESIAN_POINT('',(-8.458640653365,11.439990997314));
#2787 = VECTOR('',#2788,1.);
#2788 = DIRECTION('',(1.,-1.224646799147E-16));
#2789 = ( GEOMETRIC_REPRESENTATION_CONTEXT(2) 
PARAMETRIC_REPRESENTATION_CONTEXT() REPRESENTATION_CONTEXT('2D SPACE',''
  ) );
#2790 = PCURVE('',#2791,#2796);
#2791 = CYLINDRICAL_SURFACE('',#2792,0.5);
#2792 = AXIS2_PLACEMENT_3D('',#2793,#2794,#2795);
#2793 = CARTESIAN_POINT('',(186.,132.84674875093,48.939990997314));
#2794 = DIRECTION('',(0.,1.,-1.224646799147E-16));
#2795 = DIRECTION('',(0.,-1.224646799147E-16,-1.));
#2796 = DEFINITIONAL_REPRESENTATION('',(#2797),#2801);
#2797 = LINE('',#2798,#2799);
#2798 = CARTESIAN_POINT('',(1.570796326795,0.));
#2799 = VECTOR('',#2800,1.);
#2800 = DIRECTION('',(0.,1.));
#2801 = ( GEOMETRIC_REPRESENTATION_CONTEXT(2) 
PARAMETRIC_REPRESENTATION_CONTEXT() REPRESENTATION_CONTEXT('2D SPACE',''
  ) );
#2802 = ORIENTED_EDGE('',*,*,#2803,.T.);
#2803 = EDGE_CURVE('',#2776,#2804,#2806,.T.);
#2804 = VERTEX_POINT('',#2805);
#2805 = CARTESIAN_POINT('',(185.5,155.06640483661,0.5));
#2806 = SURFACE_CURVE('',#2807,(#2811,#2818),.PCURVE_S1.);
#2807 = LINE('',#2808,#2809);
#2808 = CARTESIAN_POINT('',(185.5,145.89633548619,48.533752105324));
#2809 = VECTOR('',#2810,1.);
#2810 = DIRECTION('',(0.,0.187522216019,-0.982260361869));
#2811 = PCURVE('',#1734,#2812);
#2812 = DEFINITIONAL_REPRESENTATION('',(#2813),#2817);
#2813 = LINE('',#2814,#2815);
#2814 = CARTESIAN_POINT('',(4.590946081894,11.033752105324));
#2815 = VECTOR('',#2816,1.);
#2816 = DIRECTION('',(0.187522216019,-0.982260361869));
#2817 = ( GEOMETRIC_REPRESENTATION_CONTEXT(2) 
PARAMETRIC_REPRESENTATION_CONTEXT() REPRESENTATION_CONTEXT('2D SPACE',''
  ) );
#2818 = PCURVE('',#2819,#2824);
#2819 = CYLINDRICAL_SURFACE('',#2820,0.5);
#2820 = AXIS2_PLACEMENT_3D('',#2821,#2822,#2823);
#2821 = CARTESIAN_POINT('',(186.,145.89633548619,48.533752105324));
#2822 = DIRECTION('',(0.,0.187522216019,-0.982260361869));
#2823 = DIRECTION('',(0.,-0.982260361869,-0.187522216019));
#2824 = DEFINITIONAL_REPRESENTATION('',(#2825),#2829);
#2825 = LINE('',#2826,#2827);
#2826 = CARTESIAN_POINT('',(1.570796326795,0.));
#2827 = VECTOR('',#2828,1.);
#2828 = DIRECTION('',(0.,1.));
#2829 = ( GEOMETRIC_REPRESENTATION_CONTEXT(2) 
PARAMETRIC_REPRESENTATION_CONTEXT() REPRESENTATION_CONTEXT('2D SPACE',''
  ) );
#2830 = ORIENTED_EDGE('',*,*,#2831,.T.);
#2831 = EDGE_CURVE('',#2804,#1890,#2832,.T.);
#2832 = SURFACE_CURVE('',#2833,(#2837,#2844),.PCURVE_S1.);
#2833 = LINE('',#2834,#2835);
#2834 = CARTESIAN_POINT('',(185.5,154.65282926362,0.5));
#2835 = VECTOR('',#2836,1.);
#2836 = DIRECTION('',(0.,1.,0.));
#2837 = PCURVE('',#1734,#2838);
#2838 = DEFINITIONAL_REPRESENTATION('',(#2839),#2843);
#2839 = LINE('',#2840,#2841);
#2840 = CARTESIAN_POINT('',(13.347439859327,-37.));
#2841 = VECTOR('',#2842,1.);
#2842 = DIRECTION('',(1.,0.));
#2843 = ( GEOMETRIC_REPRESENTATION_CONTEXT(2) 
PARAMETRIC_REPRESENTATION_CONTEXT() REPRESENTATION_CONTEXT('2D SPACE',''
  ) );
#2844 = PCURVE('',#1912,#2845);
#2845 = DEFINITIONAL_REPRESENTATION('',(#2846),#2850);
#2846 = LINE('',#2847,#2848);
#2847 = CARTESIAN_POINT('',(1.570796326795,0.));
#2848 = VECTOR('',#2849,1.);
#2849 = DIRECTION('',(0.,1.));
#2850 = ( GEOMETRIC_REPRESENTATION_CONTEXT(2) 
PARAMETRIC_REPRESENTATION_CONTEXT() REPRESENTATION_CONTEXT('2D SPACE',''
  ) );
#2851 = ORIENTED_EDGE('',*,*,#1930,.T.);
#2852 = ORIENTED_EDGE('',*,*,#1718,.T.);
#2853 = ORIENTED_EDGE('',*,*,#2854,.T.);
#2854 = EDGE_CURVE('',#1719,#2606,#2855,.T.);
#2855 = SURFACE_CURVE('',#2856,(#2860,#2867),.PCURVE_S1.);
#2856 = LINE('',#2857,#2858);
#2857 = CARTESIAN_POINT('',(185.5,131.61199151878,51.318772863303));
#2858 = VECTOR('',#2859,1.);
#2859 = DIRECTION('',(0.,-0.242436268024,0.970167333993));
#2860 = PCURVE('',#1734,#2861);
#2861 = DEFINITIONAL_REPRESENTATION('',(#2862),#2866);
#2862 = LINE('',#2863,#2864);
#2863 = CARTESIAN_POINT('',(-9.693397885517,13.818772863303));
#2864 = VECTOR('',#2865,1.);
#2865 = DIRECTION('',(-0.242436268024,0.970167333993));
#2866 = ( GEOMETRIC_REPRESENTATION_CONTEXT(2) 
PARAMETRIC_REPRESENTATION_CONTEXT() REPRESENTATION_CONTEXT('2D SPACE',''
  ) );
#2867 = PCURVE('',#1769,#2868);
#2868 = DEFINITIONAL_REPRESENTATION('',(#2869),#2873);
#2869 = LINE('',#2870,#2871);
#2870 = CARTESIAN_POINT('',(1.570796326795,0.));
#2871 = VECTOR('',#2872,1.);
#2872 = DIRECTION('',(0.,1.));
#2873 = ( GEOMETRIC_REPRESENTATION_CONTEXT(2) 
PARAMETRIC_REPRESENTATION_CONTEXT() REPRESENTATION_CONTEXT('2D SPACE',''
  ) );
#2874 = ADVANCED_FACE('',(#2875),#1769,.T.);
#2875 = FACE_BOUND('',#2876,.T.);
#2876 = EDGE_LOOP('',(#2877,#2878,#2879,#2909));
#2877 = ORIENTED_EDGE('',*,*,#1746,.T.);
#2878 = ORIENTED_EDGE('',*,*,#2854,.T.);
#2879 = ORIENTED_EDGE('',*,*,#2880,.F.);
#2880 = EDGE_CURVE('',#2881,#2606,#2883,.T.);
#2881 = VERTEX_POINT('',#2882);
#2882 = CARTESIAN_POINT('',(186.,123.94277740532,84.071384817701));
#2883 = SURFACE_CURVE('',#2884,(#2889,#2902),.PCURVE_S1.);
#2884 = ELLIPSE('',#2885,0.500022336587,0.5);
#2885 = AXIS2_PLACEMENT_3D('',#2886,#2887,#2888);
#2886 = CARTESIAN_POINT('',(186.,123.45654793298,83.954751900795));
#2887 = DIRECTION('',(0.,-0.233255413552,0.972415503809));
#2888 = DIRECTION('',(0.,-0.972415503809,-0.233255413552));
#2889 = PCURVE('',#1769,#2890);
#2890 = DEFINITIONAL_REPRESENTATION('',(#2891),#2901);
#2891 = B_SPLINE_CURVE_WITH_KNOTS('',8,(#2892,#2893,#2894,#2895,#2896,
    #2897,#2898,#2899,#2900),.UNSPECIFIED.,.F.,.F.,(9,9),(3.14159265359,
    4.712388980385),.PIECEWISE_BEZIER_KNOTS.);
#2892 = CARTESIAN_POINT('',(-1.072424127694E-14,33.634809869439));
#2893 = CARTESIAN_POINT('',(0.196349541599,33.63480986944));
#2894 = CARTESIAN_POINT('',(0.392699082199,33.635018110002));
#2895 = CARTESIAN_POINT('',(0.589048622799,33.635434589611));
#2896 = CARTESIAN_POINT('',(0.785398163393,33.63604218766));
#2897 = CARTESIAN_POINT('',(0.981747703997,33.636806631694));
#2898 = CARTESIAN_POINT('',(1.178097244596,33.637680102423));
#2899 = CARTESIAN_POINT('',(1.374446785196,33.638608092385));
#2900 = CARTESIAN_POINT('',(1.570796326795,33.639536082068));
#2901 = ( GEOMETRIC_REPRESENTATION_CONTEXT(2) 
PARAMETRIC_REPRESENTATION_CONTEXT() REPRESENTATION_CONTEXT('2D SPACE',''
  ) );
#2902 = PCURVE('',#2623,#2903);
#2903 = DEFINITIONAL_REPRESENTATION('',(#2904),#2908);
#2904 = ELLIPSE('',#2905,0.500022336587,0.5);
#2905 = AXIS2_PLACEMENT_2D('',#2906,#2907);
#2906 = CARTESIAN_POINT('',(0.500022336587,-1.5));
#2907 = DIRECTION('',(1.,0.));
#2908 = ( GEOMETRIC_REPRESENTATION_CONTEXT(2) 
PARAMETRIC_REPRESENTATION_CONTEXT() REPRESENTATION_CONTEXT('2D SPACE',''
  ) );
#2909 = ORIENTED_EDGE('',*,*,#2910,.F.);
#2910 = EDGE_CURVE('',#1747,#2881,#2911,.T.);
#2911 = SURFACE_CURVE('',#2912,(#2916,#2923),.PCURVE_S1.);
#2912 = LINE('',#2913,#2914);
#2913 = CARTESIAN_POINT('',(186.,132.09707518577,51.439990997315));
#2914 = VECTOR('',#2915,1.);
#2915 = DIRECTION('',(0.,-0.242436268024,0.970167333993));
#2916 = PCURVE('',#1769,#2917);
#2917 = DEFINITIONAL_REPRESENTATION('',(#2918),#2922);
#2918 = LINE('',#2919,#2920);
#2919 = CARTESIAN_POINT('',(0.,0.));
#2920 = VECTOR('',#2921,1.);
#2921 = DIRECTION('',(0.,1.));
#2922 = ( GEOMETRIC_REPRESENTATION_CONTEXT(2) 
PARAMETRIC_REPRESENTATION_CONTEXT() REPRESENTATION_CONTEXT('2D SPACE',''
  ) );
#2923 = PCURVE('',#2514,#2924);
#2924 = DEFINITIONAL_REPRESENTATION('',(#2925),#2929);
#2925 = LINE('',#2926,#2927);
#2926 = CARTESIAN_POINT('',(0.,-1.5));
#2927 = VECTOR('',#2928,1.);
#2928 = DIRECTION('',(1.,0.));
#2929 = ( GEOMETRIC_REPRESENTATION_CONTEXT(2) 
PARAMETRIC_REPRESENTATION_CONTEXT() REPRESENTATION_CONTEXT('2D SPACE',''
  ) );
#2930 = ADVANCED_FACE('',(#2931),#1831,.T.);
#2931 = FACE_BOUND('',#2932,.T.);
#2932 = EDGE_LOOP('',(#2933,#2934,#2935));
#2933 = ORIENTED_EDGE('',*,*,#1815,.F.);
#2934 = ORIENTED_EDGE('',*,*,#2529,.T.);
#2935 = ORIENTED_EDGE('',*,*,#2936,.F.);
#2936 = EDGE_CURVE('',#1816,#2530,#2937,.T.);
#2937 = SURFACE_CURVE('',#2938,(#2943,#2950),.PCURVE_S1.);
#2938 = CIRCLE('',#2939,1.);
#2939 = AXIS2_PLACEMENT_3D('',#2940,#2941,#2942);
#2940 = CARTESIAN_POINT('',(185.5,133.62131881113,52.342974269698));
#2941 = DIRECTION('',(0.,1.,-0.));
#2942 = DIRECTION('',(-1.,0.,0.));
#2943 = PCURVE('',#1831,#2944);
#2944 = DEFINITIONAL_REPRESENTATION('',(#2945),#2949);
#2945 = LINE('',#2946,#2947);
#2946 = CARTESIAN_POINT('',(0.,0.));
#2947 = VECTOR('',#2948,1.);
#2948 = DIRECTION('',(1.,0.));
#2949 = ( GEOMETRIC_REPRESENTATION_CONTEXT(2) 
PARAMETRIC_REPRESENTATION_CONTEXT() REPRESENTATION_CONTEXT('2D SPACE',''
  ) );
#2950 = PCURVE('',#1994,#2951);
#2951 = DEFINITIONAL_REPRESENTATION('',(#2952),#2956);
#2952 = LINE('',#2953,#2954);
#2953 = CARTESIAN_POINT('',(-0.,19.));
#2954 = VECTOR('',#2955,1.);
#2955 = DIRECTION('',(-1.,0.));
#2956 = ( GEOMETRIC_REPRESENTATION_CONTEXT(2) 
PARAMETRIC_REPRESENTATION_CONTEXT() REPRESENTATION_CONTEXT('2D SPACE',''
  ) );
#2957 = ADVANCED_FACE('',(#2958),#1912,.T.);
#2958 = FACE_BOUND('',#2959,.T.);
#2959 = EDGE_LOOP('',(#2960,#2996,#2997,#2998));
#2960 = ORIENTED_EDGE('',*,*,#2961,.T.);
#2961 = EDGE_CURVE('',#2962,#2804,#2964,.T.);
#2962 = VERTEX_POINT('',#2963);
#2963 = CARTESIAN_POINT('',(186.,154.65282926362,-1.110223024625E-16));
#2964 = SURFACE_CURVE('',#2965,(#2970,#2983),.PCURVE_S1.);
#2965 = ELLIPSE('',#2966,0.648879614858,0.5);
#2966 = AXIS2_PLACEMENT_3D('',#2967,#2968,#2969);
#2967 = CARTESIAN_POINT('',(186.,155.06640483661,0.5));
#2968 = DIRECTION('',(0.,0.770558958166,-0.6373687253));
#2969 = DIRECTION('',(0.,0.6373687253,0.770558958166));
#2970 = PCURVE('',#1912,#2971);
#2971 = DEFINITIONAL_REPRESENTATION('',(#2972),#2982);
#2972 = B_SPLINE_CURVE_WITH_KNOTS('',8,(#2973,#2974,#2975,#2976,#2977,
    #2978,#2979,#2980,#2981),.UNSPECIFIED.,.F.,.F.,(9,9),(3.14159265359,
    4.712388980385),.PIECEWISE_BEZIER_KNOTS.);
#2973 = CARTESIAN_POINT('',(0.,-1.335293967458E-15));
#2974 = CARTESIAN_POINT('',(0.196349541599,8.120403544768E-11));
#2975 = CARTESIAN_POINT('',(0.392699082199,1.822246079121E-02));
#2976 = CARTESIAN_POINT('',(0.589048622795,5.466722732385E-02));
#2977 = CARTESIAN_POINT('',(0.785398163403,0.107836211668));
#2978 = CARTESIAN_POINT('',(0.981747703993,0.17473019501));
#2979 = CARTESIAN_POINT('',(1.178097244596,0.251164805798));
#2980 = CARTESIAN_POINT('',(1.374446785196,0.332370198821));
#2981 = CARTESIAN_POINT('',(1.570796326795,0.413575572995));
#2982 = ( GEOMETRIC_REPRESENTATION_CONTEXT(2) 
PARAMETRIC_REPRESENTATION_CONTEXT() REPRESENTATION_CONTEXT('2D SPACE',''
  ) );
#2983 = PCURVE('',#2819,#2984);
#2984 = DEFINITIONAL_REPRESENTATION('',(#2985),#2995);
#2985 = B_SPLINE_CURVE_WITH_KNOTS('',8,(#2986,#2987,#2988,#2989,#2990,
    #2991,#2992,#2993,#2994),.UNSPECIFIED.,.F.,.F.,(9,9),(3.14159265359,
    4.712388980385),.PIECEWISE_BEZIER_KNOTS.);
#2986 = CARTESIAN_POINT('',(0.,49.314818023544));
#2987 = CARTESIAN_POINT('',(0.196349541599,49.314818023463));
#2988 = CARTESIAN_POINT('',(0.392699082198,49.296595562744));
#2989 = CARTESIAN_POINT('',(0.589048622798,49.26015079621));
#2990 = CARTESIAN_POINT('',(0.785398163393,49.206981811702));
#2991 = CARTESIAN_POINT('',(0.981747703996,49.140087828564));
#2992 = CARTESIAN_POINT('',(1.178097244595,49.063653217716));
#2993 = CARTESIAN_POINT('',(1.374446785196,48.982447824723));
#2994 = CARTESIAN_POINT('',(1.570796326795,48.901242450549));
#2995 = ( GEOMETRIC_REPRESENTATION_CONTEXT(2) 
PARAMETRIC_REPRESENTATION_CONTEXT() REPRESENTATION_CONTEXT('2D SPACE',''
  ) );
#2996 = ORIENTED_EDGE('',*,*,#2831,.T.);
#2997 = ORIENTED_EDGE('',*,*,#1889,.F.);
#2998 = ORIENTED_EDGE('',*,*,#2999,.F.);
#2999 = EDGE_CURVE('',#2962,#1867,#3000,.T.);
#3000 = SURFACE_CURVE('',#3001,(#3005,#3012),.PCURVE_S1.);
#3001 = LINE('',#3002,#3003);
#3002 = CARTESIAN_POINT('',(186.,154.65282926362,-1.110223024625E-16));
#3003 = VECTOR('',#3004,1.);
#3004 = DIRECTION('',(0.,1.,0.));
#3005 = PCURVE('',#1912,#3006);
#3006 = DEFINITIONAL_REPRESENTATION('',(#3007),#3011);
#3007 = LINE('',#3008,#3009);
#3008 = CARTESIAN_POINT('',(0.,0.));
#3009 = VECTOR('',#3010,1.);
#3010 = DIRECTION('',(0.,1.));
#3011 = ( GEOMETRIC_REPRESENTATION_CONTEXT(2) 
PARAMETRIC_REPRESENTATION_CONTEXT() REPRESENTATION_CONTEXT('2D SPACE',''
  ) );
#3012 = PCURVE('',#2047,#3013);
#3013 = DEFINITIONAL_REPRESENTATION('',(#3014),#3018);
#3014 = LINE('',#3015,#3016);
#3015 = CARTESIAN_POINT('',(0.,-1.5));
#3016 = VECTOR('',#3017,1.);
#3017 = DIRECTION('',(1.,0.));
#3018 = ( GEOMETRIC_REPRESENTATION_CONTEXT(2) 
PARAMETRIC_REPRESENTATION_CONTEXT() REPRESENTATION_CONTEXT('2D SPACE',''
  ) );
#3019 = ADVANCED_FACE('',(#3020),#1994,.T.);
#3020 = FACE_BOUND('',#3021,.F.);
#3021 = EDGE_LOOP('',(#3022,#3023,#3047,#3068));
#3022 = ORIENTED_EDGE('',*,*,#1980,.F.);
#3023 = ORIENTED_EDGE('',*,*,#3024,.T.);
#3024 = EDGE_CURVE('',#1958,#3025,#3027,.T.);
#3025 = VERTEX_POINT('',#3026);
#3026 = CARTESIAN_POINT('',(185.5,151.62131881113,53.342974269698));
#3027 = SURFACE_CURVE('',#3028,(#3033,#3040),.PCURVE_S1.);
#3028 = CIRCLE('',#3029,1.);
#3029 = AXIS2_PLACEMENT_3D('',#3030,#3031,#3032);
#3030 = CARTESIAN_POINT('',(185.5,151.62131881113,52.342974269698));
#3031 = DIRECTION('',(1.836970198721E-16,1.,-0.));
#3032 = DIRECTION('',(-1.,1.836970198721E-16,0.));
#3033 = PCURVE('',#1994,#3034);
#3034 = DEFINITIONAL_REPRESENTATION('',(#3035),#3039);
#3035 = LINE('',#3036,#3037);
#3036 = CARTESIAN_POINT('',(-0.,1.));
#3037 = VECTOR('',#3038,1.);
#3038 = DIRECTION('',(-1.,0.));
#3039 = ( GEOMETRIC_REPRESENTATION_CONTEXT(2) 
PARAMETRIC_REPRESENTATION_CONTEXT() REPRESENTATION_CONTEXT('2D SPACE',''
  ) );
#3040 = PCURVE('',#2082,#3041);
#3041 = DEFINITIONAL_REPRESENTATION('',(#3042),#3046);
#3042 = LINE('',#3043,#3044);
#3043 = CARTESIAN_POINT('',(-0.,0.));
#3044 = VECTOR('',#3045,1.);
#3045 = DIRECTION('',(-1.,0.));
#3046 = ( GEOMETRIC_REPRESENTATION_CONTEXT(2) 
PARAMETRIC_REPRESENTATION_CONTEXT() REPRESENTATION_CONTEXT('2D SPACE',''
  ) );
#3047 = ORIENTED_EDGE('',*,*,#3048,.T.);
#3048 = EDGE_CURVE('',#3025,#2530,#3049,.T.);
#3049 = SURFACE_CURVE('',#3050,(#3054,#3061),.PCURVE_S1.);
#3050 = LINE('',#3051,#3052);
#3051 = CARTESIAN_POINT('',(185.5,152.62131881113,53.342974269698));
#3052 = VECTOR('',#3053,1.);
#3053 = DIRECTION('',(0.,-1.,0.));
#3054 = PCURVE('',#1994,#3055);
#3055 = DEFINITIONAL_REPRESENTATION('',(#3056),#3060);
#3056 = LINE('',#3057,#3058);
#3057 = CARTESIAN_POINT('',(-1.570796326795,0.));
#3058 = VECTOR('',#3059,1.);
#3059 = DIRECTION('',(-0.,1.));
#3060 = ( GEOMETRIC_REPRESENTATION_CONTEXT(2) 
PARAMETRIC_REPRESENTATION_CONTEXT() REPRESENTATION_CONTEXT('2D SPACE',''
  ) );
#3061 = PCURVE('',#2567,#3062);
#3062 = DEFINITIONAL_REPRESENTATION('',(#3063),#3067);
#3063 = LINE('',#3064,#3065);
#3064 = CARTESIAN_POINT('',(-12.10520822127,-1.));
#3065 = VECTOR('',#3066,1.);
#3066 = DIRECTION('',(1.,0.));
#3067 = ( GEOMETRIC_REPRESENTATION_CONTEXT(2) 
PARAMETRIC_REPRESENTATION_CONTEXT() REPRESENTATION_CONTEXT('2D SPACE',''
  ) );
#3068 = ORIENTED_EDGE('',*,*,#2936,.F.);
#3069 = ADVANCED_FACE('',(#3070),#2047,.T.);
#3070 = FACE_BOUND('',#3071,.T.);
#3071 = EDGE_LOOP('',(#3072,#3100,#3101,#3102,#3103,#3126));
#3072 = ORIENTED_EDGE('',*,*,#3073,.T.);
#3073 = EDGE_CURVE('',#3074,#2962,#3076,.T.);
#3074 = VERTEX_POINT('',#3075);
#3075 = CARTESIAN_POINT('',(187.,154.65282926362,-7.105427357601E-15));
#3076 = SURFACE_CURVE('',#3077,(#3081,#3088),.PCURVE_S1.);
#3077 = LINE('',#3078,#3079);
#3078 = CARTESIAN_POINT('',(187.5,154.65282926362,0.));
#3079 = VECTOR('',#3080,1.);
#3080 = DIRECTION('',(-1.,0.,0.));
#3081 = PCURVE('',#2047,#3082);
#3082 = DEFINITIONAL_REPRESENTATION('',(#3083),#3087);
#3083 = LINE('',#3084,#3085);
#3084 = CARTESIAN_POINT('',(0.,0.));
#3085 = VECTOR('',#3086,1.);
#3086 = DIRECTION('',(0.,-1.));
#3087 = ( GEOMETRIC_REPRESENTATION_CONTEXT(2) 
PARAMETRIC_REPRESENTATION_CONTEXT() REPRESENTATION_CONTEXT('2D SPACE',''
  ) );
#3088 = PCURVE('',#3089,#3094);
#3089 = PLANE('',#3090);
#3090 = AXIS2_PLACEMENT_3D('',#3091,#3092,#3093);
#3091 = CARTESIAN_POINT('',(187.5,145.40520530525,48.439990997314));
#3092 = DIRECTION('',(0.,-0.982260361869,-0.187522216019));
#3093 = DIRECTION('',(0.,0.187522216019,-0.982260361869));
#3094 = DEFINITIONAL_REPRESENTATION('',(#3095),#3099);
#3095 = LINE('',#3096,#3097);
#3096 = CARTESIAN_POINT('',(49.314818023544,0.));
#3097 = VECTOR('',#3098,1.);
#3098 = DIRECTION('',(0.,-1.));
#3099 = ( GEOMETRIC_REPRESENTATION_CONTEXT(2) 
PARAMETRIC_REPRESENTATION_CONTEXT() REPRESENTATION_CONTEXT('2D SPACE',''
  ) );
#3100 = ORIENTED_EDGE('',*,*,#2999,.T.);
#3101 = ORIENTED_EDGE('',*,*,#2033,.F.);
#3102 = ORIENTED_EDGE('',*,*,#2118,.T.);
#3103 = ORIENTED_EDGE('',*,*,#3104,.F.);
#3104 = EDGE_CURVE('',#3105,#2119,#3107,.T.);
#3105 = VERTEX_POINT('',#3106);
#3106 = CARTESIAN_POINT('',(187.5,155.16185927176,0.));
#3107 = SURFACE_CURVE('',#3108,(#3112,#3119),.PCURVE_S1.);
#3108 = LINE('',#3109,#3110);
#3109 = CARTESIAN_POINT('',(187.5,154.54890441894,0.));
#3110 = VECTOR('',#3111,1.);
#3111 = DIRECTION('',(0.,1.,0.));
#3112 = PCURVE('',#2047,#3113);
#3113 = DEFINITIONAL_REPRESENTATION('',(#3114),#3118);
#3114 = LINE('',#3115,#3116);
#3115 = CARTESIAN_POINT('',(-0.103924844679,0.));
#3116 = VECTOR('',#3117,1.);
#3117 = DIRECTION('',(1.,0.));
#3118 = ( GEOMETRIC_REPRESENTATION_CONTEXT(2) 
PARAMETRIC_REPRESENTATION_CONTEXT() REPRESENTATION_CONTEXT('2D SPACE',''
  ) );
#3119 = PCURVE('',#2164,#3120);
#3120 = DEFINITIONAL_REPRESENTATION('',(#3121),#3125);
#3121 = LINE('',#3122,#3123);
#3122 = CARTESIAN_POINT('',(13.243515014648,-37.5));
#3123 = VECTOR('',#3124,1.);
#3124 = DIRECTION('',(1.,0.));
#3125 = ( GEOMETRIC_REPRESENTATION_CONTEXT(2) 
PARAMETRIC_REPRESENTATION_CONTEXT() REPRESENTATION_CONTEXT('2D SPACE',''
  ) );
#3126 = ORIENTED_EDGE('',*,*,#3127,.T.);
#3127 = EDGE_CURVE('',#3105,#3074,#3128,.T.);
#3128 = SURFACE_CURVE('',#3129,(#3134,#3141),.PCURVE_S1.);
#3129 = ELLIPSE('',#3130,0.509030008142,0.5);
#3130 = AXIS2_PLACEMENT_3D('',#3131,#3132,#3133);
#3131 = CARTESIAN_POINT('',(187.,155.16185927176,0.));
#3132 = DIRECTION('',(0.,0.,-1.));
#3133 = DIRECTION('',(0.,1.,0.));
#3134 = PCURVE('',#2047,#3135);
#3135 = DEFINITIONAL_REPRESENTATION('',(#3136),#3140);
#3136 = ELLIPSE('',#3137,0.509030008142,0.5);
#3137 = AXIS2_PLACEMENT_2D('',#3138,#3139);
#3138 = CARTESIAN_POINT('',(0.509030008142,-0.5));
#3139 = DIRECTION('',(1.,0.));
#3140 = ( GEOMETRIC_REPRESENTATION_CONTEXT(2) 
PARAMETRIC_REPRESENTATION_CONTEXT() REPRESENTATION_CONTEXT('2D SPACE',''
  ) );
#3141 = PCURVE('',#3142,#3147);
#3142 = CYLINDRICAL_SURFACE('',#3143,0.5);
#3143 = AXIS2_PLACEMENT_3D('',#3144,#3145,#3146);
#3144 = CARTESIAN_POINT('',(187.,145.89633548619,48.533752105324));
#3145 = DIRECTION('',(0.,0.187522216019,-0.982260361869));
#3146 = DIRECTION('',(1.,0.,0.));
#3147 = DEFINITIONAL_REPRESENTATION('',(#3148),#3158);
#3148 = B_SPLINE_CURVE_WITH_KNOTS('',8,(#3149,#3150,#3151,#3152,#3153,
    #3154,#3155,#3156,#3157),.UNSPECIFIED.,.F.,.F.,(9,9),(1.570796326795
    ,3.14159265359),.PIECEWISE_BEZIER_KNOTS.);
#3149 = CARTESIAN_POINT('',(-1.07242413335E-14,49.410272458691));
#3150 = CARTESIAN_POINT('',(0.196349541599,49.391530024107));
#3151 = CARTESIAN_POINT('',(0.392699082198,49.372787585118));
#3152 = CARTESIAN_POINT('',(0.589048622799,49.355146256567));
#3153 = CARTESIAN_POINT('',(0.785398163395,49.339706931962));
#3154 = CARTESIAN_POINT('',(0.981747703996,49.327435377345));
#3155 = CARTESIAN_POINT('',(1.178097244596,49.319023820019));
#3156 = CARTESIAN_POINT('',(1.374446785196,49.314818023563));
#3157 = CARTESIAN_POINT('',(1.570796326795,49.314818023544));
#3158 = ( GEOMETRIC_REPRESENTATION_CONTEXT(2) 
PARAMETRIC_REPRESENTATION_CONTEXT() REPRESENTATION_CONTEXT('2D SPACE',''
  ) );
#3159 = ADVANCED_FACE('',(#3160),#2082,.T.);
#3160 = FACE_BOUND('',#3161,.F.);
#3161 = EDGE_LOOP('',(#3162,#3163,#3183));
#3162 = ORIENTED_EDGE('',*,*,#2066,.F.);
#3163 = ORIENTED_EDGE('',*,*,#3164,.T.);
#3164 = EDGE_CURVE('',#2067,#3025,#3165,.T.);
#3165 = SURFACE_CURVE('',#3166,(#3171,#3177),.PCURVE_S1.);
#3166 = CIRCLE('',#3167,1.);
#3167 = AXIS2_PLACEMENT_3D('',#3168,#3169,#3170);
#3168 = CARTESIAN_POINT('',(185.5,151.62131881113,52.342974269698));
#3169 = DIRECTION('',(1.,-1.836970198721E-16,6.123233995737E-17));
#3170 = DIRECTION('',(-6.123233995737E-17,1.124819836996E-32,1.));
#3171 = PCURVE('',#2082,#3172);
#3172 = DEFINITIONAL_REPRESENTATION('',(#3173),#3176);
#3173 = B_SPLINE_CURVE_WITH_KNOTS('',1,(#3174,#3175),.UNSPECIFIED.,.F.,
  .F.,(2,2),(4.712388980385,6.28318530718),.PIECEWISE_BEZIER_KNOTS.);
#3174 = CARTESIAN_POINT('',(-1.570796326795,-1.570796326795));
#3175 = CARTESIAN_POINT('',(-1.570796326795,0.));
#3176 = ( GEOMETRIC_REPRESENTATION_CONTEXT(2) 
PARAMETRIC_REPRESENTATION_CONTEXT() REPRESENTATION_CONTEXT('2D SPACE',''
  ) );
#3177 = PCURVE('',#2252,#3178);
#3178 = DEFINITIONAL_REPRESENTATION('',(#3179),#3182);
#3179 = B_SPLINE_CURVE_WITH_KNOTS('',1,(#3180,#3181),.UNSPECIFIED.,.F.,
  .F.,(2,2),(4.712388980385,6.28318530718),.PIECEWISE_BEZIER_KNOTS.);
#3180 = CARTESIAN_POINT('',(0.,3.));
#3181 = CARTESIAN_POINT('',(-1.570796326795,3.));
#3182 = ( GEOMETRIC_REPRESENTATION_CONTEXT(2) 
PARAMETRIC_REPRESENTATION_CONTEXT() REPRESENTATION_CONTEXT('2D SPACE',''
  ) );
#3183 = ORIENTED_EDGE('',*,*,#3024,.F.);
#3184 = ADVANCED_FACE('',(#3185),#2164,.T.);
#3185 = FACE_BOUND('',#3186,.T.);
#3186 = EDGE_LOOP('',(#3187,#3212,#3240,#3268,#3291,#3319,#3347,#3375,
    #3396,#3397,#3398,#3399));
#3187 = ORIENTED_EDGE('',*,*,#3188,.T.);
#3188 = EDGE_CURVE('',#3189,#3191,#3193,.T.);
#3189 = VERTEX_POINT('',#3190);
#3190 = CARTESIAN_POINT('',(187.5,123.45654793298,83.954751900795));
#3191 = VERTEX_POINT('',#3192);
#3192 = CARTESIAN_POINT('',(187.5,121.51163004358,83.488220233171));
#3193 = SURFACE_CURVE('',#3194,(#3198,#3205),.PCURVE_S1.);
#3194 = LINE('',#3195,#3196);
#3195 = CARTESIAN_POINT('',(187.5,123.80538940429,84.038429260254));
#3196 = VECTOR('',#3197,1.);
#3197 = DIRECTION('',(-0.,-0.972415503809,-0.233255413552));
#3198 = PCURVE('',#2164,#3199);
#3199 = DEFINITIONAL_REPRESENTATION('',(#3200),#3204);
#3200 = LINE('',#3201,#3202);
#3201 = CARTESIAN_POINT('',(-17.5,46.538429260254));
#3202 = VECTOR('',#3203,1.);
#3203 = DIRECTION('',(-0.972415503809,-0.233255413552));
#3204 = ( GEOMETRIC_REPRESENTATION_CONTEXT(2) 
PARAMETRIC_REPRESENTATION_CONTEXT() REPRESENTATION_CONTEXT('2D SPACE',''
  ) );
#3205 = PCURVE('',#2623,#3206);
#3206 = DEFINITIONAL_REPRESENTATION('',(#3207),#3211);
#3207 = LINE('',#3208,#3209);
#3208 = CARTESIAN_POINT('',(0.141285284422,0.));
#3209 = VECTOR('',#3210,1.);
#3210 = DIRECTION('',(1.,0.));
#3211 = ( GEOMETRIC_REPRESENTATION_CONTEXT(2) 
PARAMETRIC_REPRESENTATION_CONTEXT() REPRESENTATION_CONTEXT('2D SPACE',''
  ) );
#3212 = ORIENTED_EDGE('',*,*,#3213,.T.);
#3213 = EDGE_CURVE('',#3191,#3214,#3216,.T.);
#3214 = VERTEX_POINT('',#3215);
#3215 = CARTESIAN_POINT('',(187.5,134.66278754975,30.860684259848));
#3216 = SURFACE_CURVE('',#3217,(#3221,#3228),.PCURVE_S1.);
#3217 = LINE('',#3218,#3219);
#3218 = CARTESIAN_POINT('',(187.5,121.51048423823,83.492805450277));
#3219 = VECTOR('',#3220,1.);
#3220 = DIRECTION('',(0.,0.242436268024,-0.970167333993));
#3221 = PCURVE('',#2164,#3222);
#3222 = DEFINITIONAL_REPRESENTATION('',(#3223),#3227);
#3223 = LINE('',#3224,#3225);
#3224 = CARTESIAN_POINT('',(-19.79490516606,45.992805450277));
#3225 = VECTOR('',#3226,1.);
#3226 = DIRECTION('',(0.242436268024,-0.970167333993));
#3227 = ( GEOMETRIC_REPRESENTATION_CONTEXT(2) 
PARAMETRIC_REPRESENTATION_CONTEXT() REPRESENTATION_CONTEXT('2D SPACE',''
  ) );
#3228 = PCURVE('',#3229,#3234);
#3229 = CYLINDRICAL_SURFACE('',#3230,0.5);
#3230 = AXIS2_PLACEMENT_3D('',#3231,#3232,#3233);
#3231 = CARTESIAN_POINT('',(187.,121.51048423823,83.492805450277));
#3232 = DIRECTION('',(0.,0.242436268024,-0.970167333993));
#3233 = DIRECTION('',(1.,0.,0.));
#3234 = DEFINITIONAL_REPRESENTATION('',(#3235),#3239);
#3235 = LINE('',#3236,#3237);
#3236 = CARTESIAN_POINT('',(0.,0.));
#3237 = VECTOR('',#3238,1.);
#3238 = DIRECTION('',(0.,1.));
#3239 = ( GEOMETRIC_REPRESENTATION_CONTEXT(2) 
PARAMETRIC_REPRESENTATION_CONTEXT() REPRESENTATION_CONTEXT('2D SPACE',''
  ) );
#3240 = ORIENTED_EDGE('',*,*,#3241,.T.);
#3241 = EDGE_CURVE('',#3214,#3242,#3244,.T.);
#3242 = VERTEX_POINT('',#3243);
#3243 = CARTESIAN_POINT('',(187.5,120.24257672713,3.552713678801E-15));
#3244 = SURFACE_CURVE('',#3245,(#3249,#3256),.PCURVE_S1.);
#3245 = LINE('',#3246,#3247);
#3246 = CARTESIAN_POINT('',(187.5,134.58767544734,30.699936895955));
#3247 = VECTOR('',#3248,1.);
#3248 = DIRECTION('',(-0.,-0.423332794615,-0.905974251844));
#3249 = PCURVE('',#2164,#3250);
#3250 = DEFINITIONAL_REPRESENTATION('',(#3251),#3255);
#3251 = LINE('',#3252,#3253);
#3252 = CARTESIAN_POINT('',(-6.717713956949,-6.800063104045));
#3253 = VECTOR('',#3254,1.);
#3254 = DIRECTION('',(-0.423332794615,-0.905974251844));
#3255 = ( GEOMETRIC_REPRESENTATION_CONTEXT(2) 
PARAMETRIC_REPRESENTATION_CONTEXT() REPRESENTATION_CONTEXT('2D SPACE',''
  ) );
#3256 = PCURVE('',#3257,#3262);
#3257 = CYLINDRICAL_SURFACE('',#3258,0.5);
#3258 = AXIS2_PLACEMENT_3D('',#3259,#3260,#3261);
#3259 = CARTESIAN_POINT('',(187.,134.58767544734,30.699936895955));
#3260 = DIRECTION('',(-0.,-0.423332794615,-0.905974251844));
#3261 = DIRECTION('',(1.,0.,0.));
#3262 = DEFINITIONAL_REPRESENTATION('',(#3263),#3267);
#3263 = LINE('',#3264,#3265);
#3264 = CARTESIAN_POINT('',(0.,0.));
#3265 = VECTOR('',#3266,1.);
#3266 = DIRECTION('',(0.,1.));
#3267 = ( GEOMETRIC_REPRESENTATION_CONTEXT(2) 
PARAMETRIC_REPRESENTATION_CONTEXT() REPRESENTATION_CONTEXT('2D SPACE',''
  ) );
#3268 = ORIENTED_EDGE('',*,*,#3269,.T.);
#3269 = EDGE_CURVE('',#3242,#3270,#3272,.T.);
#3270 = VERTEX_POINT('',#3271);
#3271 = CARTESIAN_POINT('',(187.5,122.45014498409,-8.881784197001E-16));
#3272 = SURFACE_CURVE('',#3273,(#3277,#3284),.PCURVE_S1.);
#3273 = LINE('',#3274,#3275);
#3274 = CARTESIAN_POINT('',(187.5,119.00610351562,0.));
#3275 = VECTOR('',#3276,1.);
#3276 = DIRECTION('',(0.,1.,0.));
#3277 = PCURVE('',#2164,#3278);
#3278 = DEFINITIONAL_REPRESENTATION('',(#3279),#3283);
#3279 = LINE('',#3280,#3281);
#3280 = CARTESIAN_POINT('',(-22.29928588867,-37.5));
#3281 = VECTOR('',#3282,1.);
#3282 = DIRECTION('',(1.,0.));
#3283 = ( GEOMETRIC_REPRESENTATION_CONTEXT(2) 
PARAMETRIC_REPRESENTATION_CONTEXT() REPRESENTATION_CONTEXT('2D SPACE',''
  ) );
#3284 = PCURVE('',#2707,#3285);
#3285 = DEFINITIONAL_REPRESENTATION('',(#3286),#3290);
#3286 = LINE('',#3287,#3288);
#3287 = CARTESIAN_POINT('',(-0.684581147263,0.));
#3288 = VECTOR('',#3289,1.);
#3289 = DIRECTION('',(1.,0.));
#3290 = ( GEOMETRIC_REPRESENTATION_CONTEXT(2) 
PARAMETRIC_REPRESENTATION_CONTEXT() REPRESENTATION_CONTEXT('2D SPACE',''
  ) );
#3291 = ORIENTED_EDGE('',*,*,#3292,.T.);
#3292 = EDGE_CURVE('',#3270,#3293,#3295,.T.);
#3293 = VERTEX_POINT('',#3294);
#3294 = CARTESIAN_POINT('',(187.5,136.77518446307,30.657008126188));
#3295 = SURFACE_CURVE('',#3296,(#3300,#3307),.PCURVE_S1.);
#3296 = LINE('',#3297,#3298);
#3297 = CARTESIAN_POINT('',(187.5,122.54904992241,0.211666397308));
#3298 = VECTOR('',#3299,1.);
#3299 = DIRECTION('',(0.,0.423332794615,0.905974251844));
#3300 = PCURVE('',#2164,#3301);
#3301 = DEFINITIONAL_REPRESENTATION('',(#3302),#3306);
#3302 = LINE('',#3303,#3304);
#3303 = CARTESIAN_POINT('',(-18.75633948187,-37.28833360269));
#3304 = VECTOR('',#3305,1.);
#3305 = DIRECTION('',(0.423332794615,0.905974251844));
#3306 = ( GEOMETRIC_REPRESENTATION_CONTEXT(2) 
PARAMETRIC_REPRESENTATION_CONTEXT() REPRESENTATION_CONTEXT('2D SPACE',''
  ) );
#3307 = PCURVE('',#3308,#3313);
#3308 = CYLINDRICAL_SURFACE('',#3309,0.5);
#3309 = AXIS2_PLACEMENT_3D('',#3310,#3311,#3312);
#3310 = CARTESIAN_POINT('',(187.,122.54904992241,0.211666397308));
#3311 = DIRECTION('',(0.,0.423332794615,0.905974251844));
#3312 = DIRECTION('',(1.,0.,0.));
#3313 = DEFINITIONAL_REPRESENTATION('',(#3314),#3318);
#3314 = LINE('',#3315,#3316);
#3315 = CARTESIAN_POINT('',(0.,0.));
#3316 = VECTOR('',#3317,1.);
#3317 = DIRECTION('',(0.,1.));
#3318 = ( GEOMETRIC_REPRESENTATION_CONTEXT(2) 
PARAMETRIC_REPRESENTATION_CONTEXT() REPRESENTATION_CONTEXT('2D SPACE',''
  ) );
#3319 = ORIENTED_EDGE('',*,*,#3320,.T.);
#3320 = EDGE_CURVE('',#3293,#3321,#3323,.T.);
#3321 = VERTEX_POINT('',#3322);
#3322 = CARTESIAN_POINT('',(187.5,132.20642814618,48.939990997315));
#3323 = SURFACE_CURVE('',#3324,(#3328,#3335),.PCURVE_S1.);
#3324 = LINE('',#3325,#3326);
#3325 = CARTESIAN_POINT('',(187.5,136.81820002441,30.484870958761));
#3326 = VECTOR('',#3327,1.);
#3327 = DIRECTION('',(0.,-0.242436268024,0.970167333993));
#3328 = PCURVE('',#2164,#3329);
#3329 = DEFINITIONAL_REPRESENTATION('',(#3330),#3334);
#3330 = LINE('',#3331,#3332);
#3331 = CARTESIAN_POINT('',(-4.487189379887,-7.015129041239));
#3332 = VECTOR('',#3333,1.);
#3333 = DIRECTION('',(-0.242436268024,0.970167333993));
#3334 = ( GEOMETRIC_REPRESENTATION_CONTEXT(2) 
PARAMETRIC_REPRESENTATION_CONTEXT() REPRESENTATION_CONTEXT('2D SPACE',''
  ) );
#3335 = PCURVE('',#3336,#3341);
#3336 = CYLINDRICAL_SURFACE('',#3337,0.5);
#3337 = AXIS2_PLACEMENT_3D('',#3338,#3339,#3340);
#3338 = CARTESIAN_POINT('',(187.,136.81820002441,30.484870958761));
#3339 = DIRECTION('',(0.,-0.242436268024,0.970167333993));
#3340 = DIRECTION('',(1.,0.,0.));
#3341 = DEFINITIONAL_REPRESENTATION('',(#3342),#3346);
#3342 = LINE('',#3343,#3344);
#3343 = CARTESIAN_POINT('',(0.,0.));
#3344 = VECTOR('',#3345,1.);
#3345 = DIRECTION('',(0.,1.));
#3346 = ( GEOMETRIC_REPRESENTATION_CONTEXT(2) 
PARAMETRIC_REPRESENTATION_CONTEXT() REPRESENTATION_CONTEXT('2D SPACE',''
  ) );
#3347 = ORIENTED_EDGE('',*,*,#3348,.T.);
#3348 = EDGE_CURVE('',#3321,#3349,#3351,.T.);
#3349 = VERTEX_POINT('',#3350);
#3350 = CARTESIAN_POINT('',(187.5,145.81878087825,48.939990997315));
#3351 = SURFACE_CURVE('',#3352,(#3356,#3363),.PCURVE_S1.);
#3352 = LINE('',#3353,#3354);
#3353 = CARTESIAN_POINT('',(187.5,132.84674875093,48.939990997314));
#3354 = VECTOR('',#3355,1.);
#3355 = DIRECTION('',(0.,1.,-1.224646799147E-16));
#3356 = PCURVE('',#2164,#3357);
#3357 = DEFINITIONAL_REPRESENTATION('',(#3358),#3362);
#3358 = LINE('',#3359,#3360);
#3359 = CARTESIAN_POINT('',(-8.458640653365,11.439990997314));
#3360 = VECTOR('',#3361,1.);
#3361 = DIRECTION('',(1.,-1.224646799147E-16));
#3362 = ( GEOMETRIC_REPRESENTATION_CONTEXT(2) 
PARAMETRIC_REPRESENTATION_CONTEXT() REPRESENTATION_CONTEXT('2D SPACE',''
  ) );
#3363 = PCURVE('',#3364,#3369);
#3364 = CYLINDRICAL_SURFACE('',#3365,0.5);
#3365 = AXIS2_PLACEMENT_3D('',#3366,#3367,#3368);
#3366 = CARTESIAN_POINT('',(187.,132.84674875093,48.939990997314));
#3367 = DIRECTION('',(0.,1.,-1.224646799147E-16));
#3368 = DIRECTION('',(1.,0.,0.));
#3369 = DEFINITIONAL_REPRESENTATION('',(#3370),#3374);
#3370 = LINE('',#3371,#3372);
#3371 = CARTESIAN_POINT('',(0.,0.));
#3372 = VECTOR('',#3373,1.);
#3373 = DIRECTION('',(0.,1.));
#3374 = ( GEOMETRIC_REPRESENTATION_CONTEXT(2) 
PARAMETRIC_REPRESENTATION_CONTEXT() REPRESENTATION_CONTEXT('2D SPACE',''
  ) );
#3375 = ORIENTED_EDGE('',*,*,#3376,.T.);
#3376 = EDGE_CURVE('',#3349,#3105,#3377,.T.);
#3377 = SURFACE_CURVE('',#3378,(#3382,#3389),.PCURVE_S1.);
#3378 = LINE('',#3379,#3380);
#3379 = CARTESIAN_POINT('',(187.5,145.89633548619,48.533752105324));
#3380 = VECTOR('',#3381,1.);
#3381 = DIRECTION('',(0.,0.187522216019,-0.982260361869));
#3382 = PCURVE('',#2164,#3383);
#3383 = DEFINITIONAL_REPRESENTATION('',(#3384),#3388);
#3384 = LINE('',#3385,#3386);
#3385 = CARTESIAN_POINT('',(4.590946081894,11.033752105324));
#3386 = VECTOR('',#3387,1.);
#3387 = DIRECTION('',(0.187522216019,-0.982260361869));
#3388 = ( GEOMETRIC_REPRESENTATION_CONTEXT(2) 
PARAMETRIC_REPRESENTATION_CONTEXT() REPRESENTATION_CONTEXT('2D SPACE',''
  ) );
#3389 = PCURVE('',#3142,#3390);
#3390 = DEFINITIONAL_REPRESENTATION('',(#3391),#3395);
#3391 = LINE('',#3392,#3393);
#3392 = CARTESIAN_POINT('',(0.,0.));
#3393 = VECTOR('',#3394,1.);
#3394 = DIRECTION('',(0.,1.));
#3395 = ( GEOMETRIC_REPRESENTATION_CONTEXT(2) 
PARAMETRIC_REPRESENTATION_CONTEXT() REPRESENTATION_CONTEXT('2D SPACE',''
  ) );
#3396 = ORIENTED_EDGE('',*,*,#3104,.T.);
#3397 = ORIENTED_EDGE('',*,*,#2148,.T.);
#3398 = ORIENTED_EDGE('',*,*,#2335,.T.);
#3399 = ORIENTED_EDGE('',*,*,#3400,.T.);
#3400 = EDGE_CURVE('',#2295,#3189,#3401,.T.);
#3401 = SURFACE_CURVE('',#3402,(#3406,#3413),.PCURVE_S1.);
#3402 = LINE('',#3403,#3404);
#3403 = CARTESIAN_POINT('',(187.5,131.61199151878,51.318772863303));
#3404 = VECTOR('',#3405,1.);
#3405 = DIRECTION('',(0.,-0.242436268024,0.970167333993));
#3406 = PCURVE('',#2164,#3407);
#3407 = DEFINITIONAL_REPRESENTATION('',(#3408),#3412);
#3408 = LINE('',#3409,#3410);
#3409 = CARTESIAN_POINT('',(-9.693397885517,13.818772863303));
#3410 = VECTOR('',#3411,1.);
#3411 = DIRECTION('',(-0.242436268024,0.970167333993));
#3412 = ( GEOMETRIC_REPRESENTATION_CONTEXT(2) 
PARAMETRIC_REPRESENTATION_CONTEXT() REPRESENTATION_CONTEXT('2D SPACE',''
  ) );
#3413 = PCURVE('',#2317,#3414);
#3414 = DEFINITIONAL_REPRESENTATION('',(#3415),#3419);
#3415 = LINE('',#3416,#3417);
#3416 = CARTESIAN_POINT('',(0.,0.));
#3417 = VECTOR('',#3418,1.);
#3418 = DIRECTION('',(0.,1.));
#3419 = ( GEOMETRIC_REPRESENTATION_CONTEXT(2) 
PARAMETRIC_REPRESENTATION_CONTEXT() REPRESENTATION_CONTEXT('2D SPACE',''
  ) );
#3420 = ADVANCED_FACE('',(#3421),#2252,.T.);
#3421 = FACE_BOUND('',#3422,.F.);
#3422 = EDGE_LOOP('',(#3423,#3424,#3448,#3469));
#3423 = ORIENTED_EDGE('',*,*,#2238,.F.);
#3424 = ORIENTED_EDGE('',*,*,#3425,.F.);
#3425 = EDGE_CURVE('',#3426,#2216,#3428,.T.);
#3426 = VERTEX_POINT('',#3427);
#3427 = CARTESIAN_POINT('',(187.5,151.62131881113,53.342974269698));
#3428 = SURFACE_CURVE('',#3429,(#3434,#3441),.PCURVE_S1.);
#3429 = CIRCLE('',#3430,1.);
#3430 = AXIS2_PLACEMENT_3D('',#3431,#3432,#3433);
#3431 = CARTESIAN_POINT('',(187.5,151.62131881113,52.342974269698));
#3432 = DIRECTION('',(-1.,1.224646799147E-16,0.));
#3433 = DIRECTION('',(0.,0.,1.));
#3434 = PCURVE('',#2252,#3435);
#3435 = DEFINITIONAL_REPRESENTATION('',(#3436),#3440);
#3436 = LINE('',#3437,#3438);
#3437 = CARTESIAN_POINT('',(-1.570796326795,1.));
#3438 = VECTOR('',#3439,1.);
#3439 = DIRECTION('',(1.,-0.));
#3440 = ( GEOMETRIC_REPRESENTATION_CONTEXT(2) 
PARAMETRIC_REPRESENTATION_CONTEXT() REPRESENTATION_CONTEXT('2D SPACE',''
  ) );
#3441 = PCURVE('',#2377,#3442);
#3442 = DEFINITIONAL_REPRESENTATION('',(#3443),#3447);
#3443 = LINE('',#3444,#3445);
#3444 = CARTESIAN_POINT('',(0.,0.));
#3445 = VECTOR('',#3446,1.);
#3446 = DIRECTION('',(1.,0.));
#3447 = ( GEOMETRIC_REPRESENTATION_CONTEXT(2) 
PARAMETRIC_REPRESENTATION_CONTEXT() REPRESENTATION_CONTEXT('2D SPACE',''
  ) );
#3448 = ORIENTED_EDGE('',*,*,#3449,.T.);
#3449 = EDGE_CURVE('',#3426,#3025,#3450,.T.);
#3450 = SURFACE_CURVE('',#3451,(#3455,#3462),.PCURVE_S1.);
#3451 = LINE('',#3452,#3453);
#3452 = CARTESIAN_POINT('',(188.5,151.62131881113,53.342974269698));
#3453 = VECTOR('',#3454,1.);
#3454 = DIRECTION('',(-1.,1.836970198721E-16,0.));
#3455 = PCURVE('',#2252,#3456);
#3456 = DEFINITIONAL_REPRESENTATION('',(#3457),#3461);
#3457 = LINE('',#3458,#3459);
#3458 = CARTESIAN_POINT('',(-1.570796326795,0.));
#3459 = VECTOR('',#3460,1.);
#3460 = DIRECTION('',(-0.,1.));
#3461 = ( GEOMETRIC_REPRESENTATION_CONTEXT(2) 
PARAMETRIC_REPRESENTATION_CONTEXT() REPRESENTATION_CONTEXT('2D SPACE',''
  ) );
#3462 = PCURVE('',#2567,#3463);
#3463 = DEFINITIONAL_REPRESENTATION('',(#3464),#3468);
#3464 = LINE('',#3465,#3466);
#3465 = CARTESIAN_POINT('',(-11.10520822127,2.));
#3466 = VECTOR('',#3467,1.);
#3467 = DIRECTION('',(-1.836970198721E-16,-1.));
#3468 = ( GEOMETRIC_REPRESENTATION_CONTEXT(2) 
PARAMETRIC_REPRESENTATION_CONTEXT() REPRESENTATION_CONTEXT('2D SPACE',''
  ) );
#3469 = ORIENTED_EDGE('',*,*,#3164,.F.);
#3470 = ADVANCED_FACE('',(#3471),#2317,.T.);
#3471 = FACE_BOUND('',#3472,.T.);
#3472 = EDGE_LOOP('',(#3473,#3474,#3497,#3525));
#3473 = ORIENTED_EDGE('',*,*,#2294,.T.);
#3474 = ORIENTED_EDGE('',*,*,#3475,.T.);
#3475 = EDGE_CURVE('',#2272,#3476,#3478,.T.);
#3476 = VERTEX_POINT('',#3477);
#3477 = CARTESIAN_POINT('',(187.,123.94277740532,84.071384817701));
#3478 = SURFACE_CURVE('',#3479,(#3483,#3490),.PCURVE_S1.);
#3479 = LINE('',#3480,#3481);
#3480 = CARTESIAN_POINT('',(187.,132.09707518577,51.439990997315));
#3481 = VECTOR('',#3482,1.);
#3482 = DIRECTION('',(0.,-0.242436268024,0.970167333993));
#3483 = PCURVE('',#2317,#3484);
#3484 = DEFINITIONAL_REPRESENTATION('',(#3485),#3489);
#3485 = LINE('',#3486,#3487);
#3486 = CARTESIAN_POINT('',(1.570796326795,0.));
#3487 = VECTOR('',#3488,1.);
#3488 = DIRECTION('',(0.,1.));
#3489 = ( GEOMETRIC_REPRESENTATION_CONTEXT(2) 
PARAMETRIC_REPRESENTATION_CONTEXT() REPRESENTATION_CONTEXT('2D SPACE',''
  ) );
#3490 = PCURVE('',#2514,#3491);
#3491 = DEFINITIONAL_REPRESENTATION('',(#3492),#3496);
#3492 = LINE('',#3493,#3494);
#3493 = CARTESIAN_POINT('',(0.,-0.5));
#3494 = VECTOR('',#3495,1.);
#3495 = DIRECTION('',(1.,0.));
#3496 = ( GEOMETRIC_REPRESENTATION_CONTEXT(2) 
PARAMETRIC_REPRESENTATION_CONTEXT() REPRESENTATION_CONTEXT('2D SPACE',''
  ) );
#3497 = ORIENTED_EDGE('',*,*,#3498,.F.);
#3498 = EDGE_CURVE('',#3189,#3476,#3499,.T.);
#3499 = SURFACE_CURVE('',#3500,(#3505,#3518),.PCURVE_S1.);
#3500 = ELLIPSE('',#3501,0.500022336587,0.5);
#3501 = AXIS2_PLACEMENT_3D('',#3502,#3503,#3504);
#3502 = CARTESIAN_POINT('',(187.,123.45654793298,83.954751900795));
#3503 = DIRECTION('',(0.,-0.233255413552,0.972415503809));
#3504 = DIRECTION('',(0.,-0.972415503809,-0.233255413552));
#3505 = PCURVE('',#2317,#3506);
#3506 = DEFINITIONAL_REPRESENTATION('',(#3507),#3517);
#3507 = B_SPLINE_CURVE_WITH_KNOTS('',8,(#3508,#3509,#3510,#3511,#3512,
    #3513,#3514,#3515,#3516),.UNSPECIFIED.,.F.,.F.,(9,9),(1.570796326795
    ,3.14159265359),.PIECEWISE_BEZIER_KNOTS.);
#3508 = CARTESIAN_POINT('',(-6.756766019467E-14,33.639536082068));
#3509 = CARTESIAN_POINT('',(0.196349541599,33.638608092385));
#3510 = CARTESIAN_POINT('',(0.392699082198,33.637680102504));
#3511 = CARTESIAN_POINT('',(0.589048622797,33.636806631461));
#3512 = CARTESIAN_POINT('',(0.785398163393,33.636042188096));
#3513 = CARTESIAN_POINT('',(0.981747703998,33.635434589363));
#3514 = CARTESIAN_POINT('',(1.178097244595,33.635018110072));
#3515 = CARTESIAN_POINT('',(1.374446785196,33.63480986944));
#3516 = CARTESIAN_POINT('',(1.570796326795,33.634809869439));
#3517 = ( GEOMETRIC_REPRESENTATION_CONTEXT(2) 
PARAMETRIC_REPRESENTATION_CONTEXT() REPRESENTATION_CONTEXT('2D SPACE',''
  ) );
#3518 = PCURVE('',#2623,#3519);
#3519 = DEFINITIONAL_REPRESENTATION('',(#3520),#3524);
#3520 = ELLIPSE('',#3521,0.500022336587,0.5);
#3521 = AXIS2_PLACEMENT_2D('',#3522,#3523);
#3522 = CARTESIAN_POINT('',(0.500022336587,-0.5));
#3523 = DIRECTION('',(1.,0.));
#3524 = ( GEOMETRIC_REPRESENTATION_CONTEXT(2) 
PARAMETRIC_REPRESENTATION_CONTEXT() REPRESENTATION_CONTEXT('2D SPACE',''
  ) );
#3525 = ORIENTED_EDGE('',*,*,#3400,.F.);
#3526 = ADVANCED_FACE('',(#3527),#2377,.T.);
#3527 = FACE_BOUND('',#3528,.T.);
#3528 = EDGE_LOOP('',(#3529,#3549,#3550));
#3529 = ORIENTED_EDGE('',*,*,#3530,.F.);
#3530 = EDGE_CURVE('',#2362,#3426,#3531,.T.);
#3531 = SURFACE_CURVE('',#3532,(#3537,#3543),.PCURVE_S1.);
#3532 = CIRCLE('',#3533,1.);
#3533 = AXIS2_PLACEMENT_3D('',#3534,#3535,#3536);
#3534 = CARTESIAN_POINT('',(187.5,151.62131881113,52.342974269698));
#3535 = DIRECTION('',(-1.224646799147E-16,-1.,0.));
#3536 = DIRECTION('',(0.,0.,1.));
#3537 = PCURVE('',#2377,#3538);
#3538 = DEFINITIONAL_REPRESENTATION('',(#3539),#3542);
#3539 = B_SPLINE_CURVE_WITH_KNOTS('',1,(#3540,#3541),.UNSPECIFIED.,.F.,
  .F.,(2,2),(4.712388980385,6.28318530718),.PIECEWISE_BEZIER_KNOTS.);
#3540 = CARTESIAN_POINT('',(0.,-1.570796326795));
#3541 = CARTESIAN_POINT('',(0.,0.));
#3542 = ( GEOMETRIC_REPRESENTATION_CONTEXT(2) 
PARAMETRIC_REPRESENTATION_CONTEXT() REPRESENTATION_CONTEXT('2D SPACE',''
  ) );
#3543 = PCURVE('',#2450,#3544);
#3544 = DEFINITIONAL_REPRESENTATION('',(#3545),#3548);
#3545 = B_SPLINE_CURVE_WITH_KNOTS('',1,(#3546,#3547),.UNSPECIFIED.,.F.,
  .F.,(2,2),(4.712388980385,6.28318530718),.PIECEWISE_BEZIER_KNOTS.);
#3546 = CARTESIAN_POINT('',(0.,19.));
#3547 = CARTESIAN_POINT('',(-1.570796326795,19.));
#3548 = ( GEOMETRIC_REPRESENTATION_CONTEXT(2) 
PARAMETRIC_REPRESENTATION_CONTEXT() REPRESENTATION_CONTEXT('2D SPACE',''
  ) );
#3549 = ORIENTED_EDGE('',*,*,#2361,.T.);
#3550 = ORIENTED_EDGE('',*,*,#3425,.F.);
#3551 = ADVANCED_FACE('',(#3552),#2450,.T.);
#3552 = FACE_BOUND('',#3553,.F.);
#3553 = EDGE_LOOP('',(#3554,#3574,#3595,#3596));
#3554 = ORIENTED_EDGE('',*,*,#3555,.T.);
#3555 = EDGE_CURVE('',#2414,#2552,#3556,.T.);
#3556 = SURFACE_CURVE('',#3557,(#3562,#3568),.PCURVE_S1.);
#3557 = CIRCLE('',#3558,1.);
#3558 = AXIS2_PLACEMENT_3D('',#3559,#3560,#3561);
#3559 = CARTESIAN_POINT('',(187.5,133.62131881113,52.342974269698));
#3560 = DIRECTION('',(-1.224646799147E-16,-1.,0.));
#3561 = DIRECTION('',(0.,0.,1.));
#3562 = PCURVE('',#2450,#3563);
#3563 = DEFINITIONAL_REPRESENTATION('',(#3564),#3567);
#3564 = B_SPLINE_CURVE_WITH_KNOTS('',1,(#3565,#3566),.UNSPECIFIED.,.F.,
  .F.,(2,2),(4.712388980385,6.28318530718),.PIECEWISE_BEZIER_KNOTS.);
#3565 = CARTESIAN_POINT('',(0.,1.));
#3566 = CARTESIAN_POINT('',(-1.570796326795,1.));
#3567 = ( GEOMETRIC_REPRESENTATION_CONTEXT(2) 
PARAMETRIC_REPRESENTATION_CONTEXT() REPRESENTATION_CONTEXT('2D SPACE',''
  ) );
#3568 = PCURVE('',#2482,#3569);
#3569 = DEFINITIONAL_REPRESENTATION('',(#3570),#3573);
#3570 = B_SPLINE_CURVE_WITH_KNOTS('',1,(#3571,#3572),.UNSPECIFIED.,.F.,
  .F.,(2,2),(4.712388980385,6.28318530718),.PIECEWISE_BEZIER_KNOTS.);
#3571 = CARTESIAN_POINT('',(0.,-1.570796326795));
#3572 = CARTESIAN_POINT('',(0.,0.));
#3573 = ( GEOMETRIC_REPRESENTATION_CONTEXT(2) 
PARAMETRIC_REPRESENTATION_CONTEXT() REPRESENTATION_CONTEXT('2D SPACE',''
  ) );
#3574 = ORIENTED_EDGE('',*,*,#3575,.T.);
#3575 = EDGE_CURVE('',#2552,#3426,#3576,.T.);
#3576 = SURFACE_CURVE('',#3577,(#3581,#3588),.PCURVE_S1.);
#3577 = LINE('',#3578,#3579);
#3578 = CARTESIAN_POINT('',(187.5,132.62131881113,53.342974269698));
#3579 = VECTOR('',#3580,1.);
#3580 = DIRECTION('',(1.224646799147E-16,1.,0.));
#3581 = PCURVE('',#2450,#3582);
#3582 = DEFINITIONAL_REPRESENTATION('',(#3583),#3587);
#3583 = LINE('',#3584,#3585);
#3584 = CARTESIAN_POINT('',(-1.570796326795,0.));
#3585 = VECTOR('',#3586,1.);
#3586 = DIRECTION('',(-0.,1.));
#3587 = ( GEOMETRIC_REPRESENTATION_CONTEXT(2) 
PARAMETRIC_REPRESENTATION_CONTEXT() REPRESENTATION_CONTEXT('2D SPACE',''
  ) );
#3588 = PCURVE('',#2567,#3589);
#3589 = DEFINITIONAL_REPRESENTATION('',(#3590),#3594);
#3590 = LINE('',#3591,#3592);
#3591 = CARTESIAN_POINT('',(7.894791778725,1.));
#3592 = VECTOR('',#3593,1.);
#3593 = DIRECTION('',(-1.,1.224646799147E-16));
#3594 = ( GEOMETRIC_REPRESENTATION_CONTEXT(2) 
PARAMETRIC_REPRESENTATION_CONTEXT() REPRESENTATION_CONTEXT('2D SPACE',''
  ) );
#3595 = ORIENTED_EDGE('',*,*,#3530,.F.);
#3596 = ORIENTED_EDGE('',*,*,#2436,.F.);
#3597 = ADVANCED_FACE('',(#3598),#2482,.T.);
#3598 = FACE_BOUND('',#3599,.F.);
#3599 = EDGE_LOOP('',(#3600,#3601,#3602));
#3600 = ORIENTED_EDGE('',*,*,#3555,.F.);
#3601 = ORIENTED_EDGE('',*,*,#2468,.T.);
#3602 = ORIENTED_EDGE('',*,*,#2579,.F.);
#3603 = ADVANCED_FACE('',(#3604),#2514,.T.);
#3604 = FACE_BOUND('',#3605,.T.);
#3605 = EDGE_LOOP('',(#3606,#3607,#3608,#3629));
#3606 = ORIENTED_EDGE('',*,*,#2500,.T.);
#3607 = ORIENTED_EDGE('',*,*,#2910,.T.);
#3608 = ORIENTED_EDGE('',*,*,#3609,.F.);
#3609 = EDGE_CURVE('',#3476,#2881,#3610,.T.);
#3610 = SURFACE_CURVE('',#3611,(#3615,#3622),.PCURVE_S1.);
#3611 = LINE('',#3612,#3613);
#3612 = CARTESIAN_POINT('',(187.5,123.94277740532,84.071384817701));
#3613 = VECTOR('',#3614,1.);
#3614 = DIRECTION('',(-1.,0.,0.));
#3615 = PCURVE('',#2514,#3616);
#3616 = DEFINITIONAL_REPRESENTATION('',(#3617),#3621);
#3617 = LINE('',#3618,#3619);
#3618 = CARTESIAN_POINT('',(33.634809869439,0.));
#3619 = VECTOR('',#3620,1.);
#3620 = DIRECTION('',(0.,-1.));
#3621 = ( GEOMETRIC_REPRESENTATION_CONTEXT(2) 
PARAMETRIC_REPRESENTATION_CONTEXT() REPRESENTATION_CONTEXT('2D SPACE',''
  ) );
#3622 = PCURVE('',#2623,#3623);
#3623 = DEFINITIONAL_REPRESENTATION('',(#3624),#3628);
#3624 = LINE('',#3625,#3626);
#3625 = CARTESIAN_POINT('',(-0.,0.));
#3626 = VECTOR('',#3627,1.);
#3627 = DIRECTION('',(0.,-1.));
#3628 = ( GEOMETRIC_REPRESENTATION_CONTEXT(2) 
PARAMETRIC_REPRESENTATION_CONTEXT() REPRESENTATION_CONTEXT('2D SPACE',''
  ) );
#3629 = ORIENTED_EDGE('',*,*,#3475,.F.);
#3630 = ADVANCED_FACE('',(#3631),#2567,.T.);
#3631 = FACE_BOUND('',#3632,.T.);
#3632 = EDGE_LOOP('',(#3633,#3634,#3635,#3636));
#3633 = ORIENTED_EDGE('',*,*,#3048,.T.);
#3634 = ORIENTED_EDGE('',*,*,#2551,.T.);
#3635 = ORIENTED_EDGE('',*,*,#3575,.T.);
#3636 = ORIENTED_EDGE('',*,*,#3449,.T.);
#3637 = ADVANCED_FACE('',(#3638),#2623,.T.);
#3638 = FACE_BOUND('',#3639,.T.);
#3639 = EDGE_LOOP('',(#3640,#3641,#3642,#3643,#3677,#3705,#3737,#3738));
#3640 = ORIENTED_EDGE('',*,*,#3609,.T.);
#3641 = ORIENTED_EDGE('',*,*,#2880,.T.);
#3642 = ORIENTED_EDGE('',*,*,#2605,.T.);
#3643 = ORIENTED_EDGE('',*,*,#3644,.F.);
#3644 = EDGE_CURVE('',#3645,#2608,#3647,.T.);
#3645 = VERTEX_POINT('',#3646);
#3646 = CARTESIAN_POINT('',(186.,121.02540057124,83.371587316265));
#3647 = SURFACE_CURVE('',#3648,(#3653,#3664),.PCURVE_S1.);
#3648 = ELLIPSE('',#3649,0.500022336587,0.5);
#3649 = AXIS2_PLACEMENT_3D('',#3650,#3651,#3652);
#3650 = CARTESIAN_POINT('',(186.,121.51163004358,83.488220233171));
#3651 = DIRECTION('',(0.,0.233255413552,-0.972415503809));
#3652 = DIRECTION('',(0.,0.972415503809,0.233255413552));
#3653 = PCURVE('',#2623,#3654);
#3654 = DEFINITIONAL_REPRESENTATION('',(#3655),#3663);
#3655 = ( BOUNDED_CURVE() B_SPLINE_CURVE(2,(#3656,#3657,#3658,#3659,
#3660,#3661,#3662),.UNSPECIFIED.,.T.,.F.) B_SPLINE_CURVE_WITH_KNOTS((1,2
    ,2,2,2,1),(-2.094395102393,0.,2.094395102393,4.188790204786,
6.28318530718,8.377580409573),.UNSPECIFIED.) CURVE() 
GEOMETRIC_REPRESENTATION_ITEM() RATIONAL_B_SPLINE_CURVE((1.,0.5,1.,0.5,
1.,0.5,1.)) REPRESENTATION_ITEM('') );
#3656 = CARTESIAN_POINT('',(2.000089346348,-1.5));
#3657 = CARTESIAN_POINT('',(2.000089346348,-0.633974596216));
#3658 = CARTESIAN_POINT('',(2.750122851228,-1.066987298108));
#3659 = CARTESIAN_POINT('',(3.500156356108,-1.5));
#3660 = CARTESIAN_POINT('',(2.750122851228,-1.933012701892));
#3661 = CARTESIAN_POINT('',(2.000089346348,-2.366025403784));
#3662 = CARTESIAN_POINT('',(2.000089346348,-1.5));
#3663 = ( GEOMETRIC_REPRESENTATION_CONTEXT(2) 
PARAMETRIC_REPRESENTATION_CONTEXT() REPRESENTATION_CONTEXT('2D SPACE',''
  ) );
#3664 = PCURVE('',#2651,#3665);
#3665 = DEFINITIONAL_REPRESENTATION('',(#3666),#3676);
#3666 = B_SPLINE_CURVE_WITH_KNOTS('',8,(#3667,#3668,#3669,#3670,#3671,
    #3672,#3673,#3674,#3675),.UNSPECIFIED.,.F.,.F.,(9,9),(3.14159265359,
    4.712388980385),.PIECEWISE_BEZIER_KNOTS.);
#3667 = CARTESIAN_POINT('',(-1.072424127694E-14,-7.105429720705E-15));
#3668 = CARTESIAN_POINT('',(0.196349541599,9.208842142414E-13));
#3669 = CARTESIAN_POINT('',(0.3926990822,2.082405972195E-04));
#3670 = CARTESIAN_POINT('',(0.589048622793,6.247200198466E-04));
#3671 = CARTESIAN_POINT('',(0.785398163401,1.23231858632E-03));
#3672 = CARTESIAN_POINT('',(0.981747703994,1.996762159601E-03));
#3673 = CARTESIAN_POINT('',(1.178097244597,2.870233047125E-03));
#3674 = CARTESIAN_POINT('',(1.374446785196,3.798222945722E-03));
#3675 = CARTESIAN_POINT('',(1.570796326795,4.726212628911E-03));
#3676 = ( GEOMETRIC_REPRESENTATION_CONTEXT(2) 
PARAMETRIC_REPRESENTATION_CONTEXT() REPRESENTATION_CONTEXT('2D SPACE',''
  ) );
#3677 = ORIENTED_EDGE('',*,*,#3678,.F.);
#3678 = EDGE_CURVE('',#3679,#3645,#3681,.T.);
#3679 = VERTEX_POINT('',#3680);
#3680 = CARTESIAN_POINT('',(187.,121.02540057124,83.371587316265));
#3681 = SURFACE_CURVE('',#3682,(#3686,#3693),.PCURVE_S1.);
#3682 = LINE('',#3683,#3684);
#3683 = CARTESIAN_POINT('',(187.5,121.02540057124,83.371587316265));
#3684 = VECTOR('',#3685,1.);
#3685 = DIRECTION('',(-1.,0.,0.));
#3686 = PCURVE('',#2623,#3687);
#3687 = DEFINITIONAL_REPRESENTATION('',(#3688),#3692);
#3688 = LINE('',#3689,#3690);
#3689 = CARTESIAN_POINT('',(3.000134019521,0.));
#3690 = VECTOR('',#3691,1.);
#3691 = DIRECTION('',(0.,-1.));
#3692 = ( GEOMETRIC_REPRESENTATION_CONTEXT(2) 
PARAMETRIC_REPRESENTATION_CONTEXT() REPRESENTATION_CONTEXT('2D SPACE',''
  ) );
#3693 = PCURVE('',#3694,#3699);
#3694 = PLANE('',#3695);
#3695 = AXIS2_PLACEMENT_3D('',#3696,#3697,#3698);
#3696 = CARTESIAN_POINT('',(187.5,121.02540057124,83.371587316265));
#3697 = DIRECTION('',(0.,-0.970167333993,-0.242436268024));
#3698 = DIRECTION('',(0.,0.242436268024,-0.970167333993));
#3699 = DEFINITIONAL_REPRESENTATION('',(#3700),#3704);
#3700 = LINE('',#3701,#3702);
#3701 = CARTESIAN_POINT('',(0.,0.));
#3702 = VECTOR('',#3703,1.);
#3703 = DIRECTION('',(0.,-1.));
#3704 = ( GEOMETRIC_REPRESENTATION_CONTEXT(2) 
PARAMETRIC_REPRESENTATION_CONTEXT() REPRESENTATION_CONTEXT('2D SPACE',''
  ) );
#3705 = ORIENTED_EDGE('',*,*,#3706,.F.);
#3706 = EDGE_CURVE('',#3191,#3679,#3707,.T.);
#3707 = SURFACE_CURVE('',#3708,(#3713,#3724),.PCURVE_S1.);
#3708 = ELLIPSE('',#3709,0.500022336587,0.5);
#3709 = AXIS2_PLACEMENT_3D('',#3710,#3711,#3712);
#3710 = CARTESIAN_POINT('',(187.,121.51163004358,83.488220233171));
#3711 = DIRECTION('',(0.,0.233255413552,-0.972415503809));
#3712 = DIRECTION('',(0.,0.972415503809,0.233255413552));
#3713 = PCURVE('',#2623,#3714);
#3714 = DEFINITIONAL_REPRESENTATION('',(#3715),#3723);
#3715 = ( BOUNDED_CURVE() B_SPLINE_CURVE(2,(#3716,#3717,#3718,#3719,
#3720,#3721,#3722),.UNSPECIFIED.,.T.,.F.) B_SPLINE_CURVE_WITH_KNOTS((1,2
    ,2,2,2,1),(-2.094395102393,0.,2.094395102393,4.188790204786,
6.28318530718,8.377580409573),.UNSPECIFIED.) CURVE() 
GEOMETRIC_REPRESENTATION_ITEM() RATIONAL_B_SPLINE_CURVE((1.,0.5,1.,0.5,
1.,0.5,1.)) REPRESENTATION_ITEM('') );
#3716 = CARTESIAN_POINT('',(2.000089346348,-0.5));
#3717 = CARTESIAN_POINT('',(2.000089346348,0.366025403784));
#3718 = CARTESIAN_POINT('',(2.750122851228,-6.698729810778E-02));
#3719 = CARTESIAN_POINT('',(3.500156356108,-0.5));
#3720 = CARTESIAN_POINT('',(2.750122851228,-0.933012701892));
#3721 = CARTESIAN_POINT('',(2.000089346348,-1.366025403784));
#3722 = CARTESIAN_POINT('',(2.000089346348,-0.5));
#3723 = ( GEOMETRIC_REPRESENTATION_CONTEXT(2) 
PARAMETRIC_REPRESENTATION_CONTEXT() REPRESENTATION_CONTEXT('2D SPACE',''
  ) );
#3724 = PCURVE('',#3229,#3725);
#3725 = DEFINITIONAL_REPRESENTATION('',(#3726),#3736);
#3726 = B_SPLINE_CURVE_WITH_KNOTS('',8,(#3727,#3728,#3729,#3730,#3731,
    #3732,#3733,#3734,#3735),.UNSPECIFIED.,.F.,.F.,(9,9),(1.570796326795
    ,3.14159265359),.PIECEWISE_BEZIER_KNOTS.);
#3727 = CARTESIAN_POINT('',(-6.756766019467E-14,4.726212628911E-03));
#3728 = CARTESIAN_POINT('',(0.196349541599,3.798222945722E-03));
#3729 = CARTESIAN_POINT('',(0.392699082199,2.870233047125E-03));
#3730 = CARTESIAN_POINT('',(0.589048622795,1.996762159604E-03));
#3731 = CARTESIAN_POINT('',(0.785398163399,1.232318586323E-03));
#3732 = CARTESIAN_POINT('',(0.981747703995,6.247200198386E-04));
#3733 = CARTESIAN_POINT('',(1.178097244596,2.082405972192E-04));
#3734 = CARTESIAN_POINT('',(1.374446785196,9.208844415333E-13));
#3735 = CARTESIAN_POINT('',(1.570796326795,-7.105429720706E-15));
#3736 = ( GEOMETRIC_REPRESENTATION_CONTEXT(2) 
PARAMETRIC_REPRESENTATION_CONTEXT() REPRESENTATION_CONTEXT('2D SPACE',''
  ) );
#3737 = ORIENTED_EDGE('',*,*,#3188,.F.);
#3738 = ORIENTED_EDGE('',*,*,#3498,.T.);
#3739 = ADVANCED_FACE('',(#3740),#2651,.T.);
#3740 = FACE_BOUND('',#3741,.T.);
#3741 = EDGE_LOOP('',(#3742,#3743,#3744,#3780));
#3742 = ORIENTED_EDGE('',*,*,#3644,.T.);
#3743 = ORIENTED_EDGE('',*,*,#2635,.T.);
#3744 = ORIENTED_EDGE('',*,*,#3745,.F.);
#3745 = EDGE_CURVE('',#3746,#2636,#3748,.T.);
#3746 = VERTEX_POINT('',#3747);
#3747 = CARTESIAN_POINT('',(186.,134.13468832142,30.911603293263));
#3748 = SURFACE_CURVE('',#3749,(#3754,#3767),.PCURVE_S1.);
#3749 = ELLIPSE('',#3750,0.530548341743,0.5);
#3750 = AXIS2_PLACEMENT_3D('',#3751,#3752,#3753);
#3751 = CARTESIAN_POINT('',(186.,134.66278754975,30.860684259848));
#3752 = DIRECTION('',(-0.,-9.597435220996E-02,-0.995383807241));
#3753 = DIRECTION('',(0.,-0.995383807241,9.597435220996E-02));
#3754 = PCURVE('',#2651,#3755);
#3755 = DEFINITIONAL_REPRESENTATION('',(#3756),#3766);
#3756 = B_SPLINE_CURVE_WITH_KNOTS('',8,(#3757,#3758,#3759,#3760,#3761,
    #3762,#3763,#3764,#3765),.UNSPECIFIED.,.F.,.F.,(9,9),(0.,
    1.570796326795),.PIECEWISE_BEZIER_KNOTS.);
#3757 = CARTESIAN_POINT('',(0.,54.073129639506));
#3758 = CARTESIAN_POINT('',(0.196349541599,54.073129639541));
#3759 = CARTESIAN_POINT('',(0.392699082198,54.080947360169));
#3760 = CARTESIAN_POINT('',(0.589048622801,54.096582734841));
#3761 = CARTESIAN_POINT('',(0.785398163391,54.119393060711));
#3762 = CARTESIAN_POINT('',(0.981747704,54.148091625597));
#3763 = CARTESIAN_POINT('',(1.178097244595,54.180883269277));
#3764 = CARTESIAN_POINT('',(1.374446785196,54.215721652928));
#3765 = CARTESIAN_POINT('',(1.570796326795,54.250560028466));
#3766 = ( GEOMETRIC_REPRESENTATION_CONTEXT(2) 
PARAMETRIC_REPRESENTATION_CONTEXT() REPRESENTATION_CONTEXT('2D SPACE',''
  ) );
#3767 = PCURVE('',#2679,#3768);
#3768 = DEFINITIONAL_REPRESENTATION('',(#3769),#3779);
#3769 = B_SPLINE_CURVE_WITH_KNOTS('',8,(#3770,#3771,#3772,#3773,#3774,
    #3775,#3776,#3777,#3778),.UNSPECIFIED.,.F.,.F.,(9,9),(0.,
    1.570796326795),.PIECEWISE_BEZIER_KNOTS.);
#3770 = CARTESIAN_POINT('',(0.,-1.06089979428E-13));
#3771 = CARTESIAN_POINT('',(0.196349541599,-3.494446542887E-11));
#3772 = CARTESIAN_POINT('',(0.392699082199,-7.817720671098E-03));
#3773 = CARTESIAN_POINT('',(0.589048622797,-2.345309549447E-02));
#3774 = CARTESIAN_POINT('',(0.785398163401,-4.626342131798E-02));
#3775 = CARTESIAN_POINT('',(0.981747703995,-7.49619863656E-02));
#3776 = CARTESIAN_POINT('',(1.178097244596,-0.107753629798));
#3777 = CARTESIAN_POINT('',(1.374446785196,-0.142592013422));
#3778 = CARTESIAN_POINT('',(1.570796326795,-0.17743038896));
#3779 = ( GEOMETRIC_REPRESENTATION_CONTEXT(2) 
PARAMETRIC_REPRESENTATION_CONTEXT() REPRESENTATION_CONTEXT('2D SPACE',''
  ) );
#3780 = ORIENTED_EDGE('',*,*,#3781,.F.);
#3781 = EDGE_CURVE('',#3645,#3746,#3782,.T.);
#3782 = SURFACE_CURVE('',#3783,(#3787,#3794),.PCURVE_S1.);
#3783 = LINE('',#3784,#3785);
#3784 = CARTESIAN_POINT('',(186.,121.02540057124,83.371587316265));
#3785 = VECTOR('',#3786,1.);
#3786 = DIRECTION('',(0.,0.242436268024,-0.970167333993));
#3787 = PCURVE('',#2651,#3788);
#3788 = DEFINITIONAL_REPRESENTATION('',(#3789),#3793);
#3789 = LINE('',#3790,#3791);
#3790 = CARTESIAN_POINT('',(0.,0.));
#3791 = VECTOR('',#3792,1.);
#3792 = DIRECTION('',(0.,1.));
#3793 = ( GEOMETRIC_REPRESENTATION_CONTEXT(2) 
PARAMETRIC_REPRESENTATION_CONTEXT() REPRESENTATION_CONTEXT('2D SPACE',''
  ) );
#3794 = PCURVE('',#3694,#3795);
#3795 = DEFINITIONAL_REPRESENTATION('',(#3796),#3800);
#3796 = LINE('',#3797,#3798);
#3797 = CARTESIAN_POINT('',(0.,-1.5));
#3798 = VECTOR('',#3799,1.);
#3799 = DIRECTION('',(1.,0.));
#3800 = ( GEOMETRIC_REPRESENTATION_CONTEXT(2) 
PARAMETRIC_REPRESENTATION_CONTEXT() REPRESENTATION_CONTEXT('2D SPACE',''
  ) );
#3801 = ADVANCED_FACE('',(#3802),#2679,.T.);
#3802 = FACE_BOUND('',#3803,.T.);
#3803 = EDGE_LOOP('',(#3804,#3805,#3806,#3836));
#3804 = ORIENTED_EDGE('',*,*,#3745,.T.);
#3805 = ORIENTED_EDGE('',*,*,#2663,.T.);
#3806 = ORIENTED_EDGE('',*,*,#3807,.F.);
#3807 = EDGE_CURVE('',#3808,#2664,#3810,.T.);
#3808 = VERTEX_POINT('',#3809);
#3809 = CARTESIAN_POINT('',(186.,119.69068466288,-1.7763568394E-14));
#3810 = SURFACE_CURVE('',#3811,(#3816,#3829),.PCURVE_S1.);
#3811 = ELLIPSE('',#3812,0.551892064242,0.5);
#3812 = AXIS2_PLACEMENT_3D('',#3813,#3814,#3815);
#3813 = CARTESIAN_POINT('',(186.,120.24257672713,3.552713678801E-15));
#3814 = DIRECTION('',(-0.,-0.,-1.));
#3815 = DIRECTION('',(0.,-1.,0.));
#3816 = PCURVE('',#2679,#3817);
#3817 = DEFINITIONAL_REPRESENTATION('',(#3818),#3828);
#3818 = B_SPLINE_CURVE_WITH_KNOTS('',8,(#3819,#3820,#3821,#3822,#3823,
    #3824,#3825,#3826,#3827),.UNSPECIFIED.,.F.,.F.,(9,9),(0.,
    1.570796326795),.PIECEWISE_BEZIER_KNOTS.);
#3819 = CARTESIAN_POINT('',(-1.072424133381E-14,34.119737101096));
#3820 = CARTESIAN_POINT('',(0.196349541599,34.11973710105));
#3821 = CARTESIAN_POINT('',(0.392699082197,34.109443005247));
#3822 = CARTESIAN_POINT('',(0.589048622801,34.0888549011));
#3823 = CARTESIAN_POINT('',(0.785398163393,34.058819077443));
#3824 = CARTESIAN_POINT('',(0.981747704001,34.021029830197));
#3825 = CARTESIAN_POINT('',(1.178097244595,33.977850963347));
#3826 = CARTESIAN_POINT('',(1.374446785196,33.931977021957));
#3827 = CARTESIAN_POINT('',(1.570796326795,33.886103091215));
#3828 = ( GEOMETRIC_REPRESENTATION_CONTEXT(2) 
PARAMETRIC_REPRESENTATION_CONTEXT() REPRESENTATION_CONTEXT('2D SPACE',''
  ) );
#3829 = PCURVE('',#2707,#3830);
#3830 = DEFINITIONAL_REPRESENTATION('',(#3831),#3835);
#3831 = ELLIPSE('',#3832,0.551892064242,0.5);
#3832 = AXIS2_PLACEMENT_2D('',#3833,#3834);
#3833 = CARTESIAN_POINT('',(0.551892064242,-1.5));
#3834 = DIRECTION('',(-1.,-0.));
#3835 = ( GEOMETRIC_REPRESENTATION_CONTEXT(2) 
PARAMETRIC_REPRESENTATION_CONTEXT() REPRESENTATION_CONTEXT('2D SPACE',''
  ) );
#3836 = ORIENTED_EDGE('',*,*,#3837,.F.);
#3837 = EDGE_CURVE('',#3746,#3808,#3838,.T.);
#3838 = SURFACE_CURVE('',#3839,(#3843,#3850),.PCURVE_S1.);
#3839 = LINE('',#3840,#3841);
#3840 = CARTESIAN_POINT('',(186.,134.13468832142,30.911603293263));
#3841 = VECTOR('',#3842,1.);
#3842 = DIRECTION('',(-0.,-0.423332794615,-0.905974251844));
#3843 = PCURVE('',#2679,#3844);
#3844 = DEFINITIONAL_REPRESENTATION('',(#3845),#3849);
#3845 = LINE('',#3846,#3847);
#3846 = CARTESIAN_POINT('',(0.,0.));
#3847 = VECTOR('',#3848,1.);
#3848 = DIRECTION('',(0.,1.));
#3849 = ( GEOMETRIC_REPRESENTATION_CONTEXT(2) 
PARAMETRIC_REPRESENTATION_CONTEXT() REPRESENTATION_CONTEXT('2D SPACE',''
  ) );
#3850 = PCURVE('',#3851,#3856);
#3851 = PLANE('',#3852);
#3852 = AXIS2_PLACEMENT_3D('',#3853,#3854,#3855);
#3853 = CARTESIAN_POINT('',(187.5,134.13468832142,30.911603293263));
#3854 = DIRECTION('',(0.,-0.905974251844,0.423332794615));
#3855 = DIRECTION('',(-0.,-0.423332794615,-0.905974251844));
#3856 = DEFINITIONAL_REPRESENTATION('',(#3857),#3861);
#3857 = LINE('',#3858,#3859);
#3858 = CARTESIAN_POINT('',(-1.42108547152E-14,-1.5));
#3859 = VECTOR('',#3860,1.);
#3860 = DIRECTION('',(1.,0.));
#3861 = ( GEOMETRIC_REPRESENTATION_CONTEXT(2) 
PARAMETRIC_REPRESENTATION_CONTEXT() REPRESENTATION_CONTEXT('2D SPACE',''
  ) );
#3862 = ADVANCED_FACE('',(#3863),#2707,.T.);
#3863 = FACE_BOUND('',#3864,.T.);
#3864 = EDGE_LOOP('',(#3865,#3888,#3889,#3890,#3924,#3952,#3984,#3985));
#3865 = ORIENTED_EDGE('',*,*,#3866,.T.);
#3866 = EDGE_CURVE('',#3867,#3808,#3869,.T.);
#3867 = VERTEX_POINT('',#3868);
#3868 = CARTESIAN_POINT('',(187.,119.69068466288,-1.7763568394E-14));
#3869 = SURFACE_CURVE('',#3870,(#3874,#3881),.PCURVE_S1.);
#3870 = LINE('',#3871,#3872);
#3871 = CARTESIAN_POINT('',(187.5,119.69068466288,0.));
#3872 = VECTOR('',#3873,1.);
#3873 = DIRECTION('',(-1.,0.,0.));
#3874 = PCURVE('',#2707,#3875);
#3875 = DEFINITIONAL_REPRESENTATION('',(#3876),#3880);
#3876 = LINE('',#3877,#3878);
#3877 = CARTESIAN_POINT('',(0.,0.));
#3878 = VECTOR('',#3879,1.);
#3879 = DIRECTION('',(0.,-1.));
#3880 = ( GEOMETRIC_REPRESENTATION_CONTEXT(2) 
PARAMETRIC_REPRESENTATION_CONTEXT() REPRESENTATION_CONTEXT('2D SPACE',''
  ) );
#3881 = PCURVE('',#3851,#3882);
#3882 = DEFINITIONAL_REPRESENTATION('',(#3883),#3887);
#3883 = LINE('',#3884,#3885);
#3884 = CARTESIAN_POINT('',(34.119737101096,0.));
#3885 = VECTOR('',#3886,1.);
#3886 = DIRECTION('',(0.,-1.));
#3887 = ( GEOMETRIC_REPRESENTATION_CONTEXT(2) 
PARAMETRIC_REPRESENTATION_CONTEXT() REPRESENTATION_CONTEXT('2D SPACE',''
  ) );
#3888 = ORIENTED_EDGE('',*,*,#3807,.T.);
#3889 = ORIENTED_EDGE('',*,*,#2691,.T.);
#3890 = ORIENTED_EDGE('',*,*,#3891,.F.);
#3891 = EDGE_CURVE('',#3892,#2692,#3894,.T.);
#3892 = VERTEX_POINT('',#3893);
#3893 = CARTESIAN_POINT('',(186.,123.00203704834,9.964251646011E-15));
#3894 = SURFACE_CURVE('',#3895,(#3900,#3911),.PCURVE_S1.);
#3895 = ELLIPSE('',#3896,0.551892064242,0.5);
#3896 = AXIS2_PLACEMENT_3D('',#3897,#3898,#3899);
#3897 = CARTESIAN_POINT('',(186.,122.45014498409,0.));
#3898 = DIRECTION('',(0.,-0.,1.));
#3899 = DIRECTION('',(0.,1.,0.));
#3900 = PCURVE('',#2707,#3901);
#3901 = DEFINITIONAL_REPRESENTATION('',(#3902),#3910);
#3902 = ( BOUNDED_CURVE() B_SPLINE_CURVE(2,(#3903,#3904,#3905,#3906,
#3907,#3908,#3909),.UNSPECIFIED.,.T.,.F.) B_SPLINE_CURVE_WITH_KNOTS((1,2
    ,2,2,2,1),(-2.094395102393,0.,2.094395102393,4.188790204786,
6.28318530718,8.377580409573),.UNSPECIFIED.) CURVE() 
GEOMETRIC_REPRESENTATION_ITEM() RATIONAL_B_SPLINE_CURVE((1.,0.5,1.,0.5,
1.,0.5,1.)) REPRESENTATION_ITEM('') );
#3903 = CARTESIAN_POINT('',(3.311352385452,-1.5));
#3904 = CARTESIAN_POINT('',(3.311352385452,-2.366025403784));
#3905 = CARTESIAN_POINT('',(2.483514289089,-1.933012701892));
#3906 = CARTESIAN_POINT('',(1.655676192726,-1.5));
#3907 = CARTESIAN_POINT('',(2.483514289089,-1.066987298108));
#3908 = CARTESIAN_POINT('',(3.311352385452,-0.633974596216));
#3909 = CARTESIAN_POINT('',(3.311352385452,-1.5));
#3910 = ( GEOMETRIC_REPRESENTATION_CONTEXT(2) 
PARAMETRIC_REPRESENTATION_CONTEXT() REPRESENTATION_CONTEXT('2D SPACE',''
  ) );
#3911 = PCURVE('',#2735,#3912);
#3912 = DEFINITIONAL_REPRESENTATION('',(#3913),#3923);
#3913 = B_SPLINE_CURVE_WITH_KNOTS('',8,(#3914,#3915,#3916,#3917,#3918,
    #3919,#3920,#3921,#3922),.UNSPECIFIED.,.F.,.F.,(9,9),(0.,
    1.570796326795),.PIECEWISE_BEZIER_KNOTS.);
#3914 = CARTESIAN_POINT('',(-1.072424133381E-14,-7.105310540708E-15));
#3915 = CARTESIAN_POINT('',(0.196349541599,-4.588103593596E-11));
#3916 = CARTESIAN_POINT('',(0.392699082199,-1.029409583773E-02));
#3917 = CARTESIAN_POINT('',(0.589048622795,-3.088219992375E-02));
#3918 = CARTESIAN_POINT('',(0.785398163395,-6.091802366439E-02));
#3919 = CARTESIAN_POINT('',(0.981747703995,-9.87072708669E-02));
#3920 = CARTESIAN_POINT('',(1.178097244596,-0.141886137749));
#3921 = CARTESIAN_POINT('',(1.374446785196,-0.187760079139));
#3922 = CARTESIAN_POINT('',(1.570796326795,-0.233634009881));
#3923 = ( GEOMETRIC_REPRESENTATION_CONTEXT(2) 
PARAMETRIC_REPRESENTATION_CONTEXT() REPRESENTATION_CONTEXT('2D SPACE',''
  ) );
#3924 = ORIENTED_EDGE('',*,*,#3925,.F.);
#3925 = EDGE_CURVE('',#3926,#3892,#3928,.T.);
#3926 = VERTEX_POINT('',#3927);
#3927 = CARTESIAN_POINT('',(187.,123.00203704834,9.964251646011E-15));
#3928 = SURFACE_CURVE('',#3929,(#3933,#3940),.PCURVE_S1.);
#3929 = LINE('',#3930,#3931);
#3930 = CARTESIAN_POINT('',(187.5,123.00203704834,0.));
#3931 = VECTOR('',#3932,1.);
#3932 = DIRECTION('',(-1.,0.,0.));
#3933 = PCURVE('',#2707,#3934);
#3934 = DEFINITIONAL_REPRESENTATION('',(#3935),#3939);
#3935 = LINE('',#3936,#3937);
#3936 = CARTESIAN_POINT('',(3.311352385452,0.));
#3937 = VECTOR('',#3938,1.);
#3938 = DIRECTION('',(0.,-1.));
#3939 = ( GEOMETRIC_REPRESENTATION_CONTEXT(2) 
PARAMETRIC_REPRESENTATION_CONTEXT() REPRESENTATION_CONTEXT('2D SPACE',''
  ) );
#3940 = PCURVE('',#3941,#3946);
#3941 = PLANE('',#3942);
#3942 = AXIS2_PLACEMENT_3D('',#3943,#3944,#3945);
#3943 = CARTESIAN_POINT('',(187.5,123.00203704834,0.));
#3944 = DIRECTION('',(0.,0.905974251844,-0.423332794615));
#3945 = DIRECTION('',(0.,0.423332794615,0.905974251844));
#3946 = DEFINITIONAL_REPRESENTATION('',(#3947),#3951);
#3947 = LINE('',#3948,#3949);
#3948 = CARTESIAN_POINT('',(0.,0.));
#3949 = VECTOR('',#3950,1.);
#3950 = DIRECTION('',(0.,-1.));
#3951 = ( GEOMETRIC_REPRESENTATION_CONTEXT(2) 
PARAMETRIC_REPRESENTATION_CONTEXT() REPRESENTATION_CONTEXT('2D SPACE',''
  ) );
#3952 = ORIENTED_EDGE('',*,*,#3953,.F.);
#3953 = EDGE_CURVE('',#3270,#3926,#3954,.T.);
#3954 = SURFACE_CURVE('',#3955,(#3960,#3971),.PCURVE_S1.);
#3955 = ELLIPSE('',#3956,0.551892064242,0.5);
#3956 = AXIS2_PLACEMENT_3D('',#3957,#3958,#3959);
#3957 = CARTESIAN_POINT('',(187.,122.45014498409,0.));
#3958 = DIRECTION('',(0.,-0.,1.));
#3959 = DIRECTION('',(0.,1.,0.));
#3960 = PCURVE('',#2707,#3961);
#3961 = DEFINITIONAL_REPRESENTATION('',(#3962),#3970);
#3962 = ( BOUNDED_CURVE() B_SPLINE_CURVE(2,(#3963,#3964,#3965,#3966,
#3967,#3968,#3969),.UNSPECIFIED.,.T.,.F.) B_SPLINE_CURVE_WITH_KNOTS((1,2
    ,2,2,2,1),(-2.094395102393,0.,2.094395102393,4.188790204786,
6.28318530718,8.377580409573),.UNSPECIFIED.) CURVE() 
GEOMETRIC_REPRESENTATION_ITEM() RATIONAL_B_SPLINE_CURVE((1.,0.5,1.,0.5,
1.,0.5,1.)) REPRESENTATION_ITEM('') );
#3963 = CARTESIAN_POINT('',(3.311352385452,-0.5));
#3964 = CARTESIAN_POINT('',(3.311352385452,-1.366025403784));
#3965 = CARTESIAN_POINT('',(2.483514289089,-0.933012701892));
#3966 = CARTESIAN_POINT('',(1.655676192726,-0.5));
#3967 = CARTESIAN_POINT('',(2.483514289089,-6.698729810778E-02));
#3968 = CARTESIAN_POINT('',(3.311352385452,0.366025403784));
#3969 = CARTESIAN_POINT('',(3.311352385452,-0.5));
#3970 = ( GEOMETRIC_REPRESENTATION_CONTEXT(2) 
PARAMETRIC_REPRESENTATION_CONTEXT() REPRESENTATION_CONTEXT('2D SPACE',''
  ) );
#3971 = PCURVE('',#3308,#3972);
#3972 = DEFINITIONAL_REPRESENTATION('',(#3973),#3983);
#3973 = B_SPLINE_CURVE_WITH_KNOTS('',8,(#3974,#3975,#3976,#3977,#3978,
    #3979,#3980,#3981,#3982),.UNSPECIFIED.,.F.,.F.,(9,9),(4.712388980385
    ,6.28318530718),.PIECEWISE_BEZIER_KNOTS.);
#3974 = CARTESIAN_POINT('',(1.769746809691E-14,-0.233634009881));
#3975 = CARTESIAN_POINT('',(0.196349541599,-0.187760079139));
#3976 = CARTESIAN_POINT('',(0.392699082197,-0.141886137749));
#3977 = CARTESIAN_POINT('',(0.589048622803,-9.870727086681E-02));
#3978 = CARTESIAN_POINT('',(0.785398163386,-6.091802366419E-02));
#3979 = CARTESIAN_POINT('',(0.981747704001,-3.088219992344E-02));
#3980 = CARTESIAN_POINT('',(1.178097244594,-1.029409583774E-02));
#3981 = CARTESIAN_POINT('',(1.374446785196,-4.588105096746E-11));
#3982 = CARTESIAN_POINT('',(1.570796326795,-7.105310540631E-15));
#3983 = ( GEOMETRIC_REPRESENTATION_CONTEXT(2) 
PARAMETRIC_REPRESENTATION_CONTEXT() REPRESENTATION_CONTEXT('2D SPACE',''
  ) );
#3984 = ORIENTED_EDGE('',*,*,#3269,.F.);
#3985 = ORIENTED_EDGE('',*,*,#3986,.T.);
#3986 = EDGE_CURVE('',#3242,#3867,#3987,.T.);
#3987 = SURFACE_CURVE('',#3988,(#3993,#4000),.PCURVE_S1.);
#3988 = ELLIPSE('',#3989,0.551892064242,0.5);
#3989 = AXIS2_PLACEMENT_3D('',#3990,#3991,#3992);
#3990 = CARTESIAN_POINT('',(187.,120.24257672713,3.552713678801E-15));
#3991 = DIRECTION('',(-0.,-0.,-1.));
#3992 = DIRECTION('',(0.,-1.,0.));
#3993 = PCURVE('',#2707,#3994);
#3994 = DEFINITIONAL_REPRESENTATION('',(#3995),#3999);
#3995 = ELLIPSE('',#3996,0.551892064242,0.5);
#3996 = AXIS2_PLACEMENT_2D('',#3997,#3998);
#3997 = CARTESIAN_POINT('',(0.551892064242,-0.5));
#3998 = DIRECTION('',(-1.,-0.));
#3999 = ( GEOMETRIC_REPRESENTATION_CONTEXT(2) 
PARAMETRIC_REPRESENTATION_CONTEXT() REPRESENTATION_CONTEXT('2D SPACE',''
  ) );
#4000 = PCURVE('',#3257,#4001);
#4001 = DEFINITIONAL_REPRESENTATION('',(#4002),#4012);
#4002 = B_SPLINE_CURVE_WITH_KNOTS('',8,(#4003,#4004,#4005,#4006,#4007,
    #4008,#4009,#4010,#4011),.UNSPECIFIED.,.F.,.F.,(9,9),(4.712388980385
    ,6.28318530718),.PIECEWISE_BEZIER_KNOTS.);
#4003 = CARTESIAN_POINT('',(-1.072424133381E-14,33.886103091215));
#4004 = CARTESIAN_POINT('',(0.196349541599,33.931977021957));
#4005 = CARTESIAN_POINT('',(0.392699082199,33.977850963314));
#4006 = CARTESIAN_POINT('',(0.589048622796,34.021029830343));
#4007 = CARTESIAN_POINT('',(0.785398163399,34.05881907724));
#4008 = CARTESIAN_POINT('',(0.981747703996,34.08885490126));
#4009 = CARTESIAN_POINT('',(1.178097244596,34.109443005247));
#4010 = CARTESIAN_POINT('',(1.374446785196,34.11973710105));
#4011 = CARTESIAN_POINT('',(1.570796326795,34.119737101096));
#4012 = ( GEOMETRIC_REPRESENTATION_CONTEXT(2) 
PARAMETRIC_REPRESENTATION_CONTEXT() REPRESENTATION_CONTEXT('2D SPACE',''
  ) );
#4013 = ADVANCED_FACE('',(#4014),#2735,.T.);
#4014 = FACE_BOUND('',#4015,.T.);
#4015 = EDGE_LOOP('',(#4016,#4017,#4018,#4054));
#4016 = ORIENTED_EDGE('',*,*,#3891,.T.);
#4017 = ORIENTED_EDGE('',*,*,#2719,.T.);
#4018 = ORIENTED_EDGE('',*,*,#4019,.F.);
#4019 = EDGE_CURVE('',#4020,#2720,#4022,.T.);
#4020 = VERTEX_POINT('',#4021);
#4021 = CARTESIAN_POINT('',(186.,137.3032836914,30.606089092773));
#4022 = SURFACE_CURVE('',#4023,(#4028,#4041),.PCURVE_S1.);
#4023 = ELLIPSE('',#4024,0.530548341743,0.5);
#4024 = AXIS2_PLACEMENT_3D('',#4025,#4026,#4027);
#4025 = CARTESIAN_POINT('',(186.,136.77518446307,30.657008126188));
#4026 = DIRECTION('',(-0.,9.597435220996E-02,0.995383807241));
#4027 = DIRECTION('',(0.,-0.995383807241,9.597435220996E-02));
#4028 = PCURVE('',#2735,#4029);
#4029 = DEFINITIONAL_REPRESENTATION('',(#4030),#4040);
#4030 = B_SPLINE_CURVE_WITH_KNOTS('',8,(#4031,#4032,#4033,#4034,#4035,
    #4036,#4037,#4038,#4039),.UNSPECIFIED.,.F.,.F.,(9,9),(3.14159265359,
    4.712388980385),.PIECEWISE_BEZIER_KNOTS.);
#4031 = CARTESIAN_POINT('',(0.,33.78251537557));
#4032 = CARTESIAN_POINT('',(0.196349541599,33.782515375535));
#4033 = CARTESIAN_POINT('',(0.392699082199,33.774697654833));
#4034 = CARTESIAN_POINT('',(0.589048622797,33.759062280224));
#4035 = CARTESIAN_POINT('',(0.785398163397,33.736251953844));
#4036 = CARTESIAN_POINT('',(0.981747703997,33.707553389395));
#4037 = CARTESIAN_POINT('',(1.178097244596,33.674761745708));
#4038 = CARTESIAN_POINT('',(1.374446785196,33.639923362147));
#4039 = CARTESIAN_POINT('',(1.570796326795,33.605084986609));
#4040 = ( GEOMETRIC_REPRESENTATION_CONTEXT(2) 
PARAMETRIC_REPRESENTATION_CONTEXT() REPRESENTATION_CONTEXT('2D SPACE',''
  ) );
#4041 = PCURVE('',#2763,#4042);
#4042 = DEFINITIONAL_REPRESENTATION('',(#4043),#4053);
#4043 = B_SPLINE_CURVE_WITH_KNOTS('',8,(#4044,#4045,#4046,#4047,#4048,
    #4049,#4050,#4051,#4052),.UNSPECIFIED.,.F.,.F.,(9,9),(3.14159265359,
    4.712388980385),.PIECEWISE_BEZIER_KNOTS.);
#4044 = CARTESIAN_POINT('',(0.,5.991145691728E-15));
#4045 = CARTESIAN_POINT('',(0.196349541599,3.484436521121E-11));
#4046 = CARTESIAN_POINT('',(0.392699082199,7.817720671005E-03));
#4047 = CARTESIAN_POINT('',(0.589048622795,2.345309549391E-02));
#4048 = CARTESIAN_POINT('',(0.785398163399,4.626342131831E-02));
#4049 = CARTESIAN_POINT('',(0.981747703995,7.496198636493E-02));
#4050 = CARTESIAN_POINT('',(1.178097244596,0.107753629798));
#4051 = CARTESIAN_POINT('',(1.374446785196,0.142592013422));
#4052 = CARTESIAN_POINT('',(1.570796326795,0.17743038896));
#4053 = ( GEOMETRIC_REPRESENTATION_CONTEXT(2) 
PARAMETRIC_REPRESENTATION_CONTEXT() REPRESENTATION_CONTEXT('2D SPACE',''
  ) );
#4054 = ORIENTED_EDGE('',*,*,#4055,.F.);
#4055 = EDGE_CURVE('',#3892,#4020,#4056,.T.);
#4056 = SURFACE_CURVE('',#4057,(#4061,#4068),.PCURVE_S1.);
#4057 = LINE('',#4058,#4059);
#4058 = CARTESIAN_POINT('',(186.,123.00203704834,3.524958103185E-15));
#4059 = VECTOR('',#4060,1.);
#4060 = DIRECTION('',(0.,0.423332794615,0.905974251844));
#4061 = PCURVE('',#2735,#4062);
#4062 = DEFINITIONAL_REPRESENTATION('',(#4063),#4067);
#4063 = LINE('',#4064,#4065);
#4064 = CARTESIAN_POINT('',(0.,0.));
#4065 = VECTOR('',#4066,1.);
#4066 = DIRECTION('',(0.,1.));
#4067 = ( GEOMETRIC_REPRESENTATION_CONTEXT(2) 
PARAMETRIC_REPRESENTATION_CONTEXT() REPRESENTATION_CONTEXT('2D SPACE',''
  ) );
#4068 = PCURVE('',#3941,#4069);
#4069 = DEFINITIONAL_REPRESENTATION('',(#4070),#4074);
#4070 = LINE('',#4071,#4072);
#4071 = CARTESIAN_POINT('',(-7.105427357601E-15,-1.5));
#4072 = VECTOR('',#4073,1.);
#4073 = DIRECTION('',(1.,0.));
#4074 = ( GEOMETRIC_REPRESENTATION_CONTEXT(2) 
PARAMETRIC_REPRESENTATION_CONTEXT() REPRESENTATION_CONTEXT('2D SPACE',''
  ) );
#4075 = ADVANCED_FACE('',(#4076),#2819,.T.);
#4076 = FACE_BOUND('',#4077,.T.);
#4077 = EDGE_LOOP('',(#4078,#4114,#4115,#4116));
#4078 = ORIENTED_EDGE('',*,*,#4079,.T.);
#4079 = EDGE_CURVE('',#4080,#2776,#4082,.T.);
#4080 = VERTEX_POINT('',#4081);
#4081 = CARTESIAN_POINT('',(186.,145.40520530525,48.439990997315));
#4082 = SURFACE_CURVE('',#4083,(#4088,#4101),.PCURVE_S1.);
#4083 = ELLIPSE('',#4084,0.648879614858,0.5);
#4084 = AXIS2_PLACEMENT_3D('',#4085,#4086,#4087);
#4085 = CARTESIAN_POINT('',(186.,145.81878087825,48.939990997314));
#4086 = DIRECTION('',(0.,0.770558958166,-0.6373687253));
#4087 = DIRECTION('',(0.,-0.6373687253,-0.770558958166));
#4088 = PCURVE('',#2819,#4089);
#4089 = DEFINITIONAL_REPRESENTATION('',(#4090),#4100);
#4090 = B_SPLINE_CURVE_WITH_KNOTS('',8,(#4091,#4092,#4093,#4094,#4095,
    #4096,#4097,#4098,#4099),.UNSPECIFIED.,.F.,.F.,(9,9),(
    5.551115123126E-17,1.570796326795),.PIECEWISE_BEZIER_KNOTS.);
#4091 = CARTESIAN_POINT('',(0.,0.));
#4092 = CARTESIAN_POINT('',(0.196349541599,-8.120537847528E-11));
#4093 = CARTESIAN_POINT('',(0.392699082199,-1.82224607913E-02));
#4094 = CARTESIAN_POINT('',(0.589048622797,-5.466722732326E-02));
#4095 = CARTESIAN_POINT('',(0.785398163395,-0.107836211669));
#4096 = CARTESIAN_POINT('',(0.981747703999,-0.174730195009));
#4097 = CARTESIAN_POINT('',(1.178097244595,-0.251164805798));
#4098 = CARTESIAN_POINT('',(1.374446785196,-0.332370198821));
#4099 = CARTESIAN_POINT('',(1.570796326795,-0.413575572995));
#4100 = ( GEOMETRIC_REPRESENTATION_CONTEXT(2) 
PARAMETRIC_REPRESENTATION_CONTEXT() REPRESENTATION_CONTEXT('2D SPACE',''
  ) );
#4101 = PCURVE('',#2791,#4102);
#4102 = DEFINITIONAL_REPRESENTATION('',(#4103),#4113);
#4103 = B_SPLINE_CURVE_WITH_KNOTS('',8,(#4104,#4105,#4106,#4107,#4108,
    #4109,#4110,#4111,#4112),.UNSPECIFIED.,.F.,.F.,(9,9),(
    5.551115123126E-17,1.570796326795),.PIECEWISE_BEZIER_KNOTS.);
#4104 = CARTESIAN_POINT('',(0.,12.558456554324));
#4105 = CARTESIAN_POINT('',(0.196349541599,12.558456554406));
#4106 = CARTESIAN_POINT('',(0.392699082198,12.576679015108));
#4107 = CARTESIAN_POINT('',(0.589048622798,12.613123781637));
#4108 = CARTESIAN_POINT('',(0.785398163393,12.666292765971));
#4109 = CARTESIAN_POINT('',(0.981747703997,12.733186749363));
#4110 = CARTESIAN_POINT('',(1.178097244596,12.80962136012));
#4111 = CARTESIAN_POINT('',(1.374446785196,12.890826753145));
#4112 = CARTESIAN_POINT('',(1.570796326795,12.972032127319));
#4113 = ( GEOMETRIC_REPRESENTATION_CONTEXT(2) 
PARAMETRIC_REPRESENTATION_CONTEXT() REPRESENTATION_CONTEXT('2D SPACE',''
  ) );
#4114 = ORIENTED_EDGE('',*,*,#2803,.T.);
#4115 = ORIENTED_EDGE('',*,*,#2961,.F.);
#4116 = ORIENTED_EDGE('',*,*,#4117,.F.);
#4117 = EDGE_CURVE('',#4080,#2962,#4118,.T.);
#4118 = SURFACE_CURVE('',#4119,(#4123,#4130),.PCURVE_S1.);
#4119 = LINE('',#4120,#4121);
#4120 = CARTESIAN_POINT('',(186.,145.40520530525,48.439990997314));
#4121 = VECTOR('',#4122,1.);
#4122 = DIRECTION('',(0.,0.187522216019,-0.982260361869));
#4123 = PCURVE('',#2819,#4124);
#4124 = DEFINITIONAL_REPRESENTATION('',(#4125),#4129);
#4125 = LINE('',#4126,#4127);
#4126 = CARTESIAN_POINT('',(0.,0.));
#4127 = VECTOR('',#4128,1.);
#4128 = DIRECTION('',(0.,1.));
#4129 = ( GEOMETRIC_REPRESENTATION_CONTEXT(2) 
PARAMETRIC_REPRESENTATION_CONTEXT() REPRESENTATION_CONTEXT('2D SPACE',''
  ) );
#4130 = PCURVE('',#3089,#4131);
#4131 = DEFINITIONAL_REPRESENTATION('',(#4132),#4136);
#4132 = LINE('',#4133,#4134);
#4133 = CARTESIAN_POINT('',(0.,-1.5));
#4134 = VECTOR('',#4135,1.);
#4135 = DIRECTION('',(1.,0.));
#4136 = ( GEOMETRIC_REPRESENTATION_CONTEXT(2) 
PARAMETRIC_REPRESENTATION_CONTEXT() REPRESENTATION_CONTEXT('2D SPACE',''
  ) );
#4137 = ADVANCED_FACE('',(#4138),#2763,.T.);
#4138 = FACE_BOUND('',#4139,.T.);
#4139 = EDGE_LOOP('',(#4140,#4141,#4142,#4178));
#4140 = ORIENTED_EDGE('',*,*,#4019,.T.);
#4141 = ORIENTED_EDGE('',*,*,#2747,.T.);
#4142 = ORIENTED_EDGE('',*,*,#4143,.F.);
#4143 = EDGE_CURVE('',#4144,#2748,#4146,.T.);
#4144 = VERTEX_POINT('',#4145);
#4145 = CARTESIAN_POINT('',(186.,132.84674875093,48.439990997315));
#4146 = SURFACE_CURVE('',#4147,(#4152,#4165),.PCURVE_S1.);
#4147 = ELLIPSE('',#4148,0.812410288505,0.5);
#4148 = AXIS2_PLACEMENT_3D('',#4149,#4150,#4151);
#4149 = CARTESIAN_POINT('',(186.,132.20642814618,48.939990997314));
#4150 = DIRECTION('',(0.,0.615452570056,0.788173923707));
#4151 = DIRECTION('',(0.,0.788173923707,-0.615452570056));
#4152 = PCURVE('',#2763,#4153);
#4153 = DEFINITIONAL_REPRESENTATION('',(#4154),#4164);
#4154 = B_SPLINE_CURVE_WITH_KNOTS('',8,(#4155,#4156,#4157,#4158,#4159,
    #4160,#4161,#4162,#4163),.UNSPECIFIED.,.F.,.F.,(9,9),(0.,
    1.570796326795),.PIECEWISE_BEZIER_KNOTS.);
#4155 = CARTESIAN_POINT('',(0.,18.382294764704));
#4156 = CARTESIAN_POINT('',(0.196349541599,18.38229476483));
#4157 = CARTESIAN_POINT('',(0.392699082198,18.410507787601));
#4158 = CARTESIAN_POINT('',(0.589048622799,18.466933593365));
#4159 = CARTESIAN_POINT('',(0.785398163392,18.549252759258));
#4160 = CARTESIAN_POINT('',(0.981747704,18.652821728661));
#4161 = CARTESIAN_POINT('',(1.178097244595,18.771162025838));
#4162 = CARTESIAN_POINT('',(1.374446785196,18.896888712236));
#4163 = CARTESIAN_POINT('',(1.570796326795,19.022615369455));
#4164 = ( GEOMETRIC_REPRESENTATION_CONTEXT(2) 
PARAMETRIC_REPRESENTATION_CONTEXT() REPRESENTATION_CONTEXT('2D SPACE',''
  ) );
#4165 = PCURVE('',#2791,#4166);
#4166 = DEFINITIONAL_REPRESENTATION('',(#4167),#4177);
#4167 = B_SPLINE_CURVE_WITH_KNOTS('',8,(#4168,#4169,#4170,#4171,#4172,
    #4173,#4174,#4175,#4176),.UNSPECIFIED.,.F.,.F.,(9,9),(0.,
    1.570796326795),.PIECEWISE_BEZIER_KNOTS.);
#4168 = CARTESIAN_POINT('',(0.,0.));
#4169 = CARTESIAN_POINT('',(0.196349541599,-1.257266568994E-10));
#4170 = CARTESIAN_POINT('',(0.392699082199,-2.821302290462E-02));
#4171 = CARTESIAN_POINT('',(0.589048622795,-8.463882865894E-02));
#4172 = CARTESIAN_POINT('',(0.785398163402,-0.166957994568));
#4173 = CARTESIAN_POINT('',(0.981747703992,-0.270526963976));
#4174 = CARTESIAN_POINT('',(1.178097244597,-0.388867261129));
#4175 = CARTESIAN_POINT('',(1.374446785196,-0.514593947532));
#4176 = CARTESIAN_POINT('',(1.570796326795,-0.640320604751));
#4177 = ( GEOMETRIC_REPRESENTATION_CONTEXT(2) 
PARAMETRIC_REPRESENTATION_CONTEXT() REPRESENTATION_CONTEXT('2D SPACE',''
  ) );
#4178 = ORIENTED_EDGE('',*,*,#4179,.F.);
#4179 = EDGE_CURVE('',#4020,#4144,#4180,.T.);
#4180 = SURFACE_CURVE('',#4181,(#4185,#4192),.PCURVE_S1.);
#4181 = LINE('',#4182,#4183);
#4182 = CARTESIAN_POINT('',(186.,137.3032836914,30.606089092773));
#4183 = VECTOR('',#4184,1.);
#4184 = DIRECTION('',(0.,-0.242436268024,0.970167333993));
#4185 = PCURVE('',#2763,#4186);
#4186 = DEFINITIONAL_REPRESENTATION('',(#4187),#4191);
#4187 = LINE('',#4188,#4189);
#4188 = CARTESIAN_POINT('',(0.,0.));
#4189 = VECTOR('',#4190,1.);
#4190 = DIRECTION('',(0.,1.));
#4191 = ( GEOMETRIC_REPRESENTATION_CONTEXT(2) 
PARAMETRIC_REPRESENTATION_CONTEXT() REPRESENTATION_CONTEXT('2D SPACE',''
  ) );
#4192 = PCURVE('',#4193,#4198);
#4193 = PLANE('',#4194);
#4194 = AXIS2_PLACEMENT_3D('',#4195,#4196,#4197);
#4195 = CARTESIAN_POINT('',(187.5,137.3032836914,30.606089092773));
#4196 = DIRECTION('',(0.,0.970167333993,0.242436268024));
#4197 = DIRECTION('',(0.,-0.242436268024,0.970167333993));
#4198 = DEFINITIONAL_REPRESENTATION('',(#4199),#4203);
#4199 = LINE('',#4200,#4201);
#4200 = CARTESIAN_POINT('',(3.552713678801E-15,-1.5));
#4201 = VECTOR('',#4202,1.);
#4202 = DIRECTION('',(1.,0.));
#4203 = ( GEOMETRIC_REPRESENTATION_CONTEXT(2) 
PARAMETRIC_REPRESENTATION_CONTEXT() REPRESENTATION_CONTEXT('2D SPACE',''
  ) );
#4204 = ADVANCED_FACE('',(#4205),#2791,.T.);
#4205 = FACE_BOUND('',#4206,.T.);
#4206 = EDGE_LOOP('',(#4207,#4208,#4209,#4210));
#4207 = ORIENTED_EDGE('',*,*,#4143,.T.);
#4208 = ORIENTED_EDGE('',*,*,#2775,.T.);
#4209 = ORIENTED_EDGE('',*,*,#4079,.F.);
#4210 = ORIENTED_EDGE('',*,*,#4211,.F.);
#4211 = EDGE_CURVE('',#4144,#4080,#4212,.T.);
#4212 = SURFACE_CURVE('',#4213,(#4217,#4224),.PCURVE_S1.);
#4213 = LINE('',#4214,#4215);
#4214 = CARTESIAN_POINT('',(186.,132.84674875093,48.439990997314));
#4215 = VECTOR('',#4216,1.);
#4216 = DIRECTION('',(0.,1.,-1.224646799147E-16));
#4217 = PCURVE('',#2791,#4218);
#4218 = DEFINITIONAL_REPRESENTATION('',(#4219),#4223);
#4219 = LINE('',#4220,#4221);
#4220 = CARTESIAN_POINT('',(0.,0.));
#4221 = VECTOR('',#4222,1.);
#4222 = DIRECTION('',(0.,1.));
#4223 = ( GEOMETRIC_REPRESENTATION_CONTEXT(2) 
PARAMETRIC_REPRESENTATION_CONTEXT() REPRESENTATION_CONTEXT('2D SPACE',''
  ) );
#4224 = PCURVE('',#4225,#4230);
#4225 = PLANE('',#4226);
#4226 = AXIS2_PLACEMENT_3D('',#4227,#4228,#4229);
#4227 = CARTESIAN_POINT('',(187.5,132.84674875093,48.439990997314));
#4228 = DIRECTION('',(0.,-1.224646799147E-16,-1.));
#4229 = DIRECTION('',(0.,1.,-1.224646799147E-16));
#4230 = DEFINITIONAL_REPRESENTATION('',(#4231),#4235);
#4231 = LINE('',#4232,#4233);
#4232 = CARTESIAN_POINT('',(0.,-1.5));
#4233 = VECTOR('',#4234,1.);
#4234 = DIRECTION('',(1.,0.));
#4235 = ( GEOMETRIC_REPRESENTATION_CONTEXT(2) 
PARAMETRIC_REPRESENTATION_CONTEXT() REPRESENTATION_CONTEXT('2D SPACE',''
  ) );
#4236 = ADVANCED_FACE('',(#4237),#3089,.T.);
#4237 = FACE_BOUND('',#4238,.T.);
#4238 = EDGE_LOOP('',(#4239,#4262,#4263,#4264));
#4239 = ORIENTED_EDGE('',*,*,#4240,.T.);
#4240 = EDGE_CURVE('',#4241,#4080,#4243,.T.);
#4241 = VERTEX_POINT('',#4242);
#4242 = CARTESIAN_POINT('',(187.,145.40520530525,48.439990997315));
#4243 = SURFACE_CURVE('',#4244,(#4248,#4255),.PCURVE_S1.);
#4244 = LINE('',#4245,#4246);
#4245 = CARTESIAN_POINT('',(187.5,145.40520530525,48.439990997314));
#4246 = VECTOR('',#4247,1.);
#4247 = DIRECTION('',(-1.,0.,0.));
#4248 = PCURVE('',#3089,#4249);
#4249 = DEFINITIONAL_REPRESENTATION('',(#4250),#4254);
#4250 = LINE('',#4251,#4252);
#4251 = CARTESIAN_POINT('',(0.,0.));
#4252 = VECTOR('',#4253,1.);
#4253 = DIRECTION('',(0.,-1.));
#4254 = ( GEOMETRIC_REPRESENTATION_CONTEXT(2) 
PARAMETRIC_REPRESENTATION_CONTEXT() REPRESENTATION_CONTEXT('2D SPACE',''
  ) );
#4255 = PCURVE('',#4225,#4256);
#4256 = DEFINITIONAL_REPRESENTATION('',(#4257),#4261);
#4257 = LINE('',#4258,#4259);
#4258 = CARTESIAN_POINT('',(12.558456554324,0.));
#4259 = VECTOR('',#4260,1.);
#4260 = DIRECTION('',(0.,-1.));
#4261 = ( GEOMETRIC_REPRESENTATION_CONTEXT(2) 
PARAMETRIC_REPRESENTATION_CONTEXT() REPRESENTATION_CONTEXT('2D SPACE',''
  ) );
#4262 = ORIENTED_EDGE('',*,*,#4117,.T.);
#4263 = ORIENTED_EDGE('',*,*,#3073,.F.);
#4264 = ORIENTED_EDGE('',*,*,#4265,.F.);
#4265 = EDGE_CURVE('',#4241,#3074,#4266,.T.);
#4266 = SURFACE_CURVE('',#4267,(#4271,#4278),.PCURVE_S1.);
#4267 = LINE('',#4268,#4269);
#4268 = CARTESIAN_POINT('',(187.,145.40520530525,48.439990997314));
#4269 = VECTOR('',#4270,1.);
#4270 = DIRECTION('',(0.,0.187522216019,-0.982260361869));
#4271 = PCURVE('',#3089,#4272);
#4272 = DEFINITIONAL_REPRESENTATION('',(#4273),#4277);
#4273 = LINE('',#4274,#4275);
#4274 = CARTESIAN_POINT('',(0.,-0.5));
#4275 = VECTOR('',#4276,1.);
#4276 = DIRECTION('',(1.,0.));
#4277 = ( GEOMETRIC_REPRESENTATION_CONTEXT(2) 
PARAMETRIC_REPRESENTATION_CONTEXT() REPRESENTATION_CONTEXT('2D SPACE',''
  ) );
#4278 = PCURVE('',#3142,#4279);
#4279 = DEFINITIONAL_REPRESENTATION('',(#4280),#4284);
#4280 = LINE('',#4281,#4282);
#4281 = CARTESIAN_POINT('',(1.570796326795,0.));
#4282 = VECTOR('',#4283,1.);
#4283 = DIRECTION('',(0.,1.));
#4284 = ( GEOMETRIC_REPRESENTATION_CONTEXT(2) 
PARAMETRIC_REPRESENTATION_CONTEXT() REPRESENTATION_CONTEXT('2D SPACE',''
  ) );
#4285 = ADVANCED_FACE('',(#4286),#3142,.T.);
#4286 = FACE_BOUND('',#4287,.T.);
#4287 = EDGE_LOOP('',(#4288,#4322,#4323,#4324));
#4288 = ORIENTED_EDGE('',*,*,#4289,.T.);
#4289 = EDGE_CURVE('',#3349,#4241,#4290,.T.);
#4290 = SURFACE_CURVE('',#4291,(#4296,#4309),.PCURVE_S1.);
#4291 = ELLIPSE('',#4292,0.648879614858,0.5);
#4292 = AXIS2_PLACEMENT_3D('',#4293,#4294,#4295);
#4293 = CARTESIAN_POINT('',(187.,145.81878087825,48.939990997314));
#4294 = DIRECTION('',(0.,0.770558958166,-0.6373687253));
#4295 = DIRECTION('',(0.,-0.6373687253,-0.770558958166));
#4296 = PCURVE('',#3142,#4297);
#4297 = DEFINITIONAL_REPRESENTATION('',(#4298),#4308);
#4298 = B_SPLINE_CURVE_WITH_KNOTS('',8,(#4299,#4300,#4301,#4302,#4303,
    #4304,#4305,#4306,#4307),.UNSPECIFIED.,.F.,.F.,(9,9),(4.712388980385
    ,6.28318530718),.PIECEWISE_BEZIER_KNOTS.);
#4299 = CARTESIAN_POINT('',(0.,-0.413575572995));
#4300 = CARTESIAN_POINT('',(0.196349541599,-0.332370198821));
#4301 = CARTESIAN_POINT('',(0.3926990822,-0.251164805798));
#4302 = CARTESIAN_POINT('',(0.589048622797,-0.17473019501));
#4303 = CARTESIAN_POINT('',(0.785398163397,-0.10783621167));
#4304 = CARTESIAN_POINT('',(0.981747703997,-5.466722732371E-02));
#4305 = CARTESIAN_POINT('',(1.178097244596,-1.822246079132E-02));
#4306 = CARTESIAN_POINT('',(1.374446785196,-8.120190316671E-11));
#4307 = CARTESIAN_POINT('',(1.570796326795,3.497409315294E-15));
#4308 = ( GEOMETRIC_REPRESENTATION_CONTEXT(2) 
PARAMETRIC_REPRESENTATION_CONTEXT() REPRESENTATION_CONTEXT('2D SPACE',''
  ) );
#4309 = PCURVE('',#3364,#4310);
#4310 = DEFINITIONAL_REPRESENTATION('',(#4311),#4321);
#4311 = B_SPLINE_CURVE_WITH_KNOTS('',8,(#4312,#4313,#4314,#4315,#4316,
    #4317,#4318,#4319,#4320),.UNSPECIFIED.,.F.,.F.,(9,9),(4.712388980385
    ,6.28318530718),.PIECEWISE_BEZIER_KNOTS.);
#4312 = CARTESIAN_POINT('',(0.,12.972032127319));
#4313 = CARTESIAN_POINT('',(0.196349541599,12.890826753145));
#4314 = CARTESIAN_POINT('',(0.392699082199,12.80962136012));
#4315 = CARTESIAN_POINT('',(0.589048622798,12.733186749327));
#4316 = CARTESIAN_POINT('',(0.785398163396,12.666292765971));
#4317 = CARTESIAN_POINT('',(0.981747703994,12.613123781644));
#4318 = CARTESIAN_POINT('',(1.178097244596,12.576679015106));
#4319 = CARTESIAN_POINT('',(1.374446785196,12.558456554406));
#4320 = CARTESIAN_POINT('',(1.570796326795,12.558456554324));
#4321 = ( GEOMETRIC_REPRESENTATION_CONTEXT(2) 
PARAMETRIC_REPRESENTATION_CONTEXT() REPRESENTATION_CONTEXT('2D SPACE',''
  ) );
#4322 = ORIENTED_EDGE('',*,*,#4265,.T.);
#4323 = ORIENTED_EDGE('',*,*,#3127,.F.);
#4324 = ORIENTED_EDGE('',*,*,#3376,.F.);
#4325 = ADVANCED_FACE('',(#4326),#3229,.T.);
#4326 = FACE_BOUND('',#4327,.T.);
#4327 = EDGE_LOOP('',(#4328,#4329,#4352,#4386));
#4328 = ORIENTED_EDGE('',*,*,#3706,.T.);
#4329 = ORIENTED_EDGE('',*,*,#4330,.T.);
#4330 = EDGE_CURVE('',#3679,#4331,#4333,.T.);
#4331 = VERTEX_POINT('',#4332);
#4332 = CARTESIAN_POINT('',(187.,134.13468832142,30.911603293263));
#4333 = SURFACE_CURVE('',#4334,(#4338,#4345),.PCURVE_S1.);
#4334 = LINE('',#4335,#4336);
#4335 = CARTESIAN_POINT('',(187.,121.02540057124,83.371587316265));
#4336 = VECTOR('',#4337,1.);
#4337 = DIRECTION('',(0.,0.242436268024,-0.970167333993));
#4338 = PCURVE('',#3229,#4339);
#4339 = DEFINITIONAL_REPRESENTATION('',(#4340),#4344);
#4340 = LINE('',#4341,#4342);
#4341 = CARTESIAN_POINT('',(1.570796326795,0.));
#4342 = VECTOR('',#4343,1.);
#4343 = DIRECTION('',(0.,1.));
#4344 = ( GEOMETRIC_REPRESENTATION_CONTEXT(2) 
PARAMETRIC_REPRESENTATION_CONTEXT() REPRESENTATION_CONTEXT('2D SPACE',''
  ) );
#4345 = PCURVE('',#3694,#4346);
#4346 = DEFINITIONAL_REPRESENTATION('',(#4347),#4351);
#4347 = LINE('',#4348,#4349);
#4348 = CARTESIAN_POINT('',(0.,-0.5));
#4349 = VECTOR('',#4350,1.);
#4350 = DIRECTION('',(1.,0.));
#4351 = ( GEOMETRIC_REPRESENTATION_CONTEXT(2) 
PARAMETRIC_REPRESENTATION_CONTEXT() REPRESENTATION_CONTEXT('2D SPACE',''
  ) );
#4352 = ORIENTED_EDGE('',*,*,#4353,.F.);
#4353 = EDGE_CURVE('',#3214,#4331,#4354,.T.);
#4354 = SURFACE_CURVE('',#4355,(#4360,#4373),.PCURVE_S1.);
#4355 = ELLIPSE('',#4356,0.530548341743,0.5);
#4356 = AXIS2_PLACEMENT_3D('',#4357,#4358,#4359);
#4357 = CARTESIAN_POINT('',(187.,134.66278754975,30.860684259848));
#4358 = DIRECTION('',(-0.,-9.597435220996E-02,-0.995383807241));
#4359 = DIRECTION('',(0.,-0.995383807241,9.597435220996E-02));
#4360 = PCURVE('',#3229,#4361);
#4361 = DEFINITIONAL_REPRESENTATION('',(#4362),#4372);
#4362 = B_SPLINE_CURVE_WITH_KNOTS('',8,(#4363,#4364,#4365,#4366,#4367,
    #4368,#4369,#4370,#4371),.UNSPECIFIED.,.F.,.F.,(9,9),(4.712388980385
    ,6.28318530718),.PIECEWISE_BEZIER_KNOTS.);
#4363 = CARTESIAN_POINT('',(0.,54.250560028466));
#4364 = CARTESIAN_POINT('',(0.196349541599,54.215721652928));
#4365 = CARTESIAN_POINT('',(0.392699082198,54.180883269255));
#4366 = CARTESIAN_POINT('',(0.589048622799,54.14809162583));
#4367 = CARTESIAN_POINT('',(0.785398163396,54.11939306042));
#4368 = CARTESIAN_POINT('',(0.981747703999,54.096582735161));
#4369 = CARTESIAN_POINT('',(1.178097244596,54.08094736014));
#4370 = CARTESIAN_POINT('',(1.374446785196,54.073129639541));
#4371 = CARTESIAN_POINT('',(1.570796326795,54.073129639506));
#4372 = ( GEOMETRIC_REPRESENTATION_CONTEXT(2) 
PARAMETRIC_REPRESENTATION_CONTEXT() REPRESENTATION_CONTEXT('2D SPACE',''
  ) );
#4373 = PCURVE('',#3257,#4374);
#4374 = DEFINITIONAL_REPRESENTATION('',(#4375),#4385);
#4375 = B_SPLINE_CURVE_WITH_KNOTS('',8,(#4376,#4377,#4378,#4379,#4380,
    #4381,#4382,#4383,#4384),.UNSPECIFIED.,.F.,.F.,(9,9),(4.712388980385
    ,6.28318530718),.PIECEWISE_BEZIER_KNOTS.);
#4376 = CARTESIAN_POINT('',(0.,-0.17743038896));
#4377 = CARTESIAN_POINT('',(0.196349541599,-0.142592013422));
#4378 = CARTESIAN_POINT('',(0.392699082198,-0.107753629798));
#4379 = CARTESIAN_POINT('',(0.5890486228,-7.496198636559E-02));
#4380 = CARTESIAN_POINT('',(0.785398163393,-4.626342131766E-02));
#4381 = CARTESIAN_POINT('',(0.981747703998,-2.345309549423E-02));
#4382 = CARTESIAN_POINT('',(1.178097244595,-7.817720671094E-03));
#4383 = CARTESIAN_POINT('',(1.374446785196,-3.493258919985E-11));
#4384 = CARTESIAN_POINT('',(1.570796326795,-9.420233492428E-14));
#4385 = ( GEOMETRIC_REPRESENTATION_CONTEXT(2) 
PARAMETRIC_REPRESENTATION_CONTEXT() REPRESENTATION_CONTEXT('2D SPACE',''
  ) );
#4386 = ORIENTED_EDGE('',*,*,#3213,.F.);
#4387 = ADVANCED_FACE('',(#4388),#3257,.T.);
#4388 = FACE_BOUND('',#4389,.T.);
#4389 = EDGE_LOOP('',(#4390,#4391,#4412,#4413));
#4390 = ORIENTED_EDGE('',*,*,#4353,.T.);
#4391 = ORIENTED_EDGE('',*,*,#4392,.T.);
#4392 = EDGE_CURVE('',#4331,#3867,#4393,.T.);
#4393 = SURFACE_CURVE('',#4394,(#4398,#4405),.PCURVE_S1.);
#4394 = LINE('',#4395,#4396);
#4395 = CARTESIAN_POINT('',(187.,134.13468832142,30.911603293263));
#4396 = VECTOR('',#4397,1.);
#4397 = DIRECTION('',(-0.,-0.423332794615,-0.905974251844));
#4398 = PCURVE('',#3257,#4399);
#4399 = DEFINITIONAL_REPRESENTATION('',(#4400),#4404);
#4400 = LINE('',#4401,#4402);
#4401 = CARTESIAN_POINT('',(1.570796326795,0.));
#4402 = VECTOR('',#4403,1.);
#4403 = DIRECTION('',(0.,1.));
#4404 = ( GEOMETRIC_REPRESENTATION_CONTEXT(2) 
PARAMETRIC_REPRESENTATION_CONTEXT() REPRESENTATION_CONTEXT('2D SPACE',''
  ) );
#4405 = PCURVE('',#3851,#4406);
#4406 = DEFINITIONAL_REPRESENTATION('',(#4407),#4411);
#4407 = LINE('',#4408,#4409);
#4408 = CARTESIAN_POINT('',(-1.42108547152E-14,-0.5));
#4409 = VECTOR('',#4410,1.);
#4410 = DIRECTION('',(1.,0.));
#4411 = ( GEOMETRIC_REPRESENTATION_CONTEXT(2) 
PARAMETRIC_REPRESENTATION_CONTEXT() REPRESENTATION_CONTEXT('2D SPACE',''
  ) );
#4412 = ORIENTED_EDGE('',*,*,#3986,.F.);
#4413 = ORIENTED_EDGE('',*,*,#3241,.F.);
#4414 = ADVANCED_FACE('',(#4415),#3308,.T.);
#4415 = FACE_BOUND('',#4416,.T.);
#4416 = EDGE_LOOP('',(#4417,#4418,#4441,#4475));
#4417 = ORIENTED_EDGE('',*,*,#3953,.T.);
#4418 = ORIENTED_EDGE('',*,*,#4419,.T.);
#4419 = EDGE_CURVE('',#3926,#4420,#4422,.T.);
#4420 = VERTEX_POINT('',#4421);
#4421 = CARTESIAN_POINT('',(187.,137.3032836914,30.606089092773));
#4422 = SURFACE_CURVE('',#4423,(#4427,#4434),.PCURVE_S1.);
#4423 = LINE('',#4424,#4425);
#4424 = CARTESIAN_POINT('',(187.,123.00203704834,3.524958103185E-15));
#4425 = VECTOR('',#4426,1.);
#4426 = DIRECTION('',(0.,0.423332794615,0.905974251844));
#4427 = PCURVE('',#3308,#4428);
#4428 = DEFINITIONAL_REPRESENTATION('',(#4429),#4433);
#4429 = LINE('',#4430,#4431);
#4430 = CARTESIAN_POINT('',(1.570796326795,0.));
#4431 = VECTOR('',#4432,1.);
#4432 = DIRECTION('',(0.,1.));
#4433 = ( GEOMETRIC_REPRESENTATION_CONTEXT(2) 
PARAMETRIC_REPRESENTATION_CONTEXT() REPRESENTATION_CONTEXT('2D SPACE',''
  ) );
#4434 = PCURVE('',#3941,#4435);
#4435 = DEFINITIONAL_REPRESENTATION('',(#4436),#4440);
#4436 = LINE('',#4437,#4438);
#4437 = CARTESIAN_POINT('',(-7.105427357601E-15,-0.5));
#4438 = VECTOR('',#4439,1.);
#4439 = DIRECTION('',(1.,0.));
#4440 = ( GEOMETRIC_REPRESENTATION_CONTEXT(2) 
PARAMETRIC_REPRESENTATION_CONTEXT() REPRESENTATION_CONTEXT('2D SPACE',''
  ) );
#4441 = ORIENTED_EDGE('',*,*,#4442,.F.);
#4442 = EDGE_CURVE('',#3293,#4420,#4443,.T.);
#4443 = SURFACE_CURVE('',#4444,(#4449,#4462),.PCURVE_S1.);
#4444 = ELLIPSE('',#4445,0.530548341743,0.5);
#4445 = AXIS2_PLACEMENT_3D('',#4446,#4447,#4448);
#4446 = CARTESIAN_POINT('',(187.,136.77518446307,30.657008126188));
#4447 = DIRECTION('',(-0.,9.597435220996E-02,0.995383807241));
#4448 = DIRECTION('',(0.,-0.995383807241,9.597435220996E-02));
#4449 = PCURVE('',#3308,#4450);
#4450 = DEFINITIONAL_REPRESENTATION('',(#4451),#4461);
#4451 = B_SPLINE_CURVE_WITH_KNOTS('',8,(#4452,#4453,#4454,#4455,#4456,
    #4457,#4458,#4459,#4460),.UNSPECIFIED.,.F.,.F.,(9,9),(1.570796326795
    ,3.14159265359),.PIECEWISE_BEZIER_KNOTS.);
#4452 = CARTESIAN_POINT('',(1.76974680967E-14,33.605084986609));
#4453 = CARTESIAN_POINT('',(0.196349541599,33.639923362147));
#4454 = CARTESIAN_POINT('',(0.392699082197,33.67476174577));
#4455 = CARTESIAN_POINT('',(0.589048622799,33.707553389133));
#4456 = CARTESIAN_POINT('',(0.785398163393,33.736251954222));
#4457 = CARTESIAN_POINT('',(0.981747703997,33.759062279991));
#4458 = CARTESIAN_POINT('',(1.178097244595,33.774697654888));
#4459 = CARTESIAN_POINT('',(1.374446785196,33.782515375535));
#4460 = CARTESIAN_POINT('',(1.570796326795,33.78251537557));
#4461 = ( GEOMETRIC_REPRESENTATION_CONTEXT(2) 
PARAMETRIC_REPRESENTATION_CONTEXT() REPRESENTATION_CONTEXT('2D SPACE',''
  ) );
#4462 = PCURVE('',#3336,#4463);
#4463 = DEFINITIONAL_REPRESENTATION('',(#4464),#4474);
#4464 = B_SPLINE_CURVE_WITH_KNOTS('',8,(#4465,#4466,#4467,#4468,#4469,
    #4470,#4471,#4472,#4473),.UNSPECIFIED.,.F.,.F.,(9,9),(1.570796326795
    ,3.14159265359),.PIECEWISE_BEZIER_KNOTS.);
#4465 = CARTESIAN_POINT('',(0.,0.17743038896));
#4466 = CARTESIAN_POINT('',(0.196349541599,0.142592013422));
#4467 = CARTESIAN_POINT('',(0.392699082199,0.107753629797));
#4468 = CARTESIAN_POINT('',(0.589048622797,7.496198636506E-02));
#4469 = CARTESIAN_POINT('',(0.785398163396,4.626342131823E-02));
#4470 = CARTESIAN_POINT('',(0.981747703997,2.345309549395E-02));
#4471 = CARTESIAN_POINT('',(1.178097244596,7.817720670996E-03));
#4472 = CARTESIAN_POINT('',(1.374446785196,3.484920718423E-11));
#4473 = CARTESIAN_POINT('',(1.570796326795,1.082458577495E-14));
#4474 = ( GEOMETRIC_REPRESENTATION_CONTEXT(2) 
PARAMETRIC_REPRESENTATION_CONTEXT() REPRESENTATION_CONTEXT('2D SPACE',''
  ) );
#4475 = ORIENTED_EDGE('',*,*,#3292,.F.);
#4476 = ADVANCED_FACE('',(#4477),#3336,.T.);
#4477 = FACE_BOUND('',#4478,.T.);
#4478 = EDGE_LOOP('',(#4479,#4480,#4503,#4537));
#4479 = ORIENTED_EDGE('',*,*,#4442,.T.);
#4480 = ORIENTED_EDGE('',*,*,#4481,.T.);
#4481 = EDGE_CURVE('',#4420,#4482,#4484,.T.);
#4482 = VERTEX_POINT('',#4483);
#4483 = CARTESIAN_POINT('',(187.,132.84674875093,48.439990997315));
#4484 = SURFACE_CURVE('',#4485,(#4489,#4496),.PCURVE_S1.);
#4485 = LINE('',#4486,#4487);
#4486 = CARTESIAN_POINT('',(187.,137.3032836914,30.606089092773));
#4487 = VECTOR('',#4488,1.);
#4488 = DIRECTION('',(0.,-0.242436268024,0.970167333993));
#4489 = PCURVE('',#3336,#4490);
#4490 = DEFINITIONAL_REPRESENTATION('',(#4491),#4495);
#4491 = LINE('',#4492,#4493);
#4492 = CARTESIAN_POINT('',(1.570796326795,0.));
#4493 = VECTOR('',#4494,1.);
#4494 = DIRECTION('',(0.,1.));
#4495 = ( GEOMETRIC_REPRESENTATION_CONTEXT(2) 
PARAMETRIC_REPRESENTATION_CONTEXT() REPRESENTATION_CONTEXT('2D SPACE',''
  ) );
#4496 = PCURVE('',#4193,#4497);
#4497 = DEFINITIONAL_REPRESENTATION('',(#4498),#4502);
#4498 = LINE('',#4499,#4500);
#4499 = CARTESIAN_POINT('',(3.552713678801E-15,-0.5));
#4500 = VECTOR('',#4501,1.);
#4501 = DIRECTION('',(1.,0.));
#4502 = ( GEOMETRIC_REPRESENTATION_CONTEXT(2) 
PARAMETRIC_REPRESENTATION_CONTEXT() REPRESENTATION_CONTEXT('2D SPACE',''
  ) );
#4503 = ORIENTED_EDGE('',*,*,#4504,.F.);
#4504 = EDGE_CURVE('',#3321,#4482,#4505,.T.);
#4505 = SURFACE_CURVE('',#4506,(#4511,#4524),.PCURVE_S1.);
#4506 = ELLIPSE('',#4507,0.812410288505,0.5);
#4507 = AXIS2_PLACEMENT_3D('',#4508,#4509,#4510);
#4508 = CARTESIAN_POINT('',(187.,132.20642814618,48.939990997314));
#4509 = DIRECTION('',(0.,0.615452570056,0.788173923707));
#4510 = DIRECTION('',(0.,0.788173923707,-0.615452570056));
#4511 = PCURVE('',#3336,#4512);
#4512 = DEFINITIONAL_REPRESENTATION('',(#4513),#4523);
#4513 = B_SPLINE_CURVE_WITH_KNOTS('',8,(#4514,#4515,#4516,#4517,#4518,
    #4519,#4520,#4521,#4522),.UNSPECIFIED.,.F.,.F.,(9,9),(4.712388980385
    ,6.28318530718),.PIECEWISE_BEZIER_KNOTS.);
#4514 = CARTESIAN_POINT('',(0.,19.022615369455));
#4515 = CARTESIAN_POINT('',(0.196349541599,18.896888712236));
#4516 = CARTESIAN_POINT('',(0.3926990822,18.771162025816));
#4517 = CARTESIAN_POINT('',(0.589048622794,18.652821728632));
#4518 = CARTESIAN_POINT('',(0.785398163402,18.549252759214));
#4519 = CARTESIAN_POINT('',(0.981747703993,18.466933593307));
#4520 = CARTESIAN_POINT('',(1.178097244597,18.410507787587));
#4521 = CARTESIAN_POINT('',(1.374446785196,18.38229476483));
#4522 = CARTESIAN_POINT('',(1.570796326795,18.382294764704));
#4523 = ( GEOMETRIC_REPRESENTATION_CONTEXT(2) 
PARAMETRIC_REPRESENTATION_CONTEXT() REPRESENTATION_CONTEXT('2D SPACE',''
  ) );
#4524 = PCURVE('',#3364,#4525);
#4525 = DEFINITIONAL_REPRESENTATION('',(#4526),#4536);
#4526 = B_SPLINE_CURVE_WITH_KNOTS('',8,(#4527,#4528,#4529,#4530,#4531,
    #4532,#4533,#4534,#4535),.UNSPECIFIED.,.F.,.F.,(9,9),(4.712388980385
    ,6.28318530718),.PIECEWISE_BEZIER_KNOTS.);
#4527 = CARTESIAN_POINT('',(3.486613381627E-15,-0.640320604751));
#4528 = CARTESIAN_POINT('',(0.196349541599,-0.514593947532));
#4529 = CARTESIAN_POINT('',(0.392699082198,-0.388867261129));
#4530 = CARTESIAN_POINT('',(0.589048622798,-0.270526963977));
#4531 = CARTESIAN_POINT('',(0.785398163395,-0.166957994567));
#4532 = CARTESIAN_POINT('',(0.981747703997,-8.463882865937E-02));
#4533 = CARTESIAN_POINT('',(1.178097244595,-2.821302290454E-02));
#4534 = CARTESIAN_POINT('',(1.374446785196,-1.257551194854E-10));
#4535 = CARTESIAN_POINT('',(1.570796326795,-2.84213892702E-14));
#4536 = ( GEOMETRIC_REPRESENTATION_CONTEXT(2) 
PARAMETRIC_REPRESENTATION_CONTEXT() REPRESENTATION_CONTEXT('2D SPACE',''
  ) );
#4537 = ORIENTED_EDGE('',*,*,#3320,.F.);
#4538 = ADVANCED_FACE('',(#4539),#3364,.T.);
#4539 = FACE_BOUND('',#4540,.T.);
#4540 = EDGE_LOOP('',(#4541,#4542,#4563,#4564));
#4541 = ORIENTED_EDGE('',*,*,#4504,.T.);
#4542 = ORIENTED_EDGE('',*,*,#4543,.T.);
#4543 = EDGE_CURVE('',#4482,#4241,#4544,.T.);
#4544 = SURFACE_CURVE('',#4545,(#4549,#4556),.PCURVE_S1.);
#4545 = LINE('',#4546,#4547);
#4546 = CARTESIAN_POINT('',(187.,132.84674875093,48.439990997314));
#4547 = VECTOR('',#4548,1.);
#4548 = DIRECTION('',(0.,1.,-1.224646799147E-16));
#4549 = PCURVE('',#3364,#4550);
#4550 = DEFINITIONAL_REPRESENTATION('',(#4551),#4555);
#4551 = LINE('',#4552,#4553);
#4552 = CARTESIAN_POINT('',(1.570796326795,0.));
#4553 = VECTOR('',#4554,1.);
#4554 = DIRECTION('',(0.,1.));
#4555 = ( GEOMETRIC_REPRESENTATION_CONTEXT(2) 
PARAMETRIC_REPRESENTATION_CONTEXT() REPRESENTATION_CONTEXT('2D SPACE',''
  ) );
#4556 = PCURVE('',#4225,#4557);
#4557 = DEFINITIONAL_REPRESENTATION('',(#4558),#4562);
#4558 = LINE('',#4559,#4560);
#4559 = CARTESIAN_POINT('',(0.,-0.5));
#4560 = VECTOR('',#4561,1.);
#4561 = DIRECTION('',(1.,0.));
#4562 = ( GEOMETRIC_REPRESENTATION_CONTEXT(2) 
PARAMETRIC_REPRESENTATION_CONTEXT() REPRESENTATION_CONTEXT('2D SPACE',''
  ) );
#4563 = ORIENTED_EDGE('',*,*,#4289,.F.);
#4564 = ORIENTED_EDGE('',*,*,#3348,.F.);
#4565 = ADVANCED_FACE('',(#4566),#3694,.T.);
#4566 = FACE_BOUND('',#4567,.T.);
#4567 = EDGE_LOOP('',(#4568,#4569,#4570,#4591));
#4568 = ORIENTED_EDGE('',*,*,#3678,.T.);
#4569 = ORIENTED_EDGE('',*,*,#3781,.T.);
#4570 = ORIENTED_EDGE('',*,*,#4571,.F.);
#4571 = EDGE_CURVE('',#4331,#3746,#4572,.T.);
#4572 = SURFACE_CURVE('',#4573,(#4577,#4584),.PCURVE_S1.);
#4573 = LINE('',#4574,#4575);
#4574 = CARTESIAN_POINT('',(187.5,134.13468832142,30.911603293263));
#4575 = VECTOR('',#4576,1.);
#4576 = DIRECTION('',(-1.,0.,0.));
#4577 = PCURVE('',#3694,#4578);
#4578 = DEFINITIONAL_REPRESENTATION('',(#4579),#4583);
#4579 = LINE('',#4580,#4581);
#4580 = CARTESIAN_POINT('',(54.073129639506,0.));
#4581 = VECTOR('',#4582,1.);
#4582 = DIRECTION('',(0.,-1.));
#4583 = ( GEOMETRIC_REPRESENTATION_CONTEXT(2) 
PARAMETRIC_REPRESENTATION_CONTEXT() REPRESENTATION_CONTEXT('2D SPACE',''
  ) );
#4584 = PCURVE('',#3851,#4585);
#4585 = DEFINITIONAL_REPRESENTATION('',(#4586),#4590);
#4586 = LINE('',#4587,#4588);
#4587 = CARTESIAN_POINT('',(-0.,0.));
#4588 = VECTOR('',#4589,1.);
#4589 = DIRECTION('',(0.,-1.));
#4590 = ( GEOMETRIC_REPRESENTATION_CONTEXT(2) 
PARAMETRIC_REPRESENTATION_CONTEXT() REPRESENTATION_CONTEXT('2D SPACE',''
  ) );
#4591 = ORIENTED_EDGE('',*,*,#4330,.F.);
#4592 = ADVANCED_FACE('',(#4593),#3851,.T.);
#4593 = FACE_BOUND('',#4594,.T.);
#4594 = EDGE_LOOP('',(#4595,#4596,#4597,#4598));
#4595 = ORIENTED_EDGE('',*,*,#4571,.T.);
#4596 = ORIENTED_EDGE('',*,*,#3837,.T.);
#4597 = ORIENTED_EDGE('',*,*,#3866,.F.);
#4598 = ORIENTED_EDGE('',*,*,#4392,.F.);
#4599 = ADVANCED_FACE('',(#4600),#3941,.T.);
#4600 = FACE_BOUND('',#4601,.T.);
#4601 = EDGE_LOOP('',(#4602,#4603,#4604,#4625));
#4602 = ORIENTED_EDGE('',*,*,#3925,.T.);
#4603 = ORIENTED_EDGE('',*,*,#4055,.T.);
#4604 = ORIENTED_EDGE('',*,*,#4605,.F.);
#4605 = EDGE_CURVE('',#4420,#4020,#4606,.T.);
#4606 = SURFACE_CURVE('',#4607,(#4611,#4618),.PCURVE_S1.);
#4607 = LINE('',#4608,#4609);
#4608 = CARTESIAN_POINT('',(187.5,137.3032836914,30.606089092773));
#4609 = VECTOR('',#4610,1.);
#4610 = DIRECTION('',(-1.,0.,0.));
#4611 = PCURVE('',#3941,#4612);
#4612 = DEFINITIONAL_REPRESENTATION('',(#4613),#4617);
#4613 = LINE('',#4614,#4615);
#4614 = CARTESIAN_POINT('',(33.78251537557,0.));
#4615 = VECTOR('',#4616,1.);
#4616 = DIRECTION('',(0.,-1.));
#4617 = ( GEOMETRIC_REPRESENTATION_CONTEXT(2) 
PARAMETRIC_REPRESENTATION_CONTEXT() REPRESENTATION_CONTEXT('2D SPACE',''
  ) );
#4618 = PCURVE('',#4193,#4619);
#4619 = DEFINITIONAL_REPRESENTATION('',(#4620),#4624);
#4620 = LINE('',#4621,#4622);
#4621 = CARTESIAN_POINT('',(0.,0.));
#4622 = VECTOR('',#4623,1.);
#4623 = DIRECTION('',(0.,-1.));
#4624 = ( GEOMETRIC_REPRESENTATION_CONTEXT(2) 
PARAMETRIC_REPRESENTATION_CONTEXT() REPRESENTATION_CONTEXT('2D SPACE',''
  ) );
#4625 = ORIENTED_EDGE('',*,*,#4419,.F.);
#4626 = ADVANCED_FACE('',(#4627),#4193,.T.);
#4627 = FACE_BOUND('',#4628,.T.);
#4628 = EDGE_LOOP('',(#4629,#4630,#4631,#4652));
#4629 = ORIENTED_EDGE('',*,*,#4605,.T.);
#4630 = ORIENTED_EDGE('',*,*,#4179,.T.);
#4631 = ORIENTED_EDGE('',*,*,#4632,.F.);
#4632 = EDGE_CURVE('',#4482,#4144,#4633,.T.);
#4633 = SURFACE_CURVE('',#4634,(#4638,#4645),.PCURVE_S1.);
#4634 = LINE('',#4635,#4636);
#4635 = CARTESIAN_POINT('',(187.5,132.84674875093,48.439990997314));
#4636 = VECTOR('',#4637,1.);
#4637 = DIRECTION('',(-1.,0.,0.));
#4638 = PCURVE('',#4193,#4639);
#4639 = DEFINITIONAL_REPRESENTATION('',(#4640),#4644);
#4640 = LINE('',#4641,#4642);
#4641 = CARTESIAN_POINT('',(18.382294764704,0.));
#4642 = VECTOR('',#4643,1.);
#4643 = DIRECTION('',(0.,-1.));
#4644 = ( GEOMETRIC_REPRESENTATION_CONTEXT(2) 
PARAMETRIC_REPRESENTATION_CONTEXT() REPRESENTATION_CONTEXT('2D SPACE',''
  ) );
#4645 = PCURVE('',#4225,#4646);
#4646 = DEFINITIONAL_REPRESENTATION('',(#4647),#4651);
#4647 = LINE('',#4648,#4649);
#4648 = CARTESIAN_POINT('',(0.,0.));
#4649 = VECTOR('',#4650,1.);
#4650 = DIRECTION('',(0.,-1.));
#4651 = ( GEOMETRIC_REPRESENTATION_CONTEXT(2) 
PARAMETRIC_REPRESENTATION_CONTEXT() REPRESENTATION_CONTEXT('2D SPACE',''
  ) );
#4652 = ORIENTED_EDGE('',*,*,#4481,.F.);
#4653 = ADVANCED_FACE('',(#4654),#4225,.T.);
#4654 = FACE_BOUND('',#4655,.T.);
#4655 = EDGE_LOOP('',(#4656,#4657,#4658,#4659));
#4656 = ORIENTED_EDGE('',*,*,#4632,.T.);
#4657 = ORIENTED_EDGE('',*,*,#4211,.T.);
#4658 = ORIENTED_EDGE('',*,*,#4240,.F.);
#4659 = ORIENTED_EDGE('',*,*,#4543,.F.);
#4660 = ( GEOMETRIC_REPRESENTATION_CONTEXT(3) 
GLOBAL_UNCERTAINTY_ASSIGNED_CONTEXT((#4664)) 
GLOBAL_UNIT_ASSIGNED_CONTEXT((#4661,#4662,#4663)) REPRESENTATION_CONTEXT
('Context #1','3D Context with UNIT and UNCERTAINTY') );
#4661 = ( LENGTH_UNIT() NAMED_UNIT(*) SI_UNIT(.MILLI.,.METRE.) );
#4662 = ( NAMED_UNIT(*) PLANE_ANGLE_UNIT() SI_UNIT($,.RADIAN.) );
#4663 = ( NAMED_UNIT(*) SI_UNIT($,.STERADIAN.) SOLID_ANGLE_UNIT() );
#4664 = UNCERTAINTY_MEASURE_WITH_UNIT(LENGTH_MEASURE(2.E-07),#4661,
  'distance_accuracy_value','confusion accuracy');
#4665 = CONTEXT_DEPENDENT_SHAPE_REPRESENTATION(#4666,#4668);
#4666 = ( REPRESENTATION_RELATIONSHIP('','',#1099,#63) 
REPRESENTATION_RELATIONSHIP_WITH_TRANSFORMATION(#4667) 
SHAPE_REPRESENTATION_RELATIONSHIP() );
#4667 = ITEM_DEFINED_TRANSFORMATION('','',#11,#68);
#4668 = PRODUCT_DEFINITION_SHAPE('Placement','Placement of an item',
  #4669);
#4669 = NEXT_ASSEMBLY_USAGE_OCCURRENCE('2','','',#58,#1094,$);
#4670 = PRODUCT_RELATED_PRODUCT_CATEGORY('part',$,(#1096));
#4671 = SHAPE_DEFINITION_REPRESENTATION(#4672,#4678);
#4672 = PRODUCT_DEFINITION_SHAPE('','',#4673);
#4673 = PRODUCT_DEFINITION('design','',#4674,#4677);
#4674 = PRODUCT_DEFINITION_FORMATION('','',#4675);
#4675 = PRODUCT('Open CASCADE STEP translator 8.0 1.1.2',
  'Open CASCADE STEP translator 8.0 1.1.2','',(#4676));
#4676 = PRODUCT_CONTEXT('',#2,'mechanical');
#4677 = PRODUCT_DEFINITION_CONTEXT('part definition',#2,'design');
#4678 = ADVANCED_BREP_SHAPE_REPRESENTATION('',(#11,#4679),#8239);
#4679 = MANIFOLD_SOLID_BREP('',#4680);
#4680 = CLOSED_SHELL('',(#4681,#5098,#5257,#5388,#5441,#5531,#5585,#5639
    ,#5692,#5789,#5843,#5934,#5987,#6041,#6072,#6104,#6180,#6453,#6509,
    #6536,#6598,#6648,#6738,#6763,#6999,#7049,#7105,#7130,#7176,#7182,
    #7209,#7216,#7318,#7380,#7441,#7592,#7654,#7716,#7783,#7815,#7864,
    #7904,#7966,#7993,#8055,#8117,#8144,#8171,#8178,#8205,#8232));
#4681 = ADVANCED_FACE('',(#4682),#4696,.F.);
#4682 = FACE_BOUND('',#4683,.F.);
#4683 = EDGE_LOOP('',(#4684,#4719,#4747,#4782,#4810,#4845,#4873,#4896,
    #4929,#4957,#4986,#5014,#5043,#5071));
#4684 = ORIENTED_EDGE('',*,*,#4685,.T.);
#4685 = EDGE_CURVE('',#4686,#4688,#4690,.T.);
#4686 = VERTEX_POINT('',#4687);
#4687 = CARTESIAN_POINT('',(185.5,132.62131881113,51.342974269698));
#4688 = VERTEX_POINT('',#4689);
#4689 = CARTESIAN_POINT('',(185.70401945641,132.62131881113,
    51.342974269698));
#4690 = SURFACE_CURVE('',#4691,(#4695,#4707),.PCURVE_S1.);
#4691 = LINE('',#4692,#4693);
#4692 = CARTESIAN_POINT('',(183.24110595528,132.62131881113,
    51.342974269698));
#4693 = VECTOR('',#4694,1.);
#4694 = DIRECTION('',(1.,0.,0.));
#4695 = PCURVE('',#4696,#4701);
#4696 = PLANE('',#4697);
#4697 = AXIS2_PLACEMENT_3D('',#4698,#4699,#4700);
#4698 = CARTESIAN_POINT('',(186.5,140.51611058985,51.342974269698));
#4699 = DIRECTION('',(0.,0.,1.));
#4700 = DIRECTION('',(0.,-1.,0.));
#4701 = DEFINITIONAL_REPRESENTATION('',(#4702),#4706);
#4702 = LINE('',#4703,#4704);
#4703 = CARTESIAN_POINT('',(7.894791778725,-3.25889404472));
#4704 = VECTOR('',#4705,1.);
#4705 = DIRECTION('',(0.,1.));
#4706 = ( GEOMETRIC_REPRESENTATION_CONTEXT(2) 
PARAMETRIC_REPRESENTATION_CONTEXT() REPRESENTATION_CONTEXT('2D SPACE',''
  ) );
#4707 = PCURVE('',#4708,#4713);
#4708 = PLANE('',#4709);
#4709 = AXIS2_PLACEMENT_3D('',#4710,#4711,#4712);
#4710 = CARTESIAN_POINT('',(184.5,132.62131881113,51.342974269698));
#4711 = DIRECTION('',(0.,1.,0.));
#4712 = DIRECTION('',(1.,0.,0.));
#4713 = DEFINITIONAL_REPRESENTATION('',(#4714),#4718);
#4714 = LINE('',#4715,#4716);
#4715 = CARTESIAN_POINT('',(-1.25889404472,0.));
#4716 = VECTOR('',#4717,1.);
#4717 = DIRECTION('',(1.,0.));
#4718 = ( GEOMETRIC_REPRESENTATION_CONTEXT(2) 
PARAMETRIC_REPRESENTATION_CONTEXT() REPRESENTATION_CONTEXT('2D SPACE',''
  ) );
#4719 = ORIENTED_EDGE('',*,*,#4720,.F.);
#4720 = EDGE_CURVE('',#4721,#4688,#4723,.T.);
#4721 = VERTEX_POINT('',#4722);
#4722 = CARTESIAN_POINT('',(185.70401945798,147.80641124697,
    51.342974269698));
#4723 = SURFACE_CURVE('',#4724,(#4728,#4735),.PCURVE_S1.);
#4724 = LINE('',#4725,#4726);
#4725 = CARTESIAN_POINT('',(185.70401945641,147.88665874322,
    51.342974269698));
#4726 = VECTOR('',#4727,1.);
#4727 = DIRECTION('',(-0.,-1.,-0.));
#4728 = PCURVE('',#4696,#4729);
#4729 = DEFINITIONAL_REPRESENTATION('',(#4730),#4734);
#4730 = LINE('',#4731,#4732);
#4731 = CARTESIAN_POINT('',(-7.370548153368,-0.795980543582));
#4732 = VECTOR('',#4733,1.);
#4733 = DIRECTION('',(1.,0.));
#4734 = ( GEOMETRIC_REPRESENTATION_CONTEXT(2) 
PARAMETRIC_REPRESENTATION_CONTEXT() REPRESENTATION_CONTEXT('2D SPACE',''
  ) );
#4735 = PCURVE('',#4736,#4741);
#4736 = CYLINDRICAL_SURFACE('',#4737,0.5);
#4737 = AXIS2_PLACEMENT_3D('',#4738,#4739,#4740);
#4738 = CARTESIAN_POINT('',(186.,147.88665874322,50.939990997314));
#4739 = DIRECTION('',(-0.,-1.,-0.));
#4740 = DIRECTION('',(0.,0.,1.));
#4741 = DEFINITIONAL_REPRESENTATION('',(#4742),#4746);
#4742 = LINE('',#4743,#4744);
#4743 = CARTESIAN_POINT('',(0.633489884437,0.));
#4744 = VECTOR('',#4745,1.);
#4745 = DIRECTION('',(0.,1.));
#4746 = ( GEOMETRIC_REPRESENTATION_CONTEXT(2) 
PARAMETRIC_REPRESENTATION_CONTEXT() REPRESENTATION_CONTEXT('2D SPACE',''
  ) );
#4747 = ORIENTED_EDGE('',*,*,#4748,.F.);
#4748 = EDGE_CURVE('',#4749,#4721,#4751,.T.);
#4749 = VERTEX_POINT('',#4750);
#4750 = CARTESIAN_POINT('',(186.,147.90518009709,51.342974269698));
#4751 = SURFACE_CURVE('',#4752,(#4757,#4764),.PCURVE_S1.);
#4752 = ELLIPSE('',#4753,0.509030008142,0.5);
#4753 = AXIS2_PLACEMENT_3D('',#4754,#4755,#4756);
#4754 = CARTESIAN_POINT('',(186.,147.39615008895,51.342974269698));
#4755 = DIRECTION('',(0.,-0.,1.));
#4756 = DIRECTION('',(0.,-1.,-0.));
#4757 = PCURVE('',#4696,#4758);
#4758 = DEFINITIONAL_REPRESENTATION('',(#4759),#4763);
#4759 = ELLIPSE('',#4760,0.509030008142,0.5);
#4760 = AXIS2_PLACEMENT_2D('',#4761,#4762);
#4761 = CARTESIAN_POINT('',(-6.880039499095,-0.5));
#4762 = DIRECTION('',(1.,0.));
#4763 = ( GEOMETRIC_REPRESENTATION_CONTEXT(2) 
PARAMETRIC_REPRESENTATION_CONTEXT() REPRESENTATION_CONTEXT('2D SPACE',''
  ) );
#4764 = PCURVE('',#4765,#4770);
#4765 = CYLINDRICAL_SURFACE('',#4766,0.5);
#4766 = AXIS2_PLACEMENT_3D('',#4767,#4768,#4769);
#4767 = CARTESIAN_POINT('',(186.,157.21587913154,-9.376110800969E-02));
#4768 = DIRECTION('',(0.,-0.187522216019,0.982260361869));
#4769 = DIRECTION('',(0.,0.982260361869,0.187522216019));
#4770 = DEFINITIONAL_REPRESENTATION('',(#4771),#4781);
#4771 = B_SPLINE_CURVE_WITH_KNOTS('',8,(#4772,#4773,#4774,#4775,#4776,
    #4777,#4778,#4779,#4780),.UNSPECIFIED.,.F.,.F.,(9,9),(3.14159265359,
    3.775082534139),.PIECEWISE_BEZIER_KNOTS.);
#4772 = CARTESIAN_POINT('',(-1.063808676856E-14,52.2702292211));
#4773 = CARTESIAN_POINT('',(7.918623581865E-02,52.270229221108));
#4774 = CARTESIAN_POINT('',(0.158372470638,52.27091327044));
#4775 = CARTESIAN_POINT('',(0.237558705453,52.272281369223));
#4776 = CARTESIAN_POINT('',(0.316744940278,52.274324366736));
#4777 = CARTESIAN_POINT('',(0.395931175091,52.277023962262));
#4778 = CARTESIAN_POINT('',(0.475117409912,52.280353009934));
#4779 = CARTESIAN_POINT('',(0.554303644731,52.284276131881));
#4780 = CARTESIAN_POINT('',(0.633489880549,52.28875057475));
#4781 = ( GEOMETRIC_REPRESENTATION_CONTEXT(2) 
PARAMETRIC_REPRESENTATION_CONTEXT() REPRESENTATION_CONTEXT('2D SPACE',''
  ) );
#4782 = ORIENTED_EDGE('',*,*,#4783,.F.);
#4783 = EDGE_CURVE('',#4784,#4749,#4786,.T.);
#4784 = VERTEX_POINT('',#4785);
#4785 = CARTESIAN_POINT('',(187.,147.90518009709,51.342974269698));
#4786 = SURFACE_CURVE('',#4787,(#4791,#4798),.PCURVE_S1.);
#4787 = LINE('',#4788,#4789);
#4788 = CARTESIAN_POINT('',(187.,147.90518009709,51.342974269698));
#4789 = VECTOR('',#4790,1.);
#4790 = DIRECTION('',(-1.,0.,0.));
#4791 = PCURVE('',#4696,#4792);
#4792 = DEFINITIONAL_REPRESENTATION('',(#4793),#4797);
#4793 = LINE('',#4794,#4795);
#4794 = CARTESIAN_POINT('',(-7.389069507237,0.5));
#4795 = VECTOR('',#4796,1.);
#4796 = DIRECTION('',(0.,-1.));
#4797 = ( GEOMETRIC_REPRESENTATION_CONTEXT(2) 
PARAMETRIC_REPRESENTATION_CONTEXT() REPRESENTATION_CONTEXT('2D SPACE',''
  ) );
#4798 = PCURVE('',#4799,#4804);
#4799 = PLANE('',#4800);
#4800 = AXIS2_PLACEMENT_3D('',#4801,#4802,#4803);
#4801 = CARTESIAN_POINT('',(187.5,157.70700931247,9.71445146547E-16));
#4802 = DIRECTION('',(0.,0.982260361869,0.187522216019));
#4803 = DIRECTION('',(0.,-0.187522216019,0.982260361869));
#4804 = DEFINITIONAL_REPRESENTATION('',(#4805),#4809);
#4805 = LINE('',#4806,#4807);
#4806 = CARTESIAN_POINT('',(52.2702292211,-0.5));
#4807 = VECTOR('',#4808,1.);
#4808 = DIRECTION('',(0.,-1.));
#4809 = ( GEOMETRIC_REPRESENTATION_CONTEXT(2) 
PARAMETRIC_REPRESENTATION_CONTEXT() REPRESENTATION_CONTEXT('2D SPACE',''
  ) );
#4810 = ORIENTED_EDGE('',*,*,#4811,.F.);
#4811 = EDGE_CURVE('',#4812,#4784,#4814,.T.);
#4812 = VERTEX_POINT('',#4813);
#4813 = CARTESIAN_POINT('',(187.29598054208,147.80641124691,
    51.342974269698));
#4814 = SURFACE_CURVE('',#4815,(#4820,#4827),.PCURVE_S1.);
#4815 = ELLIPSE('',#4816,0.509030008142,0.5);
#4816 = AXIS2_PLACEMENT_3D('',#4817,#4818,#4819);
#4817 = CARTESIAN_POINT('',(187.,147.39615008895,51.342974269698));
#4818 = DIRECTION('',(0.,-0.,1.));
#4819 = DIRECTION('',(0.,-1.,-0.));
#4820 = PCURVE('',#4696,#4821);
#4821 = DEFINITIONAL_REPRESENTATION('',(#4822),#4826);
#4822 = ELLIPSE('',#4823,0.509030008142,0.5);
#4823 = AXIS2_PLACEMENT_2D('',#4824,#4825);
#4824 = CARTESIAN_POINT('',(-6.880039499095,0.5));
#4825 = DIRECTION('',(1.,0.));
#4826 = ( GEOMETRIC_REPRESENTATION_CONTEXT(2) 
PARAMETRIC_REPRESENTATION_CONTEXT() REPRESENTATION_CONTEXT('2D SPACE',''
  ) );
#4827 = PCURVE('',#4828,#4833);
#4828 = CYLINDRICAL_SURFACE('',#4829,0.5);
#4829 = AXIS2_PLACEMENT_3D('',#4830,#4831,#4832);
#4830 = CARTESIAN_POINT('',(187.,157.21587913154,-9.376110800969E-02));
#4831 = DIRECTION('',(0.,-0.187522216019,0.982260361869));
#4832 = DIRECTION('',(0.,0.982260361869,0.187522216019));
#4833 = DEFINITIONAL_REPRESENTATION('',(#4834),#4844);
#4834 = B_SPLINE_CURVE_WITH_KNOTS('',8,(#4835,#4836,#4837,#4838,#4839,
    #4840,#4841,#4842,#4843),.UNSPECIFIED.,.F.,.F.,(9,9),(2.508102772858
    ,3.14159265359),.PIECEWISE_BEZIER_KNOTS.);
#4835 = CARTESIAN_POINT('',(-0.633489880731,52.28875057476));
#4836 = CARTESIAN_POINT('',(-0.55430364489,52.284276131889));
#4837 = CARTESIAN_POINT('',(-0.475117410048,52.280353009999));
#4838 = CARTESIAN_POINT('',(-0.395931175207,52.277023962175));
#4839 = CARTESIAN_POINT('',(-0.316744940363,52.274324366677));
#4840 = CARTESIAN_POINT('',(-0.237558705525,52.272281369253));
#4841 = CARTESIAN_POINT('',(-0.158372470682,52.270913270484));
#4842 = CARTESIAN_POINT('',(-7.91862358414E-02,52.270229221108));
#4843 = CARTESIAN_POINT('',(1.065498392153E-14,52.2702292211));
#4844 = ( GEOMETRIC_REPRESENTATION_CONTEXT(2) 
PARAMETRIC_REPRESENTATION_CONTEXT() REPRESENTATION_CONTEXT('2D SPACE',''
  ) );
#4845 = ORIENTED_EDGE('',*,*,#4846,.T.);
#4846 = EDGE_CURVE('',#4812,#4847,#4849,.T.);
#4847 = VERTEX_POINT('',#4848);
#4848 = CARTESIAN_POINT('',(187.29598054358,132.62131881113,
    51.342974269698));
#4849 = SURFACE_CURVE('',#4850,(#4854,#4861),.PCURVE_S1.);
#4850 = LINE('',#4851,#4852);
#4851 = CARTESIAN_POINT('',(187.29598054358,147.88665874322,
    51.342974269698));
#4852 = VECTOR('',#4853,1.);
#4853 = DIRECTION('',(-0.,-1.,-0.));
#4854 = PCURVE('',#4696,#4855);
#4855 = DEFINITIONAL_REPRESENTATION('',(#4856),#4860);
#4856 = LINE('',#4857,#4858);
#4857 = CARTESIAN_POINT('',(-7.370548153368,0.795980543582));
#4858 = VECTOR('',#4859,1.);
#4859 = DIRECTION('',(1.,0.));
#4860 = ( GEOMETRIC_REPRESENTATION_CONTEXT(2) 
PARAMETRIC_REPRESENTATION_CONTEXT() REPRESENTATION_CONTEXT('2D SPACE',''
  ) );
#4861 = PCURVE('',#4862,#4867);
#4862 = CYLINDRICAL_SURFACE('',#4863,0.5);
#4863 = AXIS2_PLACEMENT_3D('',#4864,#4865,#4866);
#4864 = CARTESIAN_POINT('',(187.,147.88665874322,50.939990997314));
#4865 = DIRECTION('',(-0.,-1.,-0.));
#4866 = DIRECTION('',(1.,0.,0.));
#4867 = DEFINITIONAL_REPRESENTATION('',(#4868),#4872);
#4868 = LINE('',#4869,#4870);
#4869 = CARTESIAN_POINT('',(0.937306442358,-0.));
#4870 = VECTOR('',#4871,1.);
#4871 = DIRECTION('',(0.,1.));
#4872 = ( GEOMETRIC_REPRESENTATION_CONTEXT(2) 
PARAMETRIC_REPRESENTATION_CONTEXT() REPRESENTATION_CONTEXT('2D SPACE',''
  ) );
#4873 = ORIENTED_EDGE('',*,*,#4874,.T.);
#4874 = EDGE_CURVE('',#4847,#4875,#4877,.T.);
#4875 = VERTEX_POINT('',#4876);
#4876 = CARTESIAN_POINT('',(187.5,132.62131881113,51.342974269698));
#4877 = SURFACE_CURVE('',#4878,(#4882,#4889),.PCURVE_S1.);
#4878 = LINE('',#4879,#4880);
#4879 = CARTESIAN_POINT('',(183.24110595528,132.62131881113,
    51.342974269698));
#4880 = VECTOR('',#4881,1.);
#4881 = DIRECTION('',(1.,0.,0.));
#4882 = PCURVE('',#4696,#4883);
#4883 = DEFINITIONAL_REPRESENTATION('',(#4884),#4888);
#4884 = LINE('',#4885,#4886);
#4885 = CARTESIAN_POINT('',(7.894791778725,-3.25889404472));
#4886 = VECTOR('',#4887,1.);
#4887 = DIRECTION('',(0.,1.));
#4888 = ( GEOMETRIC_REPRESENTATION_CONTEXT(2) 
PARAMETRIC_REPRESENTATION_CONTEXT() REPRESENTATION_CONTEXT('2D SPACE',''
  ) );
#4889 = PCURVE('',#4708,#4890);
#4890 = DEFINITIONAL_REPRESENTATION('',(#4891),#4895);
#4891 = LINE('',#4892,#4893);
#4892 = CARTESIAN_POINT('',(-1.25889404472,0.));
#4893 = VECTOR('',#4894,1.);
#4894 = DIRECTION('',(1.,0.));
#4895 = ( GEOMETRIC_REPRESENTATION_CONTEXT(2) 
PARAMETRIC_REPRESENTATION_CONTEXT() REPRESENTATION_CONTEXT('2D SPACE',''
  ) );
#4896 = ORIENTED_EDGE('',*,*,#4897,.F.);
#4897 = EDGE_CURVE('',#4898,#4875,#4900,.T.);
#4898 = VERTEX_POINT('',#4899);
#4899 = CARTESIAN_POINT('',(188.5,133.62131881113,51.342974269698));
#4900 = SURFACE_CURVE('',#4901,(#4906,#4917),.PCURVE_S1.);
#4901 = CIRCLE('',#4902,1.);
#4902 = AXIS2_PLACEMENT_3D('',#4903,#4904,#4905);
#4903 = CARTESIAN_POINT('',(187.5,133.62131881113,51.342974269698));
#4904 = DIRECTION('',(-0.,-0.,-1.));
#4905 = DIRECTION('',(0.,-1.,0.));
#4906 = PCURVE('',#4696,#4907);
#4907 = DEFINITIONAL_REPRESENTATION('',(#4908),#4916);
#4908 = ( BOUNDED_CURVE() B_SPLINE_CURVE(2,(#4909,#4910,#4911,#4912,
#4913,#4914,#4915),.UNSPECIFIED.,.T.,.F.) B_SPLINE_CURVE_WITH_KNOTS((1,2
    ,2,2,2,1),(-2.094395102393,0.,2.094395102393,4.188790204786,
6.28318530718,8.377580409573),.UNSPECIFIED.) CURVE() 
GEOMETRIC_REPRESENTATION_ITEM() RATIONAL_B_SPLINE_CURVE((1.,0.5,1.,0.5,
1.,0.5,1.)) REPRESENTATION_ITEM('') );
#4909 = CARTESIAN_POINT('',(7.894791778725,1.));
#4910 = CARTESIAN_POINT('',(7.894791778725,-0.732050807569));
#4911 = CARTESIAN_POINT('',(6.394791778725,0.133974596216));
#4912 = CARTESIAN_POINT('',(4.894791778725,1.));
#4913 = CARTESIAN_POINT('',(6.394791778725,1.866025403784));
#4914 = CARTESIAN_POINT('',(7.894791778725,2.732050807569));
#4915 = CARTESIAN_POINT('',(7.894791778725,1.));
#4916 = ( GEOMETRIC_REPRESENTATION_CONTEXT(2) 
PARAMETRIC_REPRESENTATION_CONTEXT() REPRESENTATION_CONTEXT('2D SPACE',''
  ) );
#4917 = PCURVE('',#4918,#4923);
#4918 = CYLINDRICAL_SURFACE('',#4919,1.);
#4919 = AXIS2_PLACEMENT_3D('',#4920,#4921,#4922);
#4920 = CARTESIAN_POINT('',(187.5,133.62131881113,51.342974269698));
#4921 = DIRECTION('',(0.,0.,1.));
#4922 = DIRECTION('',(1.,-1.224646799147E-16,0.));
#4923 = DEFINITIONAL_REPRESENTATION('',(#4924),#4928);
#4924 = LINE('',#4925,#4926);
#4925 = CARTESIAN_POINT('',(4.712388980385,-0.));
#4926 = VECTOR('',#4927,1.);
#4927 = DIRECTION('',(-1.,0.));
#4928 = ( GEOMETRIC_REPRESENTATION_CONTEXT(2) 
PARAMETRIC_REPRESENTATION_CONTEXT() REPRESENTATION_CONTEXT('2D SPACE',''
  ) );
#4929 = ORIENTED_EDGE('',*,*,#4930,.T.);
#4930 = EDGE_CURVE('',#4898,#4931,#4933,.T.);
#4931 = VERTEX_POINT('',#4932);
#4932 = CARTESIAN_POINT('',(188.5,151.62131881113,51.342974269698));
#4933 = SURFACE_CURVE('',#4934,(#4938,#4945),.PCURVE_S1.);
#4934 = LINE('',#4935,#4936);
#4935 = CARTESIAN_POINT('',(188.5,132.62131881113,51.342974269698));
#4936 = VECTOR('',#4937,1.);
#4937 = DIRECTION('',(1.224646799147E-16,1.,0.));
#4938 = PCURVE('',#4696,#4939);
#4939 = DEFINITIONAL_REPRESENTATION('',(#4940),#4944);
#4940 = LINE('',#4941,#4942);
#4941 = CARTESIAN_POINT('',(7.894791778725,2.));
#4942 = VECTOR('',#4943,1.);
#4943 = DIRECTION('',(-1.,1.224646799147E-16));
#4944 = ( GEOMETRIC_REPRESENTATION_CONTEXT(2) 
PARAMETRIC_REPRESENTATION_CONTEXT() REPRESENTATION_CONTEXT('2D SPACE',''
  ) );
#4945 = PCURVE('',#4946,#4951);
#4946 = PLANE('',#4947);
#4947 = AXIS2_PLACEMENT_3D('',#4948,#4949,#4950);
#4948 = CARTESIAN_POINT('',(188.5,132.62131881113,51.342974269698));
#4949 = DIRECTION('',(-1.,1.224646799147E-16,0.));
#4950 = DIRECTION('',(1.224646799147E-16,1.,0.));
#4951 = DEFINITIONAL_REPRESENTATION('',(#4952),#4956);
#4952 = LINE('',#4953,#4954);
#4953 = CARTESIAN_POINT('',(0.,0.));
#4954 = VECTOR('',#4955,1.);
#4955 = DIRECTION('',(1.,0.));
#4956 = ( GEOMETRIC_REPRESENTATION_CONTEXT(2) 
PARAMETRIC_REPRESENTATION_CONTEXT() REPRESENTATION_CONTEXT('2D SPACE',''
  ) );
#4957 = ORIENTED_EDGE('',*,*,#4958,.T.);
#4958 = EDGE_CURVE('',#4931,#4959,#4961,.T.);
#4959 = VERTEX_POINT('',#4960);
#4960 = CARTESIAN_POINT('',(187.5,152.62131881113,51.342974269698));
#4961 = SURFACE_CURVE('',#4962,(#4967,#4974),.PCURVE_S1.);
#4962 = CIRCLE('',#4963,1.);
#4963 = AXIS2_PLACEMENT_3D('',#4964,#4965,#4966);
#4964 = CARTESIAN_POINT('',(187.5,151.62131881113,51.342974269698));
#4965 = DIRECTION('',(-0.,0.,1.));
#4966 = DIRECTION('',(0.,-1.,0.));
#4967 = PCURVE('',#4696,#4968);
#4968 = DEFINITIONAL_REPRESENTATION('',(#4969),#4973);
#4969 = CIRCLE('',#4970,1.);
#4970 = AXIS2_PLACEMENT_2D('',#4971,#4972);
#4971 = CARTESIAN_POINT('',(-11.10520822127,1.));
#4972 = DIRECTION('',(1.,0.));
#4973 = ( GEOMETRIC_REPRESENTATION_CONTEXT(2) 
PARAMETRIC_REPRESENTATION_CONTEXT() REPRESENTATION_CONTEXT('2D SPACE',''
  ) );
#4974 = PCURVE('',#4975,#4980);
#4975 = CYLINDRICAL_SURFACE('',#4976,1.);
#4976 = AXIS2_PLACEMENT_3D('',#4977,#4978,#4979);
#4977 = CARTESIAN_POINT('',(187.5,151.62131881113,51.342974269698));
#4978 = DIRECTION('',(0.,0.,1.));
#4979 = DIRECTION('',(1.,-1.224646799147E-16,0.));
#4980 = DEFINITIONAL_REPRESENTATION('',(#4981),#4985);
#4981 = LINE('',#4982,#4983);
#4982 = CARTESIAN_POINT('',(-1.570796326795,0.));
#4983 = VECTOR('',#4984,1.);
#4984 = DIRECTION('',(1.,0.));
#4985 = ( GEOMETRIC_REPRESENTATION_CONTEXT(2) 
PARAMETRIC_REPRESENTATION_CONTEXT() REPRESENTATION_CONTEXT('2D SPACE',''
  ) );
#4986 = ORIENTED_EDGE('',*,*,#4987,.T.);
#4987 = EDGE_CURVE('',#4959,#4988,#4990,.T.);
#4988 = VERTEX_POINT('',#4989);
#4989 = CARTESIAN_POINT('',(185.5,152.62131881113,51.342974269698));
#4990 = SURFACE_CURVE('',#4991,(#4995,#5002),.PCURVE_S1.);
#4991 = LINE('',#4992,#4993);
#4992 = CARTESIAN_POINT('',(189.01304674538,152.62131881113,
    51.342974269698));
#4993 = VECTOR('',#4994,1.);
#4994 = DIRECTION('',(-1.,1.836970198721E-16,0.));
#4995 = PCURVE('',#4696,#4996);
#4996 = DEFINITIONAL_REPRESENTATION('',(#4997),#5001);
#4997 = LINE('',#4998,#4999);
#4998 = CARTESIAN_POINT('',(-12.10520822127,2.513046745386));
#4999 = VECTOR('',#5000,1.);
#5000 = DIRECTION('',(-1.836970198721E-16,-1.));
#5001 = ( GEOMETRIC_REPRESENTATION_CONTEXT(2) 
PARAMETRIC_REPRESENTATION_CONTEXT() REPRESENTATION_CONTEXT('2D SPACE',''
  ) );
#5002 = PCURVE('',#5003,#5008);
#5003 = PLANE('',#5004);
#5004 = AXIS2_PLACEMENT_3D('',#5005,#5006,#5007);
#5005 = CARTESIAN_POINT('',(188.5,152.62131881113,51.342974269698));
#5006 = DIRECTION('',(-1.836970198721E-16,-1.,0.));
#5007 = DIRECTION('',(-1.,1.836970198721E-16,0.));
#5008 = DEFINITIONAL_REPRESENTATION('',(#5009),#5013);
#5009 = LINE('',#5010,#5011);
#5010 = CARTESIAN_POINT('',(-0.513046745386,0.));
#5011 = VECTOR('',#5012,1.);
#5012 = DIRECTION('',(1.,0.));
#5013 = ( GEOMETRIC_REPRESENTATION_CONTEXT(2) 
PARAMETRIC_REPRESENTATION_CONTEXT() REPRESENTATION_CONTEXT('2D SPACE',''
  ) );
#5014 = ORIENTED_EDGE('',*,*,#5015,.T.);
#5015 = EDGE_CURVE('',#4988,#5016,#5018,.T.);
#5016 = VERTEX_POINT('',#5017);
#5017 = CARTESIAN_POINT('',(184.5,151.62131881113,51.342974269698));
#5018 = SURFACE_CURVE('',#5019,(#5024,#5031),.PCURVE_S1.);
#5019 = CIRCLE('',#5020,1.);
#5020 = AXIS2_PLACEMENT_3D('',#5021,#5022,#5023);
#5021 = CARTESIAN_POINT('',(185.5,151.62131881113,51.342974269698));
#5022 = DIRECTION('',(-0.,0.,1.));
#5023 = DIRECTION('',(0.,-1.,0.));
#5024 = PCURVE('',#4696,#5025);
#5025 = DEFINITIONAL_REPRESENTATION('',(#5026),#5030);
#5026 = CIRCLE('',#5027,1.);
#5027 = AXIS2_PLACEMENT_2D('',#5028,#5029);
#5028 = CARTESIAN_POINT('',(-11.10520822127,-1.));
#5029 = DIRECTION('',(1.,0.));
#5030 = ( GEOMETRIC_REPRESENTATION_CONTEXT(2) 
PARAMETRIC_REPRESENTATION_CONTEXT() REPRESENTATION_CONTEXT('2D SPACE',''
  ) );
#5031 = PCURVE('',#5032,#5037);
#5032 = CYLINDRICAL_SURFACE('',#5033,1.);
#5033 = AXIS2_PLACEMENT_3D('',#5034,#5035,#5036);
#5034 = CARTESIAN_POINT('',(185.5,151.62131881113,51.342974269698));
#5035 = DIRECTION('',(0.,0.,1.));
#5036 = DIRECTION('',(1.836970198721E-16,1.,0.));
#5037 = DEFINITIONAL_REPRESENTATION('',(#5038),#5042);
#5038 = LINE('',#5039,#5040);
#5039 = CARTESIAN_POINT('',(-3.14159265359,0.));
#5040 = VECTOR('',#5041,1.);
#5041 = DIRECTION('',(1.,0.));
#5042 = ( GEOMETRIC_REPRESENTATION_CONTEXT(2) 
PARAMETRIC_REPRESENTATION_CONTEXT() REPRESENTATION_CONTEXT('2D SPACE',''
  ) );
#5043 = ORIENTED_EDGE('',*,*,#5044,.T.);
#5044 = EDGE_CURVE('',#5016,#5045,#5047,.T.);
#5045 = VERTEX_POINT('',#5046);
#5046 = CARTESIAN_POINT('',(184.5,133.62131881113,51.342974269698));
#5047 = SURFACE_CURVE('',#5048,(#5052,#5059),.PCURVE_S1.);
#5048 = LINE('',#5049,#5050);
#5049 = CARTESIAN_POINT('',(184.5,153.9364476085,51.342974269698));
#5050 = VECTOR('',#5051,1.);
#5051 = DIRECTION('',(0.,-1.,0.));
#5052 = PCURVE('',#4696,#5053);
#5053 = DEFINITIONAL_REPRESENTATION('',(#5054),#5058);
#5054 = LINE('',#5055,#5056);
#5055 = CARTESIAN_POINT('',(-13.42033701865,-2.));
#5056 = VECTOR('',#5057,1.);
#5057 = DIRECTION('',(1.,0.));
#5058 = ( GEOMETRIC_REPRESENTATION_CONTEXT(2) 
PARAMETRIC_REPRESENTATION_CONTEXT() REPRESENTATION_CONTEXT('2D SPACE',''
  ) );
#5059 = PCURVE('',#5060,#5065);
#5060 = PLANE('',#5061);
#5061 = AXIS2_PLACEMENT_3D('',#5062,#5063,#5064);
#5062 = CARTESIAN_POINT('',(184.5,152.62131881113,51.342974269698));
#5063 = DIRECTION('',(1.,0.,0.));
#5064 = DIRECTION('',(0.,-1.,0.));
#5065 = DEFINITIONAL_REPRESENTATION('',(#5066),#5070);
#5066 = LINE('',#5067,#5068);
#5067 = CARTESIAN_POINT('',(-1.315128797375,0.));
#5068 = VECTOR('',#5069,1.);
#5069 = DIRECTION('',(1.,0.));
#5070 = ( GEOMETRIC_REPRESENTATION_CONTEXT(2) 
PARAMETRIC_REPRESENTATION_CONTEXT() REPRESENTATION_CONTEXT('2D SPACE',''
  ) );
#5071 = ORIENTED_EDGE('',*,*,#5072,.T.);
#5072 = EDGE_CURVE('',#5045,#4686,#5073,.T.);
#5073 = SURFACE_CURVE('',#5074,(#5079,#5086),.PCURVE_S1.);
#5074 = CIRCLE('',#5075,1.);
#5075 = AXIS2_PLACEMENT_3D('',#5076,#5077,#5078);
#5076 = CARTESIAN_POINT('',(185.5,133.62131881113,51.342974269698));
#5077 = DIRECTION('',(-0.,0.,1.));
#5078 = DIRECTION('',(0.,-1.,0.));
#5079 = PCURVE('',#4696,#5080);
#5080 = DEFINITIONAL_REPRESENTATION('',(#5081),#5085);
#5081 = CIRCLE('',#5082,1.);
#5082 = AXIS2_PLACEMENT_2D('',#5083,#5084);
#5083 = CARTESIAN_POINT('',(6.894791778725,-1.));
#5084 = DIRECTION('',(1.,0.));
#5085 = ( GEOMETRIC_REPRESENTATION_CONTEXT(2) 
PARAMETRIC_REPRESENTATION_CONTEXT() REPRESENTATION_CONTEXT('2D SPACE',''
  ) );
#5086 = PCURVE('',#5087,#5092);
#5087 = CYLINDRICAL_SURFACE('',#5088,1.);
#5088 = AXIS2_PLACEMENT_3D('',#5089,#5090,#5091);
#5089 = CARTESIAN_POINT('',(185.5,133.62131881113,51.342974269698));
#5090 = DIRECTION('',(0.,0.,1.));
#5091 = DIRECTION('',(-1.,0.,0.));
#5092 = DEFINITIONAL_REPRESENTATION('',(#5093),#5097);
#5093 = LINE('',#5094,#5095);
#5094 = CARTESIAN_POINT('',(-4.712388980385,0.));
#5095 = VECTOR('',#5096,1.);
#5096 = DIRECTION('',(1.,0.));
#5097 = ( GEOMETRIC_REPRESENTATION_CONTEXT(2) 
PARAMETRIC_REPRESENTATION_CONTEXT() REPRESENTATION_CONTEXT('2D SPACE',''
  ) );
#5098 = ADVANCED_FACE('',(#5099),#4708,.F.);
#5099 = FACE_BOUND('',#5100,.F.);
#5100 = EDGE_LOOP('',(#5101,#5102,#5125,#5153,#5174,#5175,#5203,#5231));
#5101 = ORIENTED_EDGE('',*,*,#4685,.F.);
#5102 = ORIENTED_EDGE('',*,*,#5103,.T.);
#5103 = EDGE_CURVE('',#4686,#5104,#5106,.T.);
#5104 = VERTEX_POINT('',#5105);
#5105 = CARTESIAN_POINT('',(185.5,132.62131881113,52.342974269698));
#5106 = SURFACE_CURVE('',#5107,(#5111,#5118),.PCURVE_S1.);
#5107 = LINE('',#5108,#5109);
#5108 = CARTESIAN_POINT('',(185.5,132.62131881113,51.342974269698));
#5109 = VECTOR('',#5110,1.);
#5110 = DIRECTION('',(0.,0.,1.));
#5111 = PCURVE('',#4708,#5112);
#5112 = DEFINITIONAL_REPRESENTATION('',(#5113),#5117);
#5113 = LINE('',#5114,#5115);
#5114 = CARTESIAN_POINT('',(1.,0.));
#5115 = VECTOR('',#5116,1.);
#5116 = DIRECTION('',(0.,-1.));
#5117 = ( GEOMETRIC_REPRESENTATION_CONTEXT(2) 
PARAMETRIC_REPRESENTATION_CONTEXT() REPRESENTATION_CONTEXT('2D SPACE',''
  ) );
#5118 = PCURVE('',#5087,#5119);
#5119 = DEFINITIONAL_REPRESENTATION('',(#5120),#5124);
#5120 = LINE('',#5121,#5122);
#5121 = CARTESIAN_POINT('',(1.570796326795,0.));
#5122 = VECTOR('',#5123,1.);
#5123 = DIRECTION('',(0.,1.));
#5124 = ( GEOMETRIC_REPRESENTATION_CONTEXT(2) 
PARAMETRIC_REPRESENTATION_CONTEXT() REPRESENTATION_CONTEXT('2D SPACE',''
  ) );
#5125 = ORIENTED_EDGE('',*,*,#5126,.T.);
#5126 = EDGE_CURVE('',#5104,#5127,#5129,.T.);
#5127 = VERTEX_POINT('',#5128);
#5128 = CARTESIAN_POINT('',(187.5,132.62131881113,52.342974269698));
#5129 = SURFACE_CURVE('',#5130,(#5134,#5141),.PCURVE_S1.);
#5130 = LINE('',#5131,#5132);
#5131 = CARTESIAN_POINT('',(184.5,132.62131881113,52.342974269698));
#5132 = VECTOR('',#5133,1.);
#5133 = DIRECTION('',(1.,0.,0.));
#5134 = PCURVE('',#4708,#5135);
#5135 = DEFINITIONAL_REPRESENTATION('',(#5136),#5140);
#5136 = LINE('',#5137,#5138);
#5137 = CARTESIAN_POINT('',(0.,-1.));
#5138 = VECTOR('',#5139,1.);
#5139 = DIRECTION('',(1.,0.));
#5140 = ( GEOMETRIC_REPRESENTATION_CONTEXT(2) 
PARAMETRIC_REPRESENTATION_CONTEXT() REPRESENTATION_CONTEXT('2D SPACE',''
  ) );
#5141 = PCURVE('',#5142,#5147);
#5142 = CYLINDRICAL_SURFACE('',#5143,1.);
#5143 = AXIS2_PLACEMENT_3D('',#5144,#5145,#5146);
#5144 = CARTESIAN_POINT('',(184.5,133.62131881113,52.342974269698));
#5145 = DIRECTION('',(1.,0.,0.));
#5146 = DIRECTION('',(0.,-1.,0.));
#5147 = DEFINITIONAL_REPRESENTATION('',(#5148),#5152);
#5148 = LINE('',#5149,#5150);
#5149 = CARTESIAN_POINT('',(-0.,0.));
#5150 = VECTOR('',#5151,1.);
#5151 = DIRECTION('',(-0.,1.));
#5152 = ( GEOMETRIC_REPRESENTATION_CONTEXT(2) 
PARAMETRIC_REPRESENTATION_CONTEXT() REPRESENTATION_CONTEXT('2D SPACE',''
  ) );
#5153 = ORIENTED_EDGE('',*,*,#5154,.F.);
#5154 = EDGE_CURVE('',#4875,#5127,#5155,.T.);
#5155 = SURFACE_CURVE('',#5156,(#5160,#5167),.PCURVE_S1.);
#5156 = LINE('',#5157,#5158);
#5157 = CARTESIAN_POINT('',(187.5,132.62131881113,51.342974269698));
#5158 = VECTOR('',#5159,1.);
#5159 = DIRECTION('',(0.,0.,1.));
#5160 = PCURVE('',#4708,#5161);
#5161 = DEFINITIONAL_REPRESENTATION('',(#5162),#5166);
#5162 = LINE('',#5163,#5164);
#5163 = CARTESIAN_POINT('',(3.,0.));
#5164 = VECTOR('',#5165,1.);
#5165 = DIRECTION('',(0.,-1.));
#5166 = ( GEOMETRIC_REPRESENTATION_CONTEXT(2) 
PARAMETRIC_REPRESENTATION_CONTEXT() REPRESENTATION_CONTEXT('2D SPACE',''
  ) );
#5167 = PCURVE('',#4918,#5168);
#5168 = DEFINITIONAL_REPRESENTATION('',(#5169),#5173);
#5169 = LINE('',#5170,#5171);
#5170 = CARTESIAN_POINT('',(-1.570796326795,0.));
#5171 = VECTOR('',#5172,1.);
#5172 = DIRECTION('',(-0.,1.));
#5173 = ( GEOMETRIC_REPRESENTATION_CONTEXT(2) 
PARAMETRIC_REPRESENTATION_CONTEXT() REPRESENTATION_CONTEXT('2D SPACE',''
  ) );
#5174 = ORIENTED_EDGE('',*,*,#4874,.F.);
#5175 = ORIENTED_EDGE('',*,*,#5176,.T.);
#5176 = EDGE_CURVE('',#4847,#5177,#5179,.T.);
#5177 = VERTEX_POINT('',#5178);
#5178 = CARTESIAN_POINT('',(187.,132.62131881113,51.439990997315));
#5179 = SURFACE_CURVE('',#5180,(#5185,#5196),.PCURVE_S1.);
#5180 = CIRCLE('',#5181,0.5);
#5181 = AXIS2_PLACEMENT_3D('',#5182,#5183,#5184);
#5182 = CARTESIAN_POINT('',(187.,132.62131881113,50.939990997314));
#5183 = DIRECTION('',(0.,-1.,-0.));
#5184 = DIRECTION('',(0.,0.,-1.));
#5185 = PCURVE('',#4708,#5186);
#5186 = DEFINITIONAL_REPRESENTATION('',(#5187),#5195);
#5187 = ( BOUNDED_CURVE() B_SPLINE_CURVE(2,(#5188,#5189,#5190,#5191,
#5192,#5193,#5194),.UNSPECIFIED.,.T.,.F.) B_SPLINE_CURVE_WITH_KNOTS((1,2
    ,2,2,2,1),(-2.094395102393,0.,2.094395102393,4.188790204786,
6.28318530718,8.377580409573),.UNSPECIFIED.) CURVE() 
GEOMETRIC_REPRESENTATION_ITEM() RATIONAL_B_SPLINE_CURVE((1.,0.5,1.,0.5,
1.,0.5,1.)) REPRESENTATION_ITEM('') );
#5188 = CARTESIAN_POINT('',(2.5,0.902983272383));
#5189 = CARTESIAN_POINT('',(3.366025403784,0.902983272383));
#5190 = CARTESIAN_POINT('',(2.933012701892,0.152983272383));
#5191 = CARTESIAN_POINT('',(2.5,-0.597016727617));
#5192 = CARTESIAN_POINT('',(2.066987298108,0.152983272383));
#5193 = CARTESIAN_POINT('',(1.633974596216,0.902983272383));
#5194 = CARTESIAN_POINT('',(2.5,0.902983272383));
#5195 = ( GEOMETRIC_REPRESENTATION_CONTEXT(2) 
PARAMETRIC_REPRESENTATION_CONTEXT() REPRESENTATION_CONTEXT('2D SPACE',''
  ) );
#5196 = PCURVE('',#4862,#5197);
#5197 = DEFINITIONAL_REPRESENTATION('',(#5198),#5202);
#5198 = LINE('',#5199,#5200);
#5199 = CARTESIAN_POINT('',(-1.570796326795,15.265339932093));
#5200 = VECTOR('',#5201,1.);
#5201 = DIRECTION('',(1.,0.));
#5202 = ( GEOMETRIC_REPRESENTATION_CONTEXT(2) 
PARAMETRIC_REPRESENTATION_CONTEXT() REPRESENTATION_CONTEXT('2D SPACE',''
  ) );
#5203 = ORIENTED_EDGE('',*,*,#5204,.F.);
#5204 = EDGE_CURVE('',#5205,#5177,#5207,.T.);
#5205 = VERTEX_POINT('',#5206);
#5206 = CARTESIAN_POINT('',(186.,132.62131881113,51.439990997315));
#5207 = SURFACE_CURVE('',#5208,(#5212,#5219),.PCURVE_S1.);
#5208 = LINE('',#5209,#5210);
#5209 = CARTESIAN_POINT('',(186.,132.62131881113,51.439990997314));
#5210 = VECTOR('',#5211,1.);
#5211 = DIRECTION('',(1.,0.,-0.));
#5212 = PCURVE('',#4708,#5213);
#5213 = DEFINITIONAL_REPRESENTATION('',(#5214),#5218);
#5214 = LINE('',#5215,#5216);
#5215 = CARTESIAN_POINT('',(1.5,-9.701672761663E-02));
#5216 = VECTOR('',#5217,1.);
#5217 = DIRECTION('',(1.,0.));
#5218 = ( GEOMETRIC_REPRESENTATION_CONTEXT(2) 
PARAMETRIC_REPRESENTATION_CONTEXT() REPRESENTATION_CONTEXT('2D SPACE',''
  ) );
#5219 = PCURVE('',#5220,#5225);
#5220 = PLANE('',#5221);
#5221 = AXIS2_PLACEMENT_3D('',#5222,#5223,#5224);
#5222 = CARTESIAN_POINT('',(187.5,147.88665874322,51.439990997314));
#5223 = DIRECTION('',(0.,0.,1.));
#5224 = DIRECTION('',(0.,-1.,0.));
#5225 = DEFINITIONAL_REPRESENTATION('',(#5226),#5230);
#5226 = LINE('',#5227,#5228);
#5227 = CARTESIAN_POINT('',(15.265339932093,-1.5));
#5228 = VECTOR('',#5229,1.);
#5229 = DIRECTION('',(-0.,1.));
#5230 = ( GEOMETRIC_REPRESENTATION_CONTEXT(2) 
PARAMETRIC_REPRESENTATION_CONTEXT() REPRESENTATION_CONTEXT('2D SPACE',''
  ) );
#5231 = ORIENTED_EDGE('',*,*,#5232,.T.);
#5232 = EDGE_CURVE('',#5205,#4688,#5233,.T.);
#5233 = SURFACE_CURVE('',#5234,(#5239,#5250),.PCURVE_S1.);
#5234 = CIRCLE('',#5235,0.5);
#5235 = AXIS2_PLACEMENT_3D('',#5236,#5237,#5238);
#5236 = CARTESIAN_POINT('',(186.,132.62131881113,50.939990997314));
#5237 = DIRECTION('',(0.,-1.,-0.));
#5238 = DIRECTION('',(0.,0.,-1.));
#5239 = PCURVE('',#4708,#5240);
#5240 = DEFINITIONAL_REPRESENTATION('',(#5241),#5249);
#5241 = ( BOUNDED_CURVE() B_SPLINE_CURVE(2,(#5242,#5243,#5244,#5245,
#5246,#5247,#5248),.UNSPECIFIED.,.T.,.F.) B_SPLINE_CURVE_WITH_KNOTS((1,2
    ,2,2,2,1),(-2.094395102393,0.,2.094395102393,4.188790204786,
6.28318530718,8.377580409573),.UNSPECIFIED.) CURVE() 
GEOMETRIC_REPRESENTATION_ITEM() RATIONAL_B_SPLINE_CURVE((1.,0.5,1.,0.5,
1.,0.5,1.)) REPRESENTATION_ITEM('') );
#5242 = CARTESIAN_POINT('',(1.5,0.902983272383));
#5243 = CARTESIAN_POINT('',(2.366025403784,0.902983272383));
#5244 = CARTESIAN_POINT('',(1.933012701892,0.152983272383));
#5245 = CARTESIAN_POINT('',(1.5,-0.597016727617));
#5246 = CARTESIAN_POINT('',(1.066987298108,0.152983272383));
#5247 = CARTESIAN_POINT('',(0.633974596216,0.902983272383));
#5248 = CARTESIAN_POINT('',(1.5,0.902983272383));
#5249 = ( GEOMETRIC_REPRESENTATION_CONTEXT(2) 
PARAMETRIC_REPRESENTATION_CONTEXT() REPRESENTATION_CONTEXT('2D SPACE',''
  ) );
#5250 = PCURVE('',#4736,#5251);
#5251 = DEFINITIONAL_REPRESENTATION('',(#5252),#5256);
#5252 = LINE('',#5253,#5254);
#5253 = CARTESIAN_POINT('',(-3.14159265359,15.265339932093));
#5254 = VECTOR('',#5255,1.);
#5255 = DIRECTION('',(1.,0.));
#5256 = ( GEOMETRIC_REPRESENTATION_CONTEXT(2) 
PARAMETRIC_REPRESENTATION_CONTEXT() REPRESENTATION_CONTEXT('2D SPACE',''
  ) );
#5257 = ADVANCED_FACE('',(#5258),#4736,.T.);
#5258 = FACE_BOUND('',#5259,.T.);
#5259 = EDGE_LOOP('',(#5260,#5296,#5324,#5365,#5386,#5387));
#5260 = ORIENTED_EDGE('',*,*,#5261,.T.);
#5261 = EDGE_CURVE('',#4721,#5262,#5264,.T.);
#5262 = VERTEX_POINT('',#5263);
#5263 = CARTESIAN_POINT('',(185.5,147.47308317023,50.939990997315));
#5264 = SURFACE_CURVE('',#5265,(#5270,#5283),.PCURVE_S1.);
#5265 = ELLIPSE('',#5266,0.648879614858,0.5);
#5266 = AXIS2_PLACEMENT_3D('',#5267,#5268,#5269);
#5267 = CARTESIAN_POINT('',(186.,147.47308317023,50.939990997314));
#5268 = DIRECTION('',(0.,-0.770558958166,0.6373687253));
#5269 = DIRECTION('',(-0.,-0.6373687253,-0.770558958166));
#5270 = PCURVE('',#4736,#5271);
#5271 = DEFINITIONAL_REPRESENTATION('',(#5272),#5282);
#5272 = B_SPLINE_CURVE_WITH_KNOTS('',8,(#5273,#5274,#5275,#5276,#5277,
    #5278,#5279,#5280,#5281),.UNSPECIFIED.,.F.,.F.,(9,9),(3.14159265359,
    4.712388980385),.PIECEWISE_BEZIER_KNOTS.);
#5273 = CARTESIAN_POINT('',(0.,-2.028277477161E-14));
#5274 = CARTESIAN_POINT('',(0.196349541599,8.118508796688E-11));
#5275 = CARTESIAN_POINT('',(0.392699082199,1.822246079119E-02));
#5276 = CARTESIAN_POINT('',(0.589048622795,5.466722732383E-02));
#5277 = CARTESIAN_POINT('',(0.785398163402,0.107836211668));
#5278 = CARTESIAN_POINT('',(0.981747703992,0.17473019501));
#5279 = CARTESIAN_POINT('',(1.178097244597,0.251164805798));
#5280 = CARTESIAN_POINT('',(1.374446785196,0.332370198821));
#5281 = CARTESIAN_POINT('',(1.570796326795,0.413575572995));
#5282 = ( GEOMETRIC_REPRESENTATION_CONTEXT(2) 
PARAMETRIC_REPRESENTATION_CONTEXT() REPRESENTATION_CONTEXT('2D SPACE',''
  ) );
#5283 = PCURVE('',#4765,#5284);
#5284 = DEFINITIONAL_REPRESENTATION('',(#5285),#5295);
#5285 = B_SPLINE_CURVE_WITH_KNOTS('',8,(#5286,#5287,#5288,#5289,#5290,
    #5291,#5292,#5293,#5294),.UNSPECIFIED.,.F.,.F.,(9,9),(3.14159265359,
    4.712388980385),.PIECEWISE_BEZIER_KNOTS.);
#5286 = CARTESIAN_POINT('',(0.,52.368998072398));
#5287 = CARTESIAN_POINT('',(0.196349541599,52.368998072316));
#5288 = CARTESIAN_POINT('',(0.3926990822,52.350775611631));
#5289 = CARTESIAN_POINT('',(0.589048622792,52.314330844965));
#5290 = CARTESIAN_POINT('',(0.785398163404,52.261161860719));
#5291 = CARTESIAN_POINT('',(0.981747703991,52.194267877203));
#5292 = CARTESIAN_POINT('',(1.178097244598,52.117833266588));
#5293 = CARTESIAN_POINT('',(1.374446785196,52.036627873577));
#5294 = CARTESIAN_POINT('',(1.570796326795,51.955422499403));
#5295 = ( GEOMETRIC_REPRESENTATION_CONTEXT(2) 
PARAMETRIC_REPRESENTATION_CONTEXT() REPRESENTATION_CONTEXT('2D SPACE',''
  ) );
#5296 = ORIENTED_EDGE('',*,*,#5297,.T.);
#5297 = EDGE_CURVE('',#5262,#5298,#5300,.T.);
#5298 = VERTEX_POINT('',#5299);
#5299 = CARTESIAN_POINT('',(185.5,131.70664576941,50.939990997315));
#5300 = SURFACE_CURVE('',#5301,(#5305,#5312),.PCURVE_S1.);
#5301 = LINE('',#5302,#5303);
#5302 = CARTESIAN_POINT('',(185.5,147.88665874322,50.939990997314));
#5303 = VECTOR('',#5304,1.);
#5304 = DIRECTION('',(-0.,-1.,-0.));
#5305 = PCURVE('',#4736,#5306);
#5306 = DEFINITIONAL_REPRESENTATION('',(#5307),#5311);
#5307 = LINE('',#5308,#5309);
#5308 = CARTESIAN_POINT('',(1.570796326795,0.));
#5309 = VECTOR('',#5310,1.);
#5310 = DIRECTION('',(0.,1.));
#5311 = ( GEOMETRIC_REPRESENTATION_CONTEXT(2) 
PARAMETRIC_REPRESENTATION_CONTEXT() REPRESENTATION_CONTEXT('2D SPACE',''
  ) );
#5312 = PCURVE('',#5313,#5318);
#5313 = PLANE('',#5314);
#5314 = AXIS2_PLACEMENT_3D('',#5315,#5316,#5317);
#5315 = CARTESIAN_POINT('',(185.5,141.30538940429,37.5));
#5316 = DIRECTION('',(1.,0.,0.));
#5317 = DIRECTION('',(0.,1.,0.));
#5318 = DEFINITIONAL_REPRESENTATION('',(#5319),#5323);
#5319 = LINE('',#5320,#5321);
#5320 = CARTESIAN_POINT('',(6.58126933893,13.439990997314));
#5321 = VECTOR('',#5322,1.);
#5322 = DIRECTION('',(-1.,0.));
#5323 = ( GEOMETRIC_REPRESENTATION_CONTEXT(2) 
PARAMETRIC_REPRESENTATION_CONTEXT() REPRESENTATION_CONTEXT('2D SPACE',''
  ) );
#5324 = ORIENTED_EDGE('',*,*,#5325,.F.);
#5325 = EDGE_CURVE('',#5326,#5298,#5328,.T.);
#5326 = VERTEX_POINT('',#5327);
#5327 = CARTESIAN_POINT('',(186.,132.09707518577,51.439990997315));
#5328 = SURFACE_CURVE('',#5329,(#5334,#5347),.PCURVE_S1.);
#5329 = ELLIPSE('',#5330,0.634377749581,0.5);
#5330 = AXIS2_PLACEMENT_3D('',#5331,#5332,#5333);
#5331 = CARTESIAN_POINT('',(186.,131.70664576941,50.939990997314));
#5332 = DIRECTION('',(0.,-0.788173923707,0.615452570056));
#5333 = DIRECTION('',(0.,0.615452570056,0.788173923707));
#5334 = PCURVE('',#4736,#5335);
#5335 = DEFINITIONAL_REPRESENTATION('',(#5336),#5346);
#5336 = B_SPLINE_CURVE_WITH_KNOTS('',8,(#5337,#5338,#5339,#5340,#5341,
    #5342,#5343,#5344,#5345),.UNSPECIFIED.,.F.,.F.,(9,9),(0.,
    1.570796326795),.PIECEWISE_BEZIER_KNOTS.);
#5337 = CARTESIAN_POINT('',(0.,15.789583557451));
#5338 = CARTESIAN_POINT('',(0.196349541599,15.789583557527));
#5339 = CARTESIAN_POINT('',(0.392699082199,15.806786180616));
#5340 = CARTESIAN_POINT('',(0.589048622795,15.841191280531));
#5341 = CARTESIAN_POINT('',(0.785398163402,15.891384611285));
#5342 = CARTESIAN_POINT('',(0.981747703992,15.954534808181));
#5343 = CARTESIAN_POINT('',(1.178097244597,16.026691682162));
#5344 = CARTESIAN_POINT('',(1.374446785196,16.103352336886));
#5345 = CARTESIAN_POINT('',(1.570796326795,16.180012973816));
#5346 = ( GEOMETRIC_REPRESENTATION_CONTEXT(2) 
PARAMETRIC_REPRESENTATION_CONTEXT() REPRESENTATION_CONTEXT('2D SPACE',''
  ) );
#5347 = PCURVE('',#5348,#5353);
#5348 = CYLINDRICAL_SURFACE('',#5349,0.5);
#5349 = AXIS2_PLACEMENT_3D('',#5350,#5351,#5352);
#5350 = CARTESIAN_POINT('',(186.,131.61199151878,51.318772863303));
#5351 = DIRECTION('',(0.,-0.242436268024,0.970167333993));
#5352 = DIRECTION('',(0.,0.970167333993,0.242436268024));
#5353 = DEFINITIONAL_REPRESENTATION('',(#5354),#5364);
#5354 = B_SPLINE_CURVE_WITH_KNOTS('',8,(#5355,#5356,#5357,#5358,#5359,
    #5360,#5361,#5362,#5363),.UNSPECIFIED.,.F.,.F.,(9,9),(0.,
    1.570796326795),.PIECEWISE_BEZIER_KNOTS.);
#5355 = CARTESIAN_POINT('',(0.,-1.757740655734E-13));
#5356 = CARTESIAN_POINT('',(0.196349541599,-7.683641080069E-11));
#5357 = CARTESIAN_POINT('',(0.392699082199,-1.720262316251E-02));
#5358 = CARTESIAN_POINT('',(0.589048622799,-5.160772311602E-02));
#5359 = CARTESIAN_POINT('',(0.785398163393,-0.101801053867));
#5360 = CARTESIAN_POINT('',(0.981747703998,-0.164951250784));
#5361 = CARTESIAN_POINT('',(1.178097244595,-0.237108124711));
#5362 = CARTESIAN_POINT('',(1.374446785196,-0.313768779436));
#5363 = CARTESIAN_POINT('',(1.570796326795,-0.390429416366));
#5364 = ( GEOMETRIC_REPRESENTATION_CONTEXT(2) 
PARAMETRIC_REPRESENTATION_CONTEXT() REPRESENTATION_CONTEXT('2D SPACE',''
  ) );
#5365 = ORIENTED_EDGE('',*,*,#5366,.F.);
#5366 = EDGE_CURVE('',#5205,#5326,#5367,.T.);
#5367 = SURFACE_CURVE('',#5368,(#5372,#5379),.PCURVE_S1.);
#5368 = LINE('',#5369,#5370);
#5369 = CARTESIAN_POINT('',(186.,147.88665874322,51.439990997314));
#5370 = VECTOR('',#5371,1.);
#5371 = DIRECTION('',(-0.,-1.,-0.));
#5372 = PCURVE('',#4736,#5373);
#5373 = DEFINITIONAL_REPRESENTATION('',(#5374),#5378);
#5374 = LINE('',#5375,#5376);
#5375 = CARTESIAN_POINT('',(0.,0.));
#5376 = VECTOR('',#5377,1.);
#5377 = DIRECTION('',(0.,1.));
#5378 = ( GEOMETRIC_REPRESENTATION_CONTEXT(2) 
PARAMETRIC_REPRESENTATION_CONTEXT() REPRESENTATION_CONTEXT('2D SPACE',''
  ) );
#5379 = PCURVE('',#5220,#5380);
#5380 = DEFINITIONAL_REPRESENTATION('',(#5381),#5385);
#5381 = LINE('',#5382,#5383);
#5382 = CARTESIAN_POINT('',(0.,-1.5));
#5383 = VECTOR('',#5384,1.);
#5384 = DIRECTION('',(1.,0.));
#5385 = ( GEOMETRIC_REPRESENTATION_CONTEXT(2) 
PARAMETRIC_REPRESENTATION_CONTEXT() REPRESENTATION_CONTEXT('2D SPACE',''
  ) );
#5386 = ORIENTED_EDGE('',*,*,#5232,.T.);
#5387 = ORIENTED_EDGE('',*,*,#4720,.F.);
#5388 = ADVANCED_FACE('',(#5389),#5087,.T.);
#5389 = FACE_BOUND('',#5390,.T.);
#5390 = EDGE_LOOP('',(#5391,#5392,#5393,#5420));
#5391 = ORIENTED_EDGE('',*,*,#5072,.T.);
#5392 = ORIENTED_EDGE('',*,*,#5103,.T.);
#5393 = ORIENTED_EDGE('',*,*,#5394,.T.);
#5394 = EDGE_CURVE('',#5104,#5395,#5397,.T.);
#5395 = VERTEX_POINT('',#5396);
#5396 = CARTESIAN_POINT('',(184.5,133.62131881113,52.342974269698));
#5397 = SURFACE_CURVE('',#5398,(#5403,#5409),.PCURVE_S1.);
#5398 = CIRCLE('',#5399,1.);
#5399 = AXIS2_PLACEMENT_3D('',#5400,#5401,#5402);
#5400 = CARTESIAN_POINT('',(185.5,133.62131881113,52.342974269698));
#5401 = DIRECTION('',(0.,0.,-1.));
#5402 = DIRECTION('',(-1.,0.,0.));
#5403 = PCURVE('',#5087,#5404);
#5404 = DEFINITIONAL_REPRESENTATION('',(#5405),#5408);
#5405 = B_SPLINE_CURVE_WITH_KNOTS('',1,(#5406,#5407),.UNSPECIFIED.,.F.,
  .F.,(2,2),(4.712388980385,6.28318530718),.PIECEWISE_BEZIER_KNOTS.);
#5406 = CARTESIAN_POINT('',(1.570796326795,1.));
#5407 = CARTESIAN_POINT('',(0.,1.));
#5408 = ( GEOMETRIC_REPRESENTATION_CONTEXT(2) 
PARAMETRIC_REPRESENTATION_CONTEXT() REPRESENTATION_CONTEXT('2D SPACE',''
  ) );
#5409 = PCURVE('',#5410,#5415);
#5410 = SPHERICAL_SURFACE('',#5411,1.);
#5411 = AXIS2_PLACEMENT_3D('',#5412,#5413,#5414);
#5412 = CARTESIAN_POINT('',(185.5,133.62131881113,52.342974269698));
#5413 = DIRECTION('',(0.,1.,0.));
#5414 = DIRECTION('',(-1.,0.,0.));
#5415 = DEFINITIONAL_REPRESENTATION('',(#5416),#5419);
#5416 = B_SPLINE_CURVE_WITH_KNOTS('',1,(#5417,#5418),.UNSPECIFIED.,.F.,
  .F.,(2,2),(4.712388980385,6.28318530718),.PIECEWISE_BEZIER_KNOTS.);
#5417 = CARTESIAN_POINT('',(0.,-1.570796326795));
#5418 = CARTESIAN_POINT('',(0.,0.));
#5419 = ( GEOMETRIC_REPRESENTATION_CONTEXT(2) 
PARAMETRIC_REPRESENTATION_CONTEXT() REPRESENTATION_CONTEXT('2D SPACE',''
  ) );
#5420 = ORIENTED_EDGE('',*,*,#5421,.F.);
#5421 = EDGE_CURVE('',#5045,#5395,#5422,.T.);
#5422 = SURFACE_CURVE('',#5423,(#5427,#5434),.PCURVE_S1.);
#5423 = LINE('',#5424,#5425);
#5424 = CARTESIAN_POINT('',(184.5,133.62131881113,51.342974269698));
#5425 = VECTOR('',#5426,1.);
#5426 = DIRECTION('',(0.,0.,1.));
#5427 = PCURVE('',#5087,#5428);
#5428 = DEFINITIONAL_REPRESENTATION('',(#5429),#5433);
#5429 = LINE('',#5430,#5431);
#5430 = CARTESIAN_POINT('',(0.,0.));
#5431 = VECTOR('',#5432,1.);
#5432 = DIRECTION('',(0.,1.));
#5433 = ( GEOMETRIC_REPRESENTATION_CONTEXT(2) 
PARAMETRIC_REPRESENTATION_CONTEXT() REPRESENTATION_CONTEXT('2D SPACE',''
  ) );
#5434 = PCURVE('',#5060,#5435);
#5435 = DEFINITIONAL_REPRESENTATION('',(#5436),#5440);
#5436 = LINE('',#5437,#5438);
#5437 = CARTESIAN_POINT('',(19.,0.));
#5438 = VECTOR('',#5439,1.);
#5439 = DIRECTION('',(0.,-1.));
#5440 = ( GEOMETRIC_REPRESENTATION_CONTEXT(2) 
PARAMETRIC_REPRESENTATION_CONTEXT() REPRESENTATION_CONTEXT('2D SPACE',''
  ) );
#5441 = ADVANCED_FACE('',(#5442),#4765,.T.);
#5442 = FACE_BOUND('',#5443,.T.);
#5443 = EDGE_LOOP('',(#5444,#5467,#5508,#5529,#5530));
#5444 = ORIENTED_EDGE('',*,*,#5445,.F.);
#5445 = EDGE_CURVE('',#5446,#4749,#5448,.T.);
#5446 = VERTEX_POINT('',#5447);
#5447 = CARTESIAN_POINT('',(186.,157.70700931247,6.147859998862E-15));
#5448 = SURFACE_CURVE('',#5449,(#5453,#5460),.PCURVE_S1.);
#5449 = LINE('',#5450,#5451);
#5450 = CARTESIAN_POINT('',(186.,157.70700931247,3.566591466608E-15));
#5451 = VECTOR('',#5452,1.);
#5452 = DIRECTION('',(0.,-0.187522216019,0.982260361869));
#5453 = PCURVE('',#4765,#5454);
#5454 = DEFINITIONAL_REPRESENTATION('',(#5455),#5459);
#5455 = LINE('',#5456,#5457);
#5456 = CARTESIAN_POINT('',(0.,0.));
#5457 = VECTOR('',#5458,1.);
#5458 = DIRECTION('',(0.,1.));
#5459 = ( GEOMETRIC_REPRESENTATION_CONTEXT(2) 
PARAMETRIC_REPRESENTATION_CONTEXT() REPRESENTATION_CONTEXT('2D SPACE',''
  ) );
#5460 = PCURVE('',#4799,#5461);
#5461 = DEFINITIONAL_REPRESENTATION('',(#5462),#5466);
#5462 = LINE('',#5463,#5464);
#5463 = CARTESIAN_POINT('',(-3.552713678801E-15,-1.5));
#5464 = VECTOR('',#5465,1.);
#5465 = DIRECTION('',(1.,0.));
#5466 = ( GEOMETRIC_REPRESENTATION_CONTEXT(2) 
PARAMETRIC_REPRESENTATION_CONTEXT() REPRESENTATION_CONTEXT('2D SPACE',''
  ) );
#5467 = ORIENTED_EDGE('',*,*,#5468,.T.);
#5468 = EDGE_CURVE('',#5446,#5469,#5471,.T.);
#5469 = VERTEX_POINT('',#5470);
#5470 = CARTESIAN_POINT('',(185.5,157.10252486918,0.5));
#5471 = SURFACE_CURVE('',#5472,(#5477,#5490),.PCURVE_S1.);
#5472 = ELLIPSE('',#5473,0.784475265498,0.5);
#5473 = AXIS2_PLACEMENT_3D('',#5474,#5475,#5476);
#5474 = CARTESIAN_POINT('',(186.,157.10252486918,0.5));
#5475 = DIRECTION('',(-0.,0.6373687253,0.770558958166));
#5476 = DIRECTION('',(0.,-0.770558958166,0.6373687253));
#5477 = PCURVE('',#4765,#5478);
#5478 = DEFINITIONAL_REPRESENTATION('',(#5479),#5489);
#5479 = B_SPLINE_CURVE_WITH_KNOTS('',8,(#5480,#5481,#5482,#5483,#5484,
    #5485,#5486,#5487,#5488),.UNSPECIFIED.,.F.,.F.,(9,9),(3.14159265359,
    4.712388980385),.PIECEWISE_BEZIER_KNOTS.);
#5480 = CARTESIAN_POINT('',(0.,-3.744031533628E-15));
#5481 = CARTESIAN_POINT('',(0.196349541599,1.186864942952E-10));
#5482 = CARTESIAN_POINT('',(0.392699082198,2.663405381236E-02));
#5483 = CARTESIAN_POINT('',(0.589048622798,7.990193481703E-02));
#5484 = CARTESIAN_POINT('',(0.785398163396,0.15761402905));
#5485 = CARTESIAN_POINT('',(0.981747703997,0.255386660996));
#5486 = CARTESIAN_POINT('',(1.178097244596,0.367103929052));
#5487 = CARTESIAN_POINT('',(1.374446785196,0.485794199946));
#5488 = CARTESIAN_POINT('',(1.570796326795,0.604484443289));
#5489 = ( GEOMETRIC_REPRESENTATION_CONTEXT(2) 
PARAMETRIC_REPRESENTATION_CONTEXT() REPRESENTATION_CONTEXT('2D SPACE',''
  ) );
#5490 = PCURVE('',#5491,#5496);
#5491 = CYLINDRICAL_SURFACE('',#5492,0.5);
#5492 = AXIS2_PLACEMENT_3D('',#5493,#5494,#5495);
#5493 = CARTESIAN_POINT('',(186.,154.65282926362,0.5));
#5494 = DIRECTION('',(0.,1.,0.));
#5495 = DIRECTION('',(0.,0.,-1.));
#5496 = DEFINITIONAL_REPRESENTATION('',(#5497),#5507);
#5497 = B_SPLINE_CURVE_WITH_KNOTS('',8,(#5498,#5499,#5500,#5501,#5502,
    #5503,#5504,#5505,#5506),.UNSPECIFIED.,.F.,.F.,(9,9),(3.14159265359,
    4.712388980385),.PIECEWISE_BEZIER_KNOTS.);
#5498 = CARTESIAN_POINT('',(0.,3.054180048853));
#5499 = CARTESIAN_POINT('',(0.196349541599,3.054180048735));
#5500 = CARTESIAN_POINT('',(0.3926990822,3.027545995037));
#5501 = CARTESIAN_POINT('',(0.589048622794,2.974278114039));
#5502 = CARTESIAN_POINT('',(0.785398163404,2.896566019779));
#5503 = CARTESIAN_POINT('',(0.981747703991,2.798793387854));
#5504 = CARTESIAN_POINT('',(1.178097244597,2.687076119798));
#5505 = CARTESIAN_POINT('',(1.374446785196,2.568385848908));
#5506 = CARTESIAN_POINT('',(1.570796326795,2.449695605564));
#5507 = ( GEOMETRIC_REPRESENTATION_CONTEXT(2) 
PARAMETRIC_REPRESENTATION_CONTEXT() REPRESENTATION_CONTEXT('2D SPACE',''
  ) );
#5508 = ORIENTED_EDGE('',*,*,#5509,.T.);
#5509 = EDGE_CURVE('',#5469,#5262,#5510,.T.);
#5510 = SURFACE_CURVE('',#5511,(#5515,#5522),.PCURVE_S1.);
#5511 = LINE('',#5512,#5513);
#5512 = CARTESIAN_POINT('',(185.5,157.21587913154,-9.376110800969E-02));
#5513 = VECTOR('',#5514,1.);
#5514 = DIRECTION('',(0.,-0.187522216019,0.982260361869));
#5515 = PCURVE('',#4765,#5516);
#5516 = DEFINITIONAL_REPRESENTATION('',(#5517),#5521);
#5517 = LINE('',#5518,#5519);
#5518 = CARTESIAN_POINT('',(1.570796326795,0.));
#5519 = VECTOR('',#5520,1.);
#5520 = DIRECTION('',(0.,1.));
#5521 = ( GEOMETRIC_REPRESENTATION_CONTEXT(2) 
PARAMETRIC_REPRESENTATION_CONTEXT() REPRESENTATION_CONTEXT('2D SPACE',''
  ) );
#5522 = PCURVE('',#5313,#5523);
#5523 = DEFINITIONAL_REPRESENTATION('',(#5524),#5528);
#5524 = LINE('',#5525,#5526);
#5525 = CARTESIAN_POINT('',(15.910489727246,-37.59376110801));
#5526 = VECTOR('',#5527,1.);
#5527 = DIRECTION('',(-0.187522216019,0.982260361869));
#5528 = ( GEOMETRIC_REPRESENTATION_CONTEXT(2) 
PARAMETRIC_REPRESENTATION_CONTEXT() REPRESENTATION_CONTEXT('2D SPACE',''
  ) );
#5529 = ORIENTED_EDGE('',*,*,#5261,.F.);
#5530 = ORIENTED_EDGE('',*,*,#4748,.F.);
#5531 = ADVANCED_FACE('',(#5532),#5060,.F.);
#5532 = FACE_BOUND('',#5533,.F.);
#5533 = EDGE_LOOP('',(#5534,#5535,#5558,#5584));
#5534 = ORIENTED_EDGE('',*,*,#5044,.F.);
#5535 = ORIENTED_EDGE('',*,*,#5536,.T.);
#5536 = EDGE_CURVE('',#5016,#5537,#5539,.T.);
#5537 = VERTEX_POINT('',#5538);
#5538 = CARTESIAN_POINT('',(184.5,151.62131881113,52.342974269698));
#5539 = SURFACE_CURVE('',#5540,(#5544,#5551),.PCURVE_S1.);
#5540 = LINE('',#5541,#5542);
#5541 = CARTESIAN_POINT('',(184.5,151.62131881113,51.342974269698));
#5542 = VECTOR('',#5543,1.);
#5543 = DIRECTION('',(0.,0.,1.));
#5544 = PCURVE('',#5060,#5545);
#5545 = DEFINITIONAL_REPRESENTATION('',(#5546),#5550);
#5546 = LINE('',#5547,#5548);
#5547 = CARTESIAN_POINT('',(1.,0.));
#5548 = VECTOR('',#5549,1.);
#5549 = DIRECTION('',(0.,-1.));
#5550 = ( GEOMETRIC_REPRESENTATION_CONTEXT(2) 
PARAMETRIC_REPRESENTATION_CONTEXT() REPRESENTATION_CONTEXT('2D SPACE',''
  ) );
#5551 = PCURVE('',#5032,#5552);
#5552 = DEFINITIONAL_REPRESENTATION('',(#5553),#5557);
#5553 = LINE('',#5554,#5555);
#5554 = CARTESIAN_POINT('',(1.570796326795,0.));
#5555 = VECTOR('',#5556,1.);
#5556 = DIRECTION('',(0.,1.));
#5557 = ( GEOMETRIC_REPRESENTATION_CONTEXT(2) 
PARAMETRIC_REPRESENTATION_CONTEXT() REPRESENTATION_CONTEXT('2D SPACE',''
  ) );
#5558 = ORIENTED_EDGE('',*,*,#5559,.T.);
#5559 = EDGE_CURVE('',#5537,#5395,#5560,.T.);
#5560 = SURFACE_CURVE('',#5561,(#5565,#5572),.PCURVE_S1.);
#5561 = LINE('',#5562,#5563);
#5562 = CARTESIAN_POINT('',(184.5,152.62131881113,52.342974269698));
#5563 = VECTOR('',#5564,1.);
#5564 = DIRECTION('',(0.,-1.,0.));
#5565 = PCURVE('',#5060,#5566);
#5566 = DEFINITIONAL_REPRESENTATION('',(#5567),#5571);
#5567 = LINE('',#5568,#5569);
#5568 = CARTESIAN_POINT('',(0.,-1.));
#5569 = VECTOR('',#5570,1.);
#5570 = DIRECTION('',(1.,0.));
#5571 = ( GEOMETRIC_REPRESENTATION_CONTEXT(2) 
PARAMETRIC_REPRESENTATION_CONTEXT() REPRESENTATION_CONTEXT('2D SPACE',''
  ) );
#5572 = PCURVE('',#5573,#5578);
#5573 = CYLINDRICAL_SURFACE('',#5574,1.);
#5574 = AXIS2_PLACEMENT_3D('',#5575,#5576,#5577);
#5575 = CARTESIAN_POINT('',(185.5,152.62131881113,52.342974269698));
#5576 = DIRECTION('',(0.,-1.,0.));
#5577 = DIRECTION('',(-1.,0.,0.));
#5578 = DEFINITIONAL_REPRESENTATION('',(#5579),#5583);
#5579 = LINE('',#5580,#5581);
#5580 = CARTESIAN_POINT('',(-0.,0.));
#5581 = VECTOR('',#5582,1.);
#5582 = DIRECTION('',(-0.,1.));
#5583 = ( GEOMETRIC_REPRESENTATION_CONTEXT(2) 
PARAMETRIC_REPRESENTATION_CONTEXT() REPRESENTATION_CONTEXT('2D SPACE',''
  ) );
#5584 = ORIENTED_EDGE('',*,*,#5421,.F.);
#5585 = ADVANCED_FACE('',(#5586),#4799,.T.);
#5586 = FACE_BOUND('',#5587,.T.);
#5587 = EDGE_LOOP('',(#5588,#5611,#5637,#5638));
#5588 = ORIENTED_EDGE('',*,*,#5589,.F.);
#5589 = EDGE_CURVE('',#5590,#4784,#5592,.T.);
#5590 = VERTEX_POINT('',#5591);
#5591 = CARTESIAN_POINT('',(187.,157.70700931247,6.147859998862E-15));
#5592 = SURFACE_CURVE('',#5593,(#5597,#5604),.PCURVE_S1.);
#5593 = LINE('',#5594,#5595);
#5594 = CARTESIAN_POINT('',(187.,157.70700931247,3.566591466608E-15));
#5595 = VECTOR('',#5596,1.);
#5596 = DIRECTION('',(0.,-0.187522216019,0.982260361869));
#5597 = PCURVE('',#4799,#5598);
#5598 = DEFINITIONAL_REPRESENTATION('',(#5599),#5603);
#5599 = LINE('',#5600,#5601);
#5600 = CARTESIAN_POINT('',(-3.552713678801E-15,-0.5));
#5601 = VECTOR('',#5602,1.);
#5602 = DIRECTION('',(1.,0.));
#5603 = ( GEOMETRIC_REPRESENTATION_CONTEXT(2) 
PARAMETRIC_REPRESENTATION_CONTEXT() REPRESENTATION_CONTEXT('2D SPACE',''
  ) );
#5604 = PCURVE('',#4828,#5605);
#5605 = DEFINITIONAL_REPRESENTATION('',(#5606),#5610);
#5606 = LINE('',#5607,#5608);
#5607 = CARTESIAN_POINT('',(-0.,0.));
#5608 = VECTOR('',#5609,1.);
#5609 = DIRECTION('',(-0.,1.));
#5610 = ( GEOMETRIC_REPRESENTATION_CONTEXT(2) 
PARAMETRIC_REPRESENTATION_CONTEXT() REPRESENTATION_CONTEXT('2D SPACE',''
  ) );
#5611 = ORIENTED_EDGE('',*,*,#5612,.T.);
#5612 = EDGE_CURVE('',#5590,#5446,#5613,.T.);
#5613 = SURFACE_CURVE('',#5614,(#5618,#5625),.PCURVE_S1.);
#5614 = LINE('',#5615,#5616);
#5615 = CARTESIAN_POINT('',(187.5,157.70700931247,0.));
#5616 = VECTOR('',#5617,1.);
#5617 = DIRECTION('',(-1.,0.,0.));
#5618 = PCURVE('',#4799,#5619);
#5619 = DEFINITIONAL_REPRESENTATION('',(#5620),#5624);
#5620 = LINE('',#5621,#5622);
#5621 = CARTESIAN_POINT('',(-9.206575933887E-16,0.));
#5622 = VECTOR('',#5623,1.);
#5623 = DIRECTION('',(0.,-1.));
#5624 = ( GEOMETRIC_REPRESENTATION_CONTEXT(2) 
PARAMETRIC_REPRESENTATION_CONTEXT() REPRESENTATION_CONTEXT('2D SPACE',''
  ) );
#5625 = PCURVE('',#5626,#5631);
#5626 = PLANE('',#5627);
#5627 = AXIS2_PLACEMENT_3D('',#5628,#5629,#5630);
#5628 = CARTESIAN_POINT('',(187.5,154.65282926362,0.));
#5629 = DIRECTION('',(0.,0.,-1.));
#5630 = DIRECTION('',(0.,1.,0.));
#5631 = DEFINITIONAL_REPRESENTATION('',(#5632),#5636);
#5632 = LINE('',#5633,#5634);
#5633 = CARTESIAN_POINT('',(3.054180048853,0.));
#5634 = VECTOR('',#5635,1.);
#5635 = DIRECTION('',(0.,-1.));
#5636 = ( GEOMETRIC_REPRESENTATION_CONTEXT(2) 
PARAMETRIC_REPRESENTATION_CONTEXT() REPRESENTATION_CONTEXT('2D SPACE',''
  ) );
#5637 = ORIENTED_EDGE('',*,*,#5445,.T.);
#5638 = ORIENTED_EDGE('',*,*,#4783,.F.);
#5639 = ADVANCED_FACE('',(#5640),#5032,.T.);
#5640 = FACE_BOUND('',#5641,.T.);
#5641 = EDGE_LOOP('',(#5642,#5643,#5644,#5671));
#5642 = ORIENTED_EDGE('',*,*,#5015,.T.);
#5643 = ORIENTED_EDGE('',*,*,#5536,.T.);
#5644 = ORIENTED_EDGE('',*,*,#5645,.F.);
#5645 = EDGE_CURVE('',#5646,#5537,#5648,.T.);
#5646 = VERTEX_POINT('',#5647);
#5647 = CARTESIAN_POINT('',(185.5,152.62131881113,52.342974269698));
#5648 = SURFACE_CURVE('',#5649,(#5654,#5660),.PCURVE_S1.);
#5649 = CIRCLE('',#5650,1.);
#5650 = AXIS2_PLACEMENT_3D('',#5651,#5652,#5653);
#5651 = CARTESIAN_POINT('',(185.5,151.62131881113,52.342974269698));
#5652 = DIRECTION('',(0.,0.,1.));
#5653 = DIRECTION('',(-1.,1.836970198721E-16,0.));
#5654 = PCURVE('',#5032,#5655);
#5655 = DEFINITIONAL_REPRESENTATION('',(#5656),#5659);
#5656 = B_SPLINE_CURVE_WITH_KNOTS('',1,(#5657,#5658),.UNSPECIFIED.,.F.,
  .F.,(2,2),(4.712388980385,6.28318530718),.PIECEWISE_BEZIER_KNOTS.);
#5657 = CARTESIAN_POINT('',(0.,1.));
#5658 = CARTESIAN_POINT('',(1.570796326795,1.));
#5659 = ( GEOMETRIC_REPRESENTATION_CONTEXT(2) 
PARAMETRIC_REPRESENTATION_CONTEXT() REPRESENTATION_CONTEXT('2D SPACE',''
  ) );
#5660 = PCURVE('',#5661,#5666);
#5661 = SPHERICAL_SURFACE('',#5662,1.);
#5662 = AXIS2_PLACEMENT_3D('',#5663,#5664,#5665);
#5663 = CARTESIAN_POINT('',(185.5,151.62131881113,52.342974269698));
#5664 = DIRECTION('',(-1.836970198721E-16,-1.,0.));
#5665 = DIRECTION('',(-1.,1.836970198721E-16,0.));
#5666 = DEFINITIONAL_REPRESENTATION('',(#5667),#5670);
#5667 = B_SPLINE_CURVE_WITH_KNOTS('',1,(#5668,#5669),.UNSPECIFIED.,.F.,
  .F.,(2,2),(4.712388980385,6.28318530718),.PIECEWISE_BEZIER_KNOTS.);
#5668 = CARTESIAN_POINT('',(0.,-1.570796326795));
#5669 = CARTESIAN_POINT('',(0.,0.));
#5670 = ( GEOMETRIC_REPRESENTATION_CONTEXT(2) 
PARAMETRIC_REPRESENTATION_CONTEXT() REPRESENTATION_CONTEXT('2D SPACE',''
  ) );
#5671 = ORIENTED_EDGE('',*,*,#5672,.F.);
#5672 = EDGE_CURVE('',#4988,#5646,#5673,.T.);
#5673 = SURFACE_CURVE('',#5674,(#5678,#5685),.PCURVE_S1.);
#5674 = LINE('',#5675,#5676);
#5675 = CARTESIAN_POINT('',(185.5,152.62131881113,51.342974269698));
#5676 = VECTOR('',#5677,1.);
#5677 = DIRECTION('',(0.,0.,1.));
#5678 = PCURVE('',#5032,#5679);
#5679 = DEFINITIONAL_REPRESENTATION('',(#5680),#5684);
#5680 = LINE('',#5681,#5682);
#5681 = CARTESIAN_POINT('',(0.,0.));
#5682 = VECTOR('',#5683,1.);
#5683 = DIRECTION('',(0.,1.));
#5684 = ( GEOMETRIC_REPRESENTATION_CONTEXT(2) 
PARAMETRIC_REPRESENTATION_CONTEXT() REPRESENTATION_CONTEXT('2D SPACE',''
  ) );
#5685 = PCURVE('',#5003,#5686);
#5686 = DEFINITIONAL_REPRESENTATION('',(#5687),#5691);
#5687 = LINE('',#5688,#5689);
#5688 = CARTESIAN_POINT('',(3.,0.));
#5689 = VECTOR('',#5690,1.);
#5690 = DIRECTION('',(0.,-1.));
#5691 = ( GEOMETRIC_REPRESENTATION_CONTEXT(2) 
PARAMETRIC_REPRESENTATION_CONTEXT() REPRESENTATION_CONTEXT('2D SPACE',''
  ) );
#5692 = ADVANCED_FACE('',(#5693),#4828,.T.);
#5693 = FACE_BOUND('',#5694,.F.);
#5694 = EDGE_LOOP('',(#5695,#5696,#5726,#5754,#5788));
#5695 = ORIENTED_EDGE('',*,*,#5589,.F.);
#5696 = ORIENTED_EDGE('',*,*,#5697,.T.);
#5697 = EDGE_CURVE('',#5590,#5698,#5700,.T.);
#5698 = VERTEX_POINT('',#5699);
#5699 = CARTESIAN_POINT('',(187.5,157.19797930433,-7.216449660064E-16));
#5700 = SURFACE_CURVE('',#5701,(#5706,#5719),.PCURVE_S1.);
#5701 = ELLIPSE('',#5702,0.509030008142,0.5);
#5702 = AXIS2_PLACEMENT_3D('',#5703,#5704,#5705);
#5703 = CARTESIAN_POINT('',(187.,157.19797930433,0.));
#5704 = DIRECTION('',(-0.,-0.,-1.));
#5705 = DIRECTION('',(0.,-1.,0.));
#5706 = PCURVE('',#4828,#5707);
#5707 = DEFINITIONAL_REPRESENTATION('',(#5708),#5718);
#5708 = B_SPLINE_CURVE_WITH_KNOTS('',8,(#5709,#5710,#5711,#5712,#5713,
    #5714,#5715,#5716,#5717),.UNSPECIFIED.,.F.,.F.,(9,9),(3.14159265359,
    4.712388980385),.PIECEWISE_BEZIER_KNOTS.);
#5709 = CARTESIAN_POINT('',(1.072424127694E-14,-3.552761405969E-15));
#5710 = CARTESIAN_POINT('',(-0.196349541599,1.873888103111E-11));
#5711 = CARTESIAN_POINT('',(-0.392699082199,4.205796510686E-03));
#5712 = CARTESIAN_POINT('',(-0.589048622795,1.261735374628E-02));
#5713 = CARTESIAN_POINT('',(-0.785398163401,2.488890869137E-02));
#5714 = CARTESIAN_POINT('',(-0.981747703991,4.032823299278E-02));
#5715 = CARTESIAN_POINT('',(-1.178097244597,5.796956162727E-02));
#5716 = CARTESIAN_POINT('',(-1.374446785196,7.671200056241E-02));
#5717 = CARTESIAN_POINT('',(-1.570796326795,9.545443514719E-02));
#5718 = ( GEOMETRIC_REPRESENTATION_CONTEXT(2) 
PARAMETRIC_REPRESENTATION_CONTEXT() REPRESENTATION_CONTEXT('2D SPACE',''
  ) );
#5719 = PCURVE('',#5626,#5720);
#5720 = DEFINITIONAL_REPRESENTATION('',(#5721),#5725);
#5721 = ELLIPSE('',#5722,0.509030008142,0.5);
#5722 = AXIS2_PLACEMENT_2D('',#5723,#5724);
#5723 = CARTESIAN_POINT('',(2.545150040711,-0.5));
#5724 = DIRECTION('',(-1.,-0.));
#5725 = ( GEOMETRIC_REPRESENTATION_CONTEXT(2) 
PARAMETRIC_REPRESENTATION_CONTEXT() REPRESENTATION_CONTEXT('2D SPACE',''
  ) );
#5726 = ORIENTED_EDGE('',*,*,#5727,.T.);
#5727 = EDGE_CURVE('',#5698,#5728,#5730,.T.);
#5728 = VERTEX_POINT('',#5729);
#5729 = CARTESIAN_POINT('',(187.5,147.47308317023,50.939990997315));
#5730 = SURFACE_CURVE('',#5731,(#5735,#5742),.PCURVE_S1.);
#5731 = LINE('',#5732,#5733);
#5732 = CARTESIAN_POINT('',(187.5,157.21587913154,-9.376110800969E-02));
#5733 = VECTOR('',#5734,1.);
#5734 = DIRECTION('',(0.,-0.187522216019,0.982260361869));
#5735 = PCURVE('',#4828,#5736);
#5736 = DEFINITIONAL_REPRESENTATION('',(#5737),#5741);
#5737 = LINE('',#5738,#5739);
#5738 = CARTESIAN_POINT('',(-1.570796326795,0.));
#5739 = VECTOR('',#5740,1.);
#5740 = DIRECTION('',(-0.,1.));
#5741 = ( GEOMETRIC_REPRESENTATION_CONTEXT(2) 
PARAMETRIC_REPRESENTATION_CONTEXT() REPRESENTATION_CONTEXT('2D SPACE',''
  ) );
#5742 = PCURVE('',#5743,#5748);
#5743 = PLANE('',#5744);
#5744 = AXIS2_PLACEMENT_3D('',#5745,#5746,#5747);
#5745 = CARTESIAN_POINT('',(187.5,141.30538940429,37.5));
#5746 = DIRECTION('',(1.,0.,0.));
#5747 = DIRECTION('',(0.,1.,0.));
#5748 = DEFINITIONAL_REPRESENTATION('',(#5749),#5753);
#5749 = LINE('',#5750,#5751);
#5750 = CARTESIAN_POINT('',(15.910489727246,-37.59376110801));
#5751 = VECTOR('',#5752,1.);
#5752 = DIRECTION('',(-0.187522216019,0.982260361869));
#5753 = ( GEOMETRIC_REPRESENTATION_CONTEXT(2) 
PARAMETRIC_REPRESENTATION_CONTEXT() REPRESENTATION_CONTEXT('2D SPACE',''
  ) );
#5754 = ORIENTED_EDGE('',*,*,#5755,.T.);
#5755 = EDGE_CURVE('',#5728,#4812,#5756,.T.);
#5756 = SURFACE_CURVE('',#5757,(#5762,#5775),.PCURVE_S1.);
#5757 = ELLIPSE('',#5758,0.648879614858,0.5);
#5758 = AXIS2_PLACEMENT_3D('',#5759,#5760,#5761);
#5759 = CARTESIAN_POINT('',(187.,147.47308317023,50.939990997314));
#5760 = DIRECTION('',(0.,-0.770558958166,0.6373687253));
#5761 = DIRECTION('',(-0.,-0.6373687253,-0.770558958166));
#5762 = PCURVE('',#4828,#5763);
#5763 = DEFINITIONAL_REPRESENTATION('',(#5764),#5774);
#5764 = B_SPLINE_CURVE_WITH_KNOTS('',8,(#5765,#5766,#5767,#5768,#5769,
    #5770,#5771,#5772,#5773),.UNSPECIFIED.,.F.,.F.,(9,9),(1.570796326795
    ,3.14159265359),.PIECEWISE_BEZIER_KNOTS.);
#5765 = CARTESIAN_POINT('',(-1.570796326795,51.955422499403));
#5766 = CARTESIAN_POINT('',(-1.374446785196,52.036627873577));
#5767 = CARTESIAN_POINT('',(-1.178097244596,52.11783326661));
#5768 = CARTESIAN_POINT('',(-0.981747703998,52.194267877232));
#5769 = CARTESIAN_POINT('',(-0.785398163393,52.261161860864));
#5770 = CARTESIAN_POINT('',(-0.589048622799,52.314330845024));
#5771 = CARTESIAN_POINT('',(-0.392699082198,52.350775611631));
#5772 = CARTESIAN_POINT('',(-0.196349541599,52.368998072316));
#5773 = CARTESIAN_POINT('',(1.065686779663E-14,52.368998072398));
#5774 = ( GEOMETRIC_REPRESENTATION_CONTEXT(2) 
PARAMETRIC_REPRESENTATION_CONTEXT() REPRESENTATION_CONTEXT('2D SPACE',''
  ) );
#5775 = PCURVE('',#4862,#5776);
#5776 = DEFINITIONAL_REPRESENTATION('',(#5777),#5787);
#5777 = B_SPLINE_CURVE_WITH_KNOTS('',8,(#5778,#5779,#5780,#5781,#5782,
    #5783,#5784,#5785,#5786),.UNSPECIFIED.,.F.,.F.,(9,9),(1.570796326795
    ,3.14159265359),.PIECEWISE_BEZIER_KNOTS.);
#5778 = CARTESIAN_POINT('',(3.486613381498E-15,0.413575572995));
#5779 = CARTESIAN_POINT('',(0.196349541599,0.332370198821));
#5780 = CARTESIAN_POINT('',(0.392699082198,0.251164805798));
#5781 = CARTESIAN_POINT('',(0.589048622798,0.17473019501));
#5782 = CARTESIAN_POINT('',(0.785398163395,0.107836211669));
#5783 = CARTESIAN_POINT('',(0.981747703997,5.466722732342E-02));
#5784 = CARTESIAN_POINT('',(1.178097244595,1.822246079132E-02));
#5785 = CARTESIAN_POINT('',(1.374446785196,8.117696871501E-11));
#5786 = CARTESIAN_POINT('',(1.570796326795,-2.842191621808E-14));
#5787 = ( GEOMETRIC_REPRESENTATION_CONTEXT(2) 
PARAMETRIC_REPRESENTATION_CONTEXT() REPRESENTATION_CONTEXT('2D SPACE',''
  ) );
#5788 = ORIENTED_EDGE('',*,*,#4811,.T.);
#5789 = ADVANCED_FACE('',(#5790),#5003,.F.);
#5790 = FACE_BOUND('',#5791,.F.);
#5791 = EDGE_LOOP('',(#5792,#5793,#5816,#5842));
#5792 = ORIENTED_EDGE('',*,*,#4987,.F.);
#5793 = ORIENTED_EDGE('',*,*,#5794,.T.);
#5794 = EDGE_CURVE('',#4959,#5795,#5797,.T.);
#5795 = VERTEX_POINT('',#5796);
#5796 = CARTESIAN_POINT('',(187.5,152.62131881113,52.342974269698));
#5797 = SURFACE_CURVE('',#5798,(#5802,#5809),.PCURVE_S1.);
#5798 = LINE('',#5799,#5800);
#5799 = CARTESIAN_POINT('',(187.5,152.62131881113,51.342974269698));
#5800 = VECTOR('',#5801,1.);
#5801 = DIRECTION('',(0.,0.,1.));
#5802 = PCURVE('',#5003,#5803);
#5803 = DEFINITIONAL_REPRESENTATION('',(#5804),#5808);
#5804 = LINE('',#5805,#5806);
#5805 = CARTESIAN_POINT('',(1.,0.));
#5806 = VECTOR('',#5807,1.);
#5807 = DIRECTION('',(0.,-1.));
#5808 = ( GEOMETRIC_REPRESENTATION_CONTEXT(2) 
PARAMETRIC_REPRESENTATION_CONTEXT() REPRESENTATION_CONTEXT('2D SPACE',''
  ) );
#5809 = PCURVE('',#4975,#5810);
#5810 = DEFINITIONAL_REPRESENTATION('',(#5811),#5815);
#5811 = LINE('',#5812,#5813);
#5812 = CARTESIAN_POINT('',(1.570796326795,0.));
#5813 = VECTOR('',#5814,1.);
#5814 = DIRECTION('',(0.,1.));
#5815 = ( GEOMETRIC_REPRESENTATION_CONTEXT(2) 
PARAMETRIC_REPRESENTATION_CONTEXT() REPRESENTATION_CONTEXT('2D SPACE',''
  ) );
#5816 = ORIENTED_EDGE('',*,*,#5817,.T.);
#5817 = EDGE_CURVE('',#5795,#5646,#5818,.T.);
#5818 = SURFACE_CURVE('',#5819,(#5823,#5830),.PCURVE_S1.);
#5819 = LINE('',#5820,#5821);
#5820 = CARTESIAN_POINT('',(188.5,152.62131881113,52.342974269698));
#5821 = VECTOR('',#5822,1.);
#5822 = DIRECTION('',(-1.,1.836970198721E-16,0.));
#5823 = PCURVE('',#5003,#5824);
#5824 = DEFINITIONAL_REPRESENTATION('',(#5825),#5829);
#5825 = LINE('',#5826,#5827);
#5826 = CARTESIAN_POINT('',(0.,-1.));
#5827 = VECTOR('',#5828,1.);
#5828 = DIRECTION('',(1.,0.));
#5829 = ( GEOMETRIC_REPRESENTATION_CONTEXT(2) 
PARAMETRIC_REPRESENTATION_CONTEXT() REPRESENTATION_CONTEXT('2D SPACE',''
  ) );
#5830 = PCURVE('',#5831,#5836);
#5831 = CYLINDRICAL_SURFACE('',#5832,1.);
#5832 = AXIS2_PLACEMENT_3D('',#5833,#5834,#5835);
#5833 = CARTESIAN_POINT('',(188.5,151.62131881113,52.342974269698));
#5834 = DIRECTION('',(-1.,1.836970198721E-16,0.));
#5835 = DIRECTION('',(1.836970198721E-16,1.,0.));
#5836 = DEFINITIONAL_REPRESENTATION('',(#5837),#5841);
#5837 = LINE('',#5838,#5839);
#5838 = CARTESIAN_POINT('',(-0.,0.));
#5839 = VECTOR('',#5840,1.);
#5840 = DIRECTION('',(-0.,1.));
#5841 = ( GEOMETRIC_REPRESENTATION_CONTEXT(2) 
PARAMETRIC_REPRESENTATION_CONTEXT() REPRESENTATION_CONTEXT('2D SPACE',''
  ) );
#5842 = ORIENTED_EDGE('',*,*,#5672,.F.);
#5843 = ADVANCED_FACE('',(#5844),#4862,.T.);
#5844 = FACE_BOUND('',#5845,.T.);
#5845 = EDGE_LOOP('',(#5846,#5847,#5848,#5849,#5872,#5913));
#5846 = ORIENTED_EDGE('',*,*,#5755,.T.);
#5847 = ORIENTED_EDGE('',*,*,#4846,.T.);
#5848 = ORIENTED_EDGE('',*,*,#5176,.T.);
#5849 = ORIENTED_EDGE('',*,*,#5850,.T.);
#5850 = EDGE_CURVE('',#5177,#5851,#5853,.T.);
#5851 = VERTEX_POINT('',#5852);
#5852 = CARTESIAN_POINT('',(187.,132.09707518577,51.439990997315));
#5853 = SURFACE_CURVE('',#5854,(#5858,#5865),.PCURVE_S1.);
#5854 = LINE('',#5855,#5856);
#5855 = CARTESIAN_POINT('',(187.,147.88665874322,51.439990997314));
#5856 = VECTOR('',#5857,1.);
#5857 = DIRECTION('',(-0.,-1.,-0.));
#5858 = PCURVE('',#4862,#5859);
#5859 = DEFINITIONAL_REPRESENTATION('',(#5860),#5864);
#5860 = LINE('',#5861,#5862);
#5861 = CARTESIAN_POINT('',(1.570796326795,0.));
#5862 = VECTOR('',#5863,1.);
#5863 = DIRECTION('',(0.,1.));
#5864 = ( GEOMETRIC_REPRESENTATION_CONTEXT(2) 
PARAMETRIC_REPRESENTATION_CONTEXT() REPRESENTATION_CONTEXT('2D SPACE',''
  ) );
#5865 = PCURVE('',#5220,#5866);
#5866 = DEFINITIONAL_REPRESENTATION('',(#5867),#5871);
#5867 = LINE('',#5868,#5869);
#5868 = CARTESIAN_POINT('',(0.,-0.5));
#5869 = VECTOR('',#5870,1.);
#5870 = DIRECTION('',(1.,0.));
#5871 = ( GEOMETRIC_REPRESENTATION_CONTEXT(2) 
PARAMETRIC_REPRESENTATION_CONTEXT() REPRESENTATION_CONTEXT('2D SPACE',''
  ) );
#5872 = ORIENTED_EDGE('',*,*,#5873,.F.);
#5873 = EDGE_CURVE('',#5874,#5851,#5876,.T.);
#5874 = VERTEX_POINT('',#5875);
#5875 = CARTESIAN_POINT('',(187.5,131.70664576941,50.939990997315));
#5876 = SURFACE_CURVE('',#5877,(#5882,#5895),.PCURVE_S1.);
#5877 = ELLIPSE('',#5878,0.634377749581,0.5);
#5878 = AXIS2_PLACEMENT_3D('',#5879,#5880,#5881);
#5879 = CARTESIAN_POINT('',(187.,131.70664576941,50.939990997314));
#5880 = DIRECTION('',(0.,-0.788173923707,0.615452570056));
#5881 = DIRECTION('',(0.,0.615452570056,0.788173923707));
#5882 = PCURVE('',#4862,#5883);
#5883 = DEFINITIONAL_REPRESENTATION('',(#5884),#5894);
#5884 = B_SPLINE_CURVE_WITH_KNOTS('',8,(#5885,#5886,#5887,#5888,#5889,
    #5890,#5891,#5892,#5893),.UNSPECIFIED.,.F.,.F.,(9,9),(4.712388980385
    ,6.28318530718),.PIECEWISE_BEZIER_KNOTS.);
#5885 = CARTESIAN_POINT('',(3.48661338111E-15,16.180012973816));
#5886 = CARTESIAN_POINT('',(0.196349541599,16.103352336886));
#5887 = CARTESIAN_POINT('',(0.392699082198,16.026691682162));
#5888 = CARTESIAN_POINT('',(0.589048622798,15.954534808174));
#5889 = CARTESIAN_POINT('',(0.785398163395,15.89138461127));
#5890 = CARTESIAN_POINT('',(0.981747703997,15.841191280531));
#5891 = CARTESIAN_POINT('',(1.178097244595,15.806786180616));
#5892 = CARTESIAN_POINT('',(1.374446785196,15.789583557527));
#5893 = CARTESIAN_POINT('',(1.570796326795,15.789583557451));
#5894 = ( GEOMETRIC_REPRESENTATION_CONTEXT(2) 
PARAMETRIC_REPRESENTATION_CONTEXT() REPRESENTATION_CONTEXT('2D SPACE',''
  ) );
#5895 = PCURVE('',#5896,#5901);
#5896 = CYLINDRICAL_SURFACE('',#5897,0.5);
#5897 = AXIS2_PLACEMENT_3D('',#5898,#5899,#5900);
#5898 = CARTESIAN_POINT('',(187.,131.61199151878,51.318772863303));
#5899 = DIRECTION('',(0.,-0.242436268024,0.970167333993));
#5900 = DIRECTION('',(1.,0.,0.));
#5901 = DEFINITIONAL_REPRESENTATION('',(#5902),#5912);
#5902 = B_SPLINE_CURVE_WITH_KNOTS('',8,(#5903,#5904,#5905,#5906,#5907,
    #5908,#5909,#5910,#5911),.UNSPECIFIED.,.F.,.F.,(9,9),(4.712388980385
    ,6.28318530718),.PIECEWISE_BEZIER_KNOTS.);
#5903 = CARTESIAN_POINT('',(0.,-0.390429416366));
#5904 = CARTESIAN_POINT('',(0.196349541599,-0.313768779436));
#5905 = CARTESIAN_POINT('',(0.3926990822,-0.237108124711));
#5906 = CARTESIAN_POINT('',(0.589048622796,-0.164951250785));
#5907 = CARTESIAN_POINT('',(0.785398163402,-0.101801053867));
#5908 = CARTESIAN_POINT('',(0.981747703994,-5.160772311643E-02));
#5909 = CARTESIAN_POINT('',(1.178097244597,-1.720262316241E-02));
#5910 = CARTESIAN_POINT('',(1.374446785196,-7.684296027992E-11));
#5911 = CARTESIAN_POINT('',(1.570796326795,-1.822984254288E-13));
#5912 = ( GEOMETRIC_REPRESENTATION_CONTEXT(2) 
PARAMETRIC_REPRESENTATION_CONTEXT() REPRESENTATION_CONTEXT('2D SPACE',''
  ) );
#5913 = ORIENTED_EDGE('',*,*,#5914,.F.);
#5914 = EDGE_CURVE('',#5728,#5874,#5915,.T.);
#5915 = SURFACE_CURVE('',#5916,(#5920,#5927),.PCURVE_S1.);
#5916 = LINE('',#5917,#5918);
#5917 = CARTESIAN_POINT('',(187.5,147.88665874322,50.939990997314));
#5918 = VECTOR('',#5919,1.);
#5919 = DIRECTION('',(-0.,-1.,-0.));
#5920 = PCURVE('',#4862,#5921);
#5921 = DEFINITIONAL_REPRESENTATION('',(#5922),#5926);
#5922 = LINE('',#5923,#5924);
#5923 = CARTESIAN_POINT('',(0.,0.));
#5924 = VECTOR('',#5925,1.);
#5925 = DIRECTION('',(0.,1.));
#5926 = ( GEOMETRIC_REPRESENTATION_CONTEXT(2) 
PARAMETRIC_REPRESENTATION_CONTEXT() REPRESENTATION_CONTEXT('2D SPACE',''
  ) );
#5927 = PCURVE('',#5743,#5928);
#5928 = DEFINITIONAL_REPRESENTATION('',(#5929),#5933);
#5929 = LINE('',#5930,#5931);
#5930 = CARTESIAN_POINT('',(6.58126933893,13.439990997314));
#5931 = VECTOR('',#5932,1.);
#5932 = DIRECTION('',(-1.,0.));
#5933 = ( GEOMETRIC_REPRESENTATION_CONTEXT(2) 
PARAMETRIC_REPRESENTATION_CONTEXT() REPRESENTATION_CONTEXT('2D SPACE',''
  ) );
#5934 = ADVANCED_FACE('',(#5935),#4975,.T.);
#5935 = FACE_BOUND('',#5936,.T.);
#5936 = EDGE_LOOP('',(#5937,#5938,#5939,#5966));
#5937 = ORIENTED_EDGE('',*,*,#4958,.T.);
#5938 = ORIENTED_EDGE('',*,*,#5794,.T.);
#5939 = ORIENTED_EDGE('',*,*,#5940,.F.);
#5940 = EDGE_CURVE('',#5941,#5795,#5943,.T.);
#5941 = VERTEX_POINT('',#5942);
#5942 = CARTESIAN_POINT('',(188.5,151.62131881113,52.342974269698));
#5943 = SURFACE_CURVE('',#5944,(#5949,#5955),.PCURVE_S1.);
#5944 = CIRCLE('',#5945,1.);
#5945 = AXIS2_PLACEMENT_3D('',#5946,#5947,#5948);
#5946 = CARTESIAN_POINT('',(187.5,151.62131881113,52.342974269698));
#5947 = DIRECTION('',(1.969382255563E-32,1.608122649677E-16,1.));
#5948 = DIRECTION('',(1.224646799147E-16,1.,-1.608122649677E-16));
#5949 = PCURVE('',#4975,#5950);
#5950 = DEFINITIONAL_REPRESENTATION('',(#5951),#5954);
#5951 = B_SPLINE_CURVE_WITH_KNOTS('',1,(#5952,#5953),.UNSPECIFIED.,.F.,
  .F.,(2,2),(4.712388980385,6.28318530718),.PIECEWISE_BEZIER_KNOTS.);
#5952 = CARTESIAN_POINT('',(0.,1.));
#5953 = CARTESIAN_POINT('',(1.570796326795,1.));
#5954 = ( GEOMETRIC_REPRESENTATION_CONTEXT(2) 
PARAMETRIC_REPRESENTATION_CONTEXT() REPRESENTATION_CONTEXT('2D SPACE',''
  ) );
#5955 = PCURVE('',#5956,#5961);
#5956 = SPHERICAL_SURFACE('',#5957,1.);
#5957 = AXIS2_PLACEMENT_3D('',#5958,#5959,#5960);
#5958 = CARTESIAN_POINT('',(187.5,151.62131881113,52.342974269698));
#5959 = DIRECTION('',(-1.,1.224646799147E-16,0.));
#5960 = DIRECTION('',(0.,0.,1.));
#5961 = DEFINITIONAL_REPRESENTATION('',(#5962),#5965);
#5962 = B_SPLINE_CURVE_WITH_KNOTS('',1,(#5963,#5964),.UNSPECIFIED.,.F.,
  .F.,(2,2),(4.712388980385,6.28318530718),.PIECEWISE_BEZIER_KNOTS.);
#5963 = CARTESIAN_POINT('',(1.570796326795,-1.570796326795));
#5964 = CARTESIAN_POINT('',(1.570796326795,0.));
#5965 = ( GEOMETRIC_REPRESENTATION_CONTEXT(2) 
PARAMETRIC_REPRESENTATION_CONTEXT() REPRESENTATION_CONTEXT('2D SPACE',''
  ) );
#5966 = ORIENTED_EDGE('',*,*,#5967,.F.);
#5967 = EDGE_CURVE('',#4931,#5941,#5968,.T.);
#5968 = SURFACE_CURVE('',#5969,(#5973,#5980),.PCURVE_S1.);
#5969 = LINE('',#5970,#5971);
#5970 = CARTESIAN_POINT('',(188.5,151.62131881113,51.342974269698));
#5971 = VECTOR('',#5972,1.);
#5972 = DIRECTION('',(0.,0.,1.));
#5973 = PCURVE('',#4975,#5974);
#5974 = DEFINITIONAL_REPRESENTATION('',(#5975),#5979);
#5975 = LINE('',#5976,#5977);
#5976 = CARTESIAN_POINT('',(0.,0.));
#5977 = VECTOR('',#5978,1.);
#5978 = DIRECTION('',(0.,1.));
#5979 = ( GEOMETRIC_REPRESENTATION_CONTEXT(2) 
PARAMETRIC_REPRESENTATION_CONTEXT() REPRESENTATION_CONTEXT('2D SPACE',''
  ) );
#5980 = PCURVE('',#4946,#5981);
#5981 = DEFINITIONAL_REPRESENTATION('',(#5982),#5986);
#5982 = LINE('',#5983,#5984);
#5983 = CARTESIAN_POINT('',(19.,0.));
#5984 = VECTOR('',#5985,1.);
#5985 = DIRECTION('',(0.,-1.));
#5986 = ( GEOMETRIC_REPRESENTATION_CONTEXT(2) 
PARAMETRIC_REPRESENTATION_CONTEXT() REPRESENTATION_CONTEXT('2D SPACE',''
  ) );
#5987 = ADVANCED_FACE('',(#5988),#4946,.F.);
#5988 = FACE_BOUND('',#5989,.F.);
#5989 = EDGE_LOOP('',(#5990,#5991,#6014,#6040));
#5990 = ORIENTED_EDGE('',*,*,#4930,.F.);
#5991 = ORIENTED_EDGE('',*,*,#5992,.T.);
#5992 = EDGE_CURVE('',#4898,#5993,#5995,.T.);
#5993 = VERTEX_POINT('',#5994);
#5994 = CARTESIAN_POINT('',(188.5,133.62131881113,52.342974269698));
#5995 = SURFACE_CURVE('',#5996,(#6000,#6007),.PCURVE_S1.);
#5996 = LINE('',#5997,#5998);
#5997 = CARTESIAN_POINT('',(188.5,133.62131881113,51.342974269698));
#5998 = VECTOR('',#5999,1.);
#5999 = DIRECTION('',(0.,0.,1.));
#6000 = PCURVE('',#4946,#6001);
#6001 = DEFINITIONAL_REPRESENTATION('',(#6002),#6006);
#6002 = LINE('',#6003,#6004);
#6003 = CARTESIAN_POINT('',(1.,0.));
#6004 = VECTOR('',#6005,1.);
#6005 = DIRECTION('',(0.,-1.));
#6006 = ( GEOMETRIC_REPRESENTATION_CONTEXT(2) 
PARAMETRIC_REPRESENTATION_CONTEXT() REPRESENTATION_CONTEXT('2D SPACE',''
  ) );
#6007 = PCURVE('',#4918,#6008);
#6008 = DEFINITIONAL_REPRESENTATION('',(#6009),#6013);
#6009 = LINE('',#6010,#6011);
#6010 = CARTESIAN_POINT('',(-0.,0.));
#6011 = VECTOR('',#6012,1.);
#6012 = DIRECTION('',(-0.,1.));
#6013 = ( GEOMETRIC_REPRESENTATION_CONTEXT(2) 
PARAMETRIC_REPRESENTATION_CONTEXT() REPRESENTATION_CONTEXT('2D SPACE',''
  ) );
#6014 = ORIENTED_EDGE('',*,*,#6015,.T.);
#6015 = EDGE_CURVE('',#5993,#5941,#6016,.T.);
#6016 = SURFACE_CURVE('',#6017,(#6021,#6028),.PCURVE_S1.);
#6017 = LINE('',#6018,#6019);
#6018 = CARTESIAN_POINT('',(188.5,132.62131881113,52.342974269698));
#6019 = VECTOR('',#6020,1.);
#6020 = DIRECTION('',(1.224646799147E-16,1.,0.));
#6021 = PCURVE('',#4946,#6022);
#6022 = DEFINITIONAL_REPRESENTATION('',(#6023),#6027);
#6023 = LINE('',#6024,#6025);
#6024 = CARTESIAN_POINT('',(0.,-1.));
#6025 = VECTOR('',#6026,1.);
#6026 = DIRECTION('',(1.,0.));
#6027 = ( GEOMETRIC_REPRESENTATION_CONTEXT(2) 
PARAMETRIC_REPRESENTATION_CONTEXT() REPRESENTATION_CONTEXT('2D SPACE',''
  ) );
#6028 = PCURVE('',#6029,#6034);
#6029 = CYLINDRICAL_SURFACE('',#6030,1.);
#6030 = AXIS2_PLACEMENT_3D('',#6031,#6032,#6033);
#6031 = CARTESIAN_POINT('',(187.5,132.62131881113,52.342974269698));
#6032 = DIRECTION('',(1.224646799147E-16,1.,0.));
#6033 = DIRECTION('',(1.,-1.224646799147E-16,0.));
#6034 = DEFINITIONAL_REPRESENTATION('',(#6035),#6039);
#6035 = LINE('',#6036,#6037);
#6036 = CARTESIAN_POINT('',(-0.,0.));
#6037 = VECTOR('',#6038,1.);
#6038 = DIRECTION('',(-0.,1.));
#6039 = ( GEOMETRIC_REPRESENTATION_CONTEXT(2) 
PARAMETRIC_REPRESENTATION_CONTEXT() REPRESENTATION_CONTEXT('2D SPACE',''
  ) );
#6040 = ORIENTED_EDGE('',*,*,#5967,.F.);
#6041 = ADVANCED_FACE('',(#6042),#4918,.T.);
#6042 = FACE_BOUND('',#6043,.F.);
#6043 = EDGE_LOOP('',(#6044,#6045,#6046,#6071));
#6044 = ORIENTED_EDGE('',*,*,#4897,.T.);
#6045 = ORIENTED_EDGE('',*,*,#5154,.T.);
#6046 = ORIENTED_EDGE('',*,*,#6047,.F.);
#6047 = EDGE_CURVE('',#5993,#5127,#6048,.T.);
#6048 = SURFACE_CURVE('',#6049,(#6054,#6060),.PCURVE_S1.);
#6049 = CIRCLE('',#6050,1.);
#6050 = AXIS2_PLACEMENT_3D('',#6051,#6052,#6053);
#6051 = CARTESIAN_POINT('',(187.5,133.62131881113,52.342974269698));
#6052 = DIRECTION('',(-3.469142038225E-32,-2.832769448824E-16,-1.));
#6053 = DIRECTION('',(-1.224646799147E-16,-1.,2.832769448824E-16));
#6054 = PCURVE('',#4918,#6055);
#6055 = DEFINITIONAL_REPRESENTATION('',(#6056),#6059);
#6056 = B_SPLINE_CURVE_WITH_KNOTS('',1,(#6057,#6058),.UNSPECIFIED.,.F.,
  .F.,(2,2),(4.712388980385,6.28318530718),.PIECEWISE_BEZIER_KNOTS.);
#6057 = CARTESIAN_POINT('',(0.,1.));
#6058 = CARTESIAN_POINT('',(-1.570796326795,1.));
#6059 = ( GEOMETRIC_REPRESENTATION_CONTEXT(2) 
PARAMETRIC_REPRESENTATION_CONTEXT() REPRESENTATION_CONTEXT('2D SPACE',''
  ) );
#6060 = PCURVE('',#6061,#6066);
#6061 = SPHERICAL_SURFACE('',#6062,1.);
#6062 = AXIS2_PLACEMENT_3D('',#6063,#6064,#6065);
#6063 = CARTESIAN_POINT('',(187.5,133.62131881113,52.342974269698));
#6064 = DIRECTION('',(-1.,1.224646799147E-16,0.));
#6065 = DIRECTION('',(0.,0.,1.));
#6066 = DEFINITIONAL_REPRESENTATION('',(#6067),#6070);
#6067 = B_SPLINE_CURVE_WITH_KNOTS('',1,(#6068,#6069),.UNSPECIFIED.,.F.,
  .F.,(2,2),(4.712388980385,6.28318530718),.PIECEWISE_BEZIER_KNOTS.);
#6068 = CARTESIAN_POINT('',(-1.570796326795,-1.570796326795));
#6069 = CARTESIAN_POINT('',(-1.570796326795,0.));
#6070 = ( GEOMETRIC_REPRESENTATION_CONTEXT(2) 
PARAMETRIC_REPRESENTATION_CONTEXT() REPRESENTATION_CONTEXT('2D SPACE',''
  ) );
#6071 = ORIENTED_EDGE('',*,*,#5992,.F.);
#6072 = ADVANCED_FACE('',(#6073),#5220,.T.);
#6073 = FACE_BOUND('',#6074,.T.);
#6074 = EDGE_LOOP('',(#6075,#6076,#6077,#6078));
#6075 = ORIENTED_EDGE('',*,*,#5850,.F.);
#6076 = ORIENTED_EDGE('',*,*,#5204,.F.);
#6077 = ORIENTED_EDGE('',*,*,#5366,.T.);
#6078 = ORIENTED_EDGE('',*,*,#6079,.F.);
#6079 = EDGE_CURVE('',#5851,#5326,#6080,.T.);
#6080 = SURFACE_CURVE('',#6081,(#6085,#6092),.PCURVE_S1.);
#6081 = LINE('',#6082,#6083);
#6082 = CARTESIAN_POINT('',(187.5,132.09707518577,51.439990997315));
#6083 = VECTOR('',#6084,1.);
#6084 = DIRECTION('',(-1.,0.,0.));
#6085 = PCURVE('',#5220,#6086);
#6086 = DEFINITIONAL_REPRESENTATION('',(#6087),#6091);
#6087 = LINE('',#6088,#6089);
#6088 = CARTESIAN_POINT('',(15.789583557451,0.));
#6089 = VECTOR('',#6090,1.);
#6090 = DIRECTION('',(0.,-1.));
#6091 = ( GEOMETRIC_REPRESENTATION_CONTEXT(2) 
PARAMETRIC_REPRESENTATION_CONTEXT() REPRESENTATION_CONTEXT('2D SPACE',''
  ) );
#6092 = PCURVE('',#6093,#6098);
#6093 = PLANE('',#6094);
#6094 = AXIS2_PLACEMENT_3D('',#6095,#6096,#6097);
#6095 = CARTESIAN_POINT('',(187.5,132.09707518577,51.439990997315));
#6096 = DIRECTION('',(0.,0.970167333993,0.242436268024));
#6097 = DIRECTION('',(0.,-0.242436268024,0.970167333993));
#6098 = DEFINITIONAL_REPRESENTATION('',(#6099),#6103);
#6099 = LINE('',#6100,#6101);
#6100 = CARTESIAN_POINT('',(0.,0.));
#6101 = VECTOR('',#6102,1.);
#6102 = DIRECTION('',(0.,-1.));
#6103 = ( GEOMETRIC_REPRESENTATION_CONTEXT(2) 
PARAMETRIC_REPRESENTATION_CONTEXT() REPRESENTATION_CONTEXT('2D SPACE',''
  ) );
#6104 = ADVANCED_FACE('',(#6105),#5142,.T.);
#6105 = FACE_BOUND('',#6106,.F.);
#6106 = EDGE_LOOP('',(#6107,#6129,#6157,#6179));
#6107 = ORIENTED_EDGE('',*,*,#6108,.T.);
#6108 = EDGE_CURVE('',#5104,#6109,#6111,.T.);
#6109 = VERTEX_POINT('',#6110);
#6110 = CARTESIAN_POINT('',(185.5,133.62131881113,53.342974269698));
#6111 = SURFACE_CURVE('',#6112,(#6117,#6123),.PCURVE_S1.);
#6112 = CIRCLE('',#6113,1.);
#6113 = AXIS2_PLACEMENT_3D('',#6114,#6115,#6116);
#6114 = CARTESIAN_POINT('',(185.5,133.62131881113,52.342974269698));
#6115 = DIRECTION('',(-1.,0.,-6.123233995737E-17));
#6116 = DIRECTION('',(-6.123233995737E-17,0.,1.));
#6117 = PCURVE('',#5142,#6118);
#6118 = DEFINITIONAL_REPRESENTATION('',(#6119),#6122);
#6119 = B_SPLINE_CURVE_WITH_KNOTS('',1,(#6120,#6121),.UNSPECIFIED.,.F.,
  .F.,(2,2),(4.712388980385,6.28318530718),.PIECEWISE_BEZIER_KNOTS.);
#6120 = CARTESIAN_POINT('',(0.,1.));
#6121 = CARTESIAN_POINT('',(-1.570796326795,1.));
#6122 = ( GEOMETRIC_REPRESENTATION_CONTEXT(2) 
PARAMETRIC_REPRESENTATION_CONTEXT() REPRESENTATION_CONTEXT('2D SPACE',''
  ) );
#6123 = PCURVE('',#5410,#6124);
#6124 = DEFINITIONAL_REPRESENTATION('',(#6125),#6128);
#6125 = B_SPLINE_CURVE_WITH_KNOTS('',1,(#6126,#6127),.UNSPECIFIED.,.F.,
  .F.,(2,2),(4.712388980385,6.28318530718),.PIECEWISE_BEZIER_KNOTS.);
#6126 = CARTESIAN_POINT('',(1.570796326795,-1.570796326795));
#6127 = CARTESIAN_POINT('',(1.570796326795,0.));
#6128 = ( GEOMETRIC_REPRESENTATION_CONTEXT(2) 
PARAMETRIC_REPRESENTATION_CONTEXT() REPRESENTATION_CONTEXT('2D SPACE',''
  ) );
#6129 = ORIENTED_EDGE('',*,*,#6130,.T.);
#6130 = EDGE_CURVE('',#6109,#6131,#6133,.T.);
#6131 = VERTEX_POINT('',#6132);
#6132 = CARTESIAN_POINT('',(187.5,133.62131881113,53.342974269698));
#6133 = SURFACE_CURVE('',#6134,(#6138,#6145),.PCURVE_S1.);
#6134 = LINE('',#6135,#6136);
#6135 = CARTESIAN_POINT('',(184.5,133.62131881113,53.342974269698));
#6136 = VECTOR('',#6137,1.);
#6137 = DIRECTION('',(1.,0.,0.));
#6138 = PCURVE('',#5142,#6139);
#6139 = DEFINITIONAL_REPRESENTATION('',(#6140),#6144);
#6140 = LINE('',#6141,#6142);
#6141 = CARTESIAN_POINT('',(-1.570796326795,0.));
#6142 = VECTOR('',#6143,1.);
#6143 = DIRECTION('',(-0.,1.));
#6144 = ( GEOMETRIC_REPRESENTATION_CONTEXT(2) 
PARAMETRIC_REPRESENTATION_CONTEXT() REPRESENTATION_CONTEXT('2D SPACE',''
  ) );
#6145 = PCURVE('',#6146,#6151);
#6146 = PLANE('',#6147);
#6147 = AXIS2_PLACEMENT_3D('',#6148,#6149,#6150);
#6148 = CARTESIAN_POINT('',(186.5,140.51611058985,53.342974269698));
#6149 = DIRECTION('',(0.,0.,1.));
#6150 = DIRECTION('',(0.,-1.,0.));
#6151 = DEFINITIONAL_REPRESENTATION('',(#6152),#6156);
#6152 = LINE('',#6153,#6154);
#6153 = CARTESIAN_POINT('',(6.894791778725,-2.));
#6154 = VECTOR('',#6155,1.);
#6155 = DIRECTION('',(0.,1.));
#6156 = ( GEOMETRIC_REPRESENTATION_CONTEXT(2) 
PARAMETRIC_REPRESENTATION_CONTEXT() REPRESENTATION_CONTEXT('2D SPACE',''
  ) );
#6157 = ORIENTED_EDGE('',*,*,#6158,.T.);
#6158 = EDGE_CURVE('',#6131,#5127,#6159,.T.);
#6159 = SURFACE_CURVE('',#6160,(#6165,#6172),.PCURVE_S1.);
#6160 = CIRCLE('',#6161,1.);
#6161 = AXIS2_PLACEMENT_3D('',#6162,#6163,#6164);
#6162 = CARTESIAN_POINT('',(187.5,133.62131881113,52.342974269698));
#6163 = DIRECTION('',(1.,-1.224646799147E-16,0.));
#6164 = DIRECTION('',(0.,0.,1.));
#6165 = PCURVE('',#5142,#6166);
#6166 = DEFINITIONAL_REPRESENTATION('',(#6167),#6171);
#6167 = LINE('',#6168,#6169);
#6168 = CARTESIAN_POINT('',(-1.570796326795,3.));
#6169 = VECTOR('',#6170,1.);
#6170 = DIRECTION('',(1.,-0.));
#6171 = ( GEOMETRIC_REPRESENTATION_CONTEXT(2) 
PARAMETRIC_REPRESENTATION_CONTEXT() REPRESENTATION_CONTEXT('2D SPACE',''
  ) );
#6172 = PCURVE('',#6061,#6173);
#6173 = DEFINITIONAL_REPRESENTATION('',(#6174),#6178);
#6174 = LINE('',#6175,#6176);
#6175 = CARTESIAN_POINT('',(-0.,0.));
#6176 = VECTOR('',#6177,1.);
#6177 = DIRECTION('',(-1.,0.));
#6178 = ( GEOMETRIC_REPRESENTATION_CONTEXT(2) 
PARAMETRIC_REPRESENTATION_CONTEXT() REPRESENTATION_CONTEXT('2D SPACE',''
  ) );
#6179 = ORIENTED_EDGE('',*,*,#5126,.F.);
#6180 = ADVANCED_FACE('',(#6181),#5313,.F.);
#6181 = FACE_BOUND('',#6182,.F.);
#6182 = EDGE_LOOP('',(#6183,#6213,#6241,#6269,#6297,#6325,#6353,#6381,
    #6409,#6430,#6431,#6432));
#6183 = ORIENTED_EDGE('',*,*,#6184,.T.);
#6184 = EDGE_CURVE('',#6185,#6187,#6189,.T.);
#6185 = VERTEX_POINT('',#6186);
#6186 = CARTESIAN_POINT('',(185.5,123.45654793298,83.954751900795));
#6187 = VERTEX_POINT('',#6188);
#6188 = CARTESIAN_POINT('',(185.5,121.51163004358,83.488220233171));
#6189 = SURFACE_CURVE('',#6190,(#6194,#6201),.PCURVE_S1.);
#6190 = LINE('',#6191,#6192);
#6191 = CARTESIAN_POINT('',(185.5,123.80538940429,84.038429260254));
#6192 = VECTOR('',#6193,1.);
#6193 = DIRECTION('',(-0.,-0.972415503809,-0.233255413552));
#6194 = PCURVE('',#5313,#6195);
#6195 = DEFINITIONAL_REPRESENTATION('',(#6196),#6200);
#6196 = LINE('',#6197,#6198);
#6197 = CARTESIAN_POINT('',(-17.5,46.538429260254));
#6198 = VECTOR('',#6199,1.);
#6199 = DIRECTION('',(-0.972415503809,-0.233255413552));
#6200 = ( GEOMETRIC_REPRESENTATION_CONTEXT(2) 
PARAMETRIC_REPRESENTATION_CONTEXT() REPRESENTATION_CONTEXT('2D SPACE',''
  ) );
#6201 = PCURVE('',#6202,#6207);
#6202 = PLANE('',#6203);
#6203 = AXIS2_PLACEMENT_3D('',#6204,#6205,#6206);
#6204 = CARTESIAN_POINT('',(187.5,123.94277740532,84.071384817701));
#6205 = DIRECTION('',(0.,-0.233255413552,0.972415503809));
#6206 = DIRECTION('',(-0.,-0.972415503809,-0.233255413552));
#6207 = DEFINITIONAL_REPRESENTATION('',(#6208),#6212);
#6208 = LINE('',#6209,#6210);
#6209 = CARTESIAN_POINT('',(0.141285284422,-2.));
#6210 = VECTOR('',#6211,1.);
#6211 = DIRECTION('',(1.,0.));
#6212 = ( GEOMETRIC_REPRESENTATION_CONTEXT(2) 
PARAMETRIC_REPRESENTATION_CONTEXT() REPRESENTATION_CONTEXT('2D SPACE',''
  ) );
#6213 = ORIENTED_EDGE('',*,*,#6214,.T.);
#6214 = EDGE_CURVE('',#6187,#6215,#6217,.T.);
#6215 = VERTEX_POINT('',#6216);
#6216 = CARTESIAN_POINT('',(185.5,134.66278754975,30.860684259848));
#6217 = SURFACE_CURVE('',#6218,(#6222,#6229),.PCURVE_S1.);
#6218 = LINE('',#6219,#6220);
#6219 = CARTESIAN_POINT('',(185.5,121.51048423823,83.492805450277));
#6220 = VECTOR('',#6221,1.);
#6221 = DIRECTION('',(0.,0.242436268024,-0.970167333993));
#6222 = PCURVE('',#5313,#6223);
#6223 = DEFINITIONAL_REPRESENTATION('',(#6224),#6228);
#6224 = LINE('',#6225,#6226);
#6225 = CARTESIAN_POINT('',(-19.79490516606,45.992805450277));
#6226 = VECTOR('',#6227,1.);
#6227 = DIRECTION('',(0.242436268024,-0.970167333993));
#6228 = ( GEOMETRIC_REPRESENTATION_CONTEXT(2) 
PARAMETRIC_REPRESENTATION_CONTEXT() REPRESENTATION_CONTEXT('2D SPACE',''
  ) );
#6229 = PCURVE('',#6230,#6235);
#6230 = CYLINDRICAL_SURFACE('',#6231,0.5);
#6231 = AXIS2_PLACEMENT_3D('',#6232,#6233,#6234);
#6232 = CARTESIAN_POINT('',(186.,121.51048423823,83.492805450277));
#6233 = DIRECTION('',(0.,0.242436268024,-0.970167333993));
#6234 = DIRECTION('',(0.,-0.970167333993,-0.242436268024));
#6235 = DEFINITIONAL_REPRESENTATION('',(#6236),#6240);
#6236 = LINE('',#6237,#6238);
#6237 = CARTESIAN_POINT('',(1.570796326795,0.));
#6238 = VECTOR('',#6239,1.);
#6239 = DIRECTION('',(0.,1.));
#6240 = ( GEOMETRIC_REPRESENTATION_CONTEXT(2) 
PARAMETRIC_REPRESENTATION_CONTEXT() REPRESENTATION_CONTEXT('2D SPACE',''
  ) );
#6241 = ORIENTED_EDGE('',*,*,#6242,.T.);
#6242 = EDGE_CURVE('',#6215,#6243,#6245,.T.);
#6243 = VERTEX_POINT('',#6244);
#6244 = CARTESIAN_POINT('',(185.5,120.24257672713,3.552713678801E-15));
#6245 = SURFACE_CURVE('',#6246,(#6250,#6257),.PCURVE_S1.);
#6246 = LINE('',#6247,#6248);
#6247 = CARTESIAN_POINT('',(185.5,134.58767544734,30.699936895955));
#6248 = VECTOR('',#6249,1.);
#6249 = DIRECTION('',(-0.,-0.423332794615,-0.905974251844));
#6250 = PCURVE('',#5313,#6251);
#6251 = DEFINITIONAL_REPRESENTATION('',(#6252),#6256);
#6252 = LINE('',#6253,#6254);
#6253 = CARTESIAN_POINT('',(-6.717713956949,-6.800063104045));
#6254 = VECTOR('',#6255,1.);
#6255 = DIRECTION('',(-0.423332794615,-0.905974251844));
#6256 = ( GEOMETRIC_REPRESENTATION_CONTEXT(2) 
PARAMETRIC_REPRESENTATION_CONTEXT() REPRESENTATION_CONTEXT('2D SPACE',''
  ) );
#6257 = PCURVE('',#6258,#6263);
#6258 = CYLINDRICAL_SURFACE('',#6259,0.5);
#6259 = AXIS2_PLACEMENT_3D('',#6260,#6261,#6262);
#6260 = CARTESIAN_POINT('',(186.,134.58767544734,30.699936895955));
#6261 = DIRECTION('',(-0.,-0.423332794615,-0.905974251844));
#6262 = DIRECTION('',(0.,-0.905974251844,0.423332794615));
#6263 = DEFINITIONAL_REPRESENTATION('',(#6264),#6268);
#6264 = LINE('',#6265,#6266);
#6265 = CARTESIAN_POINT('',(1.570796326795,0.));
#6266 = VECTOR('',#6267,1.);
#6267 = DIRECTION('',(0.,1.));
#6268 = ( GEOMETRIC_REPRESENTATION_CONTEXT(2) 
PARAMETRIC_REPRESENTATION_CONTEXT() REPRESENTATION_CONTEXT('2D SPACE',''
  ) );
#6269 = ORIENTED_EDGE('',*,*,#6270,.T.);
#6270 = EDGE_CURVE('',#6243,#6271,#6273,.T.);
#6271 = VERTEX_POINT('',#6272);
#6272 = CARTESIAN_POINT('',(185.5,122.45014498409,-8.881784197001E-16));
#6273 = SURFACE_CURVE('',#6274,(#6278,#6285),.PCURVE_S1.);
#6274 = LINE('',#6275,#6276);
#6275 = CARTESIAN_POINT('',(185.5,119.00610351562,0.));
#6276 = VECTOR('',#6277,1.);
#6277 = DIRECTION('',(0.,1.,0.));
#6278 = PCURVE('',#5313,#6279);
#6279 = DEFINITIONAL_REPRESENTATION('',(#6280),#6284);
#6280 = LINE('',#6281,#6282);
#6281 = CARTESIAN_POINT('',(-22.29928588867,-37.5));
#6282 = VECTOR('',#6283,1.);
#6283 = DIRECTION('',(1.,0.));
#6284 = ( GEOMETRIC_REPRESENTATION_CONTEXT(2) 
PARAMETRIC_REPRESENTATION_CONTEXT() REPRESENTATION_CONTEXT('2D SPACE',''
  ) );
#6285 = PCURVE('',#6286,#6291);
#6286 = PLANE('',#6287);
#6287 = AXIS2_PLACEMENT_3D('',#6288,#6289,#6290);
#6288 = CARTESIAN_POINT('',(187.5,119.69068466288,0.));
#6289 = DIRECTION('',(0.,0.,-1.));
#6290 = DIRECTION('',(0.,1.,0.));
#6291 = DEFINITIONAL_REPRESENTATION('',(#6292),#6296);
#6292 = LINE('',#6293,#6294);
#6293 = CARTESIAN_POINT('',(-0.684581147263,-2.));
#6294 = VECTOR('',#6295,1.);
#6295 = DIRECTION('',(1.,0.));
#6296 = ( GEOMETRIC_REPRESENTATION_CONTEXT(2) 
PARAMETRIC_REPRESENTATION_CONTEXT() REPRESENTATION_CONTEXT('2D SPACE',''
  ) );
#6297 = ORIENTED_EDGE('',*,*,#6298,.T.);
#6298 = EDGE_CURVE('',#6271,#6299,#6301,.T.);
#6299 = VERTEX_POINT('',#6300);
#6300 = CARTESIAN_POINT('',(185.5,136.77518446307,30.657008126188));
#6301 = SURFACE_CURVE('',#6302,(#6306,#6313),.PCURVE_S1.);
#6302 = LINE('',#6303,#6304);
#6303 = CARTESIAN_POINT('',(185.5,122.54904992241,0.211666397308));
#6304 = VECTOR('',#6305,1.);
#6305 = DIRECTION('',(0.,0.423332794615,0.905974251844));
#6306 = PCURVE('',#5313,#6307);
#6307 = DEFINITIONAL_REPRESENTATION('',(#6308),#6312);
#6308 = LINE('',#6309,#6310);
#6309 = CARTESIAN_POINT('',(-18.75633948187,-37.28833360269));
#6310 = VECTOR('',#6311,1.);
#6311 = DIRECTION('',(0.423332794615,0.905974251844));
#6312 = ( GEOMETRIC_REPRESENTATION_CONTEXT(2) 
PARAMETRIC_REPRESENTATION_CONTEXT() REPRESENTATION_CONTEXT('2D SPACE',''
  ) );
#6313 = PCURVE('',#6314,#6319);
#6314 = CYLINDRICAL_SURFACE('',#6315,0.5);
#6315 = AXIS2_PLACEMENT_3D('',#6316,#6317,#6318);
#6316 = CARTESIAN_POINT('',(186.,122.54904992241,0.211666397308));
#6317 = DIRECTION('',(0.,0.423332794615,0.905974251844));
#6318 = DIRECTION('',(0.,0.905974251844,-0.423332794615));
#6319 = DEFINITIONAL_REPRESENTATION('',(#6320),#6324);
#6320 = LINE('',#6321,#6322);
#6321 = CARTESIAN_POINT('',(1.570796326795,0.));
#6322 = VECTOR('',#6323,1.);
#6323 = DIRECTION('',(0.,1.));
#6324 = ( GEOMETRIC_REPRESENTATION_CONTEXT(2) 
PARAMETRIC_REPRESENTATION_CONTEXT() REPRESENTATION_CONTEXT('2D SPACE',''
  ) );
#6325 = ORIENTED_EDGE('',*,*,#6326,.T.);
#6326 = EDGE_CURVE('',#6299,#6327,#6329,.T.);
#6327 = VERTEX_POINT('',#6328);
#6328 = CARTESIAN_POINT('',(185.5,132.20642814618,48.939990997315));
#6329 = SURFACE_CURVE('',#6330,(#6334,#6341),.PCURVE_S1.);
#6330 = LINE('',#6331,#6332);
#6331 = CARTESIAN_POINT('',(185.5,136.81820002441,30.484870958761));
#6332 = VECTOR('',#6333,1.);
#6333 = DIRECTION('',(0.,-0.242436268024,0.970167333993));
#6334 = PCURVE('',#5313,#6335);
#6335 = DEFINITIONAL_REPRESENTATION('',(#6336),#6340);
#6336 = LINE('',#6337,#6338);
#6337 = CARTESIAN_POINT('',(-4.487189379887,-7.015129041239));
#6338 = VECTOR('',#6339,1.);
#6339 = DIRECTION('',(-0.242436268024,0.970167333993));
#6340 = ( GEOMETRIC_REPRESENTATION_CONTEXT(2) 
PARAMETRIC_REPRESENTATION_CONTEXT() REPRESENTATION_CONTEXT('2D SPACE',''
  ) );
#6341 = PCURVE('',#6342,#6347);
#6342 = CYLINDRICAL_SURFACE('',#6343,0.5);
#6343 = AXIS2_PLACEMENT_3D('',#6344,#6345,#6346);
#6344 = CARTESIAN_POINT('',(186.,136.81820002441,30.484870958761));
#6345 = DIRECTION('',(0.,-0.242436268024,0.970167333993));
#6346 = DIRECTION('',(0.,0.970167333993,0.242436268024));
#6347 = DEFINITIONAL_REPRESENTATION('',(#6348),#6352);
#6348 = LINE('',#6349,#6350);
#6349 = CARTESIAN_POINT('',(1.570796326795,0.));
#6350 = VECTOR('',#6351,1.);
#6351 = DIRECTION('',(0.,1.));
#6352 = ( GEOMETRIC_REPRESENTATION_CONTEXT(2) 
PARAMETRIC_REPRESENTATION_CONTEXT() REPRESENTATION_CONTEXT('2D SPACE',''
  ) );
#6353 = ORIENTED_EDGE('',*,*,#6354,.T.);
#6354 = EDGE_CURVE('',#6327,#6355,#6357,.T.);
#6355 = VERTEX_POINT('',#6356);
#6356 = CARTESIAN_POINT('',(185.5,145.81878087825,48.939990997315));
#6357 = SURFACE_CURVE('',#6358,(#6362,#6369),.PCURVE_S1.);
#6358 = LINE('',#6359,#6360);
#6359 = CARTESIAN_POINT('',(185.5,132.84674875093,48.939990997314));
#6360 = VECTOR('',#6361,1.);
#6361 = DIRECTION('',(0.,1.,-1.224646799147E-16));
#6362 = PCURVE('',#5313,#6363);
#6363 = DEFINITIONAL_REPRESENTATION('',(#6364),#6368);
#6364 = LINE('',#6365,#6366);
#6365 = CARTESIAN_POINT('',(-8.458640653365,11.439990997314));
#6366 = VECTOR('',#6367,1.);
#6367 = DIRECTION('',(1.,-1.224646799147E-16));
#6368 = ( GEOMETRIC_REPRESENTATION_CONTEXT(2) 
PARAMETRIC_REPRESENTATION_CONTEXT() REPRESENTATION_CONTEXT('2D SPACE',''
  ) );
#6369 = PCURVE('',#6370,#6375);
#6370 = CYLINDRICAL_SURFACE('',#6371,0.5);
#6371 = AXIS2_PLACEMENT_3D('',#6372,#6373,#6374);
#6372 = CARTESIAN_POINT('',(186.,132.84674875093,48.939990997314));
#6373 = DIRECTION('',(0.,1.,-1.224646799147E-16));
#6374 = DIRECTION('',(0.,-1.224646799147E-16,-1.));
#6375 = DEFINITIONAL_REPRESENTATION('',(#6376),#6380);
#6376 = LINE('',#6377,#6378);
#6377 = CARTESIAN_POINT('',(1.570796326795,0.));
#6378 = VECTOR('',#6379,1.);
#6379 = DIRECTION('',(0.,1.));
#6380 = ( GEOMETRIC_REPRESENTATION_CONTEXT(2) 
PARAMETRIC_REPRESENTATION_CONTEXT() REPRESENTATION_CONTEXT('2D SPACE',''
  ) );
#6381 = ORIENTED_EDGE('',*,*,#6382,.T.);
#6382 = EDGE_CURVE('',#6355,#6383,#6385,.T.);
#6383 = VERTEX_POINT('',#6384);
#6384 = CARTESIAN_POINT('',(185.5,155.06640483661,0.5));
#6385 = SURFACE_CURVE('',#6386,(#6390,#6397),.PCURVE_S1.);
#6386 = LINE('',#6387,#6388);
#6387 = CARTESIAN_POINT('',(185.5,145.89633548619,48.533752105324));
#6388 = VECTOR('',#6389,1.);
#6389 = DIRECTION('',(0.,0.187522216019,-0.982260361869));
#6390 = PCURVE('',#5313,#6391);
#6391 = DEFINITIONAL_REPRESENTATION('',(#6392),#6396);
#6392 = LINE('',#6393,#6394);
#6393 = CARTESIAN_POINT('',(4.590946081894,11.033752105324));
#6394 = VECTOR('',#6395,1.);
#6395 = DIRECTION('',(0.187522216019,-0.982260361869));
#6396 = ( GEOMETRIC_REPRESENTATION_CONTEXT(2) 
PARAMETRIC_REPRESENTATION_CONTEXT() REPRESENTATION_CONTEXT('2D SPACE',''
  ) );
#6397 = PCURVE('',#6398,#6403);
#6398 = CYLINDRICAL_SURFACE('',#6399,0.5);
#6399 = AXIS2_PLACEMENT_3D('',#6400,#6401,#6402);
#6400 = CARTESIAN_POINT('',(186.,145.89633548619,48.533752105324));
#6401 = DIRECTION('',(0.,0.187522216019,-0.982260361869));
#6402 = DIRECTION('',(0.,-0.982260361869,-0.187522216019));
#6403 = DEFINITIONAL_REPRESENTATION('',(#6404),#6408);
#6404 = LINE('',#6405,#6406);
#6405 = CARTESIAN_POINT('',(1.570796326795,0.));
#6406 = VECTOR('',#6407,1.);
#6407 = DIRECTION('',(0.,1.));
#6408 = ( GEOMETRIC_REPRESENTATION_CONTEXT(2) 
PARAMETRIC_REPRESENTATION_CONTEXT() REPRESENTATION_CONTEXT('2D SPACE',''
  ) );
#6409 = ORIENTED_EDGE('',*,*,#6410,.T.);
#6410 = EDGE_CURVE('',#6383,#5469,#6411,.T.);
#6411 = SURFACE_CURVE('',#6412,(#6416,#6423),.PCURVE_S1.);
#6412 = LINE('',#6413,#6414);
#6413 = CARTESIAN_POINT('',(185.5,154.65282926362,0.5));
#6414 = VECTOR('',#6415,1.);
#6415 = DIRECTION('',(0.,1.,0.));
#6416 = PCURVE('',#5313,#6417);
#6417 = DEFINITIONAL_REPRESENTATION('',(#6418),#6422);
#6418 = LINE('',#6419,#6420);
#6419 = CARTESIAN_POINT('',(13.347439859327,-37.));
#6420 = VECTOR('',#6421,1.);
#6421 = DIRECTION('',(1.,0.));
#6422 = ( GEOMETRIC_REPRESENTATION_CONTEXT(2) 
PARAMETRIC_REPRESENTATION_CONTEXT() REPRESENTATION_CONTEXT('2D SPACE',''
  ) );
#6423 = PCURVE('',#5491,#6424);
#6424 = DEFINITIONAL_REPRESENTATION('',(#6425),#6429);
#6425 = LINE('',#6426,#6427);
#6426 = CARTESIAN_POINT('',(1.570796326795,0.));
#6427 = VECTOR('',#6428,1.);
#6428 = DIRECTION('',(0.,1.));
#6429 = ( GEOMETRIC_REPRESENTATION_CONTEXT(2) 
PARAMETRIC_REPRESENTATION_CONTEXT() REPRESENTATION_CONTEXT('2D SPACE',''
  ) );
#6430 = ORIENTED_EDGE('',*,*,#5509,.T.);
#6431 = ORIENTED_EDGE('',*,*,#5297,.T.);
#6432 = ORIENTED_EDGE('',*,*,#6433,.T.);
#6433 = EDGE_CURVE('',#5298,#6185,#6434,.T.);
#6434 = SURFACE_CURVE('',#6435,(#6439,#6446),.PCURVE_S1.);
#6435 = LINE('',#6436,#6437);
#6436 = CARTESIAN_POINT('',(185.5,131.61199151878,51.318772863303));
#6437 = VECTOR('',#6438,1.);
#6438 = DIRECTION('',(0.,-0.242436268024,0.970167333993));
#6439 = PCURVE('',#5313,#6440);
#6440 = DEFINITIONAL_REPRESENTATION('',(#6441),#6445);
#6441 = LINE('',#6442,#6443);
#6442 = CARTESIAN_POINT('',(-9.693397885517,13.818772863303));
#6443 = VECTOR('',#6444,1.);
#6444 = DIRECTION('',(-0.242436268024,0.970167333993));
#6445 = ( GEOMETRIC_REPRESENTATION_CONTEXT(2) 
PARAMETRIC_REPRESENTATION_CONTEXT() REPRESENTATION_CONTEXT('2D SPACE',''
  ) );
#6446 = PCURVE('',#5348,#6447);
#6447 = DEFINITIONAL_REPRESENTATION('',(#6448),#6452);
#6448 = LINE('',#6449,#6450);
#6449 = CARTESIAN_POINT('',(1.570796326795,0.));
#6450 = VECTOR('',#6451,1.);
#6451 = DIRECTION('',(0.,1.));
#6452 = ( GEOMETRIC_REPRESENTATION_CONTEXT(2) 
PARAMETRIC_REPRESENTATION_CONTEXT() REPRESENTATION_CONTEXT('2D SPACE',''
  ) );
#6453 = ADVANCED_FACE('',(#6454),#5348,.T.);
#6454 = FACE_BOUND('',#6455,.T.);
#6455 = EDGE_LOOP('',(#6456,#6457,#6458,#6488));
#6456 = ORIENTED_EDGE('',*,*,#5325,.T.);
#6457 = ORIENTED_EDGE('',*,*,#6433,.T.);
#6458 = ORIENTED_EDGE('',*,*,#6459,.F.);
#6459 = EDGE_CURVE('',#6460,#6185,#6462,.T.);
#6460 = VERTEX_POINT('',#6461);
#6461 = CARTESIAN_POINT('',(186.,123.94277740532,84.071384817701));
#6462 = SURFACE_CURVE('',#6463,(#6468,#6481),.PCURVE_S1.);
#6463 = ELLIPSE('',#6464,0.500022336587,0.5);
#6464 = AXIS2_PLACEMENT_3D('',#6465,#6466,#6467);
#6465 = CARTESIAN_POINT('',(186.,123.45654793298,83.954751900795));
#6466 = DIRECTION('',(0.,-0.233255413552,0.972415503809));
#6467 = DIRECTION('',(0.,-0.972415503809,-0.233255413552));
#6468 = PCURVE('',#5348,#6469);
#6469 = DEFINITIONAL_REPRESENTATION('',(#6470),#6480);
#6470 = B_SPLINE_CURVE_WITH_KNOTS('',8,(#6471,#6472,#6473,#6474,#6475,
    #6476,#6477,#6478,#6479),.UNSPECIFIED.,.F.,.F.,(9,9),(3.14159265359,
    4.712388980385),.PIECEWISE_BEZIER_KNOTS.);
#6471 = CARTESIAN_POINT('',(-1.072424127694E-14,33.634809869439));
#6472 = CARTESIAN_POINT('',(0.196349541599,33.63480986944));
#6473 = CARTESIAN_POINT('',(0.392699082199,33.635018110002));
#6474 = CARTESIAN_POINT('',(0.589048622799,33.635434589611));
#6475 = CARTESIAN_POINT('',(0.785398163393,33.63604218766));
#6476 = CARTESIAN_POINT('',(0.981747703997,33.636806631694));
#6477 = CARTESIAN_POINT('',(1.178097244596,33.637680102423));
#6478 = CARTESIAN_POINT('',(1.374446785196,33.638608092385));
#6479 = CARTESIAN_POINT('',(1.570796326795,33.639536082068));
#6480 = ( GEOMETRIC_REPRESENTATION_CONTEXT(2) 
PARAMETRIC_REPRESENTATION_CONTEXT() REPRESENTATION_CONTEXT('2D SPACE',''
  ) );
#6481 = PCURVE('',#6202,#6482);
#6482 = DEFINITIONAL_REPRESENTATION('',(#6483),#6487);
#6483 = ELLIPSE('',#6484,0.500022336587,0.5);
#6484 = AXIS2_PLACEMENT_2D('',#6485,#6486);
#6485 = CARTESIAN_POINT('',(0.500022336587,-1.5));
#6486 = DIRECTION('',(1.,0.));
#6487 = ( GEOMETRIC_REPRESENTATION_CONTEXT(2) 
PARAMETRIC_REPRESENTATION_CONTEXT() REPRESENTATION_CONTEXT('2D SPACE',''
  ) );
#6488 = ORIENTED_EDGE('',*,*,#6489,.F.);
#6489 = EDGE_CURVE('',#5326,#6460,#6490,.T.);
#6490 = SURFACE_CURVE('',#6491,(#6495,#6502),.PCURVE_S1.);
#6491 = LINE('',#6492,#6493);
#6492 = CARTESIAN_POINT('',(186.,132.09707518577,51.439990997315));
#6493 = VECTOR('',#6494,1.);
#6494 = DIRECTION('',(0.,-0.242436268024,0.970167333993));
#6495 = PCURVE('',#5348,#6496);
#6496 = DEFINITIONAL_REPRESENTATION('',(#6497),#6501);
#6497 = LINE('',#6498,#6499);
#6498 = CARTESIAN_POINT('',(0.,0.));
#6499 = VECTOR('',#6500,1.);
#6500 = DIRECTION('',(0.,1.));
#6501 = ( GEOMETRIC_REPRESENTATION_CONTEXT(2) 
PARAMETRIC_REPRESENTATION_CONTEXT() REPRESENTATION_CONTEXT('2D SPACE',''
  ) );
#6502 = PCURVE('',#6093,#6503);
#6503 = DEFINITIONAL_REPRESENTATION('',(#6504),#6508);
#6504 = LINE('',#6505,#6506);
#6505 = CARTESIAN_POINT('',(0.,-1.5));
#6506 = VECTOR('',#6507,1.);
#6507 = DIRECTION('',(1.,0.));
#6508 = ( GEOMETRIC_REPRESENTATION_CONTEXT(2) 
PARAMETRIC_REPRESENTATION_CONTEXT() REPRESENTATION_CONTEXT('2D SPACE',''
  ) );
#6509 = ADVANCED_FACE('',(#6510),#5410,.T.);
#6510 = FACE_BOUND('',#6511,.T.);
#6511 = EDGE_LOOP('',(#6512,#6513,#6514));
#6512 = ORIENTED_EDGE('',*,*,#5394,.F.);
#6513 = ORIENTED_EDGE('',*,*,#6108,.T.);
#6514 = ORIENTED_EDGE('',*,*,#6515,.F.);
#6515 = EDGE_CURVE('',#5395,#6109,#6516,.T.);
#6516 = SURFACE_CURVE('',#6517,(#6522,#6529),.PCURVE_S1.);
#6517 = CIRCLE('',#6518,1.);
#6518 = AXIS2_PLACEMENT_3D('',#6519,#6520,#6521);
#6519 = CARTESIAN_POINT('',(185.5,133.62131881113,52.342974269698));
#6520 = DIRECTION('',(0.,1.,-0.));
#6521 = DIRECTION('',(-1.,0.,0.));
#6522 = PCURVE('',#5410,#6523);
#6523 = DEFINITIONAL_REPRESENTATION('',(#6524),#6528);
#6524 = LINE('',#6525,#6526);
#6525 = CARTESIAN_POINT('',(0.,0.));
#6526 = VECTOR('',#6527,1.);
#6527 = DIRECTION('',(1.,0.));
#6528 = ( GEOMETRIC_REPRESENTATION_CONTEXT(2) 
PARAMETRIC_REPRESENTATION_CONTEXT() REPRESENTATION_CONTEXT('2D SPACE',''
  ) );
#6529 = PCURVE('',#5573,#6530);
#6530 = DEFINITIONAL_REPRESENTATION('',(#6531),#6535);
#6531 = LINE('',#6532,#6533);
#6532 = CARTESIAN_POINT('',(-0.,19.));
#6533 = VECTOR('',#6534,1.);
#6534 = DIRECTION('',(-1.,0.));
#6535 = ( GEOMETRIC_REPRESENTATION_CONTEXT(2) 
PARAMETRIC_REPRESENTATION_CONTEXT() REPRESENTATION_CONTEXT('2D SPACE',''
  ) );
#6536 = ADVANCED_FACE('',(#6537),#5491,.T.);
#6537 = FACE_BOUND('',#6538,.T.);
#6538 = EDGE_LOOP('',(#6539,#6575,#6576,#6577));
#6539 = ORIENTED_EDGE('',*,*,#6540,.T.);
#6540 = EDGE_CURVE('',#6541,#6383,#6543,.T.);
#6541 = VERTEX_POINT('',#6542);
#6542 = CARTESIAN_POINT('',(186.,154.65282926362,-1.110223024625E-16));
#6543 = SURFACE_CURVE('',#6544,(#6549,#6562),.PCURVE_S1.);
#6544 = ELLIPSE('',#6545,0.648879614858,0.5);
#6545 = AXIS2_PLACEMENT_3D('',#6546,#6547,#6548);
#6546 = CARTESIAN_POINT('',(186.,155.06640483661,0.5));
#6547 = DIRECTION('',(0.,0.770558958166,-0.6373687253));
#6548 = DIRECTION('',(0.,0.6373687253,0.770558958166));
#6549 = PCURVE('',#5491,#6550);
#6550 = DEFINITIONAL_REPRESENTATION('',(#6551),#6561);
#6551 = B_SPLINE_CURVE_WITH_KNOTS('',8,(#6552,#6553,#6554,#6555,#6556,
    #6557,#6558,#6559,#6560),.UNSPECIFIED.,.F.,.F.,(9,9),(3.14159265359,
    4.712388980385),.PIECEWISE_BEZIER_KNOTS.);
#6552 = CARTESIAN_POINT('',(0.,-1.335293967458E-15));
#6553 = CARTESIAN_POINT('',(0.196349541599,8.120403544768E-11));
#6554 = CARTESIAN_POINT('',(0.392699082199,1.822246079121E-02));
#6555 = CARTESIAN_POINT('',(0.589048622795,5.466722732385E-02));
#6556 = CARTESIAN_POINT('',(0.785398163403,0.107836211668));
#6557 = CARTESIAN_POINT('',(0.981747703993,0.17473019501));
#6558 = CARTESIAN_POINT('',(1.178097244596,0.251164805798));
#6559 = CARTESIAN_POINT('',(1.374446785196,0.332370198821));
#6560 = CARTESIAN_POINT('',(1.570796326795,0.413575572995));
#6561 = ( GEOMETRIC_REPRESENTATION_CONTEXT(2) 
PARAMETRIC_REPRESENTATION_CONTEXT() REPRESENTATION_CONTEXT('2D SPACE',''
  ) );
#6562 = PCURVE('',#6398,#6563);
#6563 = DEFINITIONAL_REPRESENTATION('',(#6564),#6574);
#6564 = B_SPLINE_CURVE_WITH_KNOTS('',8,(#6565,#6566,#6567,#6568,#6569,
    #6570,#6571,#6572,#6573),.UNSPECIFIED.,.F.,.F.,(9,9),(3.14159265359,
    4.712388980385),.PIECEWISE_BEZIER_KNOTS.);
#6565 = CARTESIAN_POINT('',(0.,49.314818023544));
#6566 = CARTESIAN_POINT('',(0.196349541599,49.314818023463));
#6567 = CARTESIAN_POINT('',(0.392699082198,49.296595562744));
#6568 = CARTESIAN_POINT('',(0.589048622798,49.26015079621));
#6569 = CARTESIAN_POINT('',(0.785398163393,49.206981811702));
#6570 = CARTESIAN_POINT('',(0.981747703996,49.140087828564));
#6571 = CARTESIAN_POINT('',(1.178097244595,49.063653217716));
#6572 = CARTESIAN_POINT('',(1.374446785196,48.982447824723));
#6573 = CARTESIAN_POINT('',(1.570796326795,48.901242450549));
#6574 = ( GEOMETRIC_REPRESENTATION_CONTEXT(2) 
PARAMETRIC_REPRESENTATION_CONTEXT() REPRESENTATION_CONTEXT('2D SPACE',''
  ) );
#6575 = ORIENTED_EDGE('',*,*,#6410,.T.);
#6576 = ORIENTED_EDGE('',*,*,#5468,.F.);
#6577 = ORIENTED_EDGE('',*,*,#6578,.F.);
#6578 = EDGE_CURVE('',#6541,#5446,#6579,.T.);
#6579 = SURFACE_CURVE('',#6580,(#6584,#6591),.PCURVE_S1.);
#6580 = LINE('',#6581,#6582);
#6581 = CARTESIAN_POINT('',(186.,154.65282926362,-1.110223024625E-16));
#6582 = VECTOR('',#6583,1.);
#6583 = DIRECTION('',(0.,1.,0.));
#6584 = PCURVE('',#5491,#6585);
#6585 = DEFINITIONAL_REPRESENTATION('',(#6586),#6590);
#6586 = LINE('',#6587,#6588);
#6587 = CARTESIAN_POINT('',(0.,0.));
#6588 = VECTOR('',#6589,1.);
#6589 = DIRECTION('',(0.,1.));
#6590 = ( GEOMETRIC_REPRESENTATION_CONTEXT(2) 
PARAMETRIC_REPRESENTATION_CONTEXT() REPRESENTATION_CONTEXT('2D SPACE',''
  ) );
#6591 = PCURVE('',#5626,#6592);
#6592 = DEFINITIONAL_REPRESENTATION('',(#6593),#6597);
#6593 = LINE('',#6594,#6595);
#6594 = CARTESIAN_POINT('',(0.,-1.5));
#6595 = VECTOR('',#6596,1.);
#6596 = DIRECTION('',(1.,0.));
#6597 = ( GEOMETRIC_REPRESENTATION_CONTEXT(2) 
PARAMETRIC_REPRESENTATION_CONTEXT() REPRESENTATION_CONTEXT('2D SPACE',''
  ) );
#6598 = ADVANCED_FACE('',(#6599),#5573,.T.);
#6599 = FACE_BOUND('',#6600,.F.);
#6600 = EDGE_LOOP('',(#6601,#6602,#6626,#6647));
#6601 = ORIENTED_EDGE('',*,*,#5559,.F.);
#6602 = ORIENTED_EDGE('',*,*,#6603,.T.);
#6603 = EDGE_CURVE('',#5537,#6604,#6606,.T.);
#6604 = VERTEX_POINT('',#6605);
#6605 = CARTESIAN_POINT('',(185.5,151.62131881113,53.342974269698));
#6606 = SURFACE_CURVE('',#6607,(#6612,#6619),.PCURVE_S1.);
#6607 = CIRCLE('',#6608,1.);
#6608 = AXIS2_PLACEMENT_3D('',#6609,#6610,#6611);
#6609 = CARTESIAN_POINT('',(185.5,151.62131881113,52.342974269698));
#6610 = DIRECTION('',(1.836970198721E-16,1.,-0.));
#6611 = DIRECTION('',(-1.,1.836970198721E-16,0.));
#6612 = PCURVE('',#5573,#6613);
#6613 = DEFINITIONAL_REPRESENTATION('',(#6614),#6618);
#6614 = LINE('',#6615,#6616);
#6615 = CARTESIAN_POINT('',(-0.,1.));
#6616 = VECTOR('',#6617,1.);
#6617 = DIRECTION('',(-1.,0.));
#6618 = ( GEOMETRIC_REPRESENTATION_CONTEXT(2) 
PARAMETRIC_REPRESENTATION_CONTEXT() REPRESENTATION_CONTEXT('2D SPACE',''
  ) );
#6619 = PCURVE('',#5661,#6620);
#6620 = DEFINITIONAL_REPRESENTATION('',(#6621),#6625);
#6621 = LINE('',#6622,#6623);
#6622 = CARTESIAN_POINT('',(-0.,0.));
#6623 = VECTOR('',#6624,1.);
#6624 = DIRECTION('',(-1.,0.));
#6625 = ( GEOMETRIC_REPRESENTATION_CONTEXT(2) 
PARAMETRIC_REPRESENTATION_CONTEXT() REPRESENTATION_CONTEXT('2D SPACE',''
  ) );
#6626 = ORIENTED_EDGE('',*,*,#6627,.T.);
#6627 = EDGE_CURVE('',#6604,#6109,#6628,.T.);
#6628 = SURFACE_CURVE('',#6629,(#6633,#6640),.PCURVE_S1.);
#6629 = LINE('',#6630,#6631);
#6630 = CARTESIAN_POINT('',(185.5,152.62131881113,53.342974269698));
#6631 = VECTOR('',#6632,1.);
#6632 = DIRECTION('',(0.,-1.,0.));
#6633 = PCURVE('',#5573,#6634);
#6634 = DEFINITIONAL_REPRESENTATION('',(#6635),#6639);
#6635 = LINE('',#6636,#6637);
#6636 = CARTESIAN_POINT('',(-1.570796326795,0.));
#6637 = VECTOR('',#6638,1.);
#6638 = DIRECTION('',(-0.,1.));
#6639 = ( GEOMETRIC_REPRESENTATION_CONTEXT(2) 
PARAMETRIC_REPRESENTATION_CONTEXT() REPRESENTATION_CONTEXT('2D SPACE',''
  ) );
#6640 = PCURVE('',#6146,#6641);
#6641 = DEFINITIONAL_REPRESENTATION('',(#6642),#6646);
#6642 = LINE('',#6643,#6644);
#6643 = CARTESIAN_POINT('',(-12.10520822127,-1.));
#6644 = VECTOR('',#6645,1.);
#6645 = DIRECTION('',(1.,0.));
#6646 = ( GEOMETRIC_REPRESENTATION_CONTEXT(2) 
PARAMETRIC_REPRESENTATION_CONTEXT() REPRESENTATION_CONTEXT('2D SPACE',''
  ) );
#6647 = ORIENTED_EDGE('',*,*,#6515,.F.);
#6648 = ADVANCED_FACE('',(#6649),#5626,.T.);
#6649 = FACE_BOUND('',#6650,.T.);
#6650 = EDGE_LOOP('',(#6651,#6679,#6680,#6681,#6682,#6705));
#6651 = ORIENTED_EDGE('',*,*,#6652,.T.);
#6652 = EDGE_CURVE('',#6653,#6541,#6655,.T.);
#6653 = VERTEX_POINT('',#6654);
#6654 = CARTESIAN_POINT('',(187.,154.65282926362,-7.105427357601E-15));
#6655 = SURFACE_CURVE('',#6656,(#6660,#6667),.PCURVE_S1.);
#6656 = LINE('',#6657,#6658);
#6657 = CARTESIAN_POINT('',(187.5,154.65282926362,0.));
#6658 = VECTOR('',#6659,1.);
#6659 = DIRECTION('',(-1.,0.,0.));
#6660 = PCURVE('',#5626,#6661);
#6661 = DEFINITIONAL_REPRESENTATION('',(#6662),#6666);
#6662 = LINE('',#6663,#6664);
#6663 = CARTESIAN_POINT('',(0.,0.));
#6664 = VECTOR('',#6665,1.);
#6665 = DIRECTION('',(0.,-1.));
#6666 = ( GEOMETRIC_REPRESENTATION_CONTEXT(2) 
PARAMETRIC_REPRESENTATION_CONTEXT() REPRESENTATION_CONTEXT('2D SPACE',''
  ) );
#6667 = PCURVE('',#6668,#6673);
#6668 = PLANE('',#6669);
#6669 = AXIS2_PLACEMENT_3D('',#6670,#6671,#6672);
#6670 = CARTESIAN_POINT('',(187.5,145.40520530525,48.439990997314));
#6671 = DIRECTION('',(0.,-0.982260361869,-0.187522216019));
#6672 = DIRECTION('',(0.,0.187522216019,-0.982260361869));
#6673 = DEFINITIONAL_REPRESENTATION('',(#6674),#6678);
#6674 = LINE('',#6675,#6676);
#6675 = CARTESIAN_POINT('',(49.314818023544,0.));
#6676 = VECTOR('',#6677,1.);
#6677 = DIRECTION('',(0.,-1.));
#6678 = ( GEOMETRIC_REPRESENTATION_CONTEXT(2) 
PARAMETRIC_REPRESENTATION_CONTEXT() REPRESENTATION_CONTEXT('2D SPACE',''
  ) );
#6679 = ORIENTED_EDGE('',*,*,#6578,.T.);
#6680 = ORIENTED_EDGE('',*,*,#5612,.F.);
#6681 = ORIENTED_EDGE('',*,*,#5697,.T.);
#6682 = ORIENTED_EDGE('',*,*,#6683,.F.);
#6683 = EDGE_CURVE('',#6684,#5698,#6686,.T.);
#6684 = VERTEX_POINT('',#6685);
#6685 = CARTESIAN_POINT('',(187.5,155.16185927176,0.));
#6686 = SURFACE_CURVE('',#6687,(#6691,#6698),.PCURVE_S1.);
#6687 = LINE('',#6688,#6689);
#6688 = CARTESIAN_POINT('',(187.5,154.54890441894,0.));
#6689 = VECTOR('',#6690,1.);
#6690 = DIRECTION('',(0.,1.,0.));
#6691 = PCURVE('',#5626,#6692);
#6692 = DEFINITIONAL_REPRESENTATION('',(#6693),#6697);
#6693 = LINE('',#6694,#6695);
#6694 = CARTESIAN_POINT('',(-0.103924844679,0.));
#6695 = VECTOR('',#6696,1.);
#6696 = DIRECTION('',(1.,0.));
#6697 = ( GEOMETRIC_REPRESENTATION_CONTEXT(2) 
PARAMETRIC_REPRESENTATION_CONTEXT() REPRESENTATION_CONTEXT('2D SPACE',''
  ) );
#6698 = PCURVE('',#5743,#6699);
#6699 = DEFINITIONAL_REPRESENTATION('',(#6700),#6704);
#6700 = LINE('',#6701,#6702);
#6701 = CARTESIAN_POINT('',(13.243515014648,-37.5));
#6702 = VECTOR('',#6703,1.);
#6703 = DIRECTION('',(1.,0.));
#6704 = ( GEOMETRIC_REPRESENTATION_CONTEXT(2) 
PARAMETRIC_REPRESENTATION_CONTEXT() REPRESENTATION_CONTEXT('2D SPACE',''
  ) );
#6705 = ORIENTED_EDGE('',*,*,#6706,.T.);
#6706 = EDGE_CURVE('',#6684,#6653,#6707,.T.);
#6707 = SURFACE_CURVE('',#6708,(#6713,#6720),.PCURVE_S1.);
#6708 = ELLIPSE('',#6709,0.509030008142,0.5);
#6709 = AXIS2_PLACEMENT_3D('',#6710,#6711,#6712);
#6710 = CARTESIAN_POINT('',(187.,155.16185927176,0.));
#6711 = DIRECTION('',(0.,0.,-1.));
#6712 = DIRECTION('',(0.,1.,0.));
#6713 = PCURVE('',#5626,#6714);
#6714 = DEFINITIONAL_REPRESENTATION('',(#6715),#6719);
#6715 = ELLIPSE('',#6716,0.509030008142,0.5);
#6716 = AXIS2_PLACEMENT_2D('',#6717,#6718);
#6717 = CARTESIAN_POINT('',(0.509030008142,-0.5));
#6718 = DIRECTION('',(1.,0.));
#6719 = ( GEOMETRIC_REPRESENTATION_CONTEXT(2) 
PARAMETRIC_REPRESENTATION_CONTEXT() REPRESENTATION_CONTEXT('2D SPACE',''
  ) );
#6720 = PCURVE('',#6721,#6726);
#6721 = CYLINDRICAL_SURFACE('',#6722,0.5);
#6722 = AXIS2_PLACEMENT_3D('',#6723,#6724,#6725);
#6723 = CARTESIAN_POINT('',(187.,145.89633548619,48.533752105324));
#6724 = DIRECTION('',(0.,0.187522216019,-0.982260361869));
#6725 = DIRECTION('',(1.,0.,0.));
#6726 = DEFINITIONAL_REPRESENTATION('',(#6727),#6737);
#6727 = B_SPLINE_CURVE_WITH_KNOTS('',8,(#6728,#6729,#6730,#6731,#6732,
    #6733,#6734,#6735,#6736),.UNSPECIFIED.,.F.,.F.,(9,9),(1.570796326795
    ,3.14159265359),.PIECEWISE_BEZIER_KNOTS.);
#6728 = CARTESIAN_POINT('',(-1.07242413335E-14,49.410272458691));
#6729 = CARTESIAN_POINT('',(0.196349541599,49.391530024107));
#6730 = CARTESIAN_POINT('',(0.392699082198,49.372787585118));
#6731 = CARTESIAN_POINT('',(0.589048622799,49.355146256567));
#6732 = CARTESIAN_POINT('',(0.785398163395,49.339706931962));
#6733 = CARTESIAN_POINT('',(0.981747703996,49.327435377345));
#6734 = CARTESIAN_POINT('',(1.178097244596,49.319023820019));
#6735 = CARTESIAN_POINT('',(1.374446785196,49.314818023563));
#6736 = CARTESIAN_POINT('',(1.570796326795,49.314818023544));
#6737 = ( GEOMETRIC_REPRESENTATION_CONTEXT(2) 
PARAMETRIC_REPRESENTATION_CONTEXT() REPRESENTATION_CONTEXT('2D SPACE',''
  ) );
#6738 = ADVANCED_FACE('',(#6739),#5661,.T.);
#6739 = FACE_BOUND('',#6740,.F.);
#6740 = EDGE_LOOP('',(#6741,#6742,#6762));
#6741 = ORIENTED_EDGE('',*,*,#5645,.F.);
#6742 = ORIENTED_EDGE('',*,*,#6743,.T.);
#6743 = EDGE_CURVE('',#5646,#6604,#6744,.T.);
#6744 = SURFACE_CURVE('',#6745,(#6750,#6756),.PCURVE_S1.);
#6745 = CIRCLE('',#6746,1.);
#6746 = AXIS2_PLACEMENT_3D('',#6747,#6748,#6749);
#6747 = CARTESIAN_POINT('',(185.5,151.62131881113,52.342974269698));
#6748 = DIRECTION('',(1.,-1.836970198721E-16,6.123233995737E-17));
#6749 = DIRECTION('',(-6.123233995737E-17,1.124819836996E-32,1.));
#6750 = PCURVE('',#5661,#6751);
#6751 = DEFINITIONAL_REPRESENTATION('',(#6752),#6755);
#6752 = B_SPLINE_CURVE_WITH_KNOTS('',1,(#6753,#6754),.UNSPECIFIED.,.F.,
  .F.,(2,2),(4.712388980385,6.28318530718),.PIECEWISE_BEZIER_KNOTS.);
#6753 = CARTESIAN_POINT('',(-1.570796326795,-1.570796326795));
#6754 = CARTESIAN_POINT('',(-1.570796326795,0.));
#6755 = ( GEOMETRIC_REPRESENTATION_CONTEXT(2) 
PARAMETRIC_REPRESENTATION_CONTEXT() REPRESENTATION_CONTEXT('2D SPACE',''
  ) );
#6756 = PCURVE('',#5831,#6757);
#6757 = DEFINITIONAL_REPRESENTATION('',(#6758),#6761);
#6758 = B_SPLINE_CURVE_WITH_KNOTS('',1,(#6759,#6760),.UNSPECIFIED.,.F.,
  .F.,(2,2),(4.712388980385,6.28318530718),.PIECEWISE_BEZIER_KNOTS.);
#6759 = CARTESIAN_POINT('',(0.,3.));
#6760 = CARTESIAN_POINT('',(-1.570796326795,3.));
#6761 = ( GEOMETRIC_REPRESENTATION_CONTEXT(2) 
PARAMETRIC_REPRESENTATION_CONTEXT() REPRESENTATION_CONTEXT('2D SPACE',''
  ) );
#6762 = ORIENTED_EDGE('',*,*,#6603,.F.);
#6763 = ADVANCED_FACE('',(#6764),#5743,.T.);
#6764 = FACE_BOUND('',#6765,.T.);
#6765 = EDGE_LOOP('',(#6766,#6791,#6819,#6847,#6870,#6898,#6926,#6954,
    #6975,#6976,#6977,#6978));
#6766 = ORIENTED_EDGE('',*,*,#6767,.T.);
#6767 = EDGE_CURVE('',#6768,#6770,#6772,.T.);
#6768 = VERTEX_POINT('',#6769);
#6769 = CARTESIAN_POINT('',(187.5,123.45654793298,83.954751900795));
#6770 = VERTEX_POINT('',#6771);
#6771 = CARTESIAN_POINT('',(187.5,121.51163004358,83.488220233171));
#6772 = SURFACE_CURVE('',#6773,(#6777,#6784),.PCURVE_S1.);
#6773 = LINE('',#6774,#6775);
#6774 = CARTESIAN_POINT('',(187.5,123.80538940429,84.038429260254));
#6775 = VECTOR('',#6776,1.);
#6776 = DIRECTION('',(-0.,-0.972415503809,-0.233255413552));
#6777 = PCURVE('',#5743,#6778);
#6778 = DEFINITIONAL_REPRESENTATION('',(#6779),#6783);
#6779 = LINE('',#6780,#6781);
#6780 = CARTESIAN_POINT('',(-17.5,46.538429260254));
#6781 = VECTOR('',#6782,1.);
#6782 = DIRECTION('',(-0.972415503809,-0.233255413552));
#6783 = ( GEOMETRIC_REPRESENTATION_CONTEXT(2) 
PARAMETRIC_REPRESENTATION_CONTEXT() REPRESENTATION_CONTEXT('2D SPACE',''
  ) );
#6784 = PCURVE('',#6202,#6785);
#6785 = DEFINITIONAL_REPRESENTATION('',(#6786),#6790);
#6786 = LINE('',#6787,#6788);
#6787 = CARTESIAN_POINT('',(0.141285284422,0.));
#6788 = VECTOR('',#6789,1.);
#6789 = DIRECTION('',(1.,0.));
#6790 = ( GEOMETRIC_REPRESENTATION_CONTEXT(2) 
PARAMETRIC_REPRESENTATION_CONTEXT() REPRESENTATION_CONTEXT('2D SPACE',''
  ) );
#6791 = ORIENTED_EDGE('',*,*,#6792,.T.);
#6792 = EDGE_CURVE('',#6770,#6793,#6795,.T.);
#6793 = VERTEX_POINT('',#6794);
#6794 = CARTESIAN_POINT('',(187.5,134.66278754975,30.860684259848));
#6795 = SURFACE_CURVE('',#6796,(#6800,#6807),.PCURVE_S1.);
#6796 = LINE('',#6797,#6798);
#6797 = CARTESIAN_POINT('',(187.5,121.51048423823,83.492805450277));
#6798 = VECTOR('',#6799,1.);
#6799 = DIRECTION('',(0.,0.242436268024,-0.970167333993));
#6800 = PCURVE('',#5743,#6801);
#6801 = DEFINITIONAL_REPRESENTATION('',(#6802),#6806);
#6802 = LINE('',#6803,#6804);
#6803 = CARTESIAN_POINT('',(-19.79490516606,45.992805450277));
#6804 = VECTOR('',#6805,1.);
#6805 = DIRECTION('',(0.242436268024,-0.970167333993));
#6806 = ( GEOMETRIC_REPRESENTATION_CONTEXT(2) 
PARAMETRIC_REPRESENTATION_CONTEXT() REPRESENTATION_CONTEXT('2D SPACE',''
  ) );
#6807 = PCURVE('',#6808,#6813);
#6808 = CYLINDRICAL_SURFACE('',#6809,0.5);
#6809 = AXIS2_PLACEMENT_3D('',#6810,#6811,#6812);
#6810 = CARTESIAN_POINT('',(187.,121.51048423823,83.492805450277));
#6811 = DIRECTION('',(0.,0.242436268024,-0.970167333993));
#6812 = DIRECTION('',(1.,0.,0.));
#6813 = DEFINITIONAL_REPRESENTATION('',(#6814),#6818);
#6814 = LINE('',#6815,#6816);
#6815 = CARTESIAN_POINT('',(0.,0.));
#6816 = VECTOR('',#6817,1.);
#6817 = DIRECTION('',(0.,1.));
#6818 = ( GEOMETRIC_REPRESENTATION_CONTEXT(2) 
PARAMETRIC_REPRESENTATION_CONTEXT() REPRESENTATION_CONTEXT('2D SPACE',''
  ) );
#6819 = ORIENTED_EDGE('',*,*,#6820,.T.);
#6820 = EDGE_CURVE('',#6793,#6821,#6823,.T.);
#6821 = VERTEX_POINT('',#6822);
#6822 = CARTESIAN_POINT('',(187.5,120.24257672713,3.552713678801E-15));
#6823 = SURFACE_CURVE('',#6824,(#6828,#6835),.PCURVE_S1.);
#6824 = LINE('',#6825,#6826);
#6825 = CARTESIAN_POINT('',(187.5,134.58767544734,30.699936895955));
#6826 = VECTOR('',#6827,1.);
#6827 = DIRECTION('',(-0.,-0.423332794615,-0.905974251844));
#6828 = PCURVE('',#5743,#6829);
#6829 = DEFINITIONAL_REPRESENTATION('',(#6830),#6834);
#6830 = LINE('',#6831,#6832);
#6831 = CARTESIAN_POINT('',(-6.717713956949,-6.800063104045));
#6832 = VECTOR('',#6833,1.);
#6833 = DIRECTION('',(-0.423332794615,-0.905974251844));
#6834 = ( GEOMETRIC_REPRESENTATION_CONTEXT(2) 
PARAMETRIC_REPRESENTATION_CONTEXT() REPRESENTATION_CONTEXT('2D SPACE',''
  ) );
#6835 = PCURVE('',#6836,#6841);
#6836 = CYLINDRICAL_SURFACE('',#6837,0.5);
#6837 = AXIS2_PLACEMENT_3D('',#6838,#6839,#6840);
#6838 = CARTESIAN_POINT('',(187.,134.58767544734,30.699936895955));
#6839 = DIRECTION('',(-0.,-0.423332794615,-0.905974251844));
#6840 = DIRECTION('',(1.,0.,0.));
#6841 = DEFINITIONAL_REPRESENTATION('',(#6842),#6846);
#6842 = LINE('',#6843,#6844);
#6843 = CARTESIAN_POINT('',(0.,0.));
#6844 = VECTOR('',#6845,1.);
#6845 = DIRECTION('',(0.,1.));
#6846 = ( GEOMETRIC_REPRESENTATION_CONTEXT(2) 
PARAMETRIC_REPRESENTATION_CONTEXT() REPRESENTATION_CONTEXT('2D SPACE',''
  ) );
#6847 = ORIENTED_EDGE('',*,*,#6848,.T.);
#6848 = EDGE_CURVE('',#6821,#6849,#6851,.T.);
#6849 = VERTEX_POINT('',#6850);
#6850 = CARTESIAN_POINT('',(187.5,122.45014498409,-8.881784197001E-16));
#6851 = SURFACE_CURVE('',#6852,(#6856,#6863),.PCURVE_S1.);
#6852 = LINE('',#6853,#6854);
#6853 = CARTESIAN_POINT('',(187.5,119.00610351562,0.));
#6854 = VECTOR('',#6855,1.);
#6855 = DIRECTION('',(0.,1.,0.));
#6856 = PCURVE('',#5743,#6857);
#6857 = DEFINITIONAL_REPRESENTATION('',(#6858),#6862);
#6858 = LINE('',#6859,#6860);
#6859 = CARTESIAN_POINT('',(-22.29928588867,-37.5));
#6860 = VECTOR('',#6861,1.);
#6861 = DIRECTION('',(1.,0.));
#6862 = ( GEOMETRIC_REPRESENTATION_CONTEXT(2) 
PARAMETRIC_REPRESENTATION_CONTEXT() REPRESENTATION_CONTEXT('2D SPACE',''
  ) );
#6863 = PCURVE('',#6286,#6864);
#6864 = DEFINITIONAL_REPRESENTATION('',(#6865),#6869);
#6865 = LINE('',#6866,#6867);
#6866 = CARTESIAN_POINT('',(-0.684581147263,0.));
#6867 = VECTOR('',#6868,1.);
#6868 = DIRECTION('',(1.,0.));
#6869 = ( GEOMETRIC_REPRESENTATION_CONTEXT(2) 
PARAMETRIC_REPRESENTATION_CONTEXT() REPRESENTATION_CONTEXT('2D SPACE',''
  ) );
#6870 = ORIENTED_EDGE('',*,*,#6871,.T.);
#6871 = EDGE_CURVE('',#6849,#6872,#6874,.T.);
#6872 = VERTEX_POINT('',#6873);
#6873 = CARTESIAN_POINT('',(187.5,136.77518446307,30.657008126188));
#6874 = SURFACE_CURVE('',#6875,(#6879,#6886),.PCURVE_S1.);
#6875 = LINE('',#6876,#6877);
#6876 = CARTESIAN_POINT('',(187.5,122.54904992241,0.211666397308));
#6877 = VECTOR('',#6878,1.);
#6878 = DIRECTION('',(0.,0.423332794615,0.905974251844));
#6879 = PCURVE('',#5743,#6880);
#6880 = DEFINITIONAL_REPRESENTATION('',(#6881),#6885);
#6881 = LINE('',#6882,#6883);
#6882 = CARTESIAN_POINT('',(-18.75633948187,-37.28833360269));
#6883 = VECTOR('',#6884,1.);
#6884 = DIRECTION('',(0.423332794615,0.905974251844));
#6885 = ( GEOMETRIC_REPRESENTATION_CONTEXT(2) 
PARAMETRIC_REPRESENTATION_CONTEXT() REPRESENTATION_CONTEXT('2D SPACE',''
  ) );
#6886 = PCURVE('',#6887,#6892);
#6887 = CYLINDRICAL_SURFACE('',#6888,0.5);
#6888 = AXIS2_PLACEMENT_3D('',#6889,#6890,#6891);
#6889 = CARTESIAN_POINT('',(187.,122.54904992241,0.211666397308));
#6890 = DIRECTION('',(0.,0.423332794615,0.905974251844));
#6891 = DIRECTION('',(1.,0.,0.));
#6892 = DEFINITIONAL_REPRESENTATION('',(#6893),#6897);
#6893 = LINE('',#6894,#6895);
#6894 = CARTESIAN_POINT('',(0.,0.));
#6895 = VECTOR('',#6896,1.);
#6896 = DIRECTION('',(0.,1.));
#6897 = ( GEOMETRIC_REPRESENTATION_CONTEXT(2) 
PARAMETRIC_REPRESENTATION_CONTEXT() REPRESENTATION_CONTEXT('2D SPACE',''
  ) );
#6898 = ORIENTED_EDGE('',*,*,#6899,.T.);
#6899 = EDGE_CURVE('',#6872,#6900,#6902,.T.);
#6900 = VERTEX_POINT('',#6901);
#6901 = CARTESIAN_POINT('',(187.5,132.20642814618,48.939990997315));
#6902 = SURFACE_CURVE('',#6903,(#6907,#6914),.PCURVE_S1.);
#6903 = LINE('',#6904,#6905);
#6904 = CARTESIAN_POINT('',(187.5,136.81820002441,30.484870958761));
#6905 = VECTOR('',#6906,1.);
#6906 = DIRECTION('',(0.,-0.242436268024,0.970167333993));
#6907 = PCURVE('',#5743,#6908);
#6908 = DEFINITIONAL_REPRESENTATION('',(#6909),#6913);
#6909 = LINE('',#6910,#6911);
#6910 = CARTESIAN_POINT('',(-4.487189379887,-7.015129041239));
#6911 = VECTOR('',#6912,1.);
#6912 = DIRECTION('',(-0.242436268024,0.970167333993));
#6913 = ( GEOMETRIC_REPRESENTATION_CONTEXT(2) 
PARAMETRIC_REPRESENTATION_CONTEXT() REPRESENTATION_CONTEXT('2D SPACE',''
  ) );
#6914 = PCURVE('',#6915,#6920);
#6915 = CYLINDRICAL_SURFACE('',#6916,0.5);
#6916 = AXIS2_PLACEMENT_3D('',#6917,#6918,#6919);
#6917 = CARTESIAN_POINT('',(187.,136.81820002441,30.484870958761));
#6918 = DIRECTION('',(0.,-0.242436268024,0.970167333993));
#6919 = DIRECTION('',(1.,0.,0.));
#6920 = DEFINITIONAL_REPRESENTATION('',(#6921),#6925);
#6921 = LINE('',#6922,#6923);
#6922 = CARTESIAN_POINT('',(0.,0.));
#6923 = VECTOR('',#6924,1.);
#6924 = DIRECTION('',(0.,1.));
#6925 = ( GEOMETRIC_REPRESENTATION_CONTEXT(2) 
PARAMETRIC_REPRESENTATION_CONTEXT() REPRESENTATION_CONTEXT('2D SPACE',''
  ) );
#6926 = ORIENTED_EDGE('',*,*,#6927,.T.);
#6927 = EDGE_CURVE('',#6900,#6928,#6930,.T.);
#6928 = VERTEX_POINT('',#6929);
#6929 = CARTESIAN_POINT('',(187.5,145.81878087825,48.939990997315));
#6930 = SURFACE_CURVE('',#6931,(#6935,#6942),.PCURVE_S1.);
#6931 = LINE('',#6932,#6933);
#6932 = CARTESIAN_POINT('',(187.5,132.84674875093,48.939990997314));
#6933 = VECTOR('',#6934,1.);
#6934 = DIRECTION('',(0.,1.,-1.224646799147E-16));
#6935 = PCURVE('',#5743,#6936);
#6936 = DEFINITIONAL_REPRESENTATION('',(#6937),#6941);
#6937 = LINE('',#6938,#6939);
#6938 = CARTESIAN_POINT('',(-8.458640653365,11.439990997314));
#6939 = VECTOR('',#6940,1.);
#6940 = DIRECTION('',(1.,-1.224646799147E-16));
#6941 = ( GEOMETRIC_REPRESENTATION_CONTEXT(2) 
PARAMETRIC_REPRESENTATION_CONTEXT() REPRESENTATION_CONTEXT('2D SPACE',''
  ) );
#6942 = PCURVE('',#6943,#6948);
#6943 = CYLINDRICAL_SURFACE('',#6944,0.5);
#6944 = AXIS2_PLACEMENT_3D('',#6945,#6946,#6947);
#6945 = CARTESIAN_POINT('',(187.,132.84674875093,48.939990997314));
#6946 = DIRECTION('',(0.,1.,-1.224646799147E-16));
#6947 = DIRECTION('',(1.,0.,0.));
#6948 = DEFINITIONAL_REPRESENTATION('',(#6949),#6953);
#6949 = LINE('',#6950,#6951);
#6950 = CARTESIAN_POINT('',(0.,0.));
#6951 = VECTOR('',#6952,1.);
#6952 = DIRECTION('',(0.,1.));
#6953 = ( GEOMETRIC_REPRESENTATION_CONTEXT(2) 
PARAMETRIC_REPRESENTATION_CONTEXT() REPRESENTATION_CONTEXT('2D SPACE',''
  ) );
#6954 = ORIENTED_EDGE('',*,*,#6955,.T.);
#6955 = EDGE_CURVE('',#6928,#6684,#6956,.T.);
#6956 = SURFACE_CURVE('',#6957,(#6961,#6968),.PCURVE_S1.);
#6957 = LINE('',#6958,#6959);
#6958 = CARTESIAN_POINT('',(187.5,145.89633548619,48.533752105324));
#6959 = VECTOR('',#6960,1.);
#6960 = DIRECTION('',(0.,0.187522216019,-0.982260361869));
#6961 = PCURVE('',#5743,#6962);
#6962 = DEFINITIONAL_REPRESENTATION('',(#6963),#6967);
#6963 = LINE('',#6964,#6965);
#6964 = CARTESIAN_POINT('',(4.590946081894,11.033752105324));
#6965 = VECTOR('',#6966,1.);
#6966 = DIRECTION('',(0.187522216019,-0.982260361869));
#6967 = ( GEOMETRIC_REPRESENTATION_CONTEXT(2) 
PARAMETRIC_REPRESENTATION_CONTEXT() REPRESENTATION_CONTEXT('2D SPACE',''
  ) );
#6968 = PCURVE('',#6721,#6969);
#6969 = DEFINITIONAL_REPRESENTATION('',(#6970),#6974);
#6970 = LINE('',#6971,#6972);
#6971 = CARTESIAN_POINT('',(0.,0.));
#6972 = VECTOR('',#6973,1.);
#6973 = DIRECTION('',(0.,1.));
#6974 = ( GEOMETRIC_REPRESENTATION_CONTEXT(2) 
PARAMETRIC_REPRESENTATION_CONTEXT() REPRESENTATION_CONTEXT('2D SPACE',''
  ) );
#6975 = ORIENTED_EDGE('',*,*,#6683,.T.);
#6976 = ORIENTED_EDGE('',*,*,#5727,.T.);
#6977 = ORIENTED_EDGE('',*,*,#5914,.T.);
#6978 = ORIENTED_EDGE('',*,*,#6979,.T.);
#6979 = EDGE_CURVE('',#5874,#6768,#6980,.T.);
#6980 = SURFACE_CURVE('',#6981,(#6985,#6992),.PCURVE_S1.);
#6981 = LINE('',#6982,#6983);
#6982 = CARTESIAN_POINT('',(187.5,131.61199151878,51.318772863303));
#6983 = VECTOR('',#6984,1.);
#6984 = DIRECTION('',(0.,-0.242436268024,0.970167333993));
#6985 = PCURVE('',#5743,#6986);
#6986 = DEFINITIONAL_REPRESENTATION('',(#6987),#6991);
#6987 = LINE('',#6988,#6989);
#6988 = CARTESIAN_POINT('',(-9.693397885517,13.818772863303));
#6989 = VECTOR('',#6990,1.);
#6990 = DIRECTION('',(-0.242436268024,0.970167333993));
#6991 = ( GEOMETRIC_REPRESENTATION_CONTEXT(2) 
PARAMETRIC_REPRESENTATION_CONTEXT() REPRESENTATION_CONTEXT('2D SPACE',''
  ) );
#6992 = PCURVE('',#5896,#6993);
#6993 = DEFINITIONAL_REPRESENTATION('',(#6994),#6998);
#6994 = LINE('',#6995,#6996);
#6995 = CARTESIAN_POINT('',(0.,0.));
#6996 = VECTOR('',#6997,1.);
#6997 = DIRECTION('',(0.,1.));
#6998 = ( GEOMETRIC_REPRESENTATION_CONTEXT(2) 
PARAMETRIC_REPRESENTATION_CONTEXT() REPRESENTATION_CONTEXT('2D SPACE',''
  ) );
#6999 = ADVANCED_FACE('',(#7000),#5831,.T.);
#7000 = FACE_BOUND('',#7001,.F.);
#7001 = EDGE_LOOP('',(#7002,#7003,#7027,#7048));
#7002 = ORIENTED_EDGE('',*,*,#5817,.F.);
#7003 = ORIENTED_EDGE('',*,*,#7004,.F.);
#7004 = EDGE_CURVE('',#7005,#5795,#7007,.T.);
#7005 = VERTEX_POINT('',#7006);
#7006 = CARTESIAN_POINT('',(187.5,151.62131881113,53.342974269698));
#7007 = SURFACE_CURVE('',#7008,(#7013,#7020),.PCURVE_S1.);
#7008 = CIRCLE('',#7009,1.);
#7009 = AXIS2_PLACEMENT_3D('',#7010,#7011,#7012);
#7010 = CARTESIAN_POINT('',(187.5,151.62131881113,52.342974269698));
#7011 = DIRECTION('',(-1.,1.224646799147E-16,0.));
#7012 = DIRECTION('',(0.,0.,1.));
#7013 = PCURVE('',#5831,#7014);
#7014 = DEFINITIONAL_REPRESENTATION('',(#7015),#7019);
#7015 = LINE('',#7016,#7017);
#7016 = CARTESIAN_POINT('',(-1.570796326795,1.));
#7017 = VECTOR('',#7018,1.);
#7018 = DIRECTION('',(1.,-0.));
#7019 = ( GEOMETRIC_REPRESENTATION_CONTEXT(2) 
PARAMETRIC_REPRESENTATION_CONTEXT() REPRESENTATION_CONTEXT('2D SPACE',''
  ) );
#7020 = PCURVE('',#5956,#7021);
#7021 = DEFINITIONAL_REPRESENTATION('',(#7022),#7026);
#7022 = LINE('',#7023,#7024);
#7023 = CARTESIAN_POINT('',(0.,0.));
#7024 = VECTOR('',#7025,1.);
#7025 = DIRECTION('',(1.,0.));
#7026 = ( GEOMETRIC_REPRESENTATION_CONTEXT(2) 
PARAMETRIC_REPRESENTATION_CONTEXT() REPRESENTATION_CONTEXT('2D SPACE',''
  ) );
#7027 = ORIENTED_EDGE('',*,*,#7028,.T.);
#7028 = EDGE_CURVE('',#7005,#6604,#7029,.T.);
#7029 = SURFACE_CURVE('',#7030,(#7034,#7041),.PCURVE_S1.);
#7030 = LINE('',#7031,#7032);
#7031 = CARTESIAN_POINT('',(188.5,151.62131881113,53.342974269698));
#7032 = VECTOR('',#7033,1.);
#7033 = DIRECTION('',(-1.,1.836970198721E-16,0.));
#7034 = PCURVE('',#5831,#7035);
#7035 = DEFINITIONAL_REPRESENTATION('',(#7036),#7040);
#7036 = LINE('',#7037,#7038);
#7037 = CARTESIAN_POINT('',(-1.570796326795,0.));
#7038 = VECTOR('',#7039,1.);
#7039 = DIRECTION('',(-0.,1.));
#7040 = ( GEOMETRIC_REPRESENTATION_CONTEXT(2) 
PARAMETRIC_REPRESENTATION_CONTEXT() REPRESENTATION_CONTEXT('2D SPACE',''
  ) );
#7041 = PCURVE('',#6146,#7042);
#7042 = DEFINITIONAL_REPRESENTATION('',(#7043),#7047);
#7043 = LINE('',#7044,#7045);
#7044 = CARTESIAN_POINT('',(-11.10520822127,2.));
#7045 = VECTOR('',#7046,1.);
#7046 = DIRECTION('',(-1.836970198721E-16,-1.));
#7047 = ( GEOMETRIC_REPRESENTATION_CONTEXT(2) 
PARAMETRIC_REPRESENTATION_CONTEXT() REPRESENTATION_CONTEXT('2D SPACE',''
  ) );
#7048 = ORIENTED_EDGE('',*,*,#6743,.F.);
#7049 = ADVANCED_FACE('',(#7050),#5896,.T.);
#7050 = FACE_BOUND('',#7051,.T.);
#7051 = EDGE_LOOP('',(#7052,#7053,#7076,#7104));
#7052 = ORIENTED_EDGE('',*,*,#5873,.T.);
#7053 = ORIENTED_EDGE('',*,*,#7054,.T.);
#7054 = EDGE_CURVE('',#5851,#7055,#7057,.T.);
#7055 = VERTEX_POINT('',#7056);
#7056 = CARTESIAN_POINT('',(187.,123.94277740532,84.071384817701));
#7057 = SURFACE_CURVE('',#7058,(#7062,#7069),.PCURVE_S1.);
#7058 = LINE('',#7059,#7060);
#7059 = CARTESIAN_POINT('',(187.,132.09707518577,51.439990997315));
#7060 = VECTOR('',#7061,1.);
#7061 = DIRECTION('',(0.,-0.242436268024,0.970167333993));
#7062 = PCURVE('',#5896,#7063);
#7063 = DEFINITIONAL_REPRESENTATION('',(#7064),#7068);
#7064 = LINE('',#7065,#7066);
#7065 = CARTESIAN_POINT('',(1.570796326795,0.));
#7066 = VECTOR('',#7067,1.);
#7067 = DIRECTION('',(0.,1.));
#7068 = ( GEOMETRIC_REPRESENTATION_CONTEXT(2) 
PARAMETRIC_REPRESENTATION_CONTEXT() REPRESENTATION_CONTEXT('2D SPACE',''
  ) );
#7069 = PCURVE('',#6093,#7070);
#7070 = DEFINITIONAL_REPRESENTATION('',(#7071),#7075);
#7071 = LINE('',#7072,#7073);
#7072 = CARTESIAN_POINT('',(0.,-0.5));
#7073 = VECTOR('',#7074,1.);
#7074 = DIRECTION('',(1.,0.));
#7075 = ( GEOMETRIC_REPRESENTATION_CONTEXT(2) 
PARAMETRIC_REPRESENTATION_CONTEXT() REPRESENTATION_CONTEXT('2D SPACE',''
  ) );
#7076 = ORIENTED_EDGE('',*,*,#7077,.F.);
#7077 = EDGE_CURVE('',#6768,#7055,#7078,.T.);
#7078 = SURFACE_CURVE('',#7079,(#7084,#7097),.PCURVE_S1.);
#7079 = ELLIPSE('',#7080,0.500022336587,0.5);
#7080 = AXIS2_PLACEMENT_3D('',#7081,#7082,#7083);
#7081 = CARTESIAN_POINT('',(187.,123.45654793298,83.954751900795));
#7082 = DIRECTION('',(0.,-0.233255413552,0.972415503809));
#7083 = DIRECTION('',(0.,-0.972415503809,-0.233255413552));
#7084 = PCURVE('',#5896,#7085);
#7085 = DEFINITIONAL_REPRESENTATION('',(#7086),#7096);
#7086 = B_SPLINE_CURVE_WITH_KNOTS('',8,(#7087,#7088,#7089,#7090,#7091,
    #7092,#7093,#7094,#7095),.UNSPECIFIED.,.F.,.F.,(9,9),(1.570796326795
    ,3.14159265359),.PIECEWISE_BEZIER_KNOTS.);
#7087 = CARTESIAN_POINT('',(-6.756766019467E-14,33.639536082068));
#7088 = CARTESIAN_POINT('',(0.196349541599,33.638608092385));
#7089 = CARTESIAN_POINT('',(0.392699082198,33.637680102504));
#7090 = CARTESIAN_POINT('',(0.589048622797,33.636806631461));
#7091 = CARTESIAN_POINT('',(0.785398163393,33.636042188096));
#7092 = CARTESIAN_POINT('',(0.981747703998,33.635434589363));
#7093 = CARTESIAN_POINT('',(1.178097244595,33.635018110072));
#7094 = CARTESIAN_POINT('',(1.374446785196,33.63480986944));
#7095 = CARTESIAN_POINT('',(1.570796326795,33.634809869439));
#7096 = ( GEOMETRIC_REPRESENTATION_CONTEXT(2) 
PARAMETRIC_REPRESENTATION_CONTEXT() REPRESENTATION_CONTEXT('2D SPACE',''
  ) );
#7097 = PCURVE('',#6202,#7098);
#7098 = DEFINITIONAL_REPRESENTATION('',(#7099),#7103);
#7099 = ELLIPSE('',#7100,0.500022336587,0.5);
#7100 = AXIS2_PLACEMENT_2D('',#7101,#7102);
#7101 = CARTESIAN_POINT('',(0.500022336587,-0.5));
#7102 = DIRECTION('',(1.,0.));
#7103 = ( GEOMETRIC_REPRESENTATION_CONTEXT(2) 
PARAMETRIC_REPRESENTATION_CONTEXT() REPRESENTATION_CONTEXT('2D SPACE',''
  ) );
#7104 = ORIENTED_EDGE('',*,*,#6979,.F.);
#7105 = ADVANCED_FACE('',(#7106),#5956,.T.);
#7106 = FACE_BOUND('',#7107,.T.);
#7107 = EDGE_LOOP('',(#7108,#7128,#7129));
#7108 = ORIENTED_EDGE('',*,*,#7109,.F.);
#7109 = EDGE_CURVE('',#5941,#7005,#7110,.T.);
#7110 = SURFACE_CURVE('',#7111,(#7116,#7122),.PCURVE_S1.);
#7111 = CIRCLE('',#7112,1.);
#7112 = AXIS2_PLACEMENT_3D('',#7113,#7114,#7115);
#7113 = CARTESIAN_POINT('',(187.5,151.62131881113,52.342974269698));
#7114 = DIRECTION('',(-1.224646799147E-16,-1.,0.));
#7115 = DIRECTION('',(0.,0.,1.));
#7116 = PCURVE('',#5956,#7117);
#7117 = DEFINITIONAL_REPRESENTATION('',(#7118),#7121);
#7118 = B_SPLINE_CURVE_WITH_KNOTS('',1,(#7119,#7120),.UNSPECIFIED.,.F.,
  .F.,(2,2),(4.712388980385,6.28318530718),.PIECEWISE_BEZIER_KNOTS.);
#7119 = CARTESIAN_POINT('',(0.,-1.570796326795));
#7120 = CARTESIAN_POINT('',(0.,0.));
#7121 = ( GEOMETRIC_REPRESENTATION_CONTEXT(2) 
PARAMETRIC_REPRESENTATION_CONTEXT() REPRESENTATION_CONTEXT('2D SPACE',''
  ) );
#7122 = PCURVE('',#6029,#7123);
#7123 = DEFINITIONAL_REPRESENTATION('',(#7124),#7127);
#7124 = B_SPLINE_CURVE_WITH_KNOTS('',1,(#7125,#7126),.UNSPECIFIED.,.F.,
  .F.,(2,2),(4.712388980385,6.28318530718),.PIECEWISE_BEZIER_KNOTS.);
#7125 = CARTESIAN_POINT('',(0.,19.));
#7126 = CARTESIAN_POINT('',(-1.570796326795,19.));
#7127 = ( GEOMETRIC_REPRESENTATION_CONTEXT(2) 
PARAMETRIC_REPRESENTATION_CONTEXT() REPRESENTATION_CONTEXT('2D SPACE',''
  ) );
#7128 = ORIENTED_EDGE('',*,*,#5940,.T.);
#7129 = ORIENTED_EDGE('',*,*,#7004,.F.);
#7130 = ADVANCED_FACE('',(#7131),#6029,.T.);
#7131 = FACE_BOUND('',#7132,.F.);
#7132 = EDGE_LOOP('',(#7133,#7153,#7174,#7175));
#7133 = ORIENTED_EDGE('',*,*,#7134,.T.);
#7134 = EDGE_CURVE('',#5993,#6131,#7135,.T.);
#7135 = SURFACE_CURVE('',#7136,(#7141,#7147),.PCURVE_S1.);
#7136 = CIRCLE('',#7137,1.);
#7137 = AXIS2_PLACEMENT_3D('',#7138,#7139,#7140);
#7138 = CARTESIAN_POINT('',(187.5,133.62131881113,52.342974269698));
#7139 = DIRECTION('',(-1.224646799147E-16,-1.,0.));
#7140 = DIRECTION('',(0.,0.,1.));
#7141 = PCURVE('',#6029,#7142);
#7142 = DEFINITIONAL_REPRESENTATION('',(#7143),#7146);
#7143 = B_SPLINE_CURVE_WITH_KNOTS('',1,(#7144,#7145),.UNSPECIFIED.,.F.,
  .F.,(2,2),(4.712388980385,6.28318530718),.PIECEWISE_BEZIER_KNOTS.);
#7144 = CARTESIAN_POINT('',(0.,1.));
#7145 = CARTESIAN_POINT('',(-1.570796326795,1.));
#7146 = ( GEOMETRIC_REPRESENTATION_CONTEXT(2) 
PARAMETRIC_REPRESENTATION_CONTEXT() REPRESENTATION_CONTEXT('2D SPACE',''
  ) );
#7147 = PCURVE('',#6061,#7148);
#7148 = DEFINITIONAL_REPRESENTATION('',(#7149),#7152);
#7149 = B_SPLINE_CURVE_WITH_KNOTS('',1,(#7150,#7151),.UNSPECIFIED.,.F.,
  .F.,(2,2),(4.712388980385,6.28318530718),.PIECEWISE_BEZIER_KNOTS.);
#7150 = CARTESIAN_POINT('',(0.,-1.570796326795));
#7151 = CARTESIAN_POINT('',(0.,0.));
#7152 = ( GEOMETRIC_REPRESENTATION_CONTEXT(2) 
PARAMETRIC_REPRESENTATION_CONTEXT() REPRESENTATION_CONTEXT('2D SPACE',''
  ) );
#7153 = ORIENTED_EDGE('',*,*,#7154,.T.);
#7154 = EDGE_CURVE('',#6131,#7005,#7155,.T.);
#7155 = SURFACE_CURVE('',#7156,(#7160,#7167),.PCURVE_S1.);
#7156 = LINE('',#7157,#7158);
#7157 = CARTESIAN_POINT('',(187.5,132.62131881113,53.342974269698));
#7158 = VECTOR('',#7159,1.);
#7159 = DIRECTION('',(1.224646799147E-16,1.,0.));
#7160 = PCURVE('',#6029,#7161);
#7161 = DEFINITIONAL_REPRESENTATION('',(#7162),#7166);
#7162 = LINE('',#7163,#7164);
#7163 = CARTESIAN_POINT('',(-1.570796326795,0.));
#7164 = VECTOR('',#7165,1.);
#7165 = DIRECTION('',(-0.,1.));
#7166 = ( GEOMETRIC_REPRESENTATION_CONTEXT(2) 
PARAMETRIC_REPRESENTATION_CONTEXT() REPRESENTATION_CONTEXT('2D SPACE',''
  ) );
#7167 = PCURVE('',#6146,#7168);
#7168 = DEFINITIONAL_REPRESENTATION('',(#7169),#7173);
#7169 = LINE('',#7170,#7171);
#7170 = CARTESIAN_POINT('',(7.894791778725,1.));
#7171 = VECTOR('',#7172,1.);
#7172 = DIRECTION('',(-1.,1.224646799147E-16));
#7173 = ( GEOMETRIC_REPRESENTATION_CONTEXT(2) 
PARAMETRIC_REPRESENTATION_CONTEXT() REPRESENTATION_CONTEXT('2D SPACE',''
  ) );
#7174 = ORIENTED_EDGE('',*,*,#7109,.F.);
#7175 = ORIENTED_EDGE('',*,*,#6015,.F.);
#7176 = ADVANCED_FACE('',(#7177),#6061,.T.);
#7177 = FACE_BOUND('',#7178,.F.);
#7178 = EDGE_LOOP('',(#7179,#7180,#7181));
#7179 = ORIENTED_EDGE('',*,*,#7134,.F.);
#7180 = ORIENTED_EDGE('',*,*,#6047,.T.);
#7181 = ORIENTED_EDGE('',*,*,#6158,.F.);
#7182 = ADVANCED_FACE('',(#7183),#6093,.T.);
#7183 = FACE_BOUND('',#7184,.T.);
#7184 = EDGE_LOOP('',(#7185,#7186,#7187,#7208));
#7185 = ORIENTED_EDGE('',*,*,#6079,.T.);
#7186 = ORIENTED_EDGE('',*,*,#6489,.T.);
#7187 = ORIENTED_EDGE('',*,*,#7188,.F.);
#7188 = EDGE_CURVE('',#7055,#6460,#7189,.T.);
#7189 = SURFACE_CURVE('',#7190,(#7194,#7201),.PCURVE_S1.);
#7190 = LINE('',#7191,#7192);
#7191 = CARTESIAN_POINT('',(187.5,123.94277740532,84.071384817701));
#7192 = VECTOR('',#7193,1.);
#7193 = DIRECTION('',(-1.,0.,0.));
#7194 = PCURVE('',#6093,#7195);
#7195 = DEFINITIONAL_REPRESENTATION('',(#7196),#7200);
#7196 = LINE('',#7197,#7198);
#7197 = CARTESIAN_POINT('',(33.634809869439,0.));
#7198 = VECTOR('',#7199,1.);
#7199 = DIRECTION('',(0.,-1.));
#7200 = ( GEOMETRIC_REPRESENTATION_CONTEXT(2) 
PARAMETRIC_REPRESENTATION_CONTEXT() REPRESENTATION_CONTEXT('2D SPACE',''
  ) );
#7201 = PCURVE('',#6202,#7202);
#7202 = DEFINITIONAL_REPRESENTATION('',(#7203),#7207);
#7203 = LINE('',#7204,#7205);
#7204 = CARTESIAN_POINT('',(-0.,0.));
#7205 = VECTOR('',#7206,1.);
#7206 = DIRECTION('',(0.,-1.));
#7207 = ( GEOMETRIC_REPRESENTATION_CONTEXT(2) 
PARAMETRIC_REPRESENTATION_CONTEXT() REPRESENTATION_CONTEXT('2D SPACE',''
  ) );
#7208 = ORIENTED_EDGE('',*,*,#7054,.F.);
#7209 = ADVANCED_FACE('',(#7210),#6146,.T.);
#7210 = FACE_BOUND('',#7211,.T.);
#7211 = EDGE_LOOP('',(#7212,#7213,#7214,#7215));
#7212 = ORIENTED_EDGE('',*,*,#6627,.T.);
#7213 = ORIENTED_EDGE('',*,*,#6130,.T.);
#7214 = ORIENTED_EDGE('',*,*,#7154,.T.);
#7215 = ORIENTED_EDGE('',*,*,#7028,.T.);
#7216 = ADVANCED_FACE('',(#7217),#6202,.T.);
#7217 = FACE_BOUND('',#7218,.T.);
#7218 = EDGE_LOOP('',(#7219,#7220,#7221,#7222,#7256,#7284,#7316,#7317));
#7219 = ORIENTED_EDGE('',*,*,#7188,.T.);
#7220 = ORIENTED_EDGE('',*,*,#6459,.T.);
#7221 = ORIENTED_EDGE('',*,*,#6184,.T.);
#7222 = ORIENTED_EDGE('',*,*,#7223,.F.);
#7223 = EDGE_CURVE('',#7224,#6187,#7226,.T.);
#7224 = VERTEX_POINT('',#7225);
#7225 = CARTESIAN_POINT('',(186.,121.02540057124,83.371587316265));
#7226 = SURFACE_CURVE('',#7227,(#7232,#7243),.PCURVE_S1.);
#7227 = ELLIPSE('',#7228,0.500022336587,0.5);
#7228 = AXIS2_PLACEMENT_3D('',#7229,#7230,#7231);
#7229 = CARTESIAN_POINT('',(186.,121.51163004358,83.488220233171));
#7230 = DIRECTION('',(0.,0.233255413552,-0.972415503809));
#7231 = DIRECTION('',(0.,0.972415503809,0.233255413552));
#7232 = PCURVE('',#6202,#7233);
#7233 = DEFINITIONAL_REPRESENTATION('',(#7234),#7242);
#7234 = ( BOUNDED_CURVE() B_SPLINE_CURVE(2,(#7235,#7236,#7237,#7238,
#7239,#7240,#7241),.UNSPECIFIED.,.T.,.F.) B_SPLINE_CURVE_WITH_KNOTS((1,2
    ,2,2,2,1),(-2.094395102393,0.,2.094395102393,4.188790204786,
6.28318530718,8.377580409573),.UNSPECIFIED.) CURVE() 
GEOMETRIC_REPRESENTATION_ITEM() RATIONAL_B_SPLINE_CURVE((1.,0.5,1.,0.5,
1.,0.5,1.)) REPRESENTATION_ITEM('') );
#7235 = CARTESIAN_POINT('',(2.000089346348,-1.5));
#7236 = CARTESIAN_POINT('',(2.000089346348,-0.633974596216));
#7237 = CARTESIAN_POINT('',(2.750122851228,-1.066987298108));
#7238 = CARTESIAN_POINT('',(3.500156356108,-1.5));
#7239 = CARTESIAN_POINT('',(2.750122851228,-1.933012701892));
#7240 = CARTESIAN_POINT('',(2.000089346348,-2.366025403784));
#7241 = CARTESIAN_POINT('',(2.000089346348,-1.5));
#7242 = ( GEOMETRIC_REPRESENTATION_CONTEXT(2) 
PARAMETRIC_REPRESENTATION_CONTEXT() REPRESENTATION_CONTEXT('2D SPACE',''
  ) );
#7243 = PCURVE('',#6230,#7244);
#7244 = DEFINITIONAL_REPRESENTATION('',(#7245),#7255);
#7245 = B_SPLINE_CURVE_WITH_KNOTS('',8,(#7246,#7247,#7248,#7249,#7250,
    #7251,#7252,#7253,#7254),.UNSPECIFIED.,.F.,.F.,(9,9),(3.14159265359,
    4.712388980385),.PIECEWISE_BEZIER_KNOTS.);
#7246 = CARTESIAN_POINT('',(-1.072424127694E-14,-7.105429720705E-15));
#7247 = CARTESIAN_POINT('',(0.196349541599,9.208842142414E-13));
#7248 = CARTESIAN_POINT('',(0.3926990822,2.082405972195E-04));
#7249 = CARTESIAN_POINT('',(0.589048622793,6.247200198466E-04));
#7250 = CARTESIAN_POINT('',(0.785398163401,1.23231858632E-03));
#7251 = CARTESIAN_POINT('',(0.981747703994,1.996762159601E-03));
#7252 = CARTESIAN_POINT('',(1.178097244597,2.870233047125E-03));
#7253 = CARTESIAN_POINT('',(1.374446785196,3.798222945722E-03));
#7254 = CARTESIAN_POINT('',(1.570796326795,4.726212628911E-03));
#7255 = ( GEOMETRIC_REPRESENTATION_CONTEXT(2) 
PARAMETRIC_REPRESENTATION_CONTEXT() REPRESENTATION_CONTEXT('2D SPACE',''
  ) );
#7256 = ORIENTED_EDGE('',*,*,#7257,.F.);
#7257 = EDGE_CURVE('',#7258,#7224,#7260,.T.);
#7258 = VERTEX_POINT('',#7259);
#7259 = CARTESIAN_POINT('',(187.,121.02540057124,83.371587316265));
#7260 = SURFACE_CURVE('',#7261,(#7265,#7272),.PCURVE_S1.);
#7261 = LINE('',#7262,#7263);
#7262 = CARTESIAN_POINT('',(187.5,121.02540057124,83.371587316265));
#7263 = VECTOR('',#7264,1.);
#7264 = DIRECTION('',(-1.,0.,0.));
#7265 = PCURVE('',#6202,#7266);
#7266 = DEFINITIONAL_REPRESENTATION('',(#7267),#7271);
#7267 = LINE('',#7268,#7269);
#7268 = CARTESIAN_POINT('',(3.000134019521,0.));
#7269 = VECTOR('',#7270,1.);
#7270 = DIRECTION('',(0.,-1.));
#7271 = ( GEOMETRIC_REPRESENTATION_CONTEXT(2) 
PARAMETRIC_REPRESENTATION_CONTEXT() REPRESENTATION_CONTEXT('2D SPACE',''
  ) );
#7272 = PCURVE('',#7273,#7278);
#7273 = PLANE('',#7274);
#7274 = AXIS2_PLACEMENT_3D('',#7275,#7276,#7277);
#7275 = CARTESIAN_POINT('',(187.5,121.02540057124,83.371587316265));
#7276 = DIRECTION('',(0.,-0.970167333993,-0.242436268024));
#7277 = DIRECTION('',(0.,0.242436268024,-0.970167333993));
#7278 = DEFINITIONAL_REPRESENTATION('',(#7279),#7283);
#7279 = LINE('',#7280,#7281);
#7280 = CARTESIAN_POINT('',(0.,0.));
#7281 = VECTOR('',#7282,1.);
#7282 = DIRECTION('',(0.,-1.));
#7283 = ( GEOMETRIC_REPRESENTATION_CONTEXT(2) 
PARAMETRIC_REPRESENTATION_CONTEXT() REPRESENTATION_CONTEXT('2D SPACE',''
  ) );
#7284 = ORIENTED_EDGE('',*,*,#7285,.F.);
#7285 = EDGE_CURVE('',#6770,#7258,#7286,.T.);
#7286 = SURFACE_CURVE('',#7287,(#7292,#7303),.PCURVE_S1.);
#7287 = ELLIPSE('',#7288,0.500022336587,0.5);
#7288 = AXIS2_PLACEMENT_3D('',#7289,#7290,#7291);
#7289 = CARTESIAN_POINT('',(187.,121.51163004358,83.488220233171));
#7290 = DIRECTION('',(0.,0.233255413552,-0.972415503809));
#7291 = DIRECTION('',(0.,0.972415503809,0.233255413552));
#7292 = PCURVE('',#6202,#7293);
#7293 = DEFINITIONAL_REPRESENTATION('',(#7294),#7302);
#7294 = ( BOUNDED_CURVE() B_SPLINE_CURVE(2,(#7295,#7296,#7297,#7298,
#7299,#7300,#7301),.UNSPECIFIED.,.T.,.F.) B_SPLINE_CURVE_WITH_KNOTS((1,2
    ,2,2,2,1),(-2.094395102393,0.,2.094395102393,4.188790204786,
6.28318530718,8.377580409573),.UNSPECIFIED.) CURVE() 
GEOMETRIC_REPRESENTATION_ITEM() RATIONAL_B_SPLINE_CURVE((1.,0.5,1.,0.5,
1.,0.5,1.)) REPRESENTATION_ITEM('') );
#7295 = CARTESIAN_POINT('',(2.000089346348,-0.5));
#7296 = CARTESIAN_POINT('',(2.000089346348,0.366025403784));
#7297 = CARTESIAN_POINT('',(2.750122851228,-6.698729810778E-02));
#7298 = CARTESIAN_POINT('',(3.500156356108,-0.5));
#7299 = CARTESIAN_POINT('',(2.750122851228,-0.933012701892));
#7300 = CARTESIAN_POINT('',(2.000089346348,-1.366025403784));
#7301 = CARTESIAN_POINT('',(2.000089346348,-0.5));
#7302 = ( GEOMETRIC_REPRESENTATION_CONTEXT(2) 
PARAMETRIC_REPRESENTATION_CONTEXT() REPRESENTATION_CONTEXT('2D SPACE',''
  ) );
#7303 = PCURVE('',#6808,#7304);
#7304 = DEFINITIONAL_REPRESENTATION('',(#7305),#7315);
#7305 = B_SPLINE_CURVE_WITH_KNOTS('',8,(#7306,#7307,#7308,#7309,#7310,
    #7311,#7312,#7313,#7314),.UNSPECIFIED.,.F.,.F.,(9,9),(1.570796326795
    ,3.14159265359),.PIECEWISE_BEZIER_KNOTS.);
#7306 = CARTESIAN_POINT('',(-6.756766019467E-14,4.726212628911E-03));
#7307 = CARTESIAN_POINT('',(0.196349541599,3.798222945722E-03));
#7308 = CARTESIAN_POINT('',(0.392699082199,2.870233047125E-03));
#7309 = CARTESIAN_POINT('',(0.589048622795,1.996762159604E-03));
#7310 = CARTESIAN_POINT('',(0.785398163399,1.232318586323E-03));
#7311 = CARTESIAN_POINT('',(0.981747703995,6.247200198386E-04));
#7312 = CARTESIAN_POINT('',(1.178097244596,2.082405972192E-04));
#7313 = CARTESIAN_POINT('',(1.374446785196,9.208844415333E-13));
#7314 = CARTESIAN_POINT('',(1.570796326795,-7.105429720706E-15));
#7315 = ( GEOMETRIC_REPRESENTATION_CONTEXT(2) 
PARAMETRIC_REPRESENTATION_CONTEXT() REPRESENTATION_CONTEXT('2D SPACE',''
  ) );
#7316 = ORIENTED_EDGE('',*,*,#6767,.F.);
#7317 = ORIENTED_EDGE('',*,*,#7077,.T.);
#7318 = ADVANCED_FACE('',(#7319),#6230,.T.);
#7319 = FACE_BOUND('',#7320,.T.);
#7320 = EDGE_LOOP('',(#7321,#7322,#7323,#7359));
#7321 = ORIENTED_EDGE('',*,*,#7223,.T.);
#7322 = ORIENTED_EDGE('',*,*,#6214,.T.);
#7323 = ORIENTED_EDGE('',*,*,#7324,.F.);
#7324 = EDGE_CURVE('',#7325,#6215,#7327,.T.);
#7325 = VERTEX_POINT('',#7326);
#7326 = CARTESIAN_POINT('',(186.,134.13468832142,30.911603293263));
#7327 = SURFACE_CURVE('',#7328,(#7333,#7346),.PCURVE_S1.);
#7328 = ELLIPSE('',#7329,0.530548341743,0.5);
#7329 = AXIS2_PLACEMENT_3D('',#7330,#7331,#7332);
#7330 = CARTESIAN_POINT('',(186.,134.66278754975,30.860684259848));
#7331 = DIRECTION('',(-0.,-9.597435220996E-02,-0.995383807241));
#7332 = DIRECTION('',(0.,-0.995383807241,9.597435220996E-02));
#7333 = PCURVE('',#6230,#7334);
#7334 = DEFINITIONAL_REPRESENTATION('',(#7335),#7345);
#7335 = B_SPLINE_CURVE_WITH_KNOTS('',8,(#7336,#7337,#7338,#7339,#7340,
    #7341,#7342,#7343,#7344),.UNSPECIFIED.,.F.,.F.,(9,9),(0.,
    1.570796326795),.PIECEWISE_BEZIER_KNOTS.);
#7336 = CARTESIAN_POINT('',(0.,54.073129639506));
#7337 = CARTESIAN_POINT('',(0.196349541599,54.073129639541));
#7338 = CARTESIAN_POINT('',(0.392699082198,54.080947360169));
#7339 = CARTESIAN_POINT('',(0.589048622801,54.096582734841));
#7340 = CARTESIAN_POINT('',(0.785398163391,54.119393060711));
#7341 = CARTESIAN_POINT('',(0.981747704,54.148091625597));
#7342 = CARTESIAN_POINT('',(1.178097244595,54.180883269277));
#7343 = CARTESIAN_POINT('',(1.374446785196,54.215721652928));
#7344 = CARTESIAN_POINT('',(1.570796326795,54.250560028466));
#7345 = ( GEOMETRIC_REPRESENTATION_CONTEXT(2) 
PARAMETRIC_REPRESENTATION_CONTEXT() REPRESENTATION_CONTEXT('2D SPACE',''
  ) );
#7346 = PCURVE('',#6258,#7347);
#7347 = DEFINITIONAL_REPRESENTATION('',(#7348),#7358);
#7348 = B_SPLINE_CURVE_WITH_KNOTS('',8,(#7349,#7350,#7351,#7352,#7353,
    #7354,#7355,#7356,#7357),.UNSPECIFIED.,.F.,.F.,(9,9),(0.,
    1.570796326795),.PIECEWISE_BEZIER_KNOTS.);
#7349 = CARTESIAN_POINT('',(0.,-1.06089979428E-13));
#7350 = CARTESIAN_POINT('',(0.196349541599,-3.494446542887E-11));
#7351 = CARTESIAN_POINT('',(0.392699082199,-7.817720671098E-03));
#7352 = CARTESIAN_POINT('',(0.589048622797,-2.345309549447E-02));
#7353 = CARTESIAN_POINT('',(0.785398163401,-4.626342131798E-02));
#7354 = CARTESIAN_POINT('',(0.981747703995,-7.49619863656E-02));
#7355 = CARTESIAN_POINT('',(1.178097244596,-0.107753629798));
#7356 = CARTESIAN_POINT('',(1.374446785196,-0.142592013422));
#7357 = CARTESIAN_POINT('',(1.570796326795,-0.17743038896));
#7358 = ( GEOMETRIC_REPRESENTATION_CONTEXT(2) 
PARAMETRIC_REPRESENTATION_CONTEXT() REPRESENTATION_CONTEXT('2D SPACE',''
  ) );
#7359 = ORIENTED_EDGE('',*,*,#7360,.F.);
#7360 = EDGE_CURVE('',#7224,#7325,#7361,.T.);
#7361 = SURFACE_CURVE('',#7362,(#7366,#7373),.PCURVE_S1.);
#7362 = LINE('',#7363,#7364);
#7363 = CARTESIAN_POINT('',(186.,121.02540057124,83.371587316265));
#7364 = VECTOR('',#7365,1.);
#7365 = DIRECTION('',(0.,0.242436268024,-0.970167333993));
#7366 = PCURVE('',#6230,#7367);
#7367 = DEFINITIONAL_REPRESENTATION('',(#7368),#7372);
#7368 = LINE('',#7369,#7370);
#7369 = CARTESIAN_POINT('',(0.,0.));
#7370 = VECTOR('',#7371,1.);
#7371 = DIRECTION('',(0.,1.));
#7372 = ( GEOMETRIC_REPRESENTATION_CONTEXT(2) 
PARAMETRIC_REPRESENTATION_CONTEXT() REPRESENTATION_CONTEXT('2D SPACE',''
  ) );
#7373 = PCURVE('',#7273,#7374);
#7374 = DEFINITIONAL_REPRESENTATION('',(#7375),#7379);
#7375 = LINE('',#7376,#7377);
#7376 = CARTESIAN_POINT('',(0.,-1.5));
#7377 = VECTOR('',#7378,1.);
#7378 = DIRECTION('',(1.,0.));
#7379 = ( GEOMETRIC_REPRESENTATION_CONTEXT(2) 
PARAMETRIC_REPRESENTATION_CONTEXT() REPRESENTATION_CONTEXT('2D SPACE',''
  ) );
#7380 = ADVANCED_FACE('',(#7381),#6258,.T.);
#7381 = FACE_BOUND('',#7382,.T.);
#7382 = EDGE_LOOP('',(#7383,#7384,#7385,#7415));
#7383 = ORIENTED_EDGE('',*,*,#7324,.T.);
#7384 = ORIENTED_EDGE('',*,*,#6242,.T.);
#7385 = ORIENTED_EDGE('',*,*,#7386,.F.);
#7386 = EDGE_CURVE('',#7387,#6243,#7389,.T.);
#7387 = VERTEX_POINT('',#7388);
#7388 = CARTESIAN_POINT('',(186.,119.69068466288,-1.7763568394E-14));
#7389 = SURFACE_CURVE('',#7390,(#7395,#7408),.PCURVE_S1.);
#7390 = ELLIPSE('',#7391,0.551892064242,0.5);
#7391 = AXIS2_PLACEMENT_3D('',#7392,#7393,#7394);
#7392 = CARTESIAN_POINT('',(186.,120.24257672713,3.552713678801E-15));
#7393 = DIRECTION('',(-0.,-0.,-1.));
#7394 = DIRECTION('',(0.,-1.,0.));
#7395 = PCURVE('',#6258,#7396);
#7396 = DEFINITIONAL_REPRESENTATION('',(#7397),#7407);
#7397 = B_SPLINE_CURVE_WITH_KNOTS('',8,(#7398,#7399,#7400,#7401,#7402,
    #7403,#7404,#7405,#7406),.UNSPECIFIED.,.F.,.F.,(9,9),(0.,
    1.570796326795),.PIECEWISE_BEZIER_KNOTS.);
#7398 = CARTESIAN_POINT('',(-1.072424133381E-14,34.119737101096));
#7399 = CARTESIAN_POINT('',(0.196349541599,34.11973710105));
#7400 = CARTESIAN_POINT('',(0.392699082197,34.109443005247));
#7401 = CARTESIAN_POINT('',(0.589048622801,34.0888549011));
#7402 = CARTESIAN_POINT('',(0.785398163393,34.058819077443));
#7403 = CARTESIAN_POINT('',(0.981747704001,34.021029830197));
#7404 = CARTESIAN_POINT('',(1.178097244595,33.977850963347));
#7405 = CARTESIAN_POINT('',(1.374446785196,33.931977021957));
#7406 = CARTESIAN_POINT('',(1.570796326795,33.886103091215));
#7407 = ( GEOMETRIC_REPRESENTATION_CONTEXT(2) 
PARAMETRIC_REPRESENTATION_CONTEXT() REPRESENTATION_CONTEXT('2D SPACE',''
  ) );
#7408 = PCURVE('',#6286,#7409);
#7409 = DEFINITIONAL_REPRESENTATION('',(#7410),#7414);
#7410 = ELLIPSE('',#7411,0.551892064242,0.5);
#7411 = AXIS2_PLACEMENT_2D('',#7412,#7413);
#7412 = CARTESIAN_POINT('',(0.551892064242,-1.5));
#7413 = DIRECTION('',(-1.,-0.));
#7414 = ( GEOMETRIC_REPRESENTATION_CONTEXT(2) 
PARAMETRIC_REPRESENTATION_CONTEXT() REPRESENTATION_CONTEXT('2D SPACE',''
  ) );
#7415 = ORIENTED_EDGE('',*,*,#7416,.F.);
#7416 = EDGE_CURVE('',#7325,#7387,#7417,.T.);
#7417 = SURFACE_CURVE('',#7418,(#7422,#7429),.PCURVE_S1.);
#7418 = LINE('',#7419,#7420);
#7419 = CARTESIAN_POINT('',(186.,134.13468832142,30.911603293263));
#7420 = VECTOR('',#7421,1.);
#7421 = DIRECTION('',(-0.,-0.423332794615,-0.905974251844));
#7422 = PCURVE('',#6258,#7423);
#7423 = DEFINITIONAL_REPRESENTATION('',(#7424),#7428);
#7424 = LINE('',#7425,#7426);
#7425 = CARTESIAN_POINT('',(0.,0.));
#7426 = VECTOR('',#7427,1.);
#7427 = DIRECTION('',(0.,1.));
#7428 = ( GEOMETRIC_REPRESENTATION_CONTEXT(2) 
PARAMETRIC_REPRESENTATION_CONTEXT() REPRESENTATION_CONTEXT('2D SPACE',''
  ) );
#7429 = PCURVE('',#7430,#7435);
#7430 = PLANE('',#7431);
#7431 = AXIS2_PLACEMENT_3D('',#7432,#7433,#7434);
#7432 = CARTESIAN_POINT('',(187.5,134.13468832142,30.911603293263));
#7433 = DIRECTION('',(0.,-0.905974251844,0.423332794615));
#7434 = DIRECTION('',(-0.,-0.423332794615,-0.905974251844));
#7435 = DEFINITIONAL_REPRESENTATION('',(#7436),#7440);
#7436 = LINE('',#7437,#7438);
#7437 = CARTESIAN_POINT('',(-1.42108547152E-14,-1.5));
#7438 = VECTOR('',#7439,1.);
#7439 = DIRECTION('',(1.,0.));
#7440 = ( GEOMETRIC_REPRESENTATION_CONTEXT(2) 
PARAMETRIC_REPRESENTATION_CONTEXT() REPRESENTATION_CONTEXT('2D SPACE',''
  ) );
#7441 = ADVANCED_FACE('',(#7442),#6286,.T.);
#7442 = FACE_BOUND('',#7443,.T.);
#7443 = EDGE_LOOP('',(#7444,#7467,#7468,#7469,#7503,#7531,#7563,#7564));
#7444 = ORIENTED_EDGE('',*,*,#7445,.T.);
#7445 = EDGE_CURVE('',#7446,#7387,#7448,.T.);
#7446 = VERTEX_POINT('',#7447);
#7447 = CARTESIAN_POINT('',(187.,119.69068466288,-1.7763568394E-14));
#7448 = SURFACE_CURVE('',#7449,(#7453,#7460),.PCURVE_S1.);
#7449 = LINE('',#7450,#7451);
#7450 = CARTESIAN_POINT('',(187.5,119.69068466288,0.));
#7451 = VECTOR('',#7452,1.);
#7452 = DIRECTION('',(-1.,0.,0.));
#7453 = PCURVE('',#6286,#7454);
#7454 = DEFINITIONAL_REPRESENTATION('',(#7455),#7459);
#7455 = LINE('',#7456,#7457);
#7456 = CARTESIAN_POINT('',(0.,0.));
#7457 = VECTOR('',#7458,1.);
#7458 = DIRECTION('',(0.,-1.));
#7459 = ( GEOMETRIC_REPRESENTATION_CONTEXT(2) 
PARAMETRIC_REPRESENTATION_CONTEXT() REPRESENTATION_CONTEXT('2D SPACE',''
  ) );
#7460 = PCURVE('',#7430,#7461);
#7461 = DEFINITIONAL_REPRESENTATION('',(#7462),#7466);
#7462 = LINE('',#7463,#7464);
#7463 = CARTESIAN_POINT('',(34.119737101096,0.));
#7464 = VECTOR('',#7465,1.);
#7465 = DIRECTION('',(0.,-1.));
#7466 = ( GEOMETRIC_REPRESENTATION_CONTEXT(2) 
PARAMETRIC_REPRESENTATION_CONTEXT() REPRESENTATION_CONTEXT('2D SPACE',''
  ) );
#7467 = ORIENTED_EDGE('',*,*,#7386,.T.);
#7468 = ORIENTED_EDGE('',*,*,#6270,.T.);
#7469 = ORIENTED_EDGE('',*,*,#7470,.F.);
#7470 = EDGE_CURVE('',#7471,#6271,#7473,.T.);
#7471 = VERTEX_POINT('',#7472);
#7472 = CARTESIAN_POINT('',(186.,123.00203704834,9.964251646011E-15));
#7473 = SURFACE_CURVE('',#7474,(#7479,#7490),.PCURVE_S1.);
#7474 = ELLIPSE('',#7475,0.551892064242,0.5);
#7475 = AXIS2_PLACEMENT_3D('',#7476,#7477,#7478);
#7476 = CARTESIAN_POINT('',(186.,122.45014498409,0.));
#7477 = DIRECTION('',(0.,-0.,1.));
#7478 = DIRECTION('',(0.,1.,0.));
#7479 = PCURVE('',#6286,#7480);
#7480 = DEFINITIONAL_REPRESENTATION('',(#7481),#7489);
#7481 = ( BOUNDED_CURVE() B_SPLINE_CURVE(2,(#7482,#7483,#7484,#7485,
#7486,#7487,#7488),.UNSPECIFIED.,.T.,.F.) B_SPLINE_CURVE_WITH_KNOTS((1,2
    ,2,2,2,1),(-2.094395102393,0.,2.094395102393,4.188790204786,
6.28318530718,8.377580409573),.UNSPECIFIED.) CURVE() 
GEOMETRIC_REPRESENTATION_ITEM() RATIONAL_B_SPLINE_CURVE((1.,0.5,1.,0.5,
1.,0.5,1.)) REPRESENTATION_ITEM('') );
#7482 = CARTESIAN_POINT('',(3.311352385452,-1.5));
#7483 = CARTESIAN_POINT('',(3.311352385452,-2.366025403784));
#7484 = CARTESIAN_POINT('',(2.483514289089,-1.933012701892));
#7485 = CARTESIAN_POINT('',(1.655676192726,-1.5));
#7486 = CARTESIAN_POINT('',(2.483514289089,-1.066987298108));
#7487 = CARTESIAN_POINT('',(3.311352385452,-0.633974596216));
#7488 = CARTESIAN_POINT('',(3.311352385452,-1.5));
#7489 = ( GEOMETRIC_REPRESENTATION_CONTEXT(2) 
PARAMETRIC_REPRESENTATION_CONTEXT() REPRESENTATION_CONTEXT('2D SPACE',''
  ) );
#7490 = PCURVE('',#6314,#7491);
#7491 = DEFINITIONAL_REPRESENTATION('',(#7492),#7502);
#7492 = B_SPLINE_CURVE_WITH_KNOTS('',8,(#7493,#7494,#7495,#7496,#7497,
    #7498,#7499,#7500,#7501),.UNSPECIFIED.,.F.,.F.,(9,9),(0.,
    1.570796326795),.PIECEWISE_BEZIER_KNOTS.);
#7493 = CARTESIAN_POINT('',(-1.072424133381E-14,-7.105310540708E-15));
#7494 = CARTESIAN_POINT('',(0.196349541599,-4.588103593596E-11));
#7495 = CARTESIAN_POINT('',(0.392699082199,-1.029409583773E-02));
#7496 = CARTESIAN_POINT('',(0.589048622795,-3.088219992375E-02));
#7497 = CARTESIAN_POINT('',(0.785398163395,-6.091802366439E-02));
#7498 = CARTESIAN_POINT('',(0.981747703995,-9.87072708669E-02));
#7499 = CARTESIAN_POINT('',(1.178097244596,-0.141886137749));
#7500 = CARTESIAN_POINT('',(1.374446785196,-0.187760079139));
#7501 = CARTESIAN_POINT('',(1.570796326795,-0.233634009881));
#7502 = ( GEOMETRIC_REPRESENTATION_CONTEXT(2) 
PARAMETRIC_REPRESENTATION_CONTEXT() REPRESENTATION_CONTEXT('2D SPACE',''
  ) );
#7503 = ORIENTED_EDGE('',*,*,#7504,.F.);
#7504 = EDGE_CURVE('',#7505,#7471,#7507,.T.);
#7505 = VERTEX_POINT('',#7506);
#7506 = CARTESIAN_POINT('',(187.,123.00203704834,9.964251646011E-15));
#7507 = SURFACE_CURVE('',#7508,(#7512,#7519),.PCURVE_S1.);
#7508 = LINE('',#7509,#7510);
#7509 = CARTESIAN_POINT('',(187.5,123.00203704834,0.));
#7510 = VECTOR('',#7511,1.);
#7511 = DIRECTION('',(-1.,0.,0.));
#7512 = PCURVE('',#6286,#7513);
#7513 = DEFINITIONAL_REPRESENTATION('',(#7514),#7518);
#7514 = LINE('',#7515,#7516);
#7515 = CARTESIAN_POINT('',(3.311352385452,0.));
#7516 = VECTOR('',#7517,1.);
#7517 = DIRECTION('',(0.,-1.));
#7518 = ( GEOMETRIC_REPRESENTATION_CONTEXT(2) 
PARAMETRIC_REPRESENTATION_CONTEXT() REPRESENTATION_CONTEXT('2D SPACE',''
  ) );
#7519 = PCURVE('',#7520,#7525);
#7520 = PLANE('',#7521);
#7521 = AXIS2_PLACEMENT_3D('',#7522,#7523,#7524);
#7522 = CARTESIAN_POINT('',(187.5,123.00203704834,0.));
#7523 = DIRECTION('',(0.,0.905974251844,-0.423332794615));
#7524 = DIRECTION('',(0.,0.423332794615,0.905974251844));
#7525 = DEFINITIONAL_REPRESENTATION('',(#7526),#7530);
#7526 = LINE('',#7527,#7528);
#7527 = CARTESIAN_POINT('',(0.,0.));
#7528 = VECTOR('',#7529,1.);
#7529 = DIRECTION('',(0.,-1.));
#7530 = ( GEOMETRIC_REPRESENTATION_CONTEXT(2) 
PARAMETRIC_REPRESENTATION_CONTEXT() REPRESENTATION_CONTEXT('2D SPACE',''
  ) );
#7531 = ORIENTED_EDGE('',*,*,#7532,.F.);
#7532 = EDGE_CURVE('',#6849,#7505,#7533,.T.);
#7533 = SURFACE_CURVE('',#7534,(#7539,#7550),.PCURVE_S1.);
#7534 = ELLIPSE('',#7535,0.551892064242,0.5);
#7535 = AXIS2_PLACEMENT_3D('',#7536,#7537,#7538);
#7536 = CARTESIAN_POINT('',(187.,122.45014498409,0.));
#7537 = DIRECTION('',(0.,-0.,1.));
#7538 = DIRECTION('',(0.,1.,0.));
#7539 = PCURVE('',#6286,#7540);
#7540 = DEFINITIONAL_REPRESENTATION('',(#7541),#7549);
#7541 = ( BOUNDED_CURVE() B_SPLINE_CURVE(2,(#7542,#7543,#7544,#7545,
#7546,#7547,#7548),.UNSPECIFIED.,.T.,.F.) B_SPLINE_CURVE_WITH_KNOTS((1,2
    ,2,2,2,1),(-2.094395102393,0.,2.094395102393,4.188790204786,
6.28318530718,8.377580409573),.UNSPECIFIED.) CURVE() 
GEOMETRIC_REPRESENTATION_ITEM() RATIONAL_B_SPLINE_CURVE((1.,0.5,1.,0.5,
1.,0.5,1.)) REPRESENTATION_ITEM('') );
#7542 = CARTESIAN_POINT('',(3.311352385452,-0.5));
#7543 = CARTESIAN_POINT('',(3.311352385452,-1.366025403784));
#7544 = CARTESIAN_POINT('',(2.483514289089,-0.933012701892));
#7545 = CARTESIAN_POINT('',(1.655676192726,-0.5));
#7546 = CARTESIAN_POINT('',(2.483514289089,-6.698729810778E-02));
#7547 = CARTESIAN_POINT('',(3.311352385452,0.366025403784));
#7548 = CARTESIAN_POINT('',(3.311352385452,-0.5));
#7549 = ( GEOMETRIC_REPRESENTATION_CONTEXT(2) 
PARAMETRIC_REPRESENTATION_CONTEXT() REPRESENTATION_CONTEXT('2D SPACE',''
  ) );
#7550 = PCURVE('',#6887,#7551);
#7551 = DEFINITIONAL_REPRESENTATION('',(#7552),#7562);
#7552 = B_SPLINE_CURVE_WITH_KNOTS('',8,(#7553,#7554,#7555,#7556,#7557,
    #7558,#7559,#7560,#7561),.UNSPECIFIED.,.F.,.F.,(9,9),(4.712388980385
    ,6.28318530718),.PIECEWISE_BEZIER_KNOTS.);
#7553 = CARTESIAN_POINT('',(1.769746809691E-14,-0.233634009881));
#7554 = CARTESIAN_POINT('',(0.196349541599,-0.187760079139));
#7555 = CARTESIAN_POINT('',(0.392699082197,-0.141886137749));
#7556 = CARTESIAN_POINT('',(0.589048622803,-9.870727086681E-02));
#7557 = CARTESIAN_POINT('',(0.785398163386,-6.091802366419E-02));
#7558 = CARTESIAN_POINT('',(0.981747704001,-3.088219992344E-02));
#7559 = CARTESIAN_POINT('',(1.178097244594,-1.029409583774E-02));
#7560 = CARTESIAN_POINT('',(1.374446785196,-4.588105096746E-11));
#7561 = CARTESIAN_POINT('',(1.570796326795,-7.105310540631E-15));
#7562 = ( GEOMETRIC_REPRESENTATION_CONTEXT(2) 
PARAMETRIC_REPRESENTATION_CONTEXT() REPRESENTATION_CONTEXT('2D SPACE',''
  ) );
#7563 = ORIENTED_EDGE('',*,*,#6848,.F.);
#7564 = ORIENTED_EDGE('',*,*,#7565,.T.);
#7565 = EDGE_CURVE('',#6821,#7446,#7566,.T.);
#7566 = SURFACE_CURVE('',#7567,(#7572,#7579),.PCURVE_S1.);
#7567 = ELLIPSE('',#7568,0.551892064242,0.5);
#7568 = AXIS2_PLACEMENT_3D('',#7569,#7570,#7571);
#7569 = CARTESIAN_POINT('',(187.,120.24257672713,3.552713678801E-15));
#7570 = DIRECTION('',(-0.,-0.,-1.));
#7571 = DIRECTION('',(0.,-1.,0.));
#7572 = PCURVE('',#6286,#7573);
#7573 = DEFINITIONAL_REPRESENTATION('',(#7574),#7578);
#7574 = ELLIPSE('',#7575,0.551892064242,0.5);
#7575 = AXIS2_PLACEMENT_2D('',#7576,#7577);
#7576 = CARTESIAN_POINT('',(0.551892064242,-0.5));
#7577 = DIRECTION('',(-1.,-0.));
#7578 = ( GEOMETRIC_REPRESENTATION_CONTEXT(2) 
PARAMETRIC_REPRESENTATION_CONTEXT() REPRESENTATION_CONTEXT('2D SPACE',''
  ) );
#7579 = PCURVE('',#6836,#7580);
#7580 = DEFINITIONAL_REPRESENTATION('',(#7581),#7591);
#7581 = B_SPLINE_CURVE_WITH_KNOTS('',8,(#7582,#7583,#7584,#7585,#7586,
    #7587,#7588,#7589,#7590),.UNSPECIFIED.,.F.,.F.,(9,9),(4.712388980385
    ,6.28318530718),.PIECEWISE_BEZIER_KNOTS.);
#7582 = CARTESIAN_POINT('',(-1.072424133381E-14,33.886103091215));
#7583 = CARTESIAN_POINT('',(0.196349541599,33.931977021957));
#7584 = CARTESIAN_POINT('',(0.392699082199,33.977850963314));
#7585 = CARTESIAN_POINT('',(0.589048622796,34.021029830343));
#7586 = CARTESIAN_POINT('',(0.785398163399,34.05881907724));
#7587 = CARTESIAN_POINT('',(0.981747703996,34.08885490126));
#7588 = CARTESIAN_POINT('',(1.178097244596,34.109443005247));
#7589 = CARTESIAN_POINT('',(1.374446785196,34.11973710105));
#7590 = CARTESIAN_POINT('',(1.570796326795,34.119737101096));
#7591 = ( GEOMETRIC_REPRESENTATION_CONTEXT(2) 
PARAMETRIC_REPRESENTATION_CONTEXT() REPRESENTATION_CONTEXT('2D SPACE',''
  ) );
#7592 = ADVANCED_FACE('',(#7593),#6314,.T.);
#7593 = FACE_BOUND('',#7594,.T.);
#7594 = EDGE_LOOP('',(#7595,#7596,#7597,#7633));
#7595 = ORIENTED_EDGE('',*,*,#7470,.T.);
#7596 = ORIENTED_EDGE('',*,*,#6298,.T.);
#7597 = ORIENTED_EDGE('',*,*,#7598,.F.);
#7598 = EDGE_CURVE('',#7599,#6299,#7601,.T.);
#7599 = VERTEX_POINT('',#7600);
#7600 = CARTESIAN_POINT('',(186.,137.3032836914,30.606089092773));
#7601 = SURFACE_CURVE('',#7602,(#7607,#7620),.PCURVE_S1.);
#7602 = ELLIPSE('',#7603,0.530548341743,0.5);
#7603 = AXIS2_PLACEMENT_3D('',#7604,#7605,#7606);
#7604 = CARTESIAN_POINT('',(186.,136.77518446307,30.657008126188));
#7605 = DIRECTION('',(-0.,9.597435220996E-02,0.995383807241));
#7606 = DIRECTION('',(0.,-0.995383807241,9.597435220996E-02));
#7607 = PCURVE('',#6314,#7608);
#7608 = DEFINITIONAL_REPRESENTATION('',(#7609),#7619);
#7609 = B_SPLINE_CURVE_WITH_KNOTS('',8,(#7610,#7611,#7612,#7613,#7614,
    #7615,#7616,#7617,#7618),.UNSPECIFIED.,.F.,.F.,(9,9),(3.14159265359,
    4.712388980385),.PIECEWISE_BEZIER_KNOTS.);
#7610 = CARTESIAN_POINT('',(0.,33.78251537557));
#7611 = CARTESIAN_POINT('',(0.196349541599,33.782515375535));
#7612 = CARTESIAN_POINT('',(0.392699082199,33.774697654833));
#7613 = CARTESIAN_POINT('',(0.589048622797,33.759062280224));
#7614 = CARTESIAN_POINT('',(0.785398163397,33.736251953844));
#7615 = CARTESIAN_POINT('',(0.981747703997,33.707553389395));
#7616 = CARTESIAN_POINT('',(1.178097244596,33.674761745708));
#7617 = CARTESIAN_POINT('',(1.374446785196,33.639923362147));
#7618 = CARTESIAN_POINT('',(1.570796326795,33.605084986609));
#7619 = ( GEOMETRIC_REPRESENTATION_CONTEXT(2) 
PARAMETRIC_REPRESENTATION_CONTEXT() REPRESENTATION_CONTEXT('2D SPACE',''
  ) );
#7620 = PCURVE('',#6342,#7621);
#7621 = DEFINITIONAL_REPRESENTATION('',(#7622),#7632);
#7622 = B_SPLINE_CURVE_WITH_KNOTS('',8,(#7623,#7624,#7625,#7626,#7627,
    #7628,#7629,#7630,#7631),.UNSPECIFIED.,.F.,.F.,(9,9),(3.14159265359,
    4.712388980385),.PIECEWISE_BEZIER_KNOTS.);
#7623 = CARTESIAN_POINT('',(0.,5.991145691728E-15));
#7624 = CARTESIAN_POINT('',(0.196349541599,3.484436521121E-11));
#7625 = CARTESIAN_POINT('',(0.392699082199,7.817720671005E-03));
#7626 = CARTESIAN_POINT('',(0.589048622795,2.345309549391E-02));
#7627 = CARTESIAN_POINT('',(0.785398163399,4.626342131831E-02));
#7628 = CARTESIAN_POINT('',(0.981747703995,7.496198636493E-02));
#7629 = CARTESIAN_POINT('',(1.178097244596,0.107753629798));
#7630 = CARTESIAN_POINT('',(1.374446785196,0.142592013422));
#7631 = CARTESIAN_POINT('',(1.570796326795,0.17743038896));
#7632 = ( GEOMETRIC_REPRESENTATION_CONTEXT(2) 
PARAMETRIC_REPRESENTATION_CONTEXT() REPRESENTATION_CONTEXT('2D SPACE',''
  ) );
#7633 = ORIENTED_EDGE('',*,*,#7634,.F.);
#7634 = EDGE_CURVE('',#7471,#7599,#7635,.T.);
#7635 = SURFACE_CURVE('',#7636,(#7640,#7647),.PCURVE_S1.);
#7636 = LINE('',#7637,#7638);
#7637 = CARTESIAN_POINT('',(186.,123.00203704834,3.524958103185E-15));
#7638 = VECTOR('',#7639,1.);
#7639 = DIRECTION('',(0.,0.423332794615,0.905974251844));
#7640 = PCURVE('',#6314,#7641);
#7641 = DEFINITIONAL_REPRESENTATION('',(#7642),#7646);
#7642 = LINE('',#7643,#7644);
#7643 = CARTESIAN_POINT('',(0.,0.));
#7644 = VECTOR('',#7645,1.);
#7645 = DIRECTION('',(0.,1.));
#7646 = ( GEOMETRIC_REPRESENTATION_CONTEXT(2) 
PARAMETRIC_REPRESENTATION_CONTEXT() REPRESENTATION_CONTEXT('2D SPACE',''
  ) );
#7647 = PCURVE('',#7520,#7648);
#7648 = DEFINITIONAL_REPRESENTATION('',(#7649),#7653);
#7649 = LINE('',#7650,#7651);
#7650 = CARTESIAN_POINT('',(-7.105427357601E-15,-1.5));
#7651 = VECTOR('',#7652,1.);
#7652 = DIRECTION('',(1.,0.));
#7653 = ( GEOMETRIC_REPRESENTATION_CONTEXT(2) 
PARAMETRIC_REPRESENTATION_CONTEXT() REPRESENTATION_CONTEXT('2D SPACE',''
  ) );
#7654 = ADVANCED_FACE('',(#7655),#6398,.T.);
#7655 = FACE_BOUND('',#7656,.T.);
#7656 = EDGE_LOOP('',(#7657,#7693,#7694,#7695));
#7657 = ORIENTED_EDGE('',*,*,#7658,.T.);
#7658 = EDGE_CURVE('',#7659,#6355,#7661,.T.);
#7659 = VERTEX_POINT('',#7660);
#7660 = CARTESIAN_POINT('',(186.,145.40520530525,48.439990997315));
#7661 = SURFACE_CURVE('',#7662,(#7667,#7680),.PCURVE_S1.);
#7662 = ELLIPSE('',#7663,0.648879614858,0.5);
#7663 = AXIS2_PLACEMENT_3D('',#7664,#7665,#7666);
#7664 = CARTESIAN_POINT('',(186.,145.81878087825,48.939990997314));
#7665 = DIRECTION('',(0.,0.770558958166,-0.6373687253));
#7666 = DIRECTION('',(0.,-0.6373687253,-0.770558958166));
#7667 = PCURVE('',#6398,#7668);
#7668 = DEFINITIONAL_REPRESENTATION('',(#7669),#7679);
#7669 = B_SPLINE_CURVE_WITH_KNOTS('',8,(#7670,#7671,#7672,#7673,#7674,
    #7675,#7676,#7677,#7678),.UNSPECIFIED.,.F.,.F.,(9,9),(
    5.551115123126E-17,1.570796326795),.PIECEWISE_BEZIER_KNOTS.);
#7670 = CARTESIAN_POINT('',(0.,0.));
#7671 = CARTESIAN_POINT('',(0.196349541599,-8.120537847528E-11));
#7672 = CARTESIAN_POINT('',(0.392699082199,-1.82224607913E-02));
#7673 = CARTESIAN_POINT('',(0.589048622797,-5.466722732326E-02));
#7674 = CARTESIAN_POINT('',(0.785398163395,-0.107836211669));
#7675 = CARTESIAN_POINT('',(0.981747703999,-0.174730195009));
#7676 = CARTESIAN_POINT('',(1.178097244595,-0.251164805798));
#7677 = CARTESIAN_POINT('',(1.374446785196,-0.332370198821));
#7678 = CARTESIAN_POINT('',(1.570796326795,-0.413575572995));
#7679 = ( GEOMETRIC_REPRESENTATION_CONTEXT(2) 
PARAMETRIC_REPRESENTATION_CONTEXT() REPRESENTATION_CONTEXT('2D SPACE',''
  ) );
#7680 = PCURVE('',#6370,#7681);
#7681 = DEFINITIONAL_REPRESENTATION('',(#7682),#7692);
#7682 = B_SPLINE_CURVE_WITH_KNOTS('',8,(#7683,#7684,#7685,#7686,#7687,
    #7688,#7689,#7690,#7691),.UNSPECIFIED.,.F.,.F.,(9,9),(
    5.551115123126E-17,1.570796326795),.PIECEWISE_BEZIER_KNOTS.);
#7683 = CARTESIAN_POINT('',(0.,12.558456554324));
#7684 = CARTESIAN_POINT('',(0.196349541599,12.558456554406));
#7685 = CARTESIAN_POINT('',(0.392699082198,12.576679015108));
#7686 = CARTESIAN_POINT('',(0.589048622798,12.613123781637));
#7687 = CARTESIAN_POINT('',(0.785398163393,12.666292765971));
#7688 = CARTESIAN_POINT('',(0.981747703997,12.733186749363));
#7689 = CARTESIAN_POINT('',(1.178097244596,12.80962136012));
#7690 = CARTESIAN_POINT('',(1.374446785196,12.890826753145));
#7691 = CARTESIAN_POINT('',(1.570796326795,12.972032127319));
#7692 = ( GEOMETRIC_REPRESENTATION_CONTEXT(2) 
PARAMETRIC_REPRESENTATION_CONTEXT() REPRESENTATION_CONTEXT('2D SPACE',''
  ) );
#7693 = ORIENTED_EDGE('',*,*,#6382,.T.);
#7694 = ORIENTED_EDGE('',*,*,#6540,.F.);
#7695 = ORIENTED_EDGE('',*,*,#7696,.F.);
#7696 = EDGE_CURVE('',#7659,#6541,#7697,.T.);
#7697 = SURFACE_CURVE('',#7698,(#7702,#7709),.PCURVE_S1.);
#7698 = LINE('',#7699,#7700);
#7699 = CARTESIAN_POINT('',(186.,145.40520530525,48.439990997314));
#7700 = VECTOR('',#7701,1.);
#7701 = DIRECTION('',(0.,0.187522216019,-0.982260361869));
#7702 = PCURVE('',#6398,#7703);
#7703 = DEFINITIONAL_REPRESENTATION('',(#7704),#7708);
#7704 = LINE('',#7705,#7706);
#7705 = CARTESIAN_POINT('',(0.,0.));
#7706 = VECTOR('',#7707,1.);
#7707 = DIRECTION('',(0.,1.));
#7708 = ( GEOMETRIC_REPRESENTATION_CONTEXT(2) 
PARAMETRIC_REPRESENTATION_CONTEXT() REPRESENTATION_CONTEXT('2D SPACE',''
  ) );
#7709 = PCURVE('',#6668,#7710);
#7710 = DEFINITIONAL_REPRESENTATION('',(#7711),#7715);
#7711 = LINE('',#7712,#7713);
#7712 = CARTESIAN_POINT('',(0.,-1.5));
#7713 = VECTOR('',#7714,1.);
#7714 = DIRECTION('',(1.,0.));
#7715 = ( GEOMETRIC_REPRESENTATION_CONTEXT(2) 
PARAMETRIC_REPRESENTATION_CONTEXT() REPRESENTATION_CONTEXT('2D SPACE',''
  ) );
#7716 = ADVANCED_FACE('',(#7717),#6342,.T.);
#7717 = FACE_BOUND('',#7718,.T.);
#7718 = EDGE_LOOP('',(#7719,#7720,#7721,#7757));
#7719 = ORIENTED_EDGE('',*,*,#7598,.T.);
#7720 = ORIENTED_EDGE('',*,*,#6326,.T.);
#7721 = ORIENTED_EDGE('',*,*,#7722,.F.);
#7722 = EDGE_CURVE('',#7723,#6327,#7725,.T.);
#7723 = VERTEX_POINT('',#7724);
#7724 = CARTESIAN_POINT('',(186.,132.84674875093,48.439990997315));
#7725 = SURFACE_CURVE('',#7726,(#7731,#7744),.PCURVE_S1.);
#7726 = ELLIPSE('',#7727,0.812410288505,0.5);
#7727 = AXIS2_PLACEMENT_3D('',#7728,#7729,#7730);
#7728 = CARTESIAN_POINT('',(186.,132.20642814618,48.939990997314));
#7729 = DIRECTION('',(0.,0.615452570056,0.788173923707));
#7730 = DIRECTION('',(0.,0.788173923707,-0.615452570056));
#7731 = PCURVE('',#6342,#7732);
#7732 = DEFINITIONAL_REPRESENTATION('',(#7733),#7743);
#7733 = B_SPLINE_CURVE_WITH_KNOTS('',8,(#7734,#7735,#7736,#7737,#7738,
    #7739,#7740,#7741,#7742),.UNSPECIFIED.,.F.,.F.,(9,9),(0.,
    1.570796326795),.PIECEWISE_BEZIER_KNOTS.);
#7734 = CARTESIAN_POINT('',(0.,18.382294764704));
#7735 = CARTESIAN_POINT('',(0.196349541599,18.38229476483));
#7736 = CARTESIAN_POINT('',(0.392699082198,18.410507787601));
#7737 = CARTESIAN_POINT('',(0.589048622799,18.466933593365));
#7738 = CARTESIAN_POINT('',(0.785398163392,18.549252759258));
#7739 = CARTESIAN_POINT('',(0.981747704,18.652821728661));
#7740 = CARTESIAN_POINT('',(1.178097244595,18.771162025838));
#7741 = CARTESIAN_POINT('',(1.374446785196,18.896888712236));
#7742 = CARTESIAN_POINT('',(1.570796326795,19.022615369455));
#7743 = ( GEOMETRIC_REPRESENTATION_CONTEXT(2) 
PARAMETRIC_REPRESENTATION_CONTEXT() REPRESENTATION_CONTEXT('2D SPACE',''
  ) );
#7744 = PCURVE('',#6370,#7745);
#7745 = DEFINITIONAL_REPRESENTATION('',(#7746),#7756);
#7746 = B_SPLINE_CURVE_WITH_KNOTS('',8,(#7747,#7748,#7749,#7750,#7751,
    #7752,#7753,#7754,#7755),.UNSPECIFIED.,.F.,.F.,(9,9),(0.,
    1.570796326795),.PIECEWISE_BEZIER_KNOTS.);
#7747 = CARTESIAN_POINT('',(0.,0.));
#7748 = CARTESIAN_POINT('',(0.196349541599,-1.257266568994E-10));
#7749 = CARTESIAN_POINT('',(0.392699082199,-2.821302290462E-02));
#7750 = CARTESIAN_POINT('',(0.589048622795,-8.463882865894E-02));
#7751 = CARTESIAN_POINT('',(0.785398163402,-0.166957994568));
#7752 = CARTESIAN_POINT('',(0.981747703992,-0.270526963976));
#7753 = CARTESIAN_POINT('',(1.178097244597,-0.388867261129));
#7754 = CARTESIAN_POINT('',(1.374446785196,-0.514593947532));
#7755 = CARTESIAN_POINT('',(1.570796326795,-0.640320604751));
#7756 = ( GEOMETRIC_REPRESENTATION_CONTEXT(2) 
PARAMETRIC_REPRESENTATION_CONTEXT() REPRESENTATION_CONTEXT('2D SPACE',''
  ) );
#7757 = ORIENTED_EDGE('',*,*,#7758,.F.);
#7758 = EDGE_CURVE('',#7599,#7723,#7759,.T.);
#7759 = SURFACE_CURVE('',#7760,(#7764,#7771),.PCURVE_S1.);
#7760 = LINE('',#7761,#7762);
#7761 = CARTESIAN_POINT('',(186.,137.3032836914,30.606089092773));
#7762 = VECTOR('',#7763,1.);
#7763 = DIRECTION('',(0.,-0.242436268024,0.970167333993));
#7764 = PCURVE('',#6342,#7765);
#7765 = DEFINITIONAL_REPRESENTATION('',(#7766),#7770);
#7766 = LINE('',#7767,#7768);
#7767 = CARTESIAN_POINT('',(0.,0.));
#7768 = VECTOR('',#7769,1.);
#7769 = DIRECTION('',(0.,1.));
#7770 = ( GEOMETRIC_REPRESENTATION_CONTEXT(2) 
PARAMETRIC_REPRESENTATION_CONTEXT() REPRESENTATION_CONTEXT('2D SPACE',''
  ) );
#7771 = PCURVE('',#7772,#7777);
#7772 = PLANE('',#7773);
#7773 = AXIS2_PLACEMENT_3D('',#7774,#7775,#7776);
#7774 = CARTESIAN_POINT('',(187.5,137.3032836914,30.606089092773));
#7775 = DIRECTION('',(0.,0.970167333993,0.242436268024));
#7776 = DIRECTION('',(0.,-0.242436268024,0.970167333993));
#7777 = DEFINITIONAL_REPRESENTATION('',(#7778),#7782);
#7778 = LINE('',#7779,#7780);
#7779 = CARTESIAN_POINT('',(3.552713678801E-15,-1.5));
#7780 = VECTOR('',#7781,1.);
#7781 = DIRECTION('',(1.,0.));
#7782 = ( GEOMETRIC_REPRESENTATION_CONTEXT(2) 
PARAMETRIC_REPRESENTATION_CONTEXT() REPRESENTATION_CONTEXT('2D SPACE',''
  ) );
#7783 = ADVANCED_FACE('',(#7784),#6370,.T.);
#7784 = FACE_BOUND('',#7785,.T.);
#7785 = EDGE_LOOP('',(#7786,#7787,#7788,#7789));
#7786 = ORIENTED_EDGE('',*,*,#7722,.T.);
#7787 = ORIENTED_EDGE('',*,*,#6354,.T.);
#7788 = ORIENTED_EDGE('',*,*,#7658,.F.);
#7789 = ORIENTED_EDGE('',*,*,#7790,.F.);
#7790 = EDGE_CURVE('',#7723,#7659,#7791,.T.);
#7791 = SURFACE_CURVE('',#7792,(#7796,#7803),.PCURVE_S1.);
#7792 = LINE('',#7793,#7794);
#7793 = CARTESIAN_POINT('',(186.,132.84674875093,48.439990997314));
#7794 = VECTOR('',#7795,1.);
#7795 = DIRECTION('',(0.,1.,-1.224646799147E-16));
#7796 = PCURVE('',#6370,#7797);
#7797 = DEFINITIONAL_REPRESENTATION('',(#7798),#7802);
#7798 = LINE('',#7799,#7800);
#7799 = CARTESIAN_POINT('',(0.,0.));
#7800 = VECTOR('',#7801,1.);
#7801 = DIRECTION('',(0.,1.));
#7802 = ( GEOMETRIC_REPRESENTATION_CONTEXT(2) 
PARAMETRIC_REPRESENTATION_CONTEXT() REPRESENTATION_CONTEXT('2D SPACE',''
  ) );
#7803 = PCURVE('',#7804,#7809);
#7804 = PLANE('',#7805);
#7805 = AXIS2_PLACEMENT_3D('',#7806,#7807,#7808);
#7806 = CARTESIAN_POINT('',(187.5,132.84674875093,48.439990997314));
#7807 = DIRECTION('',(0.,-1.224646799147E-16,-1.));
#7808 = DIRECTION('',(0.,1.,-1.224646799147E-16));
#7809 = DEFINITIONAL_REPRESENTATION('',(#7810),#7814);
#7810 = LINE('',#7811,#7812);
#7811 = CARTESIAN_POINT('',(0.,-1.5));
#7812 = VECTOR('',#7813,1.);
#7813 = DIRECTION('',(1.,0.));
#7814 = ( GEOMETRIC_REPRESENTATION_CONTEXT(2) 
PARAMETRIC_REPRESENTATION_CONTEXT() REPRESENTATION_CONTEXT('2D SPACE',''
  ) );
#7815 = ADVANCED_FACE('',(#7816),#6668,.T.);
#7816 = FACE_BOUND('',#7817,.T.);
#7817 = EDGE_LOOP('',(#7818,#7841,#7842,#7843));
#7818 = ORIENTED_EDGE('',*,*,#7819,.T.);
#7819 = EDGE_CURVE('',#7820,#7659,#7822,.T.);
#7820 = VERTEX_POINT('',#7821);
#7821 = CARTESIAN_POINT('',(187.,145.40520530525,48.439990997315));
#7822 = SURFACE_CURVE('',#7823,(#7827,#7834),.PCURVE_S1.);
#7823 = LINE('',#7824,#7825);
#7824 = CARTESIAN_POINT('',(187.5,145.40520530525,48.439990997314));
#7825 = VECTOR('',#7826,1.);
#7826 = DIRECTION('',(-1.,0.,0.));
#7827 = PCURVE('',#6668,#7828);
#7828 = DEFINITIONAL_REPRESENTATION('',(#7829),#7833);
#7829 = LINE('',#7830,#7831);
#7830 = CARTESIAN_POINT('',(0.,0.));
#7831 = VECTOR('',#7832,1.);
#7832 = DIRECTION('',(0.,-1.));
#7833 = ( GEOMETRIC_REPRESENTATION_CONTEXT(2) 
PARAMETRIC_REPRESENTATION_CONTEXT() REPRESENTATION_CONTEXT('2D SPACE',''
  ) );
#7834 = PCURVE('',#7804,#7835);
#7835 = DEFINITIONAL_REPRESENTATION('',(#7836),#7840);
#7836 = LINE('',#7837,#7838);
#7837 = CARTESIAN_POINT('',(12.558456554324,0.));
#7838 = VECTOR('',#7839,1.);
#7839 = DIRECTION('',(0.,-1.));
#7840 = ( GEOMETRIC_REPRESENTATION_CONTEXT(2) 
PARAMETRIC_REPRESENTATION_CONTEXT() REPRESENTATION_CONTEXT('2D SPACE',''
  ) );
#7841 = ORIENTED_EDGE('',*,*,#7696,.T.);
#7842 = ORIENTED_EDGE('',*,*,#6652,.F.);
#7843 = ORIENTED_EDGE('',*,*,#7844,.F.);
#7844 = EDGE_CURVE('',#7820,#6653,#7845,.T.);
#7845 = SURFACE_CURVE('',#7846,(#7850,#7857),.PCURVE_S1.);
#7846 = LINE('',#7847,#7848);
#7847 = CARTESIAN_POINT('',(187.,145.40520530525,48.439990997314));
#7848 = VECTOR('',#7849,1.);
#7849 = DIRECTION('',(0.,0.187522216019,-0.982260361869));
#7850 = PCURVE('',#6668,#7851);
#7851 = DEFINITIONAL_REPRESENTATION('',(#7852),#7856);
#7852 = LINE('',#7853,#7854);
#7853 = CARTESIAN_POINT('',(0.,-0.5));
#7854 = VECTOR('',#7855,1.);
#7855 = DIRECTION('',(1.,0.));
#7856 = ( GEOMETRIC_REPRESENTATION_CONTEXT(2) 
PARAMETRIC_REPRESENTATION_CONTEXT() REPRESENTATION_CONTEXT('2D SPACE',''
  ) );
#7857 = PCURVE('',#6721,#7858);
#7858 = DEFINITIONAL_REPRESENTATION('',(#7859),#7863);
#7859 = LINE('',#7860,#7861);
#7860 = CARTESIAN_POINT('',(1.570796326795,0.));
#7861 = VECTOR('',#7862,1.);
#7862 = DIRECTION('',(0.,1.));
#7863 = ( GEOMETRIC_REPRESENTATION_CONTEXT(2) 
PARAMETRIC_REPRESENTATION_CONTEXT() REPRESENTATION_CONTEXT('2D SPACE',''
  ) );
#7864 = ADVANCED_FACE('',(#7865),#6721,.T.);
#7865 = FACE_BOUND('',#7866,.T.);
#7866 = EDGE_LOOP('',(#7867,#7901,#7902,#7903));
#7867 = ORIENTED_EDGE('',*,*,#7868,.T.);
#7868 = EDGE_CURVE('',#6928,#7820,#7869,.T.);
#7869 = SURFACE_CURVE('',#7870,(#7875,#7888),.PCURVE_S1.);
#7870 = ELLIPSE('',#7871,0.648879614858,0.5);
#7871 = AXIS2_PLACEMENT_3D('',#7872,#7873,#7874);
#7872 = CARTESIAN_POINT('',(187.,145.81878087825,48.939990997314));
#7873 = DIRECTION('',(0.,0.770558958166,-0.6373687253));
#7874 = DIRECTION('',(0.,-0.6373687253,-0.770558958166));
#7875 = PCURVE('',#6721,#7876);
#7876 = DEFINITIONAL_REPRESENTATION('',(#7877),#7887);
#7877 = B_SPLINE_CURVE_WITH_KNOTS('',8,(#7878,#7879,#7880,#7881,#7882,
    #7883,#7884,#7885,#7886),.UNSPECIFIED.,.F.,.F.,(9,9),(4.712388980385
    ,6.28318530718),.PIECEWISE_BEZIER_KNOTS.);
#7878 = CARTESIAN_POINT('',(0.,-0.413575572995));
#7879 = CARTESIAN_POINT('',(0.196349541599,-0.332370198821));
#7880 = CARTESIAN_POINT('',(0.3926990822,-0.251164805798));
#7881 = CARTESIAN_POINT('',(0.589048622797,-0.17473019501));
#7882 = CARTESIAN_POINT('',(0.785398163397,-0.10783621167));
#7883 = CARTESIAN_POINT('',(0.981747703997,-5.466722732371E-02));
#7884 = CARTESIAN_POINT('',(1.178097244596,-1.822246079132E-02));
#7885 = CARTESIAN_POINT('',(1.374446785196,-8.120190316671E-11));
#7886 = CARTESIAN_POINT('',(1.570796326795,3.497409315294E-15));
#7887 = ( GEOMETRIC_REPRESENTATION_CONTEXT(2) 
PARAMETRIC_REPRESENTATION_CONTEXT() REPRESENTATION_CONTEXT('2D SPACE',''
  ) );
#7888 = PCURVE('',#6943,#7889);
#7889 = DEFINITIONAL_REPRESENTATION('',(#7890),#7900);
#7890 = B_SPLINE_CURVE_WITH_KNOTS('',8,(#7891,#7892,#7893,#7894,#7895,
    #7896,#7897,#7898,#7899),.UNSPECIFIED.,.F.,.F.,(9,9),(4.712388980385
    ,6.28318530718),.PIECEWISE_BEZIER_KNOTS.);
#7891 = CARTESIAN_POINT('',(0.,12.972032127319));
#7892 = CARTESIAN_POINT('',(0.196349541599,12.890826753145));
#7893 = CARTESIAN_POINT('',(0.392699082199,12.80962136012));
#7894 = CARTESIAN_POINT('',(0.589048622798,12.733186749327));
#7895 = CARTESIAN_POINT('',(0.785398163396,12.666292765971));
#7896 = CARTESIAN_POINT('',(0.981747703994,12.613123781644));
#7897 = CARTESIAN_POINT('',(1.178097244596,12.576679015106));
#7898 = CARTESIAN_POINT('',(1.374446785196,12.558456554406));
#7899 = CARTESIAN_POINT('',(1.570796326795,12.558456554324));
#7900 = ( GEOMETRIC_REPRESENTATION_CONTEXT(2) 
PARAMETRIC_REPRESENTATION_CONTEXT() REPRESENTATION_CONTEXT('2D SPACE',''
  ) );
#7901 = ORIENTED_EDGE('',*,*,#7844,.T.);
#7902 = ORIENTED_EDGE('',*,*,#6706,.F.);
#7903 = ORIENTED_EDGE('',*,*,#6955,.F.);
#7904 = ADVANCED_FACE('',(#7905),#6808,.T.);
#7905 = FACE_BOUND('',#7906,.T.);
#7906 = EDGE_LOOP('',(#7907,#7908,#7931,#7965));
#7907 = ORIENTED_EDGE('',*,*,#7285,.T.);
#7908 = ORIENTED_EDGE('',*,*,#7909,.T.);
#7909 = EDGE_CURVE('',#7258,#7910,#7912,.T.);
#7910 = VERTEX_POINT('',#7911);
#7911 = CARTESIAN_POINT('',(187.,134.13468832142,30.911603293263));
#7912 = SURFACE_CURVE('',#7913,(#7917,#7924),.PCURVE_S1.);
#7913 = LINE('',#7914,#7915);
#7914 = CARTESIAN_POINT('',(187.,121.02540057124,83.371587316265));
#7915 = VECTOR('',#7916,1.);
#7916 = DIRECTION('',(0.,0.242436268024,-0.970167333993));
#7917 = PCURVE('',#6808,#7918);
#7918 = DEFINITIONAL_REPRESENTATION('',(#7919),#7923);
#7919 = LINE('',#7920,#7921);
#7920 = CARTESIAN_POINT('',(1.570796326795,0.));
#7921 = VECTOR('',#7922,1.);
#7922 = DIRECTION('',(0.,1.));
#7923 = ( GEOMETRIC_REPRESENTATION_CONTEXT(2) 
PARAMETRIC_REPRESENTATION_CONTEXT() REPRESENTATION_CONTEXT('2D SPACE',''
  ) );
#7924 = PCURVE('',#7273,#7925);
#7925 = DEFINITIONAL_REPRESENTATION('',(#7926),#7930);
#7926 = LINE('',#7927,#7928);
#7927 = CARTESIAN_POINT('',(0.,-0.5));
#7928 = VECTOR('',#7929,1.);
#7929 = DIRECTION('',(1.,0.));
#7930 = ( GEOMETRIC_REPRESENTATION_CONTEXT(2) 
PARAMETRIC_REPRESENTATION_CONTEXT() REPRESENTATION_CONTEXT('2D SPACE',''
  ) );
#7931 = ORIENTED_EDGE('',*,*,#7932,.F.);
#7932 = EDGE_CURVE('',#6793,#7910,#7933,.T.);
#7933 = SURFACE_CURVE('',#7934,(#7939,#7952),.PCURVE_S1.);
#7934 = ELLIPSE('',#7935,0.530548341743,0.5);
#7935 = AXIS2_PLACEMENT_3D('',#7936,#7937,#7938);
#7936 = CARTESIAN_POINT('',(187.,134.66278754975,30.860684259848));
#7937 = DIRECTION('',(-0.,-9.597435220996E-02,-0.995383807241));
#7938 = DIRECTION('',(0.,-0.995383807241,9.597435220996E-02));
#7939 = PCURVE('',#6808,#7940);
#7940 = DEFINITIONAL_REPRESENTATION('',(#7941),#7951);
#7941 = B_SPLINE_CURVE_WITH_KNOTS('',8,(#7942,#7943,#7944,#7945,#7946,
    #7947,#7948,#7949,#7950),.UNSPECIFIED.,.F.,.F.,(9,9),(4.712388980385
    ,6.28318530718),.PIECEWISE_BEZIER_KNOTS.);
#7942 = CARTESIAN_POINT('',(0.,54.250560028466));
#7943 = CARTESIAN_POINT('',(0.196349541599,54.215721652928));
#7944 = CARTESIAN_POINT('',(0.392699082198,54.180883269255));
#7945 = CARTESIAN_POINT('',(0.589048622799,54.14809162583));
#7946 = CARTESIAN_POINT('',(0.785398163396,54.11939306042));
#7947 = CARTESIAN_POINT('',(0.981747703999,54.096582735161));
#7948 = CARTESIAN_POINT('',(1.178097244596,54.08094736014));
#7949 = CARTESIAN_POINT('',(1.374446785196,54.073129639541));
#7950 = CARTESIAN_POINT('',(1.570796326795,54.073129639506));
#7951 = ( GEOMETRIC_REPRESENTATION_CONTEXT(2) 
PARAMETRIC_REPRESENTATION_CONTEXT() REPRESENTATION_CONTEXT('2D SPACE',''
  ) );
#7952 = PCURVE('',#6836,#7953);
#7953 = DEFINITIONAL_REPRESENTATION('',(#7954),#7964);
#7954 = B_SPLINE_CURVE_WITH_KNOTS('',8,(#7955,#7956,#7957,#7958,#7959,
    #7960,#7961,#7962,#7963),.UNSPECIFIED.,.F.,.F.,(9,9),(4.712388980385
    ,6.28318530718),.PIECEWISE_BEZIER_KNOTS.);
#7955 = CARTESIAN_POINT('',(0.,-0.17743038896));
#7956 = CARTESIAN_POINT('',(0.196349541599,-0.142592013422));
#7957 = CARTESIAN_POINT('',(0.392699082198,-0.107753629798));
#7958 = CARTESIAN_POINT('',(0.5890486228,-7.496198636559E-02));
#7959 = CARTESIAN_POINT('',(0.785398163393,-4.626342131766E-02));
#7960 = CARTESIAN_POINT('',(0.981747703998,-2.345309549423E-02));
#7961 = CARTESIAN_POINT('',(1.178097244595,-7.817720671094E-03));
#7962 = CARTESIAN_POINT('',(1.374446785196,-3.493258919985E-11));
#7963 = CARTESIAN_POINT('',(1.570796326795,-9.420233492428E-14));
#7964 = ( GEOMETRIC_REPRESENTATION_CONTEXT(2) 
PARAMETRIC_REPRESENTATION_CONTEXT() REPRESENTATION_CONTEXT('2D SPACE',''
  ) );
#7965 = ORIENTED_EDGE('',*,*,#6792,.F.);
#7966 = ADVANCED_FACE('',(#7967),#6836,.T.);
#7967 = FACE_BOUND('',#7968,.T.);
#7968 = EDGE_LOOP('',(#7969,#7970,#7991,#7992));
#7969 = ORIENTED_EDGE('',*,*,#7932,.T.);
#7970 = ORIENTED_EDGE('',*,*,#7971,.T.);
#7971 = EDGE_CURVE('',#7910,#7446,#7972,.T.);
#7972 = SURFACE_CURVE('',#7973,(#7977,#7984),.PCURVE_S1.);
#7973 = LINE('',#7974,#7975);
#7974 = CARTESIAN_POINT('',(187.,134.13468832142,30.911603293263));
#7975 = VECTOR('',#7976,1.);
#7976 = DIRECTION('',(-0.,-0.423332794615,-0.905974251844));
#7977 = PCURVE('',#6836,#7978);
#7978 = DEFINITIONAL_REPRESENTATION('',(#7979),#7983);
#7979 = LINE('',#7980,#7981);
#7980 = CARTESIAN_POINT('',(1.570796326795,0.));
#7981 = VECTOR('',#7982,1.);
#7982 = DIRECTION('',(0.,1.));
#7983 = ( GEOMETRIC_REPRESENTATION_CONTEXT(2) 
PARAMETRIC_REPRESENTATION_CONTEXT() REPRESENTATION_CONTEXT('2D SPACE',''
  ) );
#7984 = PCURVE('',#7430,#7985);
#7985 = DEFINITIONAL_REPRESENTATION('',(#7986),#7990);
#7986 = LINE('',#7987,#7988);
#7987 = CARTESIAN_POINT('',(-1.42108547152E-14,-0.5));
#7988 = VECTOR('',#7989,1.);
#7989 = DIRECTION('',(1.,0.));
#7990 = ( GEOMETRIC_REPRESENTATION_CONTEXT(2) 
PARAMETRIC_REPRESENTATION_CONTEXT() REPRESENTATION_CONTEXT('2D SPACE',''
  ) );
#7991 = ORIENTED_EDGE('',*,*,#7565,.F.);
#7992 = ORIENTED_EDGE('',*,*,#6820,.F.);
#7993 = ADVANCED_FACE('',(#7994),#6887,.T.);
#7994 = FACE_BOUND('',#7995,.T.);
#7995 = EDGE_LOOP('',(#7996,#7997,#8020,#8054));
#7996 = ORIENTED_EDGE('',*,*,#7532,.T.);
#7997 = ORIENTED_EDGE('',*,*,#7998,.T.);
#7998 = EDGE_CURVE('',#7505,#7999,#8001,.T.);
#7999 = VERTEX_POINT('',#8000);
#8000 = CARTESIAN_POINT('',(187.,137.3032836914,30.606089092773));
#8001 = SURFACE_CURVE('',#8002,(#8006,#8013),.PCURVE_S1.);
#8002 = LINE('',#8003,#8004);
#8003 = CARTESIAN_POINT('',(187.,123.00203704834,3.524958103185E-15));
#8004 = VECTOR('',#8005,1.);
#8005 = DIRECTION('',(0.,0.423332794615,0.905974251844));
#8006 = PCURVE('',#6887,#8007);
#8007 = DEFINITIONAL_REPRESENTATION('',(#8008),#8012);
#8008 = LINE('',#8009,#8010);
#8009 = CARTESIAN_POINT('',(1.570796326795,0.));
#8010 = VECTOR('',#8011,1.);
#8011 = DIRECTION('',(0.,1.));
#8012 = ( GEOMETRIC_REPRESENTATION_CONTEXT(2) 
PARAMETRIC_REPRESENTATION_CONTEXT() REPRESENTATION_CONTEXT('2D SPACE',''
  ) );
#8013 = PCURVE('',#7520,#8014);
#8014 = DEFINITIONAL_REPRESENTATION('',(#8015),#8019);
#8015 = LINE('',#8016,#8017);
#8016 = CARTESIAN_POINT('',(-7.105427357601E-15,-0.5));
#8017 = VECTOR('',#8018,1.);
#8018 = DIRECTION('',(1.,0.));
#8019 = ( GEOMETRIC_REPRESENTATION_CONTEXT(2) 
PARAMETRIC_REPRESENTATION_CONTEXT() REPRESENTATION_CONTEXT('2D SPACE',''
  ) );
#8020 = ORIENTED_EDGE('',*,*,#8021,.F.);
#8021 = EDGE_CURVE('',#6872,#7999,#8022,.T.);
#8022 = SURFACE_CURVE('',#8023,(#8028,#8041),.PCURVE_S1.);
#8023 = ELLIPSE('',#8024,0.530548341743,0.5);
#8024 = AXIS2_PLACEMENT_3D('',#8025,#8026,#8027);
#8025 = CARTESIAN_POINT('',(187.,136.77518446307,30.657008126188));
#8026 = DIRECTION('',(-0.,9.597435220996E-02,0.995383807241));
#8027 = DIRECTION('',(0.,-0.995383807241,9.597435220996E-02));
#8028 = PCURVE('',#6887,#8029);
#8029 = DEFINITIONAL_REPRESENTATION('',(#8030),#8040);
#8030 = B_SPLINE_CURVE_WITH_KNOTS('',8,(#8031,#8032,#8033,#8034,#8035,
    #8036,#8037,#8038,#8039),.UNSPECIFIED.,.F.,.F.,(9,9),(1.570796326795
    ,3.14159265359),.PIECEWISE_BEZIER_KNOTS.);
#8031 = CARTESIAN_POINT('',(1.76974680967E-14,33.605084986609));
#8032 = CARTESIAN_POINT('',(0.196349541599,33.639923362147));
#8033 = CARTESIAN_POINT('',(0.392699082197,33.67476174577));
#8034 = CARTESIAN_POINT('',(0.589048622799,33.707553389133));
#8035 = CARTESIAN_POINT('',(0.785398163393,33.736251954222));
#8036 = CARTESIAN_POINT('',(0.981747703997,33.759062279991));
#8037 = CARTESIAN_POINT('',(1.178097244595,33.774697654888));
#8038 = CARTESIAN_POINT('',(1.374446785196,33.782515375535));
#8039 = CARTESIAN_POINT('',(1.570796326795,33.78251537557));
#8040 = ( GEOMETRIC_REPRESENTATION_CONTEXT(2) 
PARAMETRIC_REPRESENTATION_CONTEXT() REPRESENTATION_CONTEXT('2D SPACE',''
  ) );
#8041 = PCURVE('',#6915,#8042);
#8042 = DEFINITIONAL_REPRESENTATION('',(#8043),#8053);
#8043 = B_SPLINE_CURVE_WITH_KNOTS('',8,(#8044,#8045,#8046,#8047,#8048,
    #8049,#8050,#8051,#8052),.UNSPECIFIED.,.F.,.F.,(9,9),(1.570796326795
    ,3.14159265359),.PIECEWISE_BEZIER_KNOTS.);
#8044 = CARTESIAN_POINT('',(0.,0.17743038896));
#8045 = CARTESIAN_POINT('',(0.196349541599,0.142592013422));
#8046 = CARTESIAN_POINT('',(0.392699082199,0.107753629797));
#8047 = CARTESIAN_POINT('',(0.589048622797,7.496198636506E-02));
#8048 = CARTESIAN_POINT('',(0.785398163396,4.626342131823E-02));
#8049 = CARTESIAN_POINT('',(0.981747703997,2.345309549395E-02));
#8050 = CARTESIAN_POINT('',(1.178097244596,7.817720670996E-03));
#8051 = CARTESIAN_POINT('',(1.374446785196,3.484920718423E-11));
#8052 = CARTESIAN_POINT('',(1.570796326795,1.082458577495E-14));
#8053 = ( GEOMETRIC_REPRESENTATION_CONTEXT(2) 
PARAMETRIC_REPRESENTATION_CONTEXT() REPRESENTATION_CONTEXT('2D SPACE',''
  ) );
#8054 = ORIENTED_EDGE('',*,*,#6871,.F.);
#8055 = ADVANCED_FACE('',(#8056),#6915,.T.);
#8056 = FACE_BOUND('',#8057,.T.);
#8057 = EDGE_LOOP('',(#8058,#8059,#8082,#8116));
#8058 = ORIENTED_EDGE('',*,*,#8021,.T.);
#8059 = ORIENTED_EDGE('',*,*,#8060,.T.);
#8060 = EDGE_CURVE('',#7999,#8061,#8063,.T.);
#8061 = VERTEX_POINT('',#8062);
#8062 = CARTESIAN_POINT('',(187.,132.84674875093,48.439990997315));
#8063 = SURFACE_CURVE('',#8064,(#8068,#8075),.PCURVE_S1.);
#8064 = LINE('',#8065,#8066);
#8065 = CARTESIAN_POINT('',(187.,137.3032836914,30.606089092773));
#8066 = VECTOR('',#8067,1.);
#8067 = DIRECTION('',(0.,-0.242436268024,0.970167333993));
#8068 = PCURVE('',#6915,#8069);
#8069 = DEFINITIONAL_REPRESENTATION('',(#8070),#8074);
#8070 = LINE('',#8071,#8072);
#8071 = CARTESIAN_POINT('',(1.570796326795,0.));
#8072 = VECTOR('',#8073,1.);
#8073 = DIRECTION('',(0.,1.));
#8074 = ( GEOMETRIC_REPRESENTATION_CONTEXT(2) 
PARAMETRIC_REPRESENTATION_CONTEXT() REPRESENTATION_CONTEXT('2D SPACE',''
  ) );
#8075 = PCURVE('',#7772,#8076);
#8076 = DEFINITIONAL_REPRESENTATION('',(#8077),#8081);
#8077 = LINE('',#8078,#8079);
#8078 = CARTESIAN_POINT('',(3.552713678801E-15,-0.5));
#8079 = VECTOR('',#8080,1.);
#8080 = DIRECTION('',(1.,0.));
#8081 = ( GEOMETRIC_REPRESENTATION_CONTEXT(2) 
PARAMETRIC_REPRESENTATION_CONTEXT() REPRESENTATION_CONTEXT('2D SPACE',''
  ) );
#8082 = ORIENTED_EDGE('',*,*,#8083,.F.);
#8083 = EDGE_CURVE('',#6900,#8061,#8084,.T.);
#8084 = SURFACE_CURVE('',#8085,(#8090,#8103),.PCURVE_S1.);
#8085 = ELLIPSE('',#8086,0.812410288505,0.5);
#8086 = AXIS2_PLACEMENT_3D('',#8087,#8088,#8089);
#8087 = CARTESIAN_POINT('',(187.,132.20642814618,48.939990997314));
#8088 = DIRECTION('',(0.,0.615452570056,0.788173923707));
#8089 = DIRECTION('',(0.,0.788173923707,-0.615452570056));
#8090 = PCURVE('',#6915,#8091);
#8091 = DEFINITIONAL_REPRESENTATION('',(#8092),#8102);
#8092 = B_SPLINE_CURVE_WITH_KNOTS('',8,(#8093,#8094,#8095,#8096,#8097,
    #8098,#8099,#8100,#8101),.UNSPECIFIED.,.F.,.F.,(9,9),(4.712388980385
    ,6.28318530718),.PIECEWISE_BEZIER_KNOTS.);
#8093 = CARTESIAN_POINT('',(0.,19.022615369455));
#8094 = CARTESIAN_POINT('',(0.196349541599,18.896888712236));
#8095 = CARTESIAN_POINT('',(0.3926990822,18.771162025816));
#8096 = CARTESIAN_POINT('',(0.589048622794,18.652821728632));
#8097 = CARTESIAN_POINT('',(0.785398163402,18.549252759214));
#8098 = CARTESIAN_POINT('',(0.981747703993,18.466933593307));
#8099 = CARTESIAN_POINT('',(1.178097244597,18.410507787587));
#8100 = CARTESIAN_POINT('',(1.374446785196,18.38229476483));
#8101 = CARTESIAN_POINT('',(1.570796326795,18.382294764704));
#8102 = ( GEOMETRIC_REPRESENTATION_CONTEXT(2) 
PARAMETRIC_REPRESENTATION_CONTEXT() REPRESENTATION_CONTEXT('2D SPACE',''
  ) );
#8103 = PCURVE('',#6943,#8104);
#8104 = DEFINITIONAL_REPRESENTATION('',(#8105),#8115);
#8105 = B_SPLINE_CURVE_WITH_KNOTS('',8,(#8106,#8107,#8108,#8109,#8110,
    #8111,#8112,#8113,#8114),.UNSPECIFIED.,.F.,.F.,(9,9),(4.712388980385
    ,6.28318530718),.PIECEWISE_BEZIER_KNOTS.);
#8106 = CARTESIAN_POINT('',(3.486613381627E-15,-0.640320604751));
#8107 = CARTESIAN_POINT('',(0.196349541599,-0.514593947532));
#8108 = CARTESIAN_POINT('',(0.392699082198,-0.388867261129));
#8109 = CARTESIAN_POINT('',(0.589048622798,-0.270526963977));
#8110 = CARTESIAN_POINT('',(0.785398163395,-0.166957994567));
#8111 = CARTESIAN_POINT('',(0.981747703997,-8.463882865937E-02));
#8112 = CARTESIAN_POINT('',(1.178097244595,-2.821302290454E-02));
#8113 = CARTESIAN_POINT('',(1.374446785196,-1.257551194854E-10));
#8114 = CARTESIAN_POINT('',(1.570796326795,-2.84213892702E-14));
#8115 = ( GEOMETRIC_REPRESENTATION_CONTEXT(2) 
PARAMETRIC_REPRESENTATION_CONTEXT() REPRESENTATION_CONTEXT('2D SPACE',''
  ) );
#8116 = ORIENTED_EDGE('',*,*,#6899,.F.);
#8117 = ADVANCED_FACE('',(#8118),#6943,.T.);
#8118 = FACE_BOUND('',#8119,.T.);
#8119 = EDGE_LOOP('',(#8120,#8121,#8142,#8143));
#8120 = ORIENTED_EDGE('',*,*,#8083,.T.);
#8121 = ORIENTED_EDGE('',*,*,#8122,.T.);
#8122 = EDGE_CURVE('',#8061,#7820,#8123,.T.);
#8123 = SURFACE_CURVE('',#8124,(#8128,#8135),.PCURVE_S1.);
#8124 = LINE('',#8125,#8126);
#8125 = CARTESIAN_POINT('',(187.,132.84674875093,48.439990997314));
#8126 = VECTOR('',#8127,1.);
#8127 = DIRECTION('',(0.,1.,-1.224646799147E-16));
#8128 = PCURVE('',#6943,#8129);
#8129 = DEFINITIONAL_REPRESENTATION('',(#8130),#8134);
#8130 = LINE('',#8131,#8132);
#8131 = CARTESIAN_POINT('',(1.570796326795,0.));
#8132 = VECTOR('',#8133,1.);
#8133 = DIRECTION('',(0.,1.));
#8134 = ( GEOMETRIC_REPRESENTATION_CONTEXT(2) 
PARAMETRIC_REPRESENTATION_CONTEXT() REPRESENTATION_CONTEXT('2D SPACE',''
  ) );
#8135 = PCURVE('',#7804,#8136);
#8136 = DEFINITIONAL_REPRESENTATION('',(#8137),#8141);
#8137 = LINE('',#8138,#8139);
#8138 = CARTESIAN_POINT('',(0.,-0.5));
#8139 = VECTOR('',#8140,1.);
#8140 = DIRECTION('',(1.,0.));
#8141 = ( GEOMETRIC_REPRESENTATION_CONTEXT(2) 
PARAMETRIC_REPRESENTATION_CONTEXT() REPRESENTATION_CONTEXT('2D SPACE',''
  ) );
#8142 = ORIENTED_EDGE('',*,*,#7868,.F.);
#8143 = ORIENTED_EDGE('',*,*,#6927,.F.);
#8144 = ADVANCED_FACE('',(#8145),#7273,.T.);
#8145 = FACE_BOUND('',#8146,.T.);
#8146 = EDGE_LOOP('',(#8147,#8148,#8149,#8170));
#8147 = ORIENTED_EDGE('',*,*,#7257,.T.);
#8148 = ORIENTED_EDGE('',*,*,#7360,.T.);
#8149 = ORIENTED_EDGE('',*,*,#8150,.F.);
#8150 = EDGE_CURVE('',#7910,#7325,#8151,.T.);
#8151 = SURFACE_CURVE('',#8152,(#8156,#8163),.PCURVE_S1.);
#8152 = LINE('',#8153,#8154);
#8153 = CARTESIAN_POINT('',(187.5,134.13468832142,30.911603293263));
#8154 = VECTOR('',#8155,1.);
#8155 = DIRECTION('',(-1.,0.,0.));
#8156 = PCURVE('',#7273,#8157);
#8157 = DEFINITIONAL_REPRESENTATION('',(#8158),#8162);
#8158 = LINE('',#8159,#8160);
#8159 = CARTESIAN_POINT('',(54.073129639506,0.));
#8160 = VECTOR('',#8161,1.);
#8161 = DIRECTION('',(0.,-1.));
#8162 = ( GEOMETRIC_REPRESENTATION_CONTEXT(2) 
PARAMETRIC_REPRESENTATION_CONTEXT() REPRESENTATION_CONTEXT('2D SPACE',''
  ) );
#8163 = PCURVE('',#7430,#8164);
#8164 = DEFINITIONAL_REPRESENTATION('',(#8165),#8169);
#8165 = LINE('',#8166,#8167);
#8166 = CARTESIAN_POINT('',(-0.,0.));
#8167 = VECTOR('',#8168,1.);
#8168 = DIRECTION('',(0.,-1.));
#8169 = ( GEOMETRIC_REPRESENTATION_CONTEXT(2) 
PARAMETRIC_REPRESENTATION_CONTEXT() REPRESENTATION_CONTEXT('2D SPACE',''
  ) );
#8170 = ORIENTED_EDGE('',*,*,#7909,.F.);
#8171 = ADVANCED_FACE('',(#8172),#7430,.T.);
#8172 = FACE_BOUND('',#8173,.T.);
#8173 = EDGE_LOOP('',(#8174,#8175,#8176,#8177));
#8174 = ORIENTED_EDGE('',*,*,#8150,.T.);
#8175 = ORIENTED_EDGE('',*,*,#7416,.T.);
#8176 = ORIENTED_EDGE('',*,*,#7445,.F.);
#8177 = ORIENTED_EDGE('',*,*,#7971,.F.);
#8178 = ADVANCED_FACE('',(#8179),#7520,.T.);
#8179 = FACE_BOUND('',#8180,.T.);
#8180 = EDGE_LOOP('',(#8181,#8182,#8183,#8204));
#8181 = ORIENTED_EDGE('',*,*,#7504,.T.);
#8182 = ORIENTED_EDGE('',*,*,#7634,.T.);
#8183 = ORIENTED_EDGE('',*,*,#8184,.F.);
#8184 = EDGE_CURVE('',#7999,#7599,#8185,.T.);
#8185 = SURFACE_CURVE('',#8186,(#8190,#8197),.PCURVE_S1.);
#8186 = LINE('',#8187,#8188);
#8187 = CARTESIAN_POINT('',(187.5,137.3032836914,30.606089092773));
#8188 = VECTOR('',#8189,1.);
#8189 = DIRECTION('',(-1.,0.,0.));
#8190 = PCURVE('',#7520,#8191);
#8191 = DEFINITIONAL_REPRESENTATION('',(#8192),#8196);
#8192 = LINE('',#8193,#8194);
#8193 = CARTESIAN_POINT('',(33.78251537557,0.));
#8194 = VECTOR('',#8195,1.);
#8195 = DIRECTION('',(0.,-1.));
#8196 = ( GEOMETRIC_REPRESENTATION_CONTEXT(2) 
PARAMETRIC_REPRESENTATION_CONTEXT() REPRESENTATION_CONTEXT('2D SPACE',''
  ) );
#8197 = PCURVE('',#7772,#8198);
#8198 = DEFINITIONAL_REPRESENTATION('',(#8199),#8203);
#8199 = LINE('',#8200,#8201);
#8200 = CARTESIAN_POINT('',(0.,0.));
#8201 = VECTOR('',#8202,1.);
#8202 = DIRECTION('',(0.,-1.));
#8203 = ( GEOMETRIC_REPRESENTATION_CONTEXT(2) 
PARAMETRIC_REPRESENTATION_CONTEXT() REPRESENTATION_CONTEXT('2D SPACE',''
  ) );
#8204 = ORIENTED_EDGE('',*,*,#7998,.F.);
#8205 = ADVANCED_FACE('',(#8206),#7772,.T.);
#8206 = FACE_BOUND('',#8207,.T.);
#8207 = EDGE_LOOP('',(#8208,#8209,#8210,#8231));
#8208 = ORIENTED_EDGE('',*,*,#8184,.T.);
#8209 = ORIENTED_EDGE('',*,*,#7758,.T.);
#8210 = ORIENTED_EDGE('',*,*,#8211,.F.);
#8211 = EDGE_CURVE('',#8061,#7723,#8212,.T.);
#8212 = SURFACE_CURVE('',#8213,(#8217,#8224),.PCURVE_S1.);
#8213 = LINE('',#8214,#8215);
#8214 = CARTESIAN_POINT('',(187.5,132.84674875093,48.439990997314));
#8215 = VECTOR('',#8216,1.);
#8216 = DIRECTION('',(-1.,0.,0.));
#8217 = PCURVE('',#7772,#8218);
#8218 = DEFINITIONAL_REPRESENTATION('',(#8219),#8223);
#8219 = LINE('',#8220,#8221);
#8220 = CARTESIAN_POINT('',(18.382294764704,0.));
#8221 = VECTOR('',#8222,1.);
#8222 = DIRECTION('',(0.,-1.));
#8223 = ( GEOMETRIC_REPRESENTATION_CONTEXT(2) 
PARAMETRIC_REPRESENTATION_CONTEXT() REPRESENTATION_CONTEXT('2D SPACE',''
  ) );
#8224 = PCURVE('',#7804,#8225);
#8225 = DEFINITIONAL_REPRESENTATION('',(#8226),#8230);
#8226 = LINE('',#8227,#8228);
#8227 = CARTESIAN_POINT('',(0.,0.));
#8228 = VECTOR('',#8229,1.);
#8229 = DIRECTION('',(0.,-1.));
#8230 = ( GEOMETRIC_REPRESENTATION_CONTEXT(2) 
PARAMETRIC_REPRESENTATION_CONTEXT() REPRESENTATION_CONTEXT('2D SPACE',''
  ) );
#8231 = ORIENTED_EDGE('',*,*,#8060,.F.);
#8232 = ADVANCED_FACE('',(#8233),#7804,.T.);
#8233 = FACE_BOUND('',#8234,.T.);
#8234 = EDGE_LOOP('',(#8235,#8236,#8237,#8238));
#8235 = ORIENTED_EDGE('',*,*,#8211,.T.);
#8236 = ORIENTED_EDGE('',*,*,#7790,.T.);
#8237 = ORIENTED_EDGE('',*,*,#7819,.F.);
#8238 = ORIENTED_EDGE('',*,*,#8122,.F.);
#8239 = ( GEOMETRIC_REPRESENTATION_CONTEXT(3) 
GLOBAL_UNCERTAINTY_ASSIGNED_CONTEXT((#8243)) 
GLOBAL_UNIT_ASSIGNED_CONTEXT((#8240,#8241,#8242)) REPRESENTATION_CONTEXT
('Context #1','3D Context with UNIT and UNCERTAINTY') );
#8240 = ( LENGTH_UNIT() NAMED_UNIT(*) SI_UNIT(.MILLI.,.METRE.) );
#8241 = ( NAMED_UNIT(*) PLANE_ANGLE_UNIT() SI_UNIT($,.RADIAN.) );
#8242 = ( NAMED_UNIT(*) SI_UNIT($,.STERADIAN.) SOLID_ANGLE_UNIT() );
#8243 = UNCERTAINTY_MEASURE_WITH_UNIT(LENGTH_MEASURE(2.E-07),#8240,
  'distance_accuracy_value','confusion accuracy');
#8244 = CONTEXT_DEPENDENT_SHAPE_REPRESENTATION(#8245,#8247);
#8245 = ( REPRESENTATION_RELATIONSHIP('','',#4678,#36) 
REPRESENTATION_RELATIONSHIP_WITH_TRANSFORMATION(#8246) 
SHAPE_REPRESENTATION_RELATIONSHIP() );
#8246 = ITEM_DEFINED_TRANSFORMATION('','',#11,#41);
#8247 = PRODUCT_DEFINITION_SHAPE('Placement','Placement of an item',
  #8248);
#8248 = NEXT_ASSEMBLY_USAGE_OCCURRENCE('4','','',#31,#4673,$);
#8249 = PRODUCT_RELATED_PRODUCT_CATEGORY('part',$,(#4675));
#8250 = SHAPE_DEFINITION_REPRESENTATION(#8251,#8257);
#8251 = PRODUCT_DEFINITION_SHAPE('','',#8252);
#8252 = PRODUCT_DEFINITION('design','',#8253,#8256);
#8253 = PRODUCT_DEFINITION_FORMATION('','',#8254);
#8254 = PRODUCT('Open CASCADE STEP translator 8.0 1.2',
  'Open CASCADE STEP translator 8.0 1.2','',(#8255));
#8255 = PRODUCT_CONTEXT('',#2,'mechanical');
#8256 = PRODUCT_DEFINITION_CONTEXT('part definition',#2,'design');
#8257 = ADVANCED_BREP_SHAPE_REPRESENTATION('',(#11,#8258),#9248);
#8258 = MANIFOLD_SOLID_BREP('',#8259);
#8259 = CLOSED_SHELL('',(#8260,#8380,#8584,#8637,#8690,#8766,#8820,#8874
    ,#8927,#8980,#9012,#9037,#9064,#9135,#9163,#9191,#9216,#9241));
#8260 = ADVANCED_FACE('',(#8261),#8275,.T.);
#8261 = FACE_BOUND('',#8262,.T.);
#8262 = EDGE_LOOP('',(#8263,#8298,#8326,#8354));
#8263 = ORIENTED_EDGE('',*,*,#8264,.F.);
#8264 = EDGE_CURVE('',#8265,#8267,#8269,.T.);
#8265 = VERTEX_POINT('',#8266);
#8266 = CARTESIAN_POINT('',(227.5,126.87941268658,72.732208340137));
#8267 = VERTEX_POINT('',#8268);
#8268 = CARTESIAN_POINT('',(227.5,124.13156868823,83.728370374113));
#8269 = SURFACE_CURVE('',#8270,(#8274,#8286),.PCURVE_S1.);
#8270 = LINE('',#8271,#8272);
#8271 = CARTESIAN_POINT('',(227.5,127.36428522263,70.791873672152));
#8272 = VECTOR('',#8273,1.);
#8273 = DIRECTION('',(-5.051417467891E-16,-0.242436268024,0.970167333993
    ));
#8274 = PCURVE('',#8275,#8280);
#8275 = PLANE('',#8276);
#8276 = AXIS2_PLACEMENT_3D('',#8277,#8278,#8279);
#8277 = CARTESIAN_POINT('',(227.5,127.36428522263,70.791873672152));
#8278 = DIRECTION('',(1.,-1.224646799147E-16,4.900720217708E-16));
#8279 = DIRECTION('',(-5.051417467891E-16,-0.242436268024,0.970167333993
    ));
#8280 = DEFINITIONAL_REPRESENTATION('',(#8281),#8285);
#8281 = LINE('',#8282,#8283);
#8282 = CARTESIAN_POINT('',(-1.378690703281E-14,3.445226582586E-15));
#8283 = VECTOR('',#8284,1.);
#8284 = DIRECTION('',(1.,0.));
#8285 = ( GEOMETRIC_REPRESENTATION_CONTEXT(2) 
PARAMETRIC_REPRESENTATION_CONTEXT() REPRESENTATION_CONTEXT('2D SPACE',''
  ) );
#8286 = PCURVE('',#8287,#8292);
#8287 = PLANE('',#8288);
#8288 = AXIS2_PLACEMENT_3D('',#8289,#8290,#8291);
#8289 = CARTESIAN_POINT('',(223.61000002361,128.11694302316,
    67.779931532865));
#8290 = DIRECTION('',(0.,0.970167333993,0.242436268024));
#8291 = DIRECTION('',(0.,-0.242436268024,0.970167333993));
#8292 = DEFINITIONAL_REPRESENTATION('',(#8293),#8297);
#8293 = LINE('',#8294,#8295);
#8294 = CARTESIAN_POINT('',(3.104559423673,3.889999976382));
#8295 = VECTOR('',#8296,1.);
#8296 = DIRECTION('',(1.,-5.051417467891E-16));
#8297 = ( GEOMETRIC_REPRESENTATION_CONTEXT(2) 
PARAMETRIC_REPRESENTATION_CONTEXT() REPRESENTATION_CONTEXT('2D SPACE',''
  ) );
#8298 = ORIENTED_EDGE('',*,*,#8299,.T.);
#8299 = EDGE_CURVE('',#8265,#8300,#8302,.T.);
#8300 = VERTEX_POINT('',#8301);
#8301 = CARTESIAN_POINT('',(227.5,127.84958002057,72.974644608161));
#8302 = SURFACE_CURVE('',#8303,(#8307,#8314),.PCURVE_S1.);
#8303 = LINE('',#8304,#8305);
#8304 = CARTESIAN_POINT('',(227.5,126.87941268658,72.732208340137));
#8305 = VECTOR('',#8306,1.);
#8306 = DIRECTION('',(0.,0.970167333993,0.242436268024));
#8307 = PCURVE('',#8275,#8308);
#8308 = DEFINITIONAL_REPRESENTATION('',(#8309),#8313);
#8309 = LINE('',#8310,#8311);
#8310 = CARTESIAN_POINT('',(2.,0.));
#8311 = VECTOR('',#8312,1.);
#8312 = DIRECTION('',(-2.775557561563E-17,-1.));
#8313 = ( GEOMETRIC_REPRESENTATION_CONTEXT(2) 
PARAMETRIC_REPRESENTATION_CONTEXT() REPRESENTATION_CONTEXT('2D SPACE',''
  ) );
#8314 = PCURVE('',#8315,#8320);
#8315 = CYLINDRICAL_SURFACE('',#8316,2.);
#8316 = AXIS2_PLACEMENT_3D('',#8317,#8318,#8319);
#8317 = CARTESIAN_POINT('',(225.5,126.87941268658,72.732208340137));
#8318 = DIRECTION('',(0.,0.970167333993,0.242436268024));
#8319 = DIRECTION('',(1.,-1.224646799147E-16,4.900720217708E-16));
#8320 = DEFINITIONAL_REPRESENTATION('',(#8321),#8325);
#8321 = LINE('',#8322,#8323);
#8322 = CARTESIAN_POINT('',(0.,0.));
#8323 = VECTOR('',#8324,1.);
#8324 = DIRECTION('',(0.,1.));
#8325 = ( GEOMETRIC_REPRESENTATION_CONTEXT(2) 
PARAMETRIC_REPRESENTATION_CONTEXT() REPRESENTATION_CONTEXT('2D SPACE',''
  ) );
#8326 = ORIENTED_EDGE('',*,*,#8327,.T.);
#8327 = EDGE_CURVE('',#8300,#8328,#8330,.T.);
#8328 = VERTEX_POINT('',#8329);
#8329 = CARTESIAN_POINT('',(227.5,125.10173602223,83.970806642137));
#8330 = SURFACE_CURVE('',#8331,(#8335,#8342),.PCURVE_S1.);
#8331 = LINE('',#8332,#8333);
#8332 = CARTESIAN_POINT('',(227.5,128.33445255662,71.034309940176));
#8333 = VECTOR('',#8334,1.);
#8334 = DIRECTION('',(-5.051417467891E-16,-0.242436268024,0.970167333993
    ));
#8335 = PCURVE('',#8275,#8336);
#8336 = DEFINITIONAL_REPRESENTATION('',(#8337),#8341);
#8337 = LINE('',#8338,#8339);
#8338 = CARTESIAN_POINT('',(1.42108547152E-14,-1.));
#8339 = VECTOR('',#8340,1.);
#8340 = DIRECTION('',(1.,0.));
#8341 = ( GEOMETRIC_REPRESENTATION_CONTEXT(2) 
PARAMETRIC_REPRESENTATION_CONTEXT() REPRESENTATION_CONTEXT('2D SPACE',''
  ) );
#8342 = PCURVE('',#8343,#8348);
#8343 = CYLINDRICAL_SURFACE('',#8344,2.);
#8344 = AXIS2_PLACEMENT_3D('',#8345,#8346,#8347);
#8345 = CARTESIAN_POINT('',(225.5,128.33445255662,71.034309940176));
#8346 = DIRECTION('',(-5.051417467891E-16,-0.242436268024,0.970167333993
    ));
#8347 = DIRECTION('',(1.,-1.224646799147E-16,4.900720217708E-16));
#8348 = DEFINITIONAL_REPRESENTATION('',(#8349),#8353);
#8349 = LINE('',#8350,#8351);
#8350 = CARTESIAN_POINT('',(0.,0.));
#8351 = VECTOR('',#8352,1.);
#8352 = DIRECTION('',(0.,1.));
#8353 = ( GEOMETRIC_REPRESENTATION_CONTEXT(2) 
PARAMETRIC_REPRESENTATION_CONTEXT() REPRESENTATION_CONTEXT('2D SPACE',''
  ) );
#8354 = ORIENTED_EDGE('',*,*,#8355,.F.);
#8355 = EDGE_CURVE('',#8267,#8328,#8356,.T.);
#8356 = SURFACE_CURVE('',#8357,(#8361,#8368),.PCURVE_S1.);
#8357 = LINE('',#8358,#8359);
#8358 = CARTESIAN_POINT('',(227.5,124.13156868823,83.728370374113));
#8359 = VECTOR('',#8360,1.);
#8360 = DIRECTION('',(0.,0.970167333993,0.242436268024));
#8361 = PCURVE('',#8275,#8362);
#8362 = DEFINITIONAL_REPRESENTATION('',(#8363),#8367);
#8363 = LINE('',#8364,#8365);
#8364 = CARTESIAN_POINT('',(13.334294248726,2.84217094304E-14));
#8365 = VECTOR('',#8366,1.);
#8366 = DIRECTION('',(-2.775557561563E-17,-1.));
#8367 = ( GEOMETRIC_REPRESENTATION_CONTEXT(2) 
PARAMETRIC_REPRESENTATION_CONTEXT() REPRESENTATION_CONTEXT('2D SPACE',''
  ) );
#8368 = PCURVE('',#8369,#8374);
#8369 = CYLINDRICAL_SURFACE('',#8370,2.);
#8370 = AXIS2_PLACEMENT_3D('',#8371,#8372,#8373);
#8371 = CARTESIAN_POINT('',(225.5,124.13156868823,83.728370374113));
#8372 = DIRECTION('',(0.,0.970167333993,0.242436268024));
#8373 = DIRECTION('',(1.,-1.224646799147E-16,4.900720217708E-16));
#8374 = DEFINITIONAL_REPRESENTATION('',(#8375),#8379);
#8375 = LINE('',#8376,#8377);
#8376 = CARTESIAN_POINT('',(-0.,0.));
#8377 = VECTOR('',#8378,1.);
#8378 = DIRECTION('',(-0.,1.));
#8379 = ( GEOMETRIC_REPRESENTATION_CONTEXT(2) 
PARAMETRIC_REPRESENTATION_CONTEXT() REPRESENTATION_CONTEXT('2D SPACE',''
  ) );
#8380 = ADVANCED_FACE('',(#8381),#8287,.F.);
#8381 = FACE_BOUND('',#8382,.F.);
#8382 = EDGE_LOOP('',(#8383,#8384,#8408,#8436,#8469,#8497,#8530,#8558));
#8383 = ORIENTED_EDGE('',*,*,#8264,.F.);
#8384 = ORIENTED_EDGE('',*,*,#8385,.T.);
#8385 = EDGE_CURVE('',#8265,#8386,#8388,.T.);
#8386 = VERTEX_POINT('',#8387);
#8387 = CARTESIAN_POINT('',(225.5,127.36428522263,70.791873672152));
#8388 = SURFACE_CURVE('',#8389,(#8394,#8401),.PCURVE_S1.);
#8389 = CIRCLE('',#8390,2.);
#8390 = AXIS2_PLACEMENT_3D('',#8391,#8392,#8393);
#8391 = CARTESIAN_POINT('',(225.5,126.87941268658,72.732208340137));
#8392 = DIRECTION('',(0.,0.970167333993,0.242436268024));
#8393 = DIRECTION('',(0.,-0.242436268024,0.970167333993));
#8394 = PCURVE('',#8287,#8395);
#8395 = DEFINITIONAL_REPRESENTATION('',(#8396),#8400);
#8396 = CIRCLE('',#8397,2.);
#8397 = AXIS2_PLACEMENT_2D('',#8398,#8399);
#8398 = CARTESIAN_POINT('',(5.104559423673,1.889999976382));
#8399 = DIRECTION('',(1.,0.));
#8400 = ( GEOMETRIC_REPRESENTATION_CONTEXT(2) 
PARAMETRIC_REPRESENTATION_CONTEXT() REPRESENTATION_CONTEXT('2D SPACE',''
  ) );
#8401 = PCURVE('',#8315,#8402);
#8402 = DEFINITIONAL_REPRESENTATION('',(#8403),#8407);
#8403 = LINE('',#8404,#8405);
#8404 = CARTESIAN_POINT('',(-1.570796326795,0.));
#8405 = VECTOR('',#8406,1.);
#8406 = DIRECTION('',(1.,0.));
#8407 = ( GEOMETRIC_REPRESENTATION_CONTEXT(2) 
PARAMETRIC_REPRESENTATION_CONTEXT() REPRESENTATION_CONTEXT('2D SPACE',''
  ) );
#8408 = ORIENTED_EDGE('',*,*,#8409,.F.);
#8409 = EDGE_CURVE('',#8410,#8386,#8412,.T.);
#8410 = VERTEX_POINT('',#8411);
#8411 = CARTESIAN_POINT('',(184.5,127.36428522263,70.791873672152));
#8412 = SURFACE_CURVE('',#8413,(#8417,#8424),.PCURVE_S1.);
#8413 = LINE('',#8414,#8415);
#8414 = CARTESIAN_POINT('',(181.99632263183,127.36428522263,
    70.791873672152));
#8415 = VECTOR('',#8416,1.);
#8416 = DIRECTION('',(1.,0.,0.));
#8417 = PCURVE('',#8287,#8418);
#8418 = DEFINITIONAL_REPRESENTATION('',(#8419),#8423);
#8419 = LINE('',#8420,#8421);
#8420 = CARTESIAN_POINT('',(3.104559423673,-41.61367739178));
#8421 = VECTOR('',#8422,1.);
#8422 = DIRECTION('',(0.,1.));
#8423 = ( GEOMETRIC_REPRESENTATION_CONTEXT(2) 
PARAMETRIC_REPRESENTATION_CONTEXT() REPRESENTATION_CONTEXT('2D SPACE',''
  ) );
#8424 = PCURVE('',#8425,#8430);
#8425 = PLANE('',#8426);
#8426 = AXIS2_PLACEMENT_3D('',#8427,#8428,#8429);
#8427 = CARTESIAN_POINT('',(182.5,127.36428522263,70.791873672152));
#8428 = DIRECTION('',(0.,0.242436268024,-0.970167333993));
#8429 = DIRECTION('',(1.,0.,0.));
#8430 = DEFINITIONAL_REPRESENTATION('',(#8431),#8435);
#8431 = LINE('',#8432,#8433);
#8432 = CARTESIAN_POINT('',(-0.503677368164,-0.));
#8433 = VECTOR('',#8434,1.);
#8434 = DIRECTION('',(1.,0.));
#8435 = ( GEOMETRIC_REPRESENTATION_CONTEXT(2) 
PARAMETRIC_REPRESENTATION_CONTEXT() REPRESENTATION_CONTEXT('2D SPACE',''
  ) );
#8436 = ORIENTED_EDGE('',*,*,#8437,.F.);
#8437 = EDGE_CURVE('',#8438,#8410,#8440,.T.);
#8438 = VERTEX_POINT('',#8439);
#8439 = CARTESIAN_POINT('',(182.5,126.87941268658,72.732208340137));
#8440 = SURFACE_CURVE('',#8441,(#8446,#8457),.PCURVE_S1.);
#8441 = CIRCLE('',#8442,2.);
#8442 = AXIS2_PLACEMENT_3D('',#8443,#8444,#8445);
#8443 = CARTESIAN_POINT('',(184.5,126.87941268658,72.732208340137));
#8444 = DIRECTION('',(-0.,-0.970167333993,-0.242436268024));
#8445 = DIRECTION('',(0.,-0.242436268024,0.970167333993));
#8446 = PCURVE('',#8287,#8447);
#8447 = DEFINITIONAL_REPRESENTATION('',(#8448),#8456);
#8448 = ( BOUNDED_CURVE() B_SPLINE_CURVE(2,(#8449,#8450,#8451,#8452,
#8453,#8454,#8455),.UNSPECIFIED.,.T.,.F.) B_SPLINE_CURVE_WITH_KNOTS((1,2
    ,2,2,2,1),(-2.094395102393,0.,2.094395102393,4.188790204786,
6.28318530718,8.377580409573),.UNSPECIFIED.) CURVE() 
GEOMETRIC_REPRESENTATION_ITEM() RATIONAL_B_SPLINE_CURVE((1.,0.5,1.,0.5,
1.,0.5,1.)) REPRESENTATION_ITEM('') );
#8449 = CARTESIAN_POINT('',(7.104559423673,-39.11000002361));
#8450 = CARTESIAN_POINT('',(7.104559423673,-42.57410163875));
#8451 = CARTESIAN_POINT('',(4.104559423673,-40.84205083118));
#8452 = CARTESIAN_POINT('',(1.104559423673,-39.11000002361));
#8453 = CARTESIAN_POINT('',(4.104559423673,-37.37794921604));
#8454 = CARTESIAN_POINT('',(7.104559423673,-35.64589840848));
#8455 = CARTESIAN_POINT('',(7.104559423673,-39.11000002361));
#8456 = ( GEOMETRIC_REPRESENTATION_CONTEXT(2) 
PARAMETRIC_REPRESENTATION_CONTEXT() REPRESENTATION_CONTEXT('2D SPACE',''
  ) );
#8457 = PCURVE('',#8458,#8463);
#8458 = CYLINDRICAL_SURFACE('',#8459,2.);
#8459 = AXIS2_PLACEMENT_3D('',#8460,#8461,#8462);
#8460 = CARTESIAN_POINT('',(184.5,126.87941268658,72.732208340137));
#8461 = DIRECTION('',(0.,0.970167333993,0.242436268024));
#8462 = DIRECTION('',(-1.,9.277479995144E-17,-3.712607897497E-16));
#8463 = DEFINITIONAL_REPRESENTATION('',(#8464),#8468);
#8464 = LINE('',#8465,#8466);
#8465 = CARTESIAN_POINT('',(1.570796326795,-0.));
#8466 = VECTOR('',#8467,1.);
#8467 = DIRECTION('',(-1.,0.));
#8468 = ( GEOMETRIC_REPRESENTATION_CONTEXT(2) 
PARAMETRIC_REPRESENTATION_CONTEXT() REPRESENTATION_CONTEXT('2D SPACE',''
  ) );
#8469 = ORIENTED_EDGE('',*,*,#8470,.F.);
#8470 = EDGE_CURVE('',#8471,#8438,#8473,.T.);
#8471 = VERTEX_POINT('',#8472);
#8472 = CARTESIAN_POINT('',(182.5,124.13156868823,83.728370374113));
#8473 = SURFACE_CURVE('',#8474,(#8478,#8485),.PCURVE_S1.);
#8474 = LINE('',#8475,#8476);
#8475 = CARTESIAN_POINT('',(182.5,123.64669615219,85.668705042098));
#8476 = VECTOR('',#8477,1.);
#8477 = DIRECTION('',(3.826770668744E-16,0.242436268024,-0.970167333993)
  );
#8478 = PCURVE('',#8287,#8479);
#8479 = DEFINITIONAL_REPRESENTATION('',(#8480),#8484);
#8480 = LINE('',#8481,#8482);
#8481 = CARTESIAN_POINT('',(18.438853672399,-41.11000002361));
#8482 = VECTOR('',#8483,1.);
#8483 = DIRECTION('',(-1.,3.826770668744E-16));
#8484 = ( GEOMETRIC_REPRESENTATION_CONTEXT(2) 
PARAMETRIC_REPRESENTATION_CONTEXT() REPRESENTATION_CONTEXT('2D SPACE',''
  ) );
#8485 = PCURVE('',#8486,#8491);
#8486 = PLANE('',#8487);
#8487 = AXIS2_PLACEMENT_3D('',#8488,#8489,#8490);
#8488 = CARTESIAN_POINT('',(182.5,123.64669615219,85.668705042098));
#8489 = DIRECTION('',(-1.,9.277479995144E-17,-3.712607897497E-16));
#8490 = DIRECTION('',(3.826770668744E-16,0.242436268024,-0.970167333993)
  );
#8491 = DEFINITIONAL_REPRESENTATION('',(#8492),#8496);
#8492 = LINE('',#8493,#8494);
#8493 = CARTESIAN_POINT('',(1.378690703281E-14,3.445226582586E-15));
#8494 = VECTOR('',#8495,1.);
#8495 = DIRECTION('',(1.,0.));
#8496 = ( GEOMETRIC_REPRESENTATION_CONTEXT(2) 
PARAMETRIC_REPRESENTATION_CONTEXT() REPRESENTATION_CONTEXT('2D SPACE',''
  ) );
#8497 = ORIENTED_EDGE('',*,*,#8498,.F.);
#8498 = EDGE_CURVE('',#8499,#8471,#8501,.T.);
#8499 = VERTEX_POINT('',#8500);
#8500 = CARTESIAN_POINT('',(184.5,123.64669615219,85.668705042098));
#8501 = SURFACE_CURVE('',#8502,(#8507,#8518),.PCURVE_S1.);
#8502 = CIRCLE('',#8503,2.);
#8503 = AXIS2_PLACEMENT_3D('',#8504,#8505,#8506);
#8504 = CARTESIAN_POINT('',(184.5,124.13156868823,83.728370374113));
#8505 = DIRECTION('',(-0.,-0.970167333993,-0.242436268024));
#8506 = DIRECTION('',(0.,-0.242436268024,0.970167333993));
#8507 = PCURVE('',#8287,#8508);
#8508 = DEFINITIONAL_REPRESENTATION('',(#8509),#8517);
#8509 = ( BOUNDED_CURVE() B_SPLINE_CURVE(2,(#8510,#8511,#8512,#8513,
#8514,#8515,#8516),.UNSPECIFIED.,.T.,.F.) B_SPLINE_CURVE_WITH_KNOTS((1,2
    ,2,2,2,1),(-2.094395102393,0.,2.094395102393,4.188790204786,
6.28318530718,8.377580409573),.UNSPECIFIED.) CURVE() 
GEOMETRIC_REPRESENTATION_ITEM() RATIONAL_B_SPLINE_CURVE((1.,0.5,1.,0.5,
1.,0.5,1.)) REPRESENTATION_ITEM('') );
#8510 = CARTESIAN_POINT('',(18.438853672399,-39.11000002361));
#8511 = CARTESIAN_POINT('',(18.438853672399,-42.57410163875));
#8512 = CARTESIAN_POINT('',(15.438853672399,-40.84205083118));
#8513 = CARTESIAN_POINT('',(12.438853672399,-39.11000002361));
#8514 = CARTESIAN_POINT('',(15.438853672399,-37.37794921604));
#8515 = CARTESIAN_POINT('',(18.438853672399,-35.64589840848));
#8516 = CARTESIAN_POINT('',(18.438853672399,-39.11000002361));
#8517 = ( GEOMETRIC_REPRESENTATION_CONTEXT(2) 
PARAMETRIC_REPRESENTATION_CONTEXT() REPRESENTATION_CONTEXT('2D SPACE',''
  ) );
#8518 = PCURVE('',#8519,#8524);
#8519 = CYLINDRICAL_SURFACE('',#8520,2.);
#8520 = AXIS2_PLACEMENT_3D('',#8521,#8522,#8523);
#8521 = CARTESIAN_POINT('',(184.5,124.13156868823,83.728370374113));
#8522 = DIRECTION('',(0.,0.970167333993,0.242436268024));
#8523 = DIRECTION('',(0.,-0.242436268024,0.970167333993));
#8524 = DEFINITIONAL_REPRESENTATION('',(#8525),#8529);
#8525 = LINE('',#8526,#8527);
#8526 = CARTESIAN_POINT('',(-0.,0.));
#8527 = VECTOR('',#8528,1.);
#8528 = DIRECTION('',(-1.,0.));
#8529 = ( GEOMETRIC_REPRESENTATION_CONTEXT(2) 
PARAMETRIC_REPRESENTATION_CONTEXT() REPRESENTATION_CONTEXT('2D SPACE',''
  ) );
#8530 = ORIENTED_EDGE('',*,*,#8531,.F.);
#8531 = EDGE_CURVE('',#8532,#8499,#8534,.T.);
#8532 = VERTEX_POINT('',#8533);
#8533 = CARTESIAN_POINT('',(225.5,123.64669615219,85.668705042098));
#8534 = SURFACE_CURVE('',#8535,(#8539,#8546),.PCURVE_S1.);
#8535 = LINE('',#8536,#8537);
#8536 = CARTESIAN_POINT('',(229.12124633789,123.64669615219,
    85.668705042098));
#8537 = VECTOR('',#8538,1.);
#8538 = DIRECTION('',(-1.,0.,0.));
#8539 = PCURVE('',#8287,#8540);
#8540 = DEFINITIONAL_REPRESENTATION('',(#8541),#8545);
#8541 = LINE('',#8542,#8543);
#8542 = CARTESIAN_POINT('',(18.438853672399,5.511246314272));
#8543 = VECTOR('',#8544,1.);
#8544 = DIRECTION('',(0.,-1.));
#8545 = ( GEOMETRIC_REPRESENTATION_CONTEXT(2) 
PARAMETRIC_REPRESENTATION_CONTEXT() REPRESENTATION_CONTEXT('2D SPACE',''
  ) );
#8546 = PCURVE('',#8547,#8552);
#8547 = PLANE('',#8548);
#8548 = AXIS2_PLACEMENT_3D('',#8549,#8550,#8551);
#8549 = CARTESIAN_POINT('',(227.5,123.64669615219,85.668705042098));
#8550 = DIRECTION('',(0.,-0.242436268024,0.970167333993));
#8551 = DIRECTION('',(-1.,0.,0.));
#8552 = DEFINITIONAL_REPRESENTATION('',(#8553),#8557);
#8553 = LINE('',#8554,#8555);
#8554 = CARTESIAN_POINT('',(-1.621246337891,-0.));
#8555 = VECTOR('',#8556,1.);
#8556 = DIRECTION('',(1.,0.));
#8557 = ( GEOMETRIC_REPRESENTATION_CONTEXT(2) 
PARAMETRIC_REPRESENTATION_CONTEXT() REPRESENTATION_CONTEXT('2D SPACE',''
  ) );
#8558 = ORIENTED_EDGE('',*,*,#8559,.F.);
#8559 = EDGE_CURVE('',#8267,#8532,#8560,.T.);
#8560 = SURFACE_CURVE('',#8561,(#8566,#8577),.PCURVE_S1.);
#8561 = CIRCLE('',#8562,2.);
#8562 = AXIS2_PLACEMENT_3D('',#8563,#8564,#8565);
#8563 = CARTESIAN_POINT('',(225.5,124.13156868823,83.728370374113));
#8564 = DIRECTION('',(-0.,-0.970167333993,-0.242436268024));
#8565 = DIRECTION('',(0.,-0.242436268024,0.970167333993));
#8566 = PCURVE('',#8287,#8567);
#8567 = DEFINITIONAL_REPRESENTATION('',(#8568),#8576);
#8568 = ( BOUNDED_CURVE() B_SPLINE_CURVE(2,(#8569,#8570,#8571,#8572,
#8573,#8574,#8575),.UNSPECIFIED.,.T.,.F.) B_SPLINE_CURVE_WITH_KNOTS((1,2
    ,2,2,2,1),(-2.094395102393,0.,2.094395102393,4.188790204786,
6.28318530718,8.377580409573),.UNSPECIFIED.) CURVE() 
GEOMETRIC_REPRESENTATION_ITEM() RATIONAL_B_SPLINE_CURVE((1.,0.5,1.,0.5,
1.,0.5,1.)) REPRESENTATION_ITEM('') );
#8569 = CARTESIAN_POINT('',(18.438853672399,1.889999976382));
#8570 = CARTESIAN_POINT('',(18.438853672399,-1.574101638756));
#8571 = CARTESIAN_POINT('',(15.438853672399,0.157949168813));
#8572 = CARTESIAN_POINT('',(12.438853672399,1.889999976382));
#8573 = CARTESIAN_POINT('',(15.438853672399,3.622050783951));
#8574 = CARTESIAN_POINT('',(18.438853672399,5.354101591519));
#8575 = CARTESIAN_POINT('',(18.438853672399,1.889999976382));
#8576 = ( GEOMETRIC_REPRESENTATION_CONTEXT(2) 
PARAMETRIC_REPRESENTATION_CONTEXT() REPRESENTATION_CONTEXT('2D SPACE',''
  ) );
#8577 = PCURVE('',#8369,#8578);
#8578 = DEFINITIONAL_REPRESENTATION('',(#8579),#8583);
#8579 = LINE('',#8580,#8581);
#8580 = CARTESIAN_POINT('',(4.712388980385,2.757381406561E-14));
#8581 = VECTOR('',#8582,1.);
#8582 = DIRECTION('',(-1.,0.));
#8583 = ( GEOMETRIC_REPRESENTATION_CONTEXT(2) 
PARAMETRIC_REPRESENTATION_CONTEXT() REPRESENTATION_CONTEXT('2D SPACE',''
  ) );
#8584 = ADVANCED_FACE('',(#8585),#8315,.T.);
#8585 = FACE_BOUND('',#8586,.T.);
#8586 = EDGE_LOOP('',(#8587,#8588,#8611,#8636));
#8587 = ORIENTED_EDGE('',*,*,#8385,.T.);
#8588 = ORIENTED_EDGE('',*,*,#8589,.T.);
#8589 = EDGE_CURVE('',#8386,#8590,#8592,.T.);
#8590 = VERTEX_POINT('',#8591);
#8591 = CARTESIAN_POINT('',(225.5,128.33445255662,71.034309940176));
#8592 = SURFACE_CURVE('',#8593,(#8597,#8604),.PCURVE_S1.);
#8593 = LINE('',#8594,#8595);
#8594 = CARTESIAN_POINT('',(225.5,127.36428522263,70.791873672152));
#8595 = VECTOR('',#8596,1.);
#8596 = DIRECTION('',(0.,0.970167333993,0.242436268024));
#8597 = PCURVE('',#8315,#8598);
#8598 = DEFINITIONAL_REPRESENTATION('',(#8599),#8603);
#8599 = LINE('',#8600,#8601);
#8600 = CARTESIAN_POINT('',(1.570796326795,0.));
#8601 = VECTOR('',#8602,1.);
#8602 = DIRECTION('',(0.,1.));
#8603 = ( GEOMETRIC_REPRESENTATION_CONTEXT(2) 
PARAMETRIC_REPRESENTATION_CONTEXT() REPRESENTATION_CONTEXT('2D SPACE',''
  ) );
#8604 = PCURVE('',#8425,#8605);
#8605 = DEFINITIONAL_REPRESENTATION('',(#8606),#8610);
#8606 = LINE('',#8607,#8608);
#8607 = CARTESIAN_POINT('',(43.,0.));
#8608 = VECTOR('',#8609,1.);
#8609 = DIRECTION('',(0.,-1.));
#8610 = ( GEOMETRIC_REPRESENTATION_CONTEXT(2) 
PARAMETRIC_REPRESENTATION_CONTEXT() REPRESENTATION_CONTEXT('2D SPACE',''
  ) );
#8611 = ORIENTED_EDGE('',*,*,#8612,.T.);
#8612 = EDGE_CURVE('',#8590,#8300,#8613,.T.);
#8613 = SURFACE_CURVE('',#8614,(#8619,#8625),.PCURVE_S1.);
#8614 = CIRCLE('',#8615,2.);
#8615 = AXIS2_PLACEMENT_3D('',#8616,#8617,#8618);
#8616 = CARTESIAN_POINT('',(225.5,127.84958002057,72.974644608161));
#8617 = DIRECTION('',(6.893453516403E-15,-0.970167333993,-0.242436268024
    ));
#8618 = DIRECTION('',(1.,6.687803420011E-15,1.671223144314E-15));
#8619 = PCURVE('',#8315,#8620);
#8620 = DEFINITIONAL_REPRESENTATION('',(#8621),#8624);
#8621 = B_SPLINE_CURVE_WITH_KNOTS('',1,(#8622,#8623),.UNSPECIFIED.,.F.,
  .F.,(2,2),(4.712388980385,6.28318530718),.PIECEWISE_BEZIER_KNOTS.);
#8622 = CARTESIAN_POINT('',(1.570796326795,1.));
#8623 = CARTESIAN_POINT('',(0.,1.));
#8624 = ( GEOMETRIC_REPRESENTATION_CONTEXT(2) 
PARAMETRIC_REPRESENTATION_CONTEXT() REPRESENTATION_CONTEXT('2D SPACE',''
  ) );
#8625 = PCURVE('',#8626,#8631);
#8626 = SPHERICAL_SURFACE('',#8627,2.);
#8627 = AXIS2_PLACEMENT_3D('',#8628,#8629,#8630);
#8628 = CARTESIAN_POINT('',(225.5,127.84958002057,72.974644608161));
#8629 = DIRECTION('',(-0.,-0.242436268024,0.970167333993));
#8630 = DIRECTION('',(1.,6.687803420011E-15,1.671223144314E-15));
#8631 = DEFINITIONAL_REPRESENTATION('',(#8632),#8635);
#8632 = B_SPLINE_CURVE_WITH_KNOTS('',1,(#8633,#8634),.UNSPECIFIED.,.F.,
  .F.,(2,2),(4.712388980385,6.28318530718),.PIECEWISE_BEZIER_KNOTS.);
#8633 = CARTESIAN_POINT('',(0.,-1.570796326795));
#8634 = CARTESIAN_POINT('',(0.,0.));
#8635 = ( GEOMETRIC_REPRESENTATION_CONTEXT(2) 
PARAMETRIC_REPRESENTATION_CONTEXT() REPRESENTATION_CONTEXT('2D SPACE',''
  ) );
#8636 = ORIENTED_EDGE('',*,*,#8299,.F.);
#8637 = ADVANCED_FACE('',(#8638),#8369,.T.);
#8638 = FACE_BOUND('',#8639,.F.);
#8639 = EDGE_LOOP('',(#8640,#8641,#8664,#8689));
#8640 = ORIENTED_EDGE('',*,*,#8559,.T.);
#8641 = ORIENTED_EDGE('',*,*,#8642,.T.);
#8642 = EDGE_CURVE('',#8532,#8643,#8645,.T.);
#8643 = VERTEX_POINT('',#8644);
#8644 = CARTESIAN_POINT('',(225.5,124.61686348618,85.911141310123));
#8645 = SURFACE_CURVE('',#8646,(#8650,#8657),.PCURVE_S1.);
#8646 = LINE('',#8647,#8648);
#8647 = CARTESIAN_POINT('',(225.5,123.64669615219,85.668705042098));
#8648 = VECTOR('',#8649,1.);
#8649 = DIRECTION('',(0.,0.970167333993,0.242436268024));
#8650 = PCURVE('',#8369,#8651);
#8651 = DEFINITIONAL_REPRESENTATION('',(#8652),#8656);
#8652 = LINE('',#8653,#8654);
#8653 = CARTESIAN_POINT('',(-1.570796326795,0.));
#8654 = VECTOR('',#8655,1.);
#8655 = DIRECTION('',(-0.,1.));
#8656 = ( GEOMETRIC_REPRESENTATION_CONTEXT(2) 
PARAMETRIC_REPRESENTATION_CONTEXT() REPRESENTATION_CONTEXT('2D SPACE',''
  ) );
#8657 = PCURVE('',#8547,#8658);
#8658 = DEFINITIONAL_REPRESENTATION('',(#8659),#8663);
#8659 = LINE('',#8660,#8661);
#8660 = CARTESIAN_POINT('',(2.,2.84217094304E-14));
#8661 = VECTOR('',#8662,1.);
#8662 = DIRECTION('',(0.,-1.));
#8663 = ( GEOMETRIC_REPRESENTATION_CONTEXT(2) 
PARAMETRIC_REPRESENTATION_CONTEXT() REPRESENTATION_CONTEXT('2D SPACE',''
  ) );
#8664 = ORIENTED_EDGE('',*,*,#8665,.F.);
#8665 = EDGE_CURVE('',#8328,#8643,#8666,.T.);
#8666 = SURFACE_CURVE('',#8667,(#8672,#8678),.PCURVE_S1.);
#8667 = CIRCLE('',#8668,2.);
#8668 = AXIS2_PLACEMENT_3D('',#8669,#8670,#8671);
#8669 = CARTESIAN_POINT('',(225.5,125.10173602223,83.970806642137));
#8670 = DIRECTION('',(-3.229399330749E-30,-0.970167333993,
    -0.242436268024));
#8671 = DIRECTION('',(-5.051417467891E-16,-0.242436268024,0.970167333993
    ));
#8672 = PCURVE('',#8369,#8673);
#8673 = DEFINITIONAL_REPRESENTATION('',(#8674),#8677);
#8674 = B_SPLINE_CURVE_WITH_KNOTS('',1,(#8675,#8676),.UNSPECIFIED.,.F.,
  .F.,(2,2),(4.712388980385,6.28318530718),.PIECEWISE_BEZIER_KNOTS.);
#8675 = CARTESIAN_POINT('',(0.,1.));
#8676 = CARTESIAN_POINT('',(-1.570796326795,1.));
#8677 = ( GEOMETRIC_REPRESENTATION_CONTEXT(2) 
PARAMETRIC_REPRESENTATION_CONTEXT() REPRESENTATION_CONTEXT('2D SPACE',''
  ) );
#8678 = PCURVE('',#8679,#8684);
#8679 = SPHERICAL_SURFACE('',#8680,2.);
#8680 = AXIS2_PLACEMENT_3D('',#8681,#8682,#8683);
#8681 = CARTESIAN_POINT('',(225.5,125.10173602223,83.970806642137));
#8682 = DIRECTION('',(-1.,1.224646799147E-16,-4.900720217708E-16));
#8683 = DIRECTION('',(-5.051417467891E-16,-0.242436268024,0.970167333993
    ));
#8684 = DEFINITIONAL_REPRESENTATION('',(#8685),#8688);
#8685 = B_SPLINE_CURVE_WITH_KNOTS('',1,(#8686,#8687),.UNSPECIFIED.,.F.,
  .F.,(2,2),(4.712388980385,6.28318530718),.PIECEWISE_BEZIER_KNOTS.);
#8686 = CARTESIAN_POINT('',(0.,-1.570796326795));
#8687 = CARTESIAN_POINT('',(0.,0.));
#8688 = ( GEOMETRIC_REPRESENTATION_CONTEXT(2) 
PARAMETRIC_REPRESENTATION_CONTEXT() REPRESENTATION_CONTEXT('2D SPACE',''
  ) );
#8689 = ORIENTED_EDGE('',*,*,#8355,.F.);
#8690 = ADVANCED_FACE('',(#8691),#8343,.T.);
#8691 = FACE_BOUND('',#8692,.T.);
#8692 = EDGE_LOOP('',(#8693,#8694,#8718,#8746));
#8693 = ORIENTED_EDGE('',*,*,#8327,.F.);
#8694 = ORIENTED_EDGE('',*,*,#8695,.T.);
#8695 = EDGE_CURVE('',#8300,#8696,#8698,.T.);
#8696 = VERTEX_POINT('',#8697);
#8697 = CARTESIAN_POINT('',(225.5,129.78991468856,73.459517144209));
#8698 = SURFACE_CURVE('',#8699,(#8704,#8711),.PCURVE_S1.);
#8699 = CIRCLE('',#8700,2.);
#8700 = AXIS2_PLACEMENT_3D('',#8701,#8702,#8703);
#8701 = CARTESIAN_POINT('',(225.5,127.84958002057,72.974644608161));
#8702 = DIRECTION('',(0.,-0.242436268024,0.970167333993));
#8703 = DIRECTION('',(1.,6.687803420011E-15,1.671223144314E-15));
#8704 = PCURVE('',#8343,#8705);
#8705 = DEFINITIONAL_REPRESENTATION('',(#8706),#8710);
#8706 = LINE('',#8707,#8708);
#8707 = CARTESIAN_POINT('',(0.,2.));
#8708 = VECTOR('',#8709,1.);
#8709 = DIRECTION('',(1.,0.));
#8710 = ( GEOMETRIC_REPRESENTATION_CONTEXT(2) 
PARAMETRIC_REPRESENTATION_CONTEXT() REPRESENTATION_CONTEXT('2D SPACE',''
  ) );
#8711 = PCURVE('',#8626,#8712);
#8712 = DEFINITIONAL_REPRESENTATION('',(#8713),#8717);
#8713 = LINE('',#8714,#8715);
#8714 = CARTESIAN_POINT('',(0.,0.));
#8715 = VECTOR('',#8716,1.);
#8716 = DIRECTION('',(1.,0.));
#8717 = ( GEOMETRIC_REPRESENTATION_CONTEXT(2) 
PARAMETRIC_REPRESENTATION_CONTEXT() REPRESENTATION_CONTEXT('2D SPACE',''
  ) );
#8718 = ORIENTED_EDGE('',*,*,#8719,.T.);
#8719 = EDGE_CURVE('',#8696,#8720,#8722,.T.);
#8720 = VERTEX_POINT('',#8721);
#8721 = CARTESIAN_POINT('',(225.5,127.04207069021,84.455679178185));
#8722 = SURFACE_CURVE('',#8723,(#8727,#8734),.PCURVE_S1.);
#8723 = LINE('',#8724,#8725);
#8724 = CARTESIAN_POINT('',(225.5,130.27478722461,71.519182476224));
#8725 = VECTOR('',#8726,1.);
#8726 = DIRECTION('',(-5.051417467891E-16,-0.242436268024,0.970167333993
    ));
#8727 = PCURVE('',#8343,#8728);
#8728 = DEFINITIONAL_REPRESENTATION('',(#8729),#8733);
#8729 = LINE('',#8730,#8731);
#8730 = CARTESIAN_POINT('',(1.570796326795,0.));
#8731 = VECTOR('',#8732,1.);
#8732 = DIRECTION('',(0.,1.));
#8733 = ( GEOMETRIC_REPRESENTATION_CONTEXT(2) 
PARAMETRIC_REPRESENTATION_CONTEXT() REPRESENTATION_CONTEXT('2D SPACE',''
  ) );
#8734 = PCURVE('',#8735,#8740);
#8735 = PLANE('',#8736);
#8736 = AXIS2_PLACEMENT_3D('',#8737,#8738,#8739);
#8737 = CARTESIAN_POINT('',(223.61000002361,131.02744502514,
    68.507240336937));
#8738 = DIRECTION('',(0.,0.970167333993,0.242436268024));
#8739 = DIRECTION('',(0.,-0.242436268024,0.970167333993));
#8740 = DEFINITIONAL_REPRESENTATION('',(#8741),#8745);
#8741 = LINE('',#8742,#8743);
#8742 = CARTESIAN_POINT('',(3.104559423673,1.889999976382));
#8743 = VECTOR('',#8744,1.);
#8744 = DIRECTION('',(1.,-5.051417467891E-16));
#8745 = ( GEOMETRIC_REPRESENTATION_CONTEXT(2) 
PARAMETRIC_REPRESENTATION_CONTEXT() REPRESENTATION_CONTEXT('2D SPACE',''
  ) );
#8746 = ORIENTED_EDGE('',*,*,#8747,.F.);
#8747 = EDGE_CURVE('',#8328,#8720,#8748,.T.);
#8748 = SURFACE_CURVE('',#8749,(#8754,#8760),.PCURVE_S1.);
#8749 = CIRCLE('',#8750,2.);
#8750 = AXIS2_PLACEMENT_3D('',#8751,#8752,#8753);
#8751 = CARTESIAN_POINT('',(225.5,125.10173602223,83.970806642137));
#8752 = DIRECTION('',(-5.051417467891E-16,-0.242436268024,0.970167333993
    ));
#8753 = DIRECTION('',(2.341930812375E-30,0.970167333993,0.242436268024)
  );
#8754 = PCURVE('',#8343,#8755);
#8755 = DEFINITIONAL_REPRESENTATION('',(#8756),#8759);
#8756 = B_SPLINE_CURVE_WITH_KNOTS('',1,(#8757,#8758),.UNSPECIFIED.,.F.,
  .F.,(2,2),(4.712388980385,6.28318530718),.PIECEWISE_BEZIER_KNOTS.);
#8757 = CARTESIAN_POINT('',(0.,13.334294248726));
#8758 = CARTESIAN_POINT('',(1.570796326795,13.334294248726));
#8759 = ( GEOMETRIC_REPRESENTATION_CONTEXT(2) 
PARAMETRIC_REPRESENTATION_CONTEXT() REPRESENTATION_CONTEXT('2D SPACE',''
  ) );
#8760 = PCURVE('',#8679,#8761);
#8761 = DEFINITIONAL_REPRESENTATION('',(#8762),#8765);
#8762 = B_SPLINE_CURVE_WITH_KNOTS('',1,(#8763,#8764),.UNSPECIFIED.,.F.,
  .F.,(2,2),(4.712388980385,6.28318530718),.PIECEWISE_BEZIER_KNOTS.);
#8763 = CARTESIAN_POINT('',(1.570796326795,-1.570796326795));
#8764 = CARTESIAN_POINT('',(1.570796326795,0.));
#8765 = ( GEOMETRIC_REPRESENTATION_CONTEXT(2) 
PARAMETRIC_REPRESENTATION_CONTEXT() REPRESENTATION_CONTEXT('2D SPACE',''
  ) );
#8766 = ADVANCED_FACE('',(#8767),#8425,.T.);
#8767 = FACE_BOUND('',#8768,.T.);
#8768 = EDGE_LOOP('',(#8769,#8770,#8793,#8819));
#8769 = ORIENTED_EDGE('',*,*,#8409,.F.);
#8770 = ORIENTED_EDGE('',*,*,#8771,.T.);
#8771 = EDGE_CURVE('',#8410,#8772,#8774,.T.);
#8772 = VERTEX_POINT('',#8773);
#8773 = CARTESIAN_POINT('',(184.5,128.33445255662,71.034309940176));
#8774 = SURFACE_CURVE('',#8775,(#8779,#8786),.PCURVE_S1.);
#8775 = LINE('',#8776,#8777);
#8776 = CARTESIAN_POINT('',(184.5,127.36428522263,70.791873672152));
#8777 = VECTOR('',#8778,1.);
#8778 = DIRECTION('',(0.,0.970167333993,0.242436268024));
#8779 = PCURVE('',#8425,#8780);
#8780 = DEFINITIONAL_REPRESENTATION('',(#8781),#8785);
#8781 = LINE('',#8782,#8783);
#8782 = CARTESIAN_POINT('',(2.,0.));
#8783 = VECTOR('',#8784,1.);
#8784 = DIRECTION('',(0.,-1.));
#8785 = ( GEOMETRIC_REPRESENTATION_CONTEXT(2) 
PARAMETRIC_REPRESENTATION_CONTEXT() REPRESENTATION_CONTEXT('2D SPACE',''
  ) );
#8786 = PCURVE('',#8458,#8787);
#8787 = DEFINITIONAL_REPRESENTATION('',(#8788),#8792);
#8788 = LINE('',#8789,#8790);
#8789 = CARTESIAN_POINT('',(-1.570796326795,0.));
#8790 = VECTOR('',#8791,1.);
#8791 = DIRECTION('',(-0.,1.));
#8792 = ( GEOMETRIC_REPRESENTATION_CONTEXT(2) 
PARAMETRIC_REPRESENTATION_CONTEXT() REPRESENTATION_CONTEXT('2D SPACE',''
  ) );
#8793 = ORIENTED_EDGE('',*,*,#8794,.T.);
#8794 = EDGE_CURVE('',#8772,#8590,#8795,.T.);
#8795 = SURFACE_CURVE('',#8796,(#8800,#8807),.PCURVE_S1.);
#8796 = LINE('',#8797,#8798);
#8797 = CARTESIAN_POINT('',(182.5,128.33445255662,71.034309940176));
#8798 = VECTOR('',#8799,1.);
#8799 = DIRECTION('',(1.,0.,0.));
#8800 = PCURVE('',#8425,#8801);
#8801 = DEFINITIONAL_REPRESENTATION('',(#8802),#8806);
#8802 = LINE('',#8803,#8804);
#8803 = CARTESIAN_POINT('',(0.,-1.));
#8804 = VECTOR('',#8805,1.);
#8805 = DIRECTION('',(1.,0.));
#8806 = ( GEOMETRIC_REPRESENTATION_CONTEXT(2) 
PARAMETRIC_REPRESENTATION_CONTEXT() REPRESENTATION_CONTEXT('2D SPACE',''
  ) );
#8807 = PCURVE('',#8808,#8813);
#8808 = CYLINDRICAL_SURFACE('',#8809,2.);
#8809 = AXIS2_PLACEMENT_3D('',#8810,#8811,#8812);
#8810 = CARTESIAN_POINT('',(182.5,127.84958002057,72.974644608161));
#8811 = DIRECTION('',(1.,0.,0.));
#8812 = DIRECTION('',(0.,0.242436268024,-0.970167333993));
#8813 = DEFINITIONAL_REPRESENTATION('',(#8814),#8818);
#8814 = LINE('',#8815,#8816);
#8815 = CARTESIAN_POINT('',(0.,0.));
#8816 = VECTOR('',#8817,1.);
#8817 = DIRECTION('',(0.,1.));
#8818 = ( GEOMETRIC_REPRESENTATION_CONTEXT(2) 
PARAMETRIC_REPRESENTATION_CONTEXT() REPRESENTATION_CONTEXT('2D SPACE',''
  ) );
#8819 = ORIENTED_EDGE('',*,*,#8589,.F.);
#8820 = ADVANCED_FACE('',(#8821),#8547,.T.);
#8821 = FACE_BOUND('',#8822,.T.);
#8822 = EDGE_LOOP('',(#8823,#8824,#8825,#8853));
#8823 = ORIENTED_EDGE('',*,*,#8531,.F.);
#8824 = ORIENTED_EDGE('',*,*,#8642,.T.);
#8825 = ORIENTED_EDGE('',*,*,#8826,.T.);
#8826 = EDGE_CURVE('',#8643,#8827,#8829,.T.);
#8827 = VERTEX_POINT('',#8828);
#8828 = CARTESIAN_POINT('',(184.5,124.61686348618,85.911141310123));
#8829 = SURFACE_CURVE('',#8830,(#8834,#8841),.PCURVE_S1.);
#8830 = LINE('',#8831,#8832);
#8831 = CARTESIAN_POINT('',(227.5,124.61686348618,85.911141310122));
#8832 = VECTOR('',#8833,1.);
#8833 = DIRECTION('',(-1.,0.,0.));
#8834 = PCURVE('',#8547,#8835);
#8835 = DEFINITIONAL_REPRESENTATION('',(#8836),#8840);
#8836 = LINE('',#8837,#8838);
#8837 = CARTESIAN_POINT('',(0.,-1.));
#8838 = VECTOR('',#8839,1.);
#8839 = DIRECTION('',(1.,0.));
#8840 = ( GEOMETRIC_REPRESENTATION_CONTEXT(2) 
PARAMETRIC_REPRESENTATION_CONTEXT() REPRESENTATION_CONTEXT('2D SPACE',''
  ) );
#8841 = PCURVE('',#8842,#8847);
#8842 = CYLINDRICAL_SURFACE('',#8843,2.);
#8843 = AXIS2_PLACEMENT_3D('',#8844,#8845,#8846);
#8844 = CARTESIAN_POINT('',(227.5,125.10173602223,83.970806642137));
#8845 = DIRECTION('',(-1.,0.,0.));
#8846 = DIRECTION('',(0.,-0.242436268024,0.970167333993));
#8847 = DEFINITIONAL_REPRESENTATION('',(#8848),#8852);
#8848 = LINE('',#8849,#8850);
#8849 = CARTESIAN_POINT('',(0.,0.));
#8850 = VECTOR('',#8851,1.);
#8851 = DIRECTION('',(0.,1.));
#8852 = ( GEOMETRIC_REPRESENTATION_CONTEXT(2) 
PARAMETRIC_REPRESENTATION_CONTEXT() REPRESENTATION_CONTEXT('2D SPACE',''
  ) );
#8853 = ORIENTED_EDGE('',*,*,#8854,.F.);
#8854 = EDGE_CURVE('',#8499,#8827,#8855,.T.);
#8855 = SURFACE_CURVE('',#8856,(#8860,#8867),.PCURVE_S1.);
#8856 = LINE('',#8857,#8858);
#8857 = CARTESIAN_POINT('',(184.5,123.64669615219,85.668705042098));
#8858 = VECTOR('',#8859,1.);
#8859 = DIRECTION('',(0.,0.970167333993,0.242436268024));
#8860 = PCURVE('',#8547,#8861);
#8861 = DEFINITIONAL_REPRESENTATION('',(#8862),#8866);
#8862 = LINE('',#8863,#8864);
#8863 = CARTESIAN_POINT('',(43.,0.));
#8864 = VECTOR('',#8865,1.);
#8865 = DIRECTION('',(0.,-1.));
#8866 = ( GEOMETRIC_REPRESENTATION_CONTEXT(2) 
PARAMETRIC_REPRESENTATION_CONTEXT() REPRESENTATION_CONTEXT('2D SPACE',''
  ) );
#8867 = PCURVE('',#8519,#8868);
#8868 = DEFINITIONAL_REPRESENTATION('',(#8869),#8873);
#8869 = LINE('',#8870,#8871);
#8870 = CARTESIAN_POINT('',(-0.,0.));
#8871 = VECTOR('',#8872,1.);
#8872 = DIRECTION('',(-0.,1.));
#8873 = ( GEOMETRIC_REPRESENTATION_CONTEXT(2) 
PARAMETRIC_REPRESENTATION_CONTEXT() REPRESENTATION_CONTEXT('2D SPACE',''
  ) );
#8874 = ADVANCED_FACE('',(#8875),#8458,.T.);
#8875 = FACE_BOUND('',#8876,.F.);
#8876 = EDGE_LOOP('',(#8877,#8878,#8879,#8906));
#8877 = ORIENTED_EDGE('',*,*,#8437,.T.);
#8878 = ORIENTED_EDGE('',*,*,#8771,.T.);
#8879 = ORIENTED_EDGE('',*,*,#8880,.F.);
#8880 = EDGE_CURVE('',#8881,#8772,#8883,.T.);
#8881 = VERTEX_POINT('',#8882);
#8882 = CARTESIAN_POINT('',(182.5,127.84958002057,72.974644608161));
#8883 = SURFACE_CURVE('',#8884,(#8889,#8895),.PCURVE_S1.);
#8884 = CIRCLE('',#8885,2.);
#8885 = AXIS2_PLACEMENT_3D('',#8886,#8887,#8888);
#8886 = CARTESIAN_POINT('',(184.5,127.84958002057,72.974644608161));
#8887 = DIRECTION('',(8.209083794956E-30,-0.970167333993,-0.242436268024
    ));
#8888 = DIRECTION('',(3.826770668744E-16,0.242436268024,-0.970167333993)
  );
#8889 = PCURVE('',#8458,#8890);
#8890 = DEFINITIONAL_REPRESENTATION('',(#8891),#8894);
#8891 = B_SPLINE_CURVE_WITH_KNOTS('',1,(#8892,#8893),.UNSPECIFIED.,.F.,
  .F.,(2,2),(4.712388980385,6.28318530718),.PIECEWISE_BEZIER_KNOTS.);
#8892 = CARTESIAN_POINT('',(0.,1.));
#8893 = CARTESIAN_POINT('',(-1.570796326795,1.));
#8894 = ( GEOMETRIC_REPRESENTATION_CONTEXT(2) 
PARAMETRIC_REPRESENTATION_CONTEXT() REPRESENTATION_CONTEXT('2D SPACE',''
  ) );
#8895 = PCURVE('',#8896,#8901);
#8896 = SPHERICAL_SURFACE('',#8897,2.);
#8897 = AXIS2_PLACEMENT_3D('',#8898,#8899,#8900);
#8898 = CARTESIAN_POINT('',(184.5,127.84958002057,72.974644608161));
#8899 = DIRECTION('',(1.,-9.277479995144E-17,3.712607897497E-16));
#8900 = DIRECTION('',(-4.116867849122E-30,0.970167333993,0.242436268024)
  );
#8901 = DEFINITIONAL_REPRESENTATION('',(#8902),#8905);
#8902 = B_SPLINE_CURVE_WITH_KNOTS('',1,(#8903,#8904),.UNSPECIFIED.,.F.,
  .F.,(2,2),(4.712388980385,6.28318530718),.PIECEWISE_BEZIER_KNOTS.);
#8903 = CARTESIAN_POINT('',(-1.570796326795,-1.570796326795));
#8904 = CARTESIAN_POINT('',(-1.570796326795,0.));
#8905 = ( GEOMETRIC_REPRESENTATION_CONTEXT(2) 
PARAMETRIC_REPRESENTATION_CONTEXT() REPRESENTATION_CONTEXT('2D SPACE',''
  ) );
#8906 = ORIENTED_EDGE('',*,*,#8907,.F.);
#8907 = EDGE_CURVE('',#8438,#8881,#8908,.T.);
#8908 = SURFACE_CURVE('',#8909,(#8913,#8920),.PCURVE_S1.);
#8909 = LINE('',#8910,#8911);
#8910 = CARTESIAN_POINT('',(182.5,126.87941268658,72.732208340137));
#8911 = VECTOR('',#8912,1.);
#8912 = DIRECTION('',(0.,0.970167333993,0.242436268024));
#8913 = PCURVE('',#8458,#8914);
#8914 = DEFINITIONAL_REPRESENTATION('',(#8915),#8919);
#8915 = LINE('',#8916,#8917);
#8916 = CARTESIAN_POINT('',(-0.,0.));
#8917 = VECTOR('',#8918,1.);
#8918 = DIRECTION('',(-0.,1.));
#8919 = ( GEOMETRIC_REPRESENTATION_CONTEXT(2) 
PARAMETRIC_REPRESENTATION_CONTEXT() REPRESENTATION_CONTEXT('2D SPACE',''
  ) );
#8920 = PCURVE('',#8486,#8921);
#8921 = DEFINITIONAL_REPRESENTATION('',(#8922),#8926);
#8922 = LINE('',#8923,#8924);
#8923 = CARTESIAN_POINT('',(13.334294248726,0.));
#8924 = VECTOR('',#8925,1.);
#8925 = DIRECTION('',(2.775557561563E-17,-1.));
#8926 = ( GEOMETRIC_REPRESENTATION_CONTEXT(2) 
PARAMETRIC_REPRESENTATION_CONTEXT() REPRESENTATION_CONTEXT('2D SPACE',''
  ) );
#8927 = ADVANCED_FACE('',(#8928),#8519,.T.);
#8928 = FACE_BOUND('',#8929,.F.);
#8929 = EDGE_LOOP('',(#8930,#8931,#8954,#8979));
#8930 = ORIENTED_EDGE('',*,*,#8498,.T.);
#8931 = ORIENTED_EDGE('',*,*,#8932,.T.);
#8932 = EDGE_CURVE('',#8471,#8933,#8935,.T.);
#8933 = VERTEX_POINT('',#8934);
#8934 = CARTESIAN_POINT('',(182.5,125.10173602223,83.970806642137));
#8935 = SURFACE_CURVE('',#8936,(#8940,#8947),.PCURVE_S1.);
#8936 = LINE('',#8937,#8938);
#8937 = CARTESIAN_POINT('',(182.5,124.13156868823,83.728370374113));
#8938 = VECTOR('',#8939,1.);
#8939 = DIRECTION('',(0.,0.970167333993,0.242436268024));
#8940 = PCURVE('',#8519,#8941);
#8941 = DEFINITIONAL_REPRESENTATION('',(#8942),#8946);
#8942 = LINE('',#8943,#8944);
#8943 = CARTESIAN_POINT('',(-1.570796326795,0.));
#8944 = VECTOR('',#8945,1.);
#8945 = DIRECTION('',(-0.,1.));
#8946 = ( GEOMETRIC_REPRESENTATION_CONTEXT(2) 
PARAMETRIC_REPRESENTATION_CONTEXT() REPRESENTATION_CONTEXT('2D SPACE',''
  ) );
#8947 = PCURVE('',#8486,#8948);
#8948 = DEFINITIONAL_REPRESENTATION('',(#8949),#8953);
#8949 = LINE('',#8950,#8951);
#8950 = CARTESIAN_POINT('',(2.,0.));
#8951 = VECTOR('',#8952,1.);
#8952 = DIRECTION('',(2.775557561563E-17,-1.));
#8953 = ( GEOMETRIC_REPRESENTATION_CONTEXT(2) 
PARAMETRIC_REPRESENTATION_CONTEXT() REPRESENTATION_CONTEXT('2D SPACE',''
  ) );
#8954 = ORIENTED_EDGE('',*,*,#8955,.T.);
#8955 = EDGE_CURVE('',#8933,#8827,#8956,.T.);
#8956 = SURFACE_CURVE('',#8957,(#8962,#8968),.PCURVE_S1.);
#8957 = CIRCLE('',#8958,2.);
#8958 = AXIS2_PLACEMENT_3D('',#8959,#8960,#8961);
#8959 = CARTESIAN_POINT('',(184.5,125.10173602223,83.970806642137));
#8960 = DIRECTION('',(-9.49098276594E-30,0.970167333993,0.242436268024)
  );
#8961 = DIRECTION('',(-3.826770668744E-16,-0.242436268024,0.970167333993
    ));
#8962 = PCURVE('',#8519,#8963);
#8963 = DEFINITIONAL_REPRESENTATION('',(#8964),#8967);
#8964 = B_SPLINE_CURVE_WITH_KNOTS('',1,(#8965,#8966),.UNSPECIFIED.,.F.,
  .F.,(2,2),(4.712388980385,6.28318530718),.PIECEWISE_BEZIER_KNOTS.);
#8965 = CARTESIAN_POINT('',(-1.570796326795,1.));
#8966 = CARTESIAN_POINT('',(0.,1.));
#8967 = ( GEOMETRIC_REPRESENTATION_CONTEXT(2) 
PARAMETRIC_REPRESENTATION_CONTEXT() REPRESENTATION_CONTEXT('2D SPACE',''
  ) );
#8968 = PCURVE('',#8969,#8974);
#8969 = SPHERICAL_SURFACE('',#8970,2.);
#8970 = AXIS2_PLACEMENT_3D('',#8971,#8972,#8973);
#8971 = CARTESIAN_POINT('',(184.5,125.10173602223,83.970806642137));
#8972 = DIRECTION('',(1.,-9.277479995144E-17,3.712607897497E-16));
#8973 = DIRECTION('',(-5.448070626683E-30,0.970167333993,0.242436268024)
  );
#8974 = DEFINITIONAL_REPRESENTATION('',(#8975),#8978);
#8975 = B_SPLINE_CURVE_WITH_KNOTS('',1,(#8976,#8977),.UNSPECIFIED.,.F.,
  .F.,(2,2),(4.712388980385,6.28318530718),.PIECEWISE_BEZIER_KNOTS.);
#8976 = CARTESIAN_POINT('',(1.570796326795,-1.570796326795));
#8977 = CARTESIAN_POINT('',(1.570796326795,0.));
#8978 = ( GEOMETRIC_REPRESENTATION_CONTEXT(2) 
PARAMETRIC_REPRESENTATION_CONTEXT() REPRESENTATION_CONTEXT('2D SPACE',''
  ) );
#8979 = ORIENTED_EDGE('',*,*,#8854,.F.);
#8980 = ADVANCED_FACE('',(#8981),#8486,.T.);
#8981 = FACE_BOUND('',#8982,.T.);
#8982 = EDGE_LOOP('',(#8983,#8984,#8985,#9011));
#8983 = ORIENTED_EDGE('',*,*,#8470,.F.);
#8984 = ORIENTED_EDGE('',*,*,#8932,.T.);
#8985 = ORIENTED_EDGE('',*,*,#8986,.T.);
#8986 = EDGE_CURVE('',#8933,#8881,#8987,.T.);
#8987 = SURFACE_CURVE('',#8988,(#8992,#8999),.PCURVE_S1.);
#8988 = LINE('',#8989,#8990);
#8989 = CARTESIAN_POINT('',(182.5,124.61686348618,85.911141310123));
#8990 = VECTOR('',#8991,1.);
#8991 = DIRECTION('',(3.826770668744E-16,0.242436268024,-0.970167333993)
  );
#8992 = PCURVE('',#8486,#8993);
#8993 = DEFINITIONAL_REPRESENTATION('',(#8994),#8998);
#8994 = LINE('',#8995,#8996);
#8995 = CARTESIAN_POINT('',(-1.42108547152E-14,-1.));
#8996 = VECTOR('',#8997,1.);
#8997 = DIRECTION('',(1.,0.));
#8998 = ( GEOMETRIC_REPRESENTATION_CONTEXT(2) 
PARAMETRIC_REPRESENTATION_CONTEXT() REPRESENTATION_CONTEXT('2D SPACE',''
  ) );
#8999 = PCURVE('',#9000,#9005);
#9000 = CYLINDRICAL_SURFACE('',#9001,2.);
#9001 = AXIS2_PLACEMENT_3D('',#9002,#9003,#9004);
#9002 = CARTESIAN_POINT('',(184.5,124.61686348618,85.911141310123));
#9003 = DIRECTION('',(3.826770668744E-16,0.242436268024,-0.970167333993)
  );
#9004 = DIRECTION('',(-1.,9.277479995144E-17,-3.712607897497E-16));
#9005 = DEFINITIONAL_REPRESENTATION('',(#9006),#9010);
#9006 = LINE('',#9007,#9008);
#9007 = CARTESIAN_POINT('',(0.,0.));
#9008 = VECTOR('',#9009,1.);
#9009 = DIRECTION('',(0.,1.));
#9010 = ( GEOMETRIC_REPRESENTATION_CONTEXT(2) 
PARAMETRIC_REPRESENTATION_CONTEXT() REPRESENTATION_CONTEXT('2D SPACE',''
  ) );
#9011 = ORIENTED_EDGE('',*,*,#8907,.F.);
#9012 = ADVANCED_FACE('',(#9013),#8626,.T.);
#9013 = FACE_BOUND('',#9014,.T.);
#9014 = EDGE_LOOP('',(#9015,#9016,#9036));
#9015 = ORIENTED_EDGE('',*,*,#8612,.F.);
#9016 = ORIENTED_EDGE('',*,*,#9017,.T.);
#9017 = EDGE_CURVE('',#8590,#8696,#9018,.T.);
#9018 = SURFACE_CURVE('',#9019,(#9024,#9030),.PCURVE_S1.);
#9019 = CIRCLE('',#9020,2.);
#9020 = AXIS2_PLACEMENT_3D('',#9021,#9022,#9023);
#9021 = CARTESIAN_POINT('',(225.5,127.84958002057,72.974644608161));
#9022 = DIRECTION('',(1.,1.373727174279E-14,3.432823160979E-15));
#9023 = DIRECTION('',(-1.415969313897E-14,0.970167333993,0.242436268024)
  );
#9024 = PCURVE('',#8626,#9025);
#9025 = DEFINITIONAL_REPRESENTATION('',(#9026),#9029);
#9026 = B_SPLINE_CURVE_WITH_KNOTS('',1,(#9027,#9028),.UNSPECIFIED.,.F.,
  .F.,(2,2),(4.712388980385,6.28318530718),.PIECEWISE_BEZIER_KNOTS.);
#9027 = CARTESIAN_POINT('',(1.570796326795,-1.570796326795));
#9028 = CARTESIAN_POINT('',(1.570796326795,0.));
#9029 = ( GEOMETRIC_REPRESENTATION_CONTEXT(2) 
PARAMETRIC_REPRESENTATION_CONTEXT() REPRESENTATION_CONTEXT('2D SPACE',''
  ) );
#9030 = PCURVE('',#8808,#9031);
#9031 = DEFINITIONAL_REPRESENTATION('',(#9032),#9035);
#9032 = B_SPLINE_CURVE_WITH_KNOTS('',1,(#9033,#9034),.UNSPECIFIED.,.F.,
  .F.,(2,2),(4.712388980385,6.28318530718),.PIECEWISE_BEZIER_KNOTS.);
#9033 = CARTESIAN_POINT('',(0.,43.));
#9034 = CARTESIAN_POINT('',(1.570796326795,43.));
#9035 = ( GEOMETRIC_REPRESENTATION_CONTEXT(2) 
PARAMETRIC_REPRESENTATION_CONTEXT() REPRESENTATION_CONTEXT('2D SPACE',''
  ) );
#9036 = ORIENTED_EDGE('',*,*,#8695,.F.);
#9037 = ADVANCED_FACE('',(#9038),#8679,.T.);
#9038 = FACE_BOUND('',#9039,.T.);
#9039 = EDGE_LOOP('',(#9040,#9041,#9042));
#9040 = ORIENTED_EDGE('',*,*,#8665,.F.);
#9041 = ORIENTED_EDGE('',*,*,#8747,.T.);
#9042 = ORIENTED_EDGE('',*,*,#9043,.F.);
#9043 = EDGE_CURVE('',#8643,#8720,#9044,.T.);
#9044 = SURFACE_CURVE('',#9045,(#9050,#9057),.PCURVE_S1.);
#9045 = CIRCLE('',#9046,2.);
#9046 = AXIS2_PLACEMENT_3D('',#9047,#9048,#9049);
#9047 = CARTESIAN_POINT('',(225.5,125.10173602223,83.970806642137));
#9048 = DIRECTION('',(-1.,1.224646799147E-16,-4.900720217708E-16));
#9049 = DIRECTION('',(-5.051417467891E-16,-0.242436268024,0.970167333993
    ));
#9050 = PCURVE('',#8679,#9051);
#9051 = DEFINITIONAL_REPRESENTATION('',(#9052),#9056);
#9052 = LINE('',#9053,#9054);
#9053 = CARTESIAN_POINT('',(0.,0.));
#9054 = VECTOR('',#9055,1.);
#9055 = DIRECTION('',(1.,0.));
#9056 = ( GEOMETRIC_REPRESENTATION_CONTEXT(2) 
PARAMETRIC_REPRESENTATION_CONTEXT() REPRESENTATION_CONTEXT('2D SPACE',''
  ) );
#9057 = PCURVE('',#8842,#9058);
#9058 = DEFINITIONAL_REPRESENTATION('',(#9059),#9063);
#9059 = LINE('',#9060,#9061);
#9060 = CARTESIAN_POINT('',(0.,2.));
#9061 = VECTOR('',#9062,1.);
#9062 = DIRECTION('',(1.,0.));
#9063 = ( GEOMETRIC_REPRESENTATION_CONTEXT(2) 
PARAMETRIC_REPRESENTATION_CONTEXT() REPRESENTATION_CONTEXT('2D SPACE',''
  ) );
#9064 = ADVANCED_FACE('',(#9065),#8735,.T.);
#9065 = FACE_BOUND('',#9066,.T.);
#9066 = EDGE_LOOP('',(#9067,#9090,#9091,#9114));
#9067 = ORIENTED_EDGE('',*,*,#9068,.F.);
#9068 = EDGE_CURVE('',#8720,#9069,#9071,.T.);
#9069 = VERTEX_POINT('',#9070);
#9070 = CARTESIAN_POINT('',(184.5,127.04207069021,84.455679178185));
#9071 = SURFACE_CURVE('',#9072,(#9076,#9083),.PCURVE_S1.);
#9072 = LINE('',#9073,#9074);
#9073 = CARTESIAN_POINT('',(227.5,127.04207069021,84.455679178185));
#9074 = VECTOR('',#9075,1.);
#9075 = DIRECTION('',(-1.,0.,0.));
#9076 = PCURVE('',#8735,#9077);
#9077 = DEFINITIONAL_REPRESENTATION('',(#9078),#9082);
#9078 = LINE('',#9079,#9080);
#9079 = CARTESIAN_POINT('',(16.438853672399,3.889999976382));
#9080 = VECTOR('',#9081,1.);
#9081 = DIRECTION('',(0.,-1.));
#9082 = ( GEOMETRIC_REPRESENTATION_CONTEXT(2) 
PARAMETRIC_REPRESENTATION_CONTEXT() REPRESENTATION_CONTEXT('2D SPACE',''
  ) );
#9083 = PCURVE('',#8842,#9084);
#9084 = DEFINITIONAL_REPRESENTATION('',(#9085),#9089);
#9085 = LINE('',#9086,#9087);
#9086 = CARTESIAN_POINT('',(1.570796326795,0.));
#9087 = VECTOR('',#9088,1.);
#9088 = DIRECTION('',(0.,1.));
#9089 = ( GEOMETRIC_REPRESENTATION_CONTEXT(2) 
PARAMETRIC_REPRESENTATION_CONTEXT() REPRESENTATION_CONTEXT('2D SPACE',''
  ) );
#9090 = ORIENTED_EDGE('',*,*,#8719,.F.);
#9091 = ORIENTED_EDGE('',*,*,#9092,.F.);
#9092 = EDGE_CURVE('',#9093,#8696,#9095,.T.);
#9093 = VERTEX_POINT('',#9094);
#9094 = CARTESIAN_POINT('',(184.5,129.78991468856,73.459517144209));
#9095 = SURFACE_CURVE('',#9096,(#9100,#9107),.PCURVE_S1.);
#9096 = LINE('',#9097,#9098);
#9097 = CARTESIAN_POINT('',(182.5,129.78991468856,73.459517144209));
#9098 = VECTOR('',#9099,1.);
#9099 = DIRECTION('',(1.,0.,0.));
#9100 = PCURVE('',#8735,#9101);
#9101 = DEFINITIONAL_REPRESENTATION('',(#9102),#9106);
#9102 = LINE('',#9103,#9104);
#9103 = CARTESIAN_POINT('',(5.104559423673,-41.11000002361));
#9104 = VECTOR('',#9105,1.);
#9105 = DIRECTION('',(0.,1.));
#9106 = ( GEOMETRIC_REPRESENTATION_CONTEXT(2) 
PARAMETRIC_REPRESENTATION_CONTEXT() REPRESENTATION_CONTEXT('2D SPACE',''
  ) );
#9107 = PCURVE('',#8808,#9108);
#9108 = DEFINITIONAL_REPRESENTATION('',(#9109),#9113);
#9109 = LINE('',#9110,#9111);
#9110 = CARTESIAN_POINT('',(1.570796326795,0.));
#9111 = VECTOR('',#9112,1.);
#9112 = DIRECTION('',(0.,1.));
#9113 = ( GEOMETRIC_REPRESENTATION_CONTEXT(2) 
PARAMETRIC_REPRESENTATION_CONTEXT() REPRESENTATION_CONTEXT('2D SPACE',''
  ) );
#9114 = ORIENTED_EDGE('',*,*,#9115,.F.);
#9115 = EDGE_CURVE('',#9069,#9093,#9116,.T.);
#9116 = SURFACE_CURVE('',#9117,(#9121,#9128),.PCURVE_S1.);
#9117 = LINE('',#9118,#9119);
#9118 = CARTESIAN_POINT('',(184.5,126.55719815416,86.396013846171));
#9119 = VECTOR('',#9120,1.);
#9120 = DIRECTION('',(3.826770668744E-16,0.242436268024,-0.970167333993)
  );
#9121 = PCURVE('',#8735,#9122);
#9122 = DEFINITIONAL_REPRESENTATION('',(#9123),#9127);
#9123 = LINE('',#9124,#9125);
#9124 = CARTESIAN_POINT('',(18.438853672399,-39.11000002361));
#9125 = VECTOR('',#9126,1.);
#9126 = DIRECTION('',(-1.,3.826770668744E-16));
#9127 = ( GEOMETRIC_REPRESENTATION_CONTEXT(2) 
PARAMETRIC_REPRESENTATION_CONTEXT() REPRESENTATION_CONTEXT('2D SPACE',''
  ) );
#9128 = PCURVE('',#9000,#9129);
#9129 = DEFINITIONAL_REPRESENTATION('',(#9130),#9134);
#9130 = LINE('',#9131,#9132);
#9131 = CARTESIAN_POINT('',(1.570796326795,0.));
#9132 = VECTOR('',#9133,1.);
#9133 = DIRECTION('',(0.,1.));
#9134 = ( GEOMETRIC_REPRESENTATION_CONTEXT(2) 
PARAMETRIC_REPRESENTATION_CONTEXT() REPRESENTATION_CONTEXT('2D SPACE',''
  ) );
#9135 = ADVANCED_FACE('',(#9136),#8808,.T.);
#9136 = FACE_BOUND('',#9137,.T.);
#9137 = EDGE_LOOP('',(#9138,#9139,#9161,#9162));
#9138 = ORIENTED_EDGE('',*,*,#8794,.F.);
#9139 = ORIENTED_EDGE('',*,*,#9140,.F.);
#9140 = EDGE_CURVE('',#9093,#8772,#9141,.T.);
#9141 = SURFACE_CURVE('',#9142,(#9147,#9154),.PCURVE_S1.);
#9142 = CIRCLE('',#9143,2.);
#9143 = AXIS2_PLACEMENT_3D('',#9144,#9145,#9146);
#9144 = CARTESIAN_POINT('',(184.5,127.84958002057,72.974644608161));
#9145 = DIRECTION('',(-1.,9.277479995144E-17,-3.712607897497E-16));
#9146 = DIRECTION('',(-4.116867849122E-30,0.970167333993,0.242436268024)
  );
#9147 = PCURVE('',#8808,#9148);
#9148 = DEFINITIONAL_REPRESENTATION('',(#9149),#9153);
#9149 = LINE('',#9150,#9151);
#9150 = CARTESIAN_POINT('',(1.570796326795,2.));
#9151 = VECTOR('',#9152,1.);
#9152 = DIRECTION('',(-1.,-0.));
#9153 = ( GEOMETRIC_REPRESENTATION_CONTEXT(2) 
PARAMETRIC_REPRESENTATION_CONTEXT() REPRESENTATION_CONTEXT('2D SPACE',''
  ) );
#9154 = PCURVE('',#8896,#9155);
#9155 = DEFINITIONAL_REPRESENTATION('',(#9156),#9160);
#9156 = LINE('',#9157,#9158);
#9157 = CARTESIAN_POINT('',(-0.,0.));
#9158 = VECTOR('',#9159,1.);
#9159 = DIRECTION('',(-1.,0.));
#9160 = ( GEOMETRIC_REPRESENTATION_CONTEXT(2) 
PARAMETRIC_REPRESENTATION_CONTEXT() REPRESENTATION_CONTEXT('2D SPACE',''
  ) );
#9161 = ORIENTED_EDGE('',*,*,#9092,.T.);
#9162 = ORIENTED_EDGE('',*,*,#9017,.F.);
#9163 = ADVANCED_FACE('',(#9164),#8842,.T.);
#9164 = FACE_BOUND('',#9165,.T.);
#9165 = EDGE_LOOP('',(#9166,#9167,#9168,#9169));
#9166 = ORIENTED_EDGE('',*,*,#8826,.F.);
#9167 = ORIENTED_EDGE('',*,*,#9043,.T.);
#9168 = ORIENTED_EDGE('',*,*,#9068,.T.);
#9169 = ORIENTED_EDGE('',*,*,#9170,.T.);
#9170 = EDGE_CURVE('',#9069,#8827,#9171,.T.);
#9171 = SURFACE_CURVE('',#9172,(#9177,#9184),.PCURVE_S1.);
#9172 = CIRCLE('',#9173,2.);
#9173 = AXIS2_PLACEMENT_3D('',#9174,#9175,#9176);
#9174 = CARTESIAN_POINT('',(184.5,125.10173602223,83.970806642137));
#9175 = DIRECTION('',(1.,-9.277479995144E-17,3.712607897497E-16));
#9176 = DIRECTION('',(-5.448070626683E-30,0.970167333993,0.242436268024)
  );
#9177 = PCURVE('',#8842,#9178);
#9178 = DEFINITIONAL_REPRESENTATION('',(#9179),#9183);
#9179 = LINE('',#9180,#9181);
#9180 = CARTESIAN_POINT('',(1.570796326795,43.));
#9181 = VECTOR('',#9182,1.);
#9182 = DIRECTION('',(-1.,-0.));
#9183 = ( GEOMETRIC_REPRESENTATION_CONTEXT(2) 
PARAMETRIC_REPRESENTATION_CONTEXT() REPRESENTATION_CONTEXT('2D SPACE',''
  ) );
#9184 = PCURVE('',#8969,#9185);
#9185 = DEFINITIONAL_REPRESENTATION('',(#9186),#9190);
#9186 = LINE('',#9187,#9188);
#9187 = CARTESIAN_POINT('',(0.,0.));
#9188 = VECTOR('',#9189,1.);
#9189 = DIRECTION('',(1.,0.));
#9190 = ( GEOMETRIC_REPRESENTATION_CONTEXT(2) 
PARAMETRIC_REPRESENTATION_CONTEXT() REPRESENTATION_CONTEXT('2D SPACE',''
  ) );
#9191 = ADVANCED_FACE('',(#9192),#8896,.T.);
#9192 = FACE_BOUND('',#9193,.F.);
#9193 = EDGE_LOOP('',(#9194,#9214,#9215));
#9194 = ORIENTED_EDGE('',*,*,#9195,.F.);
#9195 = EDGE_CURVE('',#8881,#9093,#9196,.T.);
#9196 = SURFACE_CURVE('',#9197,(#9202,#9208),.PCURVE_S1.);
#9197 = CIRCLE('',#9198,2.);
#9198 = AXIS2_PLACEMENT_3D('',#9199,#9200,#9201);
#9199 = CARTESIAN_POINT('',(184.5,127.84958002057,72.974644608161));
#9200 = DIRECTION('',(3.826770668744E-16,0.242436268024,-0.970167333993)
  );
#9201 = DIRECTION('',(-4.092215945834E-30,0.970167333993,0.242436268024)
  );
#9202 = PCURVE('',#8896,#9203);
#9203 = DEFINITIONAL_REPRESENTATION('',(#9204),#9207);
#9204 = B_SPLINE_CURVE_WITH_KNOTS('',1,(#9205,#9206),.UNSPECIFIED.,.F.,
  .F.,(2,2),(4.712388980385,6.28318530718),.PIECEWISE_BEZIER_KNOTS.);
#9205 = CARTESIAN_POINT('',(0.,-1.570796326795));
#9206 = CARTESIAN_POINT('',(0.,0.));
#9207 = ( GEOMETRIC_REPRESENTATION_CONTEXT(2) 
PARAMETRIC_REPRESENTATION_CONTEXT() REPRESENTATION_CONTEXT('2D SPACE',''
  ) );
#9208 = PCURVE('',#9000,#9209);
#9209 = DEFINITIONAL_REPRESENTATION('',(#9210),#9213);
#9210 = B_SPLINE_CURVE_WITH_KNOTS('',1,(#9211,#9212),.UNSPECIFIED.,.F.,
  .F.,(2,2),(4.712388980385,6.28318530718),.PIECEWISE_BEZIER_KNOTS.);
#9211 = CARTESIAN_POINT('',(0.,13.334294248726));
#9212 = CARTESIAN_POINT('',(1.570796326795,13.334294248726));
#9213 = ( GEOMETRIC_REPRESENTATION_CONTEXT(2) 
PARAMETRIC_REPRESENTATION_CONTEXT() REPRESENTATION_CONTEXT('2D SPACE',''
  ) );
#9214 = ORIENTED_EDGE('',*,*,#8880,.T.);
#9215 = ORIENTED_EDGE('',*,*,#9140,.F.);
#9216 = ADVANCED_FACE('',(#9217),#8969,.T.);
#9217 = FACE_BOUND('',#9218,.T.);
#9218 = EDGE_LOOP('',(#9219,#9239,#9240));
#9219 = ORIENTED_EDGE('',*,*,#9220,.F.);
#9220 = EDGE_CURVE('',#8933,#9069,#9221,.T.);
#9221 = SURFACE_CURVE('',#9222,(#9227,#9233),.PCURVE_S1.);
#9222 = CIRCLE('',#9223,2.);
#9223 = AXIS2_PLACEMENT_3D('',#9224,#9225,#9226);
#9224 = CARTESIAN_POINT('',(184.5,125.10173602223,83.970806642137));
#9225 = DIRECTION('',(3.826770668744E-16,0.242436268024,-0.970167333993)
  );
#9226 = DIRECTION('',(-5.472722529971E-30,0.970167333993,0.242436268024)
  );
#9227 = PCURVE('',#8969,#9228);
#9228 = DEFINITIONAL_REPRESENTATION('',(#9229),#9232);
#9229 = B_SPLINE_CURVE_WITH_KNOTS('',1,(#9230,#9231),.UNSPECIFIED.,.F.,
  .F.,(2,2),(4.712388980385,6.28318530718),.PIECEWISE_BEZIER_KNOTS.);
#9230 = CARTESIAN_POINT('',(0.,-1.570796326795));
#9231 = CARTESIAN_POINT('',(0.,0.));
#9232 = ( GEOMETRIC_REPRESENTATION_CONTEXT(2) 
PARAMETRIC_REPRESENTATION_CONTEXT() REPRESENTATION_CONTEXT('2D SPACE',''
  ) );
#9233 = PCURVE('',#9000,#9234);
#9234 = DEFINITIONAL_REPRESENTATION('',(#9235),#9238);
#9235 = B_SPLINE_CURVE_WITH_KNOTS('',1,(#9236,#9237),.UNSPECIFIED.,.F.,
  .F.,(2,2),(4.712388980385,6.28318530718),.PIECEWISE_BEZIER_KNOTS.);
#9236 = CARTESIAN_POINT('',(0.,2.));
#9237 = CARTESIAN_POINT('',(1.570796326795,2.));
#9238 = ( GEOMETRIC_REPRESENTATION_CONTEXT(2) 
PARAMETRIC_REPRESENTATION_CONTEXT() REPRESENTATION_CONTEXT('2D SPACE',''
  ) );
#9239 = ORIENTED_EDGE('',*,*,#8955,.T.);
#9240 = ORIENTED_EDGE('',*,*,#9170,.F.);
#9241 = ADVANCED_FACE('',(#9242),#9000,.T.);
#9242 = FACE_BOUND('',#9243,.T.);
#9243 = EDGE_LOOP('',(#9244,#9245,#9246,#9247));
#9244 = ORIENTED_EDGE('',*,*,#9220,.T.);
#9245 = ORIENTED_EDGE('',*,*,#9115,.T.);
#9246 = ORIENTED_EDGE('',*,*,#9195,.F.);
#9247 = ORIENTED_EDGE('',*,*,#8986,.F.);
#9248 = ( GEOMETRIC_REPRESENTATION_CONTEXT(3) 
GLOBAL_UNCERTAINTY_ASSIGNED_CONTEXT((#9252)) 
GLOBAL_UNIT_ASSIGNED_CONTEXT((#9249,#9250,#9251)) REPRESENTATION_CONTEXT
('Context #1','3D Context with UNIT and UNCERTAINTY') );
#9249 = ( LENGTH_UNIT() NAMED_UNIT(*) SI_UNIT(.MILLI.,.METRE.) );
#9250 = ( NAMED_UNIT(*) PLANE_ANGLE_UNIT() SI_UNIT($,.RADIAN.) );
#9251 = ( NAMED_UNIT(*) SI_UNIT($,.STERADIAN.) SOLID_ANGLE_UNIT() );
#9252 = UNCERTAINTY_MEASURE_WITH_UNIT(LENGTH_MEASURE(1.E-07),#9249,
  'distance_accuracy_value','confusion accuracy');
#9253 = CONTEXT_DEPENDENT_SHAPE_REPRESENTATION(#9254,#9256);
#9254 = ( REPRESENTATION_RELATIONSHIP('','',#8257,#10) 
REPRESENTATION_RELATIONSHIP_WITH_TRANSFORMATION(#9255) 
SHAPE_REPRESENTATION_RELATIONSHIP() );
#9255 = ITEM_DEFINED_TRANSFORMATION('','',#11,#19);
#9256 = PRODUCT_DEFINITION_SHAPE('Placement','Placement of an item',
  #9257);
#9257 = NEXT_ASSEMBLY_USAGE_OCCURRENCE('6','','',#5,#8252,$);
#9258 = PRODUCT_RELATED_PRODUCT_CATEGORY('part',$,(#8254));
ENDSEC;
END-ISO-10303-21;
