ISO-10303-21;
HEADER;
FILE_DESCRIPTION(('Open CASCADE Model'),'2;1');
FILE_NAME('Open CASCADE Shape Model','2026-07-16T16:47:19',('Author'),(
    'Open CASCADE'),'Open CASCADE STEP processor 8.0','Open CASCADE 8.0'
  ,'Unknown');
FILE_SCHEMA(('AUTOMOTIVE_DESIGN { 1 0 10303 214 1 1 1 1 }'));
ENDSEC;
DATA;
#1 = APPLICATION_PROTOCOL_DEFINITION('international standard',
  'automotive_design',2000,#2);
#2 = APPLICATION_CONTEXT(
  'core data for automotive mechanical design processes');
#3 = SHAPE_DEFINITION_REPRESENTATION(#4,#10);
#4 = PRODUCT_DEFINITION_SHAPE('','',#5);
#5 = PRODUCT_DEFINITION('design','',#6,#9);
#6 = PRODUCT_DEFINITION_FORMATION('','',#7);
#7 = PRODUCT('Open CASCADE STEP translator 8.0 2',
  'Open CASCADE STEP translator 8.0 2','',(#8));
#8 = PRODUCT_CONTEXT('',#2,'mechanical');
#9 = PRODUCT_DEFINITION_CONTEXT('part definition',#2,'design');
#10 = ADVANCED_BREP_SHAPE_REPRESENTATION('',(#11,#15),#1985);
#11 = AXIS2_PLACEMENT_3D('',#12,#13,#14);
#12 = CARTESIAN_POINT('',(0.,0.,0.));
#13 = DIRECTION('',(0.,0.,1.));
#14 = DIRECTION('',(1.,0.,-0.));
#15 = MANIFOLD_SOLID_BREP('',#16);
#16 = CLOSED_SHELL('',(#17,#427,#483,#538,#780,#814,#847,#992,#1137,
    #1170,#1203,#1348,#1493,#1526,#1559,#1648,#1703,#1753,#1780,#1927,
    #1933,#1939,#1945,#1951,#1957));
#17 = ADVANCED_FACE('',(#18,#54),#31,.T.);
#18 = FACE_BOUND('',#19,.T.);
#19 = EDGE_LOOP('',(#20));
#20 = ORIENTED_EDGE('',*,*,#21,.F.);
#21 = EDGE_CURVE('',#22,#22,#24,.T.);
#22 = VERTEX_POINT('',#23);
#23 = CARTESIAN_POINT('',(-13.60998932424,-5.109990136745,
    12.475000140915));
#24 = SURFACE_CURVE('',#25,(#30,#42),.PCURVE_S1.);
#25 = CIRCLE('',#26,16.);
#26 = AXIS2_PLACEMENT_3D('',#27,#28,#29);
#27 = CARTESIAN_POINT('',(2.390010675755,-5.109990136744,12.475000140915
    ));
#28 = DIRECTION('',(1.224646852585E-16,-1.,0.));
#29 = DIRECTION('',(-1.,-1.224646852585E-16,0.));
#30 = PCURVE('',#31,#36);
#31 = PLANE('',#32);
#32 = AXIS2_PLACEMENT_3D('',#33,#34,#35);
#33 = CARTESIAN_POINT('',(105.96471665015,-5.109990136744,
    39.741808655467));
#34 = DIRECTION('',(1.224646852585E-16,-1.,0.));
#35 = DIRECTION('',(-1.,-1.224646852585E-16,0.));
#36 = DEFINITIONAL_REPRESENTATION('',(#37),#41);
#37 = CIRCLE('',#38,16.);
#38 = AXIS2_PLACEMENT_2D('',#39,#40);
#39 = CARTESIAN_POINT('',(103.57470597439,27.266808514552));
#40 = DIRECTION('',(1.,-0.));
#41 = ( GEOMETRIC_REPRESENTATION_CONTEXT(2) 
PARAMETRIC_REPRESENTATION_CONTEXT() REPRESENTATION_CONTEXT('2D SPACE',''
  ) );
#42 = PCURVE('',#43,#48);
#43 = TOROIDAL_SURFACE('',#44,16.,1.);
#44 = AXIS2_PLACEMENT_3D('',#45,#46,#47);
#45 = CARTESIAN_POINT('',(2.390010675755,-4.109990136744,12.475000140915
    ));
#46 = DIRECTION('',(1.224646852585E-16,-1.,0.));
#47 = DIRECTION('',(-1.,-1.224646852585E-16,0.));
#48 = DEFINITIONAL_REPRESENTATION('',(#49),#53);
#49 = LINE('',#50,#51);
#50 = CARTESIAN_POINT('',(0.,1.570796326795));
#51 = VECTOR('',#52,1.);
#52 = DIRECTION('',(1.,0.));
#53 = ( GEOMETRIC_REPRESENTATION_CONTEXT(2) 
PARAMETRIC_REPRESENTATION_CONTEXT() REPRESENTATION_CONTEXT('2D SPACE',''
  ) );
#54 = FACE_BOUND('',#55,.T.);
#55 = EDGE_LOOP('',(#56,#87,#115,#144,#172,#201,#229,#258,#286,#315,#343
    ,#372,#400));
#56 = ORIENTED_EDGE('',*,*,#57,.T.);
#57 = EDGE_CURVE('',#58,#60,#62,.T.);
#58 = VERTEX_POINT('',#59);
#59 = CARTESIAN_POINT('',(-23.60998932424,-5.109990136745,
    12.475000140915));
#60 = VERTEX_POINT('',#61);
#61 = CARTESIAN_POINT('',(-23.6099454541,-5.109990136745,12.427237754783
    ));
#62 = SURFACE_CURVE('',#63,(#68,#75),.PCURVE_S1.);
#63 = CIRCLE('',#64,26.);
#64 = AXIS2_PLACEMENT_3D('',#65,#66,#67);
#65 = CARTESIAN_POINT('',(2.390010675755,-5.109990136744,12.475000140916
    ));
#66 = DIRECTION('',(1.224646852585E-16,-1.,0.));
#67 = DIRECTION('',(-1.,-1.224646852585E-16,0.));
#68 = PCURVE('',#31,#69);
#69 = DEFINITIONAL_REPRESENTATION('',(#70),#74);
#70 = CIRCLE('',#71,26.);
#71 = AXIS2_PLACEMENT_2D('',#72,#73);
#72 = CARTESIAN_POINT('',(103.57470597439,27.266808514552));
#73 = DIRECTION('',(1.,-0.));
#74 = ( GEOMETRIC_REPRESENTATION_CONTEXT(2) 
PARAMETRIC_REPRESENTATION_CONTEXT() REPRESENTATION_CONTEXT('2D SPACE',''
  ) );
#75 = PCURVE('',#76,#81);
#76 = CONICAL_SURFACE('',#77,30.,1.047197551197);
#77 = AXIS2_PLACEMENT_3D('',#78,#79,#80);
#78 = CARTESIAN_POINT('',(2.390010675755,-2.800589059986,12.475000140916
    ));
#79 = DIRECTION('',(-1.224646852585E-16,1.,0.));
#80 = DIRECTION('',(-1.,-1.224646852585E-16,0.));
#81 = DEFINITIONAL_REPRESENTATION('',(#82),#86);
#82 = LINE('',#83,#84);
#83 = CARTESIAN_POINT('',(-0.,-2.309401076758));
#84 = VECTOR('',#85,1.);
#85 = DIRECTION('',(-1.,-0.));
#86 = ( GEOMETRIC_REPRESENTATION_CONTEXT(2) 
PARAMETRIC_REPRESENTATION_CONTEXT() REPRESENTATION_CONTEXT('2D SPACE',''
  ) );
#87 = ORIENTED_EDGE('',*,*,#88,.T.);
#88 = EDGE_CURVE('',#60,#89,#91,.T.);
#89 = VERTEX_POINT('',#90);
#90 = CARTESIAN_POINT('',(-23.52935119575,-5.109990136745,10.42886227317
    ));
#91 = SURFACE_CURVE('',#92,(#96,#103),.PCURVE_S1.);
#92 = LINE('',#93,#94);
#93 = CARTESIAN_POINT('',(-24.15977925187,-5.109990136744,
    26.060645431087));
#94 = VECTOR('',#95,1.);
#95 = DIRECTION('',(4.029712917445E-02,4.934975241171E-18,
    -0.999187740808));
#96 = PCURVE('',#31,#97);
#97 = DEFINITIONAL_REPRESENTATION('',(#98),#102);
#98 = LINE('',#99,#100);
#99 = CARTESIAN_POINT('',(130.12449590202,13.68116322438));
#100 = VECTOR('',#101,1.);
#101 = DIRECTION('',(-4.029712917445E-02,0.999187740808));
#102 = ( GEOMETRIC_REPRESENTATION_CONTEXT(2) 
PARAMETRIC_REPRESENTATION_CONTEXT() REPRESENTATION_CONTEXT('2D SPACE',''
  ) );
#103 = PCURVE('',#104,#109);
#104 = PLANE('',#105);
#105 = AXIS2_PLACEMENT_3D('',#106,#107,#108);
#106 = CARTESIAN_POINT('',(-24.17410526254,-5.109990136744,
    26.415866126091));
#107 = DIRECTION('',(-0.999187740808,-1.223652121922E-16,
    -4.029712917445E-02));
#108 = DIRECTION('',(4.029712917445E-02,4.934975241171E-18,
    -0.999187740808));
#109 = DEFINITIONAL_REPRESENTATION('',(#110),#114);
#110 = LINE('',#111,#112);
#111 = CARTESIAN_POINT('',(0.355509460831,1.789320025377E-18));
#112 = VECTOR('',#113,1.);
#113 = DIRECTION('',(1.,0.));
#114 = ( GEOMETRIC_REPRESENTATION_CONTEXT(2) 
PARAMETRIC_REPRESENTATION_CONTEXT() REPRESENTATION_CONTEXT('2D SPACE',''
  ) );
#115 = ORIENTED_EDGE('',*,*,#116,.T.);
#116 = EDGE_CURVE('',#89,#117,#119,.T.);
#117 = VERTEX_POINT('',#118);
#118 = CARTESIAN_POINT('',(-10.56858555737,-5.109990136745,
    -10.06551413153));
#119 = SURFACE_CURVE('',#120,(#125,#132),.PCURVE_S1.);
#120 = CIRCLE('',#121,26.);
#121 = AXIS2_PLACEMENT_3D('',#122,#123,#124);
#122 = CARTESIAN_POINT('',(2.390010675755,-5.109990136744,
    12.475000140916));
#123 = DIRECTION('',(1.224646852585E-16,-1.,0.));
#124 = DIRECTION('',(-1.,-1.224646852585E-16,0.));
#125 = PCURVE('',#31,#126);
#126 = DEFINITIONAL_REPRESENTATION('',(#127),#131);
#127 = CIRCLE('',#128,26.);
#128 = AXIS2_PLACEMENT_2D('',#129,#130);
#129 = CARTESIAN_POINT('',(103.57470597439,27.266808514552));
#130 = DIRECTION('',(1.,-0.));
#131 = ( GEOMETRIC_REPRESENTATION_CONTEXT(2) 
PARAMETRIC_REPRESENTATION_CONTEXT() REPRESENTATION_CONTEXT('2D SPACE',''
  ) );
#132 = PCURVE('',#133,#138);
#133 = CONICAL_SURFACE('',#134,30.,1.047197551197);
#134 = AXIS2_PLACEMENT_3D('',#135,#136,#137);
#135 = CARTESIAN_POINT('',(2.390010675755,-2.800589059986,
    12.475000140916));
#136 = DIRECTION('',(-1.224646852585E-16,1.,0.));
#137 = DIRECTION('',(-1.,-1.224646852585E-16,0.));
#138 = DEFINITIONAL_REPRESENTATION('',(#139),#143);
#139 = LINE('',#140,#141);
#140 = CARTESIAN_POINT('',(-0.,-2.309401076758));
#141 = VECTOR('',#142,1.);
#142 = DIRECTION('',(-1.,-0.));
#143 = ( GEOMETRIC_REPRESENTATION_CONTEXT(2) 
PARAMETRIC_REPRESENTATION_CONTEXT() REPRESENTATION_CONTEXT('2D SPACE',''
  ) );
#144 = ORIENTED_EDGE('',*,*,#145,.T.);
#145 = EDGE_CURVE('',#117,#146,#148,.T.);
#146 = VERTEX_POINT('',#147);
#147 = CARTESIAN_POINT('',(-8.797684773015,-5.109990136745,
    -10.99488419083));
#148 = SURFACE_CURVE('',#149,(#153,#160),.PCURVE_S1.);
#149 = LINE('',#150,#151);
#150 = CARTESIAN_POINT('',(-20.3890143011,-5.109990136744,
    -4.911745764365));
#151 = VECTOR('',#152,1.);
#152 = DIRECTION('',(0.885470504193,1.084388666017E-16,-0.464695584446)
  );
#153 = PCURVE('',#31,#154);
#154 = DEFINITIONAL_REPRESENTATION('',(#155),#159);
#155 = LINE('',#156,#157);
#156 = CARTESIAN_POINT('',(126.35373095125,44.653554419832));
#157 = VECTOR('',#158,1.);
#158 = DIRECTION('',(-0.885470504193,0.464695584446));
#159 = ( GEOMETRIC_REPRESENTATION_CONTEXT(2) 
PARAMETRIC_REPRESENTATION_CONTEXT() REPRESENTATION_CONTEXT('2D SPACE',''
  ) );
#160 = PCURVE('',#161,#166);
#161 = PLANE('',#162);
#162 = AXIS2_PLACEMENT_3D('',#163,#164,#165);
#163 = CARTESIAN_POINT('',(-22.96519138731,-5.109990136744,
    -3.559766098139));
#164 = DIRECTION('',(-0.464695584446,-5.690879849021E-17,-0.885470504193
    ));
#165 = DIRECTION('',(0.885470504193,1.084388666017E-16,-0.464695584446)
  );
#166 = DEFINITIONAL_REPRESENTATION('',(#167),#171);
#167 = LINE('',#168,#169);
#168 = CARTESIAN_POINT('',(2.909387804573,3.217647506198E-16));
#169 = VECTOR('',#170,1.);
#170 = DIRECTION('',(1.,-2.863907651549E-33));
#171 = ( GEOMETRIC_REPRESENTATION_CONTEXT(2) 
PARAMETRIC_REPRESENTATION_CONTEXT() REPRESENTATION_CONTEXT('2D SPACE',''
  ) );
#172 = ORIENTED_EDGE('',*,*,#173,.T.);
#173 = EDGE_CURVE('',#146,#174,#176,.T.);
#174 = VERTEX_POINT('',#175);
#175 = CARTESIAN_POINT('',(15.431349558582,-5.109990136745,
    -10.0177426919));
#176 = SURFACE_CURVE('',#177,(#182,#189),.PCURVE_S1.);
#177 = CIRCLE('',#178,26.);
#178 = AXIS2_PLACEMENT_3D('',#179,#180,#181);
#179 = CARTESIAN_POINT('',(2.390010675755,-5.109990136744,
    12.475000140916));
#180 = DIRECTION('',(1.224646852585E-16,-1.,0.));
#181 = DIRECTION('',(-1.,-1.224646852585E-16,0.));
#182 = PCURVE('',#31,#183);
#183 = DEFINITIONAL_REPRESENTATION('',(#184),#188);
#184 = CIRCLE('',#185,26.);
#185 = AXIS2_PLACEMENT_2D('',#186,#187);
#186 = CARTESIAN_POINT('',(103.57470597439,27.266808514552));
#187 = DIRECTION('',(1.,-0.));
#188 = ( GEOMETRIC_REPRESENTATION_CONTEXT(2) 
PARAMETRIC_REPRESENTATION_CONTEXT() REPRESENTATION_CONTEXT('2D SPACE',''
  ) );
#189 = PCURVE('',#190,#195);
#190 = CONICAL_SURFACE('',#191,30.,1.047197551197);
#191 = AXIS2_PLACEMENT_3D('',#192,#193,#194);
#192 = CARTESIAN_POINT('',(2.390010675755,-2.800589059986,
    12.475000140916));
#193 = DIRECTION('',(-1.224646852585E-16,1.,0.));
#194 = DIRECTION('',(-1.,-1.224646852585E-16,0.));
#195 = DEFINITIONAL_REPRESENTATION('',(#196),#200);
#196 = LINE('',#197,#198);
#197 = CARTESIAN_POINT('',(-0.,-2.309401076758));
#198 = VECTOR('',#199,1.);
#199 = DIRECTION('',(-1.,-0.));
#200 = ( GEOMETRIC_REPRESENTATION_CONTEXT(2) 
PARAMETRIC_REPRESENTATION_CONTEXT() REPRESENTATION_CONTEXT('2D SPACE',''
  ) );
#201 = ORIENTED_EDGE('',*,*,#202,.T.);
#202 = EDGE_CURVE('',#174,#203,#205,.T.);
#203 = VERTEX_POINT('',#204);
#204 = CARTESIAN_POINT('',(17.121696487391,-5.109990136745,
    -8.948758472998));
#205 = SURFACE_CURVE('',#206,(#210,#217),.PCURVE_S1.);
#206 = LINE('',#207,#208);
#207 = CARTESIAN_POINT('',(6.57630646838,-5.109990136744,-15.61771815244
    ));
#208 = VECTOR('',#209,1.);
#209 = DIRECTION('',(0.845173464405,1.035039023072E-16,0.534492109452));
#210 = PCURVE('',#31,#211);
#211 = DEFINITIONAL_REPRESENTATION('',(#212),#216);
#212 = LINE('',#213,#214);
#213 = CARTESIAN_POINT('',(99.38841018177,55.359526807915));
#214 = VECTOR('',#215,1.);
#215 = DIRECTION('',(-0.845173464405,-0.534492109452));
#216 = ( GEOMETRIC_REPRESENTATION_CONTEXT(2) 
PARAMETRIC_REPRESENTATION_CONTEXT() REPRESENTATION_CONTEXT('2D SPACE',''
  ) );
#217 = PCURVE('',#218,#223);
#218 = PLANE('',#219);
#219 = AXIS2_PLACEMENT_3D('',#220,#221,#222);
#220 = CARTESIAN_POINT('',(3.598921056918,-5.109990136744,
    -17.50063222422));
#221 = DIRECTION('',(0.534492109452,6.545640795719E-17,-0.845173464405)
  );
#222 = DIRECTION('',(0.845173464405,1.035039023072E-16,0.534492109452));
#223 = DEFINITIONAL_REPRESENTATION('',(#224),#228);
#224 = LINE('',#225,#226);
#225 = CARTESIAN_POINT('',(3.522809857217,3.718757066612E-16));
#226 = VECTOR('',#227,1.);
#227 = DIRECTION('',(1.,6.588123895246E-33));
#228 = ( GEOMETRIC_REPRESENTATION_CONTEXT(2) 
PARAMETRIC_REPRESENTATION_CONTEXT() REPRESENTATION_CONTEXT('2D SPACE',''
  ) );
#229 = ORIENTED_EDGE('',*,*,#230,.T.);
#230 = EDGE_CURVE('',#203,#231,#233,.T.);
#231 = VERTEX_POINT('',#232);
#232 = CARTESIAN_POINT('',(28.3899667722,-5.109990136745,12.522780711211
    ));
#233 = SURFACE_CURVE('',#234,(#239,#246),.PCURVE_S1.);
#234 = CIRCLE('',#235,26.);
#235 = AXIS2_PLACEMENT_3D('',#236,#237,#238);
#236 = CARTESIAN_POINT('',(2.390010675755,-5.109990136744,
    12.475000140916));
#237 = DIRECTION('',(1.224646852585E-16,-1.,0.));
#238 = DIRECTION('',(-1.,-1.224646852585E-16,0.));
#239 = PCURVE('',#31,#240);
#240 = DEFINITIONAL_REPRESENTATION('',(#241),#245);
#241 = CIRCLE('',#242,26.);
#242 = AXIS2_PLACEMENT_2D('',#243,#244);
#243 = CARTESIAN_POINT('',(103.57470597439,27.266808514552));
#244 = DIRECTION('',(1.,-0.));
#245 = ( GEOMETRIC_REPRESENTATION_CONTEXT(2) 
PARAMETRIC_REPRESENTATION_CONTEXT() REPRESENTATION_CONTEXT('2D SPACE',''
  ) );
#246 = PCURVE('',#247,#252);
#247 = CONICAL_SURFACE('',#248,30.,1.047197551197);
#248 = AXIS2_PLACEMENT_3D('',#249,#250,#251);
#249 = CARTESIAN_POINT('',(2.390010675755,-2.800589059986,
    12.475000140916));
#250 = DIRECTION('',(-1.224646852585E-16,1.,0.));
#251 = DIRECTION('',(-1.,-1.224646852585E-16,0.));
#252 = DEFINITIONAL_REPRESENTATION('',(#253),#257);
#253 = LINE('',#254,#255);
#254 = CARTESIAN_POINT('',(-0.,-2.309401076758));
#255 = VECTOR('',#256,1.);
#256 = DIRECTION('',(-1.,-0.));
#257 = ( GEOMETRIC_REPRESENTATION_CONTEXT(2) 
PARAMETRIC_REPRESENTATION_CONTEXT() REPRESENTATION_CONTEXT('2D SPACE',''
  ) );
#258 = ORIENTED_EDGE('',*,*,#259,.T.);
#259 = EDGE_CURVE('',#231,#260,#262,.T.);
#260 = VERTEX_POINT('',#261);
#261 = CARTESIAN_POINT('',(28.309374693817,-5.109990136745,
    14.521110817094));
#262 = SURFACE_CURVE('',#263,(#267,#274),.PCURVE_S1.);
#263 = LINE('',#264,#265);
#264 = CARTESIAN_POINT('',(28.950414852498,-5.109990136744,
    -1.373873824926));
#265 = VECTOR('',#266,1.);
#266 = DIRECTION('',(-4.029695447091E-02,-4.934953846157E-18,
    0.999187747853));
#267 = PCURVE('',#31,#268);
#268 = DEFINITIONAL_REPRESENTATION('',(#269),#273);
#269 = LINE('',#270,#271);
#270 = CARTESIAN_POINT('',(77.014301797653,41.115682480393));
#271 = VECTOR('',#272,1.);
#272 = DIRECTION('',(4.029695447091E-02,-0.999187747853));
#273 = ( GEOMETRIC_REPRESENTATION_CONTEXT(2) 
PARAMETRIC_REPRESENTATION_CONTEXT() REPRESENTATION_CONTEXT('2D SPACE',''
  ) );
#274 = PCURVE('',#275,#280);
#275 = PLANE('',#276);
#276 = AXIS2_PLACEMENT_3D('',#277,#278,#279);
#277 = CARTESIAN_POINT('',(28.954124989055,-5.109990136744,
    -1.465868940671));
#278 = DIRECTION('',(0.999187747853,1.22365213055E-16,4.029695447091E-02
    ));
#279 = DIRECTION('',(-4.029695447091E-02,-4.934953846157E-18,
    0.999187747853));
#280 = DEFINITIONAL_REPRESENTATION('',(#281),#285);
#281 = LINE('',#282,#283);
#282 = CARTESIAN_POINT('',(9.206989971906E-02,-4.633963908992E-19));
#283 = VECTOR('',#284,1.);
#284 = DIRECTION('',(1.,0.));
#285 = ( GEOMETRIC_REPRESENTATION_CONTEXT(2) 
PARAMETRIC_REPRESENTATION_CONTEXT() REPRESENTATION_CONTEXT('2D SPACE',''
  ) );
#286 = ORIENTED_EDGE('',*,*,#287,.T.);
#287 = EDGE_CURVE('',#260,#288,#290,.T.);
#288 = VERTEX_POINT('',#289);
#289 = CARTESIAN_POINT('',(15.348685729204,-5.109990136745,
    35.015469099194));
#290 = SURFACE_CURVE('',#291,(#296,#303),.PCURVE_S1.);
#291 = CIRCLE('',#292,26.);
#292 = AXIS2_PLACEMENT_3D('',#293,#294,#295);
#293 = CARTESIAN_POINT('',(2.390010675755,-5.109990136744,
    12.475000140916));
#294 = DIRECTION('',(1.224646852585E-16,-1.,0.));
#295 = DIRECTION('',(-1.,-1.224646852585E-16,0.));
#296 = PCURVE('',#31,#297);
#297 = DEFINITIONAL_REPRESENTATION('',(#298),#302);
#298 = CIRCLE('',#299,26.);
#299 = AXIS2_PLACEMENT_2D('',#300,#301);
#300 = CARTESIAN_POINT('',(103.57470597439,27.266808514552));
#301 = DIRECTION('',(1.,-0.));
#302 = ( GEOMETRIC_REPRESENTATION_CONTEXT(2) 
PARAMETRIC_REPRESENTATION_CONTEXT() REPRESENTATION_CONTEXT('2D SPACE',''
  ) );
#303 = PCURVE('',#304,#309);
#304 = CONICAL_SURFACE('',#305,30.,1.047197551197);
#305 = AXIS2_PLACEMENT_3D('',#306,#307,#308);
#306 = CARTESIAN_POINT('',(2.390010675755,-2.800589059986,
    12.475000140916));
#307 = DIRECTION('',(-1.224646852585E-16,1.,0.));
#308 = DIRECTION('',(-1.,-1.224646852585E-16,0.));
#309 = DEFINITIONAL_REPRESENTATION('',(#310),#314);
#310 = LINE('',#311,#312);
#311 = CARTESIAN_POINT('',(-0.,-2.309401076758));
#312 = VECTOR('',#313,1.);
#313 = DIRECTION('',(-1.,-0.));
#314 = ( GEOMETRIC_REPRESENTATION_CONTEXT(2) 
PARAMETRIC_REPRESENTATION_CONTEXT() REPRESENTATION_CONTEXT('2D SPACE',''
  ) );
#315 = ORIENTED_EDGE('',*,*,#316,.T.);
#316 = EDGE_CURVE('',#288,#317,#319,.T.);
#317 = VERTEX_POINT('',#318);
#318 = CARTESIAN_POINT('',(13.577624054211,-5.109990136745,
    35.944923594012));
#319 = SURFACE_CURVE('',#320,(#324,#331),.PCURVE_S1.);
#320 = LINE('',#321,#322);
#321 = CARTESIAN_POINT('',(23.322047989683,-5.109990136744,
    30.831042607191));
#322 = VECTOR('',#323,1.);
#323 = DIRECTION('',(-0.885470504193,-1.084388666017E-16,0.464695584446)
  );
#324 = PCURVE('',#31,#325);
#325 = DEFINITIONAL_REPRESENTATION('',(#326),#330);
#326 = LINE('',#327,#328);
#327 = CARTESIAN_POINT('',(82.642668660467,8.910766048276));
#328 = VECTOR('',#329,1.);
#329 = DIRECTION('',(0.885470504193,-0.464695584446));
#330 = ( GEOMETRIC_REPRESENTATION_CONTEXT(2) 
PARAMETRIC_REPRESENTATION_CONTEXT() REPRESENTATION_CONTEXT('2D SPACE',''
  ) );
#331 = PCURVE('',#332,#337);
#332 = PLANE('',#333);
#333 = AXIS2_PLACEMENT_3D('',#334,#335,#336);
#334 = CARTESIAN_POINT('',(27.745216476963,-5.109990136744,
    28.509760468977));
#335 = DIRECTION('',(0.464695584446,5.690879849021E-17,0.885470504193));
#336 = DIRECTION('',(-0.885470504193,-1.084388666017E-16,0.464695584446)
  );
#337 = DEFINITIONAL_REPRESENTATION('',(#338),#342);
#338 = LINE('',#339,#340);
#339 = CARTESIAN_POINT('',(4.995274790445,-5.524541433421E-16));
#340 = VECTOR('',#341,1.);
#341 = DIRECTION('',(1.,0.));
#342 = ( GEOMETRIC_REPRESENTATION_CONTEXT(2) 
PARAMETRIC_REPRESENTATION_CONTEXT() REPRESENTATION_CONTEXT('2D SPACE',''
  ) );
#343 = ORIENTED_EDGE('',*,*,#344,.T.);
#344 = EDGE_CURVE('',#317,#345,#347,.T.);
#345 = VERTEX_POINT('',#346);
#346 = CARTESIAN_POINT('',(-10.65135180382,-5.109990136745,
    34.96772929227));
#347 = SURFACE_CURVE('',#348,(#353,#360),.PCURVE_S1.);
#348 = CIRCLE('',#349,26.);
#349 = AXIS2_PLACEMENT_3D('',#350,#351,#352);
#350 = CARTESIAN_POINT('',(2.390010675755,-5.109990136744,
    12.475000140916));
#351 = DIRECTION('',(1.224646852585E-16,-1.,0.));
#352 = DIRECTION('',(-1.,-1.224646852585E-16,0.));
#353 = PCURVE('',#31,#354);
#354 = DEFINITIONAL_REPRESENTATION('',(#355),#359);
#355 = CIRCLE('',#356,26.);
#356 = AXIS2_PLACEMENT_2D('',#357,#358);
#357 = CARTESIAN_POINT('',(103.57470597439,27.266808514552));
#358 = DIRECTION('',(1.,-0.));
#359 = ( GEOMETRIC_REPRESENTATION_CONTEXT(2) 
PARAMETRIC_REPRESENTATION_CONTEXT() REPRESENTATION_CONTEXT('2D SPACE',''
  ) );
#360 = PCURVE('',#361,#366);
#361 = CONICAL_SURFACE('',#362,30.,1.047197551197);
#362 = AXIS2_PLACEMENT_3D('',#363,#364,#365);
#363 = CARTESIAN_POINT('',(2.390010675755,-2.800589059986,
    12.475000140916));
#364 = DIRECTION('',(-1.224646852585E-16,1.,0.));
#365 = DIRECTION('',(-1.,-1.224646852585E-16,0.));
#366 = DEFINITIONAL_REPRESENTATION('',(#367),#371);
#367 = LINE('',#368,#369);
#368 = CARTESIAN_POINT('',(-0.,-2.309401076758));
#369 = VECTOR('',#370,1.);
#370 = DIRECTION('',(-1.,-0.));
#371 = ( GEOMETRIC_REPRESENTATION_CONTEXT(2) 
PARAMETRIC_REPRESENTATION_CONTEXT() REPRESENTATION_CONTEXT('2D SPACE',''
  ) );
#372 = ORIENTED_EDGE('',*,*,#373,.T.);
#373 = EDGE_CURVE('',#345,#374,#376,.T.);
#374 = VERTEX_POINT('',#375);
#375 = CARTESIAN_POINT('',(-12.34166015226,-5.109990136745,
    33.89876905805));
#376 = SURFACE_CURVE('',#377,(#381,#388),.PCURVE_S1.);
#377 = LINE('',#378,#379);
#378 = CARTESIAN_POINT('',(-2.446554107855,-5.109990136744,
    40.156488180489));
#379 = VECTOR('',#380,1.);
#380 = DIRECTION('',(-0.845173370951,-1.035038908624E-16,-0.534492257227
    ));
#381 = PCURVE('',#31,#382);
#382 = DEFINITIONAL_REPRESENTATION('',(#383),#387);
#383 = LINE('',#384,#385);
#384 = CARTESIAN_POINT('',(108.411270758,-0.414679525022));
#385 = VECTOR('',#386,1.);
#386 = DIRECTION('',(0.845173370951,0.534492257227));
#387 = ( GEOMETRIC_REPRESENTATION_CONTEXT(2) 
PARAMETRIC_REPRESENTATION_CONTEXT() REPRESENTATION_CONTEXT('2D SPACE',''
  ) );
#388 = PCURVE('',#389,#394);
#389 = PLANE('',#390);
#390 = AXIS2_PLACEMENT_3D('',#391,#392,#393);
#391 = CARTESIAN_POINT('',(1.181093306451,-5.109990136744,
    42.450632224229));
#392 = DIRECTION('',(-0.534492257227,-6.545642605439E-17,0.845173370951)
  );
#393 = DIRECTION('',(-0.845173370951,-1.035038908624E-16,-0.534492257227
    ));
#394 = DEFINITIONAL_REPRESENTATION('',(#395),#399);
#395 = LINE('',#396,#397);
#396 = CARTESIAN_POINT('',(4.292193222112,-4.530934895157E-16));
#397 = VECTOR('',#398,1.);
#398 = DIRECTION('',(1.,0.));
#399 = ( GEOMETRIC_REPRESENTATION_CONTEXT(2) 
PARAMETRIC_REPRESENTATION_CONTEXT() REPRESENTATION_CONTEXT('2D SPACE',''
  ) );
#400 = ORIENTED_EDGE('',*,*,#401,.T.);
#401 = EDGE_CURVE('',#374,#58,#402,.T.);
#402 = SURFACE_CURVE('',#403,(#408,#415),.PCURVE_S1.);
#403 = CIRCLE('',#404,26.);
#404 = AXIS2_PLACEMENT_3D('',#405,#406,#407);
#405 = CARTESIAN_POINT('',(2.390010675755,-5.109990136744,
    12.475000140916));
#406 = DIRECTION('',(1.224646852585E-16,-1.,0.));
#407 = DIRECTION('',(-1.,-1.224646852585E-16,0.));
#408 = PCURVE('',#31,#409);
#409 = DEFINITIONAL_REPRESENTATION('',(#410),#414);
#410 = CIRCLE('',#411,26.);
#411 = AXIS2_PLACEMENT_2D('',#412,#413);
#412 = CARTESIAN_POINT('',(103.57470597439,27.266808514552));
#413 = DIRECTION('',(1.,-0.));
#414 = ( GEOMETRIC_REPRESENTATION_CONTEXT(2) 
PARAMETRIC_REPRESENTATION_CONTEXT() REPRESENTATION_CONTEXT('2D SPACE',''
  ) );
#415 = PCURVE('',#416,#421);
#416 = CONICAL_SURFACE('',#417,30.,1.047197551197);
#417 = AXIS2_PLACEMENT_3D('',#418,#419,#420);
#418 = CARTESIAN_POINT('',(2.390010675755,-2.800589059986,
    12.475000140916));
#419 = DIRECTION('',(-1.224646852585E-16,1.,0.));
#420 = DIRECTION('',(-1.,-1.224646852585E-16,0.));
#421 = DEFINITIONAL_REPRESENTATION('',(#422),#426);
#422 = LINE('',#423,#424);
#423 = CARTESIAN_POINT('',(-0.,-2.309401076758));
#424 = VECTOR('',#425,1.);
#425 = DIRECTION('',(-1.,-0.));
#426 = ( GEOMETRIC_REPRESENTATION_CONTEXT(2) 
PARAMETRIC_REPRESENTATION_CONTEXT() REPRESENTATION_CONTEXT('2D SPACE',''
  ) );
#427 = ADVANCED_FACE('',(#428),#43,.T.);
#428 = FACE_BOUND('',#429,.T.);
#429 = EDGE_LOOP('',(#430,#454,#455,#456));
#430 = ORIENTED_EDGE('',*,*,#431,.F.);
#431 = EDGE_CURVE('',#22,#432,#434,.T.);
#432 = VERTEX_POINT('',#433);
#433 = CARTESIAN_POINT('',(-12.60998932424,-4.109990136745,
    12.475000140915));
#434 = SEAM_CURVE('',#435,(#440,#447),.PCURVE_S1.);
#435 = CIRCLE('',#436,1.);
#436 = AXIS2_PLACEMENT_3D('',#437,#438,#439);
#437 = CARTESIAN_POINT('',(-13.60998932424,-4.109990136744,
    12.475000140915));
#438 = DIRECTION('',(0.,0.,1.));
#439 = DIRECTION('',(-1.,-1.224646852585E-16,0.));
#440 = PCURVE('',#43,#441);
#441 = DEFINITIONAL_REPRESENTATION('',(#442),#446);
#442 = LINE('',#443,#444);
#443 = CARTESIAN_POINT('',(0.,0.));
#444 = VECTOR('',#445,1.);
#445 = DIRECTION('',(0.,1.));
#446 = ( GEOMETRIC_REPRESENTATION_CONTEXT(2) 
PARAMETRIC_REPRESENTATION_CONTEXT() REPRESENTATION_CONTEXT('2D SPACE',''
  ) );
#447 = PCURVE('',#43,#448);
#448 = DEFINITIONAL_REPRESENTATION('',(#449),#453);
#449 = LINE('',#450,#451);
#450 = CARTESIAN_POINT('',(6.28318530718,0.));
#451 = VECTOR('',#452,1.);
#452 = DIRECTION('',(0.,1.));
#453 = ( GEOMETRIC_REPRESENTATION_CONTEXT(2) 
PARAMETRIC_REPRESENTATION_CONTEXT() REPRESENTATION_CONTEXT('2D SPACE',''
  ) );
#454 = ORIENTED_EDGE('',*,*,#21,.T.);
#455 = ORIENTED_EDGE('',*,*,#431,.T.);
#456 = ORIENTED_EDGE('',*,*,#457,.F.);
#457 = EDGE_CURVE('',#432,#432,#458,.T.);
#458 = SURFACE_CURVE('',#459,(#464,#471),.PCURVE_S1.);
#459 = CIRCLE('',#460,15.);
#460 = AXIS2_PLACEMENT_3D('',#461,#462,#463);
#461 = CARTESIAN_POINT('',(2.390010675755,-4.109990136744,
    12.475000140915));
#462 = DIRECTION('',(1.224646852585E-16,-1.,0.));
#463 = DIRECTION('',(-1.,-1.224646852585E-16,0.));
#464 = PCURVE('',#43,#465);
#465 = DEFINITIONAL_REPRESENTATION('',(#466),#470);
#466 = LINE('',#467,#468);
#467 = CARTESIAN_POINT('',(0.,3.14159265359));
#468 = VECTOR('',#469,1.);
#469 = DIRECTION('',(1.,0.));
#470 = ( GEOMETRIC_REPRESENTATION_CONTEXT(2) 
PARAMETRIC_REPRESENTATION_CONTEXT() REPRESENTATION_CONTEXT('2D SPACE',''
  ) );
#471 = PCURVE('',#472,#477);
#472 = CYLINDRICAL_SURFACE('',#473,15.);
#473 = AXIS2_PLACEMENT_3D('',#474,#475,#476);
#474 = CARTESIAN_POINT('',(2.390010675755,-5.109990136744,
    12.475000140916));
#475 = DIRECTION('',(1.224646852585E-16,-1.,0.));
#476 = DIRECTION('',(-1.,-1.224646852585E-16,0.));
#477 = DEFINITIONAL_REPRESENTATION('',(#478),#482);
#478 = LINE('',#479,#480);
#479 = CARTESIAN_POINT('',(0.,-1.));
#480 = VECTOR('',#481,1.);
#481 = DIRECTION('',(1.,0.));
#482 = ( GEOMETRIC_REPRESENTATION_CONTEXT(2) 
PARAMETRIC_REPRESENTATION_CONTEXT() REPRESENTATION_CONTEXT('2D SPACE',''
  ) );
#483 = ADVANCED_FACE('',(#484),#76,.T.);
#484 = FACE_BOUND('',#485,.T.);
#485 = EDGE_LOOP('',(#486,#487,#510));
#486 = ORIENTED_EDGE('',*,*,#57,.F.);
#487 = ORIENTED_EDGE('',*,*,#488,.F.);
#488 = EDGE_CURVE('',#489,#58,#491,.T.);
#489 = VERTEX_POINT('',#490);
#490 = CARTESIAN_POINT('',(-23.61187170576,-5.10890334327,
    12.475000140916));
#491 = SURFACE_CURVE('',#492,(#496,#503),.PCURVE_S1.);
#492 = LINE('',#493,#494);
#493 = CARTESIAN_POINT('',(-27.60998932424,-2.800589059986,
    12.475000140916));
#494 = VECTOR('',#495,1.);
#495 = DIRECTION('',(0.866025403784,-0.5,0.));
#496 = PCURVE('',#76,#497);
#497 = DEFINITIONAL_REPRESENTATION('',(#498),#502);
#498 = LINE('',#499,#500);
#499 = CARTESIAN_POINT('',(-0.,-0.));
#500 = VECTOR('',#501,1.);
#501 = DIRECTION('',(-0.,-1.));
#502 = ( GEOMETRIC_REPRESENTATION_CONTEXT(2) 
PARAMETRIC_REPRESENTATION_CONTEXT() REPRESENTATION_CONTEXT('2D SPACE',''
  ) );
#503 = PCURVE('',#416,#504);
#504 = DEFINITIONAL_REPRESENTATION('',(#505),#509);
#505 = LINE('',#506,#507);
#506 = CARTESIAN_POINT('',(-6.28318530718,-0.));
#507 = VECTOR('',#508,1.);
#508 = DIRECTION('',(-0.,-1.));
#509 = ( GEOMETRIC_REPRESENTATION_CONTEXT(2) 
PARAMETRIC_REPRESENTATION_CONTEXT() REPRESENTATION_CONTEXT('2D SPACE',''
  ) );
#510 = ORIENTED_EDGE('',*,*,#511,.T.);
#511 = EDGE_CURVE('',#489,#60,#512,.T.);
#512 = SURFACE_CURVE('',#513,(#518,#531),.PCURVE_S1.);
#513 = HYPERBOLA('',#514,15.,25.980762113533);
#514 = AXIS2_PLACEMENT_3D('',#515,#516,#517);
#515 = CARTESIAN_POINT('',(-23.56964832492,-20.12109713567,
    11.428050013976));
#516 = DIRECTION('',(-0.999187740808,-1.223652121922E-16,
    -4.029712917445E-02));
#517 = DIRECTION('',(-1.224646852585E-16,1.,0.));
#518 = PCURVE('',#76,#519);
#519 = DEFINITIONAL_REPRESENTATION('',(#520),#530);
#520 = B_SPLINE_CURVE_WITH_KNOTS('',8,(#521,#522,#523,#524,#525,#526,
    #527,#528,#529),.UNSPECIFIED.,.F.,.F.,(9,9),(-4.031896273135E-02,
    -3.848052056804E-02),.PIECEWISE_BEZIER_KNOTS.);
#521 = CARTESIAN_POINT('',(-1.074291996992E-15,-2.308314283284));
#522 = CARTESIAN_POINT('',(-2.296193583714E-04,-2.308453304044));
#523 = CARTESIAN_POINT('',(-4.592401477003E-04,-2.308591418141));
#524 = CARTESIAN_POINT('',(-6.888633487514E-04,-2.308728626207));
#525 = CARTESIAN_POINT('',(-9.184889431202E-04,-2.308864928207));
#526 = CARTESIAN_POINT('',(-1.148116912363E-03,-2.309000324224));
#527 = CARTESIAN_POINT('',(-1.377747238082E-03,-2.3091348142));
#528 = CARTESIAN_POINT('',(-1.607379901836E-03,-2.309268398187));
#529 = CARTESIAN_POINT('',(-1.837015884467E-03,-2.309401076758));
#530 = ( GEOMETRIC_REPRESENTATION_CONTEXT(2) 
PARAMETRIC_REPRESENTATION_CONTEXT() REPRESENTATION_CONTEXT('2D SPACE',''
  ) );
#531 = PCURVE('',#104,#532);
#532 = DEFINITIONAL_REPRESENTATION('',(#533),#537);
#533 = HYPERBOLA('',#534,15.,25.980762113533);
#534 = AXIS2_PLACEMENT_2D('',#535,#536);
#535 = CARTESIAN_POINT('',(15.,15.01110699893));
#536 = DIRECTION('',(0.,-1.));
#537 = ( GEOMETRIC_REPRESENTATION_CONTEXT(2) 
PARAMETRIC_REPRESENTATION_CONTEXT() REPRESENTATION_CONTEXT('2D SPACE',''
  ) );
#538 = ADVANCED_FACE('',(#539),#104,.T.);
#539 = FACE_BOUND('',#540,.T.);
#540 = EDGE_LOOP('',(#541,#566,#601,#636,#664,#699,#722,#750,#751,#752)
  );
#541 = ORIENTED_EDGE('',*,*,#542,.T.);
#542 = EDGE_CURVE('',#543,#545,#547,.T.);
#543 = VERTEX_POINT('',#544);
#544 = CARTESIAN_POINT('',(-24.17410526254,-2.800589059986,
    26.415866126091));
#545 = VERTEX_POINT('',#546);
#546 = CARTESIAN_POINT('',(-24.17410526254,7.580608786497,
    26.415866126091));
#547 = SURFACE_CURVE('',#548,(#552,#559),.PCURVE_S1.);
#548 = LINE('',#549,#550);
#549 = CARTESIAN_POINT('',(-24.17410526254,-5.109990136744,
    26.415866126091));
#550 = VECTOR('',#551,1.);
#551 = DIRECTION('',(-1.224646852585E-16,1.,0.));
#552 = PCURVE('',#104,#553);
#553 = DEFINITIONAL_REPRESENTATION('',(#554),#558);
#554 = LINE('',#555,#556);
#555 = CARTESIAN_POINT('',(-5.546606178839E-16,0.));
#556 = VECTOR('',#557,1.);
#557 = DIRECTION('',(0.,-1.));
#558 = ( GEOMETRIC_REPRESENTATION_CONTEXT(2) 
PARAMETRIC_REPRESENTATION_CONTEXT() REPRESENTATION_CONTEXT('2D SPACE',''
  ) );
#559 = PCURVE('',#389,#560);
#560 = DEFINITIONAL_REPRESENTATION('',(#561),#565);
#561 = LINE('',#562,#563);
#562 = CARTESIAN_POINT('',(29.999996971586,-3.16686659009E-15));
#563 = VECTOR('',#564,1.);
#564 = DIRECTION('',(0.,-1.));
#565 = ( GEOMETRIC_REPRESENTATION_CONTEXT(2) 
PARAMETRIC_REPRESENTATION_CONTEXT() REPRESENTATION_CONTEXT('2D SPACE',''
  ) );
#566 = ORIENTED_EDGE('',*,*,#567,.F.);
#567 = EDGE_CURVE('',#568,#545,#570,.T.);
#568 = VERTEX_POINT('',#569);
#569 = CARTESIAN_POINT('',(-23.61187170576,9.88892306978,12.475000140915
    ));
#570 = SURFACE_CURVE('',#571,(#576,#583),.PCURVE_S1.);
#571 = HYPERBOLA('',#572,15.,25.980762113533);
#572 = AXIS2_PLACEMENT_3D('',#573,#574,#575);
#573 = CARTESIAN_POINT('',(-23.56964832492,24.901116862186,
    11.428050013976));
#574 = DIRECTION('',(-0.999187740808,-1.223652121922E-16,
    -4.029712917445E-02));
#575 = DIRECTION('',(1.224646852585E-16,-1.,0.));
#576 = PCURVE('',#104,#577);
#577 = DEFINITIONAL_REPRESENTATION('',(#578),#582);
#578 = HYPERBOLA('',#579,15.,25.980762113533);
#579 = AXIS2_PLACEMENT_2D('',#580,#581);
#580 = CARTESIAN_POINT('',(15.,-30.01110699893));
#581 = DIRECTION('',(0.,1.));
#582 = ( GEOMETRIC_REPRESENTATION_CONTEXT(2) 
PARAMETRIC_REPRESENTATION_CONTEXT() REPRESENTATION_CONTEXT('2D SPACE',''
  ) );
#583 = PCURVE('',#584,#589);
#584 = CONICAL_SURFACE('',#585,30.,1.047197551197);
#585 = AXIS2_PLACEMENT_3D('',#586,#587,#588);
#586 = CARTESIAN_POINT('',(2.390010675755,7.580608786497,12.475000140916
    ));
#587 = DIRECTION('',(1.224646852585E-16,-1.,0.));
#588 = DIRECTION('',(-1.,-1.224646852585E-16,0.));
#589 = DEFINITIONAL_REPRESENTATION('',(#590),#600);
#590 = B_SPLINE_CURVE_WITH_KNOTS('',8,(#591,#592,#593,#594,#595,#596,
    #597,#598,#599),.UNSPECIFIED.,.F.,.F.,(9,9),(4.031896273135E-02,
    0.549306144334),.PIECEWISE_BEZIER_KNOTS.);
#591 = CARTESIAN_POINT('',(6.28318530718,-2.308314283284));
#592 = CARTESIAN_POINT('',(6.219613587422,-2.269825414804));
#593 = CARTESIAN_POINT('',(6.156228140318,-2.161886935206));
#594 = CARTESIAN_POINT('',(6.093419820932,-1.984261433687));
#595 = CARTESIAN_POINT('',(6.031571446933,-1.736111760636));
#596 = CARTESIAN_POINT('',(5.971032707363,-1.415997953622));
#597 = CARTESIAN_POINT('',(5.912096741433,-1.021861209728));
#598 = CARTESIAN_POINT('',(5.854994054234,-0.550994792229));
#599 = CARTESIAN_POINT('',(5.799894574873,2.285381904599E-14));
#600 = ( GEOMETRIC_REPRESENTATION_CONTEXT(2) 
PARAMETRIC_REPRESENTATION_CONTEXT() REPRESENTATION_CONTEXT('2D SPACE',''
  ) );
#601 = ORIENTED_EDGE('',*,*,#602,.F.);
#602 = EDGE_CURVE('',#603,#568,#605,.T.);
#603 = VERTEX_POINT('',#604);
#604 = CARTESIAN_POINT('',(-23.6099454541,9.890009863255,12.427237754782
    ));
#605 = SURFACE_CURVE('',#606,(#611,#618),.PCURVE_S1.);
#606 = HYPERBOLA('',#607,15.,25.980762113533);
#607 = AXIS2_PLACEMENT_3D('',#608,#609,#610);
#608 = CARTESIAN_POINT('',(-23.56964832492,24.901116862186,
    11.428050013976));
#609 = DIRECTION('',(-0.999187740808,-1.223652121922E-16,
    -4.029712917445E-02));
#610 = DIRECTION('',(1.224646852585E-16,-1.,0.));
#611 = PCURVE('',#104,#612);
#612 = DEFINITIONAL_REPRESENTATION('',(#613),#617);
#613 = HYPERBOLA('',#614,15.,25.980762113533);
#614 = AXIS2_PLACEMENT_2D('',#615,#616);
#615 = CARTESIAN_POINT('',(15.,-30.01110699893));
#616 = DIRECTION('',(0.,1.));
#617 = ( GEOMETRIC_REPRESENTATION_CONTEXT(2) 
PARAMETRIC_REPRESENTATION_CONTEXT() REPRESENTATION_CONTEXT('2D SPACE',''
  ) );
#618 = PCURVE('',#619,#624);
#619 = CONICAL_SURFACE('',#620,30.,1.047197551197);
#620 = AXIS2_PLACEMENT_3D('',#621,#622,#623);
#621 = CARTESIAN_POINT('',(2.390010675755,7.580608786497,12.475000140916
    ));
#622 = DIRECTION('',(1.224646852585E-16,-1.,0.));
#623 = DIRECTION('',(-1.,-1.224646852585E-16,0.));
#624 = DEFINITIONAL_REPRESENTATION('',(#625),#635);
#625 = B_SPLINE_CURVE_WITH_KNOTS('',8,(#626,#627,#628,#629,#630,#631,
    #632,#633,#634),.UNSPECIFIED.,.F.,.F.,(9,9),(3.848052056804E-02,
    4.031896273135E-02),.PIECEWISE_BEZIER_KNOTS.);
#626 = CARTESIAN_POINT('',(1.837015884467E-03,-2.309401076758));
#627 = CARTESIAN_POINT('',(1.607379901836E-03,-2.309268398187));
#628 = CARTESIAN_POINT('',(1.37774723808E-03,-2.3091348142));
#629 = CARTESIAN_POINT('',(1.148116912368E-03,-2.309000324225));
#630 = CARTESIAN_POINT('',(9.184889431113E-04,-2.308864928209));
#631 = CARTESIAN_POINT('',(6.888633487563E-04,-2.308728626204));
#632 = CARTESIAN_POINT('',(4.59240147698E-04,-2.308591418142));
#633 = CARTESIAN_POINT('',(2.296193583714E-04,-2.308453304044));
#634 = CARTESIAN_POINT('',(1.108262861112E-15,-2.308314283284));
#635 = ( GEOMETRIC_REPRESENTATION_CONTEXT(2) 
PARAMETRIC_REPRESENTATION_CONTEXT() REPRESENTATION_CONTEXT('2D SPACE',''
  ) );
#636 = ORIENTED_EDGE('',*,*,#637,.T.);
#637 = EDGE_CURVE('',#603,#638,#640,.T.);
#638 = VERTEX_POINT('',#639);
#639 = CARTESIAN_POINT('',(-23.52935119575,9.890009863255,
    10.428862273169));
#640 = SURFACE_CURVE('',#641,(#645,#652),.PCURVE_S1.);
#641 = LINE('',#642,#643);
#642 = CARTESIAN_POINT('',(-24.15977925187,9.890009863256,
    26.060645431087));
#643 = VECTOR('',#644,1.);
#644 = DIRECTION('',(4.029712917445E-02,4.934975241171E-18,
    -0.999187740808));
#645 = PCURVE('',#104,#646);
#646 = DEFINITIONAL_REPRESENTATION('',(#647),#651);
#647 = LINE('',#648,#649);
#648 = CARTESIAN_POINT('',(0.355509460831,-15.));
#649 = VECTOR('',#650,1.);
#650 = DIRECTION('',(1.,0.));
#651 = ( GEOMETRIC_REPRESENTATION_CONTEXT(2) 
PARAMETRIC_REPRESENTATION_CONTEXT() REPRESENTATION_CONTEXT('2D SPACE',''
  ) );
#652 = PCURVE('',#653,#658);
#653 = PLANE('',#654);
#654 = AXIS2_PLACEMENT_3D('',#655,#656,#657);
#655 = CARTESIAN_POINT('',(105.96471665015,9.890009863256,
    39.741808655467));
#656 = DIRECTION('',(1.224646852585E-16,-1.,0.));
#657 = DIRECTION('',(-1.,-1.224646852585E-16,0.));
#658 = DEFINITIONAL_REPRESENTATION('',(#659),#663);
#659 = LINE('',#660,#661);
#660 = CARTESIAN_POINT('',(130.12449590202,13.68116322438));
#661 = VECTOR('',#662,1.);
#662 = DIRECTION('',(-4.029712917445E-02,0.999187740808));
#663 = ( GEOMETRIC_REPRESENTATION_CONTEXT(2) 
PARAMETRIC_REPRESENTATION_CONTEXT() REPRESENTATION_CONTEXT('2D SPACE',''
  ) );
#664 = ORIENTED_EDGE('',*,*,#665,.F.);
#665 = EDGE_CURVE('',#666,#638,#668,.T.);
#666 = VERTEX_POINT('',#667);
#667 = CARTESIAN_POINT('',(-22.96519138731,7.580608786497,
    -3.559766098139));
#668 = SURFACE_CURVE('',#669,(#674,#681),.PCURVE_S1.);
#669 = HYPERBOLA('',#670,15.,25.980762113533);
#670 = AXIS2_PLACEMENT_3D('',#671,#672,#673);
#671 = CARTESIAN_POINT('',(-23.56964832492,24.901116862186,
    11.428050013976));
#672 = DIRECTION('',(-0.999187740808,-1.223652121922E-16,
    -4.029712917445E-02));
#673 = DIRECTION('',(1.224646852585E-16,-1.,0.));
#674 = PCURVE('',#104,#675);
#675 = DEFINITIONAL_REPRESENTATION('',(#676),#680);
#676 = HYPERBOLA('',#677,15.,25.980762113533);
#677 = AXIS2_PLACEMENT_2D('',#678,#679);
#678 = CARTESIAN_POINT('',(15.,-30.01110699893));
#679 = DIRECTION('',(0.,1.));
#680 = ( GEOMETRIC_REPRESENTATION_CONTEXT(2) 
PARAMETRIC_REPRESENTATION_CONTEXT() REPRESENTATION_CONTEXT('2D SPACE',''
  ) );
#681 = PCURVE('',#682,#687);
#682 = CONICAL_SURFACE('',#683,30.,1.047197551197);
#683 = AXIS2_PLACEMENT_3D('',#684,#685,#686);
#684 = CARTESIAN_POINT('',(2.390010675755,7.580608786497,12.475000140916
    ));
#685 = DIRECTION('',(1.224646852585E-16,-1.,0.));
#686 = DIRECTION('',(-1.,-1.224646852585E-16,0.));
#687 = DEFINITIONAL_REPRESENTATION('',(#688),#698);
#688 = B_SPLINE_CURVE_WITH_KNOTS('',8,(#689,#690,#691,#692,#693,#694,
    #695,#696,#697),.UNSPECIFIED.,.F.,.F.,(9,9),(-0.549306144334,
    -3.848052056801E-02),.PIECEWISE_BEZIER_KNOTS.);
#689 = CARTESIAN_POINT('',(0.56390681889,2.460228570722E-14));
#690 = CARTESIAN_POINT('',(0.508608322327,-0.552984964246));
#691 = CARTESIAN_POINT('',(0.451292120769,-1.02526166722));
#692 = CARTESIAN_POINT('',(0.392129991283,-1.420265771064));
#693 = CARTESIAN_POINT('',(0.331355167024,-1.74073092196));
#694 = CARTESIAN_POINT('',(0.269264432326,-1.988733581506));
#695 = CARTESIAN_POINT('',(0.20621189848,-2.165722594382));
#696 = CARTESIAN_POINT('',(0.142585028237,-2.272535411443));
#697 = CARTESIAN_POINT('',(7.877907069904E-02,-2.309401076759));
#698 = ( GEOMETRIC_REPRESENTATION_CONTEXT(2) 
PARAMETRIC_REPRESENTATION_CONTEXT() REPRESENTATION_CONTEXT('2D SPACE',''
  ) );
#699 = ORIENTED_EDGE('',*,*,#700,.F.);
#700 = EDGE_CURVE('',#701,#666,#703,.T.);
#701 = VERTEX_POINT('',#702);
#702 = CARTESIAN_POINT('',(-22.96519138731,-2.800589059986,
    -3.559766098139));
#703 = SURFACE_CURVE('',#704,(#708,#715),.PCURVE_S1.);
#704 = LINE('',#705,#706);
#705 = CARTESIAN_POINT('',(-22.96519138731,-5.109990136744,
    -3.559766098139));
#706 = VECTOR('',#707,1.);
#707 = DIRECTION('',(-1.224646852585E-16,1.,0.));
#708 = PCURVE('',#104,#709);
#709 = DEFINITIONAL_REPRESENTATION('',(#710),#714);
#710 = LINE('',#711,#712);
#711 = CARTESIAN_POINT('',(30.,1.509934521457E-16));
#712 = VECTOR('',#713,1.);
#713 = DIRECTION('',(0.,-1.));
#714 = ( GEOMETRIC_REPRESENTATION_CONTEXT(2) 
PARAMETRIC_REPRESENTATION_CONTEXT() REPRESENTATION_CONTEXT('2D SPACE',''
  ) );
#715 = PCURVE('',#161,#716);
#716 = DEFINITIONAL_REPRESENTATION('',(#717),#721);
#717 = LINE('',#718,#719);
#718 = CARTESIAN_POINT('',(1.65093035934E-15,-2.189528850508E-47));
#719 = VECTOR('',#720,1.);
#720 = DIRECTION('',(0.,-1.));
#721 = ( GEOMETRIC_REPRESENTATION_CONTEXT(2) 
PARAMETRIC_REPRESENTATION_CONTEXT() REPRESENTATION_CONTEXT('2D SPACE',''
  ) );
#722 = ORIENTED_EDGE('',*,*,#723,.F.);
#723 = EDGE_CURVE('',#89,#701,#724,.T.);
#724 = SURFACE_CURVE('',#725,(#730,#737),.PCURVE_S1.);
#725 = HYPERBOLA('',#726,15.,25.980762113533);
#726 = AXIS2_PLACEMENT_3D('',#727,#728,#729);
#727 = CARTESIAN_POINT('',(-23.56964832492,-20.12109713567,
    11.428050013976));
#728 = DIRECTION('',(-0.999187740808,-1.223652121922E-16,
    -4.029712917445E-02));
#729 = DIRECTION('',(-1.224646852585E-16,1.,0.));
#730 = PCURVE('',#104,#731);
#731 = DEFINITIONAL_REPRESENTATION('',(#732),#736);
#732 = HYPERBOLA('',#733,15.,25.980762113533);
#733 = AXIS2_PLACEMENT_2D('',#734,#735);
#734 = CARTESIAN_POINT('',(15.,15.01110699893));
#735 = DIRECTION('',(0.,-1.));
#736 = ( GEOMETRIC_REPRESENTATION_CONTEXT(2) 
PARAMETRIC_REPRESENTATION_CONTEXT() REPRESENTATION_CONTEXT('2D SPACE',''
  ) );
#737 = PCURVE('',#133,#738);
#738 = DEFINITIONAL_REPRESENTATION('',(#739),#749);
#739 = B_SPLINE_CURVE_WITH_KNOTS('',8,(#740,#741,#742,#743,#744,#745,
    #746,#747,#748),.UNSPECIFIED.,.F.,.F.,(9,9),(3.848052056801E-02,
    0.549306144334),.PIECEWISE_BEZIER_KNOTS.);
#740 = CARTESIAN_POINT('',(-7.877907069904E-02,-2.309401076759));
#741 = CARTESIAN_POINT('',(-0.142585028237,-2.272535411443));
#742 = CARTESIAN_POINT('',(-0.20621189848,-2.165722594382));
#743 = CARTESIAN_POINT('',(-0.269264432327,-1.988733581509));
#744 = CARTESIAN_POINT('',(-0.331355167023,-1.740730921963));
#745 = CARTESIAN_POINT('',(-0.392129991283,-1.420265771067));
#746 = CARTESIAN_POINT('',(-0.451292120769,-1.02526166722));
#747 = CARTESIAN_POINT('',(-0.508608322327,-0.552984964246));
#748 = CARTESIAN_POINT('',(-0.56390681889,1.977720122097E-14));
#749 = ( GEOMETRIC_REPRESENTATION_CONTEXT(2) 
PARAMETRIC_REPRESENTATION_CONTEXT() REPRESENTATION_CONTEXT('2D SPACE',''
  ) );
#750 = ORIENTED_EDGE('',*,*,#88,.F.);
#751 = ORIENTED_EDGE('',*,*,#511,.F.);
#752 = ORIENTED_EDGE('',*,*,#753,.F.);
#753 = EDGE_CURVE('',#543,#489,#754,.T.);
#754 = SURFACE_CURVE('',#755,(#760,#767),.PCURVE_S1.);
#755 = HYPERBOLA('',#756,15.,25.980762113533);
#756 = AXIS2_PLACEMENT_3D('',#757,#758,#759);
#757 = CARTESIAN_POINT('',(-23.56964832492,-20.12109713567,
    11.428050013976));
#758 = DIRECTION('',(-0.999187740808,-1.223652121922E-16,
    -4.029712917445E-02));
#759 = DIRECTION('',(-1.224646852585E-16,1.,0.));
#760 = PCURVE('',#104,#761);
#761 = DEFINITIONAL_REPRESENTATION('',(#762),#766);
#762 = HYPERBOLA('',#763,15.,25.980762113533);
#763 = AXIS2_PLACEMENT_2D('',#764,#765);
#764 = CARTESIAN_POINT('',(15.,15.01110699893));
#765 = DIRECTION('',(0.,-1.));
#766 = ( GEOMETRIC_REPRESENTATION_CONTEXT(2) 
PARAMETRIC_REPRESENTATION_CONTEXT() REPRESENTATION_CONTEXT('2D SPACE',''
  ) );
#767 = PCURVE('',#416,#768);
#768 = DEFINITIONAL_REPRESENTATION('',(#769),#779);
#769 = B_SPLINE_CURVE_WITH_KNOTS('',8,(#770,#771,#772,#773,#774,#775,
    #776,#777,#778),.UNSPECIFIED.,.F.,.F.,(9,9),(-0.549306144334,
    -4.031896273135E-02),.PIECEWISE_BEZIER_KNOTS.);
#770 = CARTESIAN_POINT('',(-5.799894574873,2.512141193426E-15));
#771 = CARTESIAN_POINT('',(-5.854994054234,-0.550994792229));
#772 = CARTESIAN_POINT('',(-5.912096741424,-1.021861209727));
#773 = CARTESIAN_POINT('',(-5.971032707388,-1.415997953629));
#774 = CARTESIAN_POINT('',(-6.031571446849,-1.73611176062));
#775 = CARTESIAN_POINT('',(-6.093419820969,-1.984261433696));
#776 = CARTESIAN_POINT('',(-6.156228140308,-2.161886935205));
#777 = CARTESIAN_POINT('',(-6.219613587422,-2.269825414804));
#778 = CARTESIAN_POINT('',(-6.28318530718,-2.308314283284));
#779 = ( GEOMETRIC_REPRESENTATION_CONTEXT(2) 
PARAMETRIC_REPRESENTATION_CONTEXT() REPRESENTATION_CONTEXT('2D SPACE',''
  ) );
#780 = ADVANCED_FACE('',(#781),#416,.T.);
#781 = FACE_BOUND('',#782,.T.);
#782 = EDGE_LOOP('',(#783,#784,#812,#813));
#783 = ORIENTED_EDGE('',*,*,#401,.F.);
#784 = ORIENTED_EDGE('',*,*,#785,.T.);
#785 = EDGE_CURVE('',#374,#543,#786,.T.);
#786 = SURFACE_CURVE('',#787,(#792,#805),.PCURVE_S1.);
#787 = HYPERBOLA('',#788,15.000000504736,25.980762987761);
#788 = AXIS2_PLACEMENT_3D('',#789,#790,#791);
#789 = CARTESIAN_POINT('',(-11.49650597804,-20.12109713567,
    34.43324917516));
#790 = DIRECTION('',(-0.534492257227,-6.545642605439E-17,0.845173370951)
  );
#791 = DIRECTION('',(-1.224646852585E-16,1.,-6.162975822039E-33));
#792 = PCURVE('',#416,#793);
#793 = DEFINITIONAL_REPRESENTATION('',(#794),#804);
#794 = B_SPLINE_CURVE_WITH_KNOTS('',8,(#795,#796,#797,#798,#799,#800,
    #801,#802,#803),.UNSPECIFIED.,.F.,.F.,(9,9),(3.847964568301E-02,
    0.549306077036),.PIECEWISE_BEZIER_KNOTS.);
#795 = CARTESIAN_POINT('',(-5.314766010726,-2.309401076758));
#796 = CARTESIAN_POINT('',(-5.378572071285,-2.272536190505));
#797 = CARTESIAN_POINT('',(-5.442199048037,-2.165723931342));
#798 = CARTESIAN_POINT('',(-5.505251689985,-1.988735259314));
#799 = CARTESIAN_POINT('',(-5.567342532158,-1.740732723831));
#800 = CARTESIAN_POINT('',(-5.628117461551,-1.420267476688));
#801 = CARTESIAN_POINT('',(-5.687279691932,-1.025263048862));
#802 = CARTESIAN_POINT('',(-5.744595989026,-0.552985782662));
#803 = CARTESIAN_POINT('',(-5.799894574873,2.14028248464E-14));
#804 = ( GEOMETRIC_REPRESENTATION_CONTEXT(2) 
PARAMETRIC_REPRESENTATION_CONTEXT() REPRESENTATION_CONTEXT('2D SPACE',''
  ) );
#805 = PCURVE('',#389,#806);
#806 = DEFINITIONAL_REPRESENTATION('',(#807),#811);
#807 = HYPERBOLA('',#808,15.000000504736,25.980762987761);
#808 = AXIS2_PLACEMENT_2D('',#809,#810);
#809 = CARTESIAN_POINT('',(14.999998485793,15.01110699893));
#810 = DIRECTION('',(0.,-1.));
#811 = ( GEOMETRIC_REPRESENTATION_CONTEXT(2) 
PARAMETRIC_REPRESENTATION_CONTEXT() REPRESENTATION_CONTEXT('2D SPACE',''
  ) );
#812 = ORIENTED_EDGE('',*,*,#753,.T.);
#813 = ORIENTED_EDGE('',*,*,#488,.T.);
#814 = ADVANCED_FACE('',(#815),#133,.T.);
#815 = FACE_BOUND('',#816,.T.);
#816 = EDGE_LOOP('',(#817,#818,#819));
#817 = ORIENTED_EDGE('',*,*,#116,.F.);
#818 = ORIENTED_EDGE('',*,*,#723,.T.);
#819 = ORIENTED_EDGE('',*,*,#820,.T.);
#820 = EDGE_CURVE('',#701,#117,#821,.T.);
#821 = SURFACE_CURVE('',#822,(#827,#840),.PCURVE_S1.);
#822 = HYPERBOLA('',#823,15.000000504736,25.980762987761);
#823 = AXIS2_PLACEMENT_3D('',#824,#825,#826);
#824 = CARTESIAN_POINT('',(-9.683135165196,-20.12109713567,
    -10.53019916118));
#825 = DIRECTION('',(-0.464695584446,-5.690879849021E-17,-0.885470504193
    ));
#826 = DIRECTION('',(-1.224646852585E-16,1.,-6.162975822039E-33));
#827 = PCURVE('',#133,#828);
#828 = DEFINITIONAL_REPRESENTATION('',(#829),#839);
#829 = B_SPLINE_CURVE_WITH_KNOTS('',8,(#830,#831,#832,#833,#834,#835,
    #836,#837,#838),.UNSPECIFIED.,.F.,.F.,(9,9),(-0.549306077036,
    -3.847964568301E-02),.PIECEWISE_BEZIER_KNOTS.);
#830 = CARTESIAN_POINT('',(-0.56390681889,3.302900364286E-15));
#831 = CARTESIAN_POINT('',(-0.619205404738,-0.552985782662));
#832 = CARTESIAN_POINT('',(-0.676521701824,-1.025263048858));
#833 = CARTESIAN_POINT('',(-0.735683932229,-1.420267476692));
#834 = CARTESIAN_POINT('',(-0.796458861543,-1.740732723816));
#835 = CARTESIAN_POINT('',(-0.858549703804,-1.988735259316));
#836 = CARTESIAN_POINT('',(-0.921602345718,-2.165723931338));
#837 = CARTESIAN_POINT('',(-0.985229322478,-2.272536190505));
#838 = CARTESIAN_POINT('',(-1.049035383037,-2.309401076759));
#839 = ( GEOMETRIC_REPRESENTATION_CONTEXT(2) 
PARAMETRIC_REPRESENTATION_CONTEXT() REPRESENTATION_CONTEXT('2D SPACE',''
  ) );
#840 = PCURVE('',#161,#841);
#841 = DEFINITIONAL_REPRESENTATION('',(#842),#846);
#842 = HYPERBOLA('',#843,15.000000504736,25.980762987761);
#843 = AXIS2_PLACEMENT_2D('',#844,#845);
#844 = CARTESIAN_POINT('',(14.999998485793,15.01110699893));
#845 = DIRECTION('',(2.863907651549E-33,-1.));
#846 = ( GEOMETRIC_REPRESENTATION_CONTEXT(2) 
PARAMETRIC_REPRESENTATION_CONTEXT() REPRESENTATION_CONTEXT('2D SPACE',''
  ) );
#847 = ADVANCED_FACE('',(#848),#389,.T.);
#848 = FACE_BOUND('',#849,.T.);
#849 = EDGE_LOOP('',(#850,#875,#910,#933,#961,#962,#963,#964));
#850 = ORIENTED_EDGE('',*,*,#851,.T.);
#851 = EDGE_CURVE('',#852,#854,#856,.T.);
#852 = VERTEX_POINT('',#853);
#853 = CARTESIAN_POINT('',(1.181093306451,-2.800589059986,
    42.450632224229));
#854 = VERTEX_POINT('',#855);
#855 = CARTESIAN_POINT('',(1.181093306451,7.580608786497,42.450632224229
    ));
#856 = SURFACE_CURVE('',#857,(#861,#868),.PCURVE_S1.);
#857 = LINE('',#858,#859);
#858 = CARTESIAN_POINT('',(1.181093306451,-5.109990136744,
    42.450632224229));
#859 = VECTOR('',#860,1.);
#860 = DIRECTION('',(-1.224646852585E-16,1.,0.));
#861 = PCURVE('',#389,#862);
#862 = DEFINITIONAL_REPRESENTATION('',(#863),#867);
#863 = LINE('',#864,#865);
#864 = CARTESIAN_POINT('',(9.494489767312E-16,0.));
#865 = VECTOR('',#866,1.);
#866 = DIRECTION('',(0.,-1.));
#867 = ( GEOMETRIC_REPRESENTATION_CONTEXT(2) 
PARAMETRIC_REPRESENTATION_CONTEXT() REPRESENTATION_CONTEXT('2D SPACE',''
  ) );
#868 = PCURVE('',#332,#869);
#869 = DEFINITIONAL_REPRESENTATION('',(#870),#874);
#870 = LINE('',#871,#872);
#871 = CARTESIAN_POINT('',(30.000009085241,-3.317861381949E-15));
#872 = VECTOR('',#873,1.);
#873 = DIRECTION('',(0.,-1.));
#874 = ( GEOMETRIC_REPRESENTATION_CONTEXT(2) 
PARAMETRIC_REPRESENTATION_CONTEXT() REPRESENTATION_CONTEXT('2D SPACE',''
  ) );
#875 = ORIENTED_EDGE('',*,*,#876,.F.);
#876 = EDGE_CURVE('',#877,#854,#879,.T.);
#877 = VERTEX_POINT('',#878);
#878 = CARTESIAN_POINT('',(-10.65135180382,9.890009863255,34.96772929227
    ));
#879 = SURFACE_CURVE('',#880,(#885,#892),.PCURVE_S1.);
#880 = HYPERBOLA('',#881,15.000000504736,25.980762987761);
#881 = AXIS2_PLACEMENT_3D('',#882,#883,#884);
#882 = CARTESIAN_POINT('',(-11.49650597804,24.901116862186,
    34.43324917516));
#883 = DIRECTION('',(-0.534492257227,-6.545642605439E-17,0.845173370951)
  );
#884 = DIRECTION('',(1.224646852585E-16,-1.,6.162975822039E-33));
#885 = PCURVE('',#389,#886);
#886 = DEFINITIONAL_REPRESENTATION('',(#887),#891);
#887 = HYPERBOLA('',#888,15.000000504736,25.980762987761);
#888 = AXIS2_PLACEMENT_2D('',#889,#890);
#889 = CARTESIAN_POINT('',(14.999998485793,-30.01110699893));
#890 = DIRECTION('',(0.,1.));
#891 = ( GEOMETRIC_REPRESENTATION_CONTEXT(2) 
PARAMETRIC_REPRESENTATION_CONTEXT() REPRESENTATION_CONTEXT('2D SPACE',''
  ) );
#892 = PCURVE('',#893,#898);
#893 = CONICAL_SURFACE('',#894,30.,1.047197551197);
#894 = AXIS2_PLACEMENT_3D('',#895,#896,#897);
#895 = CARTESIAN_POINT('',(2.390010675755,7.580608786497,12.475000140916
    ));
#896 = DIRECTION('',(1.224646852585E-16,-1.,0.));
#897 = DIRECTION('',(-1.,-1.224646852585E-16,0.));
#898 = DEFINITIONAL_REPRESENTATION('',(#899),#909);
#899 = B_SPLINE_CURVE_WITH_KNOTS('',8,(#900,#901,#902,#903,#904,#905,
    #906,#907,#908),.UNSPECIFIED.,.F.,.F.,(9,9),(3.8479645683E-02,
    0.549306077036),.PIECEWISE_BEZIER_KNOTS.);
#900 = CARTESIAN_POINT('',(5.237825704387,-2.309401076758));
#901 = CARTESIAN_POINT('',(5.174019643828,-2.272536190505));
#902 = CARTESIAN_POINT('',(5.110392667056,-2.165723931339));
#903 = CARTESIAN_POINT('',(5.047340025172,-1.98873525932));
#904 = CARTESIAN_POINT('',(4.985249182868,-1.740732723824));
#905 = CARTESIAN_POINT('',(4.924474253599,-1.420267476698));
#906 = CARTESIAN_POINT('',(4.865312023164,-1.025263048861));
#907 = CARTESIAN_POINT('',(4.807995726088,-0.552985782662));
#908 = CARTESIAN_POINT('',(4.75269714024,2.967156451848E-14));
#909 = ( GEOMETRIC_REPRESENTATION_CONTEXT(2) 
PARAMETRIC_REPRESENTATION_CONTEXT() REPRESENTATION_CONTEXT('2D SPACE',''
  ) );
#910 = ORIENTED_EDGE('',*,*,#911,.T.);
#911 = EDGE_CURVE('',#877,#912,#914,.T.);
#912 = VERTEX_POINT('',#913);
#913 = CARTESIAN_POINT('',(-12.34166015226,9.890009863255,33.89876905805
    ));
#914 = SURFACE_CURVE('',#915,(#919,#926),.PCURVE_S1.);
#915 = LINE('',#916,#917);
#916 = CARTESIAN_POINT('',(-2.446554107855,9.890009863256,
    40.156488180489));
#917 = VECTOR('',#918,1.);
#918 = DIRECTION('',(-0.845173370951,-1.035038908624E-16,-0.534492257227
    ));
#919 = PCURVE('',#389,#920);
#920 = DEFINITIONAL_REPRESENTATION('',(#921),#925);
#921 = LINE('',#922,#923);
#922 = CARTESIAN_POINT('',(4.292193222112,-15.));
#923 = VECTOR('',#924,1.);
#924 = DIRECTION('',(1.,0.));
#925 = ( GEOMETRIC_REPRESENTATION_CONTEXT(2) 
PARAMETRIC_REPRESENTATION_CONTEXT() REPRESENTATION_CONTEXT('2D SPACE',''
  ) );
#926 = PCURVE('',#653,#927);
#927 = DEFINITIONAL_REPRESENTATION('',(#928),#932);
#928 = LINE('',#929,#930);
#929 = CARTESIAN_POINT('',(108.411270758,-0.414679525022));
#930 = VECTOR('',#931,1.);
#931 = DIRECTION('',(0.845173370951,0.534492257227));
#932 = ( GEOMETRIC_REPRESENTATION_CONTEXT(2) 
PARAMETRIC_REPRESENTATION_CONTEXT() REPRESENTATION_CONTEXT('2D SPACE',''
  ) );
#933 = ORIENTED_EDGE('',*,*,#934,.F.);
#934 = EDGE_CURVE('',#545,#912,#935,.T.);
#935 = SURFACE_CURVE('',#936,(#941,#948),.PCURVE_S1.);
#936 = HYPERBOLA('',#937,15.000000504736,25.980762987761);
#937 = AXIS2_PLACEMENT_3D('',#938,#939,#940);
#938 = CARTESIAN_POINT('',(-11.49650597804,24.901116862186,
    34.43324917516));
#939 = DIRECTION('',(-0.534492257227,-6.545642605439E-17,0.845173370951)
  );
#940 = DIRECTION('',(1.224646852585E-16,-1.,6.162975822039E-33));
#941 = PCURVE('',#389,#942);
#942 = DEFINITIONAL_REPRESENTATION('',(#943),#947);
#943 = HYPERBOLA('',#944,15.000000504736,25.980762987761);
#944 = AXIS2_PLACEMENT_2D('',#945,#946);
#945 = CARTESIAN_POINT('',(14.999998485793,-30.01110699893));
#946 = DIRECTION('',(0.,1.));
#947 = ( GEOMETRIC_REPRESENTATION_CONTEXT(2) 
PARAMETRIC_REPRESENTATION_CONTEXT() REPRESENTATION_CONTEXT('2D SPACE',''
  ) );
#948 = PCURVE('',#584,#949);
#949 = DEFINITIONAL_REPRESENTATION('',(#950),#960);
#950 = B_SPLINE_CURVE_WITH_KNOTS('',8,(#951,#952,#953,#954,#955,#956,
    #957,#958,#959),.UNSPECIFIED.,.F.,.F.,(9,9),(-0.549306077036,
    -3.847964568301E-02),.PIECEWISE_BEZIER_KNOTS.);
#951 = CARTESIAN_POINT('',(5.799894574873,2.21288655331E-14));
#952 = CARTESIAN_POINT('',(5.744595989026,-0.552985782662));
#953 = CARTESIAN_POINT('',(5.687279691937,-1.025263048861));
#954 = CARTESIAN_POINT('',(5.628117461525,-1.420267476696));
#955 = CARTESIAN_POINT('',(5.567342532198,-1.740732723825));
#956 = CARTESIAN_POINT('',(5.505251689945,-1.988735259322));
#957 = CARTESIAN_POINT('',(5.442199048044,-2.165723931341));
#958 = CARTESIAN_POINT('',(5.378572071285,-2.272536190505));
#959 = CARTESIAN_POINT('',(5.314766010726,-2.309401076758));
#960 = ( GEOMETRIC_REPRESENTATION_CONTEXT(2) 
PARAMETRIC_REPRESENTATION_CONTEXT() REPRESENTATION_CONTEXT('2D SPACE',''
  ) );
#961 = ORIENTED_EDGE('',*,*,#542,.F.);
#962 = ORIENTED_EDGE('',*,*,#785,.F.);
#963 = ORIENTED_EDGE('',*,*,#373,.F.);
#964 = ORIENTED_EDGE('',*,*,#965,.F.);
#965 = EDGE_CURVE('',#852,#345,#966,.T.);
#966 = SURFACE_CURVE('',#967,(#972,#979),.PCURVE_S1.);
#967 = HYPERBOLA('',#968,15.000000504736,25.980762987761);
#968 = AXIS2_PLACEMENT_3D('',#969,#970,#971);
#969 = CARTESIAN_POINT('',(-11.49650597804,-20.12109713567,
    34.43324917516));
#970 = DIRECTION('',(-0.534492257227,-6.545642605439E-17,0.845173370951)
  );
#971 = DIRECTION('',(-1.224646852585E-16,1.,-6.162975822039E-33));
#972 = PCURVE('',#389,#973);
#973 = DEFINITIONAL_REPRESENTATION('',(#974),#978);
#974 = HYPERBOLA('',#975,15.000000504736,25.980762987761);
#975 = AXIS2_PLACEMENT_2D('',#976,#977);
#976 = CARTESIAN_POINT('',(14.999998485793,15.01110699893));
#977 = DIRECTION('',(0.,-1.));
#978 = ( GEOMETRIC_REPRESENTATION_CONTEXT(2) 
PARAMETRIC_REPRESENTATION_CONTEXT() REPRESENTATION_CONTEXT('2D SPACE',''
  ) );
#979 = PCURVE('',#361,#980);
#980 = DEFINITIONAL_REPRESENTATION('',(#981),#991);
#981 = B_SPLINE_CURVE_WITH_KNOTS('',8,(#982,#983,#984,#985,#986,#987,
    #988,#989,#990),.UNSPECIFIED.,.F.,.F.,(9,9),(-0.549306077036,
    -3.847964568303E-02),.PIECEWISE_BEZIER_KNOTS.);
#982 = CARTESIAN_POINT('',(-4.75269714024,2.98207158672E-14));
#983 = CARTESIAN_POINT('',(-4.807995726088,-0.552985782662));
#984 = CARTESIAN_POINT('',(-4.865312023174,-1.025263048862));
#985 = CARTESIAN_POINT('',(-4.924474253563,-1.420267476691));
#986 = CARTESIAN_POINT('',(-4.985249182893,-1.740732723836));
#987 = CARTESIAN_POINT('',(-5.047340025139,-1.98873525931));
#988 = CARTESIAN_POINT('',(-5.110392667068,-2.16572393134));
#989 = CARTESIAN_POINT('',(-5.174019643828,-2.272536190505));
#990 = CARTESIAN_POINT('',(-5.237825704387,-2.309401076758));
#991 = ( GEOMETRIC_REPRESENTATION_CONTEXT(2) 
PARAMETRIC_REPRESENTATION_CONTEXT() REPRESENTATION_CONTEXT('2D SPACE',''
  ) );
#992 = ADVANCED_FACE('',(#993),#161,.T.);
#993 = FACE_BOUND('',#994,.T.);
#994 = EDGE_LOOP('',(#995,#996,#1026,#1049,#1084,#1107,#1135,#1136));
#995 = ORIENTED_EDGE('',*,*,#700,.T.);
#996 = ORIENTED_EDGE('',*,*,#997,.F.);
#997 = EDGE_CURVE('',#998,#666,#1000,.T.);
#998 = VERTEX_POINT('',#999);
#999 = CARTESIAN_POINT('',(-10.56858555737,9.890009863255,
    -10.06551413153));
#1000 = SURFACE_CURVE('',#1001,(#1006,#1013),.PCURVE_S1.);
#1001 = HYPERBOLA('',#1002,15.000000504736,25.980762987761);
#1002 = AXIS2_PLACEMENT_3D('',#1003,#1004,#1005);
#1003 = CARTESIAN_POINT('',(-9.683135165196,24.901116862186,
    -10.53019916118));
#1004 = DIRECTION('',(-0.464695584446,-5.690879849021E-17,
    -0.885470504193));
#1005 = DIRECTION('',(1.224646852585E-16,-1.,6.162975822039E-33));
#1006 = PCURVE('',#161,#1007);
#1007 = DEFINITIONAL_REPRESENTATION('',(#1008),#1012);
#1008 = HYPERBOLA('',#1009,15.000000504736,25.980762987761);
#1009 = AXIS2_PLACEMENT_2D('',#1010,#1011);
#1010 = CARTESIAN_POINT('',(14.999998485793,-30.01110699893));
#1011 = DIRECTION('',(-2.863907651549E-33,1.));
#1012 = ( GEOMETRIC_REPRESENTATION_CONTEXT(2) 
PARAMETRIC_REPRESENTATION_CONTEXT() REPRESENTATION_CONTEXT('2D SPACE',''
  ) );
#1013 = PCURVE('',#682,#1014);
#1014 = DEFINITIONAL_REPRESENTATION('',(#1015),#1025);
#1015 = B_SPLINE_CURVE_WITH_KNOTS('',8,(#1016,#1017,#1018,#1019,#1020,
    #1021,#1022,#1023,#1024),.UNSPECIFIED.,.F.,.F.,(9,9),(
    3.847964568304E-02,0.549306077036),.PIECEWISE_BEZIER_KNOTS.);
#1016 = CARTESIAN_POINT('',(1.049035383037,-2.309401076758));
#1017 = CARTESIAN_POINT('',(0.985229322478,-2.272536190505));
#1018 = CARTESIAN_POINT('',(0.921602345719,-2.165723931338));
#1019 = CARTESIAN_POINT('',(0.858549703798,-1.988735259316));
#1020 = CARTESIAN_POINT('',(0.79645886155,-1.740732723818));
#1021 = CARTESIAN_POINT('',(0.735683932224,-1.420267476692));
#1022 = CARTESIAN_POINT('',(0.676521701824,-1.025263048858));
#1023 = CARTESIAN_POINT('',(0.619205404738,-0.552985782662));
#1024 = CARTESIAN_POINT('',(0.56390681889,1.736460332793E-14));
#1025 = ( GEOMETRIC_REPRESENTATION_CONTEXT(2) 
PARAMETRIC_REPRESENTATION_CONTEXT() REPRESENTATION_CONTEXT('2D SPACE',''
  ) );
#1026 = ORIENTED_EDGE('',*,*,#1027,.T.);
#1027 = EDGE_CURVE('',#998,#1028,#1030,.T.);
#1028 = VERTEX_POINT('',#1029);
#1029 = CARTESIAN_POINT('',(-8.797684773015,9.890009863255,
    -10.99488419083));
#1030 = SURFACE_CURVE('',#1031,(#1035,#1042),.PCURVE_S1.);
#1031 = LINE('',#1032,#1033);
#1032 = CARTESIAN_POINT('',(-20.3890143011,9.890009863256,
    -4.911745764365));
#1033 = VECTOR('',#1034,1.);
#1034 = DIRECTION('',(0.885470504193,1.084388666017E-16,-0.464695584446)
  );
#1035 = PCURVE('',#161,#1036);
#1036 = DEFINITIONAL_REPRESENTATION('',(#1037),#1041);
#1037 = LINE('',#1038,#1039);
#1038 = CARTESIAN_POINT('',(2.909387804573,-15.));
#1039 = VECTOR('',#1040,1.);
#1040 = DIRECTION('',(1.,-2.863907651549E-33));
#1041 = ( GEOMETRIC_REPRESENTATION_CONTEXT(2) 
PARAMETRIC_REPRESENTATION_CONTEXT() REPRESENTATION_CONTEXT('2D SPACE',''
  ) );
#1042 = PCURVE('',#653,#1043);
#1043 = DEFINITIONAL_REPRESENTATION('',(#1044),#1048);
#1044 = LINE('',#1045,#1046);
#1045 = CARTESIAN_POINT('',(126.35373095125,44.653554419832));
#1046 = VECTOR('',#1047,1.);
#1047 = DIRECTION('',(-0.885470504193,0.464695584446));
#1048 = ( GEOMETRIC_REPRESENTATION_CONTEXT(2) 
PARAMETRIC_REPRESENTATION_CONTEXT() REPRESENTATION_CONTEXT('2D SPACE',''
  ) );
#1049 = ORIENTED_EDGE('',*,*,#1050,.F.);
#1050 = EDGE_CURVE('',#1051,#1028,#1053,.T.);
#1051 = VERTEX_POINT('',#1052);
#1052 = CARTESIAN_POINT('',(3.598921056918,7.580608786497,
    -17.50063222422));
#1053 = SURFACE_CURVE('',#1054,(#1059,#1066),.PCURVE_S1.);
#1054 = HYPERBOLA('',#1055,15.000000504736,25.980762987761);
#1055 = AXIS2_PLACEMENT_3D('',#1056,#1057,#1058);
#1056 = CARTESIAN_POINT('',(-9.683135165196,24.901116862186,
    -10.53019916118));
#1057 = DIRECTION('',(-0.464695584446,-5.690879849021E-17,
    -0.885470504193));
#1058 = DIRECTION('',(1.224646852585E-16,-1.,6.162975822039E-33));
#1059 = PCURVE('',#161,#1060);
#1060 = DEFINITIONAL_REPRESENTATION('',(#1061),#1065);
#1061 = HYPERBOLA('',#1062,15.000000504736,25.980762987761);
#1062 = AXIS2_PLACEMENT_2D('',#1063,#1064);
#1063 = CARTESIAN_POINT('',(14.999998485793,-30.01110699893));
#1064 = DIRECTION('',(-2.863907651549E-33,1.));
#1065 = ( GEOMETRIC_REPRESENTATION_CONTEXT(2) 
PARAMETRIC_REPRESENTATION_CONTEXT() REPRESENTATION_CONTEXT('2D SPACE',''
  ) );
#1066 = PCURVE('',#1067,#1072);
#1067 = CONICAL_SURFACE('',#1068,30.,1.047197551197);
#1068 = AXIS2_PLACEMENT_3D('',#1069,#1070,#1071);
#1069 = CARTESIAN_POINT('',(2.390010675755,7.580608786497,
    12.475000140916));
#1070 = DIRECTION('',(1.224646852585E-16,-1.,0.));
#1071 = DIRECTION('',(-1.,-1.224646852585E-16,0.));
#1072 = DEFINITIONAL_REPRESENTATION('',(#1073),#1083);
#1073 = B_SPLINE_CURVE_WITH_KNOTS('',8,(#1074,#1075,#1076,#1077,#1078,
    #1079,#1080,#1081,#1082),.UNSPECIFIED.,.F.,.F.,(9,9),(
    -0.549306077036,-3.847964568306E-02),.PIECEWISE_BEZIER_KNOTS.);
#1074 = CARTESIAN_POINT('',(1.611104253523,-1.312210905757E-15));
#1075 = CARTESIAN_POINT('',(1.555805667676,-0.552985782662));
#1076 = CARTESIAN_POINT('',(1.498489370589,-1.025263048862));
#1077 = CARTESIAN_POINT('',(1.439327140183,-1.420267476688));
#1078 = CARTESIAN_POINT('',(1.378552210866,-1.740732723829));
#1079 = CARTESIAN_POINT('',(1.316461368607,-1.988735259313));
#1080 = CARTESIAN_POINT('',(1.253408726695,-2.165723931341));
#1081 = CARTESIAN_POINT('',(1.189781749935,-2.272536190505));
#1082 = CARTESIAN_POINT('',(1.125975689376,-2.309401076758));
#1083 = ( GEOMETRIC_REPRESENTATION_CONTEXT(2) 
PARAMETRIC_REPRESENTATION_CONTEXT() REPRESENTATION_CONTEXT('2D SPACE',''
  ) );
#1084 = ORIENTED_EDGE('',*,*,#1085,.F.);
#1085 = EDGE_CURVE('',#1086,#1051,#1088,.T.);
#1086 = VERTEX_POINT('',#1087);
#1087 = CARTESIAN_POINT('',(3.598921056918,-2.800589059986,
    -17.50063222422));
#1088 = SURFACE_CURVE('',#1089,(#1093,#1100),.PCURVE_S1.);
#1089 = LINE('',#1090,#1091);
#1090 = CARTESIAN_POINT('',(3.598921056918,-5.109990136744,
    -17.50063222422));
#1091 = VECTOR('',#1092,1.);
#1092 = DIRECTION('',(-1.224646852585E-16,1.,0.));
#1093 = PCURVE('',#161,#1094);
#1094 = DEFINITIONAL_REPRESENTATION('',(#1095),#1099);
#1095 = LINE('',#1096,#1097);
#1096 = CARTESIAN_POINT('',(29.999996971586,3.317860042235E-15));
#1097 = VECTOR('',#1098,1.);
#1098 = DIRECTION('',(0.,-1.));
#1099 = ( GEOMETRIC_REPRESENTATION_CONTEXT(2) 
PARAMETRIC_REPRESENTATION_CONTEXT() REPRESENTATION_CONTEXT('2D SPACE',''
  ) );
#1100 = PCURVE('',#218,#1101);
#1101 = DEFINITIONAL_REPRESENTATION('',(#1102),#1106);
#1102 = LINE('',#1103,#1104);
#1103 = CARTESIAN_POINT('',(0.,0.));
#1104 = VECTOR('',#1105,1.);
#1105 = DIRECTION('',(1.232595164408E-32,-1.));
#1106 = ( GEOMETRIC_REPRESENTATION_CONTEXT(2) 
PARAMETRIC_REPRESENTATION_CONTEXT() REPRESENTATION_CONTEXT('2D SPACE',''
  ) );
#1107 = ORIENTED_EDGE('',*,*,#1108,.F.);
#1108 = EDGE_CURVE('',#146,#1086,#1109,.T.);
#1109 = SURFACE_CURVE('',#1110,(#1115,#1122),.PCURVE_S1.);
#1110 = HYPERBOLA('',#1111,15.000000504736,25.980762987761);
#1111 = AXIS2_PLACEMENT_3D('',#1112,#1113,#1114);
#1112 = CARTESIAN_POINT('',(-9.683135165196,-20.12109713567,
    -10.53019916118));
#1113 = DIRECTION('',(-0.464695584446,-5.690879849021E-17,
    -0.885470504193));
#1114 = DIRECTION('',(-1.224646852585E-16,1.,-6.162975822039E-33));
#1115 = PCURVE('',#161,#1116);
#1116 = DEFINITIONAL_REPRESENTATION('',(#1117),#1121);
#1117 = HYPERBOLA('',#1118,15.000000504736,25.980762987761);
#1118 = AXIS2_PLACEMENT_2D('',#1119,#1120);
#1119 = CARTESIAN_POINT('',(14.999998485793,15.01110699893));
#1120 = DIRECTION('',(2.863907651549E-33,-1.));
#1121 = ( GEOMETRIC_REPRESENTATION_CONTEXT(2) 
PARAMETRIC_REPRESENTATION_CONTEXT() REPRESENTATION_CONTEXT('2D SPACE',''
  ) );
#1122 = PCURVE('',#190,#1123);
#1123 = DEFINITIONAL_REPRESENTATION('',(#1124),#1134);
#1124 = B_SPLINE_CURVE_WITH_KNOTS('',8,(#1125,#1126,#1127,#1128,#1129,
    #1130,#1131,#1132,#1133),.UNSPECIFIED.,.F.,.F.,(9,9),(
    3.847964568306E-02,0.549306077036),.PIECEWISE_BEZIER_KNOTS.);
#1125 = CARTESIAN_POINT('',(-1.125975689376,-2.309401076758));
#1126 = CARTESIAN_POINT('',(-1.189781749935,-2.272536190505));
#1127 = CARTESIAN_POINT('',(-1.253408726696,-2.165723931339));
#1128 = CARTESIAN_POINT('',(-1.316461368599,-1.988735259311));
#1129 = CARTESIAN_POINT('',(-1.378552210874,-1.740732723825));
#1130 = CARTESIAN_POINT('',(-1.439327140176,-1.420267476691));
#1131 = CARTESIAN_POINT('',(-1.49848937059,-1.02526304886));
#1132 = CARTESIAN_POINT('',(-1.555805667676,-0.552985782662));
#1133 = CARTESIAN_POINT('',(-1.611104253523,7.700829466913E-17));
#1134 = ( GEOMETRIC_REPRESENTATION_CONTEXT(2) 
PARAMETRIC_REPRESENTATION_CONTEXT() REPRESENTATION_CONTEXT('2D SPACE',''
  ) );
#1135 = ORIENTED_EDGE('',*,*,#145,.F.);
#1136 = ORIENTED_EDGE('',*,*,#820,.F.);
#1137 = ADVANCED_FACE('',(#1138),#361,.T.);
#1138 = FACE_BOUND('',#1139,.T.);
#1139 = EDGE_LOOP('',(#1140,#1141,#1169));
#1140 = ORIENTED_EDGE('',*,*,#344,.F.);
#1141 = ORIENTED_EDGE('',*,*,#1142,.T.);
#1142 = EDGE_CURVE('',#317,#852,#1143,.T.);
#1143 = SURFACE_CURVE('',#1144,(#1149,#1162),.PCURVE_S1.);
#1144 = HYPERBOLA('',#1145,14.999998485793,25.980759490849);
#1145 = AXIS2_PLACEMENT_3D('',#1146,#1147,#1148);
#1146 = CARTESIAN_POINT('',(14.463154891707,-20.12109713567,
    35.480196346603));
#1147 = DIRECTION('',(0.464695584446,5.690879849021E-17,0.885470504193)
  );
#1148 = DIRECTION('',(-1.224646852585E-16,1.,0.));
#1149 = PCURVE('',#361,#1150);
#1150 = DEFINITIONAL_REPRESENTATION('',(#1151),#1161);
#1151 = B_SPLINE_CURVE_WITH_KNOTS('',8,(#1152,#1153,#1154,#1155,#1156,
    #1157,#1158,#1159,#1160),.UNSPECIFIED.,.F.,.F.,(9,9),(
    3.848314510459E-02,0.549306346228),.PIECEWISE_BEZIER_KNOTS.);
#1152 = CARTESIAN_POINT('',(-4.267571839798,-2.309401076759));
#1153 = CARTESIAN_POINT('',(-4.331377488289,-2.272533074379));
#1154 = CARTESIAN_POINT('',(-4.395004038994,-2.165718583713));
#1155 = CARTESIAN_POINT('',(-4.458056248652,-1.98872854835));
#1156 = CARTESIAN_POINT('',(-4.520146660674,-1.740725516621));
#1157 = CARTESIAN_POINT('',(-4.580921169785,-1.420260654459));
#1158 = CARTESIAN_POINT('',(-4.64008299653,-1.025257522508));
#1159 = CARTESIAN_POINT('',(-4.697398911518,-0.552982509125));
#1160 = CARTESIAN_POINT('',(-4.75269714024,-4.11793168363E-15));
#1161 = ( GEOMETRIC_REPRESENTATION_CONTEXT(2) 
PARAMETRIC_REPRESENTATION_CONTEXT() REPRESENTATION_CONTEXT('2D SPACE',''
  ) );
#1162 = PCURVE('',#332,#1163);
#1163 = DEFINITIONAL_REPRESENTATION('',(#1164),#1168);
#1164 = HYPERBOLA('',#1165,14.999998485793,25.980759490849);
#1165 = AXIS2_PLACEMENT_2D('',#1166,#1167);
#1166 = CARTESIAN_POINT('',(15.000004542621,15.01110699893));
#1167 = DIRECTION('',(0.,-1.));
#1168 = ( GEOMETRIC_REPRESENTATION_CONTEXT(2) 
PARAMETRIC_REPRESENTATION_CONTEXT() REPRESENTATION_CONTEXT('2D SPACE',''
  ) );
#1169 = ORIENTED_EDGE('',*,*,#965,.T.);
#1170 = ADVANCED_FACE('',(#1171),#190,.T.);
#1171 = FACE_BOUND('',#1172,.T.);
#1172 = EDGE_LOOP('',(#1173,#1174,#1175));
#1173 = ORIENTED_EDGE('',*,*,#173,.F.);
#1174 = ORIENTED_EDGE('',*,*,#1108,.T.);
#1175 = ORIENTED_EDGE('',*,*,#1176,.T.);
#1176 = EDGE_CURVE('',#1086,#174,#1177,.T.);
#1177 = SURFACE_CURVE('',#1178,(#1183,#1196),.PCURVE_S1.);
#1178 = HYPERBOLA('',#1179,15.,25.980762113533);
#1179 = AXIS2_PLACEMENT_3D('',#1180,#1181,#1182);
#1180 = CARTESIAN_POINT('',(16.276523022986,-20.12109713567,
    -9.48325058245));
#1181 = DIRECTION('',(0.534492109452,6.545640795719E-17,-0.845173464405)
  );
#1182 = DIRECTION('',(-1.224646852585E-16,1.,-1.848892746612E-32));
#1183 = PCURVE('',#190,#1184);
#1184 = DEFINITIONAL_REPRESENTATION('',(#1185),#1195);
#1185 = B_SPLINE_CURVE_WITH_KNOTS('',8,(#1186,#1187,#1188,#1189,#1190,
    #1191,#1192,#1193,#1194),.UNSPECIFIED.,.F.,.F.,(9,9),(
    -0.549306144334,-3.848052056807E-02),.PIECEWISE_BEZIER_KNOTS.);
#1186 = CARTESIAN_POINT('',(-1.611104253523,-4.992271585509E-15));
#1187 = CARTESIAN_POINT('',(-1.666402750086,-0.552984964246));
#1188 = CARTESIAN_POINT('',(-1.723718951644,-1.025261667216));
#1189 = CARTESIAN_POINT('',(-1.782881081124,-1.42026577107));
#1190 = CARTESIAN_POINT('',(-1.843655905392,-1.740730921942));
#1191 = CARTESIAN_POINT('',(-1.905746640083,-1.988733581516));
#1192 = CARTESIAN_POINT('',(-1.968799173933,-2.165722594379));
#1193 = CARTESIAN_POINT('',(-2.032426044176,-2.272535411443));
#1194 = CARTESIAN_POINT('',(-2.096232001714,-2.309401076758));
#1195 = ( GEOMETRIC_REPRESENTATION_CONTEXT(2) 
PARAMETRIC_REPRESENTATION_CONTEXT() REPRESENTATION_CONTEXT('2D SPACE',''
  ) );
#1196 = PCURVE('',#218,#1197);
#1197 = DEFINITIONAL_REPRESENTATION('',(#1198),#1202);
#1198 = HYPERBOLA('',#1199,15.,25.980762113533);
#1199 = AXIS2_PLACEMENT_2D('',#1200,#1201);
#1200 = CARTESIAN_POINT('',(15.,15.01110699893));
#1201 = DIRECTION('',(5.737827748832E-33,-1.));
#1202 = ( GEOMETRIC_REPRESENTATION_CONTEXT(2) 
PARAMETRIC_REPRESENTATION_CONTEXT() REPRESENTATION_CONTEXT('2D SPACE',''
  ) );
#1203 = ADVANCED_FACE('',(#1204),#332,.T.);
#1204 = FACE_BOUND('',#1205,.T.);
#1205 = EDGE_LOOP('',(#1206,#1231,#1266,#1289,#1317,#1318,#1319,#1320));
#1206 = ORIENTED_EDGE('',*,*,#1207,.T.);
#1207 = EDGE_CURVE('',#1208,#1210,#1212,.T.);
#1208 = VERTEX_POINT('',#1209);
#1209 = CARTESIAN_POINT('',(27.745216476963,-2.800589059986,
    28.509760468977));
#1210 = VERTEX_POINT('',#1211);
#1211 = CARTESIAN_POINT('',(27.745216476963,7.580608786497,
    28.509760468977));
#1212 = SURFACE_CURVE('',#1213,(#1217,#1224),.PCURVE_S1.);
#1213 = LINE('',#1214,#1215);
#1214 = CARTESIAN_POINT('',(27.745216476963,-5.109990136744,
    28.509760468977));
#1215 = VECTOR('',#1216,1.);
#1216 = DIRECTION('',(-1.224646852585E-16,1.,0.));
#1217 = PCURVE('',#332,#1218);
#1218 = DEFINITIONAL_REPRESENTATION('',(#1219),#1223);
#1219 = LINE('',#1220,#1221);
#1220 = CARTESIAN_POINT('',(5.159157372936E-16,0.));
#1221 = VECTOR('',#1222,1.);
#1222 = DIRECTION('',(0.,-1.));
#1223 = ( GEOMETRIC_REPRESENTATION_CONTEXT(2) 
PARAMETRIC_REPRESENTATION_CONTEXT() REPRESENTATION_CONTEXT('2D SPACE',''
  ) );
#1224 = PCURVE('',#275,#1225);
#1225 = DEFINITIONAL_REPRESENTATION('',(#1226),#1230);
#1226 = LINE('',#1227,#1228);
#1227 = CARTESIAN_POINT('',(29.999996971586,-1.509927822888E-16));
#1228 = VECTOR('',#1229,1.);
#1229 = DIRECTION('',(0.,-1.));
#1230 = ( GEOMETRIC_REPRESENTATION_CONTEXT(2) 
PARAMETRIC_REPRESENTATION_CONTEXT() REPRESENTATION_CONTEXT('2D SPACE',''
  ) );
#1231 = ORIENTED_EDGE('',*,*,#1232,.F.);
#1232 = EDGE_CURVE('',#1233,#1210,#1235,.T.);
#1233 = VERTEX_POINT('',#1234);
#1234 = CARTESIAN_POINT('',(15.348685729204,9.890009863255,
    35.015469099194));
#1235 = SURFACE_CURVE('',#1236,(#1241,#1248),.PCURVE_S1.);
#1236 = HYPERBOLA('',#1237,14.999998485793,25.980759490849);
#1237 = AXIS2_PLACEMENT_3D('',#1238,#1239,#1240);
#1238 = CARTESIAN_POINT('',(14.463154891707,24.901116862186,
    35.480196346603));
#1239 = DIRECTION('',(0.464695584446,5.690879849021E-17,0.885470504193)
  );
#1240 = DIRECTION('',(1.224646852585E-16,-1.,0.));
#1241 = PCURVE('',#332,#1242);
#1242 = DEFINITIONAL_REPRESENTATION('',(#1243),#1247);
#1243 = HYPERBOLA('',#1244,14.999998485793,25.980759490849);
#1244 = AXIS2_PLACEMENT_2D('',#1245,#1246);
#1245 = CARTESIAN_POINT('',(15.000004542621,-30.01110699893));
#1246 = DIRECTION('',(0.,1.));
#1247 = ( GEOMETRIC_REPRESENTATION_CONTEXT(2) 
PARAMETRIC_REPRESENTATION_CONTEXT() REPRESENTATION_CONTEXT('2D SPACE',''
  ) );
#1248 = PCURVE('',#1249,#1254);
#1249 = CONICAL_SURFACE('',#1250,30.,1.047197551197);
#1250 = AXIS2_PLACEMENT_3D('',#1251,#1252,#1253);
#1251 = CARTESIAN_POINT('',(2.390010675755,7.580608786497,
    12.475000140916));
#1252 = DIRECTION('',(1.224646852585E-16,-1.,0.));
#1253 = DIRECTION('',(-1.,-1.224646852585E-16,0.));
#1254 = DEFINITIONAL_REPRESENTATION('',(#1255),#1265);
#1255 = B_SPLINE_CURVE_WITH_KNOTS('',8,(#1256,#1257,#1258,#1259,#1260,
    #1261,#1262,#1263,#1264),.UNSPECIFIED.,.F.,.F.,(9,9),(
    3.848314510462E-02,0.549306346228),.PIECEWISE_BEZIER_KNOTS.);
#1256 = CARTESIAN_POINT('',(4.190624539794,-2.309401076758));
#1257 = CARTESIAN_POINT('',(4.126818891304,-2.272533074378));
#1258 = CARTESIAN_POINT('',(4.063192340598,-2.165718583712));
#1259 = CARTESIAN_POINT('',(4.000140130924,-1.988728548363));
#1260 = CARTESIAN_POINT('',(3.938049718938,-1.740725516608));
#1261 = CARTESIAN_POINT('',(3.877275209787,-1.420260654467));
#1262 = CARTESIAN_POINT('',(3.818113383063,-1.025257522507));
#1263 = CARTESIAN_POINT('',(3.760797468074,-0.552982509125));
#1264 = CARTESIAN_POINT('',(3.705499239352,-1.642489289817E-14));
#1265 = ( GEOMETRIC_REPRESENTATION_CONTEXT(2) 
PARAMETRIC_REPRESENTATION_CONTEXT() REPRESENTATION_CONTEXT('2D SPACE',''
  ) );
#1266 = ORIENTED_EDGE('',*,*,#1267,.T.);
#1267 = EDGE_CURVE('',#1233,#1268,#1270,.T.);
#1268 = VERTEX_POINT('',#1269);
#1269 = CARTESIAN_POINT('',(13.57762405421,9.890009863255,
    35.944923594012));
#1270 = SURFACE_CURVE('',#1271,(#1275,#1282),.PCURVE_S1.);
#1271 = LINE('',#1272,#1273);
#1272 = CARTESIAN_POINT('',(23.322047989683,9.890009863256,
    30.831042607191));
#1273 = VECTOR('',#1274,1.);
#1274 = DIRECTION('',(-0.885470504193,-1.084388666017E-16,0.464695584446
    ));
#1275 = PCURVE('',#332,#1276);
#1276 = DEFINITIONAL_REPRESENTATION('',(#1277),#1281);
#1277 = LINE('',#1278,#1279);
#1278 = CARTESIAN_POINT('',(4.995274790445,-15.));
#1279 = VECTOR('',#1280,1.);
#1280 = DIRECTION('',(1.,0.));
#1281 = ( GEOMETRIC_REPRESENTATION_CONTEXT(2) 
PARAMETRIC_REPRESENTATION_CONTEXT() REPRESENTATION_CONTEXT('2D SPACE',''
  ) );
#1282 = PCURVE('',#653,#1283);
#1283 = DEFINITIONAL_REPRESENTATION('',(#1284),#1288);
#1284 = LINE('',#1285,#1286);
#1285 = CARTESIAN_POINT('',(82.642668660467,8.910766048276));
#1286 = VECTOR('',#1287,1.);
#1287 = DIRECTION('',(0.885470504193,-0.464695584446));
#1288 = ( GEOMETRIC_REPRESENTATION_CONTEXT(2) 
PARAMETRIC_REPRESENTATION_CONTEXT() REPRESENTATION_CONTEXT('2D SPACE',''
  ) );
#1289 = ORIENTED_EDGE('',*,*,#1290,.F.);
#1290 = EDGE_CURVE('',#854,#1268,#1291,.T.);
#1291 = SURFACE_CURVE('',#1292,(#1297,#1304),.PCURVE_S1.);
#1292 = HYPERBOLA('',#1293,14.999998485793,25.980759490849);
#1293 = AXIS2_PLACEMENT_3D('',#1294,#1295,#1296);
#1294 = CARTESIAN_POINT('',(14.463154891707,24.901116862186,
    35.480196346603));
#1295 = DIRECTION('',(0.464695584446,5.690879849021E-17,0.885470504193)
  );
#1296 = DIRECTION('',(1.224646852585E-16,-1.,0.));
#1297 = PCURVE('',#332,#1298);
#1298 = DEFINITIONAL_REPRESENTATION('',(#1299),#1303);
#1299 = HYPERBOLA('',#1300,14.999998485793,25.980759490849);
#1300 = AXIS2_PLACEMENT_2D('',#1301,#1302);
#1301 = CARTESIAN_POINT('',(15.000004542621,-30.01110699893));
#1302 = DIRECTION('',(0.,1.));
#1303 = ( GEOMETRIC_REPRESENTATION_CONTEXT(2) 
PARAMETRIC_REPRESENTATION_CONTEXT() REPRESENTATION_CONTEXT('2D SPACE',''
  ) );
#1304 = PCURVE('',#893,#1305);
#1305 = DEFINITIONAL_REPRESENTATION('',(#1306),#1316);
#1306 = B_SPLINE_CURVE_WITH_KNOTS('',8,(#1307,#1308,#1309,#1310,#1311,
    #1312,#1313,#1314,#1315),.UNSPECIFIED.,.F.,.F.,(9,9),(
    -0.549306346228,-3.848314510461E-02),.PIECEWISE_BEZIER_KNOTS.);
#1307 = CARTESIAN_POINT('',(4.75269714024,-3.723744395198E-15));
#1308 = CARTESIAN_POINT('',(4.697398911518,-0.552982509125));
#1309 = CARTESIAN_POINT('',(4.640082996538,-1.025257522509));
#1310 = CARTESIAN_POINT('',(4.580921169767,-1.420260654466));
#1311 = CARTESIAN_POINT('',(4.52014666071,-1.740725516613));
#1312 = CARTESIAN_POINT('',(4.458056248637,-1.98872854836));
#1313 = CARTESIAN_POINT('',(4.395004039003,-2.165718583713));
#1314 = CARTESIAN_POINT('',(4.331377488289,-2.272533074378));
#1315 = CARTESIAN_POINT('',(4.267571839798,-2.309401076758));
#1316 = ( GEOMETRIC_REPRESENTATION_CONTEXT(2) 
PARAMETRIC_REPRESENTATION_CONTEXT() REPRESENTATION_CONTEXT('2D SPACE',''
  ) );
#1317 = ORIENTED_EDGE('',*,*,#851,.F.);
#1318 = ORIENTED_EDGE('',*,*,#1142,.F.);
#1319 = ORIENTED_EDGE('',*,*,#316,.F.);
#1320 = ORIENTED_EDGE('',*,*,#1321,.F.);
#1321 = EDGE_CURVE('',#1208,#288,#1322,.T.);
#1322 = SURFACE_CURVE('',#1323,(#1328,#1335),.PCURVE_S1.);
#1323 = HYPERBOLA('',#1324,14.999998485793,25.980759490849);
#1324 = AXIS2_PLACEMENT_3D('',#1325,#1326,#1327);
#1325 = CARTESIAN_POINT('',(14.463154891707,-20.12109713567,
    35.480196346603));
#1326 = DIRECTION('',(0.464695584446,5.690879849021E-17,0.885470504193)
  );
#1327 = DIRECTION('',(-1.224646852585E-16,1.,0.));
#1328 = PCURVE('',#332,#1329);
#1329 = DEFINITIONAL_REPRESENTATION('',(#1330),#1334);
#1330 = HYPERBOLA('',#1331,14.999998485793,25.980759490849);
#1331 = AXIS2_PLACEMENT_2D('',#1332,#1333);
#1332 = CARTESIAN_POINT('',(15.000004542621,15.01110699893));
#1333 = DIRECTION('',(0.,-1.));
#1334 = ( GEOMETRIC_REPRESENTATION_CONTEXT(2) 
PARAMETRIC_REPRESENTATION_CONTEXT() REPRESENTATION_CONTEXT('2D SPACE',''
  ) );
#1335 = PCURVE('',#304,#1336);
#1336 = DEFINITIONAL_REPRESENTATION('',(#1337),#1347);
#1337 = B_SPLINE_CURVE_WITH_KNOTS('',8,(#1338,#1339,#1340,#1341,#1342,
    #1343,#1344,#1345,#1346),.UNSPECIFIED.,.F.,.F.,(9,9),(
    -0.549306346228,-3.848314510462E-02),.PIECEWISE_BEZIER_KNOTS.);
#1338 = CARTESIAN_POINT('',(-3.705499239352,-1.603070581798E-14));
#1339 = CARTESIAN_POINT('',(-3.760797468074,-0.552982509125));
#1340 = CARTESIAN_POINT('',(-3.818113383063,-1.025257522507));
#1341 = CARTESIAN_POINT('',(-3.877275209792,-1.420260654463));
#1342 = CARTESIAN_POINT('',(-3.93804971892,-1.740725516604));
#1343 = CARTESIAN_POINT('',(-4.000140130927,-1.988728548357));
#1344 = CARTESIAN_POINT('',(-4.063192340597,-2.165718583712));
#1345 = CARTESIAN_POINT('',(-4.126818891304,-2.272533074378));
#1346 = CARTESIAN_POINT('',(-4.190624539794,-2.309401076758));
#1347 = ( GEOMETRIC_REPRESENTATION_CONTEXT(2) 
PARAMETRIC_REPRESENTATION_CONTEXT() REPRESENTATION_CONTEXT('2D SPACE',''
  ) );
#1348 = ADVANCED_FACE('',(#1349),#218,.T.);
#1349 = FACE_BOUND('',#1350,.T.);
#1350 = EDGE_LOOP('',(#1351,#1352,#1382,#1405,#1440,#1463,#1491,#1492));
#1351 = ORIENTED_EDGE('',*,*,#1085,.T.);
#1352 = ORIENTED_EDGE('',*,*,#1353,.F.);
#1353 = EDGE_CURVE('',#1354,#1051,#1356,.T.);
#1354 = VERTEX_POINT('',#1355);
#1355 = CARTESIAN_POINT('',(15.431349558582,9.890009863255,
    -10.0177426919));
#1356 = SURFACE_CURVE('',#1357,(#1362,#1369),.PCURVE_S1.);
#1357 = HYPERBOLA('',#1358,15.,25.980762113533);
#1358 = AXIS2_PLACEMENT_3D('',#1359,#1360,#1361);
#1359 = CARTESIAN_POINT('',(16.276523022986,24.901116862186,
    -9.48325058245));
#1360 = DIRECTION('',(0.534492109452,6.545640795719E-17,-0.845173464405)
  );
#1361 = DIRECTION('',(1.224646852585E-16,-1.,1.848892746612E-32));
#1362 = PCURVE('',#218,#1363);
#1363 = DEFINITIONAL_REPRESENTATION('',(#1364),#1368);
#1364 = HYPERBOLA('',#1365,15.,25.980762113533);
#1365 = AXIS2_PLACEMENT_2D('',#1366,#1367);
#1366 = CARTESIAN_POINT('',(15.,-30.01110699893));
#1367 = DIRECTION('',(-5.737827748832E-33,1.));
#1368 = ( GEOMETRIC_REPRESENTATION_CONTEXT(2) 
PARAMETRIC_REPRESENTATION_CONTEXT() REPRESENTATION_CONTEXT('2D SPACE',''
  ) );
#1369 = PCURVE('',#1067,#1370);
#1370 = DEFINITIONAL_REPRESENTATION('',(#1371),#1381);
#1371 = B_SPLINE_CURVE_WITH_KNOTS('',8,(#1372,#1373,#1374,#1375,#1376,
    #1377,#1378,#1379,#1380),.UNSPECIFIED.,.F.,.F.,(9,9),(
    3.848052056807E-02,0.549306144334),.PIECEWISE_BEZIER_KNOTS.);
#1372 = CARTESIAN_POINT('',(2.096232001714,-2.309401076758));
#1373 = CARTESIAN_POINT('',(2.032426044176,-2.272535411443));
#1374 = CARTESIAN_POINT('',(1.968799173929,-2.165722594378));
#1375 = CARTESIAN_POINT('',(1.905746640085,-1.988733581523));
#1376 = CARTESIAN_POINT('',(1.843655905381,-1.740730921946));
#1377 = CARTESIAN_POINT('',(1.782881081133,-1.420265771071));
#1378 = CARTESIAN_POINT('',(1.723718951641,-1.025261667216));
#1379 = CARTESIAN_POINT('',(1.666402750086,-0.552984964246));
#1380 = CARTESIAN_POINT('',(1.611104253523,-5.202244558111E-15));
#1381 = ( GEOMETRIC_REPRESENTATION_CONTEXT(2) 
PARAMETRIC_REPRESENTATION_CONTEXT() REPRESENTATION_CONTEXT('2D SPACE',''
  ) );
#1382 = ORIENTED_EDGE('',*,*,#1383,.T.);
#1383 = EDGE_CURVE('',#1354,#1384,#1386,.T.);
#1384 = VERTEX_POINT('',#1385);
#1385 = CARTESIAN_POINT('',(17.121696487391,9.890009863255,
    -8.948758472998));
#1386 = SURFACE_CURVE('',#1387,(#1391,#1398),.PCURVE_S1.);
#1387 = LINE('',#1388,#1389);
#1388 = CARTESIAN_POINT('',(6.57630646838,9.890009863256,-15.61771815244
    ));
#1389 = VECTOR('',#1390,1.);
#1390 = DIRECTION('',(0.845173464405,1.035039023072E-16,0.534492109452)
  );
#1391 = PCURVE('',#218,#1392);
#1392 = DEFINITIONAL_REPRESENTATION('',(#1393),#1397);
#1393 = LINE('',#1394,#1395);
#1394 = CARTESIAN_POINT('',(3.522809857217,-15.));
#1395 = VECTOR('',#1396,1.);
#1396 = DIRECTION('',(1.,6.588123895246E-33));
#1397 = ( GEOMETRIC_REPRESENTATION_CONTEXT(2) 
PARAMETRIC_REPRESENTATION_CONTEXT() REPRESENTATION_CONTEXT('2D SPACE',''
  ) );
#1398 = PCURVE('',#653,#1399);
#1399 = DEFINITIONAL_REPRESENTATION('',(#1400),#1404);
#1400 = LINE('',#1401,#1402);
#1401 = CARTESIAN_POINT('',(99.38841018177,55.359526807915));
#1402 = VECTOR('',#1403,1.);
#1403 = DIRECTION('',(-0.845173464405,-0.534492109452));
#1404 = ( GEOMETRIC_REPRESENTATION_CONTEXT(2) 
PARAMETRIC_REPRESENTATION_CONTEXT() REPRESENTATION_CONTEXT('2D SPACE',''
  ) );
#1405 = ORIENTED_EDGE('',*,*,#1406,.F.);
#1406 = EDGE_CURVE('',#1407,#1384,#1409,.T.);
#1407 = VERTEX_POINT('',#1408);
#1408 = CARTESIAN_POINT('',(28.954124989054,7.580608786497,
    -1.465868940671));
#1409 = SURFACE_CURVE('',#1410,(#1415,#1422),.PCURVE_S1.);
#1410 = HYPERBOLA('',#1411,15.,25.980762113533);
#1411 = AXIS2_PLACEMENT_3D('',#1412,#1413,#1414);
#1412 = CARTESIAN_POINT('',(16.276523022986,24.901116862186,
    -9.48325058245));
#1413 = DIRECTION('',(0.534492109452,6.545640795719E-17,-0.845173464405)
  );
#1414 = DIRECTION('',(1.224646852585E-16,-1.,1.848892746612E-32));
#1415 = PCURVE('',#218,#1416);
#1416 = DEFINITIONAL_REPRESENTATION('',(#1417),#1421);
#1417 = HYPERBOLA('',#1418,15.,25.980762113533);
#1418 = AXIS2_PLACEMENT_2D('',#1419,#1420);
#1419 = CARTESIAN_POINT('',(15.,-30.01110699893));
#1420 = DIRECTION('',(-5.737827748832E-33,1.));
#1421 = ( GEOMETRIC_REPRESENTATION_CONTEXT(2) 
PARAMETRIC_REPRESENTATION_CONTEXT() REPRESENTATION_CONTEXT('2D SPACE',''
  ) );
#1422 = PCURVE('',#1423,#1428);
#1423 = CONICAL_SURFACE('',#1424,30.,1.047197551197);
#1424 = AXIS2_PLACEMENT_3D('',#1425,#1426,#1427);
#1425 = CARTESIAN_POINT('',(2.390010675755,7.580608786497,
    12.475000140916));
#1426 = DIRECTION('',(1.224646852585E-16,-1.,0.));
#1427 = DIRECTION('',(-1.,-1.224646852585E-16,0.));
#1428 = DEFINITIONAL_REPRESENTATION('',(#1429),#1439);
#1429 = B_SPLINE_CURVE_WITH_KNOTS('',8,(#1430,#1431,#1432,#1433,#1434,
    #1435,#1436,#1437,#1438),.UNSPECIFIED.,.F.,.F.,(9,9),(
    -0.549306144334,-3.848052056807E-02),.PIECEWISE_BEZIER_KNOTS.);
#1430 = CARTESIAN_POINT('',(2.65830180472,-8.069012024129E-15));
#1431 = CARTESIAN_POINT('',(2.603003308157,-0.552984964246));
#1432 = CARTESIAN_POINT('',(2.545687106598,-1.025261667217));
#1433 = CARTESIAN_POINT('',(2.486524977111,-1.420265771064));
#1434 = CARTESIAN_POINT('',(2.425750152845,-1.740730921952));
#1435 = CARTESIAN_POINT('',(2.363659418159,-1.98873358151));
#1436 = CARTESIAN_POINT('',(2.30060688431,-2.16572259438));
#1437 = CARTESIAN_POINT('',(2.236980014067,-2.272535411443));
#1438 = CARTESIAN_POINT('',(2.173174056529,-2.309401076758));
#1439 = ( GEOMETRIC_REPRESENTATION_CONTEXT(2) 
PARAMETRIC_REPRESENTATION_CONTEXT() REPRESENTATION_CONTEXT('2D SPACE',''
  ) );
#1440 = ORIENTED_EDGE('',*,*,#1441,.F.);
#1441 = EDGE_CURVE('',#1442,#1407,#1444,.T.);
#1442 = VERTEX_POINT('',#1443);
#1443 = CARTESIAN_POINT('',(28.954124989054,-2.800589059986,
    -1.465868940671));
#1444 = SURFACE_CURVE('',#1445,(#1449,#1456),.PCURVE_S1.);
#1445 = LINE('',#1446,#1447);
#1446 = CARTESIAN_POINT('',(28.954124989055,-5.109990136744,
    -1.465868940671));
#1447 = VECTOR('',#1448,1.);
#1448 = DIRECTION('',(-1.224646852585E-16,1.,0.));
#1449 = PCURVE('',#218,#1450);
#1450 = DEFINITIONAL_REPRESENTATION('',(#1451),#1455);
#1451 = LINE('',#1452,#1453);
#1452 = CARTESIAN_POINT('',(30.,3.166867259947E-15));
#1453 = VECTOR('',#1454,1.);
#1454 = DIRECTION('',(1.232595164408E-32,-1.));
#1455 = ( GEOMETRIC_REPRESENTATION_CONTEXT(2) 
PARAMETRIC_REPRESENTATION_CONTEXT() REPRESENTATION_CONTEXT('2D SPACE',''
  ) );
#1456 = PCURVE('',#275,#1457);
#1457 = DEFINITIONAL_REPRESENTATION('',(#1458),#1462);
#1458 = LINE('',#1459,#1460);
#1459 = CARTESIAN_POINT('',(0.,0.));
#1460 = VECTOR('',#1461,1.);
#1461 = DIRECTION('',(0.,-1.));
#1462 = ( GEOMETRIC_REPRESENTATION_CONTEXT(2) 
PARAMETRIC_REPRESENTATION_CONTEXT() REPRESENTATION_CONTEXT('2D SPACE',''
  ) );
#1463 = ORIENTED_EDGE('',*,*,#1464,.F.);
#1464 = EDGE_CURVE('',#203,#1442,#1465,.T.);
#1465 = SURFACE_CURVE('',#1466,(#1471,#1478),.PCURVE_S1.);
#1466 = HYPERBOLA('',#1467,15.,25.980762113533);
#1467 = AXIS2_PLACEMENT_3D('',#1468,#1469,#1470);
#1468 = CARTESIAN_POINT('',(16.276523022986,-20.12109713567,
    -9.48325058245));
#1469 = DIRECTION('',(0.534492109452,6.545640795719E-17,-0.845173464405)
  );
#1470 = DIRECTION('',(-1.224646852585E-16,1.,-1.848892746612E-32));
#1471 = PCURVE('',#218,#1472);
#1472 = DEFINITIONAL_REPRESENTATION('',(#1473),#1477);
#1473 = HYPERBOLA('',#1474,15.,25.980762113533);
#1474 = AXIS2_PLACEMENT_2D('',#1475,#1476);
#1475 = CARTESIAN_POINT('',(15.,15.01110699893));
#1476 = DIRECTION('',(5.737827748832E-33,-1.));
#1477 = ( GEOMETRIC_REPRESENTATION_CONTEXT(2) 
PARAMETRIC_REPRESENTATION_CONTEXT() REPRESENTATION_CONTEXT('2D SPACE',''
  ) );
#1478 = PCURVE('',#247,#1479);
#1479 = DEFINITIONAL_REPRESENTATION('',(#1480),#1490);
#1480 = B_SPLINE_CURVE_WITH_KNOTS('',8,(#1481,#1482,#1483,#1484,#1485,
    #1486,#1487,#1488,#1489),.UNSPECIFIED.,.F.,.F.,(9,9),(
    3.848052056809E-02,0.549306144334),.PIECEWISE_BEZIER_KNOTS.);
#1481 = CARTESIAN_POINT('',(-2.173174056529,-2.309401076758));
#1482 = CARTESIAN_POINT('',(-2.236980014067,-2.272535411443));
#1483 = CARTESIAN_POINT('',(-2.300606884311,-2.165722594381));
#1484 = CARTESIAN_POINT('',(-2.363659418148,-1.988733581517));
#1485 = CARTESIAN_POINT('',(-2.425750152859,-1.740730921952));
#1486 = CARTESIAN_POINT('',(-2.486524977106,-1.420265771074));
#1487 = CARTESIAN_POINT('',(-2.5456871066,-1.025261667218));
#1488 = CARTESIAN_POINT('',(-2.603003308157,-0.552984964246));
#1489 = CARTESIAN_POINT('',(-2.65830180472,-6.740614710833E-15));
#1490 = ( GEOMETRIC_REPRESENTATION_CONTEXT(2) 
PARAMETRIC_REPRESENTATION_CONTEXT() REPRESENTATION_CONTEXT('2D SPACE',''
  ) );
#1491 = ORIENTED_EDGE('',*,*,#202,.F.);
#1492 = ORIENTED_EDGE('',*,*,#1176,.F.);
#1493 = ADVANCED_FACE('',(#1494),#304,.T.);
#1494 = FACE_BOUND('',#1495,.T.);
#1495 = EDGE_LOOP('',(#1496,#1497,#1525));
#1496 = ORIENTED_EDGE('',*,*,#287,.F.);
#1497 = ORIENTED_EDGE('',*,*,#1498,.T.);
#1498 = EDGE_CURVE('',#260,#1208,#1499,.T.);
#1499 = SURFACE_CURVE('',#1500,(#1505,#1518),.PCURVE_S1.);
#1500 = HYPERBOLA('',#1501,15.000000504736,25.980762987761);
#1501 = AXIS2_PLACEMENT_3D('',#1502,#1503,#1504);
#1502 = CARTESIAN_POINT('',(28.349670733009,-20.12109713567,
    13.521945764153));
#1503 = DIRECTION('',(0.999187747853,1.22365213055E-16,
    4.029695447091E-02));
#1504 = DIRECTION('',(-1.224646852585E-16,1.,0.));
#1505 = PCURVE('',#304,#1506);
#1506 = DEFINITIONAL_REPRESENTATION('',(#1507),#1517);
#1507 = B_SPLINE_CURVE_WITH_KNOTS('',8,(#1508,#1509,#1510,#1511,#1512,
    #1513,#1514,#1515,#1516),.UNSPECIFIED.,.F.,.F.,(9,9),(
    3.847964568308E-02,0.549306077036),.PIECEWISE_BEZIER_KNOTS.);
#1508 = CARTESIAN_POINT('',(-3.220370675206,-2.309401076758));
#1509 = CARTESIAN_POINT('',(-3.284176735765,-2.272536190505));
#1510 = CARTESIAN_POINT('',(-3.347803712522,-2.165723931339));
#1511 = CARTESIAN_POINT('',(-3.410856354434,-1.988735259318));
#1512 = CARTESIAN_POINT('',(-3.472947196693,-1.740732723826));
#1513 = CARTESIAN_POINT('',(-3.533722126009,-1.420267476696));
#1514 = CARTESIAN_POINT('',(-3.592884356417,-1.025263048859));
#1515 = CARTESIAN_POINT('',(-3.650200653505,-0.552985782662));
#1516 = CARTESIAN_POINT('',(-3.705499239352,-1.992180365246E-14));
#1517 = ( GEOMETRIC_REPRESENTATION_CONTEXT(2) 
PARAMETRIC_REPRESENTATION_CONTEXT() REPRESENTATION_CONTEXT('2D SPACE',''
  ) );
#1518 = PCURVE('',#275,#1519);
#1519 = DEFINITIONAL_REPRESENTATION('',(#1520),#1524);
#1520 = HYPERBOLA('',#1521,15.000000504736,25.980762987761);
#1521 = AXIS2_PLACEMENT_2D('',#1522,#1523);
#1522 = CARTESIAN_POINT('',(14.999998485793,15.01110699893));
#1523 = DIRECTION('',(0.,-1.));
#1524 = ( GEOMETRIC_REPRESENTATION_CONTEXT(2) 
PARAMETRIC_REPRESENTATION_CONTEXT() REPRESENTATION_CONTEXT('2D SPACE',''
  ) );
#1525 = ORIENTED_EDGE('',*,*,#1321,.T.);
#1526 = ADVANCED_FACE('',(#1527),#247,.T.);
#1527 = FACE_BOUND('',#1528,.T.);
#1528 = EDGE_LOOP('',(#1529,#1530,#1531));
#1529 = ORIENTED_EDGE('',*,*,#230,.F.);
#1530 = ORIENTED_EDGE('',*,*,#1464,.T.);
#1531 = ORIENTED_EDGE('',*,*,#1532,.T.);
#1532 = EDGE_CURVE('',#1442,#231,#1533,.T.);
#1533 = SURFACE_CURVE('',#1534,(#1539,#1552),.PCURVE_S1.);
#1534 = HYPERBOLA('',#1535,15.000000504736,25.980762987761);
#1535 = AXIS2_PLACEMENT_3D('',#1536,#1537,#1538);
#1536 = CARTESIAN_POINT('',(28.349670733009,-20.12109713567,
    13.521945764153));
#1537 = DIRECTION('',(0.999187747853,1.22365213055E-16,
    4.029695447091E-02));
#1538 = DIRECTION('',(-1.224646852585E-16,1.,0.));
#1539 = PCURVE('',#247,#1540);
#1540 = DEFINITIONAL_REPRESENTATION('',(#1541),#1551);
#1541 = B_SPLINE_CURVE_WITH_KNOTS('',8,(#1542,#1543,#1544,#1545,#1546,
    #1547,#1548,#1549,#1550),.UNSPECIFIED.,.F.,.F.,(9,9),(
    -0.549306077036,-3.847964568308E-02),.PIECEWISE_BEZIER_KNOTS.);
#1542 = CARTESIAN_POINT('',(-2.65830180472,-1.361917239451E-14));
#1543 = CARTESIAN_POINT('',(-2.713600390567,-0.552985782662));
#1544 = CARTESIAN_POINT('',(-2.77091668765,-1.02526304886));
#1545 = CARTESIAN_POINT('',(-2.830078918058,-1.420267476691));
#1546 = CARTESIAN_POINT('',(-2.890853847373,-1.740732723823));
#1547 = CARTESIAN_POINT('',(-2.952944689627,-1.988735259318));
#1548 = CARTESIAN_POINT('',(-3.015997331545,-2.16572393134));
#1549 = CARTESIAN_POINT('',(-3.079624308307,-2.272536190505));
#1550 = CARTESIAN_POINT('',(-3.143430368866,-2.309401076758));
#1551 = ( GEOMETRIC_REPRESENTATION_CONTEXT(2) 
PARAMETRIC_REPRESENTATION_CONTEXT() REPRESENTATION_CONTEXT('2D SPACE',''
  ) );
#1552 = PCURVE('',#275,#1553);
#1553 = DEFINITIONAL_REPRESENTATION('',(#1554),#1558);
#1554 = HYPERBOLA('',#1555,15.000000504736,25.980762987761);
#1555 = AXIS2_PLACEMENT_2D('',#1556,#1557);
#1556 = CARTESIAN_POINT('',(14.999998485793,15.01110699893));
#1557 = DIRECTION('',(0.,-1.));
#1558 = ( GEOMETRIC_REPRESENTATION_CONTEXT(2) 
PARAMETRIC_REPRESENTATION_CONTEXT() REPRESENTATION_CONTEXT('2D SPACE',''
  ) );
#1559 = ADVANCED_FACE('',(#1560),#275,.T.);
#1560 = FACE_BOUND('',#1561,.T.);
#1561 = EDGE_LOOP('',(#1562,#1563,#1593,#1616,#1644,#1645,#1646,#1647));
#1562 = ORIENTED_EDGE('',*,*,#1441,.T.);
#1563 = ORIENTED_EDGE('',*,*,#1564,.F.);
#1564 = EDGE_CURVE('',#1565,#1407,#1567,.T.);
#1565 = VERTEX_POINT('',#1566);
#1566 = CARTESIAN_POINT('',(28.3899667722,9.890009863255,12.522780711211
    ));
#1567 = SURFACE_CURVE('',#1568,(#1573,#1580),.PCURVE_S1.);
#1568 = HYPERBOLA('',#1569,15.000000504736,25.980762987761);
#1569 = AXIS2_PLACEMENT_3D('',#1570,#1571,#1572);
#1570 = CARTESIAN_POINT('',(28.349670733009,24.901116862186,
    13.521945764153));
#1571 = DIRECTION('',(0.999187747853,1.22365213055E-16,
    4.029695447091E-02));
#1572 = DIRECTION('',(1.224646852585E-16,-1.,0.));
#1573 = PCURVE('',#275,#1574);
#1574 = DEFINITIONAL_REPRESENTATION('',(#1575),#1579);
#1575 = HYPERBOLA('',#1576,15.000000504736,25.980762987761);
#1576 = AXIS2_PLACEMENT_2D('',#1577,#1578);
#1577 = CARTESIAN_POINT('',(14.999998485793,-30.01110699893));
#1578 = DIRECTION('',(0.,1.));
#1579 = ( GEOMETRIC_REPRESENTATION_CONTEXT(2) 
PARAMETRIC_REPRESENTATION_CONTEXT() REPRESENTATION_CONTEXT('2D SPACE',''
  ) );
#1580 = PCURVE('',#1423,#1581);
#1581 = DEFINITIONAL_REPRESENTATION('',(#1582),#1592);
#1582 = B_SPLINE_CURVE_WITH_KNOTS('',8,(#1583,#1584,#1585,#1586,#1587,
    #1588,#1589,#1590,#1591),.UNSPECIFIED.,.F.,.F.,(9,9),(
    3.847964568308E-02,0.549306077036),.PIECEWISE_BEZIER_KNOTS.);
#1583 = CARTESIAN_POINT('',(3.143430368866,-2.309401076759));
#1584 = CARTESIAN_POINT('',(3.079624308307,-2.272536190505));
#1585 = CARTESIAN_POINT('',(3.01599733155,-2.16572393134));
#1586 = CARTESIAN_POINT('',(2.952944689616,-1.98873525932));
#1587 = CARTESIAN_POINT('',(2.890853847395,-1.74073272383));
#1588 = CARTESIAN_POINT('',(2.830078918041,-1.420267476692));
#1589 = CARTESIAN_POINT('',(2.770916687655,-1.02526304886));
#1590 = CARTESIAN_POINT('',(2.713600390567,-0.552985782662));
#1591 = CARTESIAN_POINT('',(2.65830180472,-1.992180363943E-14));
#1592 = ( GEOMETRIC_REPRESENTATION_CONTEXT(2) 
PARAMETRIC_REPRESENTATION_CONTEXT() REPRESENTATION_CONTEXT('2D SPACE',''
  ) );
#1593 = ORIENTED_EDGE('',*,*,#1594,.T.);
#1594 = EDGE_CURVE('',#1565,#1595,#1597,.T.);
#1595 = VERTEX_POINT('',#1596);
#1596 = CARTESIAN_POINT('',(28.309374693817,9.890009863255,
    14.521110817094));
#1597 = SURFACE_CURVE('',#1598,(#1602,#1609),.PCURVE_S1.);
#1598 = LINE('',#1599,#1600);
#1599 = CARTESIAN_POINT('',(28.950414852498,9.890009863256,
    -1.373873824926));
#1600 = VECTOR('',#1601,1.);
#1601 = DIRECTION('',(-4.029695447091E-02,-4.934953846157E-18,
    0.999187747853));
#1602 = PCURVE('',#275,#1603);
#1603 = DEFINITIONAL_REPRESENTATION('',(#1604),#1608);
#1604 = LINE('',#1605,#1606);
#1605 = CARTESIAN_POINT('',(9.206989971906E-02,-15.));
#1606 = VECTOR('',#1607,1.);
#1607 = DIRECTION('',(1.,0.));
#1608 = ( GEOMETRIC_REPRESENTATION_CONTEXT(2) 
PARAMETRIC_REPRESENTATION_CONTEXT() REPRESENTATION_CONTEXT('2D SPACE',''
  ) );
#1609 = PCURVE('',#653,#1610);
#1610 = DEFINITIONAL_REPRESENTATION('',(#1611),#1615);
#1611 = LINE('',#1612,#1613);
#1612 = CARTESIAN_POINT('',(77.014301797653,41.115682480393));
#1613 = VECTOR('',#1614,1.);
#1614 = DIRECTION('',(4.029695447091E-02,-0.999187747853));
#1615 = ( GEOMETRIC_REPRESENTATION_CONTEXT(2) 
PARAMETRIC_REPRESENTATION_CONTEXT() REPRESENTATION_CONTEXT('2D SPACE',''
  ) );
#1616 = ORIENTED_EDGE('',*,*,#1617,.F.);
#1617 = EDGE_CURVE('',#1210,#1595,#1618,.T.);
#1618 = SURFACE_CURVE('',#1619,(#1624,#1631),.PCURVE_S1.);
#1619 = HYPERBOLA('',#1620,15.000000504736,25.980762987761);
#1620 = AXIS2_PLACEMENT_3D('',#1621,#1622,#1623);
#1621 = CARTESIAN_POINT('',(28.349670733009,24.901116862186,
    13.521945764153));
#1622 = DIRECTION('',(0.999187747853,1.22365213055E-16,
    4.029695447091E-02));
#1623 = DIRECTION('',(1.224646852585E-16,-1.,0.));
#1624 = PCURVE('',#275,#1625);
#1625 = DEFINITIONAL_REPRESENTATION('',(#1626),#1630);
#1626 = HYPERBOLA('',#1627,15.000000504736,25.980762987761);
#1627 = AXIS2_PLACEMENT_2D('',#1628,#1629);
#1628 = CARTESIAN_POINT('',(14.999998485793,-30.01110699893));
#1629 = DIRECTION('',(0.,1.));
#1630 = ( GEOMETRIC_REPRESENTATION_CONTEXT(2) 
PARAMETRIC_REPRESENTATION_CONTEXT() REPRESENTATION_CONTEXT('2D SPACE',''
  ) );
#1631 = PCURVE('',#1249,#1632);
#1632 = DEFINITIONAL_REPRESENTATION('',(#1633),#1643);
#1633 = B_SPLINE_CURVE_WITH_KNOTS('',8,(#1634,#1635,#1636,#1637,#1638,
    #1639,#1640,#1641,#1642),.UNSPECIFIED.,.F.,.F.,(9,9),(
    -0.549306077036,-3.847964568308E-02),.PIECEWISE_BEZIER_KNOTS.);
#1634 = CARTESIAN_POINT('',(3.705499239352,-2.592613370355E-14));
#1635 = CARTESIAN_POINT('',(3.650200653505,-0.552985782662));
#1636 = CARTESIAN_POINT('',(3.592884356416,-1.02526304886));
#1637 = CARTESIAN_POINT('',(3.533722126014,-1.420267476696));
#1638 = CARTESIAN_POINT('',(3.472947196666,-1.740732723827));
#1639 = CARTESIAN_POINT('',(3.410856354436,-1.98873525932));
#1640 = CARTESIAN_POINT('',(3.347803712521,-2.165723931339));
#1641 = CARTESIAN_POINT('',(3.284176735765,-2.272536190505));
#1642 = CARTESIAN_POINT('',(3.220370675206,-2.309401076759));
#1643 = ( GEOMETRIC_REPRESENTATION_CONTEXT(2) 
PARAMETRIC_REPRESENTATION_CONTEXT() REPRESENTATION_CONTEXT('2D SPACE',''
  ) );
#1644 = ORIENTED_EDGE('',*,*,#1207,.F.);
#1645 = ORIENTED_EDGE('',*,*,#1498,.F.);
#1646 = ORIENTED_EDGE('',*,*,#259,.F.);
#1647 = ORIENTED_EDGE('',*,*,#1532,.F.);
#1648 = ADVANCED_FACE('',(#1649),#472,.F.);
#1649 = FACE_BOUND('',#1650,.F.);
#1650 = EDGE_LOOP('',(#1651,#1674,#1701,#1702));
#1651 = ORIENTED_EDGE('',*,*,#1652,.T.);
#1652 = EDGE_CURVE('',#432,#1653,#1655,.T.);
#1653 = VERTEX_POINT('',#1654);
#1654 = CARTESIAN_POINT('',(-12.60998932424,8.890009863255,
    12.475000140916));
#1655 = SEAM_CURVE('',#1656,(#1660,#1667),.PCURVE_S1.);
#1656 = LINE('',#1657,#1658);
#1657 = CARTESIAN_POINT('',(-12.60998932424,-5.109990136744,
    12.475000140916));
#1658 = VECTOR('',#1659,1.);
#1659 = DIRECTION('',(-1.224646852585E-16,1.,0.));
#1660 = PCURVE('',#472,#1661);
#1661 = DEFINITIONAL_REPRESENTATION('',(#1662),#1666);
#1662 = LINE('',#1663,#1664);
#1663 = CARTESIAN_POINT('',(0.,0.));
#1664 = VECTOR('',#1665,1.);
#1665 = DIRECTION('',(0.,-1.));
#1666 = ( GEOMETRIC_REPRESENTATION_CONTEXT(2) 
PARAMETRIC_REPRESENTATION_CONTEXT() REPRESENTATION_CONTEXT('2D SPACE',''
  ) );
#1667 = PCURVE('',#472,#1668);
#1668 = DEFINITIONAL_REPRESENTATION('',(#1669),#1673);
#1669 = LINE('',#1670,#1671);
#1670 = CARTESIAN_POINT('',(6.28318530718,0.));
#1671 = VECTOR('',#1672,1.);
#1672 = DIRECTION('',(0.,-1.));
#1673 = ( GEOMETRIC_REPRESENTATION_CONTEXT(2) 
PARAMETRIC_REPRESENTATION_CONTEXT() REPRESENTATION_CONTEXT('2D SPACE',''
  ) );
#1674 = ORIENTED_EDGE('',*,*,#1675,.T.);
#1675 = EDGE_CURVE('',#1653,#1653,#1676,.T.);
#1676 = SURFACE_CURVE('',#1677,(#1682,#1689),.PCURVE_S1.);
#1677 = CIRCLE('',#1678,15.);
#1678 = AXIS2_PLACEMENT_3D('',#1679,#1680,#1681);
#1679 = CARTESIAN_POINT('',(2.390010675755,8.890009863256,
    12.475000140915));
#1680 = DIRECTION('',(1.224646852585E-16,-1.,0.));
#1681 = DIRECTION('',(-1.,-1.224646852585E-16,2.368475785867E-16));
#1682 = PCURVE('',#472,#1683);
#1683 = DEFINITIONAL_REPRESENTATION('',(#1684),#1688);
#1684 = LINE('',#1685,#1686);
#1685 = CARTESIAN_POINT('',(0.,-14.));
#1686 = VECTOR('',#1687,1.);
#1687 = DIRECTION('',(1.,0.));
#1688 = ( GEOMETRIC_REPRESENTATION_CONTEXT(2) 
PARAMETRIC_REPRESENTATION_CONTEXT() REPRESENTATION_CONTEXT('2D SPACE',''
  ) );
#1689 = PCURVE('',#1690,#1695);
#1690 = TOROIDAL_SURFACE('',#1691,16.,1.);
#1691 = AXIS2_PLACEMENT_3D('',#1692,#1693,#1694);
#1692 = CARTESIAN_POINT('',(2.390010675755,8.890009863256,
    12.475000140915));
#1693 = DIRECTION('',(1.224646852585E-16,-1.,0.));
#1694 = DIRECTION('',(-1.,-1.224646852585E-16,2.368475785867E-16));
#1695 = DEFINITIONAL_REPRESENTATION('',(#1696),#1700);
#1696 = LINE('',#1697,#1698);
#1697 = CARTESIAN_POINT('',(0.,3.14159265359));
#1698 = VECTOR('',#1699,1.);
#1699 = DIRECTION('',(1.,0.));
#1700 = ( GEOMETRIC_REPRESENTATION_CONTEXT(2) 
PARAMETRIC_REPRESENTATION_CONTEXT() REPRESENTATION_CONTEXT('2D SPACE',''
  ) );
#1701 = ORIENTED_EDGE('',*,*,#1652,.F.);
#1702 = ORIENTED_EDGE('',*,*,#457,.F.);
#1703 = ADVANCED_FACE('',(#1704),#584,.T.);
#1704 = FACE_BOUND('',#1705,.F.);
#1705 = EDGE_LOOP('',(#1706,#1730,#1731,#1732));
#1706 = ORIENTED_EDGE('',*,*,#1707,.F.);
#1707 = EDGE_CURVE('',#912,#1708,#1710,.T.);
#1708 = VERTEX_POINT('',#1709);
#1709 = CARTESIAN_POINT('',(-23.60998932424,9.890009863255,
    12.475000140915));
#1710 = SURFACE_CURVE('',#1711,(#1716,#1723),.PCURVE_S1.);
#1711 = CIRCLE('',#1712,26.);
#1712 = AXIS2_PLACEMENT_3D('',#1713,#1714,#1715);
#1713 = CARTESIAN_POINT('',(2.390010675755,9.890009863256,
    12.475000140916));
#1714 = DIRECTION('',(1.224646852585E-16,-1.,0.));
#1715 = DIRECTION('',(-1.,-1.224646852585E-16,0.));
#1716 = PCURVE('',#584,#1717);
#1717 = DEFINITIONAL_REPRESENTATION('',(#1718),#1722);
#1718 = LINE('',#1719,#1720);
#1719 = CARTESIAN_POINT('',(0.,-2.309401076758));
#1720 = VECTOR('',#1721,1.);
#1721 = DIRECTION('',(1.,-0.));
#1722 = ( GEOMETRIC_REPRESENTATION_CONTEXT(2) 
PARAMETRIC_REPRESENTATION_CONTEXT() REPRESENTATION_CONTEXT('2D SPACE',''
  ) );
#1723 = PCURVE('',#653,#1724);
#1724 = DEFINITIONAL_REPRESENTATION('',(#1725),#1729);
#1725 = CIRCLE('',#1726,26.);
#1726 = AXIS2_PLACEMENT_2D('',#1727,#1728);
#1727 = CARTESIAN_POINT('',(103.57470597439,27.266808514552));
#1728 = DIRECTION('',(1.,-0.));
#1729 = ( GEOMETRIC_REPRESENTATION_CONTEXT(2) 
PARAMETRIC_REPRESENTATION_CONTEXT() REPRESENTATION_CONTEXT('2D SPACE',''
  ) );
#1730 = ORIENTED_EDGE('',*,*,#934,.F.);
#1731 = ORIENTED_EDGE('',*,*,#567,.F.);
#1732 = ORIENTED_EDGE('',*,*,#1733,.T.);
#1733 = EDGE_CURVE('',#568,#1708,#1734,.T.);
#1734 = SURFACE_CURVE('',#1735,(#1739,#1746),.PCURVE_S1.);
#1735 = LINE('',#1736,#1737);
#1736 = CARTESIAN_POINT('',(-27.60998932424,7.580608786497,
    12.475000140916));
#1737 = VECTOR('',#1738,1.);
#1738 = DIRECTION('',(0.866025403784,0.5,0.));
#1739 = PCURVE('',#584,#1740);
#1740 = DEFINITIONAL_REPRESENTATION('',(#1741),#1745);
#1741 = LINE('',#1742,#1743);
#1742 = CARTESIAN_POINT('',(6.28318530718,-0.));
#1743 = VECTOR('',#1744,1.);
#1744 = DIRECTION('',(0.,-1.));
#1745 = ( GEOMETRIC_REPRESENTATION_CONTEXT(2) 
PARAMETRIC_REPRESENTATION_CONTEXT() REPRESENTATION_CONTEXT('2D SPACE',''
  ) );
#1746 = PCURVE('',#619,#1747);
#1747 = DEFINITIONAL_REPRESENTATION('',(#1748),#1752);
#1748 = LINE('',#1749,#1750);
#1749 = CARTESIAN_POINT('',(0.,-0.));
#1750 = VECTOR('',#1751,1.);
#1751 = DIRECTION('',(0.,-1.));
#1752 = ( GEOMETRIC_REPRESENTATION_CONTEXT(2) 
PARAMETRIC_REPRESENTATION_CONTEXT() REPRESENTATION_CONTEXT('2D SPACE',''
  ) );
#1753 = ADVANCED_FACE('',(#1754),#619,.T.);
#1754 = FACE_BOUND('',#1755,.F.);
#1755 = EDGE_LOOP('',(#1756,#1778,#1779));
#1756 = ORIENTED_EDGE('',*,*,#1757,.F.);
#1757 = EDGE_CURVE('',#1708,#603,#1758,.T.);
#1758 = SURFACE_CURVE('',#1759,(#1764,#1771),.PCURVE_S1.);
#1759 = CIRCLE('',#1760,26.);
#1760 = AXIS2_PLACEMENT_3D('',#1761,#1762,#1763);
#1761 = CARTESIAN_POINT('',(2.390010675755,9.890009863256,
    12.475000140916));
#1762 = DIRECTION('',(1.224646852585E-16,-1.,0.));
#1763 = DIRECTION('',(-1.,-1.224646852585E-16,0.));
#1764 = PCURVE('',#619,#1765);
#1765 = DEFINITIONAL_REPRESENTATION('',(#1766),#1770);
#1766 = LINE('',#1767,#1768);
#1767 = CARTESIAN_POINT('',(0.,-2.309401076758));
#1768 = VECTOR('',#1769,1.);
#1769 = DIRECTION('',(1.,-0.));
#1770 = ( GEOMETRIC_REPRESENTATION_CONTEXT(2) 
PARAMETRIC_REPRESENTATION_CONTEXT() REPRESENTATION_CONTEXT('2D SPACE',''
  ) );
#1771 = PCURVE('',#653,#1772);
#1772 = DEFINITIONAL_REPRESENTATION('',(#1773),#1777);
#1773 = CIRCLE('',#1774,26.);
#1774 = AXIS2_PLACEMENT_2D('',#1775,#1776);
#1775 = CARTESIAN_POINT('',(103.57470597439,27.266808514552));
#1776 = DIRECTION('',(1.,-0.));
#1777 = ( GEOMETRIC_REPRESENTATION_CONTEXT(2) 
PARAMETRIC_REPRESENTATION_CONTEXT() REPRESENTATION_CONTEXT('2D SPACE',''
  ) );
#1778 = ORIENTED_EDGE('',*,*,#1733,.F.);
#1779 = ORIENTED_EDGE('',*,*,#602,.F.);
#1780 = ADVANCED_FACE('',(#1781,#1807),#653,.F.);
#1781 = FACE_BOUND('',#1782,.F.);
#1782 = EDGE_LOOP('',(#1783));
#1783 = ORIENTED_EDGE('',*,*,#1784,.F.);
#1784 = EDGE_CURVE('',#1785,#1785,#1787,.T.);
#1785 = VERTEX_POINT('',#1786);
#1786 = CARTESIAN_POINT('',(-13.60998932424,9.890009863255,
    12.475000140916));
#1787 = SURFACE_CURVE('',#1788,(#1793,#1800),.PCURVE_S1.);
#1788 = CIRCLE('',#1789,16.);
#1789 = AXIS2_PLACEMENT_3D('',#1790,#1791,#1792);
#1790 = CARTESIAN_POINT('',(2.390010675755,9.890009863256,
    12.475000140915));
#1791 = DIRECTION('',(1.224646852585E-16,-1.,0.));
#1792 = DIRECTION('',(-1.,-1.224646852585E-16,2.368475785867E-16));
#1793 = PCURVE('',#653,#1794);
#1794 = DEFINITIONAL_REPRESENTATION('',(#1795),#1799);
#1795 = CIRCLE('',#1796,16.);
#1796 = AXIS2_PLACEMENT_2D('',#1797,#1798);
#1797 = CARTESIAN_POINT('',(103.57470597439,27.266808514552));
#1798 = DIRECTION('',(1.,-2.368475785867E-16));
#1799 = ( GEOMETRIC_REPRESENTATION_CONTEXT(2) 
PARAMETRIC_REPRESENTATION_CONTEXT() REPRESENTATION_CONTEXT('2D SPACE',''
  ) );
#1800 = PCURVE('',#1690,#1801);
#1801 = DEFINITIONAL_REPRESENTATION('',(#1802),#1806);
#1802 = LINE('',#1803,#1804);
#1803 = CARTESIAN_POINT('',(0.,4.712388980385));
#1804 = VECTOR('',#1805,1.);
#1805 = DIRECTION('',(1.,0.));
#1806 = ( GEOMETRIC_REPRESENTATION_CONTEXT(2) 
PARAMETRIC_REPRESENTATION_CONTEXT() REPRESENTATION_CONTEXT('2D SPACE',''
  ) );
#1807 = FACE_BOUND('',#1808,.F.);
#1808 = EDGE_LOOP('',(#1809,#1810,#1811,#1833,#1834,#1856,#1857,#1879,
    #1880,#1902,#1903,#1925,#1926));
#1809 = ORIENTED_EDGE('',*,*,#1757,.T.);
#1810 = ORIENTED_EDGE('',*,*,#637,.T.);
#1811 = ORIENTED_EDGE('',*,*,#1812,.T.);
#1812 = EDGE_CURVE('',#638,#998,#1813,.T.);
#1813 = SURFACE_CURVE('',#1814,(#1819,#1826),.PCURVE_S1.);
#1814 = CIRCLE('',#1815,26.);
#1815 = AXIS2_PLACEMENT_3D('',#1816,#1817,#1818);
#1816 = CARTESIAN_POINT('',(2.390010675755,9.890009863256,
    12.475000140916));
#1817 = DIRECTION('',(1.224646852585E-16,-1.,0.));
#1818 = DIRECTION('',(-1.,-1.224646852585E-16,0.));
#1819 = PCURVE('',#653,#1820);
#1820 = DEFINITIONAL_REPRESENTATION('',(#1821),#1825);
#1821 = CIRCLE('',#1822,26.);
#1822 = AXIS2_PLACEMENT_2D('',#1823,#1824);
#1823 = CARTESIAN_POINT('',(103.57470597439,27.266808514552));
#1824 = DIRECTION('',(1.,-0.));
#1825 = ( GEOMETRIC_REPRESENTATION_CONTEXT(2) 
PARAMETRIC_REPRESENTATION_CONTEXT() REPRESENTATION_CONTEXT('2D SPACE',''
  ) );
#1826 = PCURVE('',#682,#1827);
#1827 = DEFINITIONAL_REPRESENTATION('',(#1828),#1832);
#1828 = LINE('',#1829,#1830);
#1829 = CARTESIAN_POINT('',(0.,-2.309401076758));
#1830 = VECTOR('',#1831,1.);
#1831 = DIRECTION('',(1.,-0.));
#1832 = ( GEOMETRIC_REPRESENTATION_CONTEXT(2) 
PARAMETRIC_REPRESENTATION_CONTEXT() REPRESENTATION_CONTEXT('2D SPACE',''
  ) );
#1833 = ORIENTED_EDGE('',*,*,#1027,.T.);
#1834 = ORIENTED_EDGE('',*,*,#1835,.T.);
#1835 = EDGE_CURVE('',#1028,#1354,#1836,.T.);
#1836 = SURFACE_CURVE('',#1837,(#1842,#1849),.PCURVE_S1.);
#1837 = CIRCLE('',#1838,26.);
#1838 = AXIS2_PLACEMENT_3D('',#1839,#1840,#1841);
#1839 = CARTESIAN_POINT('',(2.390010675755,9.890009863256,
    12.475000140916));
#1840 = DIRECTION('',(1.224646852585E-16,-1.,0.));
#1841 = DIRECTION('',(-1.,-1.224646852585E-16,0.));
#1842 = PCURVE('',#653,#1843);
#1843 = DEFINITIONAL_REPRESENTATION('',(#1844),#1848);
#1844 = CIRCLE('',#1845,26.);
#1845 = AXIS2_PLACEMENT_2D('',#1846,#1847);
#1846 = CARTESIAN_POINT('',(103.57470597439,27.266808514552));
#1847 = DIRECTION('',(1.,-0.));
#1848 = ( GEOMETRIC_REPRESENTATION_CONTEXT(2) 
PARAMETRIC_REPRESENTATION_CONTEXT() REPRESENTATION_CONTEXT('2D SPACE',''
  ) );
#1849 = PCURVE('',#1067,#1850);
#1850 = DEFINITIONAL_REPRESENTATION('',(#1851),#1855);
#1851 = LINE('',#1852,#1853);
#1852 = CARTESIAN_POINT('',(0.,-2.309401076758));
#1853 = VECTOR('',#1854,1.);
#1854 = DIRECTION('',(1.,-0.));
#1855 = ( GEOMETRIC_REPRESENTATION_CONTEXT(2) 
PARAMETRIC_REPRESENTATION_CONTEXT() REPRESENTATION_CONTEXT('2D SPACE',''
  ) );
#1856 = ORIENTED_EDGE('',*,*,#1383,.T.);
#1857 = ORIENTED_EDGE('',*,*,#1858,.T.);
#1858 = EDGE_CURVE('',#1384,#1565,#1859,.T.);
#1859 = SURFACE_CURVE('',#1860,(#1865,#1872),.PCURVE_S1.);
#1860 = CIRCLE('',#1861,26.);
#1861 = AXIS2_PLACEMENT_3D('',#1862,#1863,#1864);
#1862 = CARTESIAN_POINT('',(2.390010675755,9.890009863256,
    12.475000140916));
#1863 = DIRECTION('',(1.224646852585E-16,-1.,0.));
#1864 = DIRECTION('',(-1.,-1.224646852585E-16,0.));
#1865 = PCURVE('',#653,#1866);
#1866 = DEFINITIONAL_REPRESENTATION('',(#1867),#1871);
#1867 = CIRCLE('',#1868,26.);
#1868 = AXIS2_PLACEMENT_2D('',#1869,#1870);
#1869 = CARTESIAN_POINT('',(103.57470597439,27.266808514552));
#1870 = DIRECTION('',(1.,-0.));
#1871 = ( GEOMETRIC_REPRESENTATION_CONTEXT(2) 
PARAMETRIC_REPRESENTATION_CONTEXT() REPRESENTATION_CONTEXT('2D SPACE',''
  ) );
#1872 = PCURVE('',#1423,#1873);
#1873 = DEFINITIONAL_REPRESENTATION('',(#1874),#1878);
#1874 = LINE('',#1875,#1876);
#1875 = CARTESIAN_POINT('',(0.,-2.309401076758));
#1876 = VECTOR('',#1877,1.);
#1877 = DIRECTION('',(1.,-0.));
#1878 = ( GEOMETRIC_REPRESENTATION_CONTEXT(2) 
PARAMETRIC_REPRESENTATION_CONTEXT() REPRESENTATION_CONTEXT('2D SPACE',''
  ) );
#1879 = ORIENTED_EDGE('',*,*,#1594,.T.);
#1880 = ORIENTED_EDGE('',*,*,#1881,.T.);
#1881 = EDGE_CURVE('',#1595,#1233,#1882,.T.);
#1882 = SURFACE_CURVE('',#1883,(#1888,#1895),.PCURVE_S1.);
#1883 = CIRCLE('',#1884,26.);
#1884 = AXIS2_PLACEMENT_3D('',#1885,#1886,#1887);
#1885 = CARTESIAN_POINT('',(2.390010675755,9.890009863256,
    12.475000140916));
#1886 = DIRECTION('',(1.224646852585E-16,-1.,0.));
#1887 = DIRECTION('',(-1.,-1.224646852585E-16,0.));
#1888 = PCURVE('',#653,#1889);
#1889 = DEFINITIONAL_REPRESENTATION('',(#1890),#1894);
#1890 = CIRCLE('',#1891,26.);
#1891 = AXIS2_PLACEMENT_2D('',#1892,#1893);
#1892 = CARTESIAN_POINT('',(103.57470597439,27.266808514552));
#1893 = DIRECTION('',(1.,-0.));
#1894 = ( GEOMETRIC_REPRESENTATION_CONTEXT(2) 
PARAMETRIC_REPRESENTATION_CONTEXT() REPRESENTATION_CONTEXT('2D SPACE',''
  ) );
#1895 = PCURVE('',#1249,#1896);
#1896 = DEFINITIONAL_REPRESENTATION('',(#1897),#1901);
#1897 = LINE('',#1898,#1899);
#1898 = CARTESIAN_POINT('',(0.,-2.309401076758));
#1899 = VECTOR('',#1900,1.);
#1900 = DIRECTION('',(1.,-0.));
#1901 = ( GEOMETRIC_REPRESENTATION_CONTEXT(2) 
PARAMETRIC_REPRESENTATION_CONTEXT() REPRESENTATION_CONTEXT('2D SPACE',''
  ) );
#1902 = ORIENTED_EDGE('',*,*,#1267,.T.);
#1903 = ORIENTED_EDGE('',*,*,#1904,.T.);
#1904 = EDGE_CURVE('',#1268,#877,#1905,.T.);
#1905 = SURFACE_CURVE('',#1906,(#1911,#1918),.PCURVE_S1.);
#1906 = CIRCLE('',#1907,26.);
#1907 = AXIS2_PLACEMENT_3D('',#1908,#1909,#1910);
#1908 = CARTESIAN_POINT('',(2.390010675755,9.890009863256,
    12.475000140916));
#1909 = DIRECTION('',(1.224646852585E-16,-1.,0.));
#1910 = DIRECTION('',(-1.,-1.224646852585E-16,0.));
#1911 = PCURVE('',#653,#1912);
#1912 = DEFINITIONAL_REPRESENTATION('',(#1913),#1917);
#1913 = CIRCLE('',#1914,26.);
#1914 = AXIS2_PLACEMENT_2D('',#1915,#1916);
#1915 = CARTESIAN_POINT('',(103.57470597439,27.266808514552));
#1916 = DIRECTION('',(1.,-0.));
#1917 = ( GEOMETRIC_REPRESENTATION_CONTEXT(2) 
PARAMETRIC_REPRESENTATION_CONTEXT() REPRESENTATION_CONTEXT('2D SPACE',''
  ) );
#1918 = PCURVE('',#893,#1919);
#1919 = DEFINITIONAL_REPRESENTATION('',(#1920),#1924);
#1920 = LINE('',#1921,#1922);
#1921 = CARTESIAN_POINT('',(0.,-2.309401076758));
#1922 = VECTOR('',#1923,1.);
#1923 = DIRECTION('',(1.,-0.));
#1924 = ( GEOMETRIC_REPRESENTATION_CONTEXT(2) 
PARAMETRIC_REPRESENTATION_CONTEXT() REPRESENTATION_CONTEXT('2D SPACE',''
  ) );
#1925 = ORIENTED_EDGE('',*,*,#911,.T.);
#1926 = ORIENTED_EDGE('',*,*,#1707,.T.);
#1927 = ADVANCED_FACE('',(#1928),#682,.T.);
#1928 = FACE_BOUND('',#1929,.F.);
#1929 = EDGE_LOOP('',(#1930,#1931,#1932));
#1930 = ORIENTED_EDGE('',*,*,#1812,.F.);
#1931 = ORIENTED_EDGE('',*,*,#665,.F.);
#1932 = ORIENTED_EDGE('',*,*,#997,.F.);
#1933 = ADVANCED_FACE('',(#1934),#893,.T.);
#1934 = FACE_BOUND('',#1935,.F.);
#1935 = EDGE_LOOP('',(#1936,#1937,#1938));
#1936 = ORIENTED_EDGE('',*,*,#1904,.F.);
#1937 = ORIENTED_EDGE('',*,*,#1290,.F.);
#1938 = ORIENTED_EDGE('',*,*,#876,.F.);
#1939 = ADVANCED_FACE('',(#1940),#1067,.T.);
#1940 = FACE_BOUND('',#1941,.F.);
#1941 = EDGE_LOOP('',(#1942,#1943,#1944));
#1942 = ORIENTED_EDGE('',*,*,#1835,.F.);
#1943 = ORIENTED_EDGE('',*,*,#1050,.F.);
#1944 = ORIENTED_EDGE('',*,*,#1353,.F.);
#1945 = ADVANCED_FACE('',(#1946),#1249,.T.);
#1946 = FACE_BOUND('',#1947,.F.);
#1947 = EDGE_LOOP('',(#1948,#1949,#1950));
#1948 = ORIENTED_EDGE('',*,*,#1881,.F.);
#1949 = ORIENTED_EDGE('',*,*,#1617,.F.);
#1950 = ORIENTED_EDGE('',*,*,#1232,.F.);
#1951 = ADVANCED_FACE('',(#1952),#1423,.T.);
#1952 = FACE_BOUND('',#1953,.F.);
#1953 = EDGE_LOOP('',(#1954,#1955,#1956));
#1954 = ORIENTED_EDGE('',*,*,#1858,.F.);
#1955 = ORIENTED_EDGE('',*,*,#1406,.F.);
#1956 = ORIENTED_EDGE('',*,*,#1564,.F.);
#1957 = ADVANCED_FACE('',(#1958),#1690,.T.);
#1958 = FACE_BOUND('',#1959,.T.);
#1959 = EDGE_LOOP('',(#1960,#1982,#1983,#1984));
#1960 = ORIENTED_EDGE('',*,*,#1961,.F.);
#1961 = EDGE_CURVE('',#1653,#1785,#1962,.T.);
#1962 = SEAM_CURVE('',#1963,(#1968,#1975),.PCURVE_S1.);
#1963 = CIRCLE('',#1964,1.);
#1964 = AXIS2_PLACEMENT_3D('',#1965,#1966,#1967);
#1965 = CARTESIAN_POINT('',(-13.60998932424,8.890009863256,
    12.475000140916));
#1966 = DIRECTION('',(2.368475785867E-16,2.900546416586E-32,1.));
#1967 = DIRECTION('',(-1.,-1.224646852585E-16,2.368475785867E-16));
#1968 = PCURVE('',#1690,#1969);
#1969 = DEFINITIONAL_REPRESENTATION('',(#1970),#1974);
#1970 = LINE('',#1971,#1972);
#1971 = CARTESIAN_POINT('',(0.,0.));
#1972 = VECTOR('',#1973,1.);
#1973 = DIRECTION('',(0.,1.));
#1974 = ( GEOMETRIC_REPRESENTATION_CONTEXT(2) 
PARAMETRIC_REPRESENTATION_CONTEXT() REPRESENTATION_CONTEXT('2D SPACE',''
  ) );
#1975 = PCURVE('',#1690,#1976);
#1976 = DEFINITIONAL_REPRESENTATION('',(#1977),#1981);
#1977 = LINE('',#1978,#1979);
#1978 = CARTESIAN_POINT('',(6.28318530718,0.));
#1979 = VECTOR('',#1980,1.);
#1980 = DIRECTION('',(0.,1.));
#1981 = ( GEOMETRIC_REPRESENTATION_CONTEXT(2) 
PARAMETRIC_REPRESENTATION_CONTEXT() REPRESENTATION_CONTEXT('2D SPACE',''
  ) );
#1982 = ORIENTED_EDGE('',*,*,#1675,.T.);
#1983 = ORIENTED_EDGE('',*,*,#1961,.T.);
#1984 = ORIENTED_EDGE('',*,*,#1784,.F.);
#1985 = ( GEOMETRIC_REPRESENTATION_CONTEXT(3) 
GLOBAL_UNCERTAINTY_ASSIGNED_CONTEXT((#1989)) 
GLOBAL_UNIT_ASSIGNED_CONTEXT((#1986,#1987,#1988)) REPRESENTATION_CONTEXT
('Context #1','3D Context with UNIT and UNCERTAINTY') );
#1986 = ( LENGTH_UNIT() NAMED_UNIT(*) SI_UNIT(.MILLI.,.METRE.) );
#1987 = ( NAMED_UNIT(*) PLANE_ANGLE_UNIT() SI_UNIT($,.RADIAN.) );
#1988 = ( NAMED_UNIT(*) SI_UNIT($,.STERADIAN.) SOLID_ANGLE_UNIT() );
#1989 = UNCERTAINTY_MEASURE_WITH_UNIT(LENGTH_MEASURE(2.E-07),#1986,
  'distance_accuracy_value','confusion accuracy');
#1990 = PRODUCT_RELATED_PRODUCT_CATEGORY('part',$,(#7));
ENDSEC;
END-ISO-10303-21;
