ISO-10303-21;
HEADER;
FILE_DESCRIPTION(('Open CASCADE Model'),'2;1');
FILE_NAME('Open CASCADE Shape Model','2026-07-16T16:43:28',('Author'),(
    'Open CASCADE'),'Open CASCADE STEP processor 8.0','Open CASCADE 8.0'
  ,'Unknown');
FILE_SCHEMA(('AUTOMOTIVE_DESIGN { 1 0 10303 214 1 1 1 1 }'));
ENDSEC;
DATA;
#1 = APPLICATION_PROTOCOL_DEFINITION('international standard',
  'automotive_design',2000,#2);
#2 = APPLICATION_CONTEXT(
  'core data for automotive mechanical design processes');
#3 = SHAPE_DEFINITION_REPRESENTATION(#4,#10);
#4 = PRODUCT_DEFINITION_SHAPE('','',#5);
#5 = PRODUCT_DEFINITION('design','',#6,#9);
#6 = PRODUCT_DEFINITION_FORMATION('','',#7);
#7 = PRODUCT('Open CASCADE STEP translator 8.0 1',
  'Open CASCADE STEP translator 8.0 1','',(#8));
#8 = PRODUCT_CONTEXT('',#2,'mechanical');
#9 = PRODUCT_DEFINITION_CONTEXT('part definition',#2,'design');
#10 = SHAPE_REPRESENTATION('',(#11,#15,#19,#23,#27),#31);
#11 = AXIS2_PLACEMENT_3D('',#12,#13,#14);
#12 = CARTESIAN_POINT('',(0.,0.,0.));
#13 = DIRECTION('',(0.,0.,1.));
#14 = DIRECTION('',(1.,0.,-0.));
#15 = AXIS2_PLACEMENT_3D('',#16,#17,#18);
#16 = CARTESIAN_POINT('',(117.9999963006,19.999994790645,0.));
#17 = DIRECTION('',(0.,-0.,1.));
#18 = DIRECTION('',(7.549789959871E-08,1.,0.));
#19 = AXIS2_PLACEMENT_3D('',#20,#21,#22);
#20 = CARTESIAN_POINT('',(117.9999963006,19.999994790645,0.));
#21 = DIRECTION('',(0.,-0.,1.));
#22 = DIRECTION('',(7.549789959871E-08,1.,0.));
#23 = AXIS2_PLACEMENT_3D('',#24,#25,#26);
#24 = CARTESIAN_POINT('',(117.9999963006,19.999994790645,0.));
#25 = DIRECTION('',(0.,-0.,1.));
#26 = DIRECTION('',(7.549789959871E-08,1.,0.));
#27 = AXIS2_PLACEMENT_3D('',#28,#29,#30);
#28 = CARTESIAN_POINT('',(117.9999963006,19.999994790645,0.));
#29 = DIRECTION('',(0.,-0.,1.));
#30 = DIRECTION('',(7.549789959871E-08,1.,0.));
#31 = ( GEOMETRIC_REPRESENTATION_CONTEXT(3) 
GLOBAL_UNCERTAINTY_ASSIGNED_CONTEXT((#35)) GLOBAL_UNIT_ASSIGNED_CONTEXT(
(#32,#33,#34)) REPRESENTATION_CONTEXT('Context #1',
  '3D Context with UNIT and UNCERTAINTY') );
#32 = ( LENGTH_UNIT() NAMED_UNIT(*) SI_UNIT(.MILLI.,.METRE.) );
#33 = ( NAMED_UNIT(*) PLANE_ANGLE_UNIT() SI_UNIT($,.RADIAN.) );
#34 = ( NAMED_UNIT(*) SI_UNIT($,.STERADIAN.) SOLID_ANGLE_UNIT() );
#35 = UNCERTAINTY_MEASURE_WITH_UNIT(LENGTH_MEASURE(1.E-07),#32,
  'distance_accuracy_value','confusion accuracy');
#36 = PRODUCT_RELATED_PRODUCT_CATEGORY('part',$,(#7));
#37 = SHAPE_DEFINITION_REPRESENTATION(#38,#44);
#38 = PRODUCT_DEFINITION_SHAPE('','',#39);
#39 = PRODUCT_DEFINITION('design','',#40,#43);
#40 = PRODUCT_DEFINITION_FORMATION('','',#41);
#41 = PRODUCT('Open CASCADE STEP translator 8.0 1.1',
  'Open CASCADE STEP translator 8.0 1.1','',(#42));
#42 = PRODUCT_CONTEXT('',#2,'mechanical');
#43 = PRODUCT_DEFINITION_CONTEXT('part definition',#2,'design');
#44 = ADVANCED_BREP_SHAPE_REPRESENTATION('',(#11,#45),#643);
#45 = MANIFOLD_SOLID_BREP('',#46);
#46 = CLOSED_SHELL('',(#47,#167,#248,#355,#404,#453,#485,#547,#596,#636)
  );
#47 = ADVANCED_FACE('',(#48),#62,.T.);
#48 = FACE_BOUND('',#49,.T.);
#49 = EDGE_LOOP('',(#50,#85,#113,#141));
#50 = ORIENTED_EDGE('',*,*,#51,.T.);
#51 = EDGE_CURVE('',#52,#54,#56,.T.);
#52 = VERTEX_POINT('',#53);
#53 = CARTESIAN_POINT('',(49.,-2.22044604925E-16,147.));
#54 = VERTEX_POINT('',#55);
#55 = CARTESIAN_POINT('',(48.,0.,147.));
#56 = SURFACE_CURVE('',#57,(#61,#73),.PCURVE_S1.);
#57 = LINE('',#58,#59);
#58 = CARTESIAN_POINT('',(50.,0.,147.));
#59 = VECTOR('',#60,1.);
#60 = DIRECTION('',(-1.,-0.,-0.));
#61 = PCURVE('',#62,#67);
#62 = PLANE('',#63);
#63 = AXIS2_PLACEMENT_3D('',#64,#65,#66);
#64 = CARTESIAN_POINT('',(50.,0.,147.));
#65 = DIRECTION('',(0.,-1.,0.));
#66 = DIRECTION('',(0.,-0.,-1.));
#67 = DEFINITIONAL_REPRESENTATION('',(#68),#72);
#68 = LINE('',#69,#70);
#69 = CARTESIAN_POINT('',(0.,0.));
#70 = VECTOR('',#71,1.);
#71 = DIRECTION('',(0.,-1.));
#72 = ( GEOMETRIC_REPRESENTATION_CONTEXT(2) 
PARAMETRIC_REPRESENTATION_CONTEXT() REPRESENTATION_CONTEXT('2D SPACE',''
  ) );
#73 = PCURVE('',#74,#79);
#74 = PLANE('',#75);
#75 = AXIS2_PLACEMENT_3D('',#76,#77,#78);
#76 = CARTESIAN_POINT('',(50.,70.,147.));
#77 = DIRECTION('',(0.,-1.836970198721E-16,1.));
#78 = DIRECTION('',(0.,-1.,-1.836970198721E-16));
#79 = DEFINITIONAL_REPRESENTATION('',(#80),#84);
#80 = LINE('',#81,#82);
#81 = CARTESIAN_POINT('',(70.,0.));
#82 = VECTOR('',#83,1.);
#83 = DIRECTION('',(0.,-1.));
#84 = ( GEOMETRIC_REPRESENTATION_CONTEXT(2) 
PARAMETRIC_REPRESENTATION_CONTEXT() REPRESENTATION_CONTEXT('2D SPACE',''
  ) );
#85 = ORIENTED_EDGE('',*,*,#86,.T.);
#86 = EDGE_CURVE('',#54,#87,#89,.T.);
#87 = VERTEX_POINT('',#88);
#88 = CARTESIAN_POINT('',(48.,7.105427357601E-15,103.5));
#89 = SURFACE_CURVE('',#90,(#94,#101),.PCURVE_S1.);
#90 = LINE('',#91,#92);
#91 = CARTESIAN_POINT('',(48.,0.,146.95487976074));
#92 = VECTOR('',#93,1.);
#93 = DIRECTION('',(0.,0.,-1.));
#94 = PCURVE('',#62,#95);
#95 = DEFINITIONAL_REPRESENTATION('',(#96),#100);
#96 = LINE('',#97,#98);
#97 = CARTESIAN_POINT('',(4.512023925781E-02,-2.));
#98 = VECTOR('',#99,1.);
#99 = DIRECTION('',(1.,0.));
#100 = ( GEOMETRIC_REPRESENTATION_CONTEXT(2) 
PARAMETRIC_REPRESENTATION_CONTEXT() REPRESENTATION_CONTEXT('2D SPACE',''
  ) );
#101 = PCURVE('',#102,#107);
#102 = PLANE('',#103);
#103 = AXIS2_PLACEMENT_3D('',#104,#105,#106);
#104 = CARTESIAN_POINT('',(48.,35.,75.));
#105 = DIRECTION('',(1.,0.,0.));
#106 = DIRECTION('',(0.,0.,1.));
#107 = DEFINITIONAL_REPRESENTATION('',(#108),#112);
#108 = LINE('',#109,#110);
#109 = CARTESIAN_POINT('',(71.954879760742,35.));
#110 = VECTOR('',#111,1.);
#111 = DIRECTION('',(-1.,0.));
#112 = ( GEOMETRIC_REPRESENTATION_CONTEXT(2) 
PARAMETRIC_REPRESENTATION_CONTEXT() REPRESENTATION_CONTEXT('2D SPACE',''
  ) );
#113 = ORIENTED_EDGE('',*,*,#114,.F.);
#114 = EDGE_CURVE('',#115,#87,#117,.T.);
#115 = VERTEX_POINT('',#116);
#116 = CARTESIAN_POINT('',(49.,7.105427357601E-15,103.5));
#117 = SURFACE_CURVE('',#118,(#122,#129),.PCURVE_S1.);
#118 = LINE('',#119,#120);
#119 = CARTESIAN_POINT('',(50.,7.105427357601E-15,103.5));
#120 = VECTOR('',#121,1.);
#121 = DIRECTION('',(-1.,-0.,-0.));
#122 = PCURVE('',#62,#123);
#123 = DEFINITIONAL_REPRESENTATION('',(#124),#128);
#124 = LINE('',#125,#126);
#125 = CARTESIAN_POINT('',(43.5,0.));
#126 = VECTOR('',#127,1.);
#127 = DIRECTION('',(0.,-1.));
#128 = ( GEOMETRIC_REPRESENTATION_CONTEXT(2) 
PARAMETRIC_REPRESENTATION_CONTEXT() REPRESENTATION_CONTEXT('2D SPACE',''
  ) );
#129 = PCURVE('',#130,#135);
#130 = PLANE('',#131);
#131 = AXIS2_PLACEMENT_3D('',#132,#133,#134);
#132 = CARTESIAN_POINT('',(50.,7.105427357601E-15,103.5));
#133 = DIRECTION('',(0.,6.123233995737E-17,-1.));
#134 = DIRECTION('',(0.,1.,6.123233995737E-17));
#135 = DEFINITIONAL_REPRESENTATION('',(#136),#140);
#136 = LINE('',#137,#138);
#137 = CARTESIAN_POINT('',(0.,0.));
#138 = VECTOR('',#139,1.);
#139 = DIRECTION('',(0.,-1.));
#140 = ( GEOMETRIC_REPRESENTATION_CONTEXT(2) 
PARAMETRIC_REPRESENTATION_CONTEXT() REPRESENTATION_CONTEXT('2D SPACE',''
  ) );
#141 = ORIENTED_EDGE('',*,*,#142,.F.);
#142 = EDGE_CURVE('',#52,#115,#143,.T.);
#143 = SURFACE_CURVE('',#144,(#148,#155),.PCURVE_S1.);
#144 = LINE('',#145,#146);
#145 = CARTESIAN_POINT('',(49.,-2.22044604925E-16,147.));
#146 = VECTOR('',#147,1.);
#147 = DIRECTION('',(0.,-0.,-1.));
#148 = PCURVE('',#62,#149);
#149 = DEFINITIONAL_REPRESENTATION('',(#150),#154);
#150 = LINE('',#151,#152);
#151 = CARTESIAN_POINT('',(0.,-1.));
#152 = VECTOR('',#153,1.);
#153 = DIRECTION('',(1.,0.));
#154 = ( GEOMETRIC_REPRESENTATION_CONTEXT(2) 
PARAMETRIC_REPRESENTATION_CONTEXT() REPRESENTATION_CONTEXT('2D SPACE',''
  ) );
#155 = PCURVE('',#156,#161);
#156 = CYLINDRICAL_SURFACE('',#157,1.);
#157 = AXIS2_PLACEMENT_3D('',#158,#159,#160);
#158 = CARTESIAN_POINT('',(49.,1.,147.));
#159 = DIRECTION('',(0.,-0.,-1.));
#160 = DIRECTION('',(0.,-1.,0.));
#161 = DEFINITIONAL_REPRESENTATION('',(#162),#166);
#162 = LINE('',#163,#164);
#163 = CARTESIAN_POINT('',(-0.,0.));
#164 = VECTOR('',#165,1.);
#165 = DIRECTION('',(-0.,1.));
#166 = ( GEOMETRIC_REPRESENTATION_CONTEXT(2) 
PARAMETRIC_REPRESENTATION_CONTEXT() REPRESENTATION_CONTEXT('2D SPACE',''
  ) );
#167 = ADVANCED_FACE('',(#168),#74,.T.);
#168 = FACE_BOUND('',#169,.T.);
#169 = EDGE_LOOP('',(#170,#200,#221,#222));
#170 = ORIENTED_EDGE('',*,*,#171,.T.);
#171 = EDGE_CURVE('',#172,#174,#176,.T.);
#172 = VERTEX_POINT('',#173);
#173 = CARTESIAN_POINT('',(49.,70.,147.));
#174 = VERTEX_POINT('',#175);
#175 = CARTESIAN_POINT('',(48.,70.,147.));
#176 = SURFACE_CURVE('',#177,(#181,#188),.PCURVE_S1.);
#177 = LINE('',#178,#179);
#178 = CARTESIAN_POINT('',(50.,70.,147.));
#179 = VECTOR('',#180,1.);
#180 = DIRECTION('',(-1.,-0.,-0.));
#181 = PCURVE('',#74,#182);
#182 = DEFINITIONAL_REPRESENTATION('',(#183),#187);
#183 = LINE('',#184,#185);
#184 = CARTESIAN_POINT('',(0.,0.));
#185 = VECTOR('',#186,1.);
#186 = DIRECTION('',(0.,-1.));
#187 = ( GEOMETRIC_REPRESENTATION_CONTEXT(2) 
PARAMETRIC_REPRESENTATION_CONTEXT() REPRESENTATION_CONTEXT('2D SPACE',''
  ) );
#188 = PCURVE('',#189,#194);
#189 = PLANE('',#190);
#190 = AXIS2_PLACEMENT_3D('',#191,#192,#193);
#191 = CARTESIAN_POINT('',(50.,70.,103.5));
#192 = DIRECTION('',(0.,1.,0.));
#193 = DIRECTION('',(0.,-0.,1.));
#194 = DEFINITIONAL_REPRESENTATION('',(#195),#199);
#195 = LINE('',#196,#197);
#196 = CARTESIAN_POINT('',(43.5,0.));
#197 = VECTOR('',#198,1.);
#198 = DIRECTION('',(0.,-1.));
#199 = ( GEOMETRIC_REPRESENTATION_CONTEXT(2) 
PARAMETRIC_REPRESENTATION_CONTEXT() REPRESENTATION_CONTEXT('2D SPACE',''
  ) );
#200 = ORIENTED_EDGE('',*,*,#201,.T.);
#201 = EDGE_CURVE('',#174,#54,#202,.T.);
#202 = SURFACE_CURVE('',#203,(#207,#214),.PCURVE_S1.);
#203 = LINE('',#204,#205);
#204 = CARTESIAN_POINT('',(48.,70.,147.));
#205 = VECTOR('',#206,1.);
#206 = DIRECTION('',(0.,-1.,-1.836970198721E-16));
#207 = PCURVE('',#74,#208);
#208 = DEFINITIONAL_REPRESENTATION('',(#209),#213);
#209 = LINE('',#210,#211);
#210 = CARTESIAN_POINT('',(-0.,-2.));
#211 = VECTOR('',#212,1.);
#212 = DIRECTION('',(1.,0.));
#213 = ( GEOMETRIC_REPRESENTATION_CONTEXT(2) 
PARAMETRIC_REPRESENTATION_CONTEXT() REPRESENTATION_CONTEXT('2D SPACE',''
  ) );
#214 = PCURVE('',#102,#215);
#215 = DEFINITIONAL_REPRESENTATION('',(#216),#220);
#216 = LINE('',#217,#218);
#217 = CARTESIAN_POINT('',(72.,-35.));
#218 = VECTOR('',#219,1.);
#219 = DIRECTION('',(-1.836970198721E-16,1.));
#220 = ( GEOMETRIC_REPRESENTATION_CONTEXT(2) 
PARAMETRIC_REPRESENTATION_CONTEXT() REPRESENTATION_CONTEXT('2D SPACE',''
  ) );
#221 = ORIENTED_EDGE('',*,*,#51,.F.);
#222 = ORIENTED_EDGE('',*,*,#223,.F.);
#223 = EDGE_CURVE('',#172,#52,#224,.T.);
#224 = SURFACE_CURVE('',#225,(#229,#236),.PCURVE_S1.);
#225 = LINE('',#226,#227);
#226 = CARTESIAN_POINT('',(49.,70.,147.));
#227 = VECTOR('',#228,1.);
#228 = DIRECTION('',(0.,-1.,-1.836970198721E-16));
#229 = PCURVE('',#74,#230);
#230 = DEFINITIONAL_REPRESENTATION('',(#231),#235);
#231 = LINE('',#232,#233);
#232 = CARTESIAN_POINT('',(0.,-1.));
#233 = VECTOR('',#234,1.);
#234 = DIRECTION('',(1.,0.));
#235 = ( GEOMETRIC_REPRESENTATION_CONTEXT(2) 
PARAMETRIC_REPRESENTATION_CONTEXT() REPRESENTATION_CONTEXT('2D SPACE',''
  ) );
#236 = PCURVE('',#237,#242);
#237 = CYLINDRICAL_SURFACE('',#238,1.);
#238 = AXIS2_PLACEMENT_3D('',#239,#240,#241);
#239 = CARTESIAN_POINT('',(49.,70.,146.));
#240 = DIRECTION('',(0.,-1.,-1.836970198721E-16));
#241 = DIRECTION('',(0.,-1.836970198721E-16,1.));
#242 = DEFINITIONAL_REPRESENTATION('',(#243),#247);
#243 = LINE('',#244,#245);
#244 = CARTESIAN_POINT('',(-0.,0.));
#245 = VECTOR('',#246,1.);
#246 = DIRECTION('',(-0.,1.));
#247 = ( GEOMETRIC_REPRESENTATION_CONTEXT(2) 
PARAMETRIC_REPRESENTATION_CONTEXT() REPRESENTATION_CONTEXT('2D SPACE',''
  ) );
#248 = ADVANCED_FACE('',(#249),#156,.T.);
#249 = FACE_BOUND('',#250,.F.);
#250 = EDGE_LOOP('',(#251,#287,#315,#354));
#251 = ORIENTED_EDGE('',*,*,#252,.T.);
#252 = EDGE_CURVE('',#52,#253,#255,.T.);
#253 = VERTEX_POINT('',#254);
#254 = CARTESIAN_POINT('',(50.,1.,146.));
#255 = SURFACE_CURVE('',#256,(#261,#274),.PCURVE_S1.);
#256 = ELLIPSE('',#257,1.414213562373,1.);
#257 = AXIS2_PLACEMENT_3D('',#258,#259,#260);
#258 = CARTESIAN_POINT('',(49.,1.,146.));
#259 = DIRECTION('',(0.,0.707106781187,0.707106781187));
#260 = DIRECTION('',(0.,0.707106781187,-0.707106781187));
#261 = PCURVE('',#156,#262);
#262 = DEFINITIONAL_REPRESENTATION('',(#263),#273);
#263 = B_SPLINE_CURVE_WITH_KNOTS('',8,(#264,#265,#266,#267,#268,#269,
    #270,#271,#272),.UNSPECIFIED.,.F.,.F.,(9,9),(3.14159265359,
    4.712388980385),.PIECEWISE_BEZIER_KNOTS.);
#264 = CARTESIAN_POINT('',(-3.553986918471E-15,-4.999997279873E-19));
#265 = CARTESIAN_POINT('',(-0.196349541599,1.963495808913E-10));
#266 = CARTESIAN_POINT('',(-0.392699082199,4.406077626706E-02));
#267 = CARTESIAN_POINT('',(-0.589048622795,0.1321819539));
#268 = CARTESIAN_POINT('',(-0.785398163402,0.260741249509));
#269 = CARTESIAN_POINT('',(-0.981747703993,0.422486738627));
#270 = CARTESIAN_POINT('',(-1.178097244597,0.607300871226));
#271 = CARTESIAN_POINT('',(-1.374446785196,0.803650458401));
#272 = CARTESIAN_POINT('',(-1.570796326795,1.));
#273 = ( GEOMETRIC_REPRESENTATION_CONTEXT(2) 
PARAMETRIC_REPRESENTATION_CONTEXT() REPRESENTATION_CONTEXT('2D SPACE',''
  ) );
#274 = PCURVE('',#237,#275);
#275 = DEFINITIONAL_REPRESENTATION('',(#276),#286);
#276 = B_SPLINE_CURVE_WITH_KNOTS('',8,(#277,#278,#279,#280,#281,#282,
    #283,#284,#285),.UNSPECIFIED.,.F.,.F.,(9,9),(3.14159265359,
    4.712388980385),.PIECEWISE_BEZIER_KNOTS.);
#277 = CARTESIAN_POINT('',(-3.553986918678E-15,70.));
#278 = CARTESIAN_POINT('',(-0.196349541599,69.999999999804));
#279 = CARTESIAN_POINT('',(-0.392699082198,69.955939223611));
#280 = CARTESIAN_POINT('',(-0.589048622799,69.867818046361));
#281 = CARTESIAN_POINT('',(-0.785398163395,69.739258749934));
#282 = CARTESIAN_POINT('',(-0.981747703997,69.577513261524));
#283 = CARTESIAN_POINT('',(-1.178097244595,69.392699128686));
#284 = CARTESIAN_POINT('',(-1.374446785196,69.196349541599));
#285 = CARTESIAN_POINT('',(-1.570796326795,69.));
#286 = ( GEOMETRIC_REPRESENTATION_CONTEXT(2) 
PARAMETRIC_REPRESENTATION_CONTEXT() REPRESENTATION_CONTEXT('2D SPACE',''
  ) );
#287 = ORIENTED_EDGE('',*,*,#288,.T.);
#288 = EDGE_CURVE('',#253,#289,#291,.T.);
#289 = VERTEX_POINT('',#290);
#290 = CARTESIAN_POINT('',(50.,1.,104.5));
#291 = SURFACE_CURVE('',#292,(#296,#303),.PCURVE_S1.);
#292 = LINE('',#293,#294);
#293 = CARTESIAN_POINT('',(50.,1.,147.));
#294 = VECTOR('',#295,1.);
#295 = DIRECTION('',(0.,-0.,-1.));
#296 = PCURVE('',#156,#297);
#297 = DEFINITIONAL_REPRESENTATION('',(#298),#302);
#298 = LINE('',#299,#300);
#299 = CARTESIAN_POINT('',(-1.570796326795,0.));
#300 = VECTOR('',#301,1.);
#301 = DIRECTION('',(-0.,1.));
#302 = ( GEOMETRIC_REPRESENTATION_CONTEXT(2) 
PARAMETRIC_REPRESENTATION_CONTEXT() REPRESENTATION_CONTEXT('2D SPACE',''
  ) );
#303 = PCURVE('',#304,#309);
#304 = PLANE('',#305);
#305 = AXIS2_PLACEMENT_3D('',#306,#307,#308);
#306 = CARTESIAN_POINT('',(50.,35.,75.));
#307 = DIRECTION('',(1.,0.,0.));
#308 = DIRECTION('',(0.,0.,1.));
#309 = DEFINITIONAL_REPRESENTATION('',(#310),#314);
#310 = LINE('',#311,#312);
#311 = CARTESIAN_POINT('',(72.,34.));
#312 = VECTOR('',#313,1.);
#313 = DIRECTION('',(-1.,0.));
#314 = ( GEOMETRIC_REPRESENTATION_CONTEXT(2) 
PARAMETRIC_REPRESENTATION_CONTEXT() REPRESENTATION_CONTEXT('2D SPACE',''
  ) );
#315 = ORIENTED_EDGE('',*,*,#316,.F.);
#316 = EDGE_CURVE('',#115,#289,#317,.T.);
#317 = SURFACE_CURVE('',#318,(#323,#336),.PCURVE_S1.);
#318 = ELLIPSE('',#319,1.414213562373,1.);
#319 = AXIS2_PLACEMENT_3D('',#320,#321,#322);
#320 = CARTESIAN_POINT('',(49.,1.,104.5));
#321 = DIRECTION('',(0.,-0.707106781187,0.707106781187));
#322 = DIRECTION('',(0.,0.707106781187,0.707106781187));
#323 = PCURVE('',#156,#324);
#324 = DEFINITIONAL_REPRESENTATION('',(#325),#335);
#325 = B_SPLINE_CURVE_WITH_KNOTS('',8,(#326,#327,#328,#329,#330,#331,
    #332,#333,#334),.UNSPECIFIED.,.F.,.F.,(9,9),(3.14159265359,
    4.712388980385),.PIECEWISE_BEZIER_KNOTS.);
#326 = CARTESIAN_POINT('',(-3.553986918678E-15,43.5));
#327 = CARTESIAN_POINT('',(-0.196349541599,43.499999999804));
#328 = CARTESIAN_POINT('',(-0.392699082198,43.455939223662));
#329 = CARTESIAN_POINT('',(-0.589048622798,43.367818046274));
#330 = CARTESIAN_POINT('',(-0.785398163394,43.239258749934));
#331 = CARTESIAN_POINT('',(-0.981747703998,43.077513261582));
#332 = CARTESIAN_POINT('',(-1.178097244595,42.892699128686));
#333 = CARTESIAN_POINT('',(-1.374446785196,42.696349541599));
#334 = CARTESIAN_POINT('',(-1.570796326795,42.5));
#335 = ( GEOMETRIC_REPRESENTATION_CONTEXT(2) 
PARAMETRIC_REPRESENTATION_CONTEXT() REPRESENTATION_CONTEXT('2D SPACE',''
  ) );
#336 = PCURVE('',#337,#342);
#337 = CYLINDRICAL_SURFACE('',#338,1.);
#338 = AXIS2_PLACEMENT_3D('',#339,#340,#341);
#339 = CARTESIAN_POINT('',(49.,7.044195017644E-15,104.5));
#340 = DIRECTION('',(0.,1.,6.123233995737E-17));
#341 = DIRECTION('',(0.,6.123233995737E-17,-1.));
#342 = DEFINITIONAL_REPRESENTATION('',(#343),#353);
#343 = B_SPLINE_CURVE_WITH_KNOTS('',8,(#344,#345,#346,#347,#348,#349,
    #350,#351,#352),.UNSPECIFIED.,.F.,.F.,(9,9),(3.14159265359,
    4.712388980385),.PIECEWISE_BEZIER_KNOTS.);
#344 = CARTESIAN_POINT('',(-3.553986918678E-15,-7.327971962254E-15));
#345 = CARTESIAN_POINT('',(-0.196349541599,1.963422534193E-10));
#346 = CARTESIAN_POINT('',(-0.392699082197,4.406077626666E-02));
#347 = CARTESIAN_POINT('',(-0.5890486228,0.132181953902));
#348 = CARTESIAN_POINT('',(-0.78539816339,0.260741249507));
#349 = CARTESIAN_POINT('',(-0.981747703999,0.422486738627));
#350 = CARTESIAN_POINT('',(-1.178097244595,0.607300871226));
#351 = CARTESIAN_POINT('',(-1.374446785196,0.803650458401));
#352 = CARTESIAN_POINT('',(-1.570796326795,1.));
#353 = ( GEOMETRIC_REPRESENTATION_CONTEXT(2) 
PARAMETRIC_REPRESENTATION_CONTEXT() REPRESENTATION_CONTEXT('2D SPACE',''
  ) );
#354 = ORIENTED_EDGE('',*,*,#142,.F.);
#355 = ADVANCED_FACE('',(#356),#102,.F.);
#356 = FACE_BOUND('',#357,.F.);
#357 = EDGE_LOOP('',(#358,#359,#382,#403));
#358 = ORIENTED_EDGE('',*,*,#86,.T.);
#359 = ORIENTED_EDGE('',*,*,#360,.T.);
#360 = EDGE_CURVE('',#87,#361,#363,.T.);
#361 = VERTEX_POINT('',#362);
#362 = CARTESIAN_POINT('',(48.,70.,103.5));
#363 = SURFACE_CURVE('',#364,(#368,#375),.PCURVE_S1.);
#364 = LINE('',#365,#366);
#365 = CARTESIAN_POINT('',(48.,0.,103.5));
#366 = VECTOR('',#367,1.);
#367 = DIRECTION('',(0.,1.,6.123233995737E-17));
#368 = PCURVE('',#102,#369);
#369 = DEFINITIONAL_REPRESENTATION('',(#370),#374);
#370 = LINE('',#371,#372);
#371 = CARTESIAN_POINT('',(28.5,35.));
#372 = VECTOR('',#373,1.);
#373 = DIRECTION('',(6.123233995737E-17,-1.));
#374 = ( GEOMETRIC_REPRESENTATION_CONTEXT(2) 
PARAMETRIC_REPRESENTATION_CONTEXT() REPRESENTATION_CONTEXT('2D SPACE',''
  ) );
#375 = PCURVE('',#130,#376);
#376 = DEFINITIONAL_REPRESENTATION('',(#377),#381);
#377 = LINE('',#378,#379);
#378 = CARTESIAN_POINT('',(-7.105427357601E-15,-2.));
#379 = VECTOR('',#380,1.);
#380 = DIRECTION('',(1.,0.));
#381 = ( GEOMETRIC_REPRESENTATION_CONTEXT(2) 
PARAMETRIC_REPRESENTATION_CONTEXT() REPRESENTATION_CONTEXT('2D SPACE',''
  ) );
#382 = ORIENTED_EDGE('',*,*,#383,.T.);
#383 = EDGE_CURVE('',#361,#174,#384,.T.);
#384 = SURFACE_CURVE('',#385,(#389,#396),.PCURVE_S1.);
#385 = LINE('',#386,#387);
#386 = CARTESIAN_POINT('',(48.,70.,104.24576568603));
#387 = VECTOR('',#388,1.);
#388 = DIRECTION('',(0.,0.,1.));
#389 = PCURVE('',#102,#390);
#390 = DEFINITIONAL_REPRESENTATION('',(#391),#395);
#391 = LINE('',#392,#393);
#392 = CARTESIAN_POINT('',(29.245765686035,-35.));
#393 = VECTOR('',#394,1.);
#394 = DIRECTION('',(1.,0.));
#395 = ( GEOMETRIC_REPRESENTATION_CONTEXT(2) 
PARAMETRIC_REPRESENTATION_CONTEXT() REPRESENTATION_CONTEXT('2D SPACE',''
  ) );
#396 = PCURVE('',#189,#397);
#397 = DEFINITIONAL_REPRESENTATION('',(#398),#402);
#398 = LINE('',#399,#400);
#399 = CARTESIAN_POINT('',(0.745765686035,-2.));
#400 = VECTOR('',#401,1.);
#401 = DIRECTION('',(1.,0.));
#402 = ( GEOMETRIC_REPRESENTATION_CONTEXT(2) 
PARAMETRIC_REPRESENTATION_CONTEXT() REPRESENTATION_CONTEXT('2D SPACE',''
  ) );
#403 = ORIENTED_EDGE('',*,*,#201,.T.);
#404 = ADVANCED_FACE('',(#405),#130,.T.);
#405 = FACE_BOUND('',#406,.T.);
#406 = EDGE_LOOP('',(#407,#408,#409,#432));
#407 = ORIENTED_EDGE('',*,*,#114,.T.);
#408 = ORIENTED_EDGE('',*,*,#360,.T.);
#409 = ORIENTED_EDGE('',*,*,#410,.F.);
#410 = EDGE_CURVE('',#411,#361,#413,.T.);
#411 = VERTEX_POINT('',#412);
#412 = CARTESIAN_POINT('',(49.,70.,103.5));
#413 = SURFACE_CURVE('',#414,(#418,#425),.PCURVE_S1.);
#414 = LINE('',#415,#416);
#415 = CARTESIAN_POINT('',(50.,70.,103.5));
#416 = VECTOR('',#417,1.);
#417 = DIRECTION('',(-1.,-0.,-0.));
#418 = PCURVE('',#130,#419);
#419 = DEFINITIONAL_REPRESENTATION('',(#420),#424);
#420 = LINE('',#421,#422);
#421 = CARTESIAN_POINT('',(70.,0.));
#422 = VECTOR('',#423,1.);
#423 = DIRECTION('',(0.,-1.));
#424 = ( GEOMETRIC_REPRESENTATION_CONTEXT(2) 
PARAMETRIC_REPRESENTATION_CONTEXT() REPRESENTATION_CONTEXT('2D SPACE',''
  ) );
#425 = PCURVE('',#189,#426);
#426 = DEFINITIONAL_REPRESENTATION('',(#427),#431);
#427 = LINE('',#428,#429);
#428 = CARTESIAN_POINT('',(0.,0.));
#429 = VECTOR('',#430,1.);
#430 = DIRECTION('',(0.,-1.));
#431 = ( GEOMETRIC_REPRESENTATION_CONTEXT(2) 
PARAMETRIC_REPRESENTATION_CONTEXT() REPRESENTATION_CONTEXT('2D SPACE',''
  ) );
#432 = ORIENTED_EDGE('',*,*,#433,.F.);
#433 = EDGE_CURVE('',#115,#411,#434,.T.);
#434 = SURFACE_CURVE('',#435,(#439,#446),.PCURVE_S1.);
#435 = LINE('',#436,#437);
#436 = CARTESIAN_POINT('',(49.,7.105427357601E-15,103.5));
#437 = VECTOR('',#438,1.);
#438 = DIRECTION('',(0.,1.,6.123233995737E-17));
#439 = PCURVE('',#130,#440);
#440 = DEFINITIONAL_REPRESENTATION('',(#441),#445);
#441 = LINE('',#442,#443);
#442 = CARTESIAN_POINT('',(0.,-1.));
#443 = VECTOR('',#444,1.);
#444 = DIRECTION('',(1.,0.));
#445 = ( GEOMETRIC_REPRESENTATION_CONTEXT(2) 
PARAMETRIC_REPRESENTATION_CONTEXT() REPRESENTATION_CONTEXT('2D SPACE',''
  ) );
#446 = PCURVE('',#337,#447);
#447 = DEFINITIONAL_REPRESENTATION('',(#448),#452);
#448 = LINE('',#449,#450);
#449 = CARTESIAN_POINT('',(-0.,0.));
#450 = VECTOR('',#451,1.);
#451 = DIRECTION('',(-0.,1.));
#452 = ( GEOMETRIC_REPRESENTATION_CONTEXT(2) 
PARAMETRIC_REPRESENTATION_CONTEXT() REPRESENTATION_CONTEXT('2D SPACE',''
  ) );
#453 = ADVANCED_FACE('',(#454),#189,.T.);
#454 = FACE_BOUND('',#455,.T.);
#455 = EDGE_LOOP('',(#456,#457,#458,#459));
#456 = ORIENTED_EDGE('',*,*,#410,.T.);
#457 = ORIENTED_EDGE('',*,*,#383,.T.);
#458 = ORIENTED_EDGE('',*,*,#171,.F.);
#459 = ORIENTED_EDGE('',*,*,#460,.F.);
#460 = EDGE_CURVE('',#411,#172,#461,.T.);
#461 = SURFACE_CURVE('',#462,(#466,#473),.PCURVE_S1.);
#462 = LINE('',#463,#464);
#463 = CARTESIAN_POINT('',(49.,70.,103.5));
#464 = VECTOR('',#465,1.);
#465 = DIRECTION('',(0.,0.,1.));
#466 = PCURVE('',#189,#467);
#467 = DEFINITIONAL_REPRESENTATION('',(#468),#472);
#468 = LINE('',#469,#470);
#469 = CARTESIAN_POINT('',(0.,-1.));
#470 = VECTOR('',#471,1.);
#471 = DIRECTION('',(1.,0.));
#472 = ( GEOMETRIC_REPRESENTATION_CONTEXT(2) 
PARAMETRIC_REPRESENTATION_CONTEXT() REPRESENTATION_CONTEXT('2D SPACE',''
  ) );
#473 = PCURVE('',#474,#479);
#474 = CYLINDRICAL_SURFACE('',#475,1.);
#475 = AXIS2_PLACEMENT_3D('',#476,#477,#478);
#476 = CARTESIAN_POINT('',(49.,69.,103.5));
#477 = DIRECTION('',(0.,0.,1.));
#478 = DIRECTION('',(0.,1.,0.));
#479 = DEFINITIONAL_REPRESENTATION('',(#480),#484);
#480 = LINE('',#481,#482);
#481 = CARTESIAN_POINT('',(-0.,0.));
#482 = VECTOR('',#483,1.);
#483 = DIRECTION('',(-0.,1.));
#484 = ( GEOMETRIC_REPRESENTATION_CONTEXT(2) 
PARAMETRIC_REPRESENTATION_CONTEXT() REPRESENTATION_CONTEXT('2D SPACE',''
  ) );
#485 = ADVANCED_FACE('',(#486),#237,.T.);
#486 = FACE_BOUND('',#487,.F.);
#487 = EDGE_LOOP('',(#488,#524,#545,#546));
#488 = ORIENTED_EDGE('',*,*,#489,.T.);
#489 = EDGE_CURVE('',#172,#490,#492,.T.);
#490 = VERTEX_POINT('',#491);
#491 = CARTESIAN_POINT('',(50.,69.,146.));
#492 = SURFACE_CURVE('',#493,(#498,#511),.PCURVE_S1.);
#493 = ELLIPSE('',#494,1.414213562373,1.);
#494 = AXIS2_PLACEMENT_3D('',#495,#496,#497);
#495 = CARTESIAN_POINT('',(49.,69.,146.));
#496 = DIRECTION('',(-0.,0.707106781187,-0.707106781187));
#497 = DIRECTION('',(0.,0.707106781187,0.707106781187));
#498 = PCURVE('',#237,#499);
#499 = DEFINITIONAL_REPRESENTATION('',(#500),#510);
#500 = B_SPLINE_CURVE_WITH_KNOTS('',8,(#501,#502,#503,#504,#505,#506,
    #507,#508,#509),.UNSPECIFIED.,.F.,.F.,(9,9),(0.,1.570796326795),
  .PIECEWISE_BEZIER_KNOTS.);
#501 = CARTESIAN_POINT('',(-3.553986918678E-15,-4.999998504552E-19));
#502 = CARTESIAN_POINT('',(-0.196349541599,1.963496049372E-10));
#503 = CARTESIAN_POINT('',(-0.392699082198,4.406077626678E-02));
#504 = CARTESIAN_POINT('',(-0.589048622795,0.132181953901));
#505 = CARTESIAN_POINT('',(-0.785398163396,0.260741249507));
#506 = CARTESIAN_POINT('',(-0.981747703996,0.422486738626));
#507 = CARTESIAN_POINT('',(-1.178097244595,0.607300871226));
#508 = CARTESIAN_POINT('',(-1.374446785196,0.803650458401));
#509 = CARTESIAN_POINT('',(-1.570796326795,1.));
#510 = ( GEOMETRIC_REPRESENTATION_CONTEXT(2) 
PARAMETRIC_REPRESENTATION_CONTEXT() REPRESENTATION_CONTEXT('2D SPACE',''
  ) );
#511 = PCURVE('',#474,#512);
#512 = DEFINITIONAL_REPRESENTATION('',(#513),#523);
#513 = B_SPLINE_CURVE_WITH_KNOTS('',8,(#514,#515,#516,#517,#518,#519,
    #520,#521,#522),.UNSPECIFIED.,.F.,.F.,(9,9),(0.,1.570796326795),
  .PIECEWISE_BEZIER_KNOTS.);
#514 = CARTESIAN_POINT('',(-3.553986918678E-15,43.5));
#515 = CARTESIAN_POINT('',(-0.196349541599,43.499999999804));
#516 = CARTESIAN_POINT('',(-0.392699082198,43.455939223757));
#517 = CARTESIAN_POINT('',(-0.589048622799,43.367818046012));
#518 = CARTESIAN_POINT('',(-0.785398163393,43.239258750633));
#519 = CARTESIAN_POINT('',(-0.981747703995,43.077513261349));
#520 = CARTESIAN_POINT('',(-1.178097244596,42.892699128788));
#521 = CARTESIAN_POINT('',(-1.374446785196,42.696349541599));
#522 = CARTESIAN_POINT('',(-1.570796326795,42.5));
#523 = ( GEOMETRIC_REPRESENTATION_CONTEXT(2) 
PARAMETRIC_REPRESENTATION_CONTEXT() REPRESENTATION_CONTEXT('2D SPACE',''
  ) );
#524 = ORIENTED_EDGE('',*,*,#525,.T.);
#525 = EDGE_CURVE('',#490,#253,#526,.T.);
#526 = SURFACE_CURVE('',#527,(#531,#538),.PCURVE_S1.);
#527 = LINE('',#528,#529);
#528 = CARTESIAN_POINT('',(50.,70.,146.));
#529 = VECTOR('',#530,1.);
#530 = DIRECTION('',(0.,-1.,-1.836970198721E-16));
#531 = PCURVE('',#237,#532);
#532 = DEFINITIONAL_REPRESENTATION('',(#533),#537);
#533 = LINE('',#534,#535);
#534 = CARTESIAN_POINT('',(-1.570796326795,0.));
#535 = VECTOR('',#536,1.);
#536 = DIRECTION('',(-0.,1.));
#537 = ( GEOMETRIC_REPRESENTATION_CONTEXT(2) 
PARAMETRIC_REPRESENTATION_CONTEXT() REPRESENTATION_CONTEXT('2D SPACE',''
  ) );
#538 = PCURVE('',#304,#539);
#539 = DEFINITIONAL_REPRESENTATION('',(#540),#544);
#540 = LINE('',#541,#542);
#541 = CARTESIAN_POINT('',(71.,-35.));
#542 = VECTOR('',#543,1.);
#543 = DIRECTION('',(-1.836970198721E-16,1.));
#544 = ( GEOMETRIC_REPRESENTATION_CONTEXT(2) 
PARAMETRIC_REPRESENTATION_CONTEXT() REPRESENTATION_CONTEXT('2D SPACE',''
  ) );
#545 = ORIENTED_EDGE('',*,*,#252,.F.);
#546 = ORIENTED_EDGE('',*,*,#223,.F.);
#547 = ADVANCED_FACE('',(#548),#304,.T.);
#548 = FACE_BOUND('',#549,.T.);
#549 = EDGE_LOOP('',(#550,#573,#594,#595));
#550 = ORIENTED_EDGE('',*,*,#551,.T.);
#551 = EDGE_CURVE('',#289,#552,#554,.T.);
#552 = VERTEX_POINT('',#553);
#553 = CARTESIAN_POINT('',(50.,69.,104.5));
#554 = SURFACE_CURVE('',#555,(#559,#566),.PCURVE_S1.);
#555 = LINE('',#556,#557);
#556 = CARTESIAN_POINT('',(50.,7.044195017644E-15,104.5));
#557 = VECTOR('',#558,1.);
#558 = DIRECTION('',(0.,1.,6.123233995737E-17));
#559 = PCURVE('',#304,#560);
#560 = DEFINITIONAL_REPRESENTATION('',(#561),#565);
#561 = LINE('',#562,#563);
#562 = CARTESIAN_POINT('',(29.5,35.));
#563 = VECTOR('',#564,1.);
#564 = DIRECTION('',(6.123233995737E-17,-1.));
#565 = ( GEOMETRIC_REPRESENTATION_CONTEXT(2) 
PARAMETRIC_REPRESENTATION_CONTEXT() REPRESENTATION_CONTEXT('2D SPACE',''
  ) );
#566 = PCURVE('',#337,#567);
#567 = DEFINITIONAL_REPRESENTATION('',(#568),#572);
#568 = LINE('',#569,#570);
#569 = CARTESIAN_POINT('',(-1.570796326795,0.));
#570 = VECTOR('',#571,1.);
#571 = DIRECTION('',(-0.,1.));
#572 = ( GEOMETRIC_REPRESENTATION_CONTEXT(2) 
PARAMETRIC_REPRESENTATION_CONTEXT() REPRESENTATION_CONTEXT('2D SPACE',''
  ) );
#573 = ORIENTED_EDGE('',*,*,#574,.T.);
#574 = EDGE_CURVE('',#552,#490,#575,.T.);
#575 = SURFACE_CURVE('',#576,(#580,#587),.PCURVE_S1.);
#576 = LINE('',#577,#578);
#577 = CARTESIAN_POINT('',(50.,69.,103.5));
#578 = VECTOR('',#579,1.);
#579 = DIRECTION('',(0.,0.,1.));
#580 = PCURVE('',#304,#581);
#581 = DEFINITIONAL_REPRESENTATION('',(#582),#586);
#582 = LINE('',#583,#584);
#583 = CARTESIAN_POINT('',(28.5,-34.));
#584 = VECTOR('',#585,1.);
#585 = DIRECTION('',(1.,0.));
#586 = ( GEOMETRIC_REPRESENTATION_CONTEXT(2) 
PARAMETRIC_REPRESENTATION_CONTEXT() REPRESENTATION_CONTEXT('2D SPACE',''
  ) );
#587 = PCURVE('',#474,#588);
#588 = DEFINITIONAL_REPRESENTATION('',(#589),#593);
#589 = LINE('',#590,#591);
#590 = CARTESIAN_POINT('',(-1.570796326795,0.));
#591 = VECTOR('',#592,1.);
#592 = DIRECTION('',(-0.,1.));
#593 = ( GEOMETRIC_REPRESENTATION_CONTEXT(2) 
PARAMETRIC_REPRESENTATION_CONTEXT() REPRESENTATION_CONTEXT('2D SPACE',''
  ) );
#594 = ORIENTED_EDGE('',*,*,#525,.T.);
#595 = ORIENTED_EDGE('',*,*,#288,.T.);
#596 = ADVANCED_FACE('',(#597),#337,.T.);
#597 = FACE_BOUND('',#598,.F.);
#598 = EDGE_LOOP('',(#599,#600,#601,#635));
#599 = ORIENTED_EDGE('',*,*,#316,.T.);
#600 = ORIENTED_EDGE('',*,*,#551,.T.);
#601 = ORIENTED_EDGE('',*,*,#602,.F.);
#602 = EDGE_CURVE('',#411,#552,#603,.T.);
#603 = SURFACE_CURVE('',#604,(#609,#622),.PCURVE_S1.);
#604 = ELLIPSE('',#605,1.414213562373,1.);
#605 = AXIS2_PLACEMENT_3D('',#606,#607,#608);
#606 = CARTESIAN_POINT('',(49.,69.,104.5));
#607 = DIRECTION('',(0.,-0.707106781187,-0.707106781187));
#608 = DIRECTION('',(0.,0.707106781187,-0.707106781187));
#609 = PCURVE('',#337,#610);
#610 = DEFINITIONAL_REPRESENTATION('',(#611),#621);
#611 = B_SPLINE_CURVE_WITH_KNOTS('',8,(#612,#613,#614,#615,#616,#617,
    #618,#619,#620),.UNSPECIFIED.,.F.,.F.,(9,9),(0.,1.570796326795),
  .PIECEWISE_BEZIER_KNOTS.);
#612 = CARTESIAN_POINT('',(-3.553986918678E-15,70.));
#613 = CARTESIAN_POINT('',(-0.196349541599,69.999999999804));
#614 = CARTESIAN_POINT('',(-0.392699082198,69.955939223772));
#615 = CARTESIAN_POINT('',(-0.589048622799,69.867818045925));
#616 = CARTESIAN_POINT('',(-0.785398163393,69.739258750575));
#617 = CARTESIAN_POINT('',(-0.981747703995,69.577513261087));
#618 = CARTESIAN_POINT('',(-1.178097244596,69.392699128817));
#619 = CARTESIAN_POINT('',(-1.374446785196,69.196349541599));
#620 = CARTESIAN_POINT('',(-1.570796326795,69.));
#621 = ( GEOMETRIC_REPRESENTATION_CONTEXT(2) 
PARAMETRIC_REPRESENTATION_CONTEXT() REPRESENTATION_CONTEXT('2D SPACE',''
  ) );
#622 = PCURVE('',#474,#623);
#623 = DEFINITIONAL_REPRESENTATION('',(#624),#634);
#624 = B_SPLINE_CURVE_WITH_KNOTS('',8,(#625,#626,#627,#628,#629,#630,
    #631,#632,#633),.UNSPECIFIED.,.F.,.F.,(9,9),(0.,1.570796326795),
  .PIECEWISE_BEZIER_KNOTS.);
#625 = CARTESIAN_POINT('',(-3.553986918678E-15,-1.421135471505E-14));
#626 = CARTESIAN_POINT('',(-0.196349541599,1.963353940824E-10));
#627 = CARTESIAN_POINT('',(-0.392699082198,4.406077626703E-02));
#628 = CARTESIAN_POINT('',(-0.589048622799,0.1321819539));
#629 = CARTESIAN_POINT('',(-0.785398163393,0.260741249508));
#630 = CARTESIAN_POINT('',(-0.981747703995,0.422486738625));
#631 = CARTESIAN_POINT('',(-1.178097244596,0.607300871226));
#632 = CARTESIAN_POINT('',(-1.374446785196,0.803650458401));
#633 = CARTESIAN_POINT('',(-1.570796326795,1.));
#634 = ( GEOMETRIC_REPRESENTATION_CONTEXT(2) 
PARAMETRIC_REPRESENTATION_CONTEXT() REPRESENTATION_CONTEXT('2D SPACE',''
  ) );
#635 = ORIENTED_EDGE('',*,*,#433,.F.);
#636 = ADVANCED_FACE('',(#637),#474,.T.);
#637 = FACE_BOUND('',#638,.F.);
#638 = EDGE_LOOP('',(#639,#640,#641,#642));
#639 = ORIENTED_EDGE('',*,*,#602,.T.);
#640 = ORIENTED_EDGE('',*,*,#574,.T.);
#641 = ORIENTED_EDGE('',*,*,#489,.F.);
#642 = ORIENTED_EDGE('',*,*,#460,.F.);
#643 = ( GEOMETRIC_REPRESENTATION_CONTEXT(3) 
GLOBAL_UNCERTAINTY_ASSIGNED_CONTEXT((#647)) GLOBAL_UNIT_ASSIGNED_CONTEXT
((#644,#645,#646)) REPRESENTATION_CONTEXT('Context #1',
  '3D Context with UNIT and UNCERTAINTY') );
#644 = ( LENGTH_UNIT() NAMED_UNIT(*) SI_UNIT(.MILLI.,.METRE.) );
#645 = ( NAMED_UNIT(*) PLANE_ANGLE_UNIT() SI_UNIT($,.RADIAN.) );
#646 = ( NAMED_UNIT(*) SI_UNIT($,.STERADIAN.) SOLID_ANGLE_UNIT() );
#647 = UNCERTAINTY_MEASURE_WITH_UNIT(LENGTH_MEASURE(1.E-07),#644,
  'distance_accuracy_value','confusion accuracy');
#648 = CONTEXT_DEPENDENT_SHAPE_REPRESENTATION(#649,#651);
#649 = ( REPRESENTATION_RELATIONSHIP('','',#44,#10) 
REPRESENTATION_RELATIONSHIP_WITH_TRANSFORMATION(#650) 
SHAPE_REPRESENTATION_RELATIONSHIP() );
#650 = ITEM_DEFINED_TRANSFORMATION('','',#11,#15);
#651 = PRODUCT_DEFINITION_SHAPE('Placement','Placement of an item',#652
  );
#652 = NEXT_ASSEMBLY_USAGE_OCCURRENCE('1','','',#5,#39,$);
#653 = PRODUCT_RELATED_PRODUCT_CATEGORY('part',$,(#41));
#654 = SHAPE_DEFINITION_REPRESENTATION(#655,#661);
#655 = PRODUCT_DEFINITION_SHAPE('','',#656);
#656 = PRODUCT_DEFINITION('design','',#657,#660);
#657 = PRODUCT_DEFINITION_FORMATION('','',#658);
#658 = PRODUCT('Open CASCADE STEP translator 8.0 1.2',
  'Open CASCADE STEP translator 8.0 1.2','',(#659));
#659 = PRODUCT_CONTEXT('',#2,'mechanical');
#660 = PRODUCT_DEFINITION_CONTEXT('part definition',#2,'design');
#661 = ADVANCED_BREP_SHAPE_REPRESENTATION('',(#11,#662),#1260);
#662 = MANIFOLD_SOLID_BREP('',#663);
#663 = CLOSED_SHELL('',(#664,#784,#865,#972,#1021,#1070,#1102,#1164,
    #1213,#1253));
#664 = ADVANCED_FACE('',(#665),#679,.T.);
#665 = FACE_BOUND('',#666,.T.);
#666 = EDGE_LOOP('',(#667,#702,#730,#758));
#667 = ORIENTED_EDGE('',*,*,#668,.T.);
#668 = EDGE_CURVE('',#669,#671,#673,.T.);
#669 = VERTEX_POINT('',#670);
#670 = CARTESIAN_POINT('',(49.,-2.22044604925E-16,102.5));
#671 = VERTEX_POINT('',#672);
#672 = CARTESIAN_POINT('',(48.,0.,102.5));
#673 = SURFACE_CURVE('',#674,(#678,#690),.PCURVE_S1.);
#674 = LINE('',#675,#676);
#675 = CARTESIAN_POINT('',(50.,0.,102.5));
#676 = VECTOR('',#677,1.);
#677 = DIRECTION('',(-1.,-0.,-0.));
#678 = PCURVE('',#679,#684);
#679 = PLANE('',#680);
#680 = AXIS2_PLACEMENT_3D('',#681,#682,#683);
#681 = CARTESIAN_POINT('',(50.,0.,102.5));
#682 = DIRECTION('',(0.,-1.,0.));
#683 = DIRECTION('',(0.,-0.,-1.));
#684 = DEFINITIONAL_REPRESENTATION('',(#685),#689);
#685 = LINE('',#686,#687);
#686 = CARTESIAN_POINT('',(0.,0.));
#687 = VECTOR('',#688,1.);
#688 = DIRECTION('',(0.,-1.));
#689 = ( GEOMETRIC_REPRESENTATION_CONTEXT(2) 
PARAMETRIC_REPRESENTATION_CONTEXT() REPRESENTATION_CONTEXT('2D SPACE',''
  ) );
#690 = PCURVE('',#691,#696);
#691 = PLANE('',#692);
#692 = AXIS2_PLACEMENT_3D('',#693,#694,#695);
#693 = CARTESIAN_POINT('',(50.,70.,102.5));
#694 = DIRECTION('',(-0.,6.123233995737E-17,1.));
#695 = DIRECTION('',(0.,-1.,6.123233995737E-17));
#696 = DEFINITIONAL_REPRESENTATION('',(#697),#701);
#697 = LINE('',#698,#699);
#698 = CARTESIAN_POINT('',(70.,0.));
#699 = VECTOR('',#700,1.);
#700 = DIRECTION('',(0.,-1.));
#701 = ( GEOMETRIC_REPRESENTATION_CONTEXT(2) 
PARAMETRIC_REPRESENTATION_CONTEXT() REPRESENTATION_CONTEXT('2D SPACE',''
  ) );
#702 = ORIENTED_EDGE('',*,*,#703,.T.);
#703 = EDGE_CURVE('',#671,#704,#706,.T.);
#704 = VERTEX_POINT('',#705);
#705 = CARTESIAN_POINT('',(48.,0.,5.));
#706 = SURFACE_CURVE('',#707,(#711,#718),.PCURVE_S1.);
#707 = LINE('',#708,#709);
#708 = CARTESIAN_POINT('',(48.,0.,102.64617919921));
#709 = VECTOR('',#710,1.);
#710 = DIRECTION('',(0.,0.,-1.));
#711 = PCURVE('',#679,#712);
#712 = DEFINITIONAL_REPRESENTATION('',(#713),#717);
#713 = LINE('',#714,#715);
#714 = CARTESIAN_POINT('',(-0.146179199219,-2.));
#715 = VECTOR('',#716,1.);
#716 = DIRECTION('',(1.,0.));
#717 = ( GEOMETRIC_REPRESENTATION_CONTEXT(2) 
PARAMETRIC_REPRESENTATION_CONTEXT() REPRESENTATION_CONTEXT('2D SPACE',''
  ) );
#718 = PCURVE('',#719,#724);
#719 = PLANE('',#720);
#720 = AXIS2_PLACEMENT_3D('',#721,#722,#723);
#721 = CARTESIAN_POINT('',(48.,35.,75.));
#722 = DIRECTION('',(1.,0.,0.));
#723 = DIRECTION('',(0.,0.,1.));
#724 = DEFINITIONAL_REPRESENTATION('',(#725),#729);
#725 = LINE('',#726,#727);
#726 = CARTESIAN_POINT('',(27.646179199219,35.));
#727 = VECTOR('',#728,1.);
#728 = DIRECTION('',(-1.,0.));
#729 = ( GEOMETRIC_REPRESENTATION_CONTEXT(2) 
PARAMETRIC_REPRESENTATION_CONTEXT() REPRESENTATION_CONTEXT('2D SPACE',''
  ) );
#730 = ORIENTED_EDGE('',*,*,#731,.F.);
#731 = EDGE_CURVE('',#732,#704,#734,.T.);
#732 = VERTEX_POINT('',#733);
#733 = CARTESIAN_POINT('',(49.,-2.22044604925E-16,5.));
#734 = SURFACE_CURVE('',#735,(#739,#746),.PCURVE_S1.);
#735 = LINE('',#736,#737);
#736 = CARTESIAN_POINT('',(50.,0.,5.));
#737 = VECTOR('',#738,1.);
#738 = DIRECTION('',(-1.,-0.,-0.));
#739 = PCURVE('',#679,#740);
#740 = DEFINITIONAL_REPRESENTATION('',(#741),#745);
#741 = LINE('',#742,#743);
#742 = CARTESIAN_POINT('',(97.5,0.));
#743 = VECTOR('',#744,1.);
#744 = DIRECTION('',(0.,-1.));
#745 = ( GEOMETRIC_REPRESENTATION_CONTEXT(2) 
PARAMETRIC_REPRESENTATION_CONTEXT() REPRESENTATION_CONTEXT('2D SPACE',''
  ) );
#746 = PCURVE('',#747,#752);
#747 = PLANE('',#748);
#748 = AXIS2_PLACEMENT_3D('',#749,#750,#751);
#749 = CARTESIAN_POINT('',(50.,0.,5.));
#750 = DIRECTION('',(0.,0.,-1.));
#751 = DIRECTION('',(0.,1.,0.));
#752 = DEFINITIONAL_REPRESENTATION('',(#753),#757);
#753 = LINE('',#754,#755);
#754 = CARTESIAN_POINT('',(0.,0.));
#755 = VECTOR('',#756,1.);
#756 = DIRECTION('',(0.,-1.));
#757 = ( GEOMETRIC_REPRESENTATION_CONTEXT(2) 
PARAMETRIC_REPRESENTATION_CONTEXT() REPRESENTATION_CONTEXT('2D SPACE',''
  ) );
#758 = ORIENTED_EDGE('',*,*,#759,.F.);
#759 = EDGE_CURVE('',#669,#732,#760,.T.);
#760 = SURFACE_CURVE('',#761,(#765,#772),.PCURVE_S1.);
#761 = LINE('',#762,#763);
#762 = CARTESIAN_POINT('',(49.,-2.22044604925E-16,102.5));
#763 = VECTOR('',#764,1.);
#764 = DIRECTION('',(0.,-0.,-1.));
#765 = PCURVE('',#679,#766);
#766 = DEFINITIONAL_REPRESENTATION('',(#767),#771);
#767 = LINE('',#768,#769);
#768 = CARTESIAN_POINT('',(0.,-1.));
#769 = VECTOR('',#770,1.);
#770 = DIRECTION('',(1.,0.));
#771 = ( GEOMETRIC_REPRESENTATION_CONTEXT(2) 
PARAMETRIC_REPRESENTATION_CONTEXT() REPRESENTATION_CONTEXT('2D SPACE',''
  ) );
#772 = PCURVE('',#773,#778);
#773 = CYLINDRICAL_SURFACE('',#774,1.);
#774 = AXIS2_PLACEMENT_3D('',#775,#776,#777);
#775 = CARTESIAN_POINT('',(49.,1.,102.5));
#776 = DIRECTION('',(0.,-0.,-1.));
#777 = DIRECTION('',(0.,-1.,0.));
#778 = DEFINITIONAL_REPRESENTATION('',(#779),#783);
#779 = LINE('',#780,#781);
#780 = CARTESIAN_POINT('',(-0.,0.));
#781 = VECTOR('',#782,1.);
#782 = DIRECTION('',(-0.,1.));
#783 = ( GEOMETRIC_REPRESENTATION_CONTEXT(2) 
PARAMETRIC_REPRESENTATION_CONTEXT() REPRESENTATION_CONTEXT('2D SPACE',''
  ) );
#784 = ADVANCED_FACE('',(#785),#691,.T.);
#785 = FACE_BOUND('',#786,.T.);
#786 = EDGE_LOOP('',(#787,#817,#838,#839));
#787 = ORIENTED_EDGE('',*,*,#788,.T.);
#788 = EDGE_CURVE('',#789,#791,#793,.T.);
#789 = VERTEX_POINT('',#790);
#790 = CARTESIAN_POINT('',(49.,70.,102.5));
#791 = VERTEX_POINT('',#792);
#792 = CARTESIAN_POINT('',(48.,70.,102.5));
#793 = SURFACE_CURVE('',#794,(#798,#805),.PCURVE_S1.);
#794 = LINE('',#795,#796);
#795 = CARTESIAN_POINT('',(50.,70.,102.5));
#796 = VECTOR('',#797,1.);
#797 = DIRECTION('',(-1.,-0.,-0.));
#798 = PCURVE('',#691,#799);
#799 = DEFINITIONAL_REPRESENTATION('',(#800),#804);
#800 = LINE('',#801,#802);
#801 = CARTESIAN_POINT('',(0.,0.));
#802 = VECTOR('',#803,1.);
#803 = DIRECTION('',(0.,-1.));
#804 = ( GEOMETRIC_REPRESENTATION_CONTEXT(2) 
PARAMETRIC_REPRESENTATION_CONTEXT() REPRESENTATION_CONTEXT('2D SPACE',''
  ) );
#805 = PCURVE('',#806,#811);
#806 = PLANE('',#807);
#807 = AXIS2_PLACEMENT_3D('',#808,#809,#810);
#808 = CARTESIAN_POINT('',(50.,70.,5.));
#809 = DIRECTION('',(0.,1.,0.));
#810 = DIRECTION('',(0.,-0.,1.));
#811 = DEFINITIONAL_REPRESENTATION('',(#812),#816);
#812 = LINE('',#813,#814);
#813 = CARTESIAN_POINT('',(97.5,0.));
#814 = VECTOR('',#815,1.);
#815 = DIRECTION('',(0.,-1.));
#816 = ( GEOMETRIC_REPRESENTATION_CONTEXT(2) 
PARAMETRIC_REPRESENTATION_CONTEXT() REPRESENTATION_CONTEXT('2D SPACE',''
  ) );
#817 = ORIENTED_EDGE('',*,*,#818,.T.);
#818 = EDGE_CURVE('',#791,#671,#819,.T.);
#819 = SURFACE_CURVE('',#820,(#824,#831),.PCURVE_S1.);
#820 = LINE('',#821,#822);
#821 = CARTESIAN_POINT('',(48.,70.,102.5));
#822 = VECTOR('',#823,1.);
#823 = DIRECTION('',(0.,-1.,6.123233995737E-17));
#824 = PCURVE('',#691,#825);
#825 = DEFINITIONAL_REPRESENTATION('',(#826),#830);
#826 = LINE('',#827,#828);
#827 = CARTESIAN_POINT('',(0.,-2.));
#828 = VECTOR('',#829,1.);
#829 = DIRECTION('',(1.,0.));
#830 = ( GEOMETRIC_REPRESENTATION_CONTEXT(2) 
PARAMETRIC_REPRESENTATION_CONTEXT() REPRESENTATION_CONTEXT('2D SPACE',''
  ) );
#831 = PCURVE('',#719,#832);
#832 = DEFINITIONAL_REPRESENTATION('',(#833),#837);
#833 = LINE('',#834,#835);
#834 = CARTESIAN_POINT('',(27.5,-35.));
#835 = VECTOR('',#836,1.);
#836 = DIRECTION('',(6.123233995737E-17,1.));
#837 = ( GEOMETRIC_REPRESENTATION_CONTEXT(2) 
PARAMETRIC_REPRESENTATION_CONTEXT() REPRESENTATION_CONTEXT('2D SPACE',''
  ) );
#838 = ORIENTED_EDGE('',*,*,#668,.F.);
#839 = ORIENTED_EDGE('',*,*,#840,.F.);
#840 = EDGE_CURVE('',#789,#669,#841,.T.);
#841 = SURFACE_CURVE('',#842,(#846,#853),.PCURVE_S1.);
#842 = LINE('',#843,#844);
#843 = CARTESIAN_POINT('',(49.,70.,102.5));
#844 = VECTOR('',#845,1.);
#845 = DIRECTION('',(0.,-1.,6.123233995737E-17));
#846 = PCURVE('',#691,#847);
#847 = DEFINITIONAL_REPRESENTATION('',(#848),#852);
#848 = LINE('',#849,#850);
#849 = CARTESIAN_POINT('',(0.,-1.));
#850 = VECTOR('',#851,1.);
#851 = DIRECTION('',(1.,0.));
#852 = ( GEOMETRIC_REPRESENTATION_CONTEXT(2) 
PARAMETRIC_REPRESENTATION_CONTEXT() REPRESENTATION_CONTEXT('2D SPACE',''
  ) );
#853 = PCURVE('',#854,#859);
#854 = CYLINDRICAL_SURFACE('',#855,1.);
#855 = AXIS2_PLACEMENT_3D('',#856,#857,#858);
#856 = CARTESIAN_POINT('',(49.,70.,101.5));
#857 = DIRECTION('',(0.,-1.,6.123233995737E-17));
#858 = DIRECTION('',(-0.,6.123233995737E-17,1.));
#859 = DEFINITIONAL_REPRESENTATION('',(#860),#864);
#860 = LINE('',#861,#862);
#861 = CARTESIAN_POINT('',(-0.,0.));
#862 = VECTOR('',#863,1.);
#863 = DIRECTION('',(-0.,1.));
#864 = ( GEOMETRIC_REPRESENTATION_CONTEXT(2) 
PARAMETRIC_REPRESENTATION_CONTEXT() REPRESENTATION_CONTEXT('2D SPACE',''
  ) );
#865 = ADVANCED_FACE('',(#866),#773,.T.);
#866 = FACE_BOUND('',#867,.F.);
#867 = EDGE_LOOP('',(#868,#904,#932,#971));
#868 = ORIENTED_EDGE('',*,*,#869,.T.);
#869 = EDGE_CURVE('',#669,#870,#872,.T.);
#870 = VERTEX_POINT('',#871);
#871 = CARTESIAN_POINT('',(50.,1.,101.5));
#872 = SURFACE_CURVE('',#873,(#878,#891),.PCURVE_S1.);
#873 = ELLIPSE('',#874,1.414213562373,1.);
#874 = AXIS2_PLACEMENT_3D('',#875,#876,#877);
#875 = CARTESIAN_POINT('',(49.,1.,101.5));
#876 = DIRECTION('',(0.,0.707106781187,0.707106781187));
#877 = DIRECTION('',(0.,0.707106781187,-0.707106781187));
#878 = PCURVE('',#773,#879);
#879 = DEFINITIONAL_REPRESENTATION('',(#880),#890);
#880 = B_SPLINE_CURVE_WITH_KNOTS('',8,(#881,#882,#883,#884,#885,#886,
    #887,#888,#889),.UNSPECIFIED.,.F.,.F.,(9,9),(3.14159265359,
    4.712388980385),.PIECEWISE_BEZIER_KNOTS.);
#881 = CARTESIAN_POINT('',(-3.553986918678E-15,-4.999997279902E-19));
#882 = CARTESIAN_POINT('',(-0.196349541599,1.963495808913E-10));
#883 = CARTESIAN_POINT('',(-0.392699082198,4.40607762668E-02));
#884 = CARTESIAN_POINT('',(-0.589048622798,0.132181953901));
#885 = CARTESIAN_POINT('',(-0.785398163394,0.260741249508));
#886 = CARTESIAN_POINT('',(-0.981747703998,0.422486738626));
#887 = CARTESIAN_POINT('',(-1.178097244595,0.607300871226));
#888 = CARTESIAN_POINT('',(-1.374446785196,0.803650458401));
#889 = CARTESIAN_POINT('',(-1.570796326795,1.));
#890 = ( GEOMETRIC_REPRESENTATION_CONTEXT(2) 
PARAMETRIC_REPRESENTATION_CONTEXT() REPRESENTATION_CONTEXT('2D SPACE',''
  ) );
#891 = PCURVE('',#854,#892);
#892 = DEFINITIONAL_REPRESENTATION('',(#893),#903);
#893 = B_SPLINE_CURVE_WITH_KNOTS('',8,(#894,#895,#896,#897,#898,#899,
    #900,#901,#902),.UNSPECIFIED.,.F.,.F.,(9,9),(3.14159265359,
    4.712388980385),.PIECEWISE_BEZIER_KNOTS.);
#894 = CARTESIAN_POINT('',(-3.553986918678E-15,70.));
#895 = CARTESIAN_POINT('',(-0.196349541599,69.999999999804));
#896 = CARTESIAN_POINT('',(-0.392699082197,69.955939223611));
#897 = CARTESIAN_POINT('',(-0.5890486228,69.867818046361));
#898 = CARTESIAN_POINT('',(-0.78539816339,69.739258749934));
#899 = CARTESIAN_POINT('',(-0.981747703999,69.577513261524));
#900 = CARTESIAN_POINT('',(-1.178097244595,69.392699128686));
#901 = CARTESIAN_POINT('',(-1.374446785196,69.196349541599));
#902 = CARTESIAN_POINT('',(-1.570796326795,69.));
#903 = ( GEOMETRIC_REPRESENTATION_CONTEXT(2) 
PARAMETRIC_REPRESENTATION_CONTEXT() REPRESENTATION_CONTEXT('2D SPACE',''
  ) );
#904 = ORIENTED_EDGE('',*,*,#905,.T.);
#905 = EDGE_CURVE('',#870,#906,#908,.T.);
#906 = VERTEX_POINT('',#907);
#907 = CARTESIAN_POINT('',(50.,1.,6.));
#908 = SURFACE_CURVE('',#909,(#913,#920),.PCURVE_S1.);
#909 = LINE('',#910,#911);
#910 = CARTESIAN_POINT('',(50.,1.,102.5));
#911 = VECTOR('',#912,1.);
#912 = DIRECTION('',(0.,-0.,-1.));
#913 = PCURVE('',#773,#914);
#914 = DEFINITIONAL_REPRESENTATION('',(#915),#919);
#915 = LINE('',#916,#917);
#916 = CARTESIAN_POINT('',(-1.570796326795,0.));
#917 = VECTOR('',#918,1.);
#918 = DIRECTION('',(-0.,1.));
#919 = ( GEOMETRIC_REPRESENTATION_CONTEXT(2) 
PARAMETRIC_REPRESENTATION_CONTEXT() REPRESENTATION_CONTEXT('2D SPACE',''
  ) );
#920 = PCURVE('',#921,#926);
#921 = PLANE('',#922);
#922 = AXIS2_PLACEMENT_3D('',#923,#924,#925);
#923 = CARTESIAN_POINT('',(50.,35.,75.));
#924 = DIRECTION('',(1.,0.,0.));
#925 = DIRECTION('',(0.,0.,1.));
#926 = DEFINITIONAL_REPRESENTATION('',(#927),#931);
#927 = LINE('',#928,#929);
#928 = CARTESIAN_POINT('',(27.5,34.));
#929 = VECTOR('',#930,1.);
#930 = DIRECTION('',(-1.,0.));
#931 = ( GEOMETRIC_REPRESENTATION_CONTEXT(2) 
PARAMETRIC_REPRESENTATION_CONTEXT() REPRESENTATION_CONTEXT('2D SPACE',''
  ) );
#932 = ORIENTED_EDGE('',*,*,#933,.F.);
#933 = EDGE_CURVE('',#732,#906,#934,.T.);
#934 = SURFACE_CURVE('',#935,(#940,#953),.PCURVE_S1.);
#935 = ELLIPSE('',#936,1.414213562373,1.);
#936 = AXIS2_PLACEMENT_3D('',#937,#938,#939);
#937 = CARTESIAN_POINT('',(49.,1.,6.));
#938 = DIRECTION('',(0.,-0.707106781187,0.707106781187));
#939 = DIRECTION('',(0.,-0.707106781187,-0.707106781187));
#940 = PCURVE('',#773,#941);
#941 = DEFINITIONAL_REPRESENTATION('',(#942),#952);
#942 = B_SPLINE_CURVE_WITH_KNOTS('',8,(#943,#944,#945,#946,#947,#948,
    #949,#950,#951),.UNSPECIFIED.,.F.,.F.,(9,9),(0.,1.570796326795),
  .PIECEWISE_BEZIER_KNOTS.);
#943 = CARTESIAN_POINT('',(-3.553986918678E-15,97.5));
#944 = CARTESIAN_POINT('',(-0.196349541599,97.499999999804));
#945 = CARTESIAN_POINT('',(-0.392699082199,97.455939223699));
#946 = CARTESIAN_POINT('',(-0.589048622796,97.367818046245));
#947 = CARTESIAN_POINT('',(-0.785398163399,97.239258750342));
#948 = CARTESIAN_POINT('',(-0.981747703996,97.077513261524));
#949 = CARTESIAN_POINT('',(-1.178097244596,96.892699128657));
#950 = CARTESIAN_POINT('',(-1.374446785196,96.696349541599));
#951 = CARTESIAN_POINT('',(-1.570796326795,96.5));
#952 = ( GEOMETRIC_REPRESENTATION_CONTEXT(2) 
PARAMETRIC_REPRESENTATION_CONTEXT() REPRESENTATION_CONTEXT('2D SPACE',''
  ) );
#953 = PCURVE('',#954,#959);
#954 = CYLINDRICAL_SURFACE('',#955,1.);
#955 = AXIS2_PLACEMENT_3D('',#956,#957,#958);
#956 = CARTESIAN_POINT('',(49.,0.,6.));
#957 = DIRECTION('',(-0.,1.,-0.));
#958 = DIRECTION('',(0.,0.,-1.));
#959 = DEFINITIONAL_REPRESENTATION('',(#960),#970);
#960 = B_SPLINE_CURVE_WITH_KNOTS('',8,(#961,#962,#963,#964,#965,#966,
    #967,#968,#969),.UNSPECIFIED.,.F.,.F.,(9,9),(0.,1.570796326795),
  .PIECEWISE_BEZIER_KNOTS.);
#961 = CARTESIAN_POINT('',(-3.553986918678E-15,-2.225446047755E-16));
#962 = CARTESIAN_POINT('',(-0.196349541599,1.963493828926E-10));
#963 = CARTESIAN_POINT('',(-0.392699082198,4.406077626675E-02));
#964 = CARTESIAN_POINT('',(-0.589048622798,0.1321819539));
#965 = CARTESIAN_POINT('',(-0.785398163397,0.260741249509));
#966 = CARTESIAN_POINT('',(-0.981747703996,0.422486738626));
#967 = CARTESIAN_POINT('',(-1.178097244596,0.607300871226));
#968 = CARTESIAN_POINT('',(-1.374446785196,0.803650458401));
#969 = CARTESIAN_POINT('',(-1.570796326795,1.));
#970 = ( GEOMETRIC_REPRESENTATION_CONTEXT(2) 
PARAMETRIC_REPRESENTATION_CONTEXT() REPRESENTATION_CONTEXT('2D SPACE',''
  ) );
#971 = ORIENTED_EDGE('',*,*,#759,.F.);
#972 = ADVANCED_FACE('',(#973),#719,.F.);
#973 = FACE_BOUND('',#974,.F.);
#974 = EDGE_LOOP('',(#975,#976,#999,#1020));
#975 = ORIENTED_EDGE('',*,*,#703,.T.);
#976 = ORIENTED_EDGE('',*,*,#977,.T.);
#977 = EDGE_CURVE('',#704,#978,#980,.T.);
#978 = VERTEX_POINT('',#979);
#979 = CARTESIAN_POINT('',(48.,70.,5.));
#980 = SURFACE_CURVE('',#981,(#985,#992),.PCURVE_S1.);
#981 = LINE('',#982,#983);
#982 = CARTESIAN_POINT('',(48.,0.,5.));
#983 = VECTOR('',#984,1.);
#984 = DIRECTION('',(0.,1.,0.));
#985 = PCURVE('',#719,#986);
#986 = DEFINITIONAL_REPRESENTATION('',(#987),#991);
#987 = LINE('',#988,#989);
#988 = CARTESIAN_POINT('',(-70.,35.));
#989 = VECTOR('',#990,1.);
#990 = DIRECTION('',(0.,-1.));
#991 = ( GEOMETRIC_REPRESENTATION_CONTEXT(2) 
PARAMETRIC_REPRESENTATION_CONTEXT() REPRESENTATION_CONTEXT('2D SPACE',''
  ) );
#992 = PCURVE('',#747,#993);
#993 = DEFINITIONAL_REPRESENTATION('',(#994),#998);
#994 = LINE('',#995,#996);
#995 = CARTESIAN_POINT('',(0.,-2.));
#996 = VECTOR('',#997,1.);
#997 = DIRECTION('',(1.,0.));
#998 = ( GEOMETRIC_REPRESENTATION_CONTEXT(2) 
PARAMETRIC_REPRESENTATION_CONTEXT() REPRESENTATION_CONTEXT('2D SPACE',''
  ) );
#999 = ORIENTED_EDGE('',*,*,#1000,.T.);
#1000 = EDGE_CURVE('',#978,#791,#1001,.T.);
#1001 = SURFACE_CURVE('',#1002,(#1006,#1013),.PCURVE_S1.);
#1002 = LINE('',#1003,#1004);
#1003 = CARTESIAN_POINT('',(48.,70.,5.));
#1004 = VECTOR('',#1005,1.);
#1005 = DIRECTION('',(0.,0.,1.));
#1006 = PCURVE('',#719,#1007);
#1007 = DEFINITIONAL_REPRESENTATION('',(#1008),#1012);
#1008 = LINE('',#1009,#1010);
#1009 = CARTESIAN_POINT('',(-70.,-35.));
#1010 = VECTOR('',#1011,1.);
#1011 = DIRECTION('',(1.,0.));
#1012 = ( GEOMETRIC_REPRESENTATION_CONTEXT(2) 
PARAMETRIC_REPRESENTATION_CONTEXT() REPRESENTATION_CONTEXT('2D SPACE',''
  ) );
#1013 = PCURVE('',#806,#1014);
#1014 = DEFINITIONAL_REPRESENTATION('',(#1015),#1019);
#1015 = LINE('',#1016,#1017);
#1016 = CARTESIAN_POINT('',(0.,-2.));
#1017 = VECTOR('',#1018,1.);
#1018 = DIRECTION('',(1.,0.));
#1019 = ( GEOMETRIC_REPRESENTATION_CONTEXT(2) 
PARAMETRIC_REPRESENTATION_CONTEXT() REPRESENTATION_CONTEXT('2D SPACE',''
  ) );
#1020 = ORIENTED_EDGE('',*,*,#818,.T.);
#1021 = ADVANCED_FACE('',(#1022),#747,.T.);
#1022 = FACE_BOUND('',#1023,.T.);
#1023 = EDGE_LOOP('',(#1024,#1025,#1026,#1049));
#1024 = ORIENTED_EDGE('',*,*,#731,.T.);
#1025 = ORIENTED_EDGE('',*,*,#977,.T.);
#1026 = ORIENTED_EDGE('',*,*,#1027,.F.);
#1027 = EDGE_CURVE('',#1028,#978,#1030,.T.);
#1028 = VERTEX_POINT('',#1029);
#1029 = CARTESIAN_POINT('',(49.,70.,5.));
#1030 = SURFACE_CURVE('',#1031,(#1035,#1042),.PCURVE_S1.);
#1031 = LINE('',#1032,#1033);
#1032 = CARTESIAN_POINT('',(50.,70.,5.));
#1033 = VECTOR('',#1034,1.);
#1034 = DIRECTION('',(-1.,-0.,-0.));
#1035 = PCURVE('',#747,#1036);
#1036 = DEFINITIONAL_REPRESENTATION('',(#1037),#1041);
#1037 = LINE('',#1038,#1039);
#1038 = CARTESIAN_POINT('',(70.,0.));
#1039 = VECTOR('',#1040,1.);
#1040 = DIRECTION('',(0.,-1.));
#1041 = ( GEOMETRIC_REPRESENTATION_CONTEXT(2) 
PARAMETRIC_REPRESENTATION_CONTEXT() REPRESENTATION_CONTEXT('2D SPACE',''
  ) );
#1042 = PCURVE('',#806,#1043);
#1043 = DEFINITIONAL_REPRESENTATION('',(#1044),#1048);
#1044 = LINE('',#1045,#1046);
#1045 = CARTESIAN_POINT('',(0.,0.));
#1046 = VECTOR('',#1047,1.);
#1047 = DIRECTION('',(0.,-1.));
#1048 = ( GEOMETRIC_REPRESENTATION_CONTEXT(2) 
PARAMETRIC_REPRESENTATION_CONTEXT() REPRESENTATION_CONTEXT('2D SPACE',''
  ) );
#1049 = ORIENTED_EDGE('',*,*,#1050,.F.);
#1050 = EDGE_CURVE('',#732,#1028,#1051,.T.);
#1051 = SURFACE_CURVE('',#1052,(#1056,#1063),.PCURVE_S1.);
#1052 = LINE('',#1053,#1054);
#1053 = CARTESIAN_POINT('',(49.,0.,5.));
#1054 = VECTOR('',#1055,1.);
#1055 = DIRECTION('',(-0.,1.,-0.));
#1056 = PCURVE('',#747,#1057);
#1057 = DEFINITIONAL_REPRESENTATION('',(#1058),#1062);
#1058 = LINE('',#1059,#1060);
#1059 = CARTESIAN_POINT('',(0.,-1.));
#1060 = VECTOR('',#1061,1.);
#1061 = DIRECTION('',(1.,0.));
#1062 = ( GEOMETRIC_REPRESENTATION_CONTEXT(2) 
PARAMETRIC_REPRESENTATION_CONTEXT() REPRESENTATION_CONTEXT('2D SPACE',''
  ) );
#1063 = PCURVE('',#954,#1064);
#1064 = DEFINITIONAL_REPRESENTATION('',(#1065),#1069);
#1065 = LINE('',#1066,#1067);
#1066 = CARTESIAN_POINT('',(-0.,0.));
#1067 = VECTOR('',#1068,1.);
#1068 = DIRECTION('',(-0.,1.));
#1069 = ( GEOMETRIC_REPRESENTATION_CONTEXT(2) 
PARAMETRIC_REPRESENTATION_CONTEXT() REPRESENTATION_CONTEXT('2D SPACE',''
  ) );
#1070 = ADVANCED_FACE('',(#1071),#806,.T.);
#1071 = FACE_BOUND('',#1072,.T.);
#1072 = EDGE_LOOP('',(#1073,#1074,#1075,#1076));
#1073 = ORIENTED_EDGE('',*,*,#1027,.T.);
#1074 = ORIENTED_EDGE('',*,*,#1000,.T.);
#1075 = ORIENTED_EDGE('',*,*,#788,.F.);
#1076 = ORIENTED_EDGE('',*,*,#1077,.F.);
#1077 = EDGE_CURVE('',#1028,#789,#1078,.T.);
#1078 = SURFACE_CURVE('',#1079,(#1083,#1090),.PCURVE_S1.);
#1079 = LINE('',#1080,#1081);
#1080 = CARTESIAN_POINT('',(49.,70.,5.));
#1081 = VECTOR('',#1082,1.);
#1082 = DIRECTION('',(0.,0.,1.));
#1083 = PCURVE('',#806,#1084);
#1084 = DEFINITIONAL_REPRESENTATION('',(#1085),#1089);
#1085 = LINE('',#1086,#1087);
#1086 = CARTESIAN_POINT('',(0.,-1.));
#1087 = VECTOR('',#1088,1.);
#1088 = DIRECTION('',(1.,0.));
#1089 = ( GEOMETRIC_REPRESENTATION_CONTEXT(2) 
PARAMETRIC_REPRESENTATION_CONTEXT() REPRESENTATION_CONTEXT('2D SPACE',''
  ) );
#1090 = PCURVE('',#1091,#1096);
#1091 = CYLINDRICAL_SURFACE('',#1092,1.);
#1092 = AXIS2_PLACEMENT_3D('',#1093,#1094,#1095);
#1093 = CARTESIAN_POINT('',(49.,69.,5.));
#1094 = DIRECTION('',(0.,0.,1.));
#1095 = DIRECTION('',(0.,1.,0.));
#1096 = DEFINITIONAL_REPRESENTATION('',(#1097),#1101);
#1097 = LINE('',#1098,#1099);
#1098 = CARTESIAN_POINT('',(-0.,0.));
#1099 = VECTOR('',#1100,1.);
#1100 = DIRECTION('',(-0.,1.));
#1101 = ( GEOMETRIC_REPRESENTATION_CONTEXT(2) 
PARAMETRIC_REPRESENTATION_CONTEXT() REPRESENTATION_CONTEXT('2D SPACE',''
  ) );
#1102 = ADVANCED_FACE('',(#1103),#854,.T.);
#1103 = FACE_BOUND('',#1104,.F.);
#1104 = EDGE_LOOP('',(#1105,#1141,#1162,#1163));
#1105 = ORIENTED_EDGE('',*,*,#1106,.T.);
#1106 = EDGE_CURVE('',#789,#1107,#1109,.T.);
#1107 = VERTEX_POINT('',#1108);
#1108 = CARTESIAN_POINT('',(50.,69.,101.5));
#1109 = SURFACE_CURVE('',#1110,(#1115,#1128),.PCURVE_S1.);
#1110 = ELLIPSE('',#1111,1.414213562373,1.);
#1111 = AXIS2_PLACEMENT_3D('',#1112,#1113,#1114);
#1112 = CARTESIAN_POINT('',(49.,69.,101.5));
#1113 = DIRECTION('',(-0.,0.707106781187,-0.707106781187));
#1114 = DIRECTION('',(0.,-0.707106781187,-0.707106781187));
#1115 = PCURVE('',#854,#1116);
#1116 = DEFINITIONAL_REPRESENTATION('',(#1117),#1127);
#1117 = B_SPLINE_CURVE_WITH_KNOTS('',8,(#1118,#1119,#1120,#1121,#1122,
    #1123,#1124,#1125,#1126),.UNSPECIFIED.,.F.,.F.,(9,9),(3.14159265359,
    4.712388980385),.PIECEWISE_BEZIER_KNOTS.);
#1118 = CARTESIAN_POINT('',(-3.553986918678E-15,-4.999997279902E-19));
#1119 = CARTESIAN_POINT('',(-0.196349541599,1.963495808913E-10));
#1120 = CARTESIAN_POINT('',(-0.392699082197,4.40607762668E-02));
#1121 = CARTESIAN_POINT('',(-0.5890486228,0.132181953901));
#1122 = CARTESIAN_POINT('',(-0.78539816339,0.260741249508));
#1123 = CARTESIAN_POINT('',(-0.981747703999,0.422486738626));
#1124 = CARTESIAN_POINT('',(-1.178097244595,0.607300871226));
#1125 = CARTESIAN_POINT('',(-1.374446785196,0.803650458401));
#1126 = CARTESIAN_POINT('',(-1.570796326795,1.));
#1127 = ( GEOMETRIC_REPRESENTATION_CONTEXT(2) 
PARAMETRIC_REPRESENTATION_CONTEXT() REPRESENTATION_CONTEXT('2D SPACE',''
  ) );
#1128 = PCURVE('',#1091,#1129);
#1129 = DEFINITIONAL_REPRESENTATION('',(#1130),#1140);
#1130 = B_SPLINE_CURVE_WITH_KNOTS('',8,(#1131,#1132,#1133,#1134,#1135,
    #1136,#1137,#1138,#1139),.UNSPECIFIED.,.F.,.F.,(9,9),(3.14159265359,
    4.712388980385),.PIECEWISE_BEZIER_KNOTS.);
#1131 = CARTESIAN_POINT('',(-3.553986918678E-15,97.5));
#1132 = CARTESIAN_POINT('',(-0.196349541599,97.499999999804));
#1133 = CARTESIAN_POINT('',(-0.392699082197,97.455939223699));
#1134 = CARTESIAN_POINT('',(-0.5890486228,97.367818046245));
#1135 = CARTESIAN_POINT('',(-0.78539816339,97.239258750342));
#1136 = CARTESIAN_POINT('',(-0.981747703999,97.077513261524));
#1137 = CARTESIAN_POINT('',(-1.178097244595,96.892699128657));
#1138 = CARTESIAN_POINT('',(-1.374446785196,96.696349541599));
#1139 = CARTESIAN_POINT('',(-1.570796326795,96.5));
#1140 = ( GEOMETRIC_REPRESENTATION_CONTEXT(2) 
PARAMETRIC_REPRESENTATION_CONTEXT() REPRESENTATION_CONTEXT('2D SPACE',''
  ) );
#1141 = ORIENTED_EDGE('',*,*,#1142,.T.);
#1142 = EDGE_CURVE('',#1107,#870,#1143,.T.);
#1143 = SURFACE_CURVE('',#1144,(#1148,#1155),.PCURVE_S1.);
#1144 = LINE('',#1145,#1146);
#1145 = CARTESIAN_POINT('',(50.,70.,101.5));
#1146 = VECTOR('',#1147,1.);
#1147 = DIRECTION('',(0.,-1.,6.123233995737E-17));
#1148 = PCURVE('',#854,#1149);
#1149 = DEFINITIONAL_REPRESENTATION('',(#1150),#1154);
#1150 = LINE('',#1151,#1152);
#1151 = CARTESIAN_POINT('',(-1.570796326795,0.));
#1152 = VECTOR('',#1153,1.);
#1153 = DIRECTION('',(-0.,1.));
#1154 = ( GEOMETRIC_REPRESENTATION_CONTEXT(2) 
PARAMETRIC_REPRESENTATION_CONTEXT() REPRESENTATION_CONTEXT('2D SPACE',''
  ) );
#1155 = PCURVE('',#921,#1156);
#1156 = DEFINITIONAL_REPRESENTATION('',(#1157),#1161);
#1157 = LINE('',#1158,#1159);
#1158 = CARTESIAN_POINT('',(26.5,-35.));
#1159 = VECTOR('',#1160,1.);
#1160 = DIRECTION('',(6.123233995737E-17,1.));
#1161 = ( GEOMETRIC_REPRESENTATION_CONTEXT(2) 
PARAMETRIC_REPRESENTATION_CONTEXT() REPRESENTATION_CONTEXT('2D SPACE',''
  ) );
#1162 = ORIENTED_EDGE('',*,*,#869,.F.);
#1163 = ORIENTED_EDGE('',*,*,#840,.F.);
#1164 = ADVANCED_FACE('',(#1165),#921,.T.);
#1165 = FACE_BOUND('',#1166,.T.);
#1166 = EDGE_LOOP('',(#1167,#1168,#1191,#1212));
#1167 = ORIENTED_EDGE('',*,*,#905,.T.);
#1168 = ORIENTED_EDGE('',*,*,#1169,.T.);
#1169 = EDGE_CURVE('',#906,#1170,#1172,.T.);
#1170 = VERTEX_POINT('',#1171);
#1171 = CARTESIAN_POINT('',(50.,69.,6.));
#1172 = SURFACE_CURVE('',#1173,(#1177,#1184),.PCURVE_S1.);
#1173 = LINE('',#1174,#1175);
#1174 = CARTESIAN_POINT('',(50.,0.,6.));
#1175 = VECTOR('',#1176,1.);
#1176 = DIRECTION('',(-0.,1.,-0.));
#1177 = PCURVE('',#921,#1178);
#1178 = DEFINITIONAL_REPRESENTATION('',(#1179),#1183);
#1179 = LINE('',#1180,#1181);
#1180 = CARTESIAN_POINT('',(-69.,35.));
#1181 = VECTOR('',#1182,1.);
#1182 = DIRECTION('',(0.,-1.));
#1183 = ( GEOMETRIC_REPRESENTATION_CONTEXT(2) 
PARAMETRIC_REPRESENTATION_CONTEXT() REPRESENTATION_CONTEXT('2D SPACE',''
  ) );
#1184 = PCURVE('',#954,#1185);
#1185 = DEFINITIONAL_REPRESENTATION('',(#1186),#1190);
#1186 = LINE('',#1187,#1188);
#1187 = CARTESIAN_POINT('',(-1.570796326795,0.));
#1188 = VECTOR('',#1189,1.);
#1189 = DIRECTION('',(-0.,1.));
#1190 = ( GEOMETRIC_REPRESENTATION_CONTEXT(2) 
PARAMETRIC_REPRESENTATION_CONTEXT() REPRESENTATION_CONTEXT('2D SPACE',''
  ) );
#1191 = ORIENTED_EDGE('',*,*,#1192,.T.);
#1192 = EDGE_CURVE('',#1170,#1107,#1193,.T.);
#1193 = SURFACE_CURVE('',#1194,(#1198,#1205),.PCURVE_S1.);
#1194 = LINE('',#1195,#1196);
#1195 = CARTESIAN_POINT('',(50.,69.,5.));
#1196 = VECTOR('',#1197,1.);
#1197 = DIRECTION('',(0.,0.,1.));
#1198 = PCURVE('',#921,#1199);
#1199 = DEFINITIONAL_REPRESENTATION('',(#1200),#1204);
#1200 = LINE('',#1201,#1202);
#1201 = CARTESIAN_POINT('',(-70.,-34.));
#1202 = VECTOR('',#1203,1.);
#1203 = DIRECTION('',(1.,0.));
#1204 = ( GEOMETRIC_REPRESENTATION_CONTEXT(2) 
PARAMETRIC_REPRESENTATION_CONTEXT() REPRESENTATION_CONTEXT('2D SPACE',''
  ) );
#1205 = PCURVE('',#1091,#1206);
#1206 = DEFINITIONAL_REPRESENTATION('',(#1207),#1211);
#1207 = LINE('',#1208,#1209);
#1208 = CARTESIAN_POINT('',(-1.570796326795,0.));
#1209 = VECTOR('',#1210,1.);
#1210 = DIRECTION('',(-0.,1.));
#1211 = ( GEOMETRIC_REPRESENTATION_CONTEXT(2) 
PARAMETRIC_REPRESENTATION_CONTEXT() REPRESENTATION_CONTEXT('2D SPACE',''
  ) );
#1212 = ORIENTED_EDGE('',*,*,#1142,.T.);
#1213 = ADVANCED_FACE('',(#1214),#954,.T.);
#1214 = FACE_BOUND('',#1215,.F.);
#1215 = EDGE_LOOP('',(#1216,#1217,#1218,#1252));
#1216 = ORIENTED_EDGE('',*,*,#933,.T.);
#1217 = ORIENTED_EDGE('',*,*,#1169,.T.);
#1218 = ORIENTED_EDGE('',*,*,#1219,.F.);
#1219 = EDGE_CURVE('',#1028,#1170,#1220,.T.);
#1220 = SURFACE_CURVE('',#1221,(#1226,#1239),.PCURVE_S1.);
#1221 = ELLIPSE('',#1222,1.414213562373,1.);
#1222 = AXIS2_PLACEMENT_3D('',#1223,#1224,#1225);
#1223 = CARTESIAN_POINT('',(49.,69.,6.));
#1224 = DIRECTION('',(-0.,-0.707106781187,-0.707106781187));
#1225 = DIRECTION('',(0.,-0.707106781187,0.707106781187));
#1226 = PCURVE('',#954,#1227);
#1227 = DEFINITIONAL_REPRESENTATION('',(#1228),#1238);
#1228 = B_SPLINE_CURVE_WITH_KNOTS('',8,(#1229,#1230,#1231,#1232,#1233,
    #1234,#1235,#1236,#1237),.UNSPECIFIED.,.F.,.F.,(9,9),(3.14159265359,
    4.712388980385),.PIECEWISE_BEZIER_KNOTS.);
#1229 = CARTESIAN_POINT('',(-3.553986918678E-15,70.));
#1230 = CARTESIAN_POINT('',(-0.196349541599,69.999999999804));
#1231 = CARTESIAN_POINT('',(-0.392699082198,69.955939223611));
#1232 = CARTESIAN_POINT('',(-0.5890486228,69.867818046361));
#1233 = CARTESIAN_POINT('',(-0.785398163395,69.739258749934));
#1234 = CARTESIAN_POINT('',(-0.981747704,69.577513261524));
#1235 = CARTESIAN_POINT('',(-1.178097244595,69.392699128686));
#1236 = CARTESIAN_POINT('',(-1.374446785196,69.196349541599));
#1237 = CARTESIAN_POINT('',(-1.570796326795,69.));
#1238 = ( GEOMETRIC_REPRESENTATION_CONTEXT(2) 
PARAMETRIC_REPRESENTATION_CONTEXT() REPRESENTATION_CONTEXT('2D SPACE',''
  ) );
#1239 = PCURVE('',#1091,#1240);
#1240 = DEFINITIONAL_REPRESENTATION('',(#1241),#1251);
#1241 = B_SPLINE_CURVE_WITH_KNOTS('',8,(#1242,#1243,#1244,#1245,#1246,
    #1247,#1248,#1249,#1250),.UNSPECIFIED.,.F.,.F.,(9,9),(3.14159265359,
    4.712388980385),.PIECEWISE_BEZIER_KNOTS.);
#1242 = CARTESIAN_POINT('',(-3.553986918678E-15,-4.999997279886E-19));
#1243 = CARTESIAN_POINT('',(-0.196349541599,1.963495808913E-10));
#1244 = CARTESIAN_POINT('',(-0.392699082197,4.406077626695E-02));
#1245 = CARTESIAN_POINT('',(-0.5890486228,0.132181953899));
#1246 = CARTESIAN_POINT('',(-0.78539816339,0.260741249509));
#1247 = CARTESIAN_POINT('',(-0.981747703999,0.422486738625));
#1248 = CARTESIAN_POINT('',(-1.178097244595,0.607300871226));
#1249 = CARTESIAN_POINT('',(-1.374446785196,0.803650458401));
#1250 = CARTESIAN_POINT('',(-1.570796326795,1.));
#1251 = ( GEOMETRIC_REPRESENTATION_CONTEXT(2) 
PARAMETRIC_REPRESENTATION_CONTEXT() REPRESENTATION_CONTEXT('2D SPACE',''
  ) );
#1252 = ORIENTED_EDGE('',*,*,#1050,.F.);
#1253 = ADVANCED_FACE('',(#1254),#1091,.T.);
#1254 = FACE_BOUND('',#1255,.F.);
#1255 = EDGE_LOOP('',(#1256,#1257,#1258,#1259));
#1256 = ORIENTED_EDGE('',*,*,#1219,.T.);
#1257 = ORIENTED_EDGE('',*,*,#1192,.T.);
#1258 = ORIENTED_EDGE('',*,*,#1106,.F.);
#1259 = ORIENTED_EDGE('',*,*,#1077,.F.);
#1260 = ( GEOMETRIC_REPRESENTATION_CONTEXT(3) 
GLOBAL_UNCERTAINTY_ASSIGNED_CONTEXT((#1264)) 
GLOBAL_UNIT_ASSIGNED_CONTEXT((#1261,#1262,#1263)) REPRESENTATION_CONTEXT
('Context #1','3D Context with UNIT and UNCERTAINTY') );
#1261 = ( LENGTH_UNIT() NAMED_UNIT(*) SI_UNIT(.MILLI.,.METRE.) );
#1262 = ( NAMED_UNIT(*) PLANE_ANGLE_UNIT() SI_UNIT($,.RADIAN.) );
#1263 = ( NAMED_UNIT(*) SI_UNIT($,.STERADIAN.) SOLID_ANGLE_UNIT() );
#1264 = UNCERTAINTY_MEASURE_WITH_UNIT(LENGTH_MEASURE(1.E-07),#1261,
  'distance_accuracy_value','confusion accuracy');
#1265 = CONTEXT_DEPENDENT_SHAPE_REPRESENTATION(#1266,#1268);
#1266 = ( REPRESENTATION_RELATIONSHIP('','',#661,#10) 
REPRESENTATION_RELATIONSHIP_WITH_TRANSFORMATION(#1267) 
SHAPE_REPRESENTATION_RELATIONSHIP() );
#1267 = ITEM_DEFINED_TRANSFORMATION('','',#11,#19);
#1268 = PRODUCT_DEFINITION_SHAPE('Placement','Placement of an item',
  #1269);
#1269 = NEXT_ASSEMBLY_USAGE_OCCURRENCE('2','','',#5,#656,$);
#1270 = PRODUCT_RELATED_PRODUCT_CATEGORY('part',$,(#658));
#1271 = SHAPE_DEFINITION_REPRESENTATION(#1272,#1278);
#1272 = PRODUCT_DEFINITION_SHAPE('','',#1273);
#1273 = PRODUCT_DEFINITION('design','',#1274,#1277);
#1274 = PRODUCT_DEFINITION_FORMATION('','',#1275);
#1275 = PRODUCT('Open CASCADE STEP translator 8.0 1.3',
  'Open CASCADE STEP translator 8.0 1.3','',(#1276));
#1276 = PRODUCT_CONTEXT('',#2,'mechanical');
#1277 = PRODUCT_DEFINITION_CONTEXT('part definition',#2,'design');
#1278 = ADVANCED_BREP_SHAPE_REPRESENTATION('',(#11,#1279),#3449);
#1279 = MANIFOLD_SOLID_BREP('',#1280);
#1280 = CLOSED_SHELL('',(#1281,#1401,#1489,#1565,#1645,#1785,#1843,#1901
    ,#1977,#2230,#2478,#2554,#2580,#2606,#2632,#2658,#2736,#2785,#2838,
    #2892,#2918,#2977,#3031,#3128,#3177,#3225,#3274,#3300,#3327,#3354,
    #3381,#3388,#3415,#3442));
#1281 = ADVANCED_FACE('',(#1282),#1296,.F.);
#1282 = FACE_BOUND('',#1283,.F.);
#1283 = EDGE_LOOP('',(#1284,#1319,#1347,#1375));
#1284 = ORIENTED_EDGE('',*,*,#1285,.F.);
#1285 = EDGE_CURVE('',#1286,#1288,#1290,.T.);
#1286 = VERTEX_POINT('',#1287);
#1287 = CARTESIAN_POINT('',(51.,5.199999988079,137.00003504753));
#1288 = VERTEX_POINT('',#1289);
#1289 = CARTESIAN_POINT('',(51.,5.800000011921,137.00003504753));
#1290 = SURFACE_CURVE('',#1291,(#1295,#1307),.PCURVE_S1.);
#1291 = LINE('',#1292,#1293);
#1292 = CARTESIAN_POINT('',(51.,5.,137.00003504753));
#1293 = VECTOR('',#1294,1.);
#1294 = DIRECTION('',(-0.,1.,-0.));
#1295 = PCURVE('',#1296,#1301);
#1296 = PLANE('',#1297);
#1297 = AXIS2_PLACEMENT_3D('',#1298,#1299,#1300);
#1298 = CARTESIAN_POINT('',(50.,5.,137.00003504753));
#1299 = DIRECTION('',(-1.224646799147E-16,-0.,-1.));
#1300 = DIRECTION('',(1.,0.,-1.224646799147E-16));
#1301 = DEFINITIONAL_REPRESENTATION('',(#1302),#1306);
#1302 = LINE('',#1303,#1304);
#1303 = CARTESIAN_POINT('',(1.,0.));
#1304 = VECTOR('',#1305,1.);
#1305 = DIRECTION('',(0.,-1.));
#1306 = ( GEOMETRIC_REPRESENTATION_CONTEXT(2) 
PARAMETRIC_REPRESENTATION_CONTEXT() REPRESENTATION_CONTEXT('2D SPACE',''
  ) );
#1307 = PCURVE('',#1308,#1313);
#1308 = CYLINDRICAL_SURFACE('',#1309,2.);
#1309 = AXIS2_PLACEMENT_3D('',#1310,#1311,#1312);
#1310 = CARTESIAN_POINT('',(51.,5.,135.00003504753));
#1311 = DIRECTION('',(-0.,1.,-0.));
#1312 = DIRECTION('',(1.224646799147E-16,0.,1.));
#1313 = DEFINITIONAL_REPRESENTATION('',(#1314),#1318);
#1314 = LINE('',#1315,#1316);
#1315 = CARTESIAN_POINT('',(0.,0.));
#1316 = VECTOR('',#1317,1.);
#1317 = DIRECTION('',(0.,1.));
#1318 = ( GEOMETRIC_REPRESENTATION_CONTEXT(2) 
PARAMETRIC_REPRESENTATION_CONTEXT() REPRESENTATION_CONTEXT('2D SPACE',''
  ) );
#1319 = ORIENTED_EDGE('',*,*,#1320,.F.);
#1320 = EDGE_CURVE('',#1321,#1286,#1323,.T.);
#1321 = VERTEX_POINT('',#1322);
#1322 = CARTESIAN_POINT('',(50.,5.199999988079,137.00003504753));
#1323 = SURFACE_CURVE('',#1324,(#1328,#1335),.PCURVE_S1.);
#1324 = LINE('',#1325,#1326);
#1325 = CARTESIAN_POINT('',(50.,5.199999988079,137.00003504753));
#1326 = VECTOR('',#1327,1.);
#1327 = DIRECTION('',(1.,0.,-1.224646799147E-16));
#1328 = PCURVE('',#1296,#1329);
#1329 = DEFINITIONAL_REPRESENTATION('',(#1330),#1334);
#1330 = LINE('',#1331,#1332);
#1331 = CARTESIAN_POINT('',(0.,-0.199999988079));
#1332 = VECTOR('',#1333,1.);
#1333 = DIRECTION('',(1.,0.));
#1334 = ( GEOMETRIC_REPRESENTATION_CONTEXT(2) 
PARAMETRIC_REPRESENTATION_CONTEXT() REPRESENTATION_CONTEXT('2D SPACE',''
  ) );
#1335 = PCURVE('',#1336,#1341);
#1336 = CYLINDRICAL_SURFACE('',#1337,0.199999988079);
#1337 = AXIS2_PLACEMENT_3D('',#1338,#1339,#1340);
#1338 = CARTESIAN_POINT('',(50.,5.199999988079,136.80003505945));
#1339 = DIRECTION('',(1.,0.,-1.224646799147E-16));
#1340 = DIRECTION('',(1.224646799147E-16,0.,1.));
#1341 = DEFINITIONAL_REPRESENTATION('',(#1342),#1346);
#1342 = LINE('',#1343,#1344);
#1343 = CARTESIAN_POINT('',(0.,0.));
#1344 = VECTOR('',#1345,1.);
#1345 = DIRECTION('',(0.,1.));
#1346 = ( GEOMETRIC_REPRESENTATION_CONTEXT(2) 
PARAMETRIC_REPRESENTATION_CONTEXT() REPRESENTATION_CONTEXT('2D SPACE',''
  ) );
#1347 = ORIENTED_EDGE('',*,*,#1348,.T.);
#1348 = EDGE_CURVE('',#1321,#1349,#1351,.T.);
#1349 = VERTEX_POINT('',#1350);
#1350 = CARTESIAN_POINT('',(50.,5.800000011921,137.00003504753));
#1351 = SURFACE_CURVE('',#1352,(#1356,#1363),.PCURVE_S1.);
#1352 = LINE('',#1353,#1354);
#1353 = CARTESIAN_POINT('',(50.,5.,137.00003504753));
#1354 = VECTOR('',#1355,1.);
#1355 = DIRECTION('',(-0.,1.,-0.));
#1356 = PCURVE('',#1296,#1357);
#1357 = DEFINITIONAL_REPRESENTATION('',(#1358),#1362);
#1358 = LINE('',#1359,#1360);
#1359 = CARTESIAN_POINT('',(0.,0.));
#1360 = VECTOR('',#1361,1.);
#1361 = DIRECTION('',(0.,-1.));
#1362 = ( GEOMETRIC_REPRESENTATION_CONTEXT(2) 
PARAMETRIC_REPRESENTATION_CONTEXT() REPRESENTATION_CONTEXT('2D SPACE',''
  ) );
#1363 = PCURVE('',#1364,#1369);
#1364 = PLANE('',#1365);
#1365 = AXIS2_PLACEMENT_3D('',#1366,#1367,#1368);
#1366 = CARTESIAN_POINT('',(50.,5.,136.00003504753));
#1367 = DIRECTION('',(1.,0.,-1.224646799147E-16));
#1368 = DIRECTION('',(1.224646799147E-16,0.,1.));
#1369 = DEFINITIONAL_REPRESENTATION('',(#1370),#1374);
#1370 = LINE('',#1371,#1372);
#1371 = CARTESIAN_POINT('',(1.,0.));
#1372 = VECTOR('',#1373,1.);
#1373 = DIRECTION('',(0.,-1.));
#1374 = ( GEOMETRIC_REPRESENTATION_CONTEXT(2) 
PARAMETRIC_REPRESENTATION_CONTEXT() REPRESENTATION_CONTEXT('2D SPACE',''
  ) );
#1375 = ORIENTED_EDGE('',*,*,#1376,.T.);
#1376 = EDGE_CURVE('',#1349,#1288,#1377,.T.);
#1377 = SURFACE_CURVE('',#1378,(#1382,#1389),.PCURVE_S1.);
#1378 = LINE('',#1379,#1380);
#1379 = CARTESIAN_POINT('',(50.,5.800000011921,137.00003504753));
#1380 = VECTOR('',#1381,1.);
#1381 = DIRECTION('',(1.,0.,-1.224646799147E-16));
#1382 = PCURVE('',#1296,#1383);
#1383 = DEFINITIONAL_REPRESENTATION('',(#1384),#1388);
#1384 = LINE('',#1385,#1386);
#1385 = CARTESIAN_POINT('',(0.,-0.800000011921));
#1386 = VECTOR('',#1387,1.);
#1387 = DIRECTION('',(1.,0.));
#1388 = ( GEOMETRIC_REPRESENTATION_CONTEXT(2) 
PARAMETRIC_REPRESENTATION_CONTEXT() REPRESENTATION_CONTEXT('2D SPACE',''
  ) );
#1389 = PCURVE('',#1390,#1395);
#1390 = CYLINDRICAL_SURFACE('',#1391,0.199999988079);
#1391 = AXIS2_PLACEMENT_3D('',#1392,#1393,#1394);
#1392 = CARTESIAN_POINT('',(50.,5.800000011921,136.80003505945));
#1393 = DIRECTION('',(1.,0.,-1.224646799147E-16));
#1394 = DIRECTION('',(1.224646799147E-16,0.,1.));
#1395 = DEFINITIONAL_REPRESENTATION('',(#1396),#1400);
#1396 = LINE('',#1397,#1398);
#1397 = CARTESIAN_POINT('',(-0.,0.));
#1398 = VECTOR('',#1399,1.);
#1399 = DIRECTION('',(-0.,1.));
#1400 = ( GEOMETRIC_REPRESENTATION_CONTEXT(2) 
PARAMETRIC_REPRESENTATION_CONTEXT() REPRESENTATION_CONTEXT('2D SPACE',''
  ) );
#1401 = ADVANCED_FACE('',(#1402),#1308,.T.);
#1402 = FACE_BOUND('',#1403,.T.);
#1403 = EDGE_LOOP('',(#1404,#1405,#1434,#1462));
#1404 = ORIENTED_EDGE('',*,*,#1285,.F.);
#1405 = ORIENTED_EDGE('',*,*,#1406,.T.);
#1406 = EDGE_CURVE('',#1286,#1407,#1409,.T.);
#1407 = VERTEX_POINT('',#1408);
#1408 = CARTESIAN_POINT('',(53.,5.199999988079,135.00003504753));
#1409 = SURFACE_CURVE('',#1410,(#1415,#1422),.PCURVE_S1.);
#1410 = CIRCLE('',#1411,2.);
#1411 = AXIS2_PLACEMENT_3D('',#1412,#1413,#1414);
#1412 = CARTESIAN_POINT('',(51.,5.199999988079,135.00003504753));
#1413 = DIRECTION('',(-0.,1.,0.));
#1414 = DIRECTION('',(0.,0.,1.));
#1415 = PCURVE('',#1308,#1416);
#1416 = DEFINITIONAL_REPRESENTATION('',(#1417),#1421);
#1417 = LINE('',#1418,#1419);
#1418 = CARTESIAN_POINT('',(0.,0.199999988079));
#1419 = VECTOR('',#1420,1.);
#1420 = DIRECTION('',(1.,0.));
#1421 = ( GEOMETRIC_REPRESENTATION_CONTEXT(2) 
PARAMETRIC_REPRESENTATION_CONTEXT() REPRESENTATION_CONTEXT('2D SPACE',''
  ) );
#1422 = PCURVE('',#1423,#1428);
#1423 = TOROIDAL_SURFACE('',#1424,1.800000011921,0.199999988079);
#1424 = AXIS2_PLACEMENT_3D('',#1425,#1426,#1427);
#1425 = CARTESIAN_POINT('',(51.,5.199999988079,135.00003504753));
#1426 = DIRECTION('',(0.,-1.,0.));
#1427 = DIRECTION('',(0.,0.,1.));
#1428 = DEFINITIONAL_REPRESENTATION('',(#1429),#1433);
#1429 = LINE('',#1430,#1431);
#1430 = CARTESIAN_POINT('',(-0.,0.));
#1431 = VECTOR('',#1432,1.);
#1432 = DIRECTION('',(-1.,0.));
#1433 = ( GEOMETRIC_REPRESENTATION_CONTEXT(2) 
PARAMETRIC_REPRESENTATION_CONTEXT() REPRESENTATION_CONTEXT('2D SPACE',''
  ) );
#1434 = ORIENTED_EDGE('',*,*,#1435,.T.);
#1435 = EDGE_CURVE('',#1407,#1436,#1438,.T.);
#1436 = VERTEX_POINT('',#1437);
#1437 = CARTESIAN_POINT('',(53.,5.800000011921,135.00003504753));
#1438 = SURFACE_CURVE('',#1439,(#1443,#1450),.PCURVE_S1.);
#1439 = LINE('',#1440,#1441);
#1440 = CARTESIAN_POINT('',(53.,5.,135.00003504753));
#1441 = VECTOR('',#1442,1.);
#1442 = DIRECTION('',(-0.,1.,-0.));
#1443 = PCURVE('',#1308,#1444);
#1444 = DEFINITIONAL_REPRESENTATION('',(#1445),#1449);
#1445 = LINE('',#1446,#1447);
#1446 = CARTESIAN_POINT('',(1.570796326795,0.));
#1447 = VECTOR('',#1448,1.);
#1448 = DIRECTION('',(0.,1.));
#1449 = ( GEOMETRIC_REPRESENTATION_CONTEXT(2) 
PARAMETRIC_REPRESENTATION_CONTEXT() REPRESENTATION_CONTEXT('2D SPACE',''
  ) );
#1450 = PCURVE('',#1451,#1456);
#1451 = PLANE('',#1452);
#1452 = AXIS2_PLACEMENT_3D('',#1453,#1454,#1455);
#1453 = CARTESIAN_POINT('',(53.,5.,137.00003504753));
#1454 = DIRECTION('',(-1.,0.,2.449293598295E-16));
#1455 = DIRECTION('',(-2.449293598295E-16,0.,-1.));
#1456 = DEFINITIONAL_REPRESENTATION('',(#1457),#1461);
#1457 = LINE('',#1458,#1459);
#1458 = CARTESIAN_POINT('',(2.,0.));
#1459 = VECTOR('',#1460,1.);
#1460 = DIRECTION('',(0.,-1.));
#1461 = ( GEOMETRIC_REPRESENTATION_CONTEXT(2) 
PARAMETRIC_REPRESENTATION_CONTEXT() REPRESENTATION_CONTEXT('2D SPACE',''
  ) );
#1462 = ORIENTED_EDGE('',*,*,#1463,.F.);
#1463 = EDGE_CURVE('',#1288,#1436,#1464,.T.);
#1464 = SURFACE_CURVE('',#1465,(#1470,#1477),.PCURVE_S1.);
#1465 = CIRCLE('',#1466,2.);
#1466 = AXIS2_PLACEMENT_3D('',#1467,#1468,#1469);
#1467 = CARTESIAN_POINT('',(51.,5.800000011921,135.00003504753));
#1468 = DIRECTION('',(-0.,1.,0.));
#1469 = DIRECTION('',(0.,0.,1.));
#1470 = PCURVE('',#1308,#1471);
#1471 = DEFINITIONAL_REPRESENTATION('',(#1472),#1476);
#1472 = LINE('',#1473,#1474);
#1473 = CARTESIAN_POINT('',(0.,0.800000011921));
#1474 = VECTOR('',#1475,1.);
#1475 = DIRECTION('',(1.,0.));
#1476 = ( GEOMETRIC_REPRESENTATION_CONTEXT(2) 
PARAMETRIC_REPRESENTATION_CONTEXT() REPRESENTATION_CONTEXT('2D SPACE',''
  ) );
#1477 = PCURVE('',#1478,#1483);
#1478 = TOROIDAL_SURFACE('',#1479,1.800000011921,0.199999988079);
#1479 = AXIS2_PLACEMENT_3D('',#1480,#1481,#1482);
#1480 = CARTESIAN_POINT('',(51.,5.800000011921,135.00003504753));
#1481 = DIRECTION('',(-0.,1.,-0.));
#1482 = DIRECTION('',(0.,0.,1.));
#1483 = DEFINITIONAL_REPRESENTATION('',(#1484),#1488);
#1484 = LINE('',#1485,#1486);
#1485 = CARTESIAN_POINT('',(0.,0.));
#1486 = VECTOR('',#1487,1.);
#1487 = DIRECTION('',(1.,0.));
#1488 = ( GEOMETRIC_REPRESENTATION_CONTEXT(2) 
PARAMETRIC_REPRESENTATION_CONTEXT() REPRESENTATION_CONTEXT('2D SPACE',''
  ) );
#1489 = ADVANCED_FACE('',(#1490),#1336,.T.);
#1490 = FACE_BOUND('',#1491,.T.);
#1491 = EDGE_LOOP('',(#1492,#1516,#1544,#1564));
#1492 = ORIENTED_EDGE('',*,*,#1493,.T.);
#1493 = EDGE_CURVE('',#1321,#1494,#1496,.T.);
#1494 = VERTEX_POINT('',#1495);
#1495 = CARTESIAN_POINT('',(50.,5.,136.80003505945));
#1496 = SURFACE_CURVE('',#1497,(#1502,#1509),.PCURVE_S1.);
#1497 = CIRCLE('',#1498,0.199999988079);
#1498 = AXIS2_PLACEMENT_3D('',#1499,#1500,#1501);
#1499 = CARTESIAN_POINT('',(50.,5.199999988079,136.80003505945));
#1500 = DIRECTION('',(1.,0.,-1.224646799147E-16));
#1501 = DIRECTION('',(1.224646799147E-16,0.,1.));
#1502 = PCURVE('',#1336,#1503);
#1503 = DEFINITIONAL_REPRESENTATION('',(#1504),#1508);
#1504 = LINE('',#1505,#1506);
#1505 = CARTESIAN_POINT('',(0.,0.));
#1506 = VECTOR('',#1507,1.);
#1507 = DIRECTION('',(1.,0.));
#1508 = ( GEOMETRIC_REPRESENTATION_CONTEXT(2) 
PARAMETRIC_REPRESENTATION_CONTEXT() REPRESENTATION_CONTEXT('2D SPACE',''
  ) );
#1509 = PCURVE('',#1364,#1510);
#1510 = DEFINITIONAL_REPRESENTATION('',(#1511),#1515);
#1511 = CIRCLE('',#1512,0.199999988079);
#1512 = AXIS2_PLACEMENT_2D('',#1513,#1514);
#1513 = CARTESIAN_POINT('',(0.800000011921,-0.199999988079));
#1514 = DIRECTION('',(1.,0.));
#1515 = ( GEOMETRIC_REPRESENTATION_CONTEXT(2) 
PARAMETRIC_REPRESENTATION_CONTEXT() REPRESENTATION_CONTEXT('2D SPACE',''
  ) );
#1516 = ORIENTED_EDGE('',*,*,#1517,.T.);
#1517 = EDGE_CURVE('',#1494,#1518,#1520,.T.);
#1518 = VERTEX_POINT('',#1519);
#1519 = CARTESIAN_POINT('',(51.,5.,136.80003505945));
#1520 = SURFACE_CURVE('',#1521,(#1525,#1532),.PCURVE_S1.);
#1521 = LINE('',#1522,#1523);
#1522 = CARTESIAN_POINT('',(50.,5.,136.80003505945));
#1523 = VECTOR('',#1524,1.);
#1524 = DIRECTION('',(1.,0.,-1.224646799147E-16));
#1525 = PCURVE('',#1336,#1526);
#1526 = DEFINITIONAL_REPRESENTATION('',(#1527),#1531);
#1527 = LINE('',#1528,#1529);
#1528 = CARTESIAN_POINT('',(1.570796326795,0.));
#1529 = VECTOR('',#1530,1.);
#1530 = DIRECTION('',(0.,1.));
#1531 = ( GEOMETRIC_REPRESENTATION_CONTEXT(2) 
PARAMETRIC_REPRESENTATION_CONTEXT() REPRESENTATION_CONTEXT('2D SPACE',''
  ) );
#1532 = PCURVE('',#1533,#1538);
#1533 = PLANE('',#1534);
#1534 = AXIS2_PLACEMENT_3D('',#1535,#1536,#1537);
#1535 = CARTESIAN_POINT('',(49.,5.,126.6152999401));
#1536 = DIRECTION('',(0.,-1.,0.));
#1537 = DIRECTION('',(0.,-0.,-1.));
#1538 = DEFINITIONAL_REPRESENTATION('',(#1539),#1543);
#1539 = LINE('',#1540,#1541);
#1540 = CARTESIAN_POINT('',(-10.18473511934,1.));
#1541 = VECTOR('',#1542,1.);
#1542 = DIRECTION('',(1.224646799147E-16,1.));
#1543 = ( GEOMETRIC_REPRESENTATION_CONTEXT(2) 
PARAMETRIC_REPRESENTATION_CONTEXT() REPRESENTATION_CONTEXT('2D SPACE',''
  ) );
#1544 = ORIENTED_EDGE('',*,*,#1545,.F.);
#1545 = EDGE_CURVE('',#1286,#1518,#1546,.T.);
#1546 = SURFACE_CURVE('',#1547,(#1552,#1558),.PCURVE_S1.);
#1547 = CIRCLE('',#1548,0.199999988079);
#1548 = AXIS2_PLACEMENT_3D('',#1549,#1550,#1551);
#1549 = CARTESIAN_POINT('',(51.,5.199999988079,136.80003505945));
#1550 = DIRECTION('',(1.,0.,-1.224646799147E-16));
#1551 = DIRECTION('',(1.224646799147E-16,0.,1.));
#1552 = PCURVE('',#1336,#1553);
#1553 = DEFINITIONAL_REPRESENTATION('',(#1554),#1557);
#1554 = B_SPLINE_CURVE_WITH_KNOTS('',1,(#1555,#1556),.UNSPECIFIED.,.F.,
  .F.,(2,2),(0.,1.570796326795),.PIECEWISE_BEZIER_KNOTS.);
#1555 = CARTESIAN_POINT('',(0.,1.));
#1556 = CARTESIAN_POINT('',(1.570796326795,1.));
#1557 = ( GEOMETRIC_REPRESENTATION_CONTEXT(2) 
PARAMETRIC_REPRESENTATION_CONTEXT() REPRESENTATION_CONTEXT('2D SPACE',''
  ) );
#1558 = PCURVE('',#1423,#1559);
#1559 = DEFINITIONAL_REPRESENTATION('',(#1560),#1563);
#1560 = B_SPLINE_CURVE_WITH_KNOTS('',1,(#1561,#1562),.UNSPECIFIED.,.F.,
  .F.,(2,2),(0.,1.570796326795),.PIECEWISE_BEZIER_KNOTS.);
#1561 = CARTESIAN_POINT('',(0.,0.));
#1562 = CARTESIAN_POINT('',(0.,1.570796326795));
#1563 = ( GEOMETRIC_REPRESENTATION_CONTEXT(2) 
PARAMETRIC_REPRESENTATION_CONTEXT() REPRESENTATION_CONTEXT('2D SPACE',''
  ) );
#1564 = ORIENTED_EDGE('',*,*,#1320,.F.);
#1565 = ADVANCED_FACE('',(#1566),#1390,.T.);
#1566 = FACE_BOUND('',#1567,.F.);
#1567 = EDGE_LOOP('',(#1568,#1596,#1624,#1644));
#1568 = ORIENTED_EDGE('',*,*,#1569,.T.);
#1569 = EDGE_CURVE('',#1349,#1570,#1572,.T.);
#1570 = VERTEX_POINT('',#1571);
#1571 = CARTESIAN_POINT('',(50.,6.,136.80003505945));
#1572 = SURFACE_CURVE('',#1573,(#1578,#1585),.PCURVE_S1.);
#1573 = CIRCLE('',#1574,0.199999988079);
#1574 = AXIS2_PLACEMENT_3D('',#1575,#1576,#1577);
#1575 = CARTESIAN_POINT('',(50.,5.800000011921,136.80003505945));
#1576 = DIRECTION('',(-1.,-0.,1.224646799147E-16));
#1577 = DIRECTION('',(1.224646799147E-16,0.,1.));
#1578 = PCURVE('',#1390,#1579);
#1579 = DEFINITIONAL_REPRESENTATION('',(#1580),#1584);
#1580 = LINE('',#1581,#1582);
#1581 = CARTESIAN_POINT('',(-0.,0.));
#1582 = VECTOR('',#1583,1.);
#1583 = DIRECTION('',(-1.,0.));
#1584 = ( GEOMETRIC_REPRESENTATION_CONTEXT(2) 
PARAMETRIC_REPRESENTATION_CONTEXT() REPRESENTATION_CONTEXT('2D SPACE',''
  ) );
#1585 = PCURVE('',#1364,#1586);
#1586 = DEFINITIONAL_REPRESENTATION('',(#1587),#1595);
#1587 = ( BOUNDED_CURVE() B_SPLINE_CURVE(2,(#1588,#1589,#1590,#1591,
#1592,#1593,#1594),.UNSPECIFIED.,.T.,.F.) B_SPLINE_CURVE_WITH_KNOTS((1,2
    ,2,2,2,1),(-2.094395102393,0.,2.094395102393,4.188790204786,
6.28318530718,8.377580409573),.UNSPECIFIED.) CURVE() 
GEOMETRIC_REPRESENTATION_ITEM() RATIONAL_B_SPLINE_CURVE((1.,0.5,1.,0.5,
1.,0.5,1.)) REPRESENTATION_ITEM('') );
#1588 = CARTESIAN_POINT('',(1.,-0.800000011921));
#1589 = CARTESIAN_POINT('',(1.,-1.146410152787));
#1590 = CARTESIAN_POINT('',(0.700000017881,-0.973205082354));
#1591 = CARTESIAN_POINT('',(0.400000035763,-0.800000011921));
#1592 = CARTESIAN_POINT('',(0.700000017881,-0.626794941488));
#1593 = CARTESIAN_POINT('',(1.,-0.453589871055));
#1594 = CARTESIAN_POINT('',(1.,-0.800000011921));
#1595 = ( GEOMETRIC_REPRESENTATION_CONTEXT(2) 
PARAMETRIC_REPRESENTATION_CONTEXT() REPRESENTATION_CONTEXT('2D SPACE',''
  ) );
#1596 = ORIENTED_EDGE('',*,*,#1597,.T.);
#1597 = EDGE_CURVE('',#1570,#1598,#1600,.T.);
#1598 = VERTEX_POINT('',#1599);
#1599 = CARTESIAN_POINT('',(51.,6.,136.80003505945));
#1600 = SURFACE_CURVE('',#1601,(#1605,#1612),.PCURVE_S1.);
#1601 = LINE('',#1602,#1603);
#1602 = CARTESIAN_POINT('',(50.,6.,136.80003505945));
#1603 = VECTOR('',#1604,1.);
#1604 = DIRECTION('',(1.,0.,-1.224646799147E-16));
#1605 = PCURVE('',#1390,#1606);
#1606 = DEFINITIONAL_REPRESENTATION('',(#1607),#1611);
#1607 = LINE('',#1608,#1609);
#1608 = CARTESIAN_POINT('',(-1.570796326795,0.));
#1609 = VECTOR('',#1610,1.);
#1610 = DIRECTION('',(-0.,1.));
#1611 = ( GEOMETRIC_REPRESENTATION_CONTEXT(2) 
PARAMETRIC_REPRESENTATION_CONTEXT() REPRESENTATION_CONTEXT('2D SPACE',''
  ) );
#1612 = PCURVE('',#1613,#1618);
#1613 = PLANE('',#1614);
#1614 = AXIS2_PLACEMENT_3D('',#1615,#1616,#1617);
#1615 = CARTESIAN_POINT('',(49.,6.,126.6152999401));
#1616 = DIRECTION('',(0.,-1.,0.));
#1617 = DIRECTION('',(0.,0.,-1.));
#1618 = DEFINITIONAL_REPRESENTATION('',(#1619),#1623);
#1619 = LINE('',#1620,#1621);
#1620 = CARTESIAN_POINT('',(-10.18473511934,1.));
#1621 = VECTOR('',#1622,1.);
#1622 = DIRECTION('',(1.224646799147E-16,1.));
#1623 = ( GEOMETRIC_REPRESENTATION_CONTEXT(2) 
PARAMETRIC_REPRESENTATION_CONTEXT() REPRESENTATION_CONTEXT('2D SPACE',''
  ) );
#1624 = ORIENTED_EDGE('',*,*,#1625,.F.);
#1625 = EDGE_CURVE('',#1288,#1598,#1626,.T.);
#1626 = SURFACE_CURVE('',#1627,(#1632,#1638),.PCURVE_S1.);
#1627 = CIRCLE('',#1628,0.199999988079);
#1628 = AXIS2_PLACEMENT_3D('',#1629,#1630,#1631);
#1629 = CARTESIAN_POINT('',(51.,5.800000011921,136.80003505945));
#1630 = DIRECTION('',(-1.,-0.,1.224646799147E-16));
#1631 = DIRECTION('',(1.224646799147E-16,0.,1.));
#1632 = PCURVE('',#1390,#1633);
#1633 = DEFINITIONAL_REPRESENTATION('',(#1634),#1637);
#1634 = B_SPLINE_CURVE_WITH_KNOTS('',1,(#1635,#1636),.UNSPECIFIED.,.F.,
  .F.,(2,2),(0.,1.570796326795),.PIECEWISE_BEZIER_KNOTS.);
#1635 = CARTESIAN_POINT('',(0.,1.));
#1636 = CARTESIAN_POINT('',(-1.570796326795,1.));
#1637 = ( GEOMETRIC_REPRESENTATION_CONTEXT(2) 
PARAMETRIC_REPRESENTATION_CONTEXT() REPRESENTATION_CONTEXT('2D SPACE',''
  ) );
#1638 = PCURVE('',#1478,#1639);
#1639 = DEFINITIONAL_REPRESENTATION('',(#1640),#1643);
#1640 = B_SPLINE_CURVE_WITH_KNOTS('',1,(#1641,#1642),.UNSPECIFIED.,.F.,
  .F.,(2,2),(0.,1.570796326795),.PIECEWISE_BEZIER_KNOTS.);
#1641 = CARTESIAN_POINT('',(0.,0.));
#1642 = CARTESIAN_POINT('',(0.,1.570796326795));
#1643 = ( GEOMETRIC_REPRESENTATION_CONTEXT(2) 
PARAMETRIC_REPRESENTATION_CONTEXT() REPRESENTATION_CONTEXT('2D SPACE',''
  ) );
#1644 = ORIENTED_EDGE('',*,*,#1376,.F.);
#1645 = ADVANCED_FACE('',(#1646),#1364,.F.);
#1646 = FACE_BOUND('',#1647,.F.);
#1647 = EDGE_LOOP('',(#1648,#1678,#1711,#1732,#1733,#1734,#1735,#1758));
#1648 = ORIENTED_EDGE('',*,*,#1649,.T.);
#1649 = EDGE_CURVE('',#1650,#1652,#1654,.T.);
#1650 = VERTEX_POINT('',#1651);
#1651 = CARTESIAN_POINT('',(50.,5.199999988079,136.00003504753));
#1652 = VERTEX_POINT('',#1653);
#1653 = CARTESIAN_POINT('',(50.,5.800000011921,136.00003504753));
#1654 = SURFACE_CURVE('',#1655,(#1659,#1666),.PCURVE_S1.);
#1655 = LINE('',#1656,#1657);
#1656 = CARTESIAN_POINT('',(50.,5.,136.00003504753));
#1657 = VECTOR('',#1658,1.);
#1658 = DIRECTION('',(-0.,1.,-0.));
#1659 = PCURVE('',#1364,#1660);
#1660 = DEFINITIONAL_REPRESENTATION('',(#1661),#1665);
#1661 = LINE('',#1662,#1663);
#1662 = CARTESIAN_POINT('',(0.,0.));
#1663 = VECTOR('',#1664,1.);
#1664 = DIRECTION('',(0.,-1.));
#1665 = ( GEOMETRIC_REPRESENTATION_CONTEXT(2) 
PARAMETRIC_REPRESENTATION_CONTEXT() REPRESENTATION_CONTEXT('2D SPACE',''
  ) );
#1666 = PCURVE('',#1667,#1672);
#1667 = PLANE('',#1668);
#1668 = AXIS2_PLACEMENT_3D('',#1669,#1670,#1671);
#1669 = CARTESIAN_POINT('',(52.,5.,136.00003504753));
#1670 = DIRECTION('',(2.449293598295E-16,0.,1.));
#1671 = DIRECTION('',(-1.,0.,2.449293598295E-16));
#1672 = DEFINITIONAL_REPRESENTATION('',(#1673),#1677);
#1673 = LINE('',#1674,#1675);
#1674 = CARTESIAN_POINT('',(2.,0.));
#1675 = VECTOR('',#1676,1.);
#1676 = DIRECTION('',(0.,-1.));
#1677 = ( GEOMETRIC_REPRESENTATION_CONTEXT(2) 
PARAMETRIC_REPRESENTATION_CONTEXT() REPRESENTATION_CONTEXT('2D SPACE',''
  ) );
#1678 = ORIENTED_EDGE('',*,*,#1679,.F.);
#1679 = EDGE_CURVE('',#1680,#1652,#1682,.T.);
#1680 = VERTEX_POINT('',#1681);
#1681 = CARTESIAN_POINT('',(50.,6.,136.20003503561));
#1682 = SURFACE_CURVE('',#1683,(#1688,#1699),.PCURVE_S1.);
#1683 = CIRCLE('',#1684,0.199999988079);
#1684 = AXIS2_PLACEMENT_3D('',#1685,#1686,#1687);
#1685 = CARTESIAN_POINT('',(50.,5.800000011921,136.20003503561));
#1686 = DIRECTION('',(-1.,0.,2.449293598295E-16));
#1687 = DIRECTION('',(-2.449293598295E-16,0.,-1.));
#1688 = PCURVE('',#1364,#1689);
#1689 = DEFINITIONAL_REPRESENTATION('',(#1690),#1698);
#1690 = ( BOUNDED_CURVE() B_SPLINE_CURVE(2,(#1691,#1692,#1693,#1694,
#1695,#1696,#1697),.UNSPECIFIED.,.T.,.F.) B_SPLINE_CURVE_WITH_KNOTS((1,2
    ,2,2,2,1),(-2.094395102393,0.,2.094395102393,4.188790204786,
6.28318530718,8.377580409573),.UNSPECIFIED.) CURVE() 
GEOMETRIC_REPRESENTATION_ITEM() RATIONAL_B_SPLINE_CURVE((1.,0.5,1.,0.5,
1.,0.5,1.)) REPRESENTATION_ITEM('') );
#1691 = CARTESIAN_POINT('',(0.,-0.800000011921));
#1692 = CARTESIAN_POINT('',(0.,-0.453589871055));
#1693 = CARTESIAN_POINT('',(0.299999982119,-0.626794941488));
#1694 = CARTESIAN_POINT('',(0.599999964237,-0.800000011921));
#1695 = CARTESIAN_POINT('',(0.299999982119,-0.973205082354));
#1696 = CARTESIAN_POINT('',(3.053113317719E-16,-1.146410152787));
#1697 = CARTESIAN_POINT('',(0.,-0.800000011921));
#1698 = ( GEOMETRIC_REPRESENTATION_CONTEXT(2) 
PARAMETRIC_REPRESENTATION_CONTEXT() REPRESENTATION_CONTEXT('2D SPACE',''
  ) );
#1699 = PCURVE('',#1700,#1705);
#1700 = CYLINDRICAL_SURFACE('',#1701,0.199999988079);
#1701 = AXIS2_PLACEMENT_3D('',#1702,#1703,#1704);
#1702 = CARTESIAN_POINT('',(51.,5.800000011921,136.20003503561));
#1703 = DIRECTION('',(-1.,0.,2.449293598295E-16));
#1704 = DIRECTION('',(0.,1.,-0.));
#1705 = DEFINITIONAL_REPRESENTATION('',(#1706),#1710);
#1706 = LINE('',#1707,#1708);
#1707 = CARTESIAN_POINT('',(-4.712388980385,1.));
#1708 = VECTOR('',#1709,1.);
#1709 = DIRECTION('',(1.,0.));
#1710 = ( GEOMETRIC_REPRESENTATION_CONTEXT(2) 
PARAMETRIC_REPRESENTATION_CONTEXT() REPRESENTATION_CONTEXT('2D SPACE',''
  ) );
#1711 = ORIENTED_EDGE('',*,*,#1712,.T.);
#1712 = EDGE_CURVE('',#1680,#1570,#1713,.T.);
#1713 = SURFACE_CURVE('',#1714,(#1718,#1725),.PCURVE_S1.);
#1714 = LINE('',#1715,#1716);
#1715 = CARTESIAN_POINT('',(50.,6.,134.2359817028));
#1716 = VECTOR('',#1717,1.);
#1717 = DIRECTION('',(1.224646799147E-16,0.,1.));
#1718 = PCURVE('',#1364,#1719);
#1719 = DEFINITIONAL_REPRESENTATION('',(#1720),#1724);
#1720 = LINE('',#1721,#1722);
#1721 = CARTESIAN_POINT('',(-1.764053344727,-1.));
#1722 = VECTOR('',#1723,1.);
#1723 = DIRECTION('',(1.,0.));
#1724 = ( GEOMETRIC_REPRESENTATION_CONTEXT(2) 
PARAMETRIC_REPRESENTATION_CONTEXT() REPRESENTATION_CONTEXT('2D SPACE',''
  ) );
#1725 = PCURVE('',#1613,#1726);
#1726 = DEFINITIONAL_REPRESENTATION('',(#1727),#1731);
#1727 = LINE('',#1728,#1729);
#1728 = CARTESIAN_POINT('',(-7.620681762695,1.));
#1729 = VECTOR('',#1730,1.);
#1730 = DIRECTION('',(-1.,1.224646799147E-16));
#1731 = ( GEOMETRIC_REPRESENTATION_CONTEXT(2) 
PARAMETRIC_REPRESENTATION_CONTEXT() REPRESENTATION_CONTEXT('2D SPACE',''
  ) );
#1732 = ORIENTED_EDGE('',*,*,#1569,.F.);
#1733 = ORIENTED_EDGE('',*,*,#1348,.F.);
#1734 = ORIENTED_EDGE('',*,*,#1493,.T.);
#1735 = ORIENTED_EDGE('',*,*,#1736,.F.);
#1736 = EDGE_CURVE('',#1737,#1494,#1739,.T.);
#1737 = VERTEX_POINT('',#1738);
#1738 = CARTESIAN_POINT('',(50.,5.,136.20003503561));
#1739 = SURFACE_CURVE('',#1740,(#1744,#1751),.PCURVE_S1.);
#1740 = LINE('',#1741,#1742);
#1741 = CARTESIAN_POINT('',(50.,5.,134.2359817028));
#1742 = VECTOR('',#1743,1.);
#1743 = DIRECTION('',(1.224646799147E-16,0.,1.));
#1744 = PCURVE('',#1364,#1745);
#1745 = DEFINITIONAL_REPRESENTATION('',(#1746),#1750);
#1746 = LINE('',#1747,#1748);
#1747 = CARTESIAN_POINT('',(-1.764053344727,0.));
#1748 = VECTOR('',#1749,1.);
#1749 = DIRECTION('',(1.,0.));
#1750 = ( GEOMETRIC_REPRESENTATION_CONTEXT(2) 
PARAMETRIC_REPRESENTATION_CONTEXT() REPRESENTATION_CONTEXT('2D SPACE',''
  ) );
#1751 = PCURVE('',#1533,#1752);
#1752 = DEFINITIONAL_REPRESENTATION('',(#1753),#1757);
#1753 = LINE('',#1754,#1755);
#1754 = CARTESIAN_POINT('',(-7.620681762695,1.));
#1755 = VECTOR('',#1756,1.);
#1756 = DIRECTION('',(-1.,1.224646799147E-16));
#1757 = ( GEOMETRIC_REPRESENTATION_CONTEXT(2) 
PARAMETRIC_REPRESENTATION_CONTEXT() REPRESENTATION_CONTEXT('2D SPACE',''
  ) );
#1758 = ORIENTED_EDGE('',*,*,#1759,.T.);
#1759 = EDGE_CURVE('',#1737,#1650,#1760,.T.);
#1760 = SURFACE_CURVE('',#1761,(#1766,#1773),.PCURVE_S1.);
#1761 = CIRCLE('',#1762,0.199999988079);
#1762 = AXIS2_PLACEMENT_3D('',#1763,#1764,#1765);
#1763 = CARTESIAN_POINT('',(50.,5.199999988079,136.20003503561));
#1764 = DIRECTION('',(1.,0.,-2.449293598295E-16));
#1765 = DIRECTION('',(-2.449293598295E-16,0.,-1.));
#1766 = PCURVE('',#1364,#1767);
#1767 = DEFINITIONAL_REPRESENTATION('',(#1768),#1772);
#1768 = CIRCLE('',#1769,0.199999988079);
#1769 = AXIS2_PLACEMENT_2D('',#1770,#1771);
#1770 = CARTESIAN_POINT('',(0.199999988079,-0.199999988079));
#1771 = DIRECTION('',(-1.,-0.));
#1772 = ( GEOMETRIC_REPRESENTATION_CONTEXT(2) 
PARAMETRIC_REPRESENTATION_CONTEXT() REPRESENTATION_CONTEXT('2D SPACE',''
  ) );
#1773 = PCURVE('',#1774,#1779);
#1774 = CYLINDRICAL_SURFACE('',#1775,0.199999988079);
#1775 = AXIS2_PLACEMENT_3D('',#1776,#1777,#1778);
#1776 = CARTESIAN_POINT('',(51.,5.199999988079,136.20003503561));
#1777 = DIRECTION('',(-1.,0.,2.449293598295E-16));
#1778 = DIRECTION('',(0.,-1.,0.));
#1779 = DEFINITIONAL_REPRESENTATION('',(#1780),#1784);
#1780 = LINE('',#1781,#1782);
#1781 = CARTESIAN_POINT('',(4.712388980385,1.));
#1782 = VECTOR('',#1783,1.);
#1783 = DIRECTION('',(-1.,0.));
#1784 = ( GEOMETRIC_REPRESENTATION_CONTEXT(2) 
PARAMETRIC_REPRESENTATION_CONTEXT() REPRESENTATION_CONTEXT('2D SPACE',''
  ) );
#1785 = ADVANCED_FACE('',(#1786),#1423,.T.);
#1786 = FACE_BOUND('',#1787,.F.);
#1787 = EDGE_LOOP('',(#1788,#1789,#1790,#1817));
#1788 = ORIENTED_EDGE('',*,*,#1545,.F.);
#1789 = ORIENTED_EDGE('',*,*,#1406,.T.);
#1790 = ORIENTED_EDGE('',*,*,#1791,.T.);
#1791 = EDGE_CURVE('',#1407,#1792,#1794,.T.);
#1792 = VERTEX_POINT('',#1793);
#1793 = CARTESIAN_POINT('',(52.800000011921,5.,135.00003504753));
#1794 = SURFACE_CURVE('',#1795,(#1800,#1806),.PCURVE_S1.);
#1795 = CIRCLE('',#1796,0.199999988079);
#1796 = AXIS2_PLACEMENT_3D('',#1797,#1798,#1799);
#1797 = CARTESIAN_POINT('',(52.800000011921,5.199999988079,
    135.00003504753));
#1798 = DIRECTION('',(-1.608122649677E-16,-0.,-1.));
#1799 = DIRECTION('',(1.,-0.,-1.608122649677E-16));
#1800 = PCURVE('',#1423,#1801);
#1801 = DEFINITIONAL_REPRESENTATION('',(#1802),#1805);
#1802 = B_SPLINE_CURVE_WITH_KNOTS('',1,(#1803,#1804),.UNSPECIFIED.,.F.,
  .F.,(2,2),(0.,1.570796326795),.PIECEWISE_BEZIER_KNOTS.);
#1803 = CARTESIAN_POINT('',(-1.570796326795,0.));
#1804 = CARTESIAN_POINT('',(-1.570796326795,1.570796326795));
#1805 = ( GEOMETRIC_REPRESENTATION_CONTEXT(2) 
PARAMETRIC_REPRESENTATION_CONTEXT() REPRESENTATION_CONTEXT('2D SPACE',''
  ) );
#1806 = PCURVE('',#1807,#1812);
#1807 = CYLINDRICAL_SURFACE('',#1808,0.199999988079);
#1808 = AXIS2_PLACEMENT_3D('',#1809,#1810,#1811);
#1809 = CARTESIAN_POINT('',(52.800000011921,5.199999988079,
    135.00003504753));
#1810 = DIRECTION('',(-2.449293598295E-16,-0.,-1.));
#1811 = DIRECTION('',(1.,-0.,-2.449293598295E-16));
#1812 = DEFINITIONAL_REPRESENTATION('',(#1813),#1816);
#1813 = B_SPLINE_CURVE_WITH_KNOTS('',1,(#1814,#1815),.UNSPECIFIED.,.F.,
  .F.,(2,2),(0.,1.570796326795),.PIECEWISE_BEZIER_KNOTS.);
#1814 = CARTESIAN_POINT('',(0.,0.));
#1815 = CARTESIAN_POINT('',(1.570796326795,0.));
#1816 = ( GEOMETRIC_REPRESENTATION_CONTEXT(2) 
PARAMETRIC_REPRESENTATION_CONTEXT() REPRESENTATION_CONTEXT('2D SPACE',''
  ) );
#1817 = ORIENTED_EDGE('',*,*,#1818,.F.);
#1818 = EDGE_CURVE('',#1518,#1792,#1819,.T.);
#1819 = SURFACE_CURVE('',#1820,(#1825,#1832),.PCURVE_S1.);
#1820 = CIRCLE('',#1821,1.800000011921);
#1821 = AXIS2_PLACEMENT_3D('',#1822,#1823,#1824);
#1822 = CARTESIAN_POINT('',(51.,5.,135.00003504753));
#1823 = DIRECTION('',(-0.,1.,0.));
#1824 = DIRECTION('',(0.,0.,1.));
#1825 = PCURVE('',#1423,#1826);
#1826 = DEFINITIONAL_REPRESENTATION('',(#1827),#1831);
#1827 = LINE('',#1828,#1829);
#1828 = CARTESIAN_POINT('',(-0.,1.570796326795));
#1829 = VECTOR('',#1830,1.);
#1830 = DIRECTION('',(-1.,0.));
#1831 = ( GEOMETRIC_REPRESENTATION_CONTEXT(2) 
PARAMETRIC_REPRESENTATION_CONTEXT() REPRESENTATION_CONTEXT('2D SPACE',''
  ) );
#1832 = PCURVE('',#1533,#1833);
#1833 = DEFINITIONAL_REPRESENTATION('',(#1834),#1842);
#1834 = ( BOUNDED_CURVE() B_SPLINE_CURVE(2,(#1835,#1836,#1837,#1838,
#1839,#1840,#1841),.UNSPECIFIED.,.T.,.F.) B_SPLINE_CURVE_WITH_KNOTS((1,2
    ,2,2,2,1),(-2.094395102393,0.,2.094395102393,4.188790204786,
6.28318530718,8.377580409573),.UNSPECIFIED.) CURVE() 
GEOMETRIC_REPRESENTATION_ITEM() RATIONAL_B_SPLINE_CURVE((1.,0.5,1.,0.5,
1.,0.5,1.)) REPRESENTATION_ITEM('') );
#1835 = CARTESIAN_POINT('',(-10.18473511934,2.));
#1836 = CARTESIAN_POINT('',(-10.18473511934,5.117691474272));
#1837 = CARTESIAN_POINT('',(-7.484735101461,3.558845737136));
#1838 = CARTESIAN_POINT('',(-4.78473508358,2.));
#1839 = CARTESIAN_POINT('',(-7.484735101461,0.441154262864));
#1840 = CARTESIAN_POINT('',(-10.18473511934,-1.117691474272));
#1841 = CARTESIAN_POINT('',(-10.18473511934,2.));
#1842 = ( GEOMETRIC_REPRESENTATION_CONTEXT(2) 
PARAMETRIC_REPRESENTATION_CONTEXT() REPRESENTATION_CONTEXT('2D SPACE',''
  ) );
#1843 = ADVANCED_FACE('',(#1844),#1478,.T.);
#1844 = FACE_BOUND('',#1845,.T.);
#1845 = EDGE_LOOP('',(#1846,#1847,#1848,#1875));
#1846 = ORIENTED_EDGE('',*,*,#1625,.F.);
#1847 = ORIENTED_EDGE('',*,*,#1463,.T.);
#1848 = ORIENTED_EDGE('',*,*,#1849,.T.);
#1849 = EDGE_CURVE('',#1436,#1850,#1852,.T.);
#1850 = VERTEX_POINT('',#1851);
#1851 = CARTESIAN_POINT('',(52.800000011921,6.,135.00003504753));
#1852 = SURFACE_CURVE('',#1853,(#1858,#1864),.PCURVE_S1.);
#1853 = CIRCLE('',#1854,0.199999988079);
#1854 = AXIS2_PLACEMENT_3D('',#1855,#1856,#1857);
#1855 = CARTESIAN_POINT('',(52.800000011921,5.800000011921,
    135.00003504753));
#1856 = DIRECTION('',(1.608122649677E-16,0.,1.));
#1857 = DIRECTION('',(1.,0.,-1.608122649677E-16));
#1858 = PCURVE('',#1478,#1859);
#1859 = DEFINITIONAL_REPRESENTATION('',(#1860),#1863);
#1860 = B_SPLINE_CURVE_WITH_KNOTS('',1,(#1861,#1862),.UNSPECIFIED.,.F.,
  .F.,(2,2),(0.,1.570796326795),.PIECEWISE_BEZIER_KNOTS.);
#1861 = CARTESIAN_POINT('',(1.570796326795,0.));
#1862 = CARTESIAN_POINT('',(1.570796326795,1.570796326795));
#1863 = ( GEOMETRIC_REPRESENTATION_CONTEXT(2) 
PARAMETRIC_REPRESENTATION_CONTEXT() REPRESENTATION_CONTEXT('2D SPACE',''
  ) );
#1864 = PCURVE('',#1865,#1870);
#1865 = CYLINDRICAL_SURFACE('',#1866,0.199999988079);
#1866 = AXIS2_PLACEMENT_3D('',#1867,#1868,#1869);
#1867 = CARTESIAN_POINT('',(52.800000011921,5.800000011921,
    135.00003504753));
#1868 = DIRECTION('',(-2.449293598295E-16,-0.,-1.));
#1869 = DIRECTION('',(1.,-0.,-2.449293598295E-16));
#1870 = DEFINITIONAL_REPRESENTATION('',(#1871),#1874);
#1871 = B_SPLINE_CURVE_WITH_KNOTS('',1,(#1872,#1873),.UNSPECIFIED.,.F.,
  .F.,(2,2),(0.,1.570796326795),.PIECEWISE_BEZIER_KNOTS.);
#1872 = CARTESIAN_POINT('',(0.,0.));
#1873 = CARTESIAN_POINT('',(-1.570796326795,0.));
#1874 = ( GEOMETRIC_REPRESENTATION_CONTEXT(2) 
PARAMETRIC_REPRESENTATION_CONTEXT() REPRESENTATION_CONTEXT('2D SPACE',''
  ) );
#1875 = ORIENTED_EDGE('',*,*,#1876,.F.);
#1876 = EDGE_CURVE('',#1598,#1850,#1877,.T.);
#1877 = SURFACE_CURVE('',#1878,(#1883,#1890),.PCURVE_S1.);
#1878 = CIRCLE('',#1879,1.800000011921);
#1879 = AXIS2_PLACEMENT_3D('',#1880,#1881,#1882);
#1880 = CARTESIAN_POINT('',(51.,6.,135.00003504753));
#1881 = DIRECTION('',(-0.,1.,0.));
#1882 = DIRECTION('',(0.,0.,1.));
#1883 = PCURVE('',#1478,#1884);
#1884 = DEFINITIONAL_REPRESENTATION('',(#1885),#1889);
#1885 = LINE('',#1886,#1887);
#1886 = CARTESIAN_POINT('',(0.,1.570796326795));
#1887 = VECTOR('',#1888,1.);
#1888 = DIRECTION('',(1.,0.));
#1889 = ( GEOMETRIC_REPRESENTATION_CONTEXT(2) 
PARAMETRIC_REPRESENTATION_CONTEXT() REPRESENTATION_CONTEXT('2D SPACE',''
  ) );
#1890 = PCURVE('',#1613,#1891);
#1891 = DEFINITIONAL_REPRESENTATION('',(#1892),#1900);
#1892 = ( BOUNDED_CURVE() B_SPLINE_CURVE(2,(#1893,#1894,#1895,#1896,
#1897,#1898,#1899),.UNSPECIFIED.,.T.,.F.) B_SPLINE_CURVE_WITH_KNOTS((1,2
    ,2,2,2,1),(-2.094395102393,0.,2.094395102393,4.188790204786,
6.28318530718,8.377580409573),.UNSPECIFIED.) CURVE() 
GEOMETRIC_REPRESENTATION_ITEM() RATIONAL_B_SPLINE_CURVE((1.,0.5,1.,0.5,
1.,0.5,1.)) REPRESENTATION_ITEM('') );
#1893 = CARTESIAN_POINT('',(-10.18473511934,2.));
#1894 = CARTESIAN_POINT('',(-10.18473511934,5.117691474272));
#1895 = CARTESIAN_POINT('',(-7.484735101461,3.558845737136));
#1896 = CARTESIAN_POINT('',(-4.78473508358,2.));
#1897 = CARTESIAN_POINT('',(-7.484735101461,0.441154262864));
#1898 = CARTESIAN_POINT('',(-10.18473511934,-1.117691474272));
#1899 = CARTESIAN_POINT('',(-10.18473511934,2.));
#1900 = ( GEOMETRIC_REPRESENTATION_CONTEXT(2) 
PARAMETRIC_REPRESENTATION_CONTEXT() REPRESENTATION_CONTEXT('2D SPACE',''
  ) );
#1901 = ADVANCED_FACE('',(#1902),#1451,.F.);
#1902 = FACE_BOUND('',#1903,.F.);
#1903 = EDGE_LOOP('',(#1904,#1905,#1928,#1956));
#1904 = ORIENTED_EDGE('',*,*,#1435,.T.);
#1905 = ORIENTED_EDGE('',*,*,#1906,.T.);
#1906 = EDGE_CURVE('',#1436,#1907,#1909,.T.);
#1907 = VERTEX_POINT('',#1908);
#1908 = CARTESIAN_POINT('',(53.,5.800000011921,124.00003504753));
#1909 = SURFACE_CURVE('',#1910,(#1914,#1921),.PCURVE_S1.);
#1910 = LINE('',#1911,#1912);
#1911 = CARTESIAN_POINT('',(53.,5.800000011921,135.00003504753));
#1912 = VECTOR('',#1913,1.);
#1913 = DIRECTION('',(-2.449293598295E-16,-0.,-1.));
#1914 = PCURVE('',#1451,#1915);
#1915 = DEFINITIONAL_REPRESENTATION('',(#1916),#1920);
#1916 = LINE('',#1917,#1918);
#1917 = CARTESIAN_POINT('',(2.,-0.800000011921));
#1918 = VECTOR('',#1919,1.);
#1919 = DIRECTION('',(1.,0.));
#1920 = ( GEOMETRIC_REPRESENTATION_CONTEXT(2) 
PARAMETRIC_REPRESENTATION_CONTEXT() REPRESENTATION_CONTEXT('2D SPACE',''
  ) );
#1921 = PCURVE('',#1865,#1922);
#1922 = DEFINITIONAL_REPRESENTATION('',(#1923),#1927);
#1923 = LINE('',#1924,#1925);
#1924 = CARTESIAN_POINT('',(-0.,0.));
#1925 = VECTOR('',#1926,1.);
#1926 = DIRECTION('',(-0.,1.));
#1927 = ( GEOMETRIC_REPRESENTATION_CONTEXT(2) 
PARAMETRIC_REPRESENTATION_CONTEXT() REPRESENTATION_CONTEXT('2D SPACE',''
  ) );
#1928 = ORIENTED_EDGE('',*,*,#1929,.F.);
#1929 = EDGE_CURVE('',#1930,#1907,#1932,.T.);
#1930 = VERTEX_POINT('',#1931);
#1931 = CARTESIAN_POINT('',(53.,5.199999988079,124.00003504753));
#1932 = SURFACE_CURVE('',#1933,(#1937,#1944),.PCURVE_S1.);
#1933 = LINE('',#1934,#1935);
#1934 = CARTESIAN_POINT('',(53.,5.,124.00003504753));
#1935 = VECTOR('',#1936,1.);
#1936 = DIRECTION('',(-0.,1.,-0.));
#1937 = PCURVE('',#1451,#1938);
#1938 = DEFINITIONAL_REPRESENTATION('',(#1939),#1943);
#1939 = LINE('',#1940,#1941);
#1940 = CARTESIAN_POINT('',(13.,0.));
#1941 = VECTOR('',#1942,1.);
#1942 = DIRECTION('',(0.,-1.));
#1943 = ( GEOMETRIC_REPRESENTATION_CONTEXT(2) 
PARAMETRIC_REPRESENTATION_CONTEXT() REPRESENTATION_CONTEXT('2D SPACE',''
  ) );
#1944 = PCURVE('',#1945,#1950);
#1945 = CYLINDRICAL_SURFACE('',#1946,2.);
#1946 = AXIS2_PLACEMENT_3D('',#1947,#1948,#1949);
#1947 = CARTESIAN_POINT('',(51.,5.,124.00003504753));
#1948 = DIRECTION('',(-0.,1.,-0.));
#1949 = DIRECTION('',(1.,0.,-2.449293598295E-16));
#1950 = DEFINITIONAL_REPRESENTATION('',(#1951),#1955);
#1951 = LINE('',#1952,#1953);
#1952 = CARTESIAN_POINT('',(0.,0.));
#1953 = VECTOR('',#1954,1.);
#1954 = DIRECTION('',(0.,1.));
#1955 = ( GEOMETRIC_REPRESENTATION_CONTEXT(2) 
PARAMETRIC_REPRESENTATION_CONTEXT() REPRESENTATION_CONTEXT('2D SPACE',''
  ) );
#1956 = ORIENTED_EDGE('',*,*,#1957,.F.);
#1957 = EDGE_CURVE('',#1407,#1930,#1958,.T.);
#1958 = SURFACE_CURVE('',#1959,(#1963,#1970),.PCURVE_S1.);
#1959 = LINE('',#1960,#1961);
#1960 = CARTESIAN_POINT('',(53.,5.199999988079,135.00003504753));
#1961 = VECTOR('',#1962,1.);
#1962 = DIRECTION('',(-2.449293598295E-16,-0.,-1.));
#1963 = PCURVE('',#1451,#1964);
#1964 = DEFINITIONAL_REPRESENTATION('',(#1965),#1969);
#1965 = LINE('',#1966,#1967);
#1966 = CARTESIAN_POINT('',(2.,-0.199999988079));
#1967 = VECTOR('',#1968,1.);
#1968 = DIRECTION('',(1.,0.));
#1969 = ( GEOMETRIC_REPRESENTATION_CONTEXT(2) 
PARAMETRIC_REPRESENTATION_CONTEXT() REPRESENTATION_CONTEXT('2D SPACE',''
  ) );
#1970 = PCURVE('',#1807,#1971);
#1971 = DEFINITIONAL_REPRESENTATION('',(#1972),#1976);
#1972 = LINE('',#1973,#1974);
#1973 = CARTESIAN_POINT('',(0.,0.));
#1974 = VECTOR('',#1975,1.);
#1975 = DIRECTION('',(0.,1.));
#1976 = ( GEOMETRIC_REPRESENTATION_CONTEXT(2) 
PARAMETRIC_REPRESENTATION_CONTEXT() REPRESENTATION_CONTEXT('2D SPACE',''
  ) );
#1977 = ADVANCED_FACE('',(#1978),#1533,.T.);
#1978 = FACE_BOUND('',#1979,.T.);
#1979 = EDGE_LOOP('',(#1980,#1981,#2004,#2033,#2061,#2090,#2118,#2146,
    #2174,#2207,#2228,#2229));
#1980 = ORIENTED_EDGE('',*,*,#1736,.F.);
#1981 = ORIENTED_EDGE('',*,*,#1982,.F.);
#1982 = EDGE_CURVE('',#1983,#1737,#1985,.T.);
#1983 = VERTEX_POINT('',#1984);
#1984 = CARTESIAN_POINT('',(51.,5.,136.20003503561));
#1985 = SURFACE_CURVE('',#1986,(#1990,#1997),.PCURVE_S1.);
#1986 = LINE('',#1987,#1988);
#1987 = CARTESIAN_POINT('',(51.,5.,136.20003503561));
#1988 = VECTOR('',#1989,1.);
#1989 = DIRECTION('',(-1.,0.,2.449293598295E-16));
#1990 = PCURVE('',#1533,#1991);
#1991 = DEFINITIONAL_REPRESENTATION('',(#1992),#1996);
#1992 = LINE('',#1993,#1994);
#1993 = CARTESIAN_POINT('',(-9.584735095501,2.));
#1994 = VECTOR('',#1995,1.);
#1995 = DIRECTION('',(-2.449293598295E-16,-1.));
#1996 = ( GEOMETRIC_REPRESENTATION_CONTEXT(2) 
PARAMETRIC_REPRESENTATION_CONTEXT() REPRESENTATION_CONTEXT('2D SPACE',''
  ) );
#1997 = PCURVE('',#1774,#1998);
#1998 = DEFINITIONAL_REPRESENTATION('',(#1999),#2003);
#1999 = LINE('',#2000,#2001);
#2000 = CARTESIAN_POINT('',(-0.,0.));
#2001 = VECTOR('',#2002,1.);
#2002 = DIRECTION('',(-0.,1.));
#2003 = ( GEOMETRIC_REPRESENTATION_CONTEXT(2) 
PARAMETRIC_REPRESENTATION_CONTEXT() REPRESENTATION_CONTEXT('2D SPACE',''
  ) );
#2004 = ORIENTED_EDGE('',*,*,#2005,.F.);
#2005 = EDGE_CURVE('',#2006,#1983,#2008,.T.);
#2006 = VERTEX_POINT('',#2007);
#2007 = CARTESIAN_POINT('',(52.199999988079,5.,135.00003504753));
#2008 = SURFACE_CURVE('',#2009,(#2014,#2021),.PCURVE_S1.);
#2009 = CIRCLE('',#2010,1.199999988079);
#2010 = AXIS2_PLACEMENT_3D('',#2011,#2012,#2013);
#2011 = CARTESIAN_POINT('',(51.,5.,135.00003504753));
#2012 = DIRECTION('',(0.,-1.,0.));
#2013 = DIRECTION('',(1.,0.,0.));
#2014 = PCURVE('',#1533,#2015);
#2015 = DEFINITIONAL_REPRESENTATION('',(#2016),#2020);
#2016 = CIRCLE('',#2017,1.199999988079);
#2017 = AXIS2_PLACEMENT_2D('',#2018,#2019);
#2018 = CARTESIAN_POINT('',(-8.384735107422,2.));
#2019 = DIRECTION('',(0.,1.));
#2020 = ( GEOMETRIC_REPRESENTATION_CONTEXT(2) 
PARAMETRIC_REPRESENTATION_CONTEXT() REPRESENTATION_CONTEXT('2D SPACE',''
  ) );
#2021 = PCURVE('',#2022,#2027);
#2022 = TOROIDAL_SURFACE('',#2023,1.199999988079,0.199999988079);
#2023 = AXIS2_PLACEMENT_3D('',#2024,#2025,#2026);
#2024 = CARTESIAN_POINT('',(51.,5.199999988079,135.00003504753));
#2025 = DIRECTION('',(0.,-1.,0.));
#2026 = DIRECTION('',(1.,0.,0.));
#2027 = DEFINITIONAL_REPRESENTATION('',(#2028),#2032);
#2028 = LINE('',#2029,#2030);
#2029 = CARTESIAN_POINT('',(0.,1.570796326795));
#2030 = VECTOR('',#2031,1.);
#2031 = DIRECTION('',(1.,0.));
#2032 = ( GEOMETRIC_REPRESENTATION_CONTEXT(2) 
PARAMETRIC_REPRESENTATION_CONTEXT() REPRESENTATION_CONTEXT('2D SPACE',''
  ) );
#2033 = ORIENTED_EDGE('',*,*,#2034,.F.);
#2034 = EDGE_CURVE('',#2035,#2006,#2037,.T.);
#2035 = VERTEX_POINT('',#2036);
#2036 = CARTESIAN_POINT('',(52.199999988079,5.,124.00003504753));
#2037 = SURFACE_CURVE('',#2038,(#2042,#2049),.PCURVE_S1.);
#2038 = LINE('',#2039,#2040);
#2039 = CARTESIAN_POINT('',(52.199999988079,5.,124.00003504753));
#2040 = VECTOR('',#2041,1.);
#2041 = DIRECTION('',(1.224646799147E-16,0.,1.));
#2042 = PCURVE('',#1533,#2043);
#2043 = DEFINITIONAL_REPRESENTATION('',(#2044),#2048);
#2044 = LINE('',#2045,#2046);
#2045 = CARTESIAN_POINT('',(2.615264892578,3.199999988079));
#2046 = VECTOR('',#2047,1.);
#2047 = DIRECTION('',(-1.,1.224646799147E-16));
#2048 = ( GEOMETRIC_REPRESENTATION_CONTEXT(2) 
PARAMETRIC_REPRESENTATION_CONTEXT() REPRESENTATION_CONTEXT('2D SPACE',''
  ) );
#2049 = PCURVE('',#2050,#2055);
#2050 = CYLINDRICAL_SURFACE('',#2051,0.199999988079);
#2051 = AXIS2_PLACEMENT_3D('',#2052,#2053,#2054);
#2052 = CARTESIAN_POINT('',(52.199999988079,5.199999988079,
    124.00003504753));
#2053 = DIRECTION('',(1.224646799147E-16,0.,1.));
#2054 = DIRECTION('',(0.,-1.,0.));
#2055 = DEFINITIONAL_REPRESENTATION('',(#2056),#2060);
#2056 = LINE('',#2057,#2058);
#2057 = CARTESIAN_POINT('',(-0.,0.));
#2058 = VECTOR('',#2059,1.);
#2059 = DIRECTION('',(-0.,1.));
#2060 = ( GEOMETRIC_REPRESENTATION_CONTEXT(2) 
PARAMETRIC_REPRESENTATION_CONTEXT() REPRESENTATION_CONTEXT('2D SPACE',''
  ) );
#2061 = ORIENTED_EDGE('',*,*,#2062,.F.);
#2062 = EDGE_CURVE('',#2063,#2035,#2065,.T.);
#2063 = VERTEX_POINT('',#2064);
#2064 = CARTESIAN_POINT('',(51.,5.,122.80003505945));
#2065 = SURFACE_CURVE('',#2066,(#2071,#2078),.PCURVE_S1.);
#2066 = CIRCLE('',#2067,1.199999988079);
#2067 = AXIS2_PLACEMENT_3D('',#2068,#2069,#2070);
#2068 = CARTESIAN_POINT('',(51.,5.,124.00003504753));
#2069 = DIRECTION('',(0.,-1.,0.));
#2070 = DIRECTION('',(0.,0.,-1.));
#2071 = PCURVE('',#1533,#2072);
#2072 = DEFINITIONAL_REPRESENTATION('',(#2073),#2077);
#2073 = CIRCLE('',#2074,1.199999988079);
#2074 = AXIS2_PLACEMENT_2D('',#2075,#2076);
#2075 = CARTESIAN_POINT('',(2.615264892578,2.));
#2076 = DIRECTION('',(1.,0.));
#2077 = ( GEOMETRIC_REPRESENTATION_CONTEXT(2) 
PARAMETRIC_REPRESENTATION_CONTEXT() REPRESENTATION_CONTEXT('2D SPACE',''
  ) );
#2078 = PCURVE('',#2079,#2084);
#2079 = TOROIDAL_SURFACE('',#2080,1.199999988079,0.199999988079);
#2080 = AXIS2_PLACEMENT_3D('',#2081,#2082,#2083);
#2081 = CARTESIAN_POINT('',(51.,5.199999988079,124.00003504753));
#2082 = DIRECTION('',(0.,-1.,0.));
#2083 = DIRECTION('',(0.,0.,-1.));
#2084 = DEFINITIONAL_REPRESENTATION('',(#2085),#2089);
#2085 = LINE('',#2086,#2087);
#2086 = CARTESIAN_POINT('',(0.,1.570796326795));
#2087 = VECTOR('',#2088,1.);
#2088 = DIRECTION('',(1.,0.));
#2089 = ( GEOMETRIC_REPRESENTATION_CONTEXT(2) 
PARAMETRIC_REPRESENTATION_CONTEXT() REPRESENTATION_CONTEXT('2D SPACE',''
  ) );
#2090 = ORIENTED_EDGE('',*,*,#2091,.F.);
#2091 = EDGE_CURVE('',#2092,#2063,#2094,.T.);
#2092 = VERTEX_POINT('',#2093);
#2093 = CARTESIAN_POINT('',(50.,5.,122.80003505945));
#2094 = SURFACE_CURVE('',#2095,(#2099,#2106),.PCURVE_S1.);
#2095 = LINE('',#2096,#2097);
#2096 = CARTESIAN_POINT('',(50.,5.,122.80003505945));
#2097 = VECTOR('',#2098,1.);
#2098 = DIRECTION('',(1.,0.,-1.224646799147E-16));
#2099 = PCURVE('',#1533,#2100);
#2100 = DEFINITIONAL_REPRESENTATION('',(#2101),#2105);
#2101 = LINE('',#2102,#2103);
#2102 = CARTESIAN_POINT('',(3.815264880657,1.));
#2103 = VECTOR('',#2104,1.);
#2104 = DIRECTION('',(1.224646799147E-16,1.));
#2105 = ( GEOMETRIC_REPRESENTATION_CONTEXT(2) 
PARAMETRIC_REPRESENTATION_CONTEXT() REPRESENTATION_CONTEXT('2D SPACE',''
  ) );
#2106 = PCURVE('',#2107,#2112);
#2107 = CYLINDRICAL_SURFACE('',#2108,0.199999988079);
#2108 = AXIS2_PLACEMENT_3D('',#2109,#2110,#2111);
#2109 = CARTESIAN_POINT('',(50.,5.199999988079,122.80003505945));
#2110 = DIRECTION('',(1.,0.,-1.224646799147E-16));
#2111 = DIRECTION('',(0.,-1.,0.));
#2112 = DEFINITIONAL_REPRESENTATION('',(#2113),#2117);
#2113 = LINE('',#2114,#2115);
#2114 = CARTESIAN_POINT('',(-0.,0.));
#2115 = VECTOR('',#2116,1.);
#2116 = DIRECTION('',(-0.,1.));
#2117 = ( GEOMETRIC_REPRESENTATION_CONTEXT(2) 
PARAMETRIC_REPRESENTATION_CONTEXT() REPRESENTATION_CONTEXT('2D SPACE',''
  ) );
#2118 = ORIENTED_EDGE('',*,*,#2119,.F.);
#2119 = EDGE_CURVE('',#2120,#2092,#2122,.T.);
#2120 = VERTEX_POINT('',#2121);
#2121 = CARTESIAN_POINT('',(50.,5.,122.20003503561));
#2122 = SURFACE_CURVE('',#2123,(#2127,#2134),.PCURVE_S1.);
#2123 = LINE('',#2124,#2125);
#2124 = CARTESIAN_POINT('',(50.,5.,122.00003504753));
#2125 = VECTOR('',#2126,1.);
#2126 = DIRECTION('',(1.224646799147E-16,0.,1.));
#2127 = PCURVE('',#1533,#2128);
#2128 = DEFINITIONAL_REPRESENTATION('',(#2129),#2133);
#2129 = LINE('',#2130,#2131);
#2130 = CARTESIAN_POINT('',(4.615264892578,1.));
#2131 = VECTOR('',#2132,1.);
#2132 = DIRECTION('',(-1.,1.224646799147E-16));
#2133 = ( GEOMETRIC_REPRESENTATION_CONTEXT(2) 
PARAMETRIC_REPRESENTATION_CONTEXT() REPRESENTATION_CONTEXT('2D SPACE',''
  ) );
#2134 = PCURVE('',#2135,#2140);
#2135 = PLANE('',#2136);
#2136 = AXIS2_PLACEMENT_3D('',#2137,#2138,#2139);
#2137 = CARTESIAN_POINT('',(50.,5.,122.00003504753));
#2138 = DIRECTION('',(1.,0.,-1.224646799147E-16));
#2139 = DIRECTION('',(1.224646799147E-16,0.,1.));
#2140 = DEFINITIONAL_REPRESENTATION('',(#2141),#2145);
#2141 = LINE('',#2142,#2143);
#2142 = CARTESIAN_POINT('',(0.,0.));
#2143 = VECTOR('',#2144,1.);
#2144 = DIRECTION('',(1.,0.));
#2145 = ( GEOMETRIC_REPRESENTATION_CONTEXT(2) 
PARAMETRIC_REPRESENTATION_CONTEXT() REPRESENTATION_CONTEXT('2D SPACE',''
  ) );
#2146 = ORIENTED_EDGE('',*,*,#2147,.F.);
#2147 = EDGE_CURVE('',#2148,#2120,#2150,.T.);
#2148 = VERTEX_POINT('',#2149);
#2149 = CARTESIAN_POINT('',(51.,5.,122.20003503561));
#2150 = SURFACE_CURVE('',#2151,(#2155,#2162),.PCURVE_S1.);
#2151 = LINE('',#2152,#2153);
#2152 = CARTESIAN_POINT('',(51.,5.,122.20003503561));
#2153 = VECTOR('',#2154,1.);
#2154 = DIRECTION('',(-1.,-0.,-0.));
#2155 = PCURVE('',#1533,#2156);
#2156 = DEFINITIONAL_REPRESENTATION('',(#2157),#2161);
#2157 = LINE('',#2158,#2159);
#2158 = CARTESIAN_POINT('',(4.415264904499,2.));
#2159 = VECTOR('',#2160,1.);
#2160 = DIRECTION('',(0.,-1.));
#2161 = ( GEOMETRIC_REPRESENTATION_CONTEXT(2) 
PARAMETRIC_REPRESENTATION_CONTEXT() REPRESENTATION_CONTEXT('2D SPACE',''
  ) );
#2162 = PCURVE('',#2163,#2168);
#2163 = CYLINDRICAL_SURFACE('',#2164,0.199999988079);
#2164 = AXIS2_PLACEMENT_3D('',#2165,#2166,#2167);
#2165 = CARTESIAN_POINT('',(51.,5.199999988079,122.20003503561));
#2166 = DIRECTION('',(-1.,-0.,-0.));
#2167 = DIRECTION('',(0.,0.,-1.));
#2168 = DEFINITIONAL_REPRESENTATION('',(#2169),#2173);
#2169 = LINE('',#2170,#2171);
#2170 = CARTESIAN_POINT('',(1.570796326795,0.));
#2171 = VECTOR('',#2172,1.);
#2172 = DIRECTION('',(0.,1.));
#2173 = ( GEOMETRIC_REPRESENTATION_CONTEXT(2) 
PARAMETRIC_REPRESENTATION_CONTEXT() REPRESENTATION_CONTEXT('2D SPACE',''
  ) );
#2174 = ORIENTED_EDGE('',*,*,#2175,.F.);
#2175 = EDGE_CURVE('',#2176,#2148,#2178,.T.);
#2176 = VERTEX_POINT('',#2177);
#2177 = CARTESIAN_POINT('',(52.800000011921,5.,124.00003504753));
#2178 = SURFACE_CURVE('',#2179,(#2184,#2195),.PCURVE_S1.);
#2179 = CIRCLE('',#2180,1.800000011921);
#2180 = AXIS2_PLACEMENT_3D('',#2181,#2182,#2183);
#2181 = CARTESIAN_POINT('',(51.,5.,124.00003504753));
#2182 = DIRECTION('',(-0.,1.,0.));
#2183 = DIRECTION('',(1.,0.,0.));
#2184 = PCURVE('',#1533,#2185);
#2185 = DEFINITIONAL_REPRESENTATION('',(#2186),#2194);
#2186 = ( BOUNDED_CURVE() B_SPLINE_CURVE(2,(#2187,#2188,#2189,#2190,
#2191,#2192,#2193),.UNSPECIFIED.,.T.,.F.) B_SPLINE_CURVE_WITH_KNOTS((1,2
    ,2,2,2,1),(-2.094395102393,0.,2.094395102393,4.188790204786,
6.28318530718,8.377580409573),.UNSPECIFIED.) CURVE() 
GEOMETRIC_REPRESENTATION_ITEM() RATIONAL_B_SPLINE_CURVE((1.,0.5,1.,0.5,
1.,0.5,1.)) REPRESENTATION_ITEM('') );
#2187 = CARTESIAN_POINT('',(2.615264892578,3.800000011921));
#2188 = CARTESIAN_POINT('',(5.73295636685,3.800000011921));
#2189 = CARTESIAN_POINT('',(4.174110629714,1.09999999404));
#2190 = CARTESIAN_POINT('',(2.615264892578,-1.600000023842));
#2191 = CARTESIAN_POINT('',(1.056419155442,1.09999999404));
#2192 = CARTESIAN_POINT('',(-0.502426581694,3.800000011921));
#2193 = CARTESIAN_POINT('',(2.615264892578,3.800000011921));
#2194 = ( GEOMETRIC_REPRESENTATION_CONTEXT(2) 
PARAMETRIC_REPRESENTATION_CONTEXT() REPRESENTATION_CONTEXT('2D SPACE',''
  ) );
#2195 = PCURVE('',#2196,#2201);
#2196 = TOROIDAL_SURFACE('',#2197,1.800000011921,0.199999988079);
#2197 = AXIS2_PLACEMENT_3D('',#2198,#2199,#2200);
#2198 = CARTESIAN_POINT('',(51.,5.199999988079,124.00003504753));
#2199 = DIRECTION('',(0.,-1.,0.));
#2200 = DIRECTION('',(1.,0.,0.));
#2201 = DEFINITIONAL_REPRESENTATION('',(#2202),#2206);
#2202 = LINE('',#2203,#2204);
#2203 = CARTESIAN_POINT('',(-0.,1.570796326795));
#2204 = VECTOR('',#2205,1.);
#2205 = DIRECTION('',(-1.,0.));
#2206 = ( GEOMETRIC_REPRESENTATION_CONTEXT(2) 
PARAMETRIC_REPRESENTATION_CONTEXT() REPRESENTATION_CONTEXT('2D SPACE',''
  ) );
#2207 = ORIENTED_EDGE('',*,*,#2208,.F.);
#2208 = EDGE_CURVE('',#1792,#2176,#2209,.T.);
#2209 = SURFACE_CURVE('',#2210,(#2214,#2221),.PCURVE_S1.);
#2210 = LINE('',#2211,#2212);
#2211 = CARTESIAN_POINT('',(52.800000011921,5.,135.00003504753));
#2212 = VECTOR('',#2213,1.);
#2213 = DIRECTION('',(-2.449293598295E-16,-0.,-1.));
#2214 = PCURVE('',#1533,#2215);
#2215 = DEFINITIONAL_REPRESENTATION('',(#2216),#2220);
#2216 = LINE('',#2217,#2218);
#2217 = CARTESIAN_POINT('',(-8.384735107422,3.800000011921));
#2218 = VECTOR('',#2219,1.);
#2219 = DIRECTION('',(1.,-2.449293598295E-16));
#2220 = ( GEOMETRIC_REPRESENTATION_CONTEXT(2) 
PARAMETRIC_REPRESENTATION_CONTEXT() REPRESENTATION_CONTEXT('2D SPACE',''
  ) );
#2221 = PCURVE('',#1807,#2222);
#2222 = DEFINITIONAL_REPRESENTATION('',(#2223),#2227);
#2223 = LINE('',#2224,#2225);
#2224 = CARTESIAN_POINT('',(1.570796326795,0.));
#2225 = VECTOR('',#2226,1.);
#2226 = DIRECTION('',(0.,1.));
#2227 = ( GEOMETRIC_REPRESENTATION_CONTEXT(2) 
PARAMETRIC_REPRESENTATION_CONTEXT() REPRESENTATION_CONTEXT('2D SPACE',''
  ) );
#2228 = ORIENTED_EDGE('',*,*,#1818,.F.);
#2229 = ORIENTED_EDGE('',*,*,#1517,.F.);
#2230 = ADVANCED_FACE('',(#2231),#1613,.F.);
#2231 = FACE_BOUND('',#2232,.F.);
#2232 = EDGE_LOOP('',(#2233,#2234,#2257,#2286,#2314,#2343,#2371,#2394,
    #2422,#2455,#2476,#2477));
#2233 = ORIENTED_EDGE('',*,*,#1712,.F.);
#2234 = ORIENTED_EDGE('',*,*,#2235,.F.);
#2235 = EDGE_CURVE('',#2236,#1680,#2238,.T.);
#2236 = VERTEX_POINT('',#2237);
#2237 = CARTESIAN_POINT('',(51.,6.,136.20003503561));
#2238 = SURFACE_CURVE('',#2239,(#2243,#2250),.PCURVE_S1.);
#2239 = LINE('',#2240,#2241);
#2240 = CARTESIAN_POINT('',(51.,6.,136.20003503561));
#2241 = VECTOR('',#2242,1.);
#2242 = DIRECTION('',(-1.,0.,2.449293598295E-16));
#2243 = PCURVE('',#1613,#2244);
#2244 = DEFINITIONAL_REPRESENTATION('',(#2245),#2249);
#2245 = LINE('',#2246,#2247);
#2246 = CARTESIAN_POINT('',(-9.584735095501,2.));
#2247 = VECTOR('',#2248,1.);
#2248 = DIRECTION('',(-2.449293598295E-16,-1.));
#2249 = ( GEOMETRIC_REPRESENTATION_CONTEXT(2) 
PARAMETRIC_REPRESENTATION_CONTEXT() REPRESENTATION_CONTEXT('2D SPACE',''
  ) );
#2250 = PCURVE('',#1700,#2251);
#2251 = DEFINITIONAL_REPRESENTATION('',(#2252),#2256);
#2252 = LINE('',#2253,#2254);
#2253 = CARTESIAN_POINT('',(0.,0.));
#2254 = VECTOR('',#2255,1.);
#2255 = DIRECTION('',(0.,1.));
#2256 = ( GEOMETRIC_REPRESENTATION_CONTEXT(2) 
PARAMETRIC_REPRESENTATION_CONTEXT() REPRESENTATION_CONTEXT('2D SPACE',''
  ) );
#2257 = ORIENTED_EDGE('',*,*,#2258,.F.);
#2258 = EDGE_CURVE('',#2259,#2236,#2261,.T.);
#2259 = VERTEX_POINT('',#2260);
#2260 = CARTESIAN_POINT('',(52.199999988079,6.,135.00003504753));
#2261 = SURFACE_CURVE('',#2262,(#2267,#2274),.PCURVE_S1.);
#2262 = CIRCLE('',#2263,1.199999988079);
#2263 = AXIS2_PLACEMENT_3D('',#2264,#2265,#2266);
#2264 = CARTESIAN_POINT('',(51.,6.,135.00003504753));
#2265 = DIRECTION('',(0.,-1.,0.));
#2266 = DIRECTION('',(1.,0.,0.));
#2267 = PCURVE('',#1613,#2268);
#2268 = DEFINITIONAL_REPRESENTATION('',(#2269),#2273);
#2269 = CIRCLE('',#2270,1.199999988079);
#2270 = AXIS2_PLACEMENT_2D('',#2271,#2272);
#2271 = CARTESIAN_POINT('',(-8.384735107422,2.));
#2272 = DIRECTION('',(0.,1.));
#2273 = ( GEOMETRIC_REPRESENTATION_CONTEXT(2) 
PARAMETRIC_REPRESENTATION_CONTEXT() REPRESENTATION_CONTEXT('2D SPACE',''
  ) );
#2274 = PCURVE('',#2275,#2280);
#2275 = TOROIDAL_SURFACE('',#2276,1.199999988079,0.199999988079);
#2276 = AXIS2_PLACEMENT_3D('',#2277,#2278,#2279);
#2277 = CARTESIAN_POINT('',(51.,5.800000011921,135.00003504753));
#2278 = DIRECTION('',(-0.,1.,-0.));
#2279 = DIRECTION('',(1.,0.,0.));
#2280 = DEFINITIONAL_REPRESENTATION('',(#2281),#2285);
#2281 = LINE('',#2282,#2283);
#2282 = CARTESIAN_POINT('',(-0.,1.570796326795));
#2283 = VECTOR('',#2284,1.);
#2284 = DIRECTION('',(-1.,0.));
#2285 = ( GEOMETRIC_REPRESENTATION_CONTEXT(2) 
PARAMETRIC_REPRESENTATION_CONTEXT() REPRESENTATION_CONTEXT('2D SPACE',''
  ) );
#2286 = ORIENTED_EDGE('',*,*,#2287,.F.);
#2287 = EDGE_CURVE('',#2288,#2259,#2290,.T.);
#2288 = VERTEX_POINT('',#2289);
#2289 = CARTESIAN_POINT('',(52.199999988079,6.,124.00003504753));
#2290 = SURFACE_CURVE('',#2291,(#2295,#2302),.PCURVE_S1.);
#2291 = LINE('',#2292,#2293);
#2292 = CARTESIAN_POINT('',(52.199999988079,6.,124.00003504753));
#2293 = VECTOR('',#2294,1.);
#2294 = DIRECTION('',(1.224646799147E-16,0.,1.));
#2295 = PCURVE('',#1613,#2296);
#2296 = DEFINITIONAL_REPRESENTATION('',(#2297),#2301);
#2297 = LINE('',#2298,#2299);
#2298 = CARTESIAN_POINT('',(2.615264892578,3.199999988079));
#2299 = VECTOR('',#2300,1.);
#2300 = DIRECTION('',(-1.,1.224646799147E-16));
#2301 = ( GEOMETRIC_REPRESENTATION_CONTEXT(2) 
PARAMETRIC_REPRESENTATION_CONTEXT() REPRESENTATION_CONTEXT('2D SPACE',''
  ) );
#2302 = PCURVE('',#2303,#2308);
#2303 = CYLINDRICAL_SURFACE('',#2304,0.199999988079);
#2304 = AXIS2_PLACEMENT_3D('',#2305,#2306,#2307);
#2305 = CARTESIAN_POINT('',(52.199999988079,5.800000011921,
    124.00003504753));
#2306 = DIRECTION('',(1.224646799147E-16,0.,1.));
#2307 = DIRECTION('',(-0.,1.,0.));
#2308 = DEFINITIONAL_REPRESENTATION('',(#2309),#2313);
#2309 = LINE('',#2310,#2311);
#2310 = CARTESIAN_POINT('',(0.,0.));
#2311 = VECTOR('',#2312,1.);
#2312 = DIRECTION('',(0.,1.));
#2313 = ( GEOMETRIC_REPRESENTATION_CONTEXT(2) 
PARAMETRIC_REPRESENTATION_CONTEXT() REPRESENTATION_CONTEXT('2D SPACE',''
  ) );
#2314 = ORIENTED_EDGE('',*,*,#2315,.F.);
#2315 = EDGE_CURVE('',#2316,#2288,#2318,.T.);
#2316 = VERTEX_POINT('',#2317);
#2317 = CARTESIAN_POINT('',(51.,6.,122.80003505945));
#2318 = SURFACE_CURVE('',#2319,(#2324,#2331),.PCURVE_S1.);
#2319 = CIRCLE('',#2320,1.199999988079);
#2320 = AXIS2_PLACEMENT_3D('',#2321,#2322,#2323);
#2321 = CARTESIAN_POINT('',(51.,6.,124.00003504753));
#2322 = DIRECTION('',(0.,-1.,0.));
#2323 = DIRECTION('',(0.,0.,-1.));
#2324 = PCURVE('',#1613,#2325);
#2325 = DEFINITIONAL_REPRESENTATION('',(#2326),#2330);
#2326 = CIRCLE('',#2327,1.199999988079);
#2327 = AXIS2_PLACEMENT_2D('',#2328,#2329);
#2328 = CARTESIAN_POINT('',(2.615264892578,2.));
#2329 = DIRECTION('',(1.,0.));
#2330 = ( GEOMETRIC_REPRESENTATION_CONTEXT(2) 
PARAMETRIC_REPRESENTATION_CONTEXT() REPRESENTATION_CONTEXT('2D SPACE',''
  ) );
#2331 = PCURVE('',#2332,#2337);
#2332 = TOROIDAL_SURFACE('',#2333,1.199999988079,0.199999988079);
#2333 = AXIS2_PLACEMENT_3D('',#2334,#2335,#2336);
#2334 = CARTESIAN_POINT('',(51.,5.800000011921,124.00003504753));
#2335 = DIRECTION('',(-0.,1.,-0.));
#2336 = DIRECTION('',(0.,0.,-1.));
#2337 = DEFINITIONAL_REPRESENTATION('',(#2338),#2342);
#2338 = LINE('',#2339,#2340);
#2339 = CARTESIAN_POINT('',(-0.,1.570796326795));
#2340 = VECTOR('',#2341,1.);
#2341 = DIRECTION('',(-1.,0.));
#2342 = ( GEOMETRIC_REPRESENTATION_CONTEXT(2) 
PARAMETRIC_REPRESENTATION_CONTEXT() REPRESENTATION_CONTEXT('2D SPACE',''
  ) );
#2343 = ORIENTED_EDGE('',*,*,#2344,.F.);
#2344 = EDGE_CURVE('',#2345,#2316,#2347,.T.);
#2345 = VERTEX_POINT('',#2346);
#2346 = CARTESIAN_POINT('',(50.,6.,122.80003505945));
#2347 = SURFACE_CURVE('',#2348,(#2352,#2359),.PCURVE_S1.);
#2348 = LINE('',#2349,#2350);
#2349 = CARTESIAN_POINT('',(50.,6.,122.80003505945));
#2350 = VECTOR('',#2351,1.);
#2351 = DIRECTION('',(1.,0.,-1.224646799147E-16));
#2352 = PCURVE('',#1613,#2353);
#2353 = DEFINITIONAL_REPRESENTATION('',(#2354),#2358);
#2354 = LINE('',#2355,#2356);
#2355 = CARTESIAN_POINT('',(3.815264880657,1.));
#2356 = VECTOR('',#2357,1.);
#2357 = DIRECTION('',(1.224646799147E-16,1.));
#2358 = ( GEOMETRIC_REPRESENTATION_CONTEXT(2) 
PARAMETRIC_REPRESENTATION_CONTEXT() REPRESENTATION_CONTEXT('2D SPACE',''
  ) );
#2359 = PCURVE('',#2360,#2365);
#2360 = CYLINDRICAL_SURFACE('',#2361,0.199999988079);
#2361 = AXIS2_PLACEMENT_3D('',#2362,#2363,#2364);
#2362 = CARTESIAN_POINT('',(50.,5.800000011921,122.80003505945));
#2363 = DIRECTION('',(1.,0.,-1.224646799147E-16));
#2364 = DIRECTION('',(0.,1.,0.));
#2365 = DEFINITIONAL_REPRESENTATION('',(#2366),#2370);
#2366 = LINE('',#2367,#2368);
#2367 = CARTESIAN_POINT('',(0.,0.));
#2368 = VECTOR('',#2369,1.);
#2369 = DIRECTION('',(0.,1.));
#2370 = ( GEOMETRIC_REPRESENTATION_CONTEXT(2) 
PARAMETRIC_REPRESENTATION_CONTEXT() REPRESENTATION_CONTEXT('2D SPACE',''
  ) );
#2371 = ORIENTED_EDGE('',*,*,#2372,.F.);
#2372 = EDGE_CURVE('',#2373,#2345,#2375,.T.);
#2373 = VERTEX_POINT('',#2374);
#2374 = CARTESIAN_POINT('',(50.,6.,122.20003503561));
#2375 = SURFACE_CURVE('',#2376,(#2380,#2387),.PCURVE_S1.);
#2376 = LINE('',#2377,#2378);
#2377 = CARTESIAN_POINT('',(50.,6.,122.00003504753));
#2378 = VECTOR('',#2379,1.);
#2379 = DIRECTION('',(1.224646799147E-16,0.,1.));
#2380 = PCURVE('',#1613,#2381);
#2381 = DEFINITIONAL_REPRESENTATION('',(#2382),#2386);
#2382 = LINE('',#2383,#2384);
#2383 = CARTESIAN_POINT('',(4.615264892578,1.));
#2384 = VECTOR('',#2385,1.);
#2385 = DIRECTION('',(-1.,1.224646799147E-16));
#2386 = ( GEOMETRIC_REPRESENTATION_CONTEXT(2) 
PARAMETRIC_REPRESENTATION_CONTEXT() REPRESENTATION_CONTEXT('2D SPACE',''
  ) );
#2387 = PCURVE('',#2135,#2388);
#2388 = DEFINITIONAL_REPRESENTATION('',(#2389),#2393);
#2389 = LINE('',#2390,#2391);
#2390 = CARTESIAN_POINT('',(0.,-1.));
#2391 = VECTOR('',#2392,1.);
#2392 = DIRECTION('',(1.,0.));
#2393 = ( GEOMETRIC_REPRESENTATION_CONTEXT(2) 
PARAMETRIC_REPRESENTATION_CONTEXT() REPRESENTATION_CONTEXT('2D SPACE',''
  ) );
#2394 = ORIENTED_EDGE('',*,*,#2395,.F.);
#2395 = EDGE_CURVE('',#2396,#2373,#2398,.T.);
#2396 = VERTEX_POINT('',#2397);
#2397 = CARTESIAN_POINT('',(51.,6.,122.20003503561));
#2398 = SURFACE_CURVE('',#2399,(#2403,#2410),.PCURVE_S1.);
#2399 = LINE('',#2400,#2401);
#2400 = CARTESIAN_POINT('',(51.,6.,122.20003503561));
#2401 = VECTOR('',#2402,1.);
#2402 = DIRECTION('',(-1.,-0.,-0.));
#2403 = PCURVE('',#1613,#2404);
#2404 = DEFINITIONAL_REPRESENTATION('',(#2405),#2409);
#2405 = LINE('',#2406,#2407);
#2406 = CARTESIAN_POINT('',(4.415264904499,2.));
#2407 = VECTOR('',#2408,1.);
#2408 = DIRECTION('',(0.,-1.));
#2409 = ( GEOMETRIC_REPRESENTATION_CONTEXT(2) 
PARAMETRIC_REPRESENTATION_CONTEXT() REPRESENTATION_CONTEXT('2D SPACE',''
  ) );
#2410 = PCURVE('',#2411,#2416);
#2411 = CYLINDRICAL_SURFACE('',#2412,0.199999988079);
#2412 = AXIS2_PLACEMENT_3D('',#2413,#2414,#2415);
#2413 = CARTESIAN_POINT('',(51.,5.800000011921,122.20003503561));
#2414 = DIRECTION('',(-1.,-0.,-0.));
#2415 = DIRECTION('',(0.,0.,-1.));
#2416 = DEFINITIONAL_REPRESENTATION('',(#2417),#2421);
#2417 = LINE('',#2418,#2419);
#2418 = CARTESIAN_POINT('',(-1.570796326795,0.));
#2419 = VECTOR('',#2420,1.);
#2420 = DIRECTION('',(-0.,1.));
#2421 = ( GEOMETRIC_REPRESENTATION_CONTEXT(2) 
PARAMETRIC_REPRESENTATION_CONTEXT() REPRESENTATION_CONTEXT('2D SPACE',''
  ) );
#2422 = ORIENTED_EDGE('',*,*,#2423,.F.);
#2423 = EDGE_CURVE('',#2424,#2396,#2426,.T.);
#2424 = VERTEX_POINT('',#2425);
#2425 = CARTESIAN_POINT('',(52.800000011921,6.,124.00003504753));
#2426 = SURFACE_CURVE('',#2427,(#2432,#2443),.PCURVE_S1.);
#2427 = CIRCLE('',#2428,1.800000011921);
#2428 = AXIS2_PLACEMENT_3D('',#2429,#2430,#2431);
#2429 = CARTESIAN_POINT('',(51.,6.,124.00003504753));
#2430 = DIRECTION('',(-0.,1.,0.));
#2431 = DIRECTION('',(1.,0.,0.));
#2432 = PCURVE('',#1613,#2433);
#2433 = DEFINITIONAL_REPRESENTATION('',(#2434),#2442);
#2434 = ( BOUNDED_CURVE() B_SPLINE_CURVE(2,(#2435,#2436,#2437,#2438,
#2439,#2440,#2441),.UNSPECIFIED.,.T.,.F.) B_SPLINE_CURVE_WITH_KNOTS((1,2
    ,2,2,2,1),(-2.094395102393,0.,2.094395102393,4.188790204786,
6.28318530718,8.377580409573),.UNSPECIFIED.) CURVE() 
GEOMETRIC_REPRESENTATION_ITEM() RATIONAL_B_SPLINE_CURVE((1.,0.5,1.,0.5,
1.,0.5,1.)) REPRESENTATION_ITEM('') );
#2435 = CARTESIAN_POINT('',(2.615264892578,3.800000011921));
#2436 = CARTESIAN_POINT('',(5.73295636685,3.800000011921));
#2437 = CARTESIAN_POINT('',(4.174110629714,1.09999999404));
#2438 = CARTESIAN_POINT('',(2.615264892578,-1.600000023842));
#2439 = CARTESIAN_POINT('',(1.056419155442,1.09999999404));
#2440 = CARTESIAN_POINT('',(-0.502426581694,3.800000011921));
#2441 = CARTESIAN_POINT('',(2.615264892578,3.800000011921));
#2442 = ( GEOMETRIC_REPRESENTATION_CONTEXT(2) 
PARAMETRIC_REPRESENTATION_CONTEXT() REPRESENTATION_CONTEXT('2D SPACE',''
  ) );
#2443 = PCURVE('',#2444,#2449);
#2444 = TOROIDAL_SURFACE('',#2445,1.800000011921,0.199999988079);
#2445 = AXIS2_PLACEMENT_3D('',#2446,#2447,#2448);
#2446 = CARTESIAN_POINT('',(51.,5.800000011921,124.00003504753));
#2447 = DIRECTION('',(-0.,1.,-0.));
#2448 = DIRECTION('',(1.,0.,0.));
#2449 = DEFINITIONAL_REPRESENTATION('',(#2450),#2454);
#2450 = LINE('',#2451,#2452);
#2451 = CARTESIAN_POINT('',(0.,1.570796326795));
#2452 = VECTOR('',#2453,1.);
#2453 = DIRECTION('',(1.,0.));
#2454 = ( GEOMETRIC_REPRESENTATION_CONTEXT(2) 
PARAMETRIC_REPRESENTATION_CONTEXT() REPRESENTATION_CONTEXT('2D SPACE',''
  ) );
#2455 = ORIENTED_EDGE('',*,*,#2456,.F.);
#2456 = EDGE_CURVE('',#1850,#2424,#2457,.T.);
#2457 = SURFACE_CURVE('',#2458,(#2462,#2469),.PCURVE_S1.);
#2458 = LINE('',#2459,#2460);
#2459 = CARTESIAN_POINT('',(52.800000011921,6.,135.00003504753));
#2460 = VECTOR('',#2461,1.);
#2461 = DIRECTION('',(-2.449293598295E-16,-0.,-1.));
#2462 = PCURVE('',#1613,#2463);
#2463 = DEFINITIONAL_REPRESENTATION('',(#2464),#2468);
#2464 = LINE('',#2465,#2466);
#2465 = CARTESIAN_POINT('',(-8.384735107422,3.800000011921));
#2466 = VECTOR('',#2467,1.);
#2467 = DIRECTION('',(1.,-2.449293598295E-16));
#2468 = ( GEOMETRIC_REPRESENTATION_CONTEXT(2) 
PARAMETRIC_REPRESENTATION_CONTEXT() REPRESENTATION_CONTEXT('2D SPACE',''
  ) );
#2469 = PCURVE('',#1865,#2470);
#2470 = DEFINITIONAL_REPRESENTATION('',(#2471),#2475);
#2471 = LINE('',#2472,#2473);
#2472 = CARTESIAN_POINT('',(-1.570796326795,0.));
#2473 = VECTOR('',#2474,1.);
#2474 = DIRECTION('',(-0.,1.));
#2475 = ( GEOMETRIC_REPRESENTATION_CONTEXT(2) 
PARAMETRIC_REPRESENTATION_CONTEXT() REPRESENTATION_CONTEXT('2D SPACE',''
  ) );
#2476 = ORIENTED_EDGE('',*,*,#1876,.F.);
#2477 = ORIENTED_EDGE('',*,*,#1597,.F.);
#2478 = ADVANCED_FACE('',(#2479),#1667,.F.);
#2479 = FACE_BOUND('',#2480,.F.);
#2480 = EDGE_LOOP('',(#2481,#2511,#2532,#2533));
#2481 = ORIENTED_EDGE('',*,*,#2482,.T.);
#2482 = EDGE_CURVE('',#2483,#2485,#2487,.T.);
#2483 = VERTEX_POINT('',#2484);
#2484 = CARTESIAN_POINT('',(51.,5.199999988079,136.00003504753));
#2485 = VERTEX_POINT('',#2486);
#2486 = CARTESIAN_POINT('',(51.,5.800000011921,136.00003504753));
#2487 = SURFACE_CURVE('',#2488,(#2492,#2499),.PCURVE_S1.);
#2488 = LINE('',#2489,#2490);
#2489 = CARTESIAN_POINT('',(51.,5.,136.00003504753));
#2490 = VECTOR('',#2491,1.);
#2491 = DIRECTION('',(-0.,1.,-0.));
#2492 = PCURVE('',#1667,#2493);
#2493 = DEFINITIONAL_REPRESENTATION('',(#2494),#2498);
#2494 = LINE('',#2495,#2496);
#2495 = CARTESIAN_POINT('',(1.,0.));
#2496 = VECTOR('',#2497,1.);
#2497 = DIRECTION('',(0.,-1.));
#2498 = ( GEOMETRIC_REPRESENTATION_CONTEXT(2) 
PARAMETRIC_REPRESENTATION_CONTEXT() REPRESENTATION_CONTEXT('2D SPACE',''
  ) );
#2499 = PCURVE('',#2500,#2505);
#2500 = CYLINDRICAL_SURFACE('',#2501,1.);
#2501 = AXIS2_PLACEMENT_3D('',#2502,#2503,#2504);
#2502 = CARTESIAN_POINT('',(51.,5.,135.00003504753));
#2503 = DIRECTION('',(-0.,1.,-0.));
#2504 = DIRECTION('',(1.,0.,-1.224646799147E-16));
#2505 = DEFINITIONAL_REPRESENTATION('',(#2506),#2510);
#2506 = LINE('',#2507,#2508);
#2507 = CARTESIAN_POINT('',(-1.570796326795,0.));
#2508 = VECTOR('',#2509,1.);
#2509 = DIRECTION('',(-0.,1.));
#2510 = ( GEOMETRIC_REPRESENTATION_CONTEXT(2) 
PARAMETRIC_REPRESENTATION_CONTEXT() REPRESENTATION_CONTEXT('2D SPACE',''
  ) );
#2511 = ORIENTED_EDGE('',*,*,#2512,.T.);
#2512 = EDGE_CURVE('',#2485,#1652,#2513,.T.);
#2513 = SURFACE_CURVE('',#2514,(#2518,#2525),.PCURVE_S1.);
#2514 = LINE('',#2515,#2516);
#2515 = CARTESIAN_POINT('',(51.,5.800000011921,136.00003504753));
#2516 = VECTOR('',#2517,1.);
#2517 = DIRECTION('',(-1.,0.,2.449293598295E-16));
#2518 = PCURVE('',#1667,#2519);
#2519 = DEFINITIONAL_REPRESENTATION('',(#2520),#2524);
#2520 = LINE('',#2521,#2522);
#2521 = CARTESIAN_POINT('',(1.,-0.800000011921));
#2522 = VECTOR('',#2523,1.);
#2523 = DIRECTION('',(1.,0.));
#2524 = ( GEOMETRIC_REPRESENTATION_CONTEXT(2) 
PARAMETRIC_REPRESENTATION_CONTEXT() REPRESENTATION_CONTEXT('2D SPACE',''
  ) );
#2525 = PCURVE('',#1700,#2526);
#2526 = DEFINITIONAL_REPRESENTATION('',(#2527),#2531);
#2527 = LINE('',#2528,#2529);
#2528 = CARTESIAN_POINT('',(1.570796326795,0.));
#2529 = VECTOR('',#2530,1.);
#2530 = DIRECTION('',(0.,1.));
#2531 = ( GEOMETRIC_REPRESENTATION_CONTEXT(2) 
PARAMETRIC_REPRESENTATION_CONTEXT() REPRESENTATION_CONTEXT('2D SPACE',''
  ) );
#2532 = ORIENTED_EDGE('',*,*,#1649,.F.);
#2533 = ORIENTED_EDGE('',*,*,#2534,.F.);
#2534 = EDGE_CURVE('',#2483,#1650,#2535,.T.);
#2535 = SURFACE_CURVE('',#2536,(#2540,#2547),.PCURVE_S1.);
#2536 = LINE('',#2537,#2538);
#2537 = CARTESIAN_POINT('',(51.,5.199999988079,136.00003504753));
#2538 = VECTOR('',#2539,1.);
#2539 = DIRECTION('',(-1.,0.,2.449293598295E-16));
#2540 = PCURVE('',#1667,#2541);
#2541 = DEFINITIONAL_REPRESENTATION('',(#2542),#2546);
#2542 = LINE('',#2543,#2544);
#2543 = CARTESIAN_POINT('',(1.,-0.199999988079));
#2544 = VECTOR('',#2545,1.);
#2545 = DIRECTION('',(1.,0.));
#2546 = ( GEOMETRIC_REPRESENTATION_CONTEXT(2) 
PARAMETRIC_REPRESENTATION_CONTEXT() REPRESENTATION_CONTEXT('2D SPACE',''
  ) );
#2547 = PCURVE('',#1774,#2548);
#2548 = DEFINITIONAL_REPRESENTATION('',(#2549),#2553);
#2549 = LINE('',#2550,#2551);
#2550 = CARTESIAN_POINT('',(-1.570796326795,0.));
#2551 = VECTOR('',#2552,1.);
#2552 = DIRECTION('',(-0.,1.));
#2553 = ( GEOMETRIC_REPRESENTATION_CONTEXT(2) 
PARAMETRIC_REPRESENTATION_CONTEXT() REPRESENTATION_CONTEXT('2D SPACE',''
  ) );
#2554 = ADVANCED_FACE('',(#2555),#1774,.T.);
#2555 = FACE_BOUND('',#2556,.F.);
#2556 = EDGE_LOOP('',(#2557,#2577,#2578,#2579));
#2557 = ORIENTED_EDGE('',*,*,#2558,.T.);
#2558 = EDGE_CURVE('',#1983,#2483,#2559,.T.);
#2559 = SURFACE_CURVE('',#2560,(#2565,#2571),.PCURVE_S1.);
#2560 = CIRCLE('',#2561,0.199999988079);
#2561 = AXIS2_PLACEMENT_3D('',#2562,#2563,#2564);
#2562 = CARTESIAN_POINT('',(51.,5.199999988079,136.20003503561));
#2563 = DIRECTION('',(1.,0.,-2.832769448824E-16));
#2564 = DIRECTION('',(2.832769448824E-16,0.,1.));
#2565 = PCURVE('',#1774,#2566);
#2566 = DEFINITIONAL_REPRESENTATION('',(#2567),#2570);
#2567 = B_SPLINE_CURVE_WITH_KNOTS('',1,(#2568,#2569),.UNSPECIFIED.,.F.,
  .F.,(2,2),(1.570796326795,3.14159265359),.PIECEWISE_BEZIER_KNOTS.);
#2568 = CARTESIAN_POINT('',(0.,0.));
#2569 = CARTESIAN_POINT('',(-1.570796326795,0.));
#2570 = ( GEOMETRIC_REPRESENTATION_CONTEXT(2) 
PARAMETRIC_REPRESENTATION_CONTEXT() REPRESENTATION_CONTEXT('2D SPACE',''
  ) );
#2571 = PCURVE('',#2022,#2572);
#2572 = DEFINITIONAL_REPRESENTATION('',(#2573),#2576);
#2573 = B_SPLINE_CURVE_WITH_KNOTS('',1,(#2574,#2575),.UNSPECIFIED.,.F.,
  .F.,(2,2),(1.570796326795,3.14159265359),.PIECEWISE_BEZIER_KNOTS.);
#2574 = CARTESIAN_POINT('',(1.570796326795,1.570796326795));
#2575 = CARTESIAN_POINT('',(1.570796326795,3.14159265359));
#2576 = ( GEOMETRIC_REPRESENTATION_CONTEXT(2) 
PARAMETRIC_REPRESENTATION_CONTEXT() REPRESENTATION_CONTEXT('2D SPACE',''
  ) );
#2577 = ORIENTED_EDGE('',*,*,#2534,.T.);
#2578 = ORIENTED_EDGE('',*,*,#1759,.F.);
#2579 = ORIENTED_EDGE('',*,*,#1982,.F.);
#2580 = ADVANCED_FACE('',(#2581),#1700,.T.);
#2581 = FACE_BOUND('',#2582,.T.);
#2582 = EDGE_LOOP('',(#2583,#2603,#2604,#2605));
#2583 = ORIENTED_EDGE('',*,*,#2584,.T.);
#2584 = EDGE_CURVE('',#2236,#2485,#2585,.T.);
#2585 = SURFACE_CURVE('',#2586,(#2591,#2597),.PCURVE_S1.);
#2586 = CIRCLE('',#2587,0.199999988079);
#2587 = AXIS2_PLACEMENT_3D('',#2588,#2589,#2590);
#2588 = CARTESIAN_POINT('',(51.,5.800000011921,136.20003503561));
#2589 = DIRECTION('',(-1.,0.,2.832769448824E-16));
#2590 = DIRECTION('',(2.832769448824E-16,0.,1.));
#2591 = PCURVE('',#1700,#2592);
#2592 = DEFINITIONAL_REPRESENTATION('',(#2593),#2596);
#2593 = B_SPLINE_CURVE_WITH_KNOTS('',1,(#2594,#2595),.UNSPECIFIED.,.F.,
  .F.,(2,2),(1.570796326795,3.14159265359),.PIECEWISE_BEZIER_KNOTS.);
#2594 = CARTESIAN_POINT('',(0.,0.));
#2595 = CARTESIAN_POINT('',(1.570796326795,0.));
#2596 = ( GEOMETRIC_REPRESENTATION_CONTEXT(2) 
PARAMETRIC_REPRESENTATION_CONTEXT() REPRESENTATION_CONTEXT('2D SPACE',''
  ) );
#2597 = PCURVE('',#2275,#2598);
#2598 = DEFINITIONAL_REPRESENTATION('',(#2599),#2602);
#2599 = B_SPLINE_CURVE_WITH_KNOTS('',1,(#2600,#2601),.UNSPECIFIED.,.F.,
  .F.,(2,2),(1.570796326795,3.14159265359),.PIECEWISE_BEZIER_KNOTS.);
#2600 = CARTESIAN_POINT('',(-1.570796326795,1.570796326795));
#2601 = CARTESIAN_POINT('',(-1.570796326795,3.14159265359));
#2602 = ( GEOMETRIC_REPRESENTATION_CONTEXT(2) 
PARAMETRIC_REPRESENTATION_CONTEXT() REPRESENTATION_CONTEXT('2D SPACE',''
  ) );
#2603 = ORIENTED_EDGE('',*,*,#2512,.T.);
#2604 = ORIENTED_EDGE('',*,*,#1679,.F.);
#2605 = ORIENTED_EDGE('',*,*,#2235,.F.);
#2606 = ADVANCED_FACE('',(#2607),#1807,.T.);
#2607 = FACE_BOUND('',#2608,.T.);
#2608 = EDGE_LOOP('',(#2609,#2610,#2611,#2631));
#2609 = ORIENTED_EDGE('',*,*,#1791,.T.);
#2610 = ORIENTED_EDGE('',*,*,#2208,.T.);
#2611 = ORIENTED_EDGE('',*,*,#2612,.F.);
#2612 = EDGE_CURVE('',#1930,#2176,#2613,.T.);
#2613 = SURFACE_CURVE('',#2614,(#2619,#2625),.PCURVE_S1.);
#2614 = CIRCLE('',#2615,0.199999988079);
#2615 = AXIS2_PLACEMENT_3D('',#2616,#2617,#2618);
#2616 = CARTESIAN_POINT('',(52.800000011921,5.199999988079,
    124.00003504753));
#2617 = DIRECTION('',(-2.449293598295E-16,-0.,-1.));
#2618 = DIRECTION('',(1.,-0.,-2.449293598295E-16));
#2619 = PCURVE('',#1807,#2620);
#2620 = DEFINITIONAL_REPRESENTATION('',(#2621),#2624);
#2621 = B_SPLINE_CURVE_WITH_KNOTS('',1,(#2622,#2623),.UNSPECIFIED.,.F.,
  .F.,(2,2),(0.,1.570796326795),.PIECEWISE_BEZIER_KNOTS.);
#2622 = CARTESIAN_POINT('',(0.,11.));
#2623 = CARTESIAN_POINT('',(1.570796326795,11.));
#2624 = ( GEOMETRIC_REPRESENTATION_CONTEXT(2) 
PARAMETRIC_REPRESENTATION_CONTEXT() REPRESENTATION_CONTEXT('2D SPACE',''
  ) );
#2625 = PCURVE('',#2196,#2626);
#2626 = DEFINITIONAL_REPRESENTATION('',(#2627),#2630);
#2627 = B_SPLINE_CURVE_WITH_KNOTS('',1,(#2628,#2629),.UNSPECIFIED.,.F.,
  .F.,(2,2),(0.,1.570796326795),.PIECEWISE_BEZIER_KNOTS.);
#2628 = CARTESIAN_POINT('',(0.,0.));
#2629 = CARTESIAN_POINT('',(0.,1.570796326795));
#2630 = ( GEOMETRIC_REPRESENTATION_CONTEXT(2) 
PARAMETRIC_REPRESENTATION_CONTEXT() REPRESENTATION_CONTEXT('2D SPACE',''
  ) );
#2631 = ORIENTED_EDGE('',*,*,#1957,.F.);
#2632 = ADVANCED_FACE('',(#2633),#1865,.T.);
#2633 = FACE_BOUND('',#2634,.F.);
#2634 = EDGE_LOOP('',(#2635,#2636,#2637,#2657));
#2635 = ORIENTED_EDGE('',*,*,#1849,.T.);
#2636 = ORIENTED_EDGE('',*,*,#2456,.T.);
#2637 = ORIENTED_EDGE('',*,*,#2638,.F.);
#2638 = EDGE_CURVE('',#1907,#2424,#2639,.T.);
#2639 = SURFACE_CURVE('',#2640,(#2645,#2651),.PCURVE_S1.);
#2640 = CIRCLE('',#2641,0.199999988079);
#2641 = AXIS2_PLACEMENT_3D('',#2642,#2643,#2644);
#2642 = CARTESIAN_POINT('',(52.800000011921,5.800000011921,
    124.00003504753));
#2643 = DIRECTION('',(2.449293598295E-16,0.,1.));
#2644 = DIRECTION('',(1.,0.,-2.449293598295E-16));
#2645 = PCURVE('',#1865,#2646);
#2646 = DEFINITIONAL_REPRESENTATION('',(#2647),#2650);
#2647 = B_SPLINE_CURVE_WITH_KNOTS('',1,(#2648,#2649),.UNSPECIFIED.,.F.,
  .F.,(2,2),(0.,1.570796326795),.PIECEWISE_BEZIER_KNOTS.);
#2648 = CARTESIAN_POINT('',(0.,11.));
#2649 = CARTESIAN_POINT('',(-1.570796326795,11.));
#2650 = ( GEOMETRIC_REPRESENTATION_CONTEXT(2) 
PARAMETRIC_REPRESENTATION_CONTEXT() REPRESENTATION_CONTEXT('2D SPACE',''
  ) );
#2651 = PCURVE('',#2444,#2652);
#2652 = DEFINITIONAL_REPRESENTATION('',(#2653),#2656);
#2653 = B_SPLINE_CURVE_WITH_KNOTS('',1,(#2654,#2655),.UNSPECIFIED.,.F.,
  .F.,(2,2),(0.,1.570796326795),.PIECEWISE_BEZIER_KNOTS.);
#2654 = CARTESIAN_POINT('',(0.,0.));
#2655 = CARTESIAN_POINT('',(0.,1.570796326795));
#2656 = ( GEOMETRIC_REPRESENTATION_CONTEXT(2) 
PARAMETRIC_REPRESENTATION_CONTEXT() REPRESENTATION_CONTEXT('2D SPACE',''
  ) );
#2657 = ORIENTED_EDGE('',*,*,#1906,.F.);
#2658 = ADVANCED_FACE('',(#2659),#1945,.T.);
#2659 = FACE_BOUND('',#2660,.T.);
#2660 = EDGE_LOOP('',(#2661,#2662,#2686,#2714));
#2661 = ORIENTED_EDGE('',*,*,#1929,.F.);
#2662 = ORIENTED_EDGE('',*,*,#2663,.T.);
#2663 = EDGE_CURVE('',#1930,#2664,#2666,.T.);
#2664 = VERTEX_POINT('',#2665);
#2665 = CARTESIAN_POINT('',(51.,5.199999988079,122.00003504753));
#2666 = SURFACE_CURVE('',#2667,(#2672,#2679),.PCURVE_S1.);
#2667 = CIRCLE('',#2668,2.);
#2668 = AXIS2_PLACEMENT_3D('',#2669,#2670,#2671);
#2669 = CARTESIAN_POINT('',(51.,5.199999988079,124.00003504753));
#2670 = DIRECTION('',(-0.,1.,0.));
#2671 = DIRECTION('',(1.,0.,0.));
#2672 = PCURVE('',#1945,#2673);
#2673 = DEFINITIONAL_REPRESENTATION('',(#2674),#2678);
#2674 = LINE('',#2675,#2676);
#2675 = CARTESIAN_POINT('',(0.,0.199999988079));
#2676 = VECTOR('',#2677,1.);
#2677 = DIRECTION('',(1.,0.));
#2678 = ( GEOMETRIC_REPRESENTATION_CONTEXT(2) 
PARAMETRIC_REPRESENTATION_CONTEXT() REPRESENTATION_CONTEXT('2D SPACE',''
  ) );
#2679 = PCURVE('',#2196,#2680);
#2680 = DEFINITIONAL_REPRESENTATION('',(#2681),#2685);
#2681 = LINE('',#2682,#2683);
#2682 = CARTESIAN_POINT('',(-0.,0.));
#2683 = VECTOR('',#2684,1.);
#2684 = DIRECTION('',(-1.,0.));
#2685 = ( GEOMETRIC_REPRESENTATION_CONTEXT(2) 
PARAMETRIC_REPRESENTATION_CONTEXT() REPRESENTATION_CONTEXT('2D SPACE',''
  ) );
#2686 = ORIENTED_EDGE('',*,*,#2687,.T.);
#2687 = EDGE_CURVE('',#2664,#2688,#2690,.T.);
#2688 = VERTEX_POINT('',#2689);
#2689 = CARTESIAN_POINT('',(51.,5.800000011921,122.00003504753));
#2690 = SURFACE_CURVE('',#2691,(#2695,#2702),.PCURVE_S1.);
#2691 = LINE('',#2692,#2693);
#2692 = CARTESIAN_POINT('',(51.,5.,122.00003504753));
#2693 = VECTOR('',#2694,1.);
#2694 = DIRECTION('',(-0.,1.,-0.));
#2695 = PCURVE('',#1945,#2696);
#2696 = DEFINITIONAL_REPRESENTATION('',(#2697),#2701);
#2697 = LINE('',#2698,#2699);
#2698 = CARTESIAN_POINT('',(1.570796326795,0.));
#2699 = VECTOR('',#2700,1.);
#2700 = DIRECTION('',(0.,1.));
#2701 = ( GEOMETRIC_REPRESENTATION_CONTEXT(2) 
PARAMETRIC_REPRESENTATION_CONTEXT() REPRESENTATION_CONTEXT('2D SPACE',''
  ) );
#2702 = PCURVE('',#2703,#2708);
#2703 = PLANE('',#2704);
#2704 = AXIS2_PLACEMENT_3D('',#2705,#2706,#2707);
#2705 = CARTESIAN_POINT('',(53.,5.,122.00003504753));
#2706 = DIRECTION('',(-0.,0.,1.));
#2707 = DIRECTION('',(-1.,0.,-0.));
#2708 = DEFINITIONAL_REPRESENTATION('',(#2709),#2713);
#2709 = LINE('',#2710,#2711);
#2710 = CARTESIAN_POINT('',(2.,0.));
#2711 = VECTOR('',#2712,1.);
#2712 = DIRECTION('',(0.,-1.));
#2713 = ( GEOMETRIC_REPRESENTATION_CONTEXT(2) 
PARAMETRIC_REPRESENTATION_CONTEXT() REPRESENTATION_CONTEXT('2D SPACE',''
  ) );
#2714 = ORIENTED_EDGE('',*,*,#2715,.F.);
#2715 = EDGE_CURVE('',#1907,#2688,#2716,.T.);
#2716 = SURFACE_CURVE('',#2717,(#2722,#2729),.PCURVE_S1.);
#2717 = CIRCLE('',#2718,2.);
#2718 = AXIS2_PLACEMENT_3D('',#2719,#2720,#2721);
#2719 = CARTESIAN_POINT('',(51.,5.800000011921,124.00003504753));
#2720 = DIRECTION('',(-0.,1.,0.));
#2721 = DIRECTION('',(1.,0.,0.));
#2722 = PCURVE('',#1945,#2723);
#2723 = DEFINITIONAL_REPRESENTATION('',(#2724),#2728);
#2724 = LINE('',#2725,#2726);
#2725 = CARTESIAN_POINT('',(0.,0.800000011921));
#2726 = VECTOR('',#2727,1.);
#2727 = DIRECTION('',(1.,0.));
#2728 = ( GEOMETRIC_REPRESENTATION_CONTEXT(2) 
PARAMETRIC_REPRESENTATION_CONTEXT() REPRESENTATION_CONTEXT('2D SPACE',''
  ) );
#2729 = PCURVE('',#2444,#2730);
#2730 = DEFINITIONAL_REPRESENTATION('',(#2731),#2735);
#2731 = LINE('',#2732,#2733);
#2732 = CARTESIAN_POINT('',(0.,0.));
#2733 = VECTOR('',#2734,1.);
#2734 = DIRECTION('',(1.,0.));
#2735 = ( GEOMETRIC_REPRESENTATION_CONTEXT(2) 
PARAMETRIC_REPRESENTATION_CONTEXT() REPRESENTATION_CONTEXT('2D SPACE',''
  ) );
#2736 = ADVANCED_FACE('',(#2737),#2022,.T.);
#2737 = FACE_BOUND('',#2738,.T.);
#2738 = EDGE_LOOP('',(#2739,#2761,#2762,#2763));
#2739 = ORIENTED_EDGE('',*,*,#2740,.F.);
#2740 = EDGE_CURVE('',#2006,#2741,#2743,.T.);
#2741 = VERTEX_POINT('',#2742);
#2742 = CARTESIAN_POINT('',(52.,5.199999988079,135.00003504753));
#2743 = SURFACE_CURVE('',#2744,(#2749,#2755),.PCURVE_S1.);
#2744 = CIRCLE('',#2745,0.199999988079);
#2745 = AXIS2_PLACEMENT_3D('',#2746,#2747,#2748);
#2746 = CARTESIAN_POINT('',(52.199999988079,5.199999988079,
    135.00003504753));
#2747 = DIRECTION('',(-1.224646799147E-16,-0.,-1.));
#2748 = DIRECTION('',(0.,-1.,0.));
#2749 = PCURVE('',#2022,#2750);
#2750 = DEFINITIONAL_REPRESENTATION('',(#2751),#2754);
#2751 = B_SPLINE_CURVE_WITH_KNOTS('',1,(#2752,#2753),.UNSPECIFIED.,.F.,
  .F.,(2,2),(0.,1.570796326795),.PIECEWISE_BEZIER_KNOTS.);
#2752 = CARTESIAN_POINT('',(0.,1.570796326795));
#2753 = CARTESIAN_POINT('',(0.,3.14159265359));
#2754 = ( GEOMETRIC_REPRESENTATION_CONTEXT(2) 
PARAMETRIC_REPRESENTATION_CONTEXT() REPRESENTATION_CONTEXT('2D SPACE',''
  ) );
#2755 = PCURVE('',#2050,#2756);
#2756 = DEFINITIONAL_REPRESENTATION('',(#2757),#2760);
#2757 = B_SPLINE_CURVE_WITH_KNOTS('',1,(#2758,#2759),.UNSPECIFIED.,.F.,
  .F.,(2,2),(0.,1.570796326795),.PIECEWISE_BEZIER_KNOTS.);
#2758 = CARTESIAN_POINT('',(0.,11.));
#2759 = CARTESIAN_POINT('',(-1.570796326795,11.));
#2760 = ( GEOMETRIC_REPRESENTATION_CONTEXT(2) 
PARAMETRIC_REPRESENTATION_CONTEXT() REPRESENTATION_CONTEXT('2D SPACE',''
  ) );
#2761 = ORIENTED_EDGE('',*,*,#2005,.T.);
#2762 = ORIENTED_EDGE('',*,*,#2558,.T.);
#2763 = ORIENTED_EDGE('',*,*,#2764,.F.);
#2764 = EDGE_CURVE('',#2741,#2483,#2765,.T.);
#2765 = SURFACE_CURVE('',#2766,(#2771,#2778),.PCURVE_S1.);
#2766 = CIRCLE('',#2767,1.);
#2767 = AXIS2_PLACEMENT_3D('',#2768,#2769,#2770);
#2768 = CARTESIAN_POINT('',(51.,5.199999988079,135.00003504753));
#2769 = DIRECTION('',(0.,-1.,0.));
#2770 = DIRECTION('',(1.,0.,0.));
#2771 = PCURVE('',#2022,#2772);
#2772 = DEFINITIONAL_REPRESENTATION('',(#2773),#2777);
#2773 = LINE('',#2774,#2775);
#2774 = CARTESIAN_POINT('',(0.,3.14159265359));
#2775 = VECTOR('',#2776,1.);
#2776 = DIRECTION('',(1.,0.));
#2777 = ( GEOMETRIC_REPRESENTATION_CONTEXT(2) 
PARAMETRIC_REPRESENTATION_CONTEXT() REPRESENTATION_CONTEXT('2D SPACE',''
  ) );
#2778 = PCURVE('',#2500,#2779);
#2779 = DEFINITIONAL_REPRESENTATION('',(#2780),#2784);
#2780 = LINE('',#2781,#2782);
#2781 = CARTESIAN_POINT('',(-0.,0.199999988079));
#2782 = VECTOR('',#2783,1.);
#2783 = DIRECTION('',(-1.,0.));
#2784 = ( GEOMETRIC_REPRESENTATION_CONTEXT(2) 
PARAMETRIC_REPRESENTATION_CONTEXT() REPRESENTATION_CONTEXT('2D SPACE',''
  ) );
#2785 = ADVANCED_FACE('',(#2786),#2050,.T.);
#2786 = FACE_BOUND('',#2787,.F.);
#2787 = EDGE_LOOP('',(#2788,#2810,#2836,#2837));
#2788 = ORIENTED_EDGE('',*,*,#2789,.T.);
#2789 = EDGE_CURVE('',#2035,#2790,#2792,.T.);
#2790 = VERTEX_POINT('',#2791);
#2791 = CARTESIAN_POINT('',(52.,5.199999988079,124.00003504753));
#2792 = SURFACE_CURVE('',#2793,(#2798,#2804),.PCURVE_S1.);
#2793 = CIRCLE('',#2794,0.199999988079);
#2794 = AXIS2_PLACEMENT_3D('',#2795,#2796,#2797);
#2795 = CARTESIAN_POINT('',(52.199999988079,5.199999988079,
    124.00003504753));
#2796 = DIRECTION('',(-6.123233995737E-17,-0.,-1.));
#2797 = DIRECTION('',(1.,0.,-6.123233995737E-17));
#2798 = PCURVE('',#2050,#2799);
#2799 = DEFINITIONAL_REPRESENTATION('',(#2800),#2803);
#2800 = B_SPLINE_CURVE_WITH_KNOTS('',1,(#2801,#2802),.UNSPECIFIED.,.F.,
  .F.,(2,2),(1.570796326795,3.14159265359),.PIECEWISE_BEZIER_KNOTS.);
#2801 = CARTESIAN_POINT('',(0.,0.));
#2802 = CARTESIAN_POINT('',(-1.570796326795,0.));
#2803 = ( GEOMETRIC_REPRESENTATION_CONTEXT(2) 
PARAMETRIC_REPRESENTATION_CONTEXT() REPRESENTATION_CONTEXT('2D SPACE',''
  ) );
#2804 = PCURVE('',#2079,#2805);
#2805 = DEFINITIONAL_REPRESENTATION('',(#2806),#2809);
#2806 = B_SPLINE_CURVE_WITH_KNOTS('',1,(#2807,#2808),.UNSPECIFIED.,.F.,
  .F.,(2,2),(1.570796326795,3.14159265359),.PIECEWISE_BEZIER_KNOTS.);
#2807 = CARTESIAN_POINT('',(1.570796326795,1.570796326795));
#2808 = CARTESIAN_POINT('',(1.570796326795,3.14159265359));
#2809 = ( GEOMETRIC_REPRESENTATION_CONTEXT(2) 
PARAMETRIC_REPRESENTATION_CONTEXT() REPRESENTATION_CONTEXT('2D SPACE',''
  ) );
#2810 = ORIENTED_EDGE('',*,*,#2811,.T.);
#2811 = EDGE_CURVE('',#2790,#2741,#2812,.T.);
#2812 = SURFACE_CURVE('',#2813,(#2817,#2824),.PCURVE_S1.);
#2813 = LINE('',#2814,#2815);
#2814 = CARTESIAN_POINT('',(52.,5.199999988079,124.00003504753));
#2815 = VECTOR('',#2816,1.);
#2816 = DIRECTION('',(1.224646799147E-16,0.,1.));
#2817 = PCURVE('',#2050,#2818);
#2818 = DEFINITIONAL_REPRESENTATION('',(#2819),#2823);
#2819 = LINE('',#2820,#2821);
#2820 = CARTESIAN_POINT('',(-1.570796326795,0.));
#2821 = VECTOR('',#2822,1.);
#2822 = DIRECTION('',(-0.,1.));
#2823 = ( GEOMETRIC_REPRESENTATION_CONTEXT(2) 
PARAMETRIC_REPRESENTATION_CONTEXT() REPRESENTATION_CONTEXT('2D SPACE',''
  ) );
#2824 = PCURVE('',#2825,#2830);
#2825 = PLANE('',#2826);
#2826 = AXIS2_PLACEMENT_3D('',#2827,#2828,#2829);
#2827 = CARTESIAN_POINT('',(52.,5.,123.00003504753));
#2828 = DIRECTION('',(1.,0.,-1.224646799147E-16));
#2829 = DIRECTION('',(1.224646799147E-16,0.,1.));
#2830 = DEFINITIONAL_REPRESENTATION('',(#2831),#2835);
#2831 = LINE('',#2832,#2833);
#2832 = CARTESIAN_POINT('',(1.,-0.199999988079));
#2833 = VECTOR('',#2834,1.);
#2834 = DIRECTION('',(1.,0.));
#2835 = ( GEOMETRIC_REPRESENTATION_CONTEXT(2) 
PARAMETRIC_REPRESENTATION_CONTEXT() REPRESENTATION_CONTEXT('2D SPACE',''
  ) );
#2836 = ORIENTED_EDGE('',*,*,#2740,.F.);
#2837 = ORIENTED_EDGE('',*,*,#2034,.F.);
#2838 = ADVANCED_FACE('',(#2839),#2079,.T.);
#2839 = FACE_BOUND('',#2840,.T.);
#2840 = EDGE_LOOP('',(#2841,#2863,#2864,#2865));
#2841 = ORIENTED_EDGE('',*,*,#2842,.F.);
#2842 = EDGE_CURVE('',#2063,#2843,#2845,.T.);
#2843 = VERTEX_POINT('',#2844);
#2844 = CARTESIAN_POINT('',(51.,5.199999988079,123.00003504753));
#2845 = SURFACE_CURVE('',#2846,(#2851,#2857),.PCURVE_S1.);
#2846 = CIRCLE('',#2847,0.199999988079);
#2847 = AXIS2_PLACEMENT_3D('',#2848,#2849,#2850);
#2848 = CARTESIAN_POINT('',(51.,5.199999988079,122.80003505945));
#2849 = DIRECTION('',(-1.,0.,1.224646799147E-16));
#2850 = DIRECTION('',(0.,-1.,0.));
#2851 = PCURVE('',#2079,#2852);
#2852 = DEFINITIONAL_REPRESENTATION('',(#2853),#2856);
#2853 = B_SPLINE_CURVE_WITH_KNOTS('',1,(#2854,#2855),.UNSPECIFIED.,.F.,
  .F.,(2,2),(0.,1.570796326795),.PIECEWISE_BEZIER_KNOTS.);
#2854 = CARTESIAN_POINT('',(0.,1.570796326795));
#2855 = CARTESIAN_POINT('',(0.,3.14159265359));
#2856 = ( GEOMETRIC_REPRESENTATION_CONTEXT(2) 
PARAMETRIC_REPRESENTATION_CONTEXT() REPRESENTATION_CONTEXT('2D SPACE',''
  ) );
#2857 = PCURVE('',#2107,#2858);
#2858 = DEFINITIONAL_REPRESENTATION('',(#2859),#2862);
#2859 = B_SPLINE_CURVE_WITH_KNOTS('',1,(#2860,#2861),.UNSPECIFIED.,.F.,
  .F.,(2,2),(0.,1.570796326795),.PIECEWISE_BEZIER_KNOTS.);
#2860 = CARTESIAN_POINT('',(0.,1.));
#2861 = CARTESIAN_POINT('',(-1.570796326795,1.));
#2862 = ( GEOMETRIC_REPRESENTATION_CONTEXT(2) 
PARAMETRIC_REPRESENTATION_CONTEXT() REPRESENTATION_CONTEXT('2D SPACE',''
  ) );
#2863 = ORIENTED_EDGE('',*,*,#2062,.T.);
#2864 = ORIENTED_EDGE('',*,*,#2789,.T.);
#2865 = ORIENTED_EDGE('',*,*,#2866,.F.);
#2866 = EDGE_CURVE('',#2843,#2790,#2867,.T.);
#2867 = SURFACE_CURVE('',#2868,(#2873,#2880),.PCURVE_S1.);
#2868 = CIRCLE('',#2869,1.);
#2869 = AXIS2_PLACEMENT_3D('',#2870,#2871,#2872);
#2870 = CARTESIAN_POINT('',(51.,5.199999988079,124.00003504753));
#2871 = DIRECTION('',(0.,-1.,0.));
#2872 = DIRECTION('',(0.,0.,-1.));
#2873 = PCURVE('',#2079,#2874);
#2874 = DEFINITIONAL_REPRESENTATION('',(#2875),#2879);
#2875 = LINE('',#2876,#2877);
#2876 = CARTESIAN_POINT('',(0.,3.14159265359));
#2877 = VECTOR('',#2878,1.);
#2878 = DIRECTION('',(1.,0.));
#2879 = ( GEOMETRIC_REPRESENTATION_CONTEXT(2) 
PARAMETRIC_REPRESENTATION_CONTEXT() REPRESENTATION_CONTEXT('2D SPACE',''
  ) );
#2880 = PCURVE('',#2881,#2886);
#2881 = CYLINDRICAL_SURFACE('',#2882,1.);
#2882 = AXIS2_PLACEMENT_3D('',#2883,#2884,#2885);
#2883 = CARTESIAN_POINT('',(51.,5.,124.00003504753));
#2884 = DIRECTION('',(-0.,1.,-0.));
#2885 = DIRECTION('',(-1.224646799147E-16,-0.,-1.));
#2886 = DEFINITIONAL_REPRESENTATION('',(#2887),#2891);
#2887 = LINE('',#2888,#2889);
#2888 = CARTESIAN_POINT('',(-0.,0.199999988079));
#2889 = VECTOR('',#2890,1.);
#2890 = DIRECTION('',(-1.,0.));
#2891 = ( GEOMETRIC_REPRESENTATION_CONTEXT(2) 
PARAMETRIC_REPRESENTATION_CONTEXT() REPRESENTATION_CONTEXT('2D SPACE',''
  ) );
#2892 = ADVANCED_FACE('',(#2893),#2196,.T.);
#2893 = FACE_BOUND('',#2894,.F.);
#2894 = EDGE_LOOP('',(#2895,#2896,#2897,#2917));
#2895 = ORIENTED_EDGE('',*,*,#2612,.F.);
#2896 = ORIENTED_EDGE('',*,*,#2663,.T.);
#2897 = ORIENTED_EDGE('',*,*,#2898,.T.);
#2898 = EDGE_CURVE('',#2664,#2148,#2899,.T.);
#2899 = SURFACE_CURVE('',#2900,(#2905,#2911),.PCURVE_S1.);
#2900 = CIRCLE('',#2901,0.199999988079);
#2901 = AXIS2_PLACEMENT_3D('',#2902,#2903,#2904);
#2902 = CARTESIAN_POINT('',(51.,5.199999988079,122.20003503561));
#2903 = DIRECTION('',(-1.,-0.,-2.832769448824E-16));
#2904 = DIRECTION('',(2.832769448824E-16,0.,-1.));
#2905 = PCURVE('',#2196,#2906);
#2906 = DEFINITIONAL_REPRESENTATION('',(#2907),#2910);
#2907 = B_SPLINE_CURVE_WITH_KNOTS('',1,(#2908,#2909),.UNSPECIFIED.,.F.,
  .F.,(2,2),(0.,1.570796326795),.PIECEWISE_BEZIER_KNOTS.);
#2908 = CARTESIAN_POINT('',(-1.570796326795,0.));
#2909 = CARTESIAN_POINT('',(-1.570796326795,1.570796326795));
#2910 = ( GEOMETRIC_REPRESENTATION_CONTEXT(2) 
PARAMETRIC_REPRESENTATION_CONTEXT() REPRESENTATION_CONTEXT('2D SPACE',''
  ) );
#2911 = PCURVE('',#2163,#2912);
#2912 = DEFINITIONAL_REPRESENTATION('',(#2913),#2916);
#2913 = B_SPLINE_CURVE_WITH_KNOTS('',1,(#2914,#2915),.UNSPECIFIED.,.F.,
  .F.,(2,2),(0.,1.570796326795),.PIECEWISE_BEZIER_KNOTS.);
#2914 = CARTESIAN_POINT('',(0.,0.));
#2915 = CARTESIAN_POINT('',(1.570796326795,0.));
#2916 = ( GEOMETRIC_REPRESENTATION_CONTEXT(2) 
PARAMETRIC_REPRESENTATION_CONTEXT() REPRESENTATION_CONTEXT('2D SPACE',''
  ) );
#2917 = ORIENTED_EDGE('',*,*,#2175,.F.);
#2918 = ADVANCED_FACE('',(#2919),#2107,.T.);
#2919 = FACE_BOUND('',#2920,.F.);
#2920 = EDGE_LOOP('',(#2921,#2949,#2975,#2976));
#2921 = ORIENTED_EDGE('',*,*,#2922,.T.);
#2922 = EDGE_CURVE('',#2092,#2923,#2925,.T.);
#2923 = VERTEX_POINT('',#2924);
#2924 = CARTESIAN_POINT('',(50.,5.199999988079,123.00003504753));
#2925 = SURFACE_CURVE('',#2926,(#2931,#2938),.PCURVE_S1.);
#2926 = CIRCLE('',#2927,0.199999988079);
#2927 = AXIS2_PLACEMENT_3D('',#2928,#2929,#2930);
#2928 = CARTESIAN_POINT('',(50.,5.199999988079,122.80003505945));
#2929 = DIRECTION('',(-1.,-0.,1.224646799147E-16));
#2930 = DIRECTION('',(1.224646799147E-16,0.,1.));
#2931 = PCURVE('',#2107,#2932);
#2932 = DEFINITIONAL_REPRESENTATION('',(#2933),#2937);
#2933 = LINE('',#2934,#2935);
#2934 = CARTESIAN_POINT('',(4.712388980385,-0.));
#2935 = VECTOR('',#2936,1.);
#2936 = DIRECTION('',(-1.,0.));
#2937 = ( GEOMETRIC_REPRESENTATION_CONTEXT(2) 
PARAMETRIC_REPRESENTATION_CONTEXT() REPRESENTATION_CONTEXT('2D SPACE',''
  ) );
#2938 = PCURVE('',#2135,#2939);
#2939 = DEFINITIONAL_REPRESENTATION('',(#2940),#2948);
#2940 = ( BOUNDED_CURVE() B_SPLINE_CURVE(2,(#2941,#2942,#2943,#2944,
#2945,#2946,#2947),.UNSPECIFIED.,.T.,.F.) B_SPLINE_CURVE_WITH_KNOTS((1,2
    ,2,2,2,1),(-2.094395102393,0.,2.094395102393,4.188790204786,
6.28318530718,8.377580409573),.UNSPECIFIED.) CURVE() 
GEOMETRIC_REPRESENTATION_ITEM() RATIONAL_B_SPLINE_CURVE((1.,0.5,1.,0.5,
1.,0.5,1.)) REPRESENTATION_ITEM('') );
#2941 = CARTESIAN_POINT('',(1.,-0.199999988079));
#2942 = CARTESIAN_POINT('',(1.,-0.546410128945));
#2943 = CARTESIAN_POINT('',(0.700000017881,-0.373205058512));
#2944 = CARTESIAN_POINT('',(0.400000035763,-0.199999988079));
#2945 = CARTESIAN_POINT('',(0.700000017881,-2.679491764601E-02));
#2946 = CARTESIAN_POINT('',(1.,0.146410152787));
#2947 = CARTESIAN_POINT('',(1.,-0.199999988079));
#2948 = ( GEOMETRIC_REPRESENTATION_CONTEXT(2) 
PARAMETRIC_REPRESENTATION_CONTEXT() REPRESENTATION_CONTEXT('2D SPACE',''
  ) );
#2949 = ORIENTED_EDGE('',*,*,#2950,.T.);
#2950 = EDGE_CURVE('',#2923,#2843,#2951,.T.);
#2951 = SURFACE_CURVE('',#2952,(#2956,#2963),.PCURVE_S1.);
#2952 = LINE('',#2953,#2954);
#2953 = CARTESIAN_POINT('',(50.,5.199999988079,123.00003504753));
#2954 = VECTOR('',#2955,1.);
#2955 = DIRECTION('',(1.,0.,-1.224646799147E-16));
#2956 = PCURVE('',#2107,#2957);
#2957 = DEFINITIONAL_REPRESENTATION('',(#2958),#2962);
#2958 = LINE('',#2959,#2960);
#2959 = CARTESIAN_POINT('',(-1.570796326795,0.));
#2960 = VECTOR('',#2961,1.);
#2961 = DIRECTION('',(-0.,1.));
#2962 = ( GEOMETRIC_REPRESENTATION_CONTEXT(2) 
PARAMETRIC_REPRESENTATION_CONTEXT() REPRESENTATION_CONTEXT('2D SPACE',''
  ) );
#2963 = PCURVE('',#2964,#2969);
#2964 = PLANE('',#2965);
#2965 = AXIS2_PLACEMENT_3D('',#2966,#2967,#2968);
#2966 = CARTESIAN_POINT('',(50.,5.,123.00003504753));
#2967 = DIRECTION('',(-1.224646799147E-16,-0.,-1.));
#2968 = DIRECTION('',(1.,0.,-1.224646799147E-16));
#2969 = DEFINITIONAL_REPRESENTATION('',(#2970),#2974);
#2970 = LINE('',#2971,#2972);
#2971 = CARTESIAN_POINT('',(0.,-0.199999988079));
#2972 = VECTOR('',#2973,1.);
#2973 = DIRECTION('',(1.,0.));
#2974 = ( GEOMETRIC_REPRESENTATION_CONTEXT(2) 
PARAMETRIC_REPRESENTATION_CONTEXT() REPRESENTATION_CONTEXT('2D SPACE',''
  ) );
#2975 = ORIENTED_EDGE('',*,*,#2842,.F.);
#2976 = ORIENTED_EDGE('',*,*,#2091,.F.);
#2977 = ADVANCED_FACE('',(#2978),#2163,.T.);
#2978 = FACE_BOUND('',#2979,.T.);
#2979 = EDGE_LOOP('',(#2980,#2981,#2982,#3010));
#2980 = ORIENTED_EDGE('',*,*,#2898,.T.);
#2981 = ORIENTED_EDGE('',*,*,#2147,.T.);
#2982 = ORIENTED_EDGE('',*,*,#2983,.F.);
#2983 = EDGE_CURVE('',#2984,#2120,#2986,.T.);
#2984 = VERTEX_POINT('',#2985);
#2985 = CARTESIAN_POINT('',(50.,5.199999988079,122.00003504753));
#2986 = SURFACE_CURVE('',#2987,(#2992,#2999),.PCURVE_S1.);
#2987 = CIRCLE('',#2988,0.199999988079);
#2988 = AXIS2_PLACEMENT_3D('',#2989,#2990,#2991);
#2989 = CARTESIAN_POINT('',(50.,5.199999988079,122.20003503561));
#2990 = DIRECTION('',(-1.,-0.,-0.));
#2991 = DIRECTION('',(0.,0.,-1.));
#2992 = PCURVE('',#2163,#2993);
#2993 = DEFINITIONAL_REPRESENTATION('',(#2994),#2998);
#2994 = LINE('',#2995,#2996);
#2995 = CARTESIAN_POINT('',(0.,1.));
#2996 = VECTOR('',#2997,1.);
#2997 = DIRECTION('',(1.,0.));
#2998 = ( GEOMETRIC_REPRESENTATION_CONTEXT(2) 
PARAMETRIC_REPRESENTATION_CONTEXT() REPRESENTATION_CONTEXT('2D SPACE',''
  ) );
#2999 = PCURVE('',#2135,#3000);
#3000 = DEFINITIONAL_REPRESENTATION('',(#3001),#3009);
#3001 = ( BOUNDED_CURVE() B_SPLINE_CURVE(2,(#3002,#3003,#3004,#3005,
#3006,#3007,#3008),.UNSPECIFIED.,.T.,.F.) B_SPLINE_CURVE_WITH_KNOTS((1,2
    ,2,2,2,1),(-2.094395102393,0.,2.094395102393,4.188790204786,
6.28318530718,8.377580409573),.UNSPECIFIED.) CURVE() 
GEOMETRIC_REPRESENTATION_ITEM() RATIONAL_B_SPLINE_CURVE((1.,0.5,1.,0.5,
1.,0.5,1.)) REPRESENTATION_ITEM('') );
#3002 = CARTESIAN_POINT('',(0.,-0.199999988079));
#3003 = CARTESIAN_POINT('',(0.,0.146410152787));
#3004 = CARTESIAN_POINT('',(0.299999982119,-2.679491764601E-02));
#3005 = CARTESIAN_POINT('',(0.599999964237,-0.199999988079));
#3006 = CARTESIAN_POINT('',(0.299999982119,-0.373205058512));
#3007 = CARTESIAN_POINT('',(3.053113317719E-16,-0.546410128945));
#3008 = CARTESIAN_POINT('',(0.,-0.199999988079));
#3009 = ( GEOMETRIC_REPRESENTATION_CONTEXT(2) 
PARAMETRIC_REPRESENTATION_CONTEXT() REPRESENTATION_CONTEXT('2D SPACE',''
  ) );
#3010 = ORIENTED_EDGE('',*,*,#3011,.F.);
#3011 = EDGE_CURVE('',#2664,#2984,#3012,.T.);
#3012 = SURFACE_CURVE('',#3013,(#3017,#3024),.PCURVE_S1.);
#3013 = LINE('',#3014,#3015);
#3014 = CARTESIAN_POINT('',(51.,5.199999988079,122.00003504753));
#3015 = VECTOR('',#3016,1.);
#3016 = DIRECTION('',(-1.,-0.,-0.));
#3017 = PCURVE('',#2163,#3018);
#3018 = DEFINITIONAL_REPRESENTATION('',(#3019),#3023);
#3019 = LINE('',#3020,#3021);
#3020 = CARTESIAN_POINT('',(0.,0.));
#3021 = VECTOR('',#3022,1.);
#3022 = DIRECTION('',(0.,1.));
#3023 = ( GEOMETRIC_REPRESENTATION_CONTEXT(2) 
PARAMETRIC_REPRESENTATION_CONTEXT() REPRESENTATION_CONTEXT('2D SPACE',''
  ) );
#3024 = PCURVE('',#2703,#3025);
#3025 = DEFINITIONAL_REPRESENTATION('',(#3026),#3030);
#3026 = LINE('',#3027,#3028);
#3027 = CARTESIAN_POINT('',(2.,-0.199999988079));
#3028 = VECTOR('',#3029,1.);
#3029 = DIRECTION('',(1.,0.));
#3030 = ( GEOMETRIC_REPRESENTATION_CONTEXT(2) 
PARAMETRIC_REPRESENTATION_CONTEXT() REPRESENTATION_CONTEXT('2D SPACE',''
  ) );
#3031 = ADVANCED_FACE('',(#3032),#2135,.F.);
#3032 = FACE_BOUND('',#3033,.F.);
#3033 = EDGE_LOOP('',(#3034,#3057,#3079,#3080,#3104,#3125,#3126,#3127));
#3034 = ORIENTED_EDGE('',*,*,#3035,.T.);
#3035 = EDGE_CURVE('',#2984,#3036,#3038,.T.);
#3036 = VERTEX_POINT('',#3037);
#3037 = CARTESIAN_POINT('',(50.,5.800000011921,122.00003504753));
#3038 = SURFACE_CURVE('',#3039,(#3043,#3050),.PCURVE_S1.);
#3039 = LINE('',#3040,#3041);
#3040 = CARTESIAN_POINT('',(50.,5.,122.00003504753));
#3041 = VECTOR('',#3042,1.);
#3042 = DIRECTION('',(-0.,1.,-0.));
#3043 = PCURVE('',#2135,#3044);
#3044 = DEFINITIONAL_REPRESENTATION('',(#3045),#3049);
#3045 = LINE('',#3046,#3047);
#3046 = CARTESIAN_POINT('',(0.,0.));
#3047 = VECTOR('',#3048,1.);
#3048 = DIRECTION('',(0.,-1.));
#3049 = ( GEOMETRIC_REPRESENTATION_CONTEXT(2) 
PARAMETRIC_REPRESENTATION_CONTEXT() REPRESENTATION_CONTEXT('2D SPACE',''
  ) );
#3050 = PCURVE('',#2703,#3051);
#3051 = DEFINITIONAL_REPRESENTATION('',(#3052),#3056);
#3052 = LINE('',#3053,#3054);
#3053 = CARTESIAN_POINT('',(3.,0.));
#3054 = VECTOR('',#3055,1.);
#3055 = DIRECTION('',(0.,-1.));
#3056 = ( GEOMETRIC_REPRESENTATION_CONTEXT(2) 
PARAMETRIC_REPRESENTATION_CONTEXT() REPRESENTATION_CONTEXT('2D SPACE',''
  ) );
#3057 = ORIENTED_EDGE('',*,*,#3058,.T.);
#3058 = EDGE_CURVE('',#3036,#2373,#3059,.T.);
#3059 = SURFACE_CURVE('',#3060,(#3065,#3072),.PCURVE_S1.);
#3060 = CIRCLE('',#3061,0.199999988079);
#3061 = AXIS2_PLACEMENT_3D('',#3062,#3063,#3064);
#3062 = CARTESIAN_POINT('',(50.,5.800000011921,122.20003503561));
#3063 = DIRECTION('',(1.,0.,0.));
#3064 = DIRECTION('',(0.,0.,-1.));
#3065 = PCURVE('',#2135,#3066);
#3066 = DEFINITIONAL_REPRESENTATION('',(#3067),#3071);
#3067 = CIRCLE('',#3068,0.199999988079);
#3068 = AXIS2_PLACEMENT_2D('',#3069,#3070);
#3069 = CARTESIAN_POINT('',(0.199999988079,-0.800000011921));
#3070 = DIRECTION('',(-1.,0.));
#3071 = ( GEOMETRIC_REPRESENTATION_CONTEXT(2) 
PARAMETRIC_REPRESENTATION_CONTEXT() REPRESENTATION_CONTEXT('2D SPACE',''
  ) );
#3072 = PCURVE('',#2411,#3073);
#3073 = DEFINITIONAL_REPRESENTATION('',(#3074),#3078);
#3074 = LINE('',#3075,#3076);
#3075 = CARTESIAN_POINT('',(-0.,1.));
#3076 = VECTOR('',#3077,1.);
#3077 = DIRECTION('',(-1.,0.));
#3078 = ( GEOMETRIC_REPRESENTATION_CONTEXT(2) 
PARAMETRIC_REPRESENTATION_CONTEXT() REPRESENTATION_CONTEXT('2D SPACE',''
  ) );
#3079 = ORIENTED_EDGE('',*,*,#2372,.T.);
#3080 = ORIENTED_EDGE('',*,*,#3081,.T.);
#3081 = EDGE_CURVE('',#2345,#3082,#3084,.T.);
#3082 = VERTEX_POINT('',#3083);
#3083 = CARTESIAN_POINT('',(50.,5.800000011921,123.00003504753));
#3084 = SURFACE_CURVE('',#3085,(#3090,#3097),.PCURVE_S1.);
#3085 = CIRCLE('',#3086,0.199999988079);
#3086 = AXIS2_PLACEMENT_3D('',#3087,#3088,#3089);
#3087 = CARTESIAN_POINT('',(50.,5.800000011921,122.80003505945));
#3088 = DIRECTION('',(1.,0.,-1.224646799147E-16));
#3089 = DIRECTION('',(1.224646799147E-16,0.,1.));
#3090 = PCURVE('',#2135,#3091);
#3091 = DEFINITIONAL_REPRESENTATION('',(#3092),#3096);
#3092 = CIRCLE('',#3093,0.199999988079);
#3093 = AXIS2_PLACEMENT_2D('',#3094,#3095);
#3094 = CARTESIAN_POINT('',(0.800000011921,-0.800000011921));
#3095 = DIRECTION('',(1.,0.));
#3096 = ( GEOMETRIC_REPRESENTATION_CONTEXT(2) 
PARAMETRIC_REPRESENTATION_CONTEXT() REPRESENTATION_CONTEXT('2D SPACE',''
  ) );
#3097 = PCURVE('',#2360,#3098);
#3098 = DEFINITIONAL_REPRESENTATION('',(#3099),#3103);
#3099 = LINE('',#3100,#3101);
#3100 = CARTESIAN_POINT('',(-4.712388980385,0.));
#3101 = VECTOR('',#3102,1.);
#3102 = DIRECTION('',(1.,0.));
#3103 = ( GEOMETRIC_REPRESENTATION_CONTEXT(2) 
PARAMETRIC_REPRESENTATION_CONTEXT() REPRESENTATION_CONTEXT('2D SPACE',''
  ) );
#3104 = ORIENTED_EDGE('',*,*,#3105,.F.);
#3105 = EDGE_CURVE('',#2923,#3082,#3106,.T.);
#3106 = SURFACE_CURVE('',#3107,(#3111,#3118),.PCURVE_S1.);
#3107 = LINE('',#3108,#3109);
#3108 = CARTESIAN_POINT('',(50.,5.,123.00003504753));
#3109 = VECTOR('',#3110,1.);
#3110 = DIRECTION('',(-0.,1.,-0.));
#3111 = PCURVE('',#2135,#3112);
#3112 = DEFINITIONAL_REPRESENTATION('',(#3113),#3117);
#3113 = LINE('',#3114,#3115);
#3114 = CARTESIAN_POINT('',(1.,0.));
#3115 = VECTOR('',#3116,1.);
#3116 = DIRECTION('',(0.,-1.));
#3117 = ( GEOMETRIC_REPRESENTATION_CONTEXT(2) 
PARAMETRIC_REPRESENTATION_CONTEXT() REPRESENTATION_CONTEXT('2D SPACE',''
  ) );
#3118 = PCURVE('',#2964,#3119);
#3119 = DEFINITIONAL_REPRESENTATION('',(#3120),#3124);
#3120 = LINE('',#3121,#3122);
#3121 = CARTESIAN_POINT('',(0.,0.));
#3122 = VECTOR('',#3123,1.);
#3123 = DIRECTION('',(0.,-1.));
#3124 = ( GEOMETRIC_REPRESENTATION_CONTEXT(2) 
PARAMETRIC_REPRESENTATION_CONTEXT() REPRESENTATION_CONTEXT('2D SPACE',''
  ) );
#3125 = ORIENTED_EDGE('',*,*,#2922,.F.);
#3126 = ORIENTED_EDGE('',*,*,#2119,.F.);
#3127 = ORIENTED_EDGE('',*,*,#2983,.F.);
#3128 = ADVANCED_FACE('',(#3129),#2275,.T.);
#3129 = FACE_BOUND('',#3130,.F.);
#3130 = EDGE_LOOP('',(#3131,#3153,#3154,#3155));
#3131 = ORIENTED_EDGE('',*,*,#3132,.F.);
#3132 = EDGE_CURVE('',#2259,#3133,#3135,.T.);
#3133 = VERTEX_POINT('',#3134);
#3134 = CARTESIAN_POINT('',(52.,5.800000011921,135.00003504753));
#3135 = SURFACE_CURVE('',#3136,(#3141,#3147),.PCURVE_S1.);
#3136 = CIRCLE('',#3137,0.199999988079);
#3137 = AXIS2_PLACEMENT_3D('',#3138,#3139,#3140);
#3138 = CARTESIAN_POINT('',(52.199999988079,5.800000011921,
    135.00003504753));
#3139 = DIRECTION('',(1.224646799147E-16,0.,1.));
#3140 = DIRECTION('',(-0.,1.,0.));
#3141 = PCURVE('',#2275,#3142);
#3142 = DEFINITIONAL_REPRESENTATION('',(#3143),#3146);
#3143 = B_SPLINE_CURVE_WITH_KNOTS('',1,(#3144,#3145),.UNSPECIFIED.,.F.,
  .F.,(2,2),(0.,1.570796326795),.PIECEWISE_BEZIER_KNOTS.);
#3144 = CARTESIAN_POINT('',(0.,1.570796326795));
#3145 = CARTESIAN_POINT('',(0.,3.14159265359));
#3146 = ( GEOMETRIC_REPRESENTATION_CONTEXT(2) 
PARAMETRIC_REPRESENTATION_CONTEXT() REPRESENTATION_CONTEXT('2D SPACE',''
  ) );
#3147 = PCURVE('',#2303,#3148);
#3148 = DEFINITIONAL_REPRESENTATION('',(#3149),#3152);
#3149 = B_SPLINE_CURVE_WITH_KNOTS('',1,(#3150,#3151),.UNSPECIFIED.,.F.,
  .F.,(2,2),(0.,1.570796326795),.PIECEWISE_BEZIER_KNOTS.);
#3150 = CARTESIAN_POINT('',(0.,11.));
#3151 = CARTESIAN_POINT('',(1.570796326795,11.));
#3152 = ( GEOMETRIC_REPRESENTATION_CONTEXT(2) 
PARAMETRIC_REPRESENTATION_CONTEXT() REPRESENTATION_CONTEXT('2D SPACE',''
  ) );
#3153 = ORIENTED_EDGE('',*,*,#2258,.T.);
#3154 = ORIENTED_EDGE('',*,*,#2584,.T.);
#3155 = ORIENTED_EDGE('',*,*,#3156,.F.);
#3156 = EDGE_CURVE('',#3133,#2485,#3157,.T.);
#3157 = SURFACE_CURVE('',#3158,(#3163,#3170),.PCURVE_S1.);
#3158 = CIRCLE('',#3159,1.);
#3159 = AXIS2_PLACEMENT_3D('',#3160,#3161,#3162);
#3160 = CARTESIAN_POINT('',(51.,5.800000011921,135.00003504753));
#3161 = DIRECTION('',(0.,-1.,0.));
#3162 = DIRECTION('',(1.,0.,0.));
#3163 = PCURVE('',#2275,#3164);
#3164 = DEFINITIONAL_REPRESENTATION('',(#3165),#3169);
#3165 = LINE('',#3166,#3167);
#3166 = CARTESIAN_POINT('',(-0.,3.14159265359));
#3167 = VECTOR('',#3168,1.);
#3168 = DIRECTION('',(-1.,0.));
#3169 = ( GEOMETRIC_REPRESENTATION_CONTEXT(2) 
PARAMETRIC_REPRESENTATION_CONTEXT() REPRESENTATION_CONTEXT('2D SPACE',''
  ) );
#3170 = PCURVE('',#2500,#3171);
#3171 = DEFINITIONAL_REPRESENTATION('',(#3172),#3176);
#3172 = LINE('',#3173,#3174);
#3173 = CARTESIAN_POINT('',(-0.,0.800000011921));
#3174 = VECTOR('',#3175,1.);
#3175 = DIRECTION('',(-1.,0.));
#3176 = ( GEOMETRIC_REPRESENTATION_CONTEXT(2) 
PARAMETRIC_REPRESENTATION_CONTEXT() REPRESENTATION_CONTEXT('2D SPACE',''
  ) );
#3177 = ADVANCED_FACE('',(#3178),#2303,.T.);
#3178 = FACE_BOUND('',#3179,.T.);
#3179 = EDGE_LOOP('',(#3180,#3202,#3223,#3224));
#3180 = ORIENTED_EDGE('',*,*,#3181,.T.);
#3181 = EDGE_CURVE('',#2288,#3182,#3184,.T.);
#3182 = VERTEX_POINT('',#3183);
#3183 = CARTESIAN_POINT('',(52.,5.800000011921,124.00003504753));
#3184 = SURFACE_CURVE('',#3185,(#3190,#3196),.PCURVE_S1.);
#3185 = CIRCLE('',#3186,0.199999988079);
#3186 = AXIS2_PLACEMENT_3D('',#3187,#3188,#3189);
#3187 = CARTESIAN_POINT('',(52.199999988079,5.800000011921,
    124.00003504753));
#3188 = DIRECTION('',(6.123233995737E-17,0.,1.));
#3189 = DIRECTION('',(1.,0.,-6.123233995737E-17));
#3190 = PCURVE('',#2303,#3191);
#3191 = DEFINITIONAL_REPRESENTATION('',(#3192),#3195);
#3192 = B_SPLINE_CURVE_WITH_KNOTS('',1,(#3193,#3194),.UNSPECIFIED.,.F.,
  .F.,(2,2),(1.570796326795,3.14159265359),.PIECEWISE_BEZIER_KNOTS.);
#3193 = CARTESIAN_POINT('',(0.,0.));
#3194 = CARTESIAN_POINT('',(1.570796326795,0.));
#3195 = ( GEOMETRIC_REPRESENTATION_CONTEXT(2) 
PARAMETRIC_REPRESENTATION_CONTEXT() REPRESENTATION_CONTEXT('2D SPACE',''
  ) );
#3196 = PCURVE('',#2332,#3197);
#3197 = DEFINITIONAL_REPRESENTATION('',(#3198),#3201);
#3198 = B_SPLINE_CURVE_WITH_KNOTS('',1,(#3199,#3200),.UNSPECIFIED.,.F.,
  .F.,(2,2),(1.570796326795,3.14159265359),.PIECEWISE_BEZIER_KNOTS.);
#3199 = CARTESIAN_POINT('',(-1.570796326795,1.570796326795));
#3200 = CARTESIAN_POINT('',(-1.570796326795,3.14159265359));
#3201 = ( GEOMETRIC_REPRESENTATION_CONTEXT(2) 
PARAMETRIC_REPRESENTATION_CONTEXT() REPRESENTATION_CONTEXT('2D SPACE',''
  ) );
#3202 = ORIENTED_EDGE('',*,*,#3203,.T.);
#3203 = EDGE_CURVE('',#3182,#3133,#3204,.T.);
#3204 = SURFACE_CURVE('',#3205,(#3209,#3216),.PCURVE_S1.);
#3205 = LINE('',#3206,#3207);
#3206 = CARTESIAN_POINT('',(52.,5.800000011921,124.00003504753));
#3207 = VECTOR('',#3208,1.);
#3208 = DIRECTION('',(1.224646799147E-16,0.,1.));
#3209 = PCURVE('',#2303,#3210);
#3210 = DEFINITIONAL_REPRESENTATION('',(#3211),#3215);
#3211 = LINE('',#3212,#3213);
#3212 = CARTESIAN_POINT('',(1.570796326795,0.));
#3213 = VECTOR('',#3214,1.);
#3214 = DIRECTION('',(0.,1.));
#3215 = ( GEOMETRIC_REPRESENTATION_CONTEXT(2) 
PARAMETRIC_REPRESENTATION_CONTEXT() REPRESENTATION_CONTEXT('2D SPACE',''
  ) );
#3216 = PCURVE('',#2825,#3217);
#3217 = DEFINITIONAL_REPRESENTATION('',(#3218),#3222);
#3218 = LINE('',#3219,#3220);
#3219 = CARTESIAN_POINT('',(1.,-0.800000011921));
#3220 = VECTOR('',#3221,1.);
#3221 = DIRECTION('',(1.,0.));
#3222 = ( GEOMETRIC_REPRESENTATION_CONTEXT(2) 
PARAMETRIC_REPRESENTATION_CONTEXT() REPRESENTATION_CONTEXT('2D SPACE',''
  ) );
#3223 = ORIENTED_EDGE('',*,*,#3132,.F.);
#3224 = ORIENTED_EDGE('',*,*,#2287,.F.);
#3225 = ADVANCED_FACE('',(#3226),#2332,.T.);
#3226 = FACE_BOUND('',#3227,.F.);
#3227 = EDGE_LOOP('',(#3228,#3250,#3251,#3252));
#3228 = ORIENTED_EDGE('',*,*,#3229,.F.);
#3229 = EDGE_CURVE('',#2316,#3230,#3232,.T.);
#3230 = VERTEX_POINT('',#3231);
#3231 = CARTESIAN_POINT('',(51.,5.800000011921,123.00003504753));
#3232 = SURFACE_CURVE('',#3233,(#3238,#3244),.PCURVE_S1.);
#3233 = CIRCLE('',#3234,0.199999988079);
#3234 = AXIS2_PLACEMENT_3D('',#3235,#3236,#3237);
#3235 = CARTESIAN_POINT('',(51.,5.800000011921,122.80003505945));
#3236 = DIRECTION('',(1.,0.,-1.224646799147E-16));
#3237 = DIRECTION('',(0.,1.,0.));
#3238 = PCURVE('',#2332,#3239);
#3239 = DEFINITIONAL_REPRESENTATION('',(#3240),#3243);
#3240 = B_SPLINE_CURVE_WITH_KNOTS('',1,(#3241,#3242),.UNSPECIFIED.,.F.,
  .F.,(2,2),(0.,1.570796326795),.PIECEWISE_BEZIER_KNOTS.);
#3241 = CARTESIAN_POINT('',(0.,1.570796326795));
#3242 = CARTESIAN_POINT('',(0.,3.14159265359));
#3243 = ( GEOMETRIC_REPRESENTATION_CONTEXT(2) 
PARAMETRIC_REPRESENTATION_CONTEXT() REPRESENTATION_CONTEXT('2D SPACE',''
  ) );
#3244 = PCURVE('',#2360,#3245);
#3245 = DEFINITIONAL_REPRESENTATION('',(#3246),#3249);
#3246 = B_SPLINE_CURVE_WITH_KNOTS('',1,(#3247,#3248),.UNSPECIFIED.,.F.,
  .F.,(2,2),(0.,1.570796326795),.PIECEWISE_BEZIER_KNOTS.);
#3247 = CARTESIAN_POINT('',(0.,1.));
#3248 = CARTESIAN_POINT('',(1.570796326795,1.));
#3249 = ( GEOMETRIC_REPRESENTATION_CONTEXT(2) 
PARAMETRIC_REPRESENTATION_CONTEXT() REPRESENTATION_CONTEXT('2D SPACE',''
  ) );
#3250 = ORIENTED_EDGE('',*,*,#2315,.T.);
#3251 = ORIENTED_EDGE('',*,*,#3181,.T.);
#3252 = ORIENTED_EDGE('',*,*,#3253,.F.);
#3253 = EDGE_CURVE('',#3230,#3182,#3254,.T.);
#3254 = SURFACE_CURVE('',#3255,(#3260,#3267),.PCURVE_S1.);
#3255 = CIRCLE('',#3256,1.);
#3256 = AXIS2_PLACEMENT_3D('',#3257,#3258,#3259);
#3257 = CARTESIAN_POINT('',(51.,5.800000011921,124.00003504753));
#3258 = DIRECTION('',(0.,-1.,0.));
#3259 = DIRECTION('',(0.,0.,-1.));
#3260 = PCURVE('',#2332,#3261);
#3261 = DEFINITIONAL_REPRESENTATION('',(#3262),#3266);
#3262 = LINE('',#3263,#3264);
#3263 = CARTESIAN_POINT('',(-0.,3.14159265359));
#3264 = VECTOR('',#3265,1.);
#3265 = DIRECTION('',(-1.,0.));
#3266 = ( GEOMETRIC_REPRESENTATION_CONTEXT(2) 
PARAMETRIC_REPRESENTATION_CONTEXT() REPRESENTATION_CONTEXT('2D SPACE',''
  ) );
#3267 = PCURVE('',#2881,#3268);
#3268 = DEFINITIONAL_REPRESENTATION('',(#3269),#3273);
#3269 = LINE('',#3270,#3271);
#3270 = CARTESIAN_POINT('',(-0.,0.800000011921));
#3271 = VECTOR('',#3272,1.);
#3272 = DIRECTION('',(-1.,0.));
#3273 = ( GEOMETRIC_REPRESENTATION_CONTEXT(2) 
PARAMETRIC_REPRESENTATION_CONTEXT() REPRESENTATION_CONTEXT('2D SPACE',''
  ) );
#3274 = ADVANCED_FACE('',(#3275),#2444,.T.);
#3275 = FACE_BOUND('',#3276,.T.);
#3276 = EDGE_LOOP('',(#3277,#3278,#3279,#3299));
#3277 = ORIENTED_EDGE('',*,*,#2638,.F.);
#3278 = ORIENTED_EDGE('',*,*,#2715,.T.);
#3279 = ORIENTED_EDGE('',*,*,#3280,.T.);
#3280 = EDGE_CURVE('',#2688,#2396,#3281,.T.);
#3281 = SURFACE_CURVE('',#3282,(#3287,#3293),.PCURVE_S1.);
#3282 = CIRCLE('',#3283,0.199999988079);
#3283 = AXIS2_PLACEMENT_3D('',#3284,#3285,#3286);
#3284 = CARTESIAN_POINT('',(51.,5.800000011921,122.20003503561));
#3285 = DIRECTION('',(1.,0.,2.832769448824E-16));
#3286 = DIRECTION('',(2.832769448824E-16,0.,-1.));
#3287 = PCURVE('',#2444,#3288);
#3288 = DEFINITIONAL_REPRESENTATION('',(#3289),#3292);
#3289 = B_SPLINE_CURVE_WITH_KNOTS('',1,(#3290,#3291),.UNSPECIFIED.,.F.,
  .F.,(2,2),(0.,1.570796326795),.PIECEWISE_BEZIER_KNOTS.);
#3290 = CARTESIAN_POINT('',(1.570796326795,0.));
#3291 = CARTESIAN_POINT('',(1.570796326795,1.570796326795));
#3292 = ( GEOMETRIC_REPRESENTATION_CONTEXT(2) 
PARAMETRIC_REPRESENTATION_CONTEXT() REPRESENTATION_CONTEXT('2D SPACE',''
  ) );
#3293 = PCURVE('',#2411,#3294);
#3294 = DEFINITIONAL_REPRESENTATION('',(#3295),#3298);
#3295 = B_SPLINE_CURVE_WITH_KNOTS('',1,(#3296,#3297),.UNSPECIFIED.,.F.,
  .F.,(2,2),(0.,1.570796326795),.PIECEWISE_BEZIER_KNOTS.);
#3296 = CARTESIAN_POINT('',(0.,0.));
#3297 = CARTESIAN_POINT('',(-1.570796326795,0.));
#3298 = ( GEOMETRIC_REPRESENTATION_CONTEXT(2) 
PARAMETRIC_REPRESENTATION_CONTEXT() REPRESENTATION_CONTEXT('2D SPACE',''
  ) );
#3299 = ORIENTED_EDGE('',*,*,#2423,.F.);
#3300 = ADVANCED_FACE('',(#3301),#2360,.T.);
#3301 = FACE_BOUND('',#3302,.T.);
#3302 = EDGE_LOOP('',(#3303,#3304,#3325,#3326));
#3303 = ORIENTED_EDGE('',*,*,#3081,.T.);
#3304 = ORIENTED_EDGE('',*,*,#3305,.T.);
#3305 = EDGE_CURVE('',#3082,#3230,#3306,.T.);
#3306 = SURFACE_CURVE('',#3307,(#3311,#3318),.PCURVE_S1.);
#3307 = LINE('',#3308,#3309);
#3308 = CARTESIAN_POINT('',(50.,5.800000011921,123.00003504753));
#3309 = VECTOR('',#3310,1.);
#3310 = DIRECTION('',(1.,0.,-1.224646799147E-16));
#3311 = PCURVE('',#2360,#3312);
#3312 = DEFINITIONAL_REPRESENTATION('',(#3313),#3317);
#3313 = LINE('',#3314,#3315);
#3314 = CARTESIAN_POINT('',(1.570796326795,0.));
#3315 = VECTOR('',#3316,1.);
#3316 = DIRECTION('',(0.,1.));
#3317 = ( GEOMETRIC_REPRESENTATION_CONTEXT(2) 
PARAMETRIC_REPRESENTATION_CONTEXT() REPRESENTATION_CONTEXT('2D SPACE',''
  ) );
#3318 = PCURVE('',#2964,#3319);
#3319 = DEFINITIONAL_REPRESENTATION('',(#3320),#3324);
#3320 = LINE('',#3321,#3322);
#3321 = CARTESIAN_POINT('',(0.,-0.800000011921));
#3322 = VECTOR('',#3323,1.);
#3323 = DIRECTION('',(1.,0.));
#3324 = ( GEOMETRIC_REPRESENTATION_CONTEXT(2) 
PARAMETRIC_REPRESENTATION_CONTEXT() REPRESENTATION_CONTEXT('2D SPACE',''
  ) );
#3325 = ORIENTED_EDGE('',*,*,#3229,.F.);
#3326 = ORIENTED_EDGE('',*,*,#2344,.F.);
#3327 = ADVANCED_FACE('',(#3328),#2411,.T.);
#3328 = FACE_BOUND('',#3329,.F.);
#3329 = EDGE_LOOP('',(#3330,#3331,#3332,#3333));
#3330 = ORIENTED_EDGE('',*,*,#3280,.T.);
#3331 = ORIENTED_EDGE('',*,*,#2395,.T.);
#3332 = ORIENTED_EDGE('',*,*,#3058,.F.);
#3333 = ORIENTED_EDGE('',*,*,#3334,.F.);
#3334 = EDGE_CURVE('',#2688,#3036,#3335,.T.);
#3335 = SURFACE_CURVE('',#3336,(#3340,#3347),.PCURVE_S1.);
#3336 = LINE('',#3337,#3338);
#3337 = CARTESIAN_POINT('',(51.,5.800000011921,122.00003504753));
#3338 = VECTOR('',#3339,1.);
#3339 = DIRECTION('',(-1.,-0.,-0.));
#3340 = PCURVE('',#2411,#3341);
#3341 = DEFINITIONAL_REPRESENTATION('',(#3342),#3346);
#3342 = LINE('',#3343,#3344);
#3343 = CARTESIAN_POINT('',(-0.,0.));
#3344 = VECTOR('',#3345,1.);
#3345 = DIRECTION('',(-0.,1.));
#3346 = ( GEOMETRIC_REPRESENTATION_CONTEXT(2) 
PARAMETRIC_REPRESENTATION_CONTEXT() REPRESENTATION_CONTEXT('2D SPACE',''
  ) );
#3347 = PCURVE('',#2703,#3348);
#3348 = DEFINITIONAL_REPRESENTATION('',(#3349),#3353);
#3349 = LINE('',#3350,#3351);
#3350 = CARTESIAN_POINT('',(2.,-0.800000011921));
#3351 = VECTOR('',#3352,1.);
#3352 = DIRECTION('',(1.,0.));
#3353 = ( GEOMETRIC_REPRESENTATION_CONTEXT(2) 
PARAMETRIC_REPRESENTATION_CONTEXT() REPRESENTATION_CONTEXT('2D SPACE',''
  ) );
#3354 = ADVANCED_FACE('',(#3355),#2500,.F.);
#3355 = FACE_BOUND('',#3356,.T.);
#3356 = EDGE_LOOP('',(#3357,#3378,#3379,#3380));
#3357 = ORIENTED_EDGE('',*,*,#3358,.F.);
#3358 = EDGE_CURVE('',#2741,#3133,#3359,.T.);
#3359 = SURFACE_CURVE('',#3360,(#3364,#3371),.PCURVE_S1.);
#3360 = LINE('',#3361,#3362);
#3361 = CARTESIAN_POINT('',(52.,5.,135.00003504753));
#3362 = VECTOR('',#3363,1.);
#3363 = DIRECTION('',(-0.,1.,-0.));
#3364 = PCURVE('',#2500,#3365);
#3365 = DEFINITIONAL_REPRESENTATION('',(#3366),#3370);
#3366 = LINE('',#3367,#3368);
#3367 = CARTESIAN_POINT('',(-0.,0.));
#3368 = VECTOR('',#3369,1.);
#3369 = DIRECTION('',(-0.,1.));
#3370 = ( GEOMETRIC_REPRESENTATION_CONTEXT(2) 
PARAMETRIC_REPRESENTATION_CONTEXT() REPRESENTATION_CONTEXT('2D SPACE',''
  ) );
#3371 = PCURVE('',#2825,#3372);
#3372 = DEFINITIONAL_REPRESENTATION('',(#3373),#3377);
#3373 = LINE('',#3374,#3375);
#3374 = CARTESIAN_POINT('',(12.,0.));
#3375 = VECTOR('',#3376,1.);
#3376 = DIRECTION('',(0.,-1.));
#3377 = ( GEOMETRIC_REPRESENTATION_CONTEXT(2) 
PARAMETRIC_REPRESENTATION_CONTEXT() REPRESENTATION_CONTEXT('2D SPACE',''
  ) );
#3378 = ORIENTED_EDGE('',*,*,#2764,.T.);
#3379 = ORIENTED_EDGE('',*,*,#2482,.T.);
#3380 = ORIENTED_EDGE('',*,*,#3156,.F.);
#3381 = ADVANCED_FACE('',(#3382),#2703,.F.);
#3382 = FACE_BOUND('',#3383,.F.);
#3383 = EDGE_LOOP('',(#3384,#3385,#3386,#3387));
#3384 = ORIENTED_EDGE('',*,*,#2687,.T.);
#3385 = ORIENTED_EDGE('',*,*,#3334,.T.);
#3386 = ORIENTED_EDGE('',*,*,#3035,.F.);
#3387 = ORIENTED_EDGE('',*,*,#3011,.F.);
#3388 = ADVANCED_FACE('',(#3389),#2825,.F.);
#3389 = FACE_BOUND('',#3390,.F.);
#3390 = EDGE_LOOP('',(#3391,#3412,#3413,#3414));
#3391 = ORIENTED_EDGE('',*,*,#3392,.T.);
#3392 = EDGE_CURVE('',#2790,#3182,#3393,.T.);
#3393 = SURFACE_CURVE('',#3394,(#3398,#3405),.PCURVE_S1.);
#3394 = LINE('',#3395,#3396);
#3395 = CARTESIAN_POINT('',(52.,5.,124.00003504753));
#3396 = VECTOR('',#3397,1.);
#3397 = DIRECTION('',(-0.,1.,-0.));
#3398 = PCURVE('',#2825,#3399);
#3399 = DEFINITIONAL_REPRESENTATION('',(#3400),#3404);
#3400 = LINE('',#3401,#3402);
#3401 = CARTESIAN_POINT('',(1.,0.));
#3402 = VECTOR('',#3403,1.);
#3403 = DIRECTION('',(0.,-1.));
#3404 = ( GEOMETRIC_REPRESENTATION_CONTEXT(2) 
PARAMETRIC_REPRESENTATION_CONTEXT() REPRESENTATION_CONTEXT('2D SPACE',''
  ) );
#3405 = PCURVE('',#2881,#3406);
#3406 = DEFINITIONAL_REPRESENTATION('',(#3407),#3411);
#3407 = LINE('',#3408,#3409);
#3408 = CARTESIAN_POINT('',(-1.570796326795,0.));
#3409 = VECTOR('',#3410,1.);
#3410 = DIRECTION('',(-0.,1.));
#3411 = ( GEOMETRIC_REPRESENTATION_CONTEXT(2) 
PARAMETRIC_REPRESENTATION_CONTEXT() REPRESENTATION_CONTEXT('2D SPACE',''
  ) );
#3412 = ORIENTED_EDGE('',*,*,#3203,.T.);
#3413 = ORIENTED_EDGE('',*,*,#3358,.F.);
#3414 = ORIENTED_EDGE('',*,*,#2811,.F.);
#3415 = ADVANCED_FACE('',(#3416),#2881,.F.);
#3416 = FACE_BOUND('',#3417,.T.);
#3417 = EDGE_LOOP('',(#3418,#3439,#3440,#3441));
#3418 = ORIENTED_EDGE('',*,*,#3419,.F.);
#3419 = EDGE_CURVE('',#2843,#3230,#3420,.T.);
#3420 = SURFACE_CURVE('',#3421,(#3425,#3432),.PCURVE_S1.);
#3421 = LINE('',#3422,#3423);
#3422 = CARTESIAN_POINT('',(51.,5.,123.00003504753));
#3423 = VECTOR('',#3424,1.);
#3424 = DIRECTION('',(-0.,1.,-0.));
#3425 = PCURVE('',#2881,#3426);
#3426 = DEFINITIONAL_REPRESENTATION('',(#3427),#3431);
#3427 = LINE('',#3428,#3429);
#3428 = CARTESIAN_POINT('',(-0.,0.));
#3429 = VECTOR('',#3430,1.);
#3430 = DIRECTION('',(-0.,1.));
#3431 = ( GEOMETRIC_REPRESENTATION_CONTEXT(2) 
PARAMETRIC_REPRESENTATION_CONTEXT() REPRESENTATION_CONTEXT('2D SPACE',''
  ) );
#3432 = PCURVE('',#2964,#3433);
#3433 = DEFINITIONAL_REPRESENTATION('',(#3434),#3438);
#3434 = LINE('',#3435,#3436);
#3435 = CARTESIAN_POINT('',(1.,0.));
#3436 = VECTOR('',#3437,1.);
#3437 = DIRECTION('',(0.,-1.));
#3438 = ( GEOMETRIC_REPRESENTATION_CONTEXT(2) 
PARAMETRIC_REPRESENTATION_CONTEXT() REPRESENTATION_CONTEXT('2D SPACE',''
  ) );
#3439 = ORIENTED_EDGE('',*,*,#2866,.T.);
#3440 = ORIENTED_EDGE('',*,*,#3392,.T.);
#3441 = ORIENTED_EDGE('',*,*,#3253,.F.);
#3442 = ADVANCED_FACE('',(#3443),#2964,.F.);
#3443 = FACE_BOUND('',#3444,.F.);
#3444 = EDGE_LOOP('',(#3445,#3446,#3447,#3448));
#3445 = ORIENTED_EDGE('',*,*,#3419,.F.);
#3446 = ORIENTED_EDGE('',*,*,#2950,.F.);
#3447 = ORIENTED_EDGE('',*,*,#3105,.T.);
#3448 = ORIENTED_EDGE('',*,*,#3305,.T.);
#3449 = ( GEOMETRIC_REPRESENTATION_CONTEXT(3) 
GLOBAL_UNCERTAINTY_ASSIGNED_CONTEXT((#3453)) 
GLOBAL_UNIT_ASSIGNED_CONTEXT((#3450,#3451,#3452)) REPRESENTATION_CONTEXT
('Context #1','3D Context with UNIT and UNCERTAINTY') );
#3450 = ( LENGTH_UNIT() NAMED_UNIT(*) SI_UNIT(.MILLI.,.METRE.) );
#3451 = ( NAMED_UNIT(*) PLANE_ANGLE_UNIT() SI_UNIT($,.RADIAN.) );
#3452 = ( NAMED_UNIT(*) SI_UNIT($,.STERADIAN.) SOLID_ANGLE_UNIT() );
#3453 = UNCERTAINTY_MEASURE_WITH_UNIT(LENGTH_MEASURE(1.E-07),#3450,
  'distance_accuracy_value','confusion accuracy');
#3454 = CONTEXT_DEPENDENT_SHAPE_REPRESENTATION(#3455,#3457);
#3455 = ( REPRESENTATION_RELATIONSHIP('','',#1278,#10) 
REPRESENTATION_RELATIONSHIP_WITH_TRANSFORMATION(#3456) 
SHAPE_REPRESENTATION_RELATIONSHIP() );
#3456 = ITEM_DEFINED_TRANSFORMATION('','',#11,#23);
#3457 = PRODUCT_DEFINITION_SHAPE('Placement','Placement of an item',
  #3458);
#3458 = NEXT_ASSEMBLY_USAGE_OCCURRENCE('3','','',#5,#1273,$);
#3459 = PRODUCT_RELATED_PRODUCT_CATEGORY('part',$,(#1275));
#3460 = SHAPE_DEFINITION_REPRESENTATION(#3461,#3467);
#3461 = PRODUCT_DEFINITION_SHAPE('','',#3462);
#3462 = PRODUCT_DEFINITION('design','',#3463,#3466);
#3463 = PRODUCT_DEFINITION_FORMATION('','',#3464);
#3464 = PRODUCT('Open CASCADE STEP translator 8.0 1.4',
  'Open CASCADE STEP translator 8.0 1.4','',(#3465));
#3465 = PRODUCT_CONTEXT('',#2,'mechanical');
#3466 = PRODUCT_DEFINITION_CONTEXT('part definition',#2,'design');
#3467 = ADVANCED_BREP_SHAPE_REPRESENTATION('',(#11,#3468),#5638);
#3468 = MANIFOLD_SOLID_BREP('',#3469);
#3469 = CLOSED_SHELL('',(#3470,#3590,#3678,#3754,#3834,#3974,#4032,#4090
    ,#4166,#4419,#4667,#4743,#4769,#4795,#4821,#4847,#4925,#4974,#5027,
    #5081,#5107,#5166,#5220,#5317,#5366,#5414,#5463,#5489,#5516,#5543,
    #5570,#5577,#5604,#5631));
#3470 = ADVANCED_FACE('',(#3471),#3485,.F.);
#3471 = FACE_BOUND('',#3472,.F.);
#3472 = EDGE_LOOP('',(#3473,#3508,#3536,#3564));
#3473 = ORIENTED_EDGE('',*,*,#3474,.F.);
#3474 = EDGE_CURVE('',#3475,#3477,#3479,.T.);
#3475 = VERTEX_POINT('',#3476);
#3476 = CARTESIAN_POINT('',(51.,5.199999988079,92.628535032272));
#3477 = VERTEX_POINT('',#3478);
#3478 = CARTESIAN_POINT('',(51.,5.800000011921,92.628535032272));
#3479 = SURFACE_CURVE('',#3480,(#3484,#3496),.PCURVE_S1.);
#3480 = LINE('',#3481,#3482);
#3481 = CARTESIAN_POINT('',(51.,5.,92.628535032272));
#3482 = VECTOR('',#3483,1.);
#3483 = DIRECTION('',(-0.,1.,-0.));
#3484 = PCURVE('',#3485,#3490);
#3485 = PLANE('',#3486);
#3486 = AXIS2_PLACEMENT_3D('',#3487,#3488,#3489);
#3487 = CARTESIAN_POINT('',(50.,5.,92.628535032272));
#3488 = DIRECTION('',(-1.224646799147E-16,-0.,-1.));
#3489 = DIRECTION('',(1.,0.,-1.224646799147E-16));
#3490 = DEFINITIONAL_REPRESENTATION('',(#3491),#3495);
#3491 = LINE('',#3492,#3493);
#3492 = CARTESIAN_POINT('',(1.,0.));
#3493 = VECTOR('',#3494,1.);
#3494 = DIRECTION('',(0.,-1.));
#3495 = ( GEOMETRIC_REPRESENTATION_CONTEXT(2) 
PARAMETRIC_REPRESENTATION_CONTEXT() REPRESENTATION_CONTEXT('2D SPACE',''
  ) );
#3496 = PCURVE('',#3497,#3502);
#3497 = CYLINDRICAL_SURFACE('',#3498,2.);
#3498 = AXIS2_PLACEMENT_3D('',#3499,#3500,#3501);
#3499 = CARTESIAN_POINT('',(51.,5.,90.628535032272));
#3500 = DIRECTION('',(-0.,1.,-0.));
#3501 = DIRECTION('',(1.224646799147E-16,0.,1.));
#3502 = DEFINITIONAL_REPRESENTATION('',(#3503),#3507);
#3503 = LINE('',#3504,#3505);
#3504 = CARTESIAN_POINT('',(0.,0.));
#3505 = VECTOR('',#3506,1.);
#3506 = DIRECTION('',(0.,1.));
#3507 = ( GEOMETRIC_REPRESENTATION_CONTEXT(2) 
PARAMETRIC_REPRESENTATION_CONTEXT() REPRESENTATION_CONTEXT('2D SPACE',''
  ) );
#3508 = ORIENTED_EDGE('',*,*,#3509,.F.);
#3509 = EDGE_CURVE('',#3510,#3475,#3512,.T.);
#3510 = VERTEX_POINT('',#3511);
#3511 = CARTESIAN_POINT('',(50.,5.199999988079,92.628535032272));
#3512 = SURFACE_CURVE('',#3513,(#3517,#3524),.PCURVE_S1.);
#3513 = LINE('',#3514,#3515);
#3514 = CARTESIAN_POINT('',(50.,5.199999988079,92.628535032272));
#3515 = VECTOR('',#3516,1.);
#3516 = DIRECTION('',(1.,0.,-1.224646799147E-16));
#3517 = PCURVE('',#3485,#3518);
#3518 = DEFINITIONAL_REPRESENTATION('',(#3519),#3523);
#3519 = LINE('',#3520,#3521);
#3520 = CARTESIAN_POINT('',(0.,-0.199999988079));
#3521 = VECTOR('',#3522,1.);
#3522 = DIRECTION('',(1.,0.));
#3523 = ( GEOMETRIC_REPRESENTATION_CONTEXT(2) 
PARAMETRIC_REPRESENTATION_CONTEXT() REPRESENTATION_CONTEXT('2D SPACE',''
  ) );
#3524 = PCURVE('',#3525,#3530);
#3525 = CYLINDRICAL_SURFACE('',#3526,0.199999988079);
#3526 = AXIS2_PLACEMENT_3D('',#3527,#3528,#3529);
#3527 = CARTESIAN_POINT('',(50.,5.199999988079,92.428535044193));
#3528 = DIRECTION('',(1.,0.,-1.224646799147E-16));
#3529 = DIRECTION('',(1.224646799147E-16,0.,1.));
#3530 = DEFINITIONAL_REPRESENTATION('',(#3531),#3535);
#3531 = LINE('',#3532,#3533);
#3532 = CARTESIAN_POINT('',(0.,0.));
#3533 = VECTOR('',#3534,1.);
#3534 = DIRECTION('',(0.,1.));
#3535 = ( GEOMETRIC_REPRESENTATION_CONTEXT(2) 
PARAMETRIC_REPRESENTATION_CONTEXT() REPRESENTATION_CONTEXT('2D SPACE',''
  ) );
#3536 = ORIENTED_EDGE('',*,*,#3537,.T.);
#3537 = EDGE_CURVE('',#3510,#3538,#3540,.T.);
#3538 = VERTEX_POINT('',#3539);
#3539 = CARTESIAN_POINT('',(50.,5.800000011921,92.628535032272));
#3540 = SURFACE_CURVE('',#3541,(#3545,#3552),.PCURVE_S1.);
#3541 = LINE('',#3542,#3543);
#3542 = CARTESIAN_POINT('',(50.,5.,92.628535032272));
#3543 = VECTOR('',#3544,1.);
#3544 = DIRECTION('',(-0.,1.,-0.));
#3545 = PCURVE('',#3485,#3546);
#3546 = DEFINITIONAL_REPRESENTATION('',(#3547),#3551);
#3547 = LINE('',#3548,#3549);
#3548 = CARTESIAN_POINT('',(0.,0.));
#3549 = VECTOR('',#3550,1.);
#3550 = DIRECTION('',(0.,-1.));
#3551 = ( GEOMETRIC_REPRESENTATION_CONTEXT(2) 
PARAMETRIC_REPRESENTATION_CONTEXT() REPRESENTATION_CONTEXT('2D SPACE',''
  ) );
#3552 = PCURVE('',#3553,#3558);
#3553 = PLANE('',#3554);
#3554 = AXIS2_PLACEMENT_3D('',#3555,#3556,#3557);
#3555 = CARTESIAN_POINT('',(50.,5.,91.628535032272));
#3556 = DIRECTION('',(1.,0.,-1.224646799147E-16));
#3557 = DIRECTION('',(1.224646799147E-16,0.,1.));
#3558 = DEFINITIONAL_REPRESENTATION('',(#3559),#3563);
#3559 = LINE('',#3560,#3561);
#3560 = CARTESIAN_POINT('',(1.,0.));
#3561 = VECTOR('',#3562,1.);
#3562 = DIRECTION('',(0.,-1.));
#3563 = ( GEOMETRIC_REPRESENTATION_CONTEXT(2) 
PARAMETRIC_REPRESENTATION_CONTEXT() REPRESENTATION_CONTEXT('2D SPACE',''
  ) );
#3564 = ORIENTED_EDGE('',*,*,#3565,.T.);
#3565 = EDGE_CURVE('',#3538,#3477,#3566,.T.);
#3566 = SURFACE_CURVE('',#3567,(#3571,#3578),.PCURVE_S1.);
#3567 = LINE('',#3568,#3569);
#3568 = CARTESIAN_POINT('',(50.,5.800000011921,92.628535032272));
#3569 = VECTOR('',#3570,1.);
#3570 = DIRECTION('',(1.,0.,-1.224646799147E-16));
#3571 = PCURVE('',#3485,#3572);
#3572 = DEFINITIONAL_REPRESENTATION('',(#3573),#3577);
#3573 = LINE('',#3574,#3575);
#3574 = CARTESIAN_POINT('',(0.,-0.800000011921));
#3575 = VECTOR('',#3576,1.);
#3576 = DIRECTION('',(1.,0.));
#3577 = ( GEOMETRIC_REPRESENTATION_CONTEXT(2) 
PARAMETRIC_REPRESENTATION_CONTEXT() REPRESENTATION_CONTEXT('2D SPACE',''
  ) );
#3578 = PCURVE('',#3579,#3584);
#3579 = CYLINDRICAL_SURFACE('',#3580,0.199999988079);
#3580 = AXIS2_PLACEMENT_3D('',#3581,#3582,#3583);
#3581 = CARTESIAN_POINT('',(50.,5.800000011921,92.428535044193));
#3582 = DIRECTION('',(1.,0.,-1.224646799147E-16));
#3583 = DIRECTION('',(1.224646799147E-16,0.,1.));
#3584 = DEFINITIONAL_REPRESENTATION('',(#3585),#3589);
#3585 = LINE('',#3586,#3587);
#3586 = CARTESIAN_POINT('',(-0.,0.));
#3587 = VECTOR('',#3588,1.);
#3588 = DIRECTION('',(-0.,1.));
#3589 = ( GEOMETRIC_REPRESENTATION_CONTEXT(2) 
PARAMETRIC_REPRESENTATION_CONTEXT() REPRESENTATION_CONTEXT('2D SPACE',''
  ) );
#3590 = ADVANCED_FACE('',(#3591),#3497,.T.);
#3591 = FACE_BOUND('',#3592,.T.);
#3592 = EDGE_LOOP('',(#3593,#3594,#3623,#3651));
#3593 = ORIENTED_EDGE('',*,*,#3474,.F.);
#3594 = ORIENTED_EDGE('',*,*,#3595,.T.);
#3595 = EDGE_CURVE('',#3475,#3596,#3598,.T.);
#3596 = VERTEX_POINT('',#3597);
#3597 = CARTESIAN_POINT('',(53.,5.199999988079,90.628535032272));
#3598 = SURFACE_CURVE('',#3599,(#3604,#3611),.PCURVE_S1.);
#3599 = CIRCLE('',#3600,2.);
#3600 = AXIS2_PLACEMENT_3D('',#3601,#3602,#3603);
#3601 = CARTESIAN_POINT('',(51.,5.199999988079,90.628535032272));
#3602 = DIRECTION('',(-0.,1.,0.));
#3603 = DIRECTION('',(0.,0.,1.));
#3604 = PCURVE('',#3497,#3605);
#3605 = DEFINITIONAL_REPRESENTATION('',(#3606),#3610);
#3606 = LINE('',#3607,#3608);
#3607 = CARTESIAN_POINT('',(0.,0.199999988079));
#3608 = VECTOR('',#3609,1.);
#3609 = DIRECTION('',(1.,0.));
#3610 = ( GEOMETRIC_REPRESENTATION_CONTEXT(2) 
PARAMETRIC_REPRESENTATION_CONTEXT() REPRESENTATION_CONTEXT('2D SPACE',''
  ) );
#3611 = PCURVE('',#3612,#3617);
#3612 = TOROIDAL_SURFACE('',#3613,1.800000011921,0.199999988079);
#3613 = AXIS2_PLACEMENT_3D('',#3614,#3615,#3616);
#3614 = CARTESIAN_POINT('',(51.,5.199999988079,90.628535032272));
#3615 = DIRECTION('',(0.,-1.,0.));
#3616 = DIRECTION('',(0.,0.,1.));
#3617 = DEFINITIONAL_REPRESENTATION('',(#3618),#3622);
#3618 = LINE('',#3619,#3620);
#3619 = CARTESIAN_POINT('',(-0.,0.));
#3620 = VECTOR('',#3621,1.);
#3621 = DIRECTION('',(-1.,0.));
#3622 = ( GEOMETRIC_REPRESENTATION_CONTEXT(2) 
PARAMETRIC_REPRESENTATION_CONTEXT() REPRESENTATION_CONTEXT('2D SPACE',''
  ) );
#3623 = ORIENTED_EDGE('',*,*,#3624,.T.);
#3624 = EDGE_CURVE('',#3596,#3625,#3627,.T.);
#3625 = VERTEX_POINT('',#3626);
#3626 = CARTESIAN_POINT('',(53.,5.800000011921,90.628535032272));
#3627 = SURFACE_CURVE('',#3628,(#3632,#3639),.PCURVE_S1.);
#3628 = LINE('',#3629,#3630);
#3629 = CARTESIAN_POINT('',(53.,5.,90.628535032272));
#3630 = VECTOR('',#3631,1.);
#3631 = DIRECTION('',(-0.,1.,-0.));
#3632 = PCURVE('',#3497,#3633);
#3633 = DEFINITIONAL_REPRESENTATION('',(#3634),#3638);
#3634 = LINE('',#3635,#3636);
#3635 = CARTESIAN_POINT('',(1.570796326795,0.));
#3636 = VECTOR('',#3637,1.);
#3637 = DIRECTION('',(0.,1.));
#3638 = ( GEOMETRIC_REPRESENTATION_CONTEXT(2) 
PARAMETRIC_REPRESENTATION_CONTEXT() REPRESENTATION_CONTEXT('2D SPACE',''
  ) );
#3639 = PCURVE('',#3640,#3645);
#3640 = PLANE('',#3641);
#3641 = AXIS2_PLACEMENT_3D('',#3642,#3643,#3644);
#3642 = CARTESIAN_POINT('',(53.,5.,92.628535032272));
#3643 = DIRECTION('',(-1.,0.,2.449293598295E-16));
#3644 = DIRECTION('',(-2.449293598295E-16,0.,-1.));
#3645 = DEFINITIONAL_REPRESENTATION('',(#3646),#3650);
#3646 = LINE('',#3647,#3648);
#3647 = CARTESIAN_POINT('',(2.,0.));
#3648 = VECTOR('',#3649,1.);
#3649 = DIRECTION('',(0.,-1.));
#3650 = ( GEOMETRIC_REPRESENTATION_CONTEXT(2) 
PARAMETRIC_REPRESENTATION_CONTEXT() REPRESENTATION_CONTEXT('2D SPACE',''
  ) );
#3651 = ORIENTED_EDGE('',*,*,#3652,.F.);
#3652 = EDGE_CURVE('',#3477,#3625,#3653,.T.);
#3653 = SURFACE_CURVE('',#3654,(#3659,#3666),.PCURVE_S1.);
#3654 = CIRCLE('',#3655,2.);
#3655 = AXIS2_PLACEMENT_3D('',#3656,#3657,#3658);
#3656 = CARTESIAN_POINT('',(51.,5.800000011921,90.628535032272));
#3657 = DIRECTION('',(-0.,1.,0.));
#3658 = DIRECTION('',(0.,0.,1.));
#3659 = PCURVE('',#3497,#3660);
#3660 = DEFINITIONAL_REPRESENTATION('',(#3661),#3665);
#3661 = LINE('',#3662,#3663);
#3662 = CARTESIAN_POINT('',(0.,0.800000011921));
#3663 = VECTOR('',#3664,1.);
#3664 = DIRECTION('',(1.,0.));
#3665 = ( GEOMETRIC_REPRESENTATION_CONTEXT(2) 
PARAMETRIC_REPRESENTATION_CONTEXT() REPRESENTATION_CONTEXT('2D SPACE',''
  ) );
#3666 = PCURVE('',#3667,#3672);
#3667 = TOROIDAL_SURFACE('',#3668,1.800000011921,0.199999988079);
#3668 = AXIS2_PLACEMENT_3D('',#3669,#3670,#3671);
#3669 = CARTESIAN_POINT('',(51.,5.800000011921,90.628535032272));
#3670 = DIRECTION('',(-0.,1.,-0.));
#3671 = DIRECTION('',(0.,0.,1.));
#3672 = DEFINITIONAL_REPRESENTATION('',(#3673),#3677);
#3673 = LINE('',#3674,#3675);
#3674 = CARTESIAN_POINT('',(0.,0.));
#3675 = VECTOR('',#3676,1.);
#3676 = DIRECTION('',(1.,0.));
#3677 = ( GEOMETRIC_REPRESENTATION_CONTEXT(2) 
PARAMETRIC_REPRESENTATION_CONTEXT() REPRESENTATION_CONTEXT('2D SPACE',''
  ) );
#3678 = ADVANCED_FACE('',(#3679),#3525,.T.);
#3679 = FACE_BOUND('',#3680,.T.);
#3680 = EDGE_LOOP('',(#3681,#3705,#3733,#3753));
#3681 = ORIENTED_EDGE('',*,*,#3682,.T.);
#3682 = EDGE_CURVE('',#3510,#3683,#3685,.T.);
#3683 = VERTEX_POINT('',#3684);
#3684 = CARTESIAN_POINT('',(50.,5.,92.428535044193));
#3685 = SURFACE_CURVE('',#3686,(#3691,#3698),.PCURVE_S1.);
#3686 = CIRCLE('',#3687,0.199999988079);
#3687 = AXIS2_PLACEMENT_3D('',#3688,#3689,#3690);
#3688 = CARTESIAN_POINT('',(50.,5.199999988079,92.428535044193));
#3689 = DIRECTION('',(1.,0.,-1.224646799147E-16));
#3690 = DIRECTION('',(1.224646799147E-16,0.,1.));
#3691 = PCURVE('',#3525,#3692);
#3692 = DEFINITIONAL_REPRESENTATION('',(#3693),#3697);
#3693 = LINE('',#3694,#3695);
#3694 = CARTESIAN_POINT('',(0.,0.));
#3695 = VECTOR('',#3696,1.);
#3696 = DIRECTION('',(1.,0.));
#3697 = ( GEOMETRIC_REPRESENTATION_CONTEXT(2) 
PARAMETRIC_REPRESENTATION_CONTEXT() REPRESENTATION_CONTEXT('2D SPACE',''
  ) );
#3698 = PCURVE('',#3553,#3699);
#3699 = DEFINITIONAL_REPRESENTATION('',(#3700),#3704);
#3700 = CIRCLE('',#3701,0.199999988079);
#3701 = AXIS2_PLACEMENT_2D('',#3702,#3703);
#3702 = CARTESIAN_POINT('',(0.800000011921,-0.199999988079));
#3703 = DIRECTION('',(1.,0.));
#3704 = ( GEOMETRIC_REPRESENTATION_CONTEXT(2) 
PARAMETRIC_REPRESENTATION_CONTEXT() REPRESENTATION_CONTEXT('2D SPACE',''
  ) );
#3705 = ORIENTED_EDGE('',*,*,#3706,.T.);
#3706 = EDGE_CURVE('',#3683,#3707,#3709,.T.);
#3707 = VERTEX_POINT('',#3708);
#3708 = CARTESIAN_POINT('',(51.,5.,92.428535044193));
#3709 = SURFACE_CURVE('',#3710,(#3714,#3721),.PCURVE_S1.);
#3710 = LINE('',#3711,#3712);
#3711 = CARTESIAN_POINT('',(50.,5.,92.428535044193));
#3712 = VECTOR('',#3713,1.);
#3713 = DIRECTION('',(1.,0.,-1.224646799147E-16));
#3714 = PCURVE('',#3525,#3715);
#3715 = DEFINITIONAL_REPRESENTATION('',(#3716),#3720);
#3716 = LINE('',#3717,#3718);
#3717 = CARTESIAN_POINT('',(1.570796326795,0.));
#3718 = VECTOR('',#3719,1.);
#3719 = DIRECTION('',(0.,1.));
#3720 = ( GEOMETRIC_REPRESENTATION_CONTEXT(2) 
PARAMETRIC_REPRESENTATION_CONTEXT() REPRESENTATION_CONTEXT('2D SPACE',''
  ) );
#3721 = PCURVE('',#3722,#3727);
#3722 = PLANE('',#3723);
#3723 = AXIS2_PLACEMENT_3D('',#3724,#3725,#3726);
#3724 = CARTESIAN_POINT('',(49.,5.,82.24379992485));
#3725 = DIRECTION('',(0.,-1.,0.));
#3726 = DIRECTION('',(0.,-0.,-1.));
#3727 = DEFINITIONAL_REPRESENTATION('',(#3728),#3732);
#3728 = LINE('',#3729,#3730);
#3729 = CARTESIAN_POINT('',(-10.18473511934,1.));
#3730 = VECTOR('',#3731,1.);
#3731 = DIRECTION('',(1.224646799147E-16,1.));
#3732 = ( GEOMETRIC_REPRESENTATION_CONTEXT(2) 
PARAMETRIC_REPRESENTATION_CONTEXT() REPRESENTATION_CONTEXT('2D SPACE',''
  ) );
#3733 = ORIENTED_EDGE('',*,*,#3734,.F.);
#3734 = EDGE_CURVE('',#3475,#3707,#3735,.T.);
#3735 = SURFACE_CURVE('',#3736,(#3741,#3747),.PCURVE_S1.);
#3736 = CIRCLE('',#3737,0.199999988079);
#3737 = AXIS2_PLACEMENT_3D('',#3738,#3739,#3740);
#3738 = CARTESIAN_POINT('',(51.,5.199999988079,92.428535044193));
#3739 = DIRECTION('',(1.,0.,-1.224646799147E-16));
#3740 = DIRECTION('',(1.224646799147E-16,0.,1.));
#3741 = PCURVE('',#3525,#3742);
#3742 = DEFINITIONAL_REPRESENTATION('',(#3743),#3746);
#3743 = B_SPLINE_CURVE_WITH_KNOTS('',1,(#3744,#3745),.UNSPECIFIED.,.F.,
  .F.,(2,2),(0.,1.570796326795),.PIECEWISE_BEZIER_KNOTS.);
#3744 = CARTESIAN_POINT('',(0.,1.));
#3745 = CARTESIAN_POINT('',(1.570796326795,1.));
#3746 = ( GEOMETRIC_REPRESENTATION_CONTEXT(2) 
PARAMETRIC_REPRESENTATION_CONTEXT() REPRESENTATION_CONTEXT('2D SPACE',''
  ) );
#3747 = PCURVE('',#3612,#3748);
#3748 = DEFINITIONAL_REPRESENTATION('',(#3749),#3752);
#3749 = B_SPLINE_CURVE_WITH_KNOTS('',1,(#3750,#3751),.UNSPECIFIED.,.F.,
  .F.,(2,2),(0.,1.570796326795),.PIECEWISE_BEZIER_KNOTS.);
#3750 = CARTESIAN_POINT('',(0.,0.));
#3751 = CARTESIAN_POINT('',(0.,1.570796326795));
#3752 = ( GEOMETRIC_REPRESENTATION_CONTEXT(2) 
PARAMETRIC_REPRESENTATION_CONTEXT() REPRESENTATION_CONTEXT('2D SPACE',''
  ) );
#3753 = ORIENTED_EDGE('',*,*,#3509,.F.);
#3754 = ADVANCED_FACE('',(#3755),#3579,.T.);
#3755 = FACE_BOUND('',#3756,.F.);
#3756 = EDGE_LOOP('',(#3757,#3785,#3813,#3833));
#3757 = ORIENTED_EDGE('',*,*,#3758,.T.);
#3758 = EDGE_CURVE('',#3538,#3759,#3761,.T.);
#3759 = VERTEX_POINT('',#3760);
#3760 = CARTESIAN_POINT('',(50.,6.,92.428535044193));
#3761 = SURFACE_CURVE('',#3762,(#3767,#3774),.PCURVE_S1.);
#3762 = CIRCLE('',#3763,0.199999988079);
#3763 = AXIS2_PLACEMENT_3D('',#3764,#3765,#3766);
#3764 = CARTESIAN_POINT('',(50.,5.800000011921,92.428535044193));
#3765 = DIRECTION('',(-1.,-0.,1.224646799147E-16));
#3766 = DIRECTION('',(1.224646799147E-16,0.,1.));
#3767 = PCURVE('',#3579,#3768);
#3768 = DEFINITIONAL_REPRESENTATION('',(#3769),#3773);
#3769 = LINE('',#3770,#3771);
#3770 = CARTESIAN_POINT('',(-0.,0.));
#3771 = VECTOR('',#3772,1.);
#3772 = DIRECTION('',(-1.,0.));
#3773 = ( GEOMETRIC_REPRESENTATION_CONTEXT(2) 
PARAMETRIC_REPRESENTATION_CONTEXT() REPRESENTATION_CONTEXT('2D SPACE',''
  ) );
#3774 = PCURVE('',#3553,#3775);
#3775 = DEFINITIONAL_REPRESENTATION('',(#3776),#3784);
#3776 = ( BOUNDED_CURVE() B_SPLINE_CURVE(2,(#3777,#3778,#3779,#3780,
#3781,#3782,#3783),.UNSPECIFIED.,.T.,.F.) B_SPLINE_CURVE_WITH_KNOTS((1,2
    ,2,2,2,1),(-2.094395102393,0.,2.094395102393,4.188790204786,
6.28318530718,8.377580409573),.UNSPECIFIED.) CURVE() 
GEOMETRIC_REPRESENTATION_ITEM() RATIONAL_B_SPLINE_CURVE((1.,0.5,1.,0.5,
1.,0.5,1.)) REPRESENTATION_ITEM('') );
#3777 = CARTESIAN_POINT('',(1.,-0.800000011921));
#3778 = CARTESIAN_POINT('',(1.,-1.146410152787));
#3779 = CARTESIAN_POINT('',(0.700000017881,-0.973205082354));
#3780 = CARTESIAN_POINT('',(0.400000035763,-0.800000011921));
#3781 = CARTESIAN_POINT('',(0.700000017881,-0.626794941488));
#3782 = CARTESIAN_POINT('',(1.,-0.453589871055));
#3783 = CARTESIAN_POINT('',(1.,-0.800000011921));
#3784 = ( GEOMETRIC_REPRESENTATION_CONTEXT(2) 
PARAMETRIC_REPRESENTATION_CONTEXT() REPRESENTATION_CONTEXT('2D SPACE',''
  ) );
#3785 = ORIENTED_EDGE('',*,*,#3786,.T.);
#3786 = EDGE_CURVE('',#3759,#3787,#3789,.T.);
#3787 = VERTEX_POINT('',#3788);
#3788 = CARTESIAN_POINT('',(51.,6.,92.428535044193));
#3789 = SURFACE_CURVE('',#3790,(#3794,#3801),.PCURVE_S1.);
#3790 = LINE('',#3791,#3792);
#3791 = CARTESIAN_POINT('',(50.,6.,92.428535044193));
#3792 = VECTOR('',#3793,1.);
#3793 = DIRECTION('',(1.,0.,-1.224646799147E-16));
#3794 = PCURVE('',#3579,#3795);
#3795 = DEFINITIONAL_REPRESENTATION('',(#3796),#3800);
#3796 = LINE('',#3797,#3798);
#3797 = CARTESIAN_POINT('',(-1.570796326795,0.));
#3798 = VECTOR('',#3799,1.);
#3799 = DIRECTION('',(-0.,1.));
#3800 = ( GEOMETRIC_REPRESENTATION_CONTEXT(2) 
PARAMETRIC_REPRESENTATION_CONTEXT() REPRESENTATION_CONTEXT('2D SPACE',''
  ) );
#3801 = PCURVE('',#3802,#3807);
#3802 = PLANE('',#3803);
#3803 = AXIS2_PLACEMENT_3D('',#3804,#3805,#3806);
#3804 = CARTESIAN_POINT('',(49.,6.,82.24379992485));
#3805 = DIRECTION('',(0.,-1.,0.));
#3806 = DIRECTION('',(0.,0.,-1.));
#3807 = DEFINITIONAL_REPRESENTATION('',(#3808),#3812);
#3808 = LINE('',#3809,#3810);
#3809 = CARTESIAN_POINT('',(-10.18473511934,1.));
#3810 = VECTOR('',#3811,1.);
#3811 = DIRECTION('',(1.224646799147E-16,1.));
#3812 = ( GEOMETRIC_REPRESENTATION_CONTEXT(2) 
PARAMETRIC_REPRESENTATION_CONTEXT() REPRESENTATION_CONTEXT('2D SPACE',''
  ) );
#3813 = ORIENTED_EDGE('',*,*,#3814,.F.);
#3814 = EDGE_CURVE('',#3477,#3787,#3815,.T.);
#3815 = SURFACE_CURVE('',#3816,(#3821,#3827),.PCURVE_S1.);
#3816 = CIRCLE('',#3817,0.199999988079);
#3817 = AXIS2_PLACEMENT_3D('',#3818,#3819,#3820);
#3818 = CARTESIAN_POINT('',(51.,5.800000011921,92.428535044193));
#3819 = DIRECTION('',(-1.,-0.,1.224646799147E-16));
#3820 = DIRECTION('',(1.224646799147E-16,0.,1.));
#3821 = PCURVE('',#3579,#3822);
#3822 = DEFINITIONAL_REPRESENTATION('',(#3823),#3826);
#3823 = B_SPLINE_CURVE_WITH_KNOTS('',1,(#3824,#3825),.UNSPECIFIED.,.F.,
  .F.,(2,2),(0.,1.570796326795),.PIECEWISE_BEZIER_KNOTS.);
#3824 = CARTESIAN_POINT('',(0.,1.));
#3825 = CARTESIAN_POINT('',(-1.570796326795,1.));
#3826 = ( GEOMETRIC_REPRESENTATION_CONTEXT(2) 
PARAMETRIC_REPRESENTATION_CONTEXT() REPRESENTATION_CONTEXT('2D SPACE',''
  ) );
#3827 = PCURVE('',#3667,#3828);
#3828 = DEFINITIONAL_REPRESENTATION('',(#3829),#3832);
#3829 = B_SPLINE_CURVE_WITH_KNOTS('',1,(#3830,#3831),.UNSPECIFIED.,.F.,
  .F.,(2,2),(0.,1.570796326795),.PIECEWISE_BEZIER_KNOTS.);
#3830 = CARTESIAN_POINT('',(0.,0.));
#3831 = CARTESIAN_POINT('',(0.,1.570796326795));
#3832 = ( GEOMETRIC_REPRESENTATION_CONTEXT(2) 
PARAMETRIC_REPRESENTATION_CONTEXT() REPRESENTATION_CONTEXT('2D SPACE',''
  ) );
#3833 = ORIENTED_EDGE('',*,*,#3565,.F.);
#3834 = ADVANCED_FACE('',(#3835),#3553,.F.);
#3835 = FACE_BOUND('',#3836,.F.);
#3836 = EDGE_LOOP('',(#3837,#3867,#3900,#3921,#3922,#3923,#3924,#3947));
#3837 = ORIENTED_EDGE('',*,*,#3838,.T.);
#3838 = EDGE_CURVE('',#3839,#3841,#3843,.T.);
#3839 = VERTEX_POINT('',#3840);
#3840 = CARTESIAN_POINT('',(50.,5.199999988079,91.628535032272));
#3841 = VERTEX_POINT('',#3842);
#3842 = CARTESIAN_POINT('',(50.,5.800000011921,91.628535032272));
#3843 = SURFACE_CURVE('',#3844,(#3848,#3855),.PCURVE_S1.);
#3844 = LINE('',#3845,#3846);
#3845 = CARTESIAN_POINT('',(50.,5.,91.628535032272));
#3846 = VECTOR('',#3847,1.);
#3847 = DIRECTION('',(-0.,1.,-0.));
#3848 = PCURVE('',#3553,#3849);
#3849 = DEFINITIONAL_REPRESENTATION('',(#3850),#3854);
#3850 = LINE('',#3851,#3852);
#3851 = CARTESIAN_POINT('',(0.,0.));
#3852 = VECTOR('',#3853,1.);
#3853 = DIRECTION('',(0.,-1.));
#3854 = ( GEOMETRIC_REPRESENTATION_CONTEXT(2) 
PARAMETRIC_REPRESENTATION_CONTEXT() REPRESENTATION_CONTEXT('2D SPACE',''
  ) );
#3855 = PCURVE('',#3856,#3861);
#3856 = PLANE('',#3857);
#3857 = AXIS2_PLACEMENT_3D('',#3858,#3859,#3860);
#3858 = CARTESIAN_POINT('',(52.,5.,91.628535032272));
#3859 = DIRECTION('',(2.449293598295E-16,0.,1.));
#3860 = DIRECTION('',(-1.,0.,2.449293598295E-16));
#3861 = DEFINITIONAL_REPRESENTATION('',(#3862),#3866);
#3862 = LINE('',#3863,#3864);
#3863 = CARTESIAN_POINT('',(2.,0.));
#3864 = VECTOR('',#3865,1.);
#3865 = DIRECTION('',(0.,-1.));
#3866 = ( GEOMETRIC_REPRESENTATION_CONTEXT(2) 
PARAMETRIC_REPRESENTATION_CONTEXT() REPRESENTATION_CONTEXT('2D SPACE',''
  ) );
#3867 = ORIENTED_EDGE('',*,*,#3868,.F.);
#3868 = EDGE_CURVE('',#3869,#3841,#3871,.T.);
#3869 = VERTEX_POINT('',#3870);
#3870 = CARTESIAN_POINT('',(50.,6.,91.828535020351));
#3871 = SURFACE_CURVE('',#3872,(#3877,#3888),.PCURVE_S1.);
#3872 = CIRCLE('',#3873,0.199999988079);
#3873 = AXIS2_PLACEMENT_3D('',#3874,#3875,#3876);
#3874 = CARTESIAN_POINT('',(50.,5.800000011921,91.828535020351));
#3875 = DIRECTION('',(-1.,0.,2.449293598295E-16));
#3876 = DIRECTION('',(-2.449293598295E-16,0.,-1.));
#3877 = PCURVE('',#3553,#3878);
#3878 = DEFINITIONAL_REPRESENTATION('',(#3879),#3887);
#3879 = ( BOUNDED_CURVE() B_SPLINE_CURVE(2,(#3880,#3881,#3882,#3883,
#3884,#3885,#3886),.UNSPECIFIED.,.T.,.F.) B_SPLINE_CURVE_WITH_KNOTS((1,2
    ,2,2,2,1),(-2.094395102393,0.,2.094395102393,4.188790204786,
6.28318530718,8.377580409573),.UNSPECIFIED.) CURVE() 
GEOMETRIC_REPRESENTATION_ITEM() RATIONAL_B_SPLINE_CURVE((1.,0.5,1.,0.5,
1.,0.5,1.)) REPRESENTATION_ITEM('') );
#3880 = CARTESIAN_POINT('',(0.,-0.800000011921));
#3881 = CARTESIAN_POINT('',(0.,-0.453589871055));
#3882 = CARTESIAN_POINT('',(0.299999982119,-0.626794941488));
#3883 = CARTESIAN_POINT('',(0.599999964237,-0.800000011921));
#3884 = CARTESIAN_POINT('',(0.299999982119,-0.973205082354));
#3885 = CARTESIAN_POINT('',(3.053113317719E-16,-1.146410152787));
#3886 = CARTESIAN_POINT('',(0.,-0.800000011921));
#3887 = ( GEOMETRIC_REPRESENTATION_CONTEXT(2) 
PARAMETRIC_REPRESENTATION_CONTEXT() REPRESENTATION_CONTEXT('2D SPACE',''
  ) );
#3888 = PCURVE('',#3889,#3894);
#3889 = CYLINDRICAL_SURFACE('',#3890,0.199999988079);
#3890 = AXIS2_PLACEMENT_3D('',#3891,#3892,#3893);
#3891 = CARTESIAN_POINT('',(51.,5.800000011921,91.828535020351));
#3892 = DIRECTION('',(-1.,0.,2.449293598295E-16));
#3893 = DIRECTION('',(0.,1.,-0.));
#3894 = DEFINITIONAL_REPRESENTATION('',(#3895),#3899);
#3895 = LINE('',#3896,#3897);
#3896 = CARTESIAN_POINT('',(-4.712388980385,1.));
#3897 = VECTOR('',#3898,1.);
#3898 = DIRECTION('',(1.,0.));
#3899 = ( GEOMETRIC_REPRESENTATION_CONTEXT(2) 
PARAMETRIC_REPRESENTATION_CONTEXT() REPRESENTATION_CONTEXT('2D SPACE',''
  ) );
#3900 = ORIENTED_EDGE('',*,*,#3901,.T.);
#3901 = EDGE_CURVE('',#3869,#3759,#3902,.T.);
#3902 = SURFACE_CURVE('',#3903,(#3907,#3914),.PCURVE_S1.);
#3903 = LINE('',#3904,#3905);
#3904 = CARTESIAN_POINT('',(50.,6.,89.864481687546));
#3905 = VECTOR('',#3906,1.);
#3906 = DIRECTION('',(1.224646799147E-16,0.,1.));
#3907 = PCURVE('',#3553,#3908);
#3908 = DEFINITIONAL_REPRESENTATION('',(#3909),#3913);
#3909 = LINE('',#3910,#3911);
#3910 = CARTESIAN_POINT('',(-1.764053344727,-1.));
#3911 = VECTOR('',#3912,1.);
#3912 = DIRECTION('',(1.,0.));
#3913 = ( GEOMETRIC_REPRESENTATION_CONTEXT(2) 
PARAMETRIC_REPRESENTATION_CONTEXT() REPRESENTATION_CONTEXT('2D SPACE',''
  ) );
#3914 = PCURVE('',#3802,#3915);
#3915 = DEFINITIONAL_REPRESENTATION('',(#3916),#3920);
#3916 = LINE('',#3917,#3918);
#3917 = CARTESIAN_POINT('',(-7.620681762695,1.));
#3918 = VECTOR('',#3919,1.);
#3919 = DIRECTION('',(-1.,1.224646799147E-16));
#3920 = ( GEOMETRIC_REPRESENTATION_CONTEXT(2) 
PARAMETRIC_REPRESENTATION_CONTEXT() REPRESENTATION_CONTEXT('2D SPACE',''
  ) );
#3921 = ORIENTED_EDGE('',*,*,#3758,.F.);
#3922 = ORIENTED_EDGE('',*,*,#3537,.F.);
#3923 = ORIENTED_EDGE('',*,*,#3682,.T.);
#3924 = ORIENTED_EDGE('',*,*,#3925,.F.);
#3925 = EDGE_CURVE('',#3926,#3683,#3928,.T.);
#3926 = VERTEX_POINT('',#3927);
#3927 = CARTESIAN_POINT('',(50.,5.,91.828535020351));
#3928 = SURFACE_CURVE('',#3929,(#3933,#3940),.PCURVE_S1.);
#3929 = LINE('',#3930,#3931);
#3930 = CARTESIAN_POINT('',(50.,5.,89.864481687546));
#3931 = VECTOR('',#3932,1.);
#3932 = DIRECTION('',(1.224646799147E-16,0.,1.));
#3933 = PCURVE('',#3553,#3934);
#3934 = DEFINITIONAL_REPRESENTATION('',(#3935),#3939);
#3935 = LINE('',#3936,#3937);
#3936 = CARTESIAN_POINT('',(-1.764053344727,0.));
#3937 = VECTOR('',#3938,1.);
#3938 = DIRECTION('',(1.,0.));
#3939 = ( GEOMETRIC_REPRESENTATION_CONTEXT(2) 
PARAMETRIC_REPRESENTATION_CONTEXT() REPRESENTATION_CONTEXT('2D SPACE',''
  ) );
#3940 = PCURVE('',#3722,#3941);
#3941 = DEFINITIONAL_REPRESENTATION('',(#3942),#3946);
#3942 = LINE('',#3943,#3944);
#3943 = CARTESIAN_POINT('',(-7.620681762695,1.));
#3944 = VECTOR('',#3945,1.);
#3945 = DIRECTION('',(-1.,1.224646799147E-16));
#3946 = ( GEOMETRIC_REPRESENTATION_CONTEXT(2) 
PARAMETRIC_REPRESENTATION_CONTEXT() REPRESENTATION_CONTEXT('2D SPACE',''
  ) );
#3947 = ORIENTED_EDGE('',*,*,#3948,.T.);
#3948 = EDGE_CURVE('',#3926,#3839,#3949,.T.);
#3949 = SURFACE_CURVE('',#3950,(#3955,#3962),.PCURVE_S1.);
#3950 = CIRCLE('',#3951,0.199999988079);
#3951 = AXIS2_PLACEMENT_3D('',#3952,#3953,#3954);
#3952 = CARTESIAN_POINT('',(50.,5.199999988079,91.828535020351));
#3953 = DIRECTION('',(1.,0.,-2.449293598295E-16));
#3954 = DIRECTION('',(-2.449293598295E-16,0.,-1.));
#3955 = PCURVE('',#3553,#3956);
#3956 = DEFINITIONAL_REPRESENTATION('',(#3957),#3961);
#3957 = CIRCLE('',#3958,0.199999988079);
#3958 = AXIS2_PLACEMENT_2D('',#3959,#3960);
#3959 = CARTESIAN_POINT('',(0.199999988079,-0.199999988079));
#3960 = DIRECTION('',(-1.,-0.));
#3961 = ( GEOMETRIC_REPRESENTATION_CONTEXT(2) 
PARAMETRIC_REPRESENTATION_CONTEXT() REPRESENTATION_CONTEXT('2D SPACE',''
  ) );
#3962 = PCURVE('',#3963,#3968);
#3963 = CYLINDRICAL_SURFACE('',#3964,0.199999988079);
#3964 = AXIS2_PLACEMENT_3D('',#3965,#3966,#3967);
#3965 = CARTESIAN_POINT('',(51.,5.199999988079,91.828535020351));
#3966 = DIRECTION('',(-1.,0.,2.449293598295E-16));
#3967 = DIRECTION('',(0.,-1.,0.));
#3968 = DEFINITIONAL_REPRESENTATION('',(#3969),#3973);
#3969 = LINE('',#3970,#3971);
#3970 = CARTESIAN_POINT('',(4.712388980385,1.));
#3971 = VECTOR('',#3972,1.);
#3972 = DIRECTION('',(-1.,0.));
#3973 = ( GEOMETRIC_REPRESENTATION_CONTEXT(2) 
PARAMETRIC_REPRESENTATION_CONTEXT() REPRESENTATION_CONTEXT('2D SPACE',''
  ) );
#3974 = ADVANCED_FACE('',(#3975),#3612,.T.);
#3975 = FACE_BOUND('',#3976,.F.);
#3976 = EDGE_LOOP('',(#3977,#3978,#3979,#4006));
#3977 = ORIENTED_EDGE('',*,*,#3734,.F.);
#3978 = ORIENTED_EDGE('',*,*,#3595,.T.);
#3979 = ORIENTED_EDGE('',*,*,#3980,.T.);
#3980 = EDGE_CURVE('',#3596,#3981,#3983,.T.);
#3981 = VERTEX_POINT('',#3982);
#3982 = CARTESIAN_POINT('',(52.800000011921,5.,90.628535032272));
#3983 = SURFACE_CURVE('',#3984,(#3989,#3995),.PCURVE_S1.);
#3984 = CIRCLE('',#3985,0.199999988079);
#3985 = AXIS2_PLACEMENT_3D('',#3986,#3987,#3988);
#3986 = CARTESIAN_POINT('',(52.800000011921,5.199999988079,
    90.628535032272));
#3987 = DIRECTION('',(-1.608122649677E-16,-0.,-1.));
#3988 = DIRECTION('',(1.,-0.,-1.608122649677E-16));
#3989 = PCURVE('',#3612,#3990);
#3990 = DEFINITIONAL_REPRESENTATION('',(#3991),#3994);
#3991 = B_SPLINE_CURVE_WITH_KNOTS('',1,(#3992,#3993),.UNSPECIFIED.,.F.,
  .F.,(2,2),(0.,1.570796326795),.PIECEWISE_BEZIER_KNOTS.);
#3992 = CARTESIAN_POINT('',(-1.570796326795,0.));
#3993 = CARTESIAN_POINT('',(-1.570796326795,1.570796326795));
#3994 = ( GEOMETRIC_REPRESENTATION_CONTEXT(2) 
PARAMETRIC_REPRESENTATION_CONTEXT() REPRESENTATION_CONTEXT('2D SPACE',''
  ) );
#3995 = PCURVE('',#3996,#4001);
#3996 = CYLINDRICAL_SURFACE('',#3997,0.199999988079);
#3997 = AXIS2_PLACEMENT_3D('',#3998,#3999,#4000);
#3998 = CARTESIAN_POINT('',(52.800000011921,5.199999988079,
    90.628535032272));
#3999 = DIRECTION('',(-2.449293598295E-16,-0.,-1.));
#4000 = DIRECTION('',(1.,-0.,-2.449293598295E-16));
#4001 = DEFINITIONAL_REPRESENTATION('',(#4002),#4005);
#4002 = B_SPLINE_CURVE_WITH_KNOTS('',1,(#4003,#4004),.UNSPECIFIED.,.F.,
  .F.,(2,2),(0.,1.570796326795),.PIECEWISE_BEZIER_KNOTS.);
#4003 = CARTESIAN_POINT('',(0.,0.));
#4004 = CARTESIAN_POINT('',(1.570796326795,0.));
#4005 = ( GEOMETRIC_REPRESENTATION_CONTEXT(2) 
PARAMETRIC_REPRESENTATION_CONTEXT() REPRESENTATION_CONTEXT('2D SPACE',''
  ) );
#4006 = ORIENTED_EDGE('',*,*,#4007,.F.);
#4007 = EDGE_CURVE('',#3707,#3981,#4008,.T.);
#4008 = SURFACE_CURVE('',#4009,(#4014,#4021),.PCURVE_S1.);
#4009 = CIRCLE('',#4010,1.800000011921);
#4010 = AXIS2_PLACEMENT_3D('',#4011,#4012,#4013);
#4011 = CARTESIAN_POINT('',(51.,5.,90.628535032272));
#4012 = DIRECTION('',(-0.,1.,0.));
#4013 = DIRECTION('',(0.,0.,1.));
#4014 = PCURVE('',#3612,#4015);
#4015 = DEFINITIONAL_REPRESENTATION('',(#4016),#4020);
#4016 = LINE('',#4017,#4018);
#4017 = CARTESIAN_POINT('',(-0.,1.570796326795));
#4018 = VECTOR('',#4019,1.);
#4019 = DIRECTION('',(-1.,0.));
#4020 = ( GEOMETRIC_REPRESENTATION_CONTEXT(2) 
PARAMETRIC_REPRESENTATION_CONTEXT() REPRESENTATION_CONTEXT('2D SPACE',''
  ) );
#4021 = PCURVE('',#3722,#4022);
#4022 = DEFINITIONAL_REPRESENTATION('',(#4023),#4031);
#4023 = ( BOUNDED_CURVE() B_SPLINE_CURVE(2,(#4024,#4025,#4026,#4027,
#4028,#4029,#4030),.UNSPECIFIED.,.T.,.F.) B_SPLINE_CURVE_WITH_KNOTS((1,2
    ,2,2,2,1),(-2.094395102393,0.,2.094395102393,4.188790204786,
6.28318530718,8.377580409573),.UNSPECIFIED.) CURVE() 
GEOMETRIC_REPRESENTATION_ITEM() RATIONAL_B_SPLINE_CURVE((1.,0.5,1.,0.5,
1.,0.5,1.)) REPRESENTATION_ITEM('') );
#4024 = CARTESIAN_POINT('',(-10.18473511934,2.));
#4025 = CARTESIAN_POINT('',(-10.18473511934,5.117691474272));
#4026 = CARTESIAN_POINT('',(-7.484735101461,3.558845737136));
#4027 = CARTESIAN_POINT('',(-4.78473508358,2.));
#4028 = CARTESIAN_POINT('',(-7.484735101461,0.441154262864));
#4029 = CARTESIAN_POINT('',(-10.18473511934,-1.117691474272));
#4030 = CARTESIAN_POINT('',(-10.18473511934,2.));
#4031 = ( GEOMETRIC_REPRESENTATION_CONTEXT(2) 
PARAMETRIC_REPRESENTATION_CONTEXT() REPRESENTATION_CONTEXT('2D SPACE',''
  ) );
#4032 = ADVANCED_FACE('',(#4033),#3667,.T.);
#4033 = FACE_BOUND('',#4034,.T.);
#4034 = EDGE_LOOP('',(#4035,#4036,#4037,#4064));
#4035 = ORIENTED_EDGE('',*,*,#3814,.F.);
#4036 = ORIENTED_EDGE('',*,*,#3652,.T.);
#4037 = ORIENTED_EDGE('',*,*,#4038,.T.);
#4038 = EDGE_CURVE('',#3625,#4039,#4041,.T.);
#4039 = VERTEX_POINT('',#4040);
#4040 = CARTESIAN_POINT('',(52.800000011921,6.,90.628535032272));
#4041 = SURFACE_CURVE('',#4042,(#4047,#4053),.PCURVE_S1.);
#4042 = CIRCLE('',#4043,0.199999988079);
#4043 = AXIS2_PLACEMENT_3D('',#4044,#4045,#4046);
#4044 = CARTESIAN_POINT('',(52.800000011921,5.800000011921,
    90.628535032272));
#4045 = DIRECTION('',(1.608122649677E-16,0.,1.));
#4046 = DIRECTION('',(1.,0.,-1.608122649677E-16));
#4047 = PCURVE('',#3667,#4048);
#4048 = DEFINITIONAL_REPRESENTATION('',(#4049),#4052);
#4049 = B_SPLINE_CURVE_WITH_KNOTS('',1,(#4050,#4051),.UNSPECIFIED.,.F.,
  .F.,(2,2),(0.,1.570796326795),.PIECEWISE_BEZIER_KNOTS.);
#4050 = CARTESIAN_POINT('',(1.570796326795,0.));
#4051 = CARTESIAN_POINT('',(1.570796326795,1.570796326795));
#4052 = ( GEOMETRIC_REPRESENTATION_CONTEXT(2) 
PARAMETRIC_REPRESENTATION_CONTEXT() REPRESENTATION_CONTEXT('2D SPACE',''
  ) );
#4053 = PCURVE('',#4054,#4059);
#4054 = CYLINDRICAL_SURFACE('',#4055,0.199999988079);
#4055 = AXIS2_PLACEMENT_3D('',#4056,#4057,#4058);
#4056 = CARTESIAN_POINT('',(52.800000011921,5.800000011921,
    90.628535032272));
#4057 = DIRECTION('',(-2.449293598295E-16,-0.,-1.));
#4058 = DIRECTION('',(1.,-0.,-2.449293598295E-16));
#4059 = DEFINITIONAL_REPRESENTATION('',(#4060),#4063);
#4060 = B_SPLINE_CURVE_WITH_KNOTS('',1,(#4061,#4062),.UNSPECIFIED.,.F.,
  .F.,(2,2),(0.,1.570796326795),.PIECEWISE_BEZIER_KNOTS.);
#4061 = CARTESIAN_POINT('',(0.,0.));
#4062 = CARTESIAN_POINT('',(-1.570796326795,0.));
#4063 = ( GEOMETRIC_REPRESENTATION_CONTEXT(2) 
PARAMETRIC_REPRESENTATION_CONTEXT() REPRESENTATION_CONTEXT('2D SPACE',''
  ) );
#4064 = ORIENTED_EDGE('',*,*,#4065,.F.);
#4065 = EDGE_CURVE('',#3787,#4039,#4066,.T.);
#4066 = SURFACE_CURVE('',#4067,(#4072,#4079),.PCURVE_S1.);
#4067 = CIRCLE('',#4068,1.800000011921);
#4068 = AXIS2_PLACEMENT_3D('',#4069,#4070,#4071);
#4069 = CARTESIAN_POINT('',(51.,6.,90.628535032272));
#4070 = DIRECTION('',(-0.,1.,0.));
#4071 = DIRECTION('',(0.,0.,1.));
#4072 = PCURVE('',#3667,#4073);
#4073 = DEFINITIONAL_REPRESENTATION('',(#4074),#4078);
#4074 = LINE('',#4075,#4076);
#4075 = CARTESIAN_POINT('',(0.,1.570796326795));
#4076 = VECTOR('',#4077,1.);
#4077 = DIRECTION('',(1.,0.));
#4078 = ( GEOMETRIC_REPRESENTATION_CONTEXT(2) 
PARAMETRIC_REPRESENTATION_CONTEXT() REPRESENTATION_CONTEXT('2D SPACE',''
  ) );
#4079 = PCURVE('',#3802,#4080);
#4080 = DEFINITIONAL_REPRESENTATION('',(#4081),#4089);
#4081 = ( BOUNDED_CURVE() B_SPLINE_CURVE(2,(#4082,#4083,#4084,#4085,
#4086,#4087,#4088),.UNSPECIFIED.,.T.,.F.) B_SPLINE_CURVE_WITH_KNOTS((1,2
    ,2,2,2,1),(-2.094395102393,0.,2.094395102393,4.188790204786,
6.28318530718,8.377580409573),.UNSPECIFIED.) CURVE() 
GEOMETRIC_REPRESENTATION_ITEM() RATIONAL_B_SPLINE_CURVE((1.,0.5,1.,0.5,
1.,0.5,1.)) REPRESENTATION_ITEM('') );
#4082 = CARTESIAN_POINT('',(-10.18473511934,2.));
#4083 = CARTESIAN_POINT('',(-10.18473511934,5.117691474272));
#4084 = CARTESIAN_POINT('',(-7.484735101461,3.558845737136));
#4085 = CARTESIAN_POINT('',(-4.78473508358,2.));
#4086 = CARTESIAN_POINT('',(-7.484735101461,0.441154262864));
#4087 = CARTESIAN_POINT('',(-10.18473511934,-1.117691474272));
#4088 = CARTESIAN_POINT('',(-10.18473511934,2.));
#4089 = ( GEOMETRIC_REPRESENTATION_CONTEXT(2) 
PARAMETRIC_REPRESENTATION_CONTEXT() REPRESENTATION_CONTEXT('2D SPACE',''
  ) );
#4090 = ADVANCED_FACE('',(#4091),#3640,.F.);
#4091 = FACE_BOUND('',#4092,.F.);
#4092 = EDGE_LOOP('',(#4093,#4094,#4117,#4145));
#4093 = ORIENTED_EDGE('',*,*,#3624,.T.);
#4094 = ORIENTED_EDGE('',*,*,#4095,.T.);
#4095 = EDGE_CURVE('',#3625,#4096,#4098,.T.);
#4096 = VERTEX_POINT('',#4097);
#4097 = CARTESIAN_POINT('',(53.,5.800000011921,79.628535032272));
#4098 = SURFACE_CURVE('',#4099,(#4103,#4110),.PCURVE_S1.);
#4099 = LINE('',#4100,#4101);
#4100 = CARTESIAN_POINT('',(53.,5.800000011921,90.628535032272));
#4101 = VECTOR('',#4102,1.);
#4102 = DIRECTION('',(-2.449293598295E-16,-0.,-1.));
#4103 = PCURVE('',#3640,#4104);
#4104 = DEFINITIONAL_REPRESENTATION('',(#4105),#4109);
#4105 = LINE('',#4106,#4107);
#4106 = CARTESIAN_POINT('',(2.,-0.800000011921));
#4107 = VECTOR('',#4108,1.);
#4108 = DIRECTION('',(1.,0.));
#4109 = ( GEOMETRIC_REPRESENTATION_CONTEXT(2) 
PARAMETRIC_REPRESENTATION_CONTEXT() REPRESENTATION_CONTEXT('2D SPACE',''
  ) );
#4110 = PCURVE('',#4054,#4111);
#4111 = DEFINITIONAL_REPRESENTATION('',(#4112),#4116);
#4112 = LINE('',#4113,#4114);
#4113 = CARTESIAN_POINT('',(-0.,0.));
#4114 = VECTOR('',#4115,1.);
#4115 = DIRECTION('',(-0.,1.));
#4116 = ( GEOMETRIC_REPRESENTATION_CONTEXT(2) 
PARAMETRIC_REPRESENTATION_CONTEXT() REPRESENTATION_CONTEXT('2D SPACE',''
  ) );
#4117 = ORIENTED_EDGE('',*,*,#4118,.F.);
#4118 = EDGE_CURVE('',#4119,#4096,#4121,.T.);
#4119 = VERTEX_POINT('',#4120);
#4120 = CARTESIAN_POINT('',(53.,5.199999988079,79.628535032272));
#4121 = SURFACE_CURVE('',#4122,(#4126,#4133),.PCURVE_S1.);
#4122 = LINE('',#4123,#4124);
#4123 = CARTESIAN_POINT('',(53.,5.,79.628535032272));
#4124 = VECTOR('',#4125,1.);
#4125 = DIRECTION('',(-0.,1.,-0.));
#4126 = PCURVE('',#3640,#4127);
#4127 = DEFINITIONAL_REPRESENTATION('',(#4128),#4132);
#4128 = LINE('',#4129,#4130);
#4129 = CARTESIAN_POINT('',(13.,0.));
#4130 = VECTOR('',#4131,1.);
#4131 = DIRECTION('',(0.,-1.));
#4132 = ( GEOMETRIC_REPRESENTATION_CONTEXT(2) 
PARAMETRIC_REPRESENTATION_CONTEXT() REPRESENTATION_CONTEXT('2D SPACE',''
  ) );
#4133 = PCURVE('',#4134,#4139);
#4134 = CYLINDRICAL_SURFACE('',#4135,2.);
#4135 = AXIS2_PLACEMENT_3D('',#4136,#4137,#4138);
#4136 = CARTESIAN_POINT('',(51.,5.,79.628535032272));
#4137 = DIRECTION('',(-0.,1.,-0.));
#4138 = DIRECTION('',(1.,0.,-2.449293598295E-16));
#4139 = DEFINITIONAL_REPRESENTATION('',(#4140),#4144);
#4140 = LINE('',#4141,#4142);
#4141 = CARTESIAN_POINT('',(0.,0.));
#4142 = VECTOR('',#4143,1.);
#4143 = DIRECTION('',(0.,1.));
#4144 = ( GEOMETRIC_REPRESENTATION_CONTEXT(2) 
PARAMETRIC_REPRESENTATION_CONTEXT() REPRESENTATION_CONTEXT('2D SPACE',''
  ) );
#4145 = ORIENTED_EDGE('',*,*,#4146,.F.);
#4146 = EDGE_CURVE('',#3596,#4119,#4147,.T.);
#4147 = SURFACE_CURVE('',#4148,(#4152,#4159),.PCURVE_S1.);
#4148 = LINE('',#4149,#4150);
#4149 = CARTESIAN_POINT('',(53.,5.199999988079,90.628535032272));
#4150 = VECTOR('',#4151,1.);
#4151 = DIRECTION('',(-2.449293598295E-16,-0.,-1.));
#4152 = PCURVE('',#3640,#4153);
#4153 = DEFINITIONAL_REPRESENTATION('',(#4154),#4158);
#4154 = LINE('',#4155,#4156);
#4155 = CARTESIAN_POINT('',(2.,-0.199999988079));
#4156 = VECTOR('',#4157,1.);
#4157 = DIRECTION('',(1.,0.));
#4158 = ( GEOMETRIC_REPRESENTATION_CONTEXT(2) 
PARAMETRIC_REPRESENTATION_CONTEXT() REPRESENTATION_CONTEXT('2D SPACE',''
  ) );
#4159 = PCURVE('',#3996,#4160);
#4160 = DEFINITIONAL_REPRESENTATION('',(#4161),#4165);
#4161 = LINE('',#4162,#4163);
#4162 = CARTESIAN_POINT('',(0.,0.));
#4163 = VECTOR('',#4164,1.);
#4164 = DIRECTION('',(0.,1.));
#4165 = ( GEOMETRIC_REPRESENTATION_CONTEXT(2) 
PARAMETRIC_REPRESENTATION_CONTEXT() REPRESENTATION_CONTEXT('2D SPACE',''
  ) );
#4166 = ADVANCED_FACE('',(#4167),#3722,.T.);
#4167 = FACE_BOUND('',#4168,.T.);
#4168 = EDGE_LOOP('',(#4169,#4170,#4193,#4222,#4250,#4279,#4307,#4335,
    #4363,#4396,#4417,#4418));
#4169 = ORIENTED_EDGE('',*,*,#3925,.F.);
#4170 = ORIENTED_EDGE('',*,*,#4171,.F.);
#4171 = EDGE_CURVE('',#4172,#3926,#4174,.T.);
#4172 = VERTEX_POINT('',#4173);
#4173 = CARTESIAN_POINT('',(51.,5.,91.828535020351));
#4174 = SURFACE_CURVE('',#4175,(#4179,#4186),.PCURVE_S1.);
#4175 = LINE('',#4176,#4177);
#4176 = CARTESIAN_POINT('',(51.,5.,91.828535020351));
#4177 = VECTOR('',#4178,1.);
#4178 = DIRECTION('',(-1.,0.,2.449293598295E-16));
#4179 = PCURVE('',#3722,#4180);
#4180 = DEFINITIONAL_REPRESENTATION('',(#4181),#4185);
#4181 = LINE('',#4182,#4183);
#4182 = CARTESIAN_POINT('',(-9.584735095501,2.));
#4183 = VECTOR('',#4184,1.);
#4184 = DIRECTION('',(-2.449293598295E-16,-1.));
#4185 = ( GEOMETRIC_REPRESENTATION_CONTEXT(2) 
PARAMETRIC_REPRESENTATION_CONTEXT() REPRESENTATION_CONTEXT('2D SPACE',''
  ) );
#4186 = PCURVE('',#3963,#4187);
#4187 = DEFINITIONAL_REPRESENTATION('',(#4188),#4192);
#4188 = LINE('',#4189,#4190);
#4189 = CARTESIAN_POINT('',(-0.,0.));
#4190 = VECTOR('',#4191,1.);
#4191 = DIRECTION('',(-0.,1.));
#4192 = ( GEOMETRIC_REPRESENTATION_CONTEXT(2) 
PARAMETRIC_REPRESENTATION_CONTEXT() REPRESENTATION_CONTEXT('2D SPACE',''
  ) );
#4193 = ORIENTED_EDGE('',*,*,#4194,.F.);
#4194 = EDGE_CURVE('',#4195,#4172,#4197,.T.);
#4195 = VERTEX_POINT('',#4196);
#4196 = CARTESIAN_POINT('',(52.199999988079,5.,90.628535032272));
#4197 = SURFACE_CURVE('',#4198,(#4203,#4210),.PCURVE_S1.);
#4198 = CIRCLE('',#4199,1.199999988079);
#4199 = AXIS2_PLACEMENT_3D('',#4200,#4201,#4202);
#4200 = CARTESIAN_POINT('',(51.,5.,90.628535032272));
#4201 = DIRECTION('',(0.,-1.,0.));
#4202 = DIRECTION('',(1.,0.,0.));
#4203 = PCURVE('',#3722,#4204);
#4204 = DEFINITIONAL_REPRESENTATION('',(#4205),#4209);
#4205 = CIRCLE('',#4206,1.199999988079);
#4206 = AXIS2_PLACEMENT_2D('',#4207,#4208);
#4207 = CARTESIAN_POINT('',(-8.384735107422,2.));
#4208 = DIRECTION('',(0.,1.));
#4209 = ( GEOMETRIC_REPRESENTATION_CONTEXT(2) 
PARAMETRIC_REPRESENTATION_CONTEXT() REPRESENTATION_CONTEXT('2D SPACE',''
  ) );
#4210 = PCURVE('',#4211,#4216);
#4211 = TOROIDAL_SURFACE('',#4212,1.199999988079,0.199999988079);
#4212 = AXIS2_PLACEMENT_3D('',#4213,#4214,#4215);
#4213 = CARTESIAN_POINT('',(51.,5.199999988079,90.628535032272));
#4214 = DIRECTION('',(0.,-1.,0.));
#4215 = DIRECTION('',(1.,0.,0.));
#4216 = DEFINITIONAL_REPRESENTATION('',(#4217),#4221);
#4217 = LINE('',#4218,#4219);
#4218 = CARTESIAN_POINT('',(0.,1.570796326795));
#4219 = VECTOR('',#4220,1.);
#4220 = DIRECTION('',(1.,0.));
#4221 = ( GEOMETRIC_REPRESENTATION_CONTEXT(2) 
PARAMETRIC_REPRESENTATION_CONTEXT() REPRESENTATION_CONTEXT('2D SPACE',''
  ) );
#4222 = ORIENTED_EDGE('',*,*,#4223,.F.);
#4223 = EDGE_CURVE('',#4224,#4195,#4226,.T.);
#4224 = VERTEX_POINT('',#4225);
#4225 = CARTESIAN_POINT('',(52.199999988079,5.,79.628535032272));
#4226 = SURFACE_CURVE('',#4227,(#4231,#4238),.PCURVE_S1.);
#4227 = LINE('',#4228,#4229);
#4228 = CARTESIAN_POINT('',(52.199999988079,5.,79.628535032272));
#4229 = VECTOR('',#4230,1.);
#4230 = DIRECTION('',(1.224646799147E-16,0.,1.));
#4231 = PCURVE('',#3722,#4232);
#4232 = DEFINITIONAL_REPRESENTATION('',(#4233),#4237);
#4233 = LINE('',#4234,#4235);
#4234 = CARTESIAN_POINT('',(2.615264892578,3.199999988079));
#4235 = VECTOR('',#4236,1.);
#4236 = DIRECTION('',(-1.,1.224646799147E-16));
#4237 = ( GEOMETRIC_REPRESENTATION_CONTEXT(2) 
PARAMETRIC_REPRESENTATION_CONTEXT() REPRESENTATION_CONTEXT('2D SPACE',''
  ) );
#4238 = PCURVE('',#4239,#4244);
#4239 = CYLINDRICAL_SURFACE('',#4240,0.199999988079);
#4240 = AXIS2_PLACEMENT_3D('',#4241,#4242,#4243);
#4241 = CARTESIAN_POINT('',(52.199999988079,5.199999988079,
    79.628535032272));
#4242 = DIRECTION('',(1.224646799147E-16,0.,1.));
#4243 = DIRECTION('',(0.,-1.,0.));
#4244 = DEFINITIONAL_REPRESENTATION('',(#4245),#4249);
#4245 = LINE('',#4246,#4247);
#4246 = CARTESIAN_POINT('',(-0.,0.));
#4247 = VECTOR('',#4248,1.);
#4248 = DIRECTION('',(-0.,1.));
#4249 = ( GEOMETRIC_REPRESENTATION_CONTEXT(2) 
PARAMETRIC_REPRESENTATION_CONTEXT() REPRESENTATION_CONTEXT('2D SPACE',''
  ) );
#4250 = ORIENTED_EDGE('',*,*,#4251,.F.);
#4251 = EDGE_CURVE('',#4252,#4224,#4254,.T.);
#4252 = VERTEX_POINT('',#4253);
#4253 = CARTESIAN_POINT('',(51.,5.,78.428535044193));
#4254 = SURFACE_CURVE('',#4255,(#4260,#4267),.PCURVE_S1.);
#4255 = CIRCLE('',#4256,1.199999988079);
#4256 = AXIS2_PLACEMENT_3D('',#4257,#4258,#4259);
#4257 = CARTESIAN_POINT('',(51.,5.,79.628535032272));
#4258 = DIRECTION('',(0.,-1.,0.));
#4259 = DIRECTION('',(0.,0.,-1.));
#4260 = PCURVE('',#3722,#4261);
#4261 = DEFINITIONAL_REPRESENTATION('',(#4262),#4266);
#4262 = CIRCLE('',#4263,1.199999988079);
#4263 = AXIS2_PLACEMENT_2D('',#4264,#4265);
#4264 = CARTESIAN_POINT('',(2.615264892578,2.));
#4265 = DIRECTION('',(1.,0.));
#4266 = ( GEOMETRIC_REPRESENTATION_CONTEXT(2) 
PARAMETRIC_REPRESENTATION_CONTEXT() REPRESENTATION_CONTEXT('2D SPACE',''
  ) );
#4267 = PCURVE('',#4268,#4273);
#4268 = TOROIDAL_SURFACE('',#4269,1.199999988079,0.199999988079);
#4269 = AXIS2_PLACEMENT_3D('',#4270,#4271,#4272);
#4270 = CARTESIAN_POINT('',(51.,5.199999988079,79.628535032272));
#4271 = DIRECTION('',(0.,-1.,0.));
#4272 = DIRECTION('',(0.,0.,-1.));
#4273 = DEFINITIONAL_REPRESENTATION('',(#4274),#4278);
#4274 = LINE('',#4275,#4276);
#4275 = CARTESIAN_POINT('',(0.,1.570796326795));
#4276 = VECTOR('',#4277,1.);
#4277 = DIRECTION('',(1.,0.));
#4278 = ( GEOMETRIC_REPRESENTATION_CONTEXT(2) 
PARAMETRIC_REPRESENTATION_CONTEXT() REPRESENTATION_CONTEXT('2D SPACE',''
  ) );
#4279 = ORIENTED_EDGE('',*,*,#4280,.F.);
#4280 = EDGE_CURVE('',#4281,#4252,#4283,.T.);
#4281 = VERTEX_POINT('',#4282);
#4282 = CARTESIAN_POINT('',(50.,5.,78.428535044193));
#4283 = SURFACE_CURVE('',#4284,(#4288,#4295),.PCURVE_S1.);
#4284 = LINE('',#4285,#4286);
#4285 = CARTESIAN_POINT('',(50.,5.,78.428535044193));
#4286 = VECTOR('',#4287,1.);
#4287 = DIRECTION('',(1.,0.,-1.224646799147E-16));
#4288 = PCURVE('',#3722,#4289);
#4289 = DEFINITIONAL_REPRESENTATION('',(#4290),#4294);
#4290 = LINE('',#4291,#4292);
#4291 = CARTESIAN_POINT('',(3.815264880657,1.));
#4292 = VECTOR('',#4293,1.);
#4293 = DIRECTION('',(1.224646799147E-16,1.));
#4294 = ( GEOMETRIC_REPRESENTATION_CONTEXT(2) 
PARAMETRIC_REPRESENTATION_CONTEXT() REPRESENTATION_CONTEXT('2D SPACE',''
  ) );
#4295 = PCURVE('',#4296,#4301);
#4296 = CYLINDRICAL_SURFACE('',#4297,0.199999988079);
#4297 = AXIS2_PLACEMENT_3D('',#4298,#4299,#4300);
#4298 = CARTESIAN_POINT('',(50.,5.199999988079,78.428535044193));
#4299 = DIRECTION('',(1.,0.,-1.224646799147E-16));
#4300 = DIRECTION('',(0.,-1.,0.));
#4301 = DEFINITIONAL_REPRESENTATION('',(#4302),#4306);
#4302 = LINE('',#4303,#4304);
#4303 = CARTESIAN_POINT('',(-0.,0.));
#4304 = VECTOR('',#4305,1.);
#4305 = DIRECTION('',(-0.,1.));
#4306 = ( GEOMETRIC_REPRESENTATION_CONTEXT(2) 
PARAMETRIC_REPRESENTATION_CONTEXT() REPRESENTATION_CONTEXT('2D SPACE',''
  ) );
#4307 = ORIENTED_EDGE('',*,*,#4308,.F.);
#4308 = EDGE_CURVE('',#4309,#4281,#4311,.T.);
#4309 = VERTEX_POINT('',#4310);
#4310 = CARTESIAN_POINT('',(50.,5.,77.828535020351));
#4311 = SURFACE_CURVE('',#4312,(#4316,#4323),.PCURVE_S1.);
#4312 = LINE('',#4313,#4314);
#4313 = CARTESIAN_POINT('',(50.,5.,77.628535032272));
#4314 = VECTOR('',#4315,1.);
#4315 = DIRECTION('',(1.224646799147E-16,0.,1.));
#4316 = PCURVE('',#3722,#4317);
#4317 = DEFINITIONAL_REPRESENTATION('',(#4318),#4322);
#4318 = LINE('',#4319,#4320);
#4319 = CARTESIAN_POINT('',(4.615264892578,1.));
#4320 = VECTOR('',#4321,1.);
#4321 = DIRECTION('',(-1.,1.224646799147E-16));
#4322 = ( GEOMETRIC_REPRESENTATION_CONTEXT(2) 
PARAMETRIC_REPRESENTATION_CONTEXT() REPRESENTATION_CONTEXT('2D SPACE',''
  ) );
#4323 = PCURVE('',#4324,#4329);
#4324 = PLANE('',#4325);
#4325 = AXIS2_PLACEMENT_3D('',#4326,#4327,#4328);
#4326 = CARTESIAN_POINT('',(50.,5.,77.628535032272));
#4327 = DIRECTION('',(1.,0.,-1.224646799147E-16));
#4328 = DIRECTION('',(1.224646799147E-16,0.,1.));
#4329 = DEFINITIONAL_REPRESENTATION('',(#4330),#4334);
#4330 = LINE('',#4331,#4332);
#4331 = CARTESIAN_POINT('',(2.84217094304E-14,0.));
#4332 = VECTOR('',#4333,1.);
#4333 = DIRECTION('',(1.,0.));
#4334 = ( GEOMETRIC_REPRESENTATION_CONTEXT(2) 
PARAMETRIC_REPRESENTATION_CONTEXT() REPRESENTATION_CONTEXT('2D SPACE',''
  ) );
#4335 = ORIENTED_EDGE('',*,*,#4336,.F.);
#4336 = EDGE_CURVE('',#4337,#4309,#4339,.T.);
#4337 = VERTEX_POINT('',#4338);
#4338 = CARTESIAN_POINT('',(51.,5.,77.828535020351));
#4339 = SURFACE_CURVE('',#4340,(#4344,#4351),.PCURVE_S1.);
#4340 = LINE('',#4341,#4342);
#4341 = CARTESIAN_POINT('',(51.,5.,77.828535020351));
#4342 = VECTOR('',#4343,1.);
#4343 = DIRECTION('',(-1.,-0.,-0.));
#4344 = PCURVE('',#3722,#4345);
#4345 = DEFINITIONAL_REPRESENTATION('',(#4346),#4350);
#4346 = LINE('',#4347,#4348);
#4347 = CARTESIAN_POINT('',(4.415264904499,2.));
#4348 = VECTOR('',#4349,1.);
#4349 = DIRECTION('',(0.,-1.));
#4350 = ( GEOMETRIC_REPRESENTATION_CONTEXT(2) 
PARAMETRIC_REPRESENTATION_CONTEXT() REPRESENTATION_CONTEXT('2D SPACE',''
  ) );
#4351 = PCURVE('',#4352,#4357);
#4352 = CYLINDRICAL_SURFACE('',#4353,0.199999988079);
#4353 = AXIS2_PLACEMENT_3D('',#4354,#4355,#4356);
#4354 = CARTESIAN_POINT('',(51.,5.199999988079,77.828535020351));
#4355 = DIRECTION('',(-1.,-0.,-0.));
#4356 = DIRECTION('',(0.,0.,-1.));
#4357 = DEFINITIONAL_REPRESENTATION('',(#4358),#4362);
#4358 = LINE('',#4359,#4360);
#4359 = CARTESIAN_POINT('',(1.570796326795,0.));
#4360 = VECTOR('',#4361,1.);
#4361 = DIRECTION('',(0.,1.));
#4362 = ( GEOMETRIC_REPRESENTATION_CONTEXT(2) 
PARAMETRIC_REPRESENTATION_CONTEXT() REPRESENTATION_CONTEXT('2D SPACE',''
  ) );
#4363 = ORIENTED_EDGE('',*,*,#4364,.F.);
#4364 = EDGE_CURVE('',#4365,#4337,#4367,.T.);
#4365 = VERTEX_POINT('',#4366);
#4366 = CARTESIAN_POINT('',(52.800000011921,5.,79.628535032272));
#4367 = SURFACE_CURVE('',#4368,(#4373,#4384),.PCURVE_S1.);
#4368 = CIRCLE('',#4369,1.800000011921);
#4369 = AXIS2_PLACEMENT_3D('',#4370,#4371,#4372);
#4370 = CARTESIAN_POINT('',(51.,5.,79.628535032272));
#4371 = DIRECTION('',(-0.,1.,0.));
#4372 = DIRECTION('',(1.,0.,0.));
#4373 = PCURVE('',#3722,#4374);
#4374 = DEFINITIONAL_REPRESENTATION('',(#4375),#4383);
#4375 = ( BOUNDED_CURVE() B_SPLINE_CURVE(2,(#4376,#4377,#4378,#4379,
#4380,#4381,#4382),.UNSPECIFIED.,.T.,.F.) B_SPLINE_CURVE_WITH_KNOTS((1,2
    ,2,2,2,1),(-2.094395102393,0.,2.094395102393,4.188790204786,
6.28318530718,8.377580409573),.UNSPECIFIED.) CURVE() 
GEOMETRIC_REPRESENTATION_ITEM() RATIONAL_B_SPLINE_CURVE((1.,0.5,1.,0.5,
1.,0.5,1.)) REPRESENTATION_ITEM('') );
#4376 = CARTESIAN_POINT('',(2.615264892578,3.800000011921));
#4377 = CARTESIAN_POINT('',(5.73295636685,3.800000011921));
#4378 = CARTESIAN_POINT('',(4.174110629714,1.09999999404));
#4379 = CARTESIAN_POINT('',(2.615264892578,-1.600000023842));
#4380 = CARTESIAN_POINT('',(1.056419155442,1.09999999404));
#4381 = CARTESIAN_POINT('',(-0.502426581694,3.800000011921));
#4382 = CARTESIAN_POINT('',(2.615264892578,3.800000011921));
#4383 = ( GEOMETRIC_REPRESENTATION_CONTEXT(2) 
PARAMETRIC_REPRESENTATION_CONTEXT() REPRESENTATION_CONTEXT('2D SPACE',''
  ) );
#4384 = PCURVE('',#4385,#4390);
#4385 = TOROIDAL_SURFACE('',#4386,1.800000011921,0.199999988079);
#4386 = AXIS2_PLACEMENT_3D('',#4387,#4388,#4389);
#4387 = CARTESIAN_POINT('',(51.,5.199999988079,79.628535032272));
#4388 = DIRECTION('',(0.,-1.,0.));
#4389 = DIRECTION('',(1.,0.,0.));
#4390 = DEFINITIONAL_REPRESENTATION('',(#4391),#4395);
#4391 = LINE('',#4392,#4393);
#4392 = CARTESIAN_POINT('',(-0.,1.570796326795));
#4393 = VECTOR('',#4394,1.);
#4394 = DIRECTION('',(-1.,0.));
#4395 = ( GEOMETRIC_REPRESENTATION_CONTEXT(2) 
PARAMETRIC_REPRESENTATION_CONTEXT() REPRESENTATION_CONTEXT('2D SPACE',''
  ) );
#4396 = ORIENTED_EDGE('',*,*,#4397,.F.);
#4397 = EDGE_CURVE('',#3981,#4365,#4398,.T.);
#4398 = SURFACE_CURVE('',#4399,(#4403,#4410),.PCURVE_S1.);
#4399 = LINE('',#4400,#4401);
#4400 = CARTESIAN_POINT('',(52.800000011921,5.,90.628535032272));
#4401 = VECTOR('',#4402,1.);
#4402 = DIRECTION('',(-2.449293598295E-16,-0.,-1.));
#4403 = PCURVE('',#3722,#4404);
#4404 = DEFINITIONAL_REPRESENTATION('',(#4405),#4409);
#4405 = LINE('',#4406,#4407);
#4406 = CARTESIAN_POINT('',(-8.384735107422,3.800000011921));
#4407 = VECTOR('',#4408,1.);
#4408 = DIRECTION('',(1.,-2.449293598295E-16));
#4409 = ( GEOMETRIC_REPRESENTATION_CONTEXT(2) 
PARAMETRIC_REPRESENTATION_CONTEXT() REPRESENTATION_CONTEXT('2D SPACE',''
  ) );
#4410 = PCURVE('',#3996,#4411);
#4411 = DEFINITIONAL_REPRESENTATION('',(#4412),#4416);
#4412 = LINE('',#4413,#4414);
#4413 = CARTESIAN_POINT('',(1.570796326795,0.));
#4414 = VECTOR('',#4415,1.);
#4415 = DIRECTION('',(0.,1.));
#4416 = ( GEOMETRIC_REPRESENTATION_CONTEXT(2) 
PARAMETRIC_REPRESENTATION_CONTEXT() REPRESENTATION_CONTEXT('2D SPACE',''
  ) );
#4417 = ORIENTED_EDGE('',*,*,#4007,.F.);
#4418 = ORIENTED_EDGE('',*,*,#3706,.F.);
#4419 = ADVANCED_FACE('',(#4420),#3802,.F.);
#4420 = FACE_BOUND('',#4421,.F.);
#4421 = EDGE_LOOP('',(#4422,#4423,#4446,#4475,#4503,#4532,#4560,#4583,
    #4611,#4644,#4665,#4666));
#4422 = ORIENTED_EDGE('',*,*,#3901,.F.);
#4423 = ORIENTED_EDGE('',*,*,#4424,.F.);
#4424 = EDGE_CURVE('',#4425,#3869,#4427,.T.);
#4425 = VERTEX_POINT('',#4426);
#4426 = CARTESIAN_POINT('',(51.,6.,91.828535020351));
#4427 = SURFACE_CURVE('',#4428,(#4432,#4439),.PCURVE_S1.);
#4428 = LINE('',#4429,#4430);
#4429 = CARTESIAN_POINT('',(51.,6.,91.828535020351));
#4430 = VECTOR('',#4431,1.);
#4431 = DIRECTION('',(-1.,0.,2.449293598295E-16));
#4432 = PCURVE('',#3802,#4433);
#4433 = DEFINITIONAL_REPRESENTATION('',(#4434),#4438);
#4434 = LINE('',#4435,#4436);
#4435 = CARTESIAN_POINT('',(-9.584735095501,2.));
#4436 = VECTOR('',#4437,1.);
#4437 = DIRECTION('',(-2.449293598295E-16,-1.));
#4438 = ( GEOMETRIC_REPRESENTATION_CONTEXT(2) 
PARAMETRIC_REPRESENTATION_CONTEXT() REPRESENTATION_CONTEXT('2D SPACE',''
  ) );
#4439 = PCURVE('',#3889,#4440);
#4440 = DEFINITIONAL_REPRESENTATION('',(#4441),#4445);
#4441 = LINE('',#4442,#4443);
#4442 = CARTESIAN_POINT('',(0.,0.));
#4443 = VECTOR('',#4444,1.);
#4444 = DIRECTION('',(0.,1.));
#4445 = ( GEOMETRIC_REPRESENTATION_CONTEXT(2) 
PARAMETRIC_REPRESENTATION_CONTEXT() REPRESENTATION_CONTEXT('2D SPACE',''
  ) );
#4446 = ORIENTED_EDGE('',*,*,#4447,.F.);
#4447 = EDGE_CURVE('',#4448,#4425,#4450,.T.);
#4448 = VERTEX_POINT('',#4449);
#4449 = CARTESIAN_POINT('',(52.199999988079,6.,90.628535032272));
#4450 = SURFACE_CURVE('',#4451,(#4456,#4463),.PCURVE_S1.);
#4451 = CIRCLE('',#4452,1.199999988079);
#4452 = AXIS2_PLACEMENT_3D('',#4453,#4454,#4455);
#4453 = CARTESIAN_POINT('',(51.,6.,90.628535032272));
#4454 = DIRECTION('',(0.,-1.,0.));
#4455 = DIRECTION('',(1.,0.,0.));
#4456 = PCURVE('',#3802,#4457);
#4457 = DEFINITIONAL_REPRESENTATION('',(#4458),#4462);
#4458 = CIRCLE('',#4459,1.199999988079);
#4459 = AXIS2_PLACEMENT_2D('',#4460,#4461);
#4460 = CARTESIAN_POINT('',(-8.384735107422,2.));
#4461 = DIRECTION('',(0.,1.));
#4462 = ( GEOMETRIC_REPRESENTATION_CONTEXT(2) 
PARAMETRIC_REPRESENTATION_CONTEXT() REPRESENTATION_CONTEXT('2D SPACE',''
  ) );
#4463 = PCURVE('',#4464,#4469);
#4464 = TOROIDAL_SURFACE('',#4465,1.199999988079,0.199999988079);
#4465 = AXIS2_PLACEMENT_3D('',#4466,#4467,#4468);
#4466 = CARTESIAN_POINT('',(51.,5.800000011921,90.628535032272));
#4467 = DIRECTION('',(-0.,1.,-0.));
#4468 = DIRECTION('',(1.,0.,0.));
#4469 = DEFINITIONAL_REPRESENTATION('',(#4470),#4474);
#4470 = LINE('',#4471,#4472);
#4471 = CARTESIAN_POINT('',(-0.,1.570796326795));
#4472 = VECTOR('',#4473,1.);
#4473 = DIRECTION('',(-1.,0.));
#4474 = ( GEOMETRIC_REPRESENTATION_CONTEXT(2) 
PARAMETRIC_REPRESENTATION_CONTEXT() REPRESENTATION_CONTEXT('2D SPACE',''
  ) );
#4475 = ORIENTED_EDGE('',*,*,#4476,.F.);
#4476 = EDGE_CURVE('',#4477,#4448,#4479,.T.);
#4477 = VERTEX_POINT('',#4478);
#4478 = CARTESIAN_POINT('',(52.199999988079,6.,79.628535032272));
#4479 = SURFACE_CURVE('',#4480,(#4484,#4491),.PCURVE_S1.);
#4480 = LINE('',#4481,#4482);
#4481 = CARTESIAN_POINT('',(52.199999988079,6.,79.628535032272));
#4482 = VECTOR('',#4483,1.);
#4483 = DIRECTION('',(1.224646799147E-16,0.,1.));
#4484 = PCURVE('',#3802,#4485);
#4485 = DEFINITIONAL_REPRESENTATION('',(#4486),#4490);
#4486 = LINE('',#4487,#4488);
#4487 = CARTESIAN_POINT('',(2.615264892578,3.199999988079));
#4488 = VECTOR('',#4489,1.);
#4489 = DIRECTION('',(-1.,1.224646799147E-16));
#4490 = ( GEOMETRIC_REPRESENTATION_CONTEXT(2) 
PARAMETRIC_REPRESENTATION_CONTEXT() REPRESENTATION_CONTEXT('2D SPACE',''
  ) );
#4491 = PCURVE('',#4492,#4497);
#4492 = CYLINDRICAL_SURFACE('',#4493,0.199999988079);
#4493 = AXIS2_PLACEMENT_3D('',#4494,#4495,#4496);
#4494 = CARTESIAN_POINT('',(52.199999988079,5.800000011921,
    79.628535032272));
#4495 = DIRECTION('',(1.224646799147E-16,0.,1.));
#4496 = DIRECTION('',(-0.,1.,0.));
#4497 = DEFINITIONAL_REPRESENTATION('',(#4498),#4502);
#4498 = LINE('',#4499,#4500);
#4499 = CARTESIAN_POINT('',(0.,0.));
#4500 = VECTOR('',#4501,1.);
#4501 = DIRECTION('',(0.,1.));
#4502 = ( GEOMETRIC_REPRESENTATION_CONTEXT(2) 
PARAMETRIC_REPRESENTATION_CONTEXT() REPRESENTATION_CONTEXT('2D SPACE',''
  ) );
#4503 = ORIENTED_EDGE('',*,*,#4504,.F.);
#4504 = EDGE_CURVE('',#4505,#4477,#4507,.T.);
#4505 = VERTEX_POINT('',#4506);
#4506 = CARTESIAN_POINT('',(51.,6.,78.428535044193));
#4507 = SURFACE_CURVE('',#4508,(#4513,#4520),.PCURVE_S1.);
#4508 = CIRCLE('',#4509,1.199999988079);
#4509 = AXIS2_PLACEMENT_3D('',#4510,#4511,#4512);
#4510 = CARTESIAN_POINT('',(51.,6.,79.628535032272));
#4511 = DIRECTION('',(0.,-1.,0.));
#4512 = DIRECTION('',(0.,0.,-1.));
#4513 = PCURVE('',#3802,#4514);
#4514 = DEFINITIONAL_REPRESENTATION('',(#4515),#4519);
#4515 = CIRCLE('',#4516,1.199999988079);
#4516 = AXIS2_PLACEMENT_2D('',#4517,#4518);
#4517 = CARTESIAN_POINT('',(2.615264892578,2.));
#4518 = DIRECTION('',(1.,0.));
#4519 = ( GEOMETRIC_REPRESENTATION_CONTEXT(2) 
PARAMETRIC_REPRESENTATION_CONTEXT() REPRESENTATION_CONTEXT('2D SPACE',''
  ) );
#4520 = PCURVE('',#4521,#4526);
#4521 = TOROIDAL_SURFACE('',#4522,1.199999988079,0.199999988079);
#4522 = AXIS2_PLACEMENT_3D('',#4523,#4524,#4525);
#4523 = CARTESIAN_POINT('',(51.,5.800000011921,79.628535032272));
#4524 = DIRECTION('',(-0.,1.,-0.));
#4525 = DIRECTION('',(0.,0.,-1.));
#4526 = DEFINITIONAL_REPRESENTATION('',(#4527),#4531);
#4527 = LINE('',#4528,#4529);
#4528 = CARTESIAN_POINT('',(-0.,1.570796326795));
#4529 = VECTOR('',#4530,1.);
#4530 = DIRECTION('',(-1.,0.));
#4531 = ( GEOMETRIC_REPRESENTATION_CONTEXT(2) 
PARAMETRIC_REPRESENTATION_CONTEXT() REPRESENTATION_CONTEXT('2D SPACE',''
  ) );
#4532 = ORIENTED_EDGE('',*,*,#4533,.F.);
#4533 = EDGE_CURVE('',#4534,#4505,#4536,.T.);
#4534 = VERTEX_POINT('',#4535);
#4535 = CARTESIAN_POINT('',(50.,6.,78.428535044193));
#4536 = SURFACE_CURVE('',#4537,(#4541,#4548),.PCURVE_S1.);
#4537 = LINE('',#4538,#4539);
#4538 = CARTESIAN_POINT('',(50.,6.,78.428535044193));
#4539 = VECTOR('',#4540,1.);
#4540 = DIRECTION('',(1.,0.,-1.224646799147E-16));
#4541 = PCURVE('',#3802,#4542);
#4542 = DEFINITIONAL_REPRESENTATION('',(#4543),#4547);
#4543 = LINE('',#4544,#4545);
#4544 = CARTESIAN_POINT('',(3.815264880657,1.));
#4545 = VECTOR('',#4546,1.);
#4546 = DIRECTION('',(1.224646799147E-16,1.));
#4547 = ( GEOMETRIC_REPRESENTATION_CONTEXT(2) 
PARAMETRIC_REPRESENTATION_CONTEXT() REPRESENTATION_CONTEXT('2D SPACE',''
  ) );
#4548 = PCURVE('',#4549,#4554);
#4549 = CYLINDRICAL_SURFACE('',#4550,0.199999988079);
#4550 = AXIS2_PLACEMENT_3D('',#4551,#4552,#4553);
#4551 = CARTESIAN_POINT('',(50.,5.800000011921,78.428535044193));
#4552 = DIRECTION('',(1.,0.,-1.224646799147E-16));
#4553 = DIRECTION('',(0.,1.,0.));
#4554 = DEFINITIONAL_REPRESENTATION('',(#4555),#4559);
#4555 = LINE('',#4556,#4557);
#4556 = CARTESIAN_POINT('',(0.,0.));
#4557 = VECTOR('',#4558,1.);
#4558 = DIRECTION('',(0.,1.));
#4559 = ( GEOMETRIC_REPRESENTATION_CONTEXT(2) 
PARAMETRIC_REPRESENTATION_CONTEXT() REPRESENTATION_CONTEXT('2D SPACE',''
  ) );
#4560 = ORIENTED_EDGE('',*,*,#4561,.F.);
#4561 = EDGE_CURVE('',#4562,#4534,#4564,.T.);
#4562 = VERTEX_POINT('',#4563);
#4563 = CARTESIAN_POINT('',(50.,6.,77.828535020351));
#4564 = SURFACE_CURVE('',#4565,(#4569,#4576),.PCURVE_S1.);
#4565 = LINE('',#4566,#4567);
#4566 = CARTESIAN_POINT('',(50.,6.,77.628535032272));
#4567 = VECTOR('',#4568,1.);
#4568 = DIRECTION('',(1.224646799147E-16,0.,1.));
#4569 = PCURVE('',#3802,#4570);
#4570 = DEFINITIONAL_REPRESENTATION('',(#4571),#4575);
#4571 = LINE('',#4572,#4573);
#4572 = CARTESIAN_POINT('',(4.615264892578,1.));
#4573 = VECTOR('',#4574,1.);
#4574 = DIRECTION('',(-1.,1.224646799147E-16));
#4575 = ( GEOMETRIC_REPRESENTATION_CONTEXT(2) 
PARAMETRIC_REPRESENTATION_CONTEXT() REPRESENTATION_CONTEXT('2D SPACE',''
  ) );
#4576 = PCURVE('',#4324,#4577);
#4577 = DEFINITIONAL_REPRESENTATION('',(#4578),#4582);
#4578 = LINE('',#4579,#4580);
#4579 = CARTESIAN_POINT('',(2.84217094304E-14,-1.));
#4580 = VECTOR('',#4581,1.);
#4581 = DIRECTION('',(1.,0.));
#4582 = ( GEOMETRIC_REPRESENTATION_CONTEXT(2) 
PARAMETRIC_REPRESENTATION_CONTEXT() REPRESENTATION_CONTEXT('2D SPACE',''
  ) );
#4583 = ORIENTED_EDGE('',*,*,#4584,.F.);
#4584 = EDGE_CURVE('',#4585,#4562,#4587,.T.);
#4585 = VERTEX_POINT('',#4586);
#4586 = CARTESIAN_POINT('',(51.,6.,77.828535020351));
#4587 = SURFACE_CURVE('',#4588,(#4592,#4599),.PCURVE_S1.);
#4588 = LINE('',#4589,#4590);
#4589 = CARTESIAN_POINT('',(51.,6.,77.828535020351));
#4590 = VECTOR('',#4591,1.);
#4591 = DIRECTION('',(-1.,-0.,-0.));
#4592 = PCURVE('',#3802,#4593);
#4593 = DEFINITIONAL_REPRESENTATION('',(#4594),#4598);
#4594 = LINE('',#4595,#4596);
#4595 = CARTESIAN_POINT('',(4.415264904499,2.));
#4596 = VECTOR('',#4597,1.);
#4597 = DIRECTION('',(0.,-1.));
#4598 = ( GEOMETRIC_REPRESENTATION_CONTEXT(2) 
PARAMETRIC_REPRESENTATION_CONTEXT() REPRESENTATION_CONTEXT('2D SPACE',''
  ) );
#4599 = PCURVE('',#4600,#4605);
#4600 = CYLINDRICAL_SURFACE('',#4601,0.199999988079);
#4601 = AXIS2_PLACEMENT_3D('',#4602,#4603,#4604);
#4602 = CARTESIAN_POINT('',(51.,5.800000011921,77.828535020351));
#4603 = DIRECTION('',(-1.,-0.,-0.));
#4604 = DIRECTION('',(0.,0.,-1.));
#4605 = DEFINITIONAL_REPRESENTATION('',(#4606),#4610);
#4606 = LINE('',#4607,#4608);
#4607 = CARTESIAN_POINT('',(-1.570796326795,0.));
#4608 = VECTOR('',#4609,1.);
#4609 = DIRECTION('',(-0.,1.));
#4610 = ( GEOMETRIC_REPRESENTATION_CONTEXT(2) 
PARAMETRIC_REPRESENTATION_CONTEXT() REPRESENTATION_CONTEXT('2D SPACE',''
  ) );
#4611 = ORIENTED_EDGE('',*,*,#4612,.F.);
#4612 = EDGE_CURVE('',#4613,#4585,#4615,.T.);
#4613 = VERTEX_POINT('',#4614);
#4614 = CARTESIAN_POINT('',(52.800000011921,6.,79.628535032272));
#4615 = SURFACE_CURVE('',#4616,(#4621,#4632),.PCURVE_S1.);
#4616 = CIRCLE('',#4617,1.800000011921);
#4617 = AXIS2_PLACEMENT_3D('',#4618,#4619,#4620);
#4618 = CARTESIAN_POINT('',(51.,6.,79.628535032272));
#4619 = DIRECTION('',(-0.,1.,0.));
#4620 = DIRECTION('',(1.,0.,0.));
#4621 = PCURVE('',#3802,#4622);
#4622 = DEFINITIONAL_REPRESENTATION('',(#4623),#4631);
#4623 = ( BOUNDED_CURVE() B_SPLINE_CURVE(2,(#4624,#4625,#4626,#4627,
#4628,#4629,#4630),.UNSPECIFIED.,.T.,.F.) B_SPLINE_CURVE_WITH_KNOTS((1,2
    ,2,2,2,1),(-2.094395102393,0.,2.094395102393,4.188790204786,
6.28318530718,8.377580409573),.UNSPECIFIED.) CURVE() 
GEOMETRIC_REPRESENTATION_ITEM() RATIONAL_B_SPLINE_CURVE((1.,0.5,1.,0.5,
1.,0.5,1.)) REPRESENTATION_ITEM('') );
#4624 = CARTESIAN_POINT('',(2.615264892578,3.800000011921));
#4625 = CARTESIAN_POINT('',(5.73295636685,3.800000011921));
#4626 = CARTESIAN_POINT('',(4.174110629714,1.09999999404));
#4627 = CARTESIAN_POINT('',(2.615264892578,-1.600000023842));
#4628 = CARTESIAN_POINT('',(1.056419155442,1.09999999404));
#4629 = CARTESIAN_POINT('',(-0.502426581694,3.800000011921));
#4630 = CARTESIAN_POINT('',(2.615264892578,3.800000011921));
#4631 = ( GEOMETRIC_REPRESENTATION_CONTEXT(2) 
PARAMETRIC_REPRESENTATION_CONTEXT() REPRESENTATION_CONTEXT('2D SPACE',''
  ) );
#4632 = PCURVE('',#4633,#4638);
#4633 = TOROIDAL_SURFACE('',#4634,1.800000011921,0.199999988079);
#4634 = AXIS2_PLACEMENT_3D('',#4635,#4636,#4637);
#4635 = CARTESIAN_POINT('',(51.,5.800000011921,79.628535032272));
#4636 = DIRECTION('',(-0.,1.,-0.));
#4637 = DIRECTION('',(1.,0.,0.));
#4638 = DEFINITIONAL_REPRESENTATION('',(#4639),#4643);
#4639 = LINE('',#4640,#4641);
#4640 = CARTESIAN_POINT('',(0.,1.570796326795));
#4641 = VECTOR('',#4642,1.);
#4642 = DIRECTION('',(1.,0.));
#4643 = ( GEOMETRIC_REPRESENTATION_CONTEXT(2) 
PARAMETRIC_REPRESENTATION_CONTEXT() REPRESENTATION_CONTEXT('2D SPACE',''
  ) );
#4644 = ORIENTED_EDGE('',*,*,#4645,.F.);
#4645 = EDGE_CURVE('',#4039,#4613,#4646,.T.);
#4646 = SURFACE_CURVE('',#4647,(#4651,#4658),.PCURVE_S1.);
#4647 = LINE('',#4648,#4649);
#4648 = CARTESIAN_POINT('',(52.800000011921,6.,90.628535032272));
#4649 = VECTOR('',#4650,1.);
#4650 = DIRECTION('',(-2.449293598295E-16,-0.,-1.));
#4651 = PCURVE('',#3802,#4652);
#4652 = DEFINITIONAL_REPRESENTATION('',(#4653),#4657);
#4653 = LINE('',#4654,#4655);
#4654 = CARTESIAN_POINT('',(-8.384735107422,3.800000011921));
#4655 = VECTOR('',#4656,1.);
#4656 = DIRECTION('',(1.,-2.449293598295E-16));
#4657 = ( GEOMETRIC_REPRESENTATION_CONTEXT(2) 
PARAMETRIC_REPRESENTATION_CONTEXT() REPRESENTATION_CONTEXT('2D SPACE',''
  ) );
#4658 = PCURVE('',#4054,#4659);
#4659 = DEFINITIONAL_REPRESENTATION('',(#4660),#4664);
#4660 = LINE('',#4661,#4662);
#4661 = CARTESIAN_POINT('',(-1.570796326795,0.));
#4662 = VECTOR('',#4663,1.);
#4663 = DIRECTION('',(-0.,1.));
#4664 = ( GEOMETRIC_REPRESENTATION_CONTEXT(2) 
PARAMETRIC_REPRESENTATION_CONTEXT() REPRESENTATION_CONTEXT('2D SPACE',''
  ) );
#4665 = ORIENTED_EDGE('',*,*,#4065,.F.);
#4666 = ORIENTED_EDGE('',*,*,#3786,.F.);
#4667 = ADVANCED_FACE('',(#4668),#3856,.F.);
#4668 = FACE_BOUND('',#4669,.F.);
#4669 = EDGE_LOOP('',(#4670,#4700,#4721,#4722));
#4670 = ORIENTED_EDGE('',*,*,#4671,.T.);
#4671 = EDGE_CURVE('',#4672,#4674,#4676,.T.);
#4672 = VERTEX_POINT('',#4673);
#4673 = CARTESIAN_POINT('',(51.,5.199999988079,91.628535032272));
#4674 = VERTEX_POINT('',#4675);
#4675 = CARTESIAN_POINT('',(51.,5.800000011921,91.628535032272));
#4676 = SURFACE_CURVE('',#4677,(#4681,#4688),.PCURVE_S1.);
#4677 = LINE('',#4678,#4679);
#4678 = CARTESIAN_POINT('',(51.,5.,91.628535032272));
#4679 = VECTOR('',#4680,1.);
#4680 = DIRECTION('',(-0.,1.,-0.));
#4681 = PCURVE('',#3856,#4682);
#4682 = DEFINITIONAL_REPRESENTATION('',(#4683),#4687);
#4683 = LINE('',#4684,#4685);
#4684 = CARTESIAN_POINT('',(1.,0.));
#4685 = VECTOR('',#4686,1.);
#4686 = DIRECTION('',(0.,-1.));
#4687 = ( GEOMETRIC_REPRESENTATION_CONTEXT(2) 
PARAMETRIC_REPRESENTATION_CONTEXT() REPRESENTATION_CONTEXT('2D SPACE',''
  ) );
#4688 = PCURVE('',#4689,#4694);
#4689 = CYLINDRICAL_SURFACE('',#4690,1.);
#4690 = AXIS2_PLACEMENT_3D('',#4691,#4692,#4693);
#4691 = CARTESIAN_POINT('',(51.,5.,90.628535032272));
#4692 = DIRECTION('',(-0.,1.,-0.));
#4693 = DIRECTION('',(1.,0.,-1.224646799147E-16));
#4694 = DEFINITIONAL_REPRESENTATION('',(#4695),#4699);
#4695 = LINE('',#4696,#4697);
#4696 = CARTESIAN_POINT('',(-1.570796326795,0.));
#4697 = VECTOR('',#4698,1.);
#4698 = DIRECTION('',(-0.,1.));
#4699 = ( GEOMETRIC_REPRESENTATION_CONTEXT(2) 
PARAMETRIC_REPRESENTATION_CONTEXT() REPRESENTATION_CONTEXT('2D SPACE',''
  ) );
#4700 = ORIENTED_EDGE('',*,*,#4701,.T.);
#4701 = EDGE_CURVE('',#4674,#3841,#4702,.T.);
#4702 = SURFACE_CURVE('',#4703,(#4707,#4714),.PCURVE_S1.);
#4703 = LINE('',#4704,#4705);
#4704 = CARTESIAN_POINT('',(51.,5.800000011921,91.628535032272));
#4705 = VECTOR('',#4706,1.);
#4706 = DIRECTION('',(-1.,0.,2.449293598295E-16));
#4707 = PCURVE('',#3856,#4708);
#4708 = DEFINITIONAL_REPRESENTATION('',(#4709),#4713);
#4709 = LINE('',#4710,#4711);
#4710 = CARTESIAN_POINT('',(1.,-0.800000011921));
#4711 = VECTOR('',#4712,1.);
#4712 = DIRECTION('',(1.,0.));
#4713 = ( GEOMETRIC_REPRESENTATION_CONTEXT(2) 
PARAMETRIC_REPRESENTATION_CONTEXT() REPRESENTATION_CONTEXT('2D SPACE',''
  ) );
#4714 = PCURVE('',#3889,#4715);
#4715 = DEFINITIONAL_REPRESENTATION('',(#4716),#4720);
#4716 = LINE('',#4717,#4718);
#4717 = CARTESIAN_POINT('',(1.570796326795,0.));
#4718 = VECTOR('',#4719,1.);
#4719 = DIRECTION('',(0.,1.));
#4720 = ( GEOMETRIC_REPRESENTATION_CONTEXT(2) 
PARAMETRIC_REPRESENTATION_CONTEXT() REPRESENTATION_CONTEXT('2D SPACE',''
  ) );
#4721 = ORIENTED_EDGE('',*,*,#3838,.F.);
#4722 = ORIENTED_EDGE('',*,*,#4723,.F.);
#4723 = EDGE_CURVE('',#4672,#3839,#4724,.T.);
#4724 = SURFACE_CURVE('',#4725,(#4729,#4736),.PCURVE_S1.);
#4725 = LINE('',#4726,#4727);
#4726 = CARTESIAN_POINT('',(51.,5.199999988079,91.628535032272));
#4727 = VECTOR('',#4728,1.);
#4728 = DIRECTION('',(-1.,0.,2.449293598295E-16));
#4729 = PCURVE('',#3856,#4730);
#4730 = DEFINITIONAL_REPRESENTATION('',(#4731),#4735);
#4731 = LINE('',#4732,#4733);
#4732 = CARTESIAN_POINT('',(1.,-0.199999988079));
#4733 = VECTOR('',#4734,1.);
#4734 = DIRECTION('',(1.,0.));
#4735 = ( GEOMETRIC_REPRESENTATION_CONTEXT(2) 
PARAMETRIC_REPRESENTATION_CONTEXT() REPRESENTATION_CONTEXT('2D SPACE',''
  ) );
#4736 = PCURVE('',#3963,#4737);
#4737 = DEFINITIONAL_REPRESENTATION('',(#4738),#4742);
#4738 = LINE('',#4739,#4740);
#4739 = CARTESIAN_POINT('',(-1.570796326795,0.));
#4740 = VECTOR('',#4741,1.);
#4741 = DIRECTION('',(-0.,1.));
#4742 = ( GEOMETRIC_REPRESENTATION_CONTEXT(2) 
PARAMETRIC_REPRESENTATION_CONTEXT() REPRESENTATION_CONTEXT('2D SPACE',''
  ) );
#4743 = ADVANCED_FACE('',(#4744),#3963,.T.);
#4744 = FACE_BOUND('',#4745,.F.);
#4745 = EDGE_LOOP('',(#4746,#4766,#4767,#4768));
#4746 = ORIENTED_EDGE('',*,*,#4747,.T.);
#4747 = EDGE_CURVE('',#4172,#4672,#4748,.T.);
#4748 = SURFACE_CURVE('',#4749,(#4754,#4760),.PCURVE_S1.);
#4749 = CIRCLE('',#4750,0.199999988079);
#4750 = AXIS2_PLACEMENT_3D('',#4751,#4752,#4753);
#4751 = CARTESIAN_POINT('',(51.,5.199999988079,91.828535020351));
#4752 = DIRECTION('',(1.,0.,-2.832769448824E-16));
#4753 = DIRECTION('',(2.832769448824E-16,0.,1.));
#4754 = PCURVE('',#3963,#4755);
#4755 = DEFINITIONAL_REPRESENTATION('',(#4756),#4759);
#4756 = B_SPLINE_CURVE_WITH_KNOTS('',1,(#4757,#4758),.UNSPECIFIED.,.F.,
  .F.,(2,2),(1.570796326795,3.14159265359),.PIECEWISE_BEZIER_KNOTS.);
#4757 = CARTESIAN_POINT('',(0.,0.));
#4758 = CARTESIAN_POINT('',(-1.570796326795,0.));
#4759 = ( GEOMETRIC_REPRESENTATION_CONTEXT(2) 
PARAMETRIC_REPRESENTATION_CONTEXT() REPRESENTATION_CONTEXT('2D SPACE',''
  ) );
#4760 = PCURVE('',#4211,#4761);
#4761 = DEFINITIONAL_REPRESENTATION('',(#4762),#4765);
#4762 = B_SPLINE_CURVE_WITH_KNOTS('',1,(#4763,#4764),.UNSPECIFIED.,.F.,
  .F.,(2,2),(1.570796326795,3.14159265359),.PIECEWISE_BEZIER_KNOTS.);
#4763 = CARTESIAN_POINT('',(1.570796326795,1.570796326795));
#4764 = CARTESIAN_POINT('',(1.570796326795,3.14159265359));
#4765 = ( GEOMETRIC_REPRESENTATION_CONTEXT(2) 
PARAMETRIC_REPRESENTATION_CONTEXT() REPRESENTATION_CONTEXT('2D SPACE',''
  ) );
#4766 = ORIENTED_EDGE('',*,*,#4723,.T.);
#4767 = ORIENTED_EDGE('',*,*,#3948,.F.);
#4768 = ORIENTED_EDGE('',*,*,#4171,.F.);
#4769 = ADVANCED_FACE('',(#4770),#3889,.T.);
#4770 = FACE_BOUND('',#4771,.T.);
#4771 = EDGE_LOOP('',(#4772,#4792,#4793,#4794));
#4772 = ORIENTED_EDGE('',*,*,#4773,.T.);
#4773 = EDGE_CURVE('',#4425,#4674,#4774,.T.);
#4774 = SURFACE_CURVE('',#4775,(#4780,#4786),.PCURVE_S1.);
#4775 = CIRCLE('',#4776,0.199999988079);
#4776 = AXIS2_PLACEMENT_3D('',#4777,#4778,#4779);
#4777 = CARTESIAN_POINT('',(51.,5.800000011921,91.828535020351));
#4778 = DIRECTION('',(-1.,0.,2.832769448824E-16));
#4779 = DIRECTION('',(2.832769448824E-16,0.,1.));
#4780 = PCURVE('',#3889,#4781);
#4781 = DEFINITIONAL_REPRESENTATION('',(#4782),#4785);
#4782 = B_SPLINE_CURVE_WITH_KNOTS('',1,(#4783,#4784),.UNSPECIFIED.,.F.,
  .F.,(2,2),(1.570796326795,3.14159265359),.PIECEWISE_BEZIER_KNOTS.);
#4783 = CARTESIAN_POINT('',(0.,0.));
#4784 = CARTESIAN_POINT('',(1.570796326795,0.));
#4785 = ( GEOMETRIC_REPRESENTATION_CONTEXT(2) 
PARAMETRIC_REPRESENTATION_CONTEXT() REPRESENTATION_CONTEXT('2D SPACE',''
  ) );
#4786 = PCURVE('',#4464,#4787);
#4787 = DEFINITIONAL_REPRESENTATION('',(#4788),#4791);
#4788 = B_SPLINE_CURVE_WITH_KNOTS('',1,(#4789,#4790),.UNSPECIFIED.,.F.,
  .F.,(2,2),(1.570796326795,3.14159265359),.PIECEWISE_BEZIER_KNOTS.);
#4789 = CARTESIAN_POINT('',(-1.570796326795,1.570796326795));
#4790 = CARTESIAN_POINT('',(-1.570796326795,3.14159265359));
#4791 = ( GEOMETRIC_REPRESENTATION_CONTEXT(2) 
PARAMETRIC_REPRESENTATION_CONTEXT() REPRESENTATION_CONTEXT('2D SPACE',''
  ) );
#4792 = ORIENTED_EDGE('',*,*,#4701,.T.);
#4793 = ORIENTED_EDGE('',*,*,#3868,.F.);
#4794 = ORIENTED_EDGE('',*,*,#4424,.F.);
#4795 = ADVANCED_FACE('',(#4796),#3996,.T.);
#4796 = FACE_BOUND('',#4797,.T.);
#4797 = EDGE_LOOP('',(#4798,#4799,#4800,#4820));
#4798 = ORIENTED_EDGE('',*,*,#3980,.T.);
#4799 = ORIENTED_EDGE('',*,*,#4397,.T.);
#4800 = ORIENTED_EDGE('',*,*,#4801,.F.);
#4801 = EDGE_CURVE('',#4119,#4365,#4802,.T.);
#4802 = SURFACE_CURVE('',#4803,(#4808,#4814),.PCURVE_S1.);
#4803 = CIRCLE('',#4804,0.199999988079);
#4804 = AXIS2_PLACEMENT_3D('',#4805,#4806,#4807);
#4805 = CARTESIAN_POINT('',(52.800000011921,5.199999988079,
    79.628535032272));
#4806 = DIRECTION('',(-2.449293598295E-16,-0.,-1.));
#4807 = DIRECTION('',(1.,-0.,-2.449293598295E-16));
#4808 = PCURVE('',#3996,#4809);
#4809 = DEFINITIONAL_REPRESENTATION('',(#4810),#4813);
#4810 = B_SPLINE_CURVE_WITH_KNOTS('',1,(#4811,#4812),.UNSPECIFIED.,.F.,
  .F.,(2,2),(0.,1.570796326795),.PIECEWISE_BEZIER_KNOTS.);
#4811 = CARTESIAN_POINT('',(0.,11.));
#4812 = CARTESIAN_POINT('',(1.570796326795,11.));
#4813 = ( GEOMETRIC_REPRESENTATION_CONTEXT(2) 
PARAMETRIC_REPRESENTATION_CONTEXT() REPRESENTATION_CONTEXT('2D SPACE',''
  ) );
#4814 = PCURVE('',#4385,#4815);
#4815 = DEFINITIONAL_REPRESENTATION('',(#4816),#4819);
#4816 = B_SPLINE_CURVE_WITH_KNOTS('',1,(#4817,#4818),.UNSPECIFIED.,.F.,
  .F.,(2,2),(0.,1.570796326795),.PIECEWISE_BEZIER_KNOTS.);
#4817 = CARTESIAN_POINT('',(0.,0.));
#4818 = CARTESIAN_POINT('',(0.,1.570796326795));
#4819 = ( GEOMETRIC_REPRESENTATION_CONTEXT(2) 
PARAMETRIC_REPRESENTATION_CONTEXT() REPRESENTATION_CONTEXT('2D SPACE',''
  ) );
#4820 = ORIENTED_EDGE('',*,*,#4146,.F.);
#4821 = ADVANCED_FACE('',(#4822),#4054,.T.);
#4822 = FACE_BOUND('',#4823,.F.);
#4823 = EDGE_LOOP('',(#4824,#4825,#4826,#4846));
#4824 = ORIENTED_EDGE('',*,*,#4038,.T.);
#4825 = ORIENTED_EDGE('',*,*,#4645,.T.);
#4826 = ORIENTED_EDGE('',*,*,#4827,.F.);
#4827 = EDGE_CURVE('',#4096,#4613,#4828,.T.);
#4828 = SURFACE_CURVE('',#4829,(#4834,#4840),.PCURVE_S1.);
#4829 = CIRCLE('',#4830,0.199999988079);
#4830 = AXIS2_PLACEMENT_3D('',#4831,#4832,#4833);
#4831 = CARTESIAN_POINT('',(52.800000011921,5.800000011921,
    79.628535032272));
#4832 = DIRECTION('',(2.449293598295E-16,0.,1.));
#4833 = DIRECTION('',(1.,0.,-2.449293598295E-16));
#4834 = PCURVE('',#4054,#4835);
#4835 = DEFINITIONAL_REPRESENTATION('',(#4836),#4839);
#4836 = B_SPLINE_CURVE_WITH_KNOTS('',1,(#4837,#4838),.UNSPECIFIED.,.F.,
  .F.,(2,2),(0.,1.570796326795),.PIECEWISE_BEZIER_KNOTS.);
#4837 = CARTESIAN_POINT('',(0.,11.));
#4838 = CARTESIAN_POINT('',(-1.570796326795,11.));
#4839 = ( GEOMETRIC_REPRESENTATION_CONTEXT(2) 
PARAMETRIC_REPRESENTATION_CONTEXT() REPRESENTATION_CONTEXT('2D SPACE',''
  ) );
#4840 = PCURVE('',#4633,#4841);
#4841 = DEFINITIONAL_REPRESENTATION('',(#4842),#4845);
#4842 = B_SPLINE_CURVE_WITH_KNOTS('',1,(#4843,#4844),.UNSPECIFIED.,.F.,
  .F.,(2,2),(0.,1.570796326795),.PIECEWISE_BEZIER_KNOTS.);
#4843 = CARTESIAN_POINT('',(0.,0.));
#4844 = CARTESIAN_POINT('',(0.,1.570796326795));
#4845 = ( GEOMETRIC_REPRESENTATION_CONTEXT(2) 
PARAMETRIC_REPRESENTATION_CONTEXT() REPRESENTATION_CONTEXT('2D SPACE',''
  ) );
#4846 = ORIENTED_EDGE('',*,*,#4095,.F.);
#4847 = ADVANCED_FACE('',(#4848),#4134,.T.);
#4848 = FACE_BOUND('',#4849,.T.);
#4849 = EDGE_LOOP('',(#4850,#4851,#4875,#4903));
#4850 = ORIENTED_EDGE('',*,*,#4118,.F.);
#4851 = ORIENTED_EDGE('',*,*,#4852,.T.);
#4852 = EDGE_CURVE('',#4119,#4853,#4855,.T.);
#4853 = VERTEX_POINT('',#4854);
#4854 = CARTESIAN_POINT('',(51.,5.199999988079,77.628535032272));
#4855 = SURFACE_CURVE('',#4856,(#4861,#4868),.PCURVE_S1.);
#4856 = CIRCLE('',#4857,2.);
#4857 = AXIS2_PLACEMENT_3D('',#4858,#4859,#4860);
#4858 = CARTESIAN_POINT('',(51.,5.199999988079,79.628535032272));
#4859 = DIRECTION('',(-0.,1.,0.));
#4860 = DIRECTION('',(1.,0.,0.));
#4861 = PCURVE('',#4134,#4862);
#4862 = DEFINITIONAL_REPRESENTATION('',(#4863),#4867);
#4863 = LINE('',#4864,#4865);
#4864 = CARTESIAN_POINT('',(0.,0.199999988079));
#4865 = VECTOR('',#4866,1.);
#4866 = DIRECTION('',(1.,0.));
#4867 = ( GEOMETRIC_REPRESENTATION_CONTEXT(2) 
PARAMETRIC_REPRESENTATION_CONTEXT() REPRESENTATION_CONTEXT('2D SPACE',''
  ) );
#4868 = PCURVE('',#4385,#4869);
#4869 = DEFINITIONAL_REPRESENTATION('',(#4870),#4874);
#4870 = LINE('',#4871,#4872);
#4871 = CARTESIAN_POINT('',(-0.,0.));
#4872 = VECTOR('',#4873,1.);
#4873 = DIRECTION('',(-1.,0.));
#4874 = ( GEOMETRIC_REPRESENTATION_CONTEXT(2) 
PARAMETRIC_REPRESENTATION_CONTEXT() REPRESENTATION_CONTEXT('2D SPACE',''
  ) );
#4875 = ORIENTED_EDGE('',*,*,#4876,.T.);
#4876 = EDGE_CURVE('',#4853,#4877,#4879,.T.);
#4877 = VERTEX_POINT('',#4878);
#4878 = CARTESIAN_POINT('',(51.,5.800000011921,77.628535032272));
#4879 = SURFACE_CURVE('',#4880,(#4884,#4891),.PCURVE_S1.);
#4880 = LINE('',#4881,#4882);
#4881 = CARTESIAN_POINT('',(51.,5.,77.628535032272));
#4882 = VECTOR('',#4883,1.);
#4883 = DIRECTION('',(-0.,1.,-0.));
#4884 = PCURVE('',#4134,#4885);
#4885 = DEFINITIONAL_REPRESENTATION('',(#4886),#4890);
#4886 = LINE('',#4887,#4888);
#4887 = CARTESIAN_POINT('',(1.570796326795,0.));
#4888 = VECTOR('',#4889,1.);
#4889 = DIRECTION('',(0.,1.));
#4890 = ( GEOMETRIC_REPRESENTATION_CONTEXT(2) 
PARAMETRIC_REPRESENTATION_CONTEXT() REPRESENTATION_CONTEXT('2D SPACE',''
  ) );
#4891 = PCURVE('',#4892,#4897);
#4892 = PLANE('',#4893);
#4893 = AXIS2_PLACEMENT_3D('',#4894,#4895,#4896);
#4894 = CARTESIAN_POINT('',(53.,5.,77.628535032272));
#4895 = DIRECTION('',(-0.,0.,1.));
#4896 = DIRECTION('',(-1.,0.,-0.));
#4897 = DEFINITIONAL_REPRESENTATION('',(#4898),#4902);
#4898 = LINE('',#4899,#4900);
#4899 = CARTESIAN_POINT('',(2.,0.));
#4900 = VECTOR('',#4901,1.);
#4901 = DIRECTION('',(0.,-1.));
#4902 = ( GEOMETRIC_REPRESENTATION_CONTEXT(2) 
PARAMETRIC_REPRESENTATION_CONTEXT() REPRESENTATION_CONTEXT('2D SPACE',''
  ) );
#4903 = ORIENTED_EDGE('',*,*,#4904,.F.);
#4904 = EDGE_CURVE('',#4096,#4877,#4905,.T.);
#4905 = SURFACE_CURVE('',#4906,(#4911,#4918),.PCURVE_S1.);
#4906 = CIRCLE('',#4907,2.);
#4907 = AXIS2_PLACEMENT_3D('',#4908,#4909,#4910);
#4908 = CARTESIAN_POINT('',(51.,5.800000011921,79.628535032272));
#4909 = DIRECTION('',(-0.,1.,0.));
#4910 = DIRECTION('',(1.,0.,0.));
#4911 = PCURVE('',#4134,#4912);
#4912 = DEFINITIONAL_REPRESENTATION('',(#4913),#4917);
#4913 = LINE('',#4914,#4915);
#4914 = CARTESIAN_POINT('',(0.,0.800000011921));
#4915 = VECTOR('',#4916,1.);
#4916 = DIRECTION('',(1.,0.));
#4917 = ( GEOMETRIC_REPRESENTATION_CONTEXT(2) 
PARAMETRIC_REPRESENTATION_CONTEXT() REPRESENTATION_CONTEXT('2D SPACE',''
  ) );
#4918 = PCURVE('',#4633,#4919);
#4919 = DEFINITIONAL_REPRESENTATION('',(#4920),#4924);
#4920 = LINE('',#4921,#4922);
#4921 = CARTESIAN_POINT('',(0.,0.));
#4922 = VECTOR('',#4923,1.);
#4923 = DIRECTION('',(1.,0.));
#4924 = ( GEOMETRIC_REPRESENTATION_CONTEXT(2) 
PARAMETRIC_REPRESENTATION_CONTEXT() REPRESENTATION_CONTEXT('2D SPACE',''
  ) );
#4925 = ADVANCED_FACE('',(#4926),#4211,.T.);
#4926 = FACE_BOUND('',#4927,.T.);
#4927 = EDGE_LOOP('',(#4928,#4950,#4951,#4952));
#4928 = ORIENTED_EDGE('',*,*,#4929,.F.);
#4929 = EDGE_CURVE('',#4195,#4930,#4932,.T.);
#4930 = VERTEX_POINT('',#4931);
#4931 = CARTESIAN_POINT('',(52.,5.199999988079,90.628535032272));
#4932 = SURFACE_CURVE('',#4933,(#4938,#4944),.PCURVE_S1.);
#4933 = CIRCLE('',#4934,0.199999988079);
#4934 = AXIS2_PLACEMENT_3D('',#4935,#4936,#4937);
#4935 = CARTESIAN_POINT('',(52.199999988079,5.199999988079,
    90.628535032272));
#4936 = DIRECTION('',(-1.224646799147E-16,-0.,-1.));
#4937 = DIRECTION('',(0.,-1.,0.));
#4938 = PCURVE('',#4211,#4939);
#4939 = DEFINITIONAL_REPRESENTATION('',(#4940),#4943);
#4940 = B_SPLINE_CURVE_WITH_KNOTS('',1,(#4941,#4942),.UNSPECIFIED.,.F.,
  .F.,(2,2),(0.,1.570796326795),.PIECEWISE_BEZIER_KNOTS.);
#4941 = CARTESIAN_POINT('',(0.,1.570796326795));
#4942 = CARTESIAN_POINT('',(0.,3.14159265359));
#4943 = ( GEOMETRIC_REPRESENTATION_CONTEXT(2) 
PARAMETRIC_REPRESENTATION_CONTEXT() REPRESENTATION_CONTEXT('2D SPACE',''
  ) );
#4944 = PCURVE('',#4239,#4945);
#4945 = DEFINITIONAL_REPRESENTATION('',(#4946),#4949);
#4946 = B_SPLINE_CURVE_WITH_KNOTS('',1,(#4947,#4948),.UNSPECIFIED.,.F.,
  .F.,(2,2),(0.,1.570796326795),.PIECEWISE_BEZIER_KNOTS.);
#4947 = CARTESIAN_POINT('',(0.,11.));
#4948 = CARTESIAN_POINT('',(-1.570796326795,11.));
#4949 = ( GEOMETRIC_REPRESENTATION_CONTEXT(2) 
PARAMETRIC_REPRESENTATION_CONTEXT() REPRESENTATION_CONTEXT('2D SPACE',''
  ) );
#4950 = ORIENTED_EDGE('',*,*,#4194,.T.);
#4951 = ORIENTED_EDGE('',*,*,#4747,.T.);
#4952 = ORIENTED_EDGE('',*,*,#4953,.F.);
#4953 = EDGE_CURVE('',#4930,#4672,#4954,.T.);
#4954 = SURFACE_CURVE('',#4955,(#4960,#4967),.PCURVE_S1.);
#4955 = CIRCLE('',#4956,1.);
#4956 = AXIS2_PLACEMENT_3D('',#4957,#4958,#4959);
#4957 = CARTESIAN_POINT('',(51.,5.199999988079,90.628535032272));
#4958 = DIRECTION('',(0.,-1.,0.));
#4959 = DIRECTION('',(1.,0.,0.));
#4960 = PCURVE('',#4211,#4961);
#4961 = DEFINITIONAL_REPRESENTATION('',(#4962),#4966);
#4962 = LINE('',#4963,#4964);
#4963 = CARTESIAN_POINT('',(0.,3.14159265359));
#4964 = VECTOR('',#4965,1.);
#4965 = DIRECTION('',(1.,0.));
#4966 = ( GEOMETRIC_REPRESENTATION_CONTEXT(2) 
PARAMETRIC_REPRESENTATION_CONTEXT() REPRESENTATION_CONTEXT('2D SPACE',''
  ) );
#4967 = PCURVE('',#4689,#4968);
#4968 = DEFINITIONAL_REPRESENTATION('',(#4969),#4973);
#4969 = LINE('',#4970,#4971);
#4970 = CARTESIAN_POINT('',(-0.,0.199999988079));
#4971 = VECTOR('',#4972,1.);
#4972 = DIRECTION('',(-1.,0.));
#4973 = ( GEOMETRIC_REPRESENTATION_CONTEXT(2) 
PARAMETRIC_REPRESENTATION_CONTEXT() REPRESENTATION_CONTEXT('2D SPACE',''
  ) );
#4974 = ADVANCED_FACE('',(#4975),#4239,.T.);
#4975 = FACE_BOUND('',#4976,.F.);
#4976 = EDGE_LOOP('',(#4977,#4999,#5025,#5026));
#4977 = ORIENTED_EDGE('',*,*,#4978,.T.);
#4978 = EDGE_CURVE('',#4224,#4979,#4981,.T.);
#4979 = VERTEX_POINT('',#4980);
#4980 = CARTESIAN_POINT('',(52.,5.199999988079,79.628535032272));
#4981 = SURFACE_CURVE('',#4982,(#4987,#4993),.PCURVE_S1.);
#4982 = CIRCLE('',#4983,0.199999988079);
#4983 = AXIS2_PLACEMENT_3D('',#4984,#4985,#4986);
#4984 = CARTESIAN_POINT('',(52.199999988079,5.199999988079,
    79.628535032272));
#4985 = DIRECTION('',(-6.123233995737E-17,-0.,-1.));
#4986 = DIRECTION('',(1.,0.,-6.123233995737E-17));
#4987 = PCURVE('',#4239,#4988);
#4988 = DEFINITIONAL_REPRESENTATION('',(#4989),#4992);
#4989 = B_SPLINE_CURVE_WITH_KNOTS('',1,(#4990,#4991),.UNSPECIFIED.,.F.,
  .F.,(2,2),(1.570796326795,3.14159265359),.PIECEWISE_BEZIER_KNOTS.);
#4990 = CARTESIAN_POINT('',(0.,0.));
#4991 = CARTESIAN_POINT('',(-1.570796326795,0.));
#4992 = ( GEOMETRIC_REPRESENTATION_CONTEXT(2) 
PARAMETRIC_REPRESENTATION_CONTEXT() REPRESENTATION_CONTEXT('2D SPACE',''
  ) );
#4993 = PCURVE('',#4268,#4994);
#4994 = DEFINITIONAL_REPRESENTATION('',(#4995),#4998);
#4995 = B_SPLINE_CURVE_WITH_KNOTS('',1,(#4996,#4997),.UNSPECIFIED.,.F.,
  .F.,(2,2),(1.570796326795,3.14159265359),.PIECEWISE_BEZIER_KNOTS.);
#4996 = CARTESIAN_POINT('',(1.570796326795,1.570796326795));
#4997 = CARTESIAN_POINT('',(1.570796326795,3.14159265359));
#4998 = ( GEOMETRIC_REPRESENTATION_CONTEXT(2) 
PARAMETRIC_REPRESENTATION_CONTEXT() REPRESENTATION_CONTEXT('2D SPACE',''
  ) );
#4999 = ORIENTED_EDGE('',*,*,#5000,.T.);
#5000 = EDGE_CURVE('',#4979,#4930,#5001,.T.);
#5001 = SURFACE_CURVE('',#5002,(#5006,#5013),.PCURVE_S1.);
#5002 = LINE('',#5003,#5004);
#5003 = CARTESIAN_POINT('',(52.,5.199999988079,79.628535032272));
#5004 = VECTOR('',#5005,1.);
#5005 = DIRECTION('',(1.224646799147E-16,0.,1.));
#5006 = PCURVE('',#4239,#5007);
#5007 = DEFINITIONAL_REPRESENTATION('',(#5008),#5012);
#5008 = LINE('',#5009,#5010);
#5009 = CARTESIAN_POINT('',(-1.570796326795,0.));
#5010 = VECTOR('',#5011,1.);
#5011 = DIRECTION('',(-0.,1.));
#5012 = ( GEOMETRIC_REPRESENTATION_CONTEXT(2) 
PARAMETRIC_REPRESENTATION_CONTEXT() REPRESENTATION_CONTEXT('2D SPACE',''
  ) );
#5013 = PCURVE('',#5014,#5019);
#5014 = PLANE('',#5015);
#5015 = AXIS2_PLACEMENT_3D('',#5016,#5017,#5018);
#5016 = CARTESIAN_POINT('',(52.,5.,78.628535032272));
#5017 = DIRECTION('',(1.,0.,-1.224646799147E-16));
#5018 = DIRECTION('',(1.224646799147E-16,0.,1.));
#5019 = DEFINITIONAL_REPRESENTATION('',(#5020),#5024);
#5020 = LINE('',#5021,#5022);
#5021 = CARTESIAN_POINT('',(1.,-0.199999988079));
#5022 = VECTOR('',#5023,1.);
#5023 = DIRECTION('',(1.,0.));
#5024 = ( GEOMETRIC_REPRESENTATION_CONTEXT(2) 
PARAMETRIC_REPRESENTATION_CONTEXT() REPRESENTATION_CONTEXT('2D SPACE',''
  ) );
#5025 = ORIENTED_EDGE('',*,*,#4929,.F.);
#5026 = ORIENTED_EDGE('',*,*,#4223,.F.);
#5027 = ADVANCED_FACE('',(#5028),#4268,.T.);
#5028 = FACE_BOUND('',#5029,.T.);
#5029 = EDGE_LOOP('',(#5030,#5052,#5053,#5054));
#5030 = ORIENTED_EDGE('',*,*,#5031,.F.);
#5031 = EDGE_CURVE('',#4252,#5032,#5034,.T.);
#5032 = VERTEX_POINT('',#5033);
#5033 = CARTESIAN_POINT('',(51.,5.199999988079,78.628535032272));
#5034 = SURFACE_CURVE('',#5035,(#5040,#5046),.PCURVE_S1.);
#5035 = CIRCLE('',#5036,0.199999988079);
#5036 = AXIS2_PLACEMENT_3D('',#5037,#5038,#5039);
#5037 = CARTESIAN_POINT('',(51.,5.199999988079,78.428535044193));
#5038 = DIRECTION('',(-1.,0.,1.224646799147E-16));
#5039 = DIRECTION('',(0.,-1.,0.));
#5040 = PCURVE('',#4268,#5041);
#5041 = DEFINITIONAL_REPRESENTATION('',(#5042),#5045);
#5042 = B_SPLINE_CURVE_WITH_KNOTS('',1,(#5043,#5044),.UNSPECIFIED.,.F.,
  .F.,(2,2),(0.,1.570796326795),.PIECEWISE_BEZIER_KNOTS.);
#5043 = CARTESIAN_POINT('',(0.,1.570796326795));
#5044 = CARTESIAN_POINT('',(0.,3.14159265359));
#5045 = ( GEOMETRIC_REPRESENTATION_CONTEXT(2) 
PARAMETRIC_REPRESENTATION_CONTEXT() REPRESENTATION_CONTEXT('2D SPACE',''
  ) );
#5046 = PCURVE('',#4296,#5047);
#5047 = DEFINITIONAL_REPRESENTATION('',(#5048),#5051);
#5048 = B_SPLINE_CURVE_WITH_KNOTS('',1,(#5049,#5050),.UNSPECIFIED.,.F.,
  .F.,(2,2),(0.,1.570796326795),.PIECEWISE_BEZIER_KNOTS.);
#5049 = CARTESIAN_POINT('',(0.,1.));
#5050 = CARTESIAN_POINT('',(-1.570796326795,1.));
#5051 = ( GEOMETRIC_REPRESENTATION_CONTEXT(2) 
PARAMETRIC_REPRESENTATION_CONTEXT() REPRESENTATION_CONTEXT('2D SPACE',''
  ) );
#5052 = ORIENTED_EDGE('',*,*,#4251,.T.);
#5053 = ORIENTED_EDGE('',*,*,#4978,.T.);
#5054 = ORIENTED_EDGE('',*,*,#5055,.F.);
#5055 = EDGE_CURVE('',#5032,#4979,#5056,.T.);
#5056 = SURFACE_CURVE('',#5057,(#5062,#5069),.PCURVE_S1.);
#5057 = CIRCLE('',#5058,1.);
#5058 = AXIS2_PLACEMENT_3D('',#5059,#5060,#5061);
#5059 = CARTESIAN_POINT('',(51.,5.199999988079,79.628535032272));
#5060 = DIRECTION('',(0.,-1.,0.));
#5061 = DIRECTION('',(0.,0.,-1.));
#5062 = PCURVE('',#4268,#5063);
#5063 = DEFINITIONAL_REPRESENTATION('',(#5064),#5068);
#5064 = LINE('',#5065,#5066);
#5065 = CARTESIAN_POINT('',(0.,3.14159265359));
#5066 = VECTOR('',#5067,1.);
#5067 = DIRECTION('',(1.,0.));
#5068 = ( GEOMETRIC_REPRESENTATION_CONTEXT(2) 
PARAMETRIC_REPRESENTATION_CONTEXT() REPRESENTATION_CONTEXT('2D SPACE',''
  ) );
#5069 = PCURVE('',#5070,#5075);
#5070 = CYLINDRICAL_SURFACE('',#5071,1.);
#5071 = AXIS2_PLACEMENT_3D('',#5072,#5073,#5074);
#5072 = CARTESIAN_POINT('',(51.,5.,79.628535032272));
#5073 = DIRECTION('',(-0.,1.,-0.));
#5074 = DIRECTION('',(-1.224646799147E-16,-0.,-1.));
#5075 = DEFINITIONAL_REPRESENTATION('',(#5076),#5080);
#5076 = LINE('',#5077,#5078);
#5077 = CARTESIAN_POINT('',(-0.,0.199999988079));
#5078 = VECTOR('',#5079,1.);
#5079 = DIRECTION('',(-1.,0.));
#5080 = ( GEOMETRIC_REPRESENTATION_CONTEXT(2) 
PARAMETRIC_REPRESENTATION_CONTEXT() REPRESENTATION_CONTEXT('2D SPACE',''
  ) );
#5081 = ADVANCED_FACE('',(#5082),#4385,.T.);
#5082 = FACE_BOUND('',#5083,.F.);
#5083 = EDGE_LOOP('',(#5084,#5085,#5086,#5106));
#5084 = ORIENTED_EDGE('',*,*,#4801,.F.);
#5085 = ORIENTED_EDGE('',*,*,#4852,.T.);
#5086 = ORIENTED_EDGE('',*,*,#5087,.T.);
#5087 = EDGE_CURVE('',#4853,#4337,#5088,.T.);
#5088 = SURFACE_CURVE('',#5089,(#5094,#5100),.PCURVE_S1.);
#5089 = CIRCLE('',#5090,0.199999988079);
#5090 = AXIS2_PLACEMENT_3D('',#5091,#5092,#5093);
#5091 = CARTESIAN_POINT('',(51.,5.199999988079,77.828535020351));
#5092 = DIRECTION('',(-1.,-0.,-2.832769448824E-16));
#5093 = DIRECTION('',(2.832769448824E-16,0.,-1.));
#5094 = PCURVE('',#4385,#5095);
#5095 = DEFINITIONAL_REPRESENTATION('',(#5096),#5099);
#5096 = B_SPLINE_CURVE_WITH_KNOTS('',1,(#5097,#5098),.UNSPECIFIED.,.F.,
  .F.,(2,2),(0.,1.570796326795),.PIECEWISE_BEZIER_KNOTS.);
#5097 = CARTESIAN_POINT('',(-1.570796326795,0.));
#5098 = CARTESIAN_POINT('',(-1.570796326795,1.570796326795));
#5099 = ( GEOMETRIC_REPRESENTATION_CONTEXT(2) 
PARAMETRIC_REPRESENTATION_CONTEXT() REPRESENTATION_CONTEXT('2D SPACE',''
  ) );
#5100 = PCURVE('',#4352,#5101);
#5101 = DEFINITIONAL_REPRESENTATION('',(#5102),#5105);
#5102 = B_SPLINE_CURVE_WITH_KNOTS('',1,(#5103,#5104),.UNSPECIFIED.,.F.,
  .F.,(2,2),(0.,1.570796326795),.PIECEWISE_BEZIER_KNOTS.);
#5103 = CARTESIAN_POINT('',(0.,0.));
#5104 = CARTESIAN_POINT('',(1.570796326795,0.));
#5105 = ( GEOMETRIC_REPRESENTATION_CONTEXT(2) 
PARAMETRIC_REPRESENTATION_CONTEXT() REPRESENTATION_CONTEXT('2D SPACE',''
  ) );
#5106 = ORIENTED_EDGE('',*,*,#4364,.F.);
#5107 = ADVANCED_FACE('',(#5108),#4296,.T.);
#5108 = FACE_BOUND('',#5109,.F.);
#5109 = EDGE_LOOP('',(#5110,#5138,#5164,#5165));
#5110 = ORIENTED_EDGE('',*,*,#5111,.T.);
#5111 = EDGE_CURVE('',#4281,#5112,#5114,.T.);
#5112 = VERTEX_POINT('',#5113);
#5113 = CARTESIAN_POINT('',(50.,5.199999988079,78.628535032272));
#5114 = SURFACE_CURVE('',#5115,(#5120,#5127),.PCURVE_S1.);
#5115 = CIRCLE('',#5116,0.199999988079);
#5116 = AXIS2_PLACEMENT_3D('',#5117,#5118,#5119);
#5117 = CARTESIAN_POINT('',(50.,5.199999988079,78.428535044193));
#5118 = DIRECTION('',(-1.,-0.,1.224646799147E-16));
#5119 = DIRECTION('',(1.224646799147E-16,0.,1.));
#5120 = PCURVE('',#4296,#5121);
#5121 = DEFINITIONAL_REPRESENTATION('',(#5122),#5126);
#5122 = LINE('',#5123,#5124);
#5123 = CARTESIAN_POINT('',(4.712388980385,-0.));
#5124 = VECTOR('',#5125,1.);
#5125 = DIRECTION('',(-1.,0.));
#5126 = ( GEOMETRIC_REPRESENTATION_CONTEXT(2) 
PARAMETRIC_REPRESENTATION_CONTEXT() REPRESENTATION_CONTEXT('2D SPACE',''
  ) );
#5127 = PCURVE('',#4324,#5128);
#5128 = DEFINITIONAL_REPRESENTATION('',(#5129),#5137);
#5129 = ( BOUNDED_CURVE() B_SPLINE_CURVE(2,(#5130,#5131,#5132,#5133,
#5134,#5135,#5136),.UNSPECIFIED.,.T.,.F.) B_SPLINE_CURVE_WITH_KNOTS((1,2
    ,2,2,2,1),(-2.094395102393,0.,2.094395102393,4.188790204786,
6.28318530718,8.377580409573),.UNSPECIFIED.) CURVE() 
GEOMETRIC_REPRESENTATION_ITEM() RATIONAL_B_SPLINE_CURVE((1.,0.5,1.,0.5,
1.,0.5,1.)) REPRESENTATION_ITEM('') );
#5130 = CARTESIAN_POINT('',(1.,-0.199999988079));
#5131 = CARTESIAN_POINT('',(1.,-0.546410128945));
#5132 = CARTESIAN_POINT('',(0.700000017881,-0.373205058512));
#5133 = CARTESIAN_POINT('',(0.400000035763,-0.199999988079));
#5134 = CARTESIAN_POINT('',(0.700000017881,-2.679491764601E-02));
#5135 = CARTESIAN_POINT('',(1.,0.146410152787));
#5136 = CARTESIAN_POINT('',(1.,-0.199999988079));
#5137 = ( GEOMETRIC_REPRESENTATION_CONTEXT(2) 
PARAMETRIC_REPRESENTATION_CONTEXT() REPRESENTATION_CONTEXT('2D SPACE',''
  ) );
#5138 = ORIENTED_EDGE('',*,*,#5139,.T.);
#5139 = EDGE_CURVE('',#5112,#5032,#5140,.T.);
#5140 = SURFACE_CURVE('',#5141,(#5145,#5152),.PCURVE_S1.);
#5141 = LINE('',#5142,#5143);
#5142 = CARTESIAN_POINT('',(50.,5.199999988079,78.628535032272));
#5143 = VECTOR('',#5144,1.);
#5144 = DIRECTION('',(1.,0.,-1.224646799147E-16));
#5145 = PCURVE('',#4296,#5146);
#5146 = DEFINITIONAL_REPRESENTATION('',(#5147),#5151);
#5147 = LINE('',#5148,#5149);
#5148 = CARTESIAN_POINT('',(-1.570796326795,0.));
#5149 = VECTOR('',#5150,1.);
#5150 = DIRECTION('',(-0.,1.));
#5151 = ( GEOMETRIC_REPRESENTATION_CONTEXT(2) 
PARAMETRIC_REPRESENTATION_CONTEXT() REPRESENTATION_CONTEXT('2D SPACE',''
  ) );
#5152 = PCURVE('',#5153,#5158);
#5153 = PLANE('',#5154);
#5154 = AXIS2_PLACEMENT_3D('',#5155,#5156,#5157);
#5155 = CARTESIAN_POINT('',(50.,5.,78.628535032272));
#5156 = DIRECTION('',(-1.224646799147E-16,-0.,-1.));
#5157 = DIRECTION('',(1.,0.,-1.224646799147E-16));
#5158 = DEFINITIONAL_REPRESENTATION('',(#5159),#5163);
#5159 = LINE('',#5160,#5161);
#5160 = CARTESIAN_POINT('',(0.,-0.199999988079));
#5161 = VECTOR('',#5162,1.);
#5162 = DIRECTION('',(1.,0.));
#5163 = ( GEOMETRIC_REPRESENTATION_CONTEXT(2) 
PARAMETRIC_REPRESENTATION_CONTEXT() REPRESENTATION_CONTEXT('2D SPACE',''
  ) );
#5164 = ORIENTED_EDGE('',*,*,#5031,.F.);
#5165 = ORIENTED_EDGE('',*,*,#4280,.F.);
#5166 = ADVANCED_FACE('',(#5167),#4352,.T.);
#5167 = FACE_BOUND('',#5168,.T.);
#5168 = EDGE_LOOP('',(#5169,#5170,#5171,#5199));
#5169 = ORIENTED_EDGE('',*,*,#5087,.T.);
#5170 = ORIENTED_EDGE('',*,*,#4336,.T.);
#5171 = ORIENTED_EDGE('',*,*,#5172,.F.);
#5172 = EDGE_CURVE('',#5173,#4309,#5175,.T.);
#5173 = VERTEX_POINT('',#5174);
#5174 = CARTESIAN_POINT('',(50.,5.199999988079,77.628535032272));
#5175 = SURFACE_CURVE('',#5176,(#5181,#5188),.PCURVE_S1.);
#5176 = CIRCLE('',#5177,0.199999988079);
#5177 = AXIS2_PLACEMENT_3D('',#5178,#5179,#5180);
#5178 = CARTESIAN_POINT('',(50.,5.199999988079,77.828535020351));
#5179 = DIRECTION('',(-1.,-0.,-0.));
#5180 = DIRECTION('',(0.,0.,-1.));
#5181 = PCURVE('',#4352,#5182);
#5182 = DEFINITIONAL_REPRESENTATION('',(#5183),#5187);
#5183 = LINE('',#5184,#5185);
#5184 = CARTESIAN_POINT('',(0.,1.));
#5185 = VECTOR('',#5186,1.);
#5186 = DIRECTION('',(1.,0.));
#5187 = ( GEOMETRIC_REPRESENTATION_CONTEXT(2) 
PARAMETRIC_REPRESENTATION_CONTEXT() REPRESENTATION_CONTEXT('2D SPACE',''
  ) );
#5188 = PCURVE('',#4324,#5189);
#5189 = DEFINITIONAL_REPRESENTATION('',(#5190),#5198);
#5190 = ( BOUNDED_CURVE() B_SPLINE_CURVE(2,(#5191,#5192,#5193,#5194,
#5195,#5196,#5197),.UNSPECIFIED.,.T.,.F.) B_SPLINE_CURVE_WITH_KNOTS((1,2
    ,2,2,2,1),(-2.094395102393,0.,2.094395102393,4.188790204786,
6.28318530718,8.377580409573),.UNSPECIFIED.) CURVE() 
GEOMETRIC_REPRESENTATION_ITEM() RATIONAL_B_SPLINE_CURVE((1.,0.5,1.,0.5,
1.,0.5,1.)) REPRESENTATION_ITEM('') );
#5191 = CARTESIAN_POINT('',(0.,-0.199999988079));
#5192 = CARTESIAN_POINT('',(0.,0.146410152787));
#5193 = CARTESIAN_POINT('',(0.299999982119,-2.679491764601E-02));
#5194 = CARTESIAN_POINT('',(0.599999964237,-0.199999988079));
#5195 = CARTESIAN_POINT('',(0.299999982119,-0.373205058512));
#5196 = CARTESIAN_POINT('',(3.053113317719E-16,-0.546410128945));
#5197 = CARTESIAN_POINT('',(0.,-0.199999988079));
#5198 = ( GEOMETRIC_REPRESENTATION_CONTEXT(2) 
PARAMETRIC_REPRESENTATION_CONTEXT() REPRESENTATION_CONTEXT('2D SPACE',''
  ) );
#5199 = ORIENTED_EDGE('',*,*,#5200,.F.);
#5200 = EDGE_CURVE('',#4853,#5173,#5201,.T.);
#5201 = SURFACE_CURVE('',#5202,(#5206,#5213),.PCURVE_S1.);
#5202 = LINE('',#5203,#5204);
#5203 = CARTESIAN_POINT('',(51.,5.199999988079,77.628535032272));
#5204 = VECTOR('',#5205,1.);
#5205 = DIRECTION('',(-1.,-0.,-0.));
#5206 = PCURVE('',#4352,#5207);
#5207 = DEFINITIONAL_REPRESENTATION('',(#5208),#5212);
#5208 = LINE('',#5209,#5210);
#5209 = CARTESIAN_POINT('',(0.,0.));
#5210 = VECTOR('',#5211,1.);
#5211 = DIRECTION('',(0.,1.));
#5212 = ( GEOMETRIC_REPRESENTATION_CONTEXT(2) 
PARAMETRIC_REPRESENTATION_CONTEXT() REPRESENTATION_CONTEXT('2D SPACE',''
  ) );
#5213 = PCURVE('',#4892,#5214);
#5214 = DEFINITIONAL_REPRESENTATION('',(#5215),#5219);
#5215 = LINE('',#5216,#5217);
#5216 = CARTESIAN_POINT('',(2.,-0.199999988079));
#5217 = VECTOR('',#5218,1.);
#5218 = DIRECTION('',(1.,0.));
#5219 = ( GEOMETRIC_REPRESENTATION_CONTEXT(2) 
PARAMETRIC_REPRESENTATION_CONTEXT() REPRESENTATION_CONTEXT('2D SPACE',''
  ) );
#5220 = ADVANCED_FACE('',(#5221),#4324,.F.);
#5221 = FACE_BOUND('',#5222,.F.);
#5222 = EDGE_LOOP('',(#5223,#5246,#5268,#5269,#5293,#5314,#5315,#5316));
#5223 = ORIENTED_EDGE('',*,*,#5224,.T.);
#5224 = EDGE_CURVE('',#5173,#5225,#5227,.T.);
#5225 = VERTEX_POINT('',#5226);
#5226 = CARTESIAN_POINT('',(50.,5.800000011921,77.628535032272));
#5227 = SURFACE_CURVE('',#5228,(#5232,#5239),.PCURVE_S1.);
#5228 = LINE('',#5229,#5230);
#5229 = CARTESIAN_POINT('',(50.,5.,77.628535032272));
#5230 = VECTOR('',#5231,1.);
#5231 = DIRECTION('',(-0.,1.,-0.));
#5232 = PCURVE('',#4324,#5233);
#5233 = DEFINITIONAL_REPRESENTATION('',(#5234),#5238);
#5234 = LINE('',#5235,#5236);
#5235 = CARTESIAN_POINT('',(0.,0.));
#5236 = VECTOR('',#5237,1.);
#5237 = DIRECTION('',(0.,-1.));
#5238 = ( GEOMETRIC_REPRESENTATION_CONTEXT(2) 
PARAMETRIC_REPRESENTATION_CONTEXT() REPRESENTATION_CONTEXT('2D SPACE',''
  ) );
#5239 = PCURVE('',#4892,#5240);
#5240 = DEFINITIONAL_REPRESENTATION('',(#5241),#5245);
#5241 = LINE('',#5242,#5243);
#5242 = CARTESIAN_POINT('',(3.,0.));
#5243 = VECTOR('',#5244,1.);
#5244 = DIRECTION('',(0.,-1.));
#5245 = ( GEOMETRIC_REPRESENTATION_CONTEXT(2) 
PARAMETRIC_REPRESENTATION_CONTEXT() REPRESENTATION_CONTEXT('2D SPACE',''
  ) );
#5246 = ORIENTED_EDGE('',*,*,#5247,.T.);
#5247 = EDGE_CURVE('',#5225,#4562,#5248,.T.);
#5248 = SURFACE_CURVE('',#5249,(#5254,#5261),.PCURVE_S1.);
#5249 = CIRCLE('',#5250,0.199999988079);
#5250 = AXIS2_PLACEMENT_3D('',#5251,#5252,#5253);
#5251 = CARTESIAN_POINT('',(50.,5.800000011921,77.828535020351));
#5252 = DIRECTION('',(1.,0.,0.));
#5253 = DIRECTION('',(0.,0.,-1.));
#5254 = PCURVE('',#4324,#5255);
#5255 = DEFINITIONAL_REPRESENTATION('',(#5256),#5260);
#5256 = CIRCLE('',#5257,0.199999988079);
#5257 = AXIS2_PLACEMENT_2D('',#5258,#5259);
#5258 = CARTESIAN_POINT('',(0.199999988079,-0.800000011921));
#5259 = DIRECTION('',(-1.,0.));
#5260 = ( GEOMETRIC_REPRESENTATION_CONTEXT(2) 
PARAMETRIC_REPRESENTATION_CONTEXT() REPRESENTATION_CONTEXT('2D SPACE',''
  ) );
#5261 = PCURVE('',#4600,#5262);
#5262 = DEFINITIONAL_REPRESENTATION('',(#5263),#5267);
#5263 = LINE('',#5264,#5265);
#5264 = CARTESIAN_POINT('',(-0.,1.));
#5265 = VECTOR('',#5266,1.);
#5266 = DIRECTION('',(-1.,0.));
#5267 = ( GEOMETRIC_REPRESENTATION_CONTEXT(2) 
PARAMETRIC_REPRESENTATION_CONTEXT() REPRESENTATION_CONTEXT('2D SPACE',''
  ) );
#5268 = ORIENTED_EDGE('',*,*,#4561,.T.);
#5269 = ORIENTED_EDGE('',*,*,#5270,.T.);
#5270 = EDGE_CURVE('',#4534,#5271,#5273,.T.);
#5271 = VERTEX_POINT('',#5272);
#5272 = CARTESIAN_POINT('',(50.,5.800000011921,78.628535032272));
#5273 = SURFACE_CURVE('',#5274,(#5279,#5286),.PCURVE_S1.);
#5274 = CIRCLE('',#5275,0.199999988079);
#5275 = AXIS2_PLACEMENT_3D('',#5276,#5277,#5278);
#5276 = CARTESIAN_POINT('',(50.,5.800000011921,78.428535044193));
#5277 = DIRECTION('',(1.,0.,-1.224646799147E-16));
#5278 = DIRECTION('',(1.224646799147E-16,0.,1.));
#5279 = PCURVE('',#4324,#5280);
#5280 = DEFINITIONAL_REPRESENTATION('',(#5281),#5285);
#5281 = CIRCLE('',#5282,0.199999988079);
#5282 = AXIS2_PLACEMENT_2D('',#5283,#5284);
#5283 = CARTESIAN_POINT('',(0.800000011921,-0.800000011921));
#5284 = DIRECTION('',(1.,0.));
#5285 = ( GEOMETRIC_REPRESENTATION_CONTEXT(2) 
PARAMETRIC_REPRESENTATION_CONTEXT() REPRESENTATION_CONTEXT('2D SPACE',''
  ) );
#5286 = PCURVE('',#4549,#5287);
#5287 = DEFINITIONAL_REPRESENTATION('',(#5288),#5292);
#5288 = LINE('',#5289,#5290);
#5289 = CARTESIAN_POINT('',(-4.712388980385,0.));
#5290 = VECTOR('',#5291,1.);
#5291 = DIRECTION('',(1.,0.));
#5292 = ( GEOMETRIC_REPRESENTATION_CONTEXT(2) 
PARAMETRIC_REPRESENTATION_CONTEXT() REPRESENTATION_CONTEXT('2D SPACE',''
  ) );
#5293 = ORIENTED_EDGE('',*,*,#5294,.F.);
#5294 = EDGE_CURVE('',#5112,#5271,#5295,.T.);
#5295 = SURFACE_CURVE('',#5296,(#5300,#5307),.PCURVE_S1.);
#5296 = LINE('',#5297,#5298);
#5297 = CARTESIAN_POINT('',(50.,5.,78.628535032272));
#5298 = VECTOR('',#5299,1.);
#5299 = DIRECTION('',(-0.,1.,-0.));
#5300 = PCURVE('',#4324,#5301);
#5301 = DEFINITIONAL_REPRESENTATION('',(#5302),#5306);
#5302 = LINE('',#5303,#5304);
#5303 = CARTESIAN_POINT('',(1.,0.));
#5304 = VECTOR('',#5305,1.);
#5305 = DIRECTION('',(0.,-1.));
#5306 = ( GEOMETRIC_REPRESENTATION_CONTEXT(2) 
PARAMETRIC_REPRESENTATION_CONTEXT() REPRESENTATION_CONTEXT('2D SPACE',''
  ) );
#5307 = PCURVE('',#5153,#5308);
#5308 = DEFINITIONAL_REPRESENTATION('',(#5309),#5313);
#5309 = LINE('',#5310,#5311);
#5310 = CARTESIAN_POINT('',(0.,0.));
#5311 = VECTOR('',#5312,1.);
#5312 = DIRECTION('',(0.,-1.));
#5313 = ( GEOMETRIC_REPRESENTATION_CONTEXT(2) 
PARAMETRIC_REPRESENTATION_CONTEXT() REPRESENTATION_CONTEXT('2D SPACE',''
  ) );
#5314 = ORIENTED_EDGE('',*,*,#5111,.F.);
#5315 = ORIENTED_EDGE('',*,*,#4308,.F.);
#5316 = ORIENTED_EDGE('',*,*,#5172,.F.);
#5317 = ADVANCED_FACE('',(#5318),#4464,.T.);
#5318 = FACE_BOUND('',#5319,.F.);
#5319 = EDGE_LOOP('',(#5320,#5342,#5343,#5344));
#5320 = ORIENTED_EDGE('',*,*,#5321,.F.);
#5321 = EDGE_CURVE('',#4448,#5322,#5324,.T.);
#5322 = VERTEX_POINT('',#5323);
#5323 = CARTESIAN_POINT('',(52.,5.800000011921,90.628535032272));
#5324 = SURFACE_CURVE('',#5325,(#5330,#5336),.PCURVE_S1.);
#5325 = CIRCLE('',#5326,0.199999988079);
#5326 = AXIS2_PLACEMENT_3D('',#5327,#5328,#5329);
#5327 = CARTESIAN_POINT('',(52.199999988079,5.800000011921,
    90.628535032272));
#5328 = DIRECTION('',(1.224646799147E-16,0.,1.));
#5329 = DIRECTION('',(-0.,1.,0.));
#5330 = PCURVE('',#4464,#5331);
#5331 = DEFINITIONAL_REPRESENTATION('',(#5332),#5335);
#5332 = B_SPLINE_CURVE_WITH_KNOTS('',1,(#5333,#5334),.UNSPECIFIED.,.F.,
  .F.,(2,2),(0.,1.570796326795),.PIECEWISE_BEZIER_KNOTS.);
#5333 = CARTESIAN_POINT('',(0.,1.570796326795));
#5334 = CARTESIAN_POINT('',(0.,3.14159265359));
#5335 = ( GEOMETRIC_REPRESENTATION_CONTEXT(2) 
PARAMETRIC_REPRESENTATION_CONTEXT() REPRESENTATION_CONTEXT('2D SPACE',''
  ) );
#5336 = PCURVE('',#4492,#5337);
#5337 = DEFINITIONAL_REPRESENTATION('',(#5338),#5341);
#5338 = B_SPLINE_CURVE_WITH_KNOTS('',1,(#5339,#5340),.UNSPECIFIED.,.F.,
  .F.,(2,2),(0.,1.570796326795),.PIECEWISE_BEZIER_KNOTS.);
#5339 = CARTESIAN_POINT('',(0.,11.));
#5340 = CARTESIAN_POINT('',(1.570796326795,11.));
#5341 = ( GEOMETRIC_REPRESENTATION_CONTEXT(2) 
PARAMETRIC_REPRESENTATION_CONTEXT() REPRESENTATION_CONTEXT('2D SPACE',''
  ) );
#5342 = ORIENTED_EDGE('',*,*,#4447,.T.);
#5343 = ORIENTED_EDGE('',*,*,#4773,.T.);
#5344 = ORIENTED_EDGE('',*,*,#5345,.F.);
#5345 = EDGE_CURVE('',#5322,#4674,#5346,.T.);
#5346 = SURFACE_CURVE('',#5347,(#5352,#5359),.PCURVE_S1.);
#5347 = CIRCLE('',#5348,1.);
#5348 = AXIS2_PLACEMENT_3D('',#5349,#5350,#5351);
#5349 = CARTESIAN_POINT('',(51.,5.800000011921,90.628535032272));
#5350 = DIRECTION('',(0.,-1.,0.));
#5351 = DIRECTION('',(1.,0.,0.));
#5352 = PCURVE('',#4464,#5353);
#5353 = DEFINITIONAL_REPRESENTATION('',(#5354),#5358);
#5354 = LINE('',#5355,#5356);
#5355 = CARTESIAN_POINT('',(-0.,3.14159265359));
#5356 = VECTOR('',#5357,1.);
#5357 = DIRECTION('',(-1.,0.));
#5358 = ( GEOMETRIC_REPRESENTATION_CONTEXT(2) 
PARAMETRIC_REPRESENTATION_CONTEXT() REPRESENTATION_CONTEXT('2D SPACE',''
  ) );
#5359 = PCURVE('',#4689,#5360);
#5360 = DEFINITIONAL_REPRESENTATION('',(#5361),#5365);
#5361 = LINE('',#5362,#5363);
#5362 = CARTESIAN_POINT('',(-0.,0.800000011921));
#5363 = VECTOR('',#5364,1.);
#5364 = DIRECTION('',(-1.,0.));
#5365 = ( GEOMETRIC_REPRESENTATION_CONTEXT(2) 
PARAMETRIC_REPRESENTATION_CONTEXT() REPRESENTATION_CONTEXT('2D SPACE',''
  ) );
#5366 = ADVANCED_FACE('',(#5367),#4492,.T.);
#5367 = FACE_BOUND('',#5368,.T.);
#5368 = EDGE_LOOP('',(#5369,#5391,#5412,#5413));
#5369 = ORIENTED_EDGE('',*,*,#5370,.T.);
#5370 = EDGE_CURVE('',#4477,#5371,#5373,.T.);
#5371 = VERTEX_POINT('',#5372);
#5372 = CARTESIAN_POINT('',(52.,5.800000011921,79.628535032272));
#5373 = SURFACE_CURVE('',#5374,(#5379,#5385),.PCURVE_S1.);
#5374 = CIRCLE('',#5375,0.199999988079);
#5375 = AXIS2_PLACEMENT_3D('',#5376,#5377,#5378);
#5376 = CARTESIAN_POINT('',(52.199999988079,5.800000011921,
    79.628535032272));
#5377 = DIRECTION('',(6.123233995737E-17,0.,1.));
#5378 = DIRECTION('',(1.,0.,-6.123233995737E-17));
#5379 = PCURVE('',#4492,#5380);
#5380 = DEFINITIONAL_REPRESENTATION('',(#5381),#5384);
#5381 = B_SPLINE_CURVE_WITH_KNOTS('',1,(#5382,#5383),.UNSPECIFIED.,.F.,
  .F.,(2,2),(1.570796326795,3.14159265359),.PIECEWISE_BEZIER_KNOTS.);
#5382 = CARTESIAN_POINT('',(0.,0.));
#5383 = CARTESIAN_POINT('',(1.570796326795,0.));
#5384 = ( GEOMETRIC_REPRESENTATION_CONTEXT(2) 
PARAMETRIC_REPRESENTATION_CONTEXT() REPRESENTATION_CONTEXT('2D SPACE',''
  ) );
#5385 = PCURVE('',#4521,#5386);
#5386 = DEFINITIONAL_REPRESENTATION('',(#5387),#5390);
#5387 = B_SPLINE_CURVE_WITH_KNOTS('',1,(#5388,#5389),.UNSPECIFIED.,.F.,
  .F.,(2,2),(1.570796326795,3.14159265359),.PIECEWISE_BEZIER_KNOTS.);
#5388 = CARTESIAN_POINT('',(-1.570796326795,1.570796326795));
#5389 = CARTESIAN_POINT('',(-1.570796326795,3.14159265359));
#5390 = ( GEOMETRIC_REPRESENTATION_CONTEXT(2) 
PARAMETRIC_REPRESENTATION_CONTEXT() REPRESENTATION_CONTEXT('2D SPACE',''
  ) );
#5391 = ORIENTED_EDGE('',*,*,#5392,.T.);
#5392 = EDGE_CURVE('',#5371,#5322,#5393,.T.);
#5393 = SURFACE_CURVE('',#5394,(#5398,#5405),.PCURVE_S1.);
#5394 = LINE('',#5395,#5396);
#5395 = CARTESIAN_POINT('',(52.,5.800000011921,79.628535032272));
#5396 = VECTOR('',#5397,1.);
#5397 = DIRECTION('',(1.224646799147E-16,0.,1.));
#5398 = PCURVE('',#4492,#5399);
#5399 = DEFINITIONAL_REPRESENTATION('',(#5400),#5404);
#5400 = LINE('',#5401,#5402);
#5401 = CARTESIAN_POINT('',(1.570796326795,0.));
#5402 = VECTOR('',#5403,1.);
#5403 = DIRECTION('',(0.,1.));
#5404 = ( GEOMETRIC_REPRESENTATION_CONTEXT(2) 
PARAMETRIC_REPRESENTATION_CONTEXT() REPRESENTATION_CONTEXT('2D SPACE',''
  ) );
#5405 = PCURVE('',#5014,#5406);
#5406 = DEFINITIONAL_REPRESENTATION('',(#5407),#5411);
#5407 = LINE('',#5408,#5409);
#5408 = CARTESIAN_POINT('',(1.,-0.800000011921));
#5409 = VECTOR('',#5410,1.);
#5410 = DIRECTION('',(1.,0.));
#5411 = ( GEOMETRIC_REPRESENTATION_CONTEXT(2) 
PARAMETRIC_REPRESENTATION_CONTEXT() REPRESENTATION_CONTEXT('2D SPACE',''
  ) );
#5412 = ORIENTED_EDGE('',*,*,#5321,.F.);
#5413 = ORIENTED_EDGE('',*,*,#4476,.F.);
#5414 = ADVANCED_FACE('',(#5415),#4521,.T.);
#5415 = FACE_BOUND('',#5416,.F.);
#5416 = EDGE_LOOP('',(#5417,#5439,#5440,#5441));
#5417 = ORIENTED_EDGE('',*,*,#5418,.F.);
#5418 = EDGE_CURVE('',#4505,#5419,#5421,.T.);
#5419 = VERTEX_POINT('',#5420);
#5420 = CARTESIAN_POINT('',(51.,5.800000011921,78.628535032272));
#5421 = SURFACE_CURVE('',#5422,(#5427,#5433),.PCURVE_S1.);
#5422 = CIRCLE('',#5423,0.199999988079);
#5423 = AXIS2_PLACEMENT_3D('',#5424,#5425,#5426);
#5424 = CARTESIAN_POINT('',(51.,5.800000011921,78.428535044193));
#5425 = DIRECTION('',(1.,0.,-1.224646799147E-16));
#5426 = DIRECTION('',(0.,1.,0.));
#5427 = PCURVE('',#4521,#5428);
#5428 = DEFINITIONAL_REPRESENTATION('',(#5429),#5432);
#5429 = B_SPLINE_CURVE_WITH_KNOTS('',1,(#5430,#5431),.UNSPECIFIED.,.F.,
  .F.,(2,2),(0.,1.570796326795),.PIECEWISE_BEZIER_KNOTS.);
#5430 = CARTESIAN_POINT('',(0.,1.570796326795));
#5431 = CARTESIAN_POINT('',(0.,3.14159265359));
#5432 = ( GEOMETRIC_REPRESENTATION_CONTEXT(2) 
PARAMETRIC_REPRESENTATION_CONTEXT() REPRESENTATION_CONTEXT('2D SPACE',''
  ) );
#5433 = PCURVE('',#4549,#5434);
#5434 = DEFINITIONAL_REPRESENTATION('',(#5435),#5438);
#5435 = B_SPLINE_CURVE_WITH_KNOTS('',1,(#5436,#5437),.UNSPECIFIED.,.F.,
  .F.,(2,2),(0.,1.570796326795),.PIECEWISE_BEZIER_KNOTS.);
#5436 = CARTESIAN_POINT('',(0.,1.));
#5437 = CARTESIAN_POINT('',(1.570796326795,1.));
#5438 = ( GEOMETRIC_REPRESENTATION_CONTEXT(2) 
PARAMETRIC_REPRESENTATION_CONTEXT() REPRESENTATION_CONTEXT('2D SPACE',''
  ) );
#5439 = ORIENTED_EDGE('',*,*,#4504,.T.);
#5440 = ORIENTED_EDGE('',*,*,#5370,.T.);
#5441 = ORIENTED_EDGE('',*,*,#5442,.F.);
#5442 = EDGE_CURVE('',#5419,#5371,#5443,.T.);
#5443 = SURFACE_CURVE('',#5444,(#5449,#5456),.PCURVE_S1.);
#5444 = CIRCLE('',#5445,1.);
#5445 = AXIS2_PLACEMENT_3D('',#5446,#5447,#5448);
#5446 = CARTESIAN_POINT('',(51.,5.800000011921,79.628535032272));
#5447 = DIRECTION('',(0.,-1.,0.));
#5448 = DIRECTION('',(0.,0.,-1.));
#5449 = PCURVE('',#4521,#5450);
#5450 = DEFINITIONAL_REPRESENTATION('',(#5451),#5455);
#5451 = LINE('',#5452,#5453);
#5452 = CARTESIAN_POINT('',(-0.,3.14159265359));
#5453 = VECTOR('',#5454,1.);
#5454 = DIRECTION('',(-1.,0.));
#5455 = ( GEOMETRIC_REPRESENTATION_CONTEXT(2) 
PARAMETRIC_REPRESENTATION_CONTEXT() REPRESENTATION_CONTEXT('2D SPACE',''
  ) );
#5456 = PCURVE('',#5070,#5457);
#5457 = DEFINITIONAL_REPRESENTATION('',(#5458),#5462);
#5458 = LINE('',#5459,#5460);
#5459 = CARTESIAN_POINT('',(-0.,0.800000011921));
#5460 = VECTOR('',#5461,1.);
#5461 = DIRECTION('',(-1.,0.));
#5462 = ( GEOMETRIC_REPRESENTATION_CONTEXT(2) 
PARAMETRIC_REPRESENTATION_CONTEXT() REPRESENTATION_CONTEXT('2D SPACE',''
  ) );
#5463 = ADVANCED_FACE('',(#5464),#4633,.T.);
#5464 = FACE_BOUND('',#5465,.T.);
#5465 = EDGE_LOOP('',(#5466,#5467,#5468,#5488));
#5466 = ORIENTED_EDGE('',*,*,#4827,.F.);
#5467 = ORIENTED_EDGE('',*,*,#4904,.T.);
#5468 = ORIENTED_EDGE('',*,*,#5469,.T.);
#5469 = EDGE_CURVE('',#4877,#4585,#5470,.T.);
#5470 = SURFACE_CURVE('',#5471,(#5476,#5482),.PCURVE_S1.);
#5471 = CIRCLE('',#5472,0.199999988079);
#5472 = AXIS2_PLACEMENT_3D('',#5473,#5474,#5475);
#5473 = CARTESIAN_POINT('',(51.,5.800000011921,77.828535020351));
#5474 = DIRECTION('',(1.,0.,2.832769448824E-16));
#5475 = DIRECTION('',(2.832769448824E-16,0.,-1.));
#5476 = PCURVE('',#4633,#5477);
#5477 = DEFINITIONAL_REPRESENTATION('',(#5478),#5481);
#5478 = B_SPLINE_CURVE_WITH_KNOTS('',1,(#5479,#5480),.UNSPECIFIED.,.F.,
  .F.,(2,2),(0.,1.570796326795),.PIECEWISE_BEZIER_KNOTS.);
#5479 = CARTESIAN_POINT('',(1.570796326795,0.));
#5480 = CARTESIAN_POINT('',(1.570796326795,1.570796326795));
#5481 = ( GEOMETRIC_REPRESENTATION_CONTEXT(2) 
PARAMETRIC_REPRESENTATION_CONTEXT() REPRESENTATION_CONTEXT('2D SPACE',''
  ) );
#5482 = PCURVE('',#4600,#5483);
#5483 = DEFINITIONAL_REPRESENTATION('',(#5484),#5487);
#5484 = B_SPLINE_CURVE_WITH_KNOTS('',1,(#5485,#5486),.UNSPECIFIED.,.F.,
  .F.,(2,2),(0.,1.570796326795),.PIECEWISE_BEZIER_KNOTS.);
#5485 = CARTESIAN_POINT('',(0.,0.));
#5486 = CARTESIAN_POINT('',(-1.570796326795,0.));
#5487 = ( GEOMETRIC_REPRESENTATION_CONTEXT(2) 
PARAMETRIC_REPRESENTATION_CONTEXT() REPRESENTATION_CONTEXT('2D SPACE',''
  ) );
#5488 = ORIENTED_EDGE('',*,*,#4612,.F.);
#5489 = ADVANCED_FACE('',(#5490),#4549,.T.);
#5490 = FACE_BOUND('',#5491,.T.);
#5491 = EDGE_LOOP('',(#5492,#5493,#5514,#5515));
#5492 = ORIENTED_EDGE('',*,*,#5270,.T.);
#5493 = ORIENTED_EDGE('',*,*,#5494,.T.);
#5494 = EDGE_CURVE('',#5271,#5419,#5495,.T.);
#5495 = SURFACE_CURVE('',#5496,(#5500,#5507),.PCURVE_S1.);
#5496 = LINE('',#5497,#5498);
#5497 = CARTESIAN_POINT('',(50.,5.800000011921,78.628535032272));
#5498 = VECTOR('',#5499,1.);
#5499 = DIRECTION('',(1.,0.,-1.224646799147E-16));
#5500 = PCURVE('',#4549,#5501);
#5501 = DEFINITIONAL_REPRESENTATION('',(#5502),#5506);
#5502 = LINE('',#5503,#5504);
#5503 = CARTESIAN_POINT('',(1.570796326795,0.));
#5504 = VECTOR('',#5505,1.);
#5505 = DIRECTION('',(0.,1.));
#5506 = ( GEOMETRIC_REPRESENTATION_CONTEXT(2) 
PARAMETRIC_REPRESENTATION_CONTEXT() REPRESENTATION_CONTEXT('2D SPACE',''
  ) );
#5507 = PCURVE('',#5153,#5508);
#5508 = DEFINITIONAL_REPRESENTATION('',(#5509),#5513);
#5509 = LINE('',#5510,#5511);
#5510 = CARTESIAN_POINT('',(0.,-0.800000011921));
#5511 = VECTOR('',#5512,1.);
#5512 = DIRECTION('',(1.,0.));
#5513 = ( GEOMETRIC_REPRESENTATION_CONTEXT(2) 
PARAMETRIC_REPRESENTATION_CONTEXT() REPRESENTATION_CONTEXT('2D SPACE',''
  ) );
#5514 = ORIENTED_EDGE('',*,*,#5418,.F.);
#5515 = ORIENTED_EDGE('',*,*,#4533,.F.);
#5516 = ADVANCED_FACE('',(#5517),#4600,.T.);
#5517 = FACE_BOUND('',#5518,.F.);
#5518 = EDGE_LOOP('',(#5519,#5520,#5521,#5522));
#5519 = ORIENTED_EDGE('',*,*,#5469,.T.);
#5520 = ORIENTED_EDGE('',*,*,#4584,.T.);
#5521 = ORIENTED_EDGE('',*,*,#5247,.F.);
#5522 = ORIENTED_EDGE('',*,*,#5523,.F.);
#5523 = EDGE_CURVE('',#4877,#5225,#5524,.T.);
#5524 = SURFACE_CURVE('',#5525,(#5529,#5536),.PCURVE_S1.);
#5525 = LINE('',#5526,#5527);
#5526 = CARTESIAN_POINT('',(51.,5.800000011921,77.628535032272));
#5527 = VECTOR('',#5528,1.);
#5528 = DIRECTION('',(-1.,-0.,-0.));
#5529 = PCURVE('',#4600,#5530);
#5530 = DEFINITIONAL_REPRESENTATION('',(#5531),#5535);
#5531 = LINE('',#5532,#5533);
#5532 = CARTESIAN_POINT('',(-0.,0.));
#5533 = VECTOR('',#5534,1.);
#5534 = DIRECTION('',(-0.,1.));
#5535 = ( GEOMETRIC_REPRESENTATION_CONTEXT(2) 
PARAMETRIC_REPRESENTATION_CONTEXT() REPRESENTATION_CONTEXT('2D SPACE',''
  ) );
#5536 = PCURVE('',#4892,#5537);
#5537 = DEFINITIONAL_REPRESENTATION('',(#5538),#5542);
#5538 = LINE('',#5539,#5540);
#5539 = CARTESIAN_POINT('',(2.,-0.800000011921));
#5540 = VECTOR('',#5541,1.);
#5541 = DIRECTION('',(1.,0.));
#5542 = ( GEOMETRIC_REPRESENTATION_CONTEXT(2) 
PARAMETRIC_REPRESENTATION_CONTEXT() REPRESENTATION_CONTEXT('2D SPACE',''
  ) );
#5543 = ADVANCED_FACE('',(#5544),#4689,.F.);
#5544 = FACE_BOUND('',#5545,.T.);
#5545 = EDGE_LOOP('',(#5546,#5567,#5568,#5569));
#5546 = ORIENTED_EDGE('',*,*,#5547,.F.);
#5547 = EDGE_CURVE('',#4930,#5322,#5548,.T.);
#5548 = SURFACE_CURVE('',#5549,(#5553,#5560),.PCURVE_S1.);
#5549 = LINE('',#5550,#5551);
#5550 = CARTESIAN_POINT('',(52.,5.,90.628535032272));
#5551 = VECTOR('',#5552,1.);
#5552 = DIRECTION('',(-0.,1.,-0.));
#5553 = PCURVE('',#4689,#5554);
#5554 = DEFINITIONAL_REPRESENTATION('',(#5555),#5559);
#5555 = LINE('',#5556,#5557);
#5556 = CARTESIAN_POINT('',(-0.,0.));
#5557 = VECTOR('',#5558,1.);
#5558 = DIRECTION('',(-0.,1.));
#5559 = ( GEOMETRIC_REPRESENTATION_CONTEXT(2) 
PARAMETRIC_REPRESENTATION_CONTEXT() REPRESENTATION_CONTEXT('2D SPACE',''
  ) );
#5560 = PCURVE('',#5014,#5561);
#5561 = DEFINITIONAL_REPRESENTATION('',(#5562),#5566);
#5562 = LINE('',#5563,#5564);
#5563 = CARTESIAN_POINT('',(12.,0.));
#5564 = VECTOR('',#5565,1.);
#5565 = DIRECTION('',(0.,-1.));
#5566 = ( GEOMETRIC_REPRESENTATION_CONTEXT(2) 
PARAMETRIC_REPRESENTATION_CONTEXT() REPRESENTATION_CONTEXT('2D SPACE',''
  ) );
#5567 = ORIENTED_EDGE('',*,*,#4953,.T.);
#5568 = ORIENTED_EDGE('',*,*,#4671,.T.);
#5569 = ORIENTED_EDGE('',*,*,#5345,.F.);
#5570 = ADVANCED_FACE('',(#5571),#4892,.F.);
#5571 = FACE_BOUND('',#5572,.F.);
#5572 = EDGE_LOOP('',(#5573,#5574,#5575,#5576));
#5573 = ORIENTED_EDGE('',*,*,#4876,.T.);
#5574 = ORIENTED_EDGE('',*,*,#5523,.T.);
#5575 = ORIENTED_EDGE('',*,*,#5224,.F.);
#5576 = ORIENTED_EDGE('',*,*,#5200,.F.);
#5577 = ADVANCED_FACE('',(#5578),#5014,.F.);
#5578 = FACE_BOUND('',#5579,.F.);
#5579 = EDGE_LOOP('',(#5580,#5601,#5602,#5603));
#5580 = ORIENTED_EDGE('',*,*,#5581,.T.);
#5581 = EDGE_CURVE('',#4979,#5371,#5582,.T.);
#5582 = SURFACE_CURVE('',#5583,(#5587,#5594),.PCURVE_S1.);
#5583 = LINE('',#5584,#5585);
#5584 = CARTESIAN_POINT('',(52.,5.,79.628535032272));
#5585 = VECTOR('',#5586,1.);
#5586 = DIRECTION('',(-0.,1.,-0.));
#5587 = PCURVE('',#5014,#5588);
#5588 = DEFINITIONAL_REPRESENTATION('',(#5589),#5593);
#5589 = LINE('',#5590,#5591);
#5590 = CARTESIAN_POINT('',(1.,0.));
#5591 = VECTOR('',#5592,1.);
#5592 = DIRECTION('',(0.,-1.));
#5593 = ( GEOMETRIC_REPRESENTATION_CONTEXT(2) 
PARAMETRIC_REPRESENTATION_CONTEXT() REPRESENTATION_CONTEXT('2D SPACE',''
  ) );
#5594 = PCURVE('',#5070,#5595);
#5595 = DEFINITIONAL_REPRESENTATION('',(#5596),#5600);
#5596 = LINE('',#5597,#5598);
#5597 = CARTESIAN_POINT('',(-1.570796326795,0.));
#5598 = VECTOR('',#5599,1.);
#5599 = DIRECTION('',(-0.,1.));
#5600 = ( GEOMETRIC_REPRESENTATION_CONTEXT(2) 
PARAMETRIC_REPRESENTATION_CONTEXT() REPRESENTATION_CONTEXT('2D SPACE',''
  ) );
#5601 = ORIENTED_EDGE('',*,*,#5392,.T.);
#5602 = ORIENTED_EDGE('',*,*,#5547,.F.);
#5603 = ORIENTED_EDGE('',*,*,#5000,.F.);
#5604 = ADVANCED_FACE('',(#5605),#5070,.F.);
#5605 = FACE_BOUND('',#5606,.T.);
#5606 = EDGE_LOOP('',(#5607,#5628,#5629,#5630));
#5607 = ORIENTED_EDGE('',*,*,#5608,.F.);
#5608 = EDGE_CURVE('',#5032,#5419,#5609,.T.);
#5609 = SURFACE_CURVE('',#5610,(#5614,#5621),.PCURVE_S1.);
#5610 = LINE('',#5611,#5612);
#5611 = CARTESIAN_POINT('',(51.,5.,78.628535032272));
#5612 = VECTOR('',#5613,1.);
#5613 = DIRECTION('',(-0.,1.,-0.));
#5614 = PCURVE('',#5070,#5615);
#5615 = DEFINITIONAL_REPRESENTATION('',(#5616),#5620);
#5616 = LINE('',#5617,#5618);
#5617 = CARTESIAN_POINT('',(-0.,0.));
#5618 = VECTOR('',#5619,1.);
#5619 = DIRECTION('',(-0.,1.));
#5620 = ( GEOMETRIC_REPRESENTATION_CONTEXT(2) 
PARAMETRIC_REPRESENTATION_CONTEXT() REPRESENTATION_CONTEXT('2D SPACE',''
  ) );
#5621 = PCURVE('',#5153,#5622);
#5622 = DEFINITIONAL_REPRESENTATION('',(#5623),#5627);
#5623 = LINE('',#5624,#5625);
#5624 = CARTESIAN_POINT('',(1.,0.));
#5625 = VECTOR('',#5626,1.);
#5626 = DIRECTION('',(0.,-1.));
#5627 = ( GEOMETRIC_REPRESENTATION_CONTEXT(2) 
PARAMETRIC_REPRESENTATION_CONTEXT() REPRESENTATION_CONTEXT('2D SPACE',''
  ) );
#5628 = ORIENTED_EDGE('',*,*,#5055,.T.);
#5629 = ORIENTED_EDGE('',*,*,#5581,.T.);
#5630 = ORIENTED_EDGE('',*,*,#5442,.F.);
#5631 = ADVANCED_FACE('',(#5632),#5153,.F.);
#5632 = FACE_BOUND('',#5633,.F.);
#5633 = EDGE_LOOP('',(#5634,#5635,#5636,#5637));
#5634 = ORIENTED_EDGE('',*,*,#5608,.F.);
#5635 = ORIENTED_EDGE('',*,*,#5139,.F.);
#5636 = ORIENTED_EDGE('',*,*,#5294,.T.);
#5637 = ORIENTED_EDGE('',*,*,#5494,.T.);
#5638 = ( GEOMETRIC_REPRESENTATION_CONTEXT(3) 
GLOBAL_UNCERTAINTY_ASSIGNED_CONTEXT((#5642)) 
GLOBAL_UNIT_ASSIGNED_CONTEXT((#5639,#5640,#5641)) REPRESENTATION_CONTEXT
('Context #1','3D Context with UNIT and UNCERTAINTY') );
#5639 = ( LENGTH_UNIT() NAMED_UNIT(*) SI_UNIT(.MILLI.,.METRE.) );
#5640 = ( NAMED_UNIT(*) PLANE_ANGLE_UNIT() SI_UNIT($,.RADIAN.) );
#5641 = ( NAMED_UNIT(*) SI_UNIT($,.STERADIAN.) SOLID_ANGLE_UNIT() );
#5642 = UNCERTAINTY_MEASURE_WITH_UNIT(LENGTH_MEASURE(1.E-07),#5639,
  'distance_accuracy_value','confusion accuracy');
#5643 = CONTEXT_DEPENDENT_SHAPE_REPRESENTATION(#5644,#5646);
#5644 = ( REPRESENTATION_RELATIONSHIP('','',#3467,#10) 
REPRESENTATION_RELATIONSHIP_WITH_TRANSFORMATION(#5645) 
SHAPE_REPRESENTATION_RELATIONSHIP() );
#5645 = ITEM_DEFINED_TRANSFORMATION('','',#11,#27);
#5646 = PRODUCT_DEFINITION_SHAPE('Placement','Placement of an item',
  #5647);
#5647 = NEXT_ASSEMBLY_USAGE_OCCURRENCE('4','','',#5,#3462,$);
#5648 = PRODUCT_RELATED_PRODUCT_CATEGORY('part',$,(#3464));
ENDSEC;
END-ISO-10303-21;
