ISO-10303-21;
HEADER;
FILE_DESCRIPTION(('Open CASCADE Model'),'2;1');
FILE_NAME('Open CASCADE Shape Model','2026-07-16T16:43:28',('Author'),(
    'Open CASCADE'),'Open CASCADE STEP processor 8.0','Open CASCADE 8.0'
  ,'Unknown');
FILE_SCHEMA(('AUTOMOTIVE_DESIGN { 1 0 10303 214 1 1 1 1 }'));
ENDSEC;
DATA;
#1 = APPLICATION_PROTOCOL_DEFINITION('international standard',
  'automotive_design',2000,#2);
#2 = APPLICATION_CONTEXT(
  'core data for automotive mechanical design processes');
#3 = SHAPE_DEFINITION_REPRESENTATION(#4,#10);
#4 = PRODUCT_DEFINITION_SHAPE('','',#5);
#5 = PRODUCT_DEFINITION('design','',#6,#9);
#6 = PRODUCT_DEFINITION_FORMATION('','',#7);
#7 = PRODUCT('Open CASCADE STEP translator 8.0 1',
  'Open CASCADE STEP translator 8.0 1','',(#8));
#8 = PRODUCT_CONTEXT('',#2,'mechanical');
#9 = PRODUCT_DEFINITION_CONTEXT('part definition',#2,'design');
#10 = SHAPE_REPRESENTATION('',(#11,#15,#19,#23),#27);
#11 = AXIS2_PLACEMENT_3D('',#12,#13,#14);
#12 = CARTESIAN_POINT('',(0.,0.,0.));
#13 = DIRECTION('',(0.,0.,1.));
#14 = DIRECTION('',(1.,0.,-0.));
#15 = AXIS2_PLACEMENT_3D('',#16,#17,#18);
#16 = CARTESIAN_POINT('',(0.,0.,0.));
#17 = DIRECTION('',(0.,0.,1.));
#18 = DIRECTION('',(1.,0.,-0.));
#19 = AXIS2_PLACEMENT_3D('',#20,#21,#22);
#20 = CARTESIAN_POINT('',(0.,0.,0.));
#21 = DIRECTION('',(0.,0.,1.));
#22 = DIRECTION('',(1.,0.,-0.));
#23 = AXIS2_PLACEMENT_3D('',#24,#25,#26);
#24 = CARTESIAN_POINT('',(0.,0.,0.));
#25 = DIRECTION('',(0.,0.,1.));
#26 = DIRECTION('',(1.,0.,-0.));
#27 = ( GEOMETRIC_REPRESENTATION_CONTEXT(3) 
GLOBAL_UNCERTAINTY_ASSIGNED_CONTEXT((#31)) GLOBAL_UNIT_ASSIGNED_CONTEXT(
(#28,#29,#30)) REPRESENTATION_CONTEXT('Context #1',
  '3D Context with UNIT and UNCERTAINTY') );
#28 = ( LENGTH_UNIT() NAMED_UNIT(*) SI_UNIT(.MILLI.,.METRE.) );
#29 = ( NAMED_UNIT(*) PLANE_ANGLE_UNIT() SI_UNIT($,.RADIAN.) );
#30 = ( NAMED_UNIT(*) SI_UNIT($,.STERADIAN.) SOLID_ANGLE_UNIT() );
#31 = UNCERTAINTY_MEASURE_WITH_UNIT(LENGTH_MEASURE(2.E-03),#28,
  'distance_accuracy_value','confusion accuracy');
#32 = PRODUCT_RELATED_PRODUCT_CATEGORY('part',$,(#7));
#33 = SHAPE_DEFINITION_REPRESENTATION(#34,#40);
#34 = PRODUCT_DEFINITION_SHAPE('','',#35);
#35 = PRODUCT_DEFINITION('design','',#36,#39);
#36 = PRODUCT_DEFINITION_FORMATION('','',#37);
#37 = PRODUCT('Open CASCADE STEP translator 8.0 1.1',
  'Open CASCADE STEP translator 8.0 1.1','',(#38));
#38 = PRODUCT_CONTEXT('',#2,'mechanical');
#39 = PRODUCT_DEFINITION_CONTEXT('part definition',#2,'design');
#40 = ADVANCED_BREP_SHAPE_REPRESENTATION('',(#11,#41),#9598);
#41 = MANIFOLD_SOLID_BREP('',#42);
#42 = CLOSED_SHELL('',(#43,#1181,#1255,#1309,#1363,#1395,#1469,#1523,
    #1577,#1630,#1683,#1737,#1791,#1823,#1924,#2500,#2554,#2607,#2661,
    #2715,#2768,#2821,#2854,#2928,#2982,#3036,#3068,#3142,#3196,#3250,
    #3282,#3356,#3410,#3464,#3496,#3570,#3624,#3678,#3710,#3786,#3841,
    #3896,#3928,#4004,#4071,#4138,#4192,#4246,#4313,#4380,#4412,#4417,
    #4493,#4581,#4739,#5122,#5148,#5198,#5247,#5297,#5347,#5396,#5445,
    #5473,#5549,#5604,#5659,#5691,#5767,#5822,#5877,#5909,#5985,#6040,
    #6095,#6127,#6203,#6258,#6313,#6345,#6419,#6468,#6517,#6544,#6618,
    #6667,#6716,#6764,#6812,#6861,#6910,#6937,#7178,#7255,#7310,#7366,
    #7400,#7504,#7578,#7627,#7676,#7703,#7777,#7826,#7875,#7902,#7976,
    #8025,#8074,#8101,#8175,#8224,#8273,#8300,#8307,#8349,#8425,#8492,
    #8559,#8613,#8680,#8734,#8801,#8833,#8907,#8956,#9004,#9032,#9036,
    #9043,#9050,#9057,#9064,#9118,#9192,#9245,#9298,#9346,#9399,#9447,
    #9500,#9527,#9534,#9584));
#43 = ADVANCED_FACE('',(#44,#165,#411,#717,#833,#949,#1065),#58,.T.);
#44 = FACE_BOUND('',#45,.T.);
#45 = EDGE_LOOP('',(#46,#81,#110,#138));
#46 = ORIENTED_EDGE('',*,*,#47,.F.);
#47 = EDGE_CURVE('',#48,#50,#52,.T.);
#48 = VERTEX_POINT('',#49);
#49 = CARTESIAN_POINT('',(118.82952150632,373.56389355162,82.));
#50 = VERTEX_POINT('',#51);
#51 = CARTESIAN_POINT('',(118.82952150632,350.7775285947,82.));
#52 = SURFACE_CURVE('',#53,(#57,#69),.PCURVE_S1.);
#53 = LINE('',#54,#55);
#54 = CARTESIAN_POINT('',(118.82952150632,373.56389355162,82.));
#55 = VECTOR('',#56,1.);
#56 = DIRECTION('',(0.,-1.,0.));
#57 = PCURVE('',#58,#63);
#58 = PLANE('',#59);
#59 = AXIS2_PLACEMENT_3D('',#60,#61,#62);
#60 = CARTESIAN_POINT('',(157.98316955566,362.3475036621,82.));
#61 = DIRECTION('',(0.,0.,1.));
#62 = DIRECTION('',(1.,0.,0.));
#63 = DEFINITIONAL_REPRESENTATION('',(#64),#68);
#64 = LINE('',#65,#66);
#65 = CARTESIAN_POINT('',(-39.15364804934,11.216389889511));
#66 = VECTOR('',#67,1.);
#67 = DIRECTION('',(0.,-1.));
#68 = ( GEOMETRIC_REPRESENTATION_CONTEXT(2) 
PARAMETRIC_REPRESENTATION_CONTEXT() REPRESENTATION_CONTEXT('2D SPACE',''
  ) );
#69 = PCURVE('',#70,#75);
#70 = CYLINDRICAL_SURFACE('',#71,0.300000011921);
#71 = AXIS2_PLACEMENT_3D('',#72,#73,#74);
#72 = CARTESIAN_POINT('',(118.82952150632,373.56389355162,
    81.699999988079));
#73 = DIRECTION('',(0.,-1.,0.));
#74 = DIRECTION('',(0.,0.,1.));
#75 = DEFINITIONAL_REPRESENTATION('',(#76),#80);
#76 = LINE('',#77,#78);
#77 = CARTESIAN_POINT('',(-0.,0.));
#78 = VECTOR('',#79,1.);
#79 = DIRECTION('',(-0.,1.));
#80 = ( GEOMETRIC_REPRESENTATION_CONTEXT(2) 
PARAMETRIC_REPRESENTATION_CONTEXT() REPRESENTATION_CONTEXT('2D SPACE',''
  ) );
#81 = ORIENTED_EDGE('',*,*,#82,.F.);
#82 = EDGE_CURVE('',#83,#48,#85,.T.);
#83 = VERTEX_POINT('',#84);
#84 = CARTESIAN_POINT('',(120.7866164738,373.56389355162,82.));
#85 = SURFACE_CURVE('',#86,(#91,#98),.PCURVE_S1.);
#86 = CIRCLE('',#87,0.978547483742);
#87 = AXIS2_PLACEMENT_3D('',#88,#89,#90);
#88 = CARTESIAN_POINT('',(119.80806899006,373.56389355162,82.));
#89 = DIRECTION('',(0.,0.,1.));
#90 = DIRECTION('',(1.,0.,-0.));
#91 = PCURVE('',#58,#92);
#92 = DEFINITIONAL_REPRESENTATION('',(#93),#97);
#93 = CIRCLE('',#94,0.978547483742);
#94 = AXIS2_PLACEMENT_2D('',#95,#96);
#95 = CARTESIAN_POINT('',(-38.1751005656,11.216389889511));
#96 = DIRECTION('',(1.,0.));
#97 = ( GEOMETRIC_REPRESENTATION_CONTEXT(2) 
PARAMETRIC_REPRESENTATION_CONTEXT() REPRESENTATION_CONTEXT('2D SPACE',''
  ) );
#98 = PCURVE('',#99,#104);
#99 = TOROIDAL_SURFACE('',#100,0.978547483742,0.300000011921);
#100 = AXIS2_PLACEMENT_3D('',#101,#102,#103);
#101 = CARTESIAN_POINT('',(119.80806899006,373.56389355162,
    81.699999988079));
#102 = DIRECTION('',(0.,0.,1.));
#103 = DIRECTION('',(1.,0.,-0.));
#104 = DEFINITIONAL_REPRESENTATION('',(#105),#109);
#105 = LINE('',#106,#107);
#106 = CARTESIAN_POINT('',(0.,1.570796326795));
#107 = VECTOR('',#108,1.);
#108 = DIRECTION('',(1.,0.));
#109 = ( GEOMETRIC_REPRESENTATION_CONTEXT(2) 
PARAMETRIC_REPRESENTATION_CONTEXT() REPRESENTATION_CONTEXT('2D SPACE',''
  ) );
#110 = ORIENTED_EDGE('',*,*,#111,.F.);
#111 = EDGE_CURVE('',#112,#83,#114,.T.);
#112 = VERTEX_POINT('',#113);
#113 = CARTESIAN_POINT('',(120.7866164738,350.7775285947,82.));
#114 = SURFACE_CURVE('',#115,(#119,#126),.PCURVE_S1.);
#115 = LINE('',#116,#117);
#116 = CARTESIAN_POINT('',(120.7866164738,350.7775285947,82.));
#117 = VECTOR('',#118,1.);
#118 = DIRECTION('',(0.,1.,0.));
#119 = PCURVE('',#58,#120);
#120 = DEFINITIONAL_REPRESENTATION('',(#121),#125);
#121 = LINE('',#122,#123);
#122 = CARTESIAN_POINT('',(-37.19655308185,-11.5699750674));
#123 = VECTOR('',#124,1.);
#124 = DIRECTION('',(0.,1.));
#125 = ( GEOMETRIC_REPRESENTATION_CONTEXT(2) 
PARAMETRIC_REPRESENTATION_CONTEXT() REPRESENTATION_CONTEXT('2D SPACE',''
  ) );
#126 = PCURVE('',#127,#132);
#127 = CYLINDRICAL_SURFACE('',#128,0.300000011921);
#128 = AXIS2_PLACEMENT_3D('',#129,#130,#131);
#129 = CARTESIAN_POINT('',(120.7866164738,350.7775285947,81.699999988079
    ));
#130 = DIRECTION('',(0.,1.,0.));
#131 = DIRECTION('',(0.,-0.,1.));
#132 = DEFINITIONAL_REPRESENTATION('',(#133),#137);
#133 = LINE('',#134,#135);
#134 = CARTESIAN_POINT('',(-0.,0.));
#135 = VECTOR('',#136,1.);
#136 = DIRECTION('',(-0.,1.));
#137 = ( GEOMETRIC_REPRESENTATION_CONTEXT(2) 
PARAMETRIC_REPRESENTATION_CONTEXT() REPRESENTATION_CONTEXT('2D SPACE',''
  ) );
#138 = ORIENTED_EDGE('',*,*,#139,.F.);
#139 = EDGE_CURVE('',#50,#112,#140,.T.);
#140 = SURFACE_CURVE('',#141,(#146,#153),.PCURVE_S1.);
#141 = CIRCLE('',#142,0.978547483742);
#142 = AXIS2_PLACEMENT_3D('',#143,#144,#145);
#143 = CARTESIAN_POINT('',(119.80806899006,350.7775285947,82.));
#144 = DIRECTION('',(0.,0.,1.));
#145 = DIRECTION('',(-1.,0.,0.));
#146 = PCURVE('',#58,#147);
#147 = DEFINITIONAL_REPRESENTATION('',(#148),#152);
#148 = CIRCLE('',#149,0.978547483742);
#149 = AXIS2_PLACEMENT_2D('',#150,#151);
#150 = CARTESIAN_POINT('',(-38.1751005656,-11.5699750674));
#151 = DIRECTION('',(-1.,0.));
#152 = ( GEOMETRIC_REPRESENTATION_CONTEXT(2) 
PARAMETRIC_REPRESENTATION_CONTEXT() REPRESENTATION_CONTEXT('2D SPACE',''
  ) );
#153 = PCURVE('',#154,#159);
#154 = TOROIDAL_SURFACE('',#155,0.978547483742,0.300000011921);
#155 = AXIS2_PLACEMENT_3D('',#156,#157,#158);
#156 = CARTESIAN_POINT('',(119.80806899006,350.7775285947,
    81.699999988079));
#157 = DIRECTION('',(0.,0.,1.));
#158 = DIRECTION('',(-1.,0.,0.));
#159 = DEFINITIONAL_REPRESENTATION('',(#160),#164);
#160 = LINE('',#161,#162);
#161 = CARTESIAN_POINT('',(0.,1.570796326795));
#162 = VECTOR('',#163,1.);
#163 = DIRECTION('',(1.,0.));
#164 = ( GEOMETRIC_REPRESENTATION_CONTEXT(2) 
PARAMETRIC_REPRESENTATION_CONTEXT() REPRESENTATION_CONTEXT('2D SPACE',''
  ) );
#165 = FACE_BOUND('',#166,.T.);
#166 = EDGE_LOOP('',(#167,#197,#230,#258,#291,#319,#352,#380));
#167 = ORIENTED_EDGE('',*,*,#168,.T.);
#168 = EDGE_CURVE('',#169,#171,#173,.T.);
#169 = VERTEX_POINT('',#170);
#170 = CARTESIAN_POINT('',(148.5831695795,355.3475036621,82.));
#171 = VERTEX_POINT('',#172);
#172 = CARTESIAN_POINT('',(148.5831695795,369.3475036621,82.));
#173 = SURFACE_CURVE('',#174,(#178,#185),.PCURVE_S1.);
#174 = LINE('',#175,#176);
#175 = CARTESIAN_POINT('',(148.5831695795,355.3475036621,82.));
#176 = VECTOR('',#177,1.);
#177 = DIRECTION('',(2.465190328816E-32,1.,0.));
#178 = PCURVE('',#58,#179);
#179 = DEFINITIONAL_REPRESENTATION('',(#180),#184);
#180 = LINE('',#181,#182);
#181 = CARTESIAN_POINT('',(-9.399999976158,-7.));
#182 = VECTOR('',#183,1.);
#183 = DIRECTION('',(2.465190328816E-32,1.));
#184 = ( GEOMETRIC_REPRESENTATION_CONTEXT(2) 
PARAMETRIC_REPRESENTATION_CONTEXT() REPRESENTATION_CONTEXT('2D SPACE',''
  ) );
#185 = PCURVE('',#186,#191);
#186 = CYLINDRICAL_SURFACE('',#187,0.399999976158);
#187 = AXIS2_PLACEMENT_3D('',#188,#189,#190);
#188 = CARTESIAN_POINT('',(148.5831695795,355.3475036621,81.600000023842
    ));
#189 = DIRECTION('',(2.465190328816E-32,1.,0.));
#190 = DIRECTION('',(0.,0.,1.));
#191 = DEFINITIONAL_REPRESENTATION('',(#192),#196);
#192 = LINE('',#193,#194);
#193 = CARTESIAN_POINT('',(0.,0.));
#194 = VECTOR('',#195,1.);
#195 = DIRECTION('',(0.,1.));
#196 = ( GEOMETRIC_REPRESENTATION_CONTEXT(2) 
PARAMETRIC_REPRESENTATION_CONTEXT() REPRESENTATION_CONTEXT('2D SPACE',''
  ) );
#197 = ORIENTED_EDGE('',*,*,#198,.T.);
#198 = EDGE_CURVE('',#171,#199,#201,.T.);
#199 = VERTEX_POINT('',#200);
#200 = CARTESIAN_POINT('',(157.98316955566,378.74750363826,82.));
#201 = SURFACE_CURVE('',#202,(#207,#218),.PCURVE_S1.);
#202 = CIRCLE('',#203,9.399999976158);
#203 = AXIS2_PLACEMENT_3D('',#204,#205,#206);
#204 = CARTESIAN_POINT('',(157.98316955566,369.3475036621,82.));
#205 = DIRECTION('',(0.,0.,-1.));
#206 = DIRECTION('',(-1.,0.,0.));
#207 = PCURVE('',#58,#208);
#208 = DEFINITIONAL_REPRESENTATION('',(#209),#217);
#209 = ( BOUNDED_CURVE() B_SPLINE_CURVE(2,(#210,#211,#212,#213,#214,#215
,#216),.UNSPECIFIED.,.T.,.F.) B_SPLINE_CURVE_WITH_KNOTS((1,2,2,2,2,1),(
    -2.094395102393,0.,2.094395102393,4.188790204786,6.28318530718,
8.377580409573),.UNSPECIFIED.) CURVE() GEOMETRIC_REPRESENTATION_ITEM() 
RATIONAL_B_SPLINE_CURVE((1.,0.5,1.,0.5,1.,0.5,1.)) REPRESENTATION_ITEM(
  '') );
#210 = CARTESIAN_POINT('',(-9.399999976158,7.));
#211 = CARTESIAN_POINT('',(-9.399999976158,23.281277549852));
#212 = CARTESIAN_POINT('',(4.699999988079,15.140638774926));
#213 = CARTESIAN_POINT('',(18.799999952316,7.));
#214 = CARTESIAN_POINT('',(4.699999988079,-1.140638774926));
#215 = CARTESIAN_POINT('',(-9.399999976158,-9.281277549852));
#216 = CARTESIAN_POINT('',(-9.399999976158,7.));
#217 = ( GEOMETRIC_REPRESENTATION_CONTEXT(2) 
PARAMETRIC_REPRESENTATION_CONTEXT() REPRESENTATION_CONTEXT('2D SPACE',''
  ) );
#218 = PCURVE('',#219,#224);
#219 = TOROIDAL_SURFACE('',#220,9.399999976158,0.399999976158);
#220 = AXIS2_PLACEMENT_3D('',#221,#222,#223);
#221 = CARTESIAN_POINT('',(157.98316955566,369.3475036621,
    81.600000023842));
#222 = DIRECTION('',(0.,0.,1.));
#223 = DIRECTION('',(-1.,0.,0.));
#224 = DEFINITIONAL_REPRESENTATION('',(#225),#229);
#225 = LINE('',#226,#227);
#226 = CARTESIAN_POINT('',(-0.,1.570796326795));
#227 = VECTOR('',#228,1.);
#228 = DIRECTION('',(-1.,0.));
#229 = ( GEOMETRIC_REPRESENTATION_CONTEXT(2) 
PARAMETRIC_REPRESENTATION_CONTEXT() REPRESENTATION_CONTEXT('2D SPACE',''
  ) );
#230 = ORIENTED_EDGE('',*,*,#231,.T.);
#231 = EDGE_CURVE('',#199,#232,#234,.T.);
#232 = VERTEX_POINT('',#233);
#233 = CARTESIAN_POINT('',(189.98316955566,378.74750363826,82.));
#234 = SURFACE_CURVE('',#235,(#239,#246),.PCURVE_S1.);
#235 = LINE('',#236,#237);
#236 = CARTESIAN_POINT('',(157.98316955566,378.74750363826,82.));
#237 = VECTOR('',#238,1.);
#238 = DIRECTION('',(1.,-1.836970198721E-16,0.));
#239 = PCURVE('',#58,#240);
#240 = DEFINITIONAL_REPRESENTATION('',(#241),#245);
#241 = LINE('',#242,#243);
#242 = CARTESIAN_POINT('',(0.,16.399999976158));
#243 = VECTOR('',#244,1.);
#244 = DIRECTION('',(1.,-1.836970198721E-16));
#245 = ( GEOMETRIC_REPRESENTATION_CONTEXT(2) 
PARAMETRIC_REPRESENTATION_CONTEXT() REPRESENTATION_CONTEXT('2D SPACE',''
  ) );
#246 = PCURVE('',#247,#252);
#247 = CYLINDRICAL_SURFACE('',#248,0.399999976158);
#248 = AXIS2_PLACEMENT_3D('',#249,#250,#251);
#249 = CARTESIAN_POINT('',(157.98316955566,378.74750363826,
    81.600000023842));
#250 = DIRECTION('',(1.,-1.836970198721E-16,0.));
#251 = DIRECTION('',(0.,0.,1.));
#252 = DEFINITIONAL_REPRESENTATION('',(#253),#257);
#253 = LINE('',#254,#255);
#254 = CARTESIAN_POINT('',(0.,0.));
#255 = VECTOR('',#256,1.);
#256 = DIRECTION('',(0.,1.));
#257 = ( GEOMETRIC_REPRESENTATION_CONTEXT(2) 
PARAMETRIC_REPRESENTATION_CONTEXT() REPRESENTATION_CONTEXT('2D SPACE',''
  ) );
#258 = ORIENTED_EDGE('',*,*,#259,.T.);
#259 = EDGE_CURVE('',#232,#260,#262,.T.);
#260 = VERTEX_POINT('',#261);
#261 = CARTESIAN_POINT('',(199.38316953182,369.3475036621,82.));
#262 = SURFACE_CURVE('',#263,(#268,#279),.PCURVE_S1.);
#263 = CIRCLE('',#264,9.399999976158);
#264 = AXIS2_PLACEMENT_3D('',#265,#266,#267);
#265 = CARTESIAN_POINT('',(189.98316955566,369.3475036621,82.));
#266 = DIRECTION('',(0.,0.,-1.));
#267 = DIRECTION('',(0.,1.,0.));
#268 = PCURVE('',#58,#269);
#269 = DEFINITIONAL_REPRESENTATION('',(#270),#278);
#270 = ( BOUNDED_CURVE() B_SPLINE_CURVE(2,(#271,#272,#273,#274,#275,#276
,#277),.UNSPECIFIED.,.T.,.F.) B_SPLINE_CURVE_WITH_KNOTS((1,2,2,2,2,1),(
    -2.094395102393,0.,2.094395102393,4.188790204786,6.28318530718,
8.377580409573),.UNSPECIFIED.) CURVE() GEOMETRIC_REPRESENTATION_ITEM() 
RATIONAL_B_SPLINE_CURVE((1.,0.5,1.,0.5,1.,0.5,1.)) REPRESENTATION_ITEM(
  '') );
#271 = CARTESIAN_POINT('',(32.,16.399999976158));
#272 = CARTESIAN_POINT('',(48.281277549852,16.399999976158));
#273 = CARTESIAN_POINT('',(40.140638774926,2.300000011921));
#274 = CARTESIAN_POINT('',(32.,-11.79999995231));
#275 = CARTESIAN_POINT('',(23.859361225074,2.300000011921));
#276 = CARTESIAN_POINT('',(15.718722450148,16.399999976158));
#277 = CARTESIAN_POINT('',(32.,16.399999976158));
#278 = ( GEOMETRIC_REPRESENTATION_CONTEXT(2) 
PARAMETRIC_REPRESENTATION_CONTEXT() REPRESENTATION_CONTEXT('2D SPACE',''
  ) );
#279 = PCURVE('',#280,#285);
#280 = TOROIDAL_SURFACE('',#281,9.399999976158,0.399999976158);
#281 = AXIS2_PLACEMENT_3D('',#282,#283,#284);
#282 = CARTESIAN_POINT('',(189.98316955566,369.3475036621,
    81.600000023842));
#283 = DIRECTION('',(0.,0.,1.));
#284 = DIRECTION('',(0.,1.,0.));
#285 = DEFINITIONAL_REPRESENTATION('',(#286),#290);
#286 = LINE('',#287,#288);
#287 = CARTESIAN_POINT('',(-0.,1.570796326795));
#288 = VECTOR('',#289,1.);
#289 = DIRECTION('',(-1.,0.));
#290 = ( GEOMETRIC_REPRESENTATION_CONTEXT(2) 
PARAMETRIC_REPRESENTATION_CONTEXT() REPRESENTATION_CONTEXT('2D SPACE',''
  ) );
#291 = ORIENTED_EDGE('',*,*,#292,.T.);
#292 = EDGE_CURVE('',#260,#293,#295,.T.);
#293 = VERTEX_POINT('',#294);
#294 = CARTESIAN_POINT('',(199.38316953182,355.3475036621,82.));
#295 = SURFACE_CURVE('',#296,(#300,#307),.PCURVE_S1.);
#296 = LINE('',#297,#298);
#297 = CARTESIAN_POINT('',(199.38316953182,369.3475036621,82.));
#298 = VECTOR('',#299,1.);
#299 = DIRECTION('',(-1.224646799147E-16,-1.,0.));
#300 = PCURVE('',#58,#301);
#301 = DEFINITIONAL_REPRESENTATION('',(#302),#306);
#302 = LINE('',#303,#304);
#303 = CARTESIAN_POINT('',(41.399999976158,7.));
#304 = VECTOR('',#305,1.);
#305 = DIRECTION('',(-1.224646799147E-16,-1.));
#306 = ( GEOMETRIC_REPRESENTATION_CONTEXT(2) 
PARAMETRIC_REPRESENTATION_CONTEXT() REPRESENTATION_CONTEXT('2D SPACE',''
  ) );
#307 = PCURVE('',#308,#313);
#308 = CYLINDRICAL_SURFACE('',#309,0.399999976158);
#309 = AXIS2_PLACEMENT_3D('',#310,#311,#312);
#310 = CARTESIAN_POINT('',(199.38316953182,369.3475036621,
    81.600000023842));
#311 = DIRECTION('',(-1.224646799147E-16,-1.,0.));
#312 = DIRECTION('',(0.,0.,1.));
#313 = DEFINITIONAL_REPRESENTATION('',(#314),#318);
#314 = LINE('',#315,#316);
#315 = CARTESIAN_POINT('',(0.,0.));
#316 = VECTOR('',#317,1.);
#317 = DIRECTION('',(0.,1.));
#318 = ( GEOMETRIC_REPRESENTATION_CONTEXT(2) 
PARAMETRIC_REPRESENTATION_CONTEXT() REPRESENTATION_CONTEXT('2D SPACE',''
  ) );
#319 = ORIENTED_EDGE('',*,*,#320,.T.);
#320 = EDGE_CURVE('',#293,#321,#323,.T.);
#321 = VERTEX_POINT('',#322);
#322 = CARTESIAN_POINT('',(189.98316955566,345.94750368595,82.));
#323 = SURFACE_CURVE('',#324,(#329,#340),.PCURVE_S1.);
#324 = CIRCLE('',#325,9.399999976158);
#325 = AXIS2_PLACEMENT_3D('',#326,#327,#328);
#326 = CARTESIAN_POINT('',(189.98316955566,355.3475036621,82.));
#327 = DIRECTION('',(0.,0.,-1.));
#328 = DIRECTION('',(1.,0.,0.));
#329 = PCURVE('',#58,#330);
#330 = DEFINITIONAL_REPRESENTATION('',(#331),#339);
#331 = ( BOUNDED_CURVE() B_SPLINE_CURVE(2,(#332,#333,#334,#335,#336,#337
,#338),.UNSPECIFIED.,.T.,.F.) B_SPLINE_CURVE_WITH_KNOTS((1,2,2,2,2,1),(
    -2.094395102393,0.,2.094395102393,4.188790204786,6.28318530718,
8.377580409573),.UNSPECIFIED.) CURVE() GEOMETRIC_REPRESENTATION_ITEM() 
RATIONAL_B_SPLINE_CURVE((1.,0.5,1.,0.5,1.,0.5,1.)) REPRESENTATION_ITEM(
  '') );
#332 = CARTESIAN_POINT('',(41.399999976158,-7.));
#333 = CARTESIAN_POINT('',(41.399999976158,-23.28127754985));
#334 = CARTESIAN_POINT('',(27.300000011921,-15.14063877492));
#335 = CARTESIAN_POINT('',(13.200000047684,-7.));
#336 = CARTESIAN_POINT('',(27.300000011921,1.140638774926));
#337 = CARTESIAN_POINT('',(41.399999976158,9.281277549852));
#338 = CARTESIAN_POINT('',(41.399999976158,-7.));
#339 = ( GEOMETRIC_REPRESENTATION_CONTEXT(2) 
PARAMETRIC_REPRESENTATION_CONTEXT() REPRESENTATION_CONTEXT('2D SPACE',''
  ) );
#340 = PCURVE('',#341,#346);
#341 = TOROIDAL_SURFACE('',#342,9.399999976158,0.399999976158);
#342 = AXIS2_PLACEMENT_3D('',#343,#344,#345);
#343 = CARTESIAN_POINT('',(189.98316955566,355.3475036621,
    81.600000023842));
#344 = DIRECTION('',(0.,0.,1.));
#345 = DIRECTION('',(1.,0.,0.));
#346 = DEFINITIONAL_REPRESENTATION('',(#347),#351);
#347 = LINE('',#348,#349);
#348 = CARTESIAN_POINT('',(-0.,1.570796326795));
#349 = VECTOR('',#350,1.);
#350 = DIRECTION('',(-1.,0.));
#351 = ( GEOMETRIC_REPRESENTATION_CONTEXT(2) 
PARAMETRIC_REPRESENTATION_CONTEXT() REPRESENTATION_CONTEXT('2D SPACE',''
  ) );
#352 = ORIENTED_EDGE('',*,*,#353,.T.);
#353 = EDGE_CURVE('',#321,#354,#356,.T.);
#354 = VERTEX_POINT('',#355);
#355 = CARTESIAN_POINT('',(157.98316955566,345.94750368595,82.));
#356 = SURFACE_CURVE('',#357,(#361,#368),.PCURVE_S1.);
#357 = LINE('',#358,#359);
#358 = CARTESIAN_POINT('',(189.98316955566,345.94750368595,82.));
#359 = VECTOR('',#360,1.);
#360 = DIRECTION('',(-1.,6.123233995737E-17,0.));
#361 = PCURVE('',#58,#362);
#362 = DEFINITIONAL_REPRESENTATION('',(#363),#367);
#363 = LINE('',#364,#365);
#364 = CARTESIAN_POINT('',(32.,-16.39999997615));
#365 = VECTOR('',#366,1.);
#366 = DIRECTION('',(-1.,6.123233995737E-17));
#367 = ( GEOMETRIC_REPRESENTATION_CONTEXT(2) 
PARAMETRIC_REPRESENTATION_CONTEXT() REPRESENTATION_CONTEXT('2D SPACE',''
  ) );
#368 = PCURVE('',#369,#374);
#369 = CYLINDRICAL_SURFACE('',#370,0.399999976158);
#370 = AXIS2_PLACEMENT_3D('',#371,#372,#373);
#371 = CARTESIAN_POINT('',(189.98316955566,345.94750368595,
    81.600000023842));
#372 = DIRECTION('',(-1.,6.123233995737E-17,0.));
#373 = DIRECTION('',(0.,0.,1.));
#374 = DEFINITIONAL_REPRESENTATION('',(#375),#379);
#375 = LINE('',#376,#377);
#376 = CARTESIAN_POINT('',(0.,0.));
#377 = VECTOR('',#378,1.);
#378 = DIRECTION('',(0.,1.));
#379 = ( GEOMETRIC_REPRESENTATION_CONTEXT(2) 
PARAMETRIC_REPRESENTATION_CONTEXT() REPRESENTATION_CONTEXT('2D SPACE',''
  ) );
#380 = ORIENTED_EDGE('',*,*,#381,.T.);
#381 = EDGE_CURVE('',#354,#169,#382,.T.);
#382 = SURFACE_CURVE('',#383,(#388,#399),.PCURVE_S1.);
#383 = CIRCLE('',#384,9.399999976158);
#384 = AXIS2_PLACEMENT_3D('',#385,#386,#387);
#385 = CARTESIAN_POINT('',(157.98316955566,355.3475036621,82.));
#386 = DIRECTION('',(-0.,-0.,-1.));
#387 = DIRECTION('',(0.,-1.,0.));
#388 = PCURVE('',#58,#389);
#389 = DEFINITIONAL_REPRESENTATION('',(#390),#398);
#390 = ( BOUNDED_CURVE() B_SPLINE_CURVE(2,(#391,#392,#393,#394,#395,#396
,#397),.UNSPECIFIED.,.T.,.F.) B_SPLINE_CURVE_WITH_KNOTS((1,2,2,2,2,1),(
    -2.094395102393,0.,2.094395102393,4.188790204786,6.28318530718,
8.377580409573),.UNSPECIFIED.) CURVE() GEOMETRIC_REPRESENTATION_ITEM() 
RATIONAL_B_SPLINE_CURVE((1.,0.5,1.,0.5,1.,0.5,1.)) REPRESENTATION_ITEM(
  '') );
#391 = CARTESIAN_POINT('',(0.,-16.39999997615));
#392 = CARTESIAN_POINT('',(-16.28127754985,-16.39999997615));
#393 = CARTESIAN_POINT('',(-8.140638774926,-2.300000011921));
#394 = CARTESIAN_POINT('',(-2.302335976557E-15,11.799999952316));
#395 = CARTESIAN_POINT('',(8.140638774926,-2.300000011921));
#396 = CARTESIAN_POINT('',(16.281277549852,-16.39999997615));
#397 = CARTESIAN_POINT('',(0.,-16.39999997615));
#398 = ( GEOMETRIC_REPRESENTATION_CONTEXT(2) 
PARAMETRIC_REPRESENTATION_CONTEXT() REPRESENTATION_CONTEXT('2D SPACE',''
  ) );
#399 = PCURVE('',#400,#405);
#400 = TOROIDAL_SURFACE('',#401,9.399999976158,0.399999976158);
#401 = AXIS2_PLACEMENT_3D('',#402,#403,#404);
#402 = CARTESIAN_POINT('',(157.98316955566,355.3475036621,
    81.600000023842));
#403 = DIRECTION('',(0.,0.,1.));
#404 = DIRECTION('',(0.,-1.,0.));
#405 = DEFINITIONAL_REPRESENTATION('',(#406),#410);
#406 = LINE('',#407,#408);
#407 = CARTESIAN_POINT('',(-0.,1.570796326795));
#408 = VECTOR('',#409,1.);
#409 = DIRECTION('',(-1.,0.));
#410 = ( GEOMETRIC_REPRESENTATION_CONTEXT(2) 
PARAMETRIC_REPRESENTATION_CONTEXT() REPRESENTATION_CONTEXT('2D SPACE',''
  ) );
#411 = FACE_BOUND('',#412,.T.);
#412 = EDGE_LOOP('',(#413,#443,#472,#496,#519,#548,#576,#605,#633,#662,
    #690));
#413 = ORIENTED_EDGE('',*,*,#414,.T.);
#414 = EDGE_CURVE('',#415,#417,#419,.T.);
#415 = VERTEX_POINT('',#416);
#416 = CARTESIAN_POINT('',(192.98316955566,381.94750368595,82.));
#417 = VERTEX_POINT('',#418);
#418 = CARTESIAN_POINT('',(173.46506409999,381.94750368595,82.));
#419 = SURFACE_CURVE('',#420,(#424,#431),.PCURVE_S1.);
#420 = LINE('',#421,#422);
#421 = CARTESIAN_POINT('',(192.98316955566,381.94750368595,82.));
#422 = VECTOR('',#423,1.);
#423 = DIRECTION('',(-1.,-1.224646799147E-16,0.));
#424 = PCURVE('',#58,#425);
#425 = DEFINITIONAL_REPRESENTATION('',(#426),#430);
#426 = LINE('',#427,#428);
#427 = CARTESIAN_POINT('',(35.,19.600000023842));
#428 = VECTOR('',#429,1.);
#429 = DIRECTION('',(-1.,-1.224646799147E-16));
#430 = ( GEOMETRIC_REPRESENTATION_CONTEXT(2) 
PARAMETRIC_REPRESENTATION_CONTEXT() REPRESENTATION_CONTEXT('2D SPACE',''
  ) );
#431 = PCURVE('',#432,#437);
#432 = CYLINDRICAL_SURFACE('',#433,0.399999976158);
#433 = AXIS2_PLACEMENT_3D('',#434,#435,#436);
#434 = CARTESIAN_POINT('',(192.98316955566,381.94750368595,
    81.600000023842));
#435 = DIRECTION('',(-1.,-1.224646799147E-16,0.));
#436 = DIRECTION('',(0.,0.,1.));
#437 = DEFINITIONAL_REPRESENTATION('',(#438),#442);
#438 = LINE('',#439,#440);
#439 = CARTESIAN_POINT('',(0.,0.));
#440 = VECTOR('',#441,1.);
#441 = DIRECTION('',(0.,1.));
#442 = ( GEOMETRIC_REPRESENTATION_CONTEXT(2) 
PARAMETRIC_REPRESENTATION_CONTEXT() REPRESENTATION_CONTEXT('2D SPACE',''
  ) );
#443 = ORIENTED_EDGE('',*,*,#444,.F.);
#444 = EDGE_CURVE('',#445,#417,#447,.T.);
#445 = VERTEX_POINT('',#446);
#446 = CARTESIAN_POINT('',(174.48167419433,380.52752685546,82.));
#447 = SURFACE_CURVE('',#448,(#453,#460),.PCURVE_S1.);
#448 = CIRCLE('',#449,1.5);
#449 = AXIS2_PLACEMENT_3D('',#450,#451,#452);
#450 = CARTESIAN_POINT('',(172.98167419433,380.52752685546,82.));
#451 = DIRECTION('',(0.,-0.,1.));
#452 = DIRECTION('',(1.,0.,0.));
#453 = PCURVE('',#58,#454);
#454 = DEFINITIONAL_REPRESENTATION('',(#455),#459);
#455 = CIRCLE('',#456,1.5);
#456 = AXIS2_PLACEMENT_2D('',#457,#458);
#457 = CARTESIAN_POINT('',(14.998504638672,18.180023193359));
#458 = DIRECTION('',(1.,0.));
#459 = ( GEOMETRIC_REPRESENTATION_CONTEXT(2) 
PARAMETRIC_REPRESENTATION_CONTEXT() REPRESENTATION_CONTEXT('2D SPACE',''
  ) );
#460 = PCURVE('',#461,#466);
#461 = CYLINDRICAL_SURFACE('',#462,1.5);
#462 = AXIS2_PLACEMENT_3D('',#463,#464,#465);
#463 = CARTESIAN_POINT('',(172.98167419433,380.52752685546,82.));
#464 = DIRECTION('',(-0.,0.,-1.));
#465 = DIRECTION('',(1.,0.,0.));
#466 = DEFINITIONAL_REPRESENTATION('',(#467),#471);
#467 = LINE('',#468,#469);
#468 = CARTESIAN_POINT('',(-0.,0.));
#469 = VECTOR('',#470,1.);
#470 = DIRECTION('',(-1.,0.));
#471 = ( GEOMETRIC_REPRESENTATION_CONTEXT(2) 
PARAMETRIC_REPRESENTATION_CONTEXT() REPRESENTATION_CONTEXT('2D SPACE',''
  ) );
#472 = ORIENTED_EDGE('',*,*,#473,.F.);
#473 = EDGE_CURVE('',#474,#445,#476,.T.);
#474 = VERTEX_POINT('',#475);
#475 = CARTESIAN_POINT('',(172.49828428867,381.94750368595,82.));
#476 = SURFACE_CURVE('',#477,(#482,#489),.PCURVE_S1.);
#477 = CIRCLE('',#478,1.5);
#478 = AXIS2_PLACEMENT_3D('',#479,#480,#481);
#479 = CARTESIAN_POINT('',(172.98167419433,380.52752685546,82.));
#480 = DIRECTION('',(0.,-0.,1.));
#481 = DIRECTION('',(1.,0.,0.));
#482 = PCURVE('',#58,#483);
#483 = DEFINITIONAL_REPRESENTATION('',(#484),#488);
#484 = CIRCLE('',#485,1.5);
#485 = AXIS2_PLACEMENT_2D('',#486,#487);
#486 = CARTESIAN_POINT('',(14.998504638672,18.180023193359));
#487 = DIRECTION('',(1.,0.));
#488 = ( GEOMETRIC_REPRESENTATION_CONTEXT(2) 
PARAMETRIC_REPRESENTATION_CONTEXT() REPRESENTATION_CONTEXT('2D SPACE',''
  ) );
#489 = PCURVE('',#461,#490);
#490 = DEFINITIONAL_REPRESENTATION('',(#491),#495);
#491 = LINE('',#492,#493);
#492 = CARTESIAN_POINT('',(-0.,0.));
#493 = VECTOR('',#494,1.);
#494 = DIRECTION('',(-1.,0.));
#495 = ( GEOMETRIC_REPRESENTATION_CONTEXT(2) 
PARAMETRIC_REPRESENTATION_CONTEXT() REPRESENTATION_CONTEXT('2D SPACE',''
  ) );
#496 = ORIENTED_EDGE('',*,*,#497,.T.);
#497 = EDGE_CURVE('',#474,#498,#500,.T.);
#498 = VERTEX_POINT('',#499);
#499 = CARTESIAN_POINT('',(122.98316955566,381.94750368595,82.));
#500 = SURFACE_CURVE('',#501,(#505,#512),.PCURVE_S1.);
#501 = LINE('',#502,#503);
#502 = CARTESIAN_POINT('',(192.98316955566,381.94750368595,82.));
#503 = VECTOR('',#504,1.);
#504 = DIRECTION('',(-1.,-1.224646799147E-16,0.));
#505 = PCURVE('',#58,#506);
#506 = DEFINITIONAL_REPRESENTATION('',(#507),#511);
#507 = LINE('',#508,#509);
#508 = CARTESIAN_POINT('',(35.,19.600000023842));
#509 = VECTOR('',#510,1.);
#510 = DIRECTION('',(-1.,-1.224646799147E-16));
#511 = ( GEOMETRIC_REPRESENTATION_CONTEXT(2) 
PARAMETRIC_REPRESENTATION_CONTEXT() REPRESENTATION_CONTEXT('2D SPACE',''
  ) );
#512 = PCURVE('',#432,#513);
#513 = DEFINITIONAL_REPRESENTATION('',(#514),#518);
#514 = LINE('',#515,#516);
#515 = CARTESIAN_POINT('',(0.,0.));
#516 = VECTOR('',#517,1.);
#517 = DIRECTION('',(0.,1.));
#518 = ( GEOMETRIC_REPRESENTATION_CONTEXT(2) 
PARAMETRIC_REPRESENTATION_CONTEXT() REPRESENTATION_CONTEXT('2D SPACE',''
  ) );
#519 = ORIENTED_EDGE('',*,*,#520,.T.);
#520 = EDGE_CURVE('',#498,#521,#523,.T.);
#521 = VERTEX_POINT('',#522);
#522 = CARTESIAN_POINT('',(113.38316953182,372.3475036621,82.));
#523 = SURFACE_CURVE('',#524,(#529,#536),.PCURVE_S1.);
#524 = CIRCLE('',#525,9.600000023842);
#525 = AXIS2_PLACEMENT_3D('',#526,#527,#528);
#526 = CARTESIAN_POINT('',(122.98316955566,372.3475036621,82.));
#527 = DIRECTION('',(0.,-0.,1.));
#528 = DIRECTION('',(0.,1.,0.));
#529 = PCURVE('',#58,#530);
#530 = DEFINITIONAL_REPRESENTATION('',(#531),#535);
#531 = CIRCLE('',#532,9.600000023842);
#532 = AXIS2_PLACEMENT_2D('',#533,#534);
#533 = CARTESIAN_POINT('',(-35.,10.));
#534 = DIRECTION('',(0.,1.));
#535 = ( GEOMETRIC_REPRESENTATION_CONTEXT(2) 
PARAMETRIC_REPRESENTATION_CONTEXT() REPRESENTATION_CONTEXT('2D SPACE',''
  ) );
#536 = PCURVE('',#537,#542);
#537 = TOROIDAL_SURFACE('',#538,9.600000023842,0.399999976158);
#538 = AXIS2_PLACEMENT_3D('',#539,#540,#541);
#539 = CARTESIAN_POINT('',(122.98316955566,372.3475036621,
    81.600000023842));
#540 = DIRECTION('',(-0.,-0.,-1.));
#541 = DIRECTION('',(0.,1.,0.));
#542 = DEFINITIONAL_REPRESENTATION('',(#543),#547);
#543 = LINE('',#544,#545);
#544 = CARTESIAN_POINT('',(-0.,4.712388980385));
#545 = VECTOR('',#546,1.);
#546 = DIRECTION('',(-1.,0.));
#547 = ( GEOMETRIC_REPRESENTATION_CONTEXT(2) 
PARAMETRIC_REPRESENTATION_CONTEXT() REPRESENTATION_CONTEXT('2D SPACE',''
  ) );
#548 = ORIENTED_EDGE('',*,*,#549,.T.);
#549 = EDGE_CURVE('',#521,#550,#552,.T.);
#550 = VERTEX_POINT('',#551);
#551 = CARTESIAN_POINT('',(113.38316953182,352.3475036621,82.));
#552 = SURFACE_CURVE('',#553,(#557,#564),.PCURVE_S1.);
#553 = LINE('',#554,#555);
#554 = CARTESIAN_POINT('',(113.38316953182,372.3475036621,82.));
#555 = VECTOR('',#556,1.);
#556 = DIRECTION('',(3.061616997868E-16,-1.,0.));
#557 = PCURVE('',#58,#558);
#558 = DEFINITIONAL_REPRESENTATION('',(#559),#563);
#559 = LINE('',#560,#561);
#560 = CARTESIAN_POINT('',(-44.60000002384,10.));
#561 = VECTOR('',#562,1.);
#562 = DIRECTION('',(3.061616997868E-16,-1.));
#563 = ( GEOMETRIC_REPRESENTATION_CONTEXT(2) 
PARAMETRIC_REPRESENTATION_CONTEXT() REPRESENTATION_CONTEXT('2D SPACE',''
  ) );
#564 = PCURVE('',#565,#570);
#565 = CYLINDRICAL_SURFACE('',#566,0.399999976158);
#566 = AXIS2_PLACEMENT_3D('',#567,#568,#569);
#567 = CARTESIAN_POINT('',(113.38316953182,372.3475036621,
    81.600000023842));
#568 = DIRECTION('',(3.061616997868E-16,-1.,0.));
#569 = DIRECTION('',(0.,0.,1.));
#570 = DEFINITIONAL_REPRESENTATION('',(#571),#575);
#571 = LINE('',#572,#573);
#572 = CARTESIAN_POINT('',(0.,0.));
#573 = VECTOR('',#574,1.);
#574 = DIRECTION('',(0.,1.));
#575 = ( GEOMETRIC_REPRESENTATION_CONTEXT(2) 
PARAMETRIC_REPRESENTATION_CONTEXT() REPRESENTATION_CONTEXT('2D SPACE',''
  ) );
#576 = ORIENTED_EDGE('',*,*,#577,.T.);
#577 = EDGE_CURVE('',#550,#578,#580,.T.);
#578 = VERTEX_POINT('',#579);
#579 = CARTESIAN_POINT('',(122.98316955566,342.74750363826,82.));
#580 = SURFACE_CURVE('',#581,(#586,#593),.PCURVE_S1.);
#581 = CIRCLE('',#582,9.600000023842);
#582 = AXIS2_PLACEMENT_3D('',#583,#584,#585);
#583 = CARTESIAN_POINT('',(122.98316955566,352.3475036621,82.));
#584 = DIRECTION('',(0.,0.,1.));
#585 = DIRECTION('',(-1.,0.,0.));
#586 = PCURVE('',#58,#587);
#587 = DEFINITIONAL_REPRESENTATION('',(#588),#592);
#588 = CIRCLE('',#589,9.600000023842);
#589 = AXIS2_PLACEMENT_2D('',#590,#591);
#590 = CARTESIAN_POINT('',(-35.,-10.));
#591 = DIRECTION('',(-1.,0.));
#592 = ( GEOMETRIC_REPRESENTATION_CONTEXT(2) 
PARAMETRIC_REPRESENTATION_CONTEXT() REPRESENTATION_CONTEXT('2D SPACE',''
  ) );
#593 = PCURVE('',#594,#599);
#594 = TOROIDAL_SURFACE('',#595,9.600000023842,0.399999976158);
#595 = AXIS2_PLACEMENT_3D('',#596,#597,#598);
#596 = CARTESIAN_POINT('',(122.98316955566,352.3475036621,
    81.600000023842));
#597 = DIRECTION('',(-0.,-0.,-1.));
#598 = DIRECTION('',(-1.,0.,0.));
#599 = DEFINITIONAL_REPRESENTATION('',(#600),#604);
#600 = LINE('',#601,#602);
#601 = CARTESIAN_POINT('',(-0.,4.712388980385));
#602 = VECTOR('',#603,1.);
#603 = DIRECTION('',(-1.,0.));
#604 = ( GEOMETRIC_REPRESENTATION_CONTEXT(2) 
PARAMETRIC_REPRESENTATION_CONTEXT() REPRESENTATION_CONTEXT('2D SPACE',''
  ) );
#605 = ORIENTED_EDGE('',*,*,#606,.T.);
#606 = EDGE_CURVE('',#578,#607,#609,.T.);
#607 = VERTEX_POINT('',#608);
#608 = CARTESIAN_POINT('',(192.98316955566,342.74750363826,82.));
#609 = SURFACE_CURVE('',#610,(#614,#621),.PCURVE_S1.);
#610 = LINE('',#611,#612);
#611 = CARTESIAN_POINT('',(122.98316955566,342.74750363826,82.));
#612 = VECTOR('',#613,1.);
#613 = DIRECTION('',(1.,0.,0.));
#614 = PCURVE('',#58,#615);
#615 = DEFINITIONAL_REPRESENTATION('',(#616),#620);
#616 = LINE('',#617,#618);
#617 = CARTESIAN_POINT('',(-35.,-19.60000002384));
#618 = VECTOR('',#619,1.);
#619 = DIRECTION('',(1.,0.));
#620 = ( GEOMETRIC_REPRESENTATION_CONTEXT(2) 
PARAMETRIC_REPRESENTATION_CONTEXT() REPRESENTATION_CONTEXT('2D SPACE',''
  ) );
#621 = PCURVE('',#622,#627);
#622 = CYLINDRICAL_SURFACE('',#623,0.399999976158);
#623 = AXIS2_PLACEMENT_3D('',#624,#625,#626);
#624 = CARTESIAN_POINT('',(122.98316955566,342.74750363826,
    81.600000023842));
#625 = DIRECTION('',(1.,0.,0.));
#626 = DIRECTION('',(0.,0.,1.));
#627 = DEFINITIONAL_REPRESENTATION('',(#628),#632);
#628 = LINE('',#629,#630);
#629 = CARTESIAN_POINT('',(0.,0.));
#630 = VECTOR('',#631,1.);
#631 = DIRECTION('',(0.,1.));
#632 = ( GEOMETRIC_REPRESENTATION_CONTEXT(2) 
PARAMETRIC_REPRESENTATION_CONTEXT() REPRESENTATION_CONTEXT('2D SPACE',''
  ) );
#633 = ORIENTED_EDGE('',*,*,#634,.T.);
#634 = EDGE_CURVE('',#607,#635,#637,.T.);
#635 = VERTEX_POINT('',#636);
#636 = CARTESIAN_POINT('',(202.5831695795,352.3475036621,82.));
#637 = SURFACE_CURVE('',#638,(#643,#650),.PCURVE_S1.);
#638 = CIRCLE('',#639,9.600000023842);
#639 = AXIS2_PLACEMENT_3D('',#640,#641,#642);
#640 = CARTESIAN_POINT('',(192.98316955566,352.3475036621,82.));
#641 = DIRECTION('',(-0.,0.,1.));
#642 = DIRECTION('',(0.,-1.,0.));
#643 = PCURVE('',#58,#644);
#644 = DEFINITIONAL_REPRESENTATION('',(#645),#649);
#645 = CIRCLE('',#646,9.600000023842);
#646 = AXIS2_PLACEMENT_2D('',#647,#648);
#647 = CARTESIAN_POINT('',(35.,-10.));
#648 = DIRECTION('',(0.,-1.));
#649 = ( GEOMETRIC_REPRESENTATION_CONTEXT(2) 
PARAMETRIC_REPRESENTATION_CONTEXT() REPRESENTATION_CONTEXT('2D SPACE',''
  ) );
#650 = PCURVE('',#651,#656);
#651 = TOROIDAL_SURFACE('',#652,9.600000023842,0.399999976158);
#652 = AXIS2_PLACEMENT_3D('',#653,#654,#655);
#653 = CARTESIAN_POINT('',(192.98316955566,352.3475036621,
    81.600000023842));
#654 = DIRECTION('',(-0.,-0.,-1.));
#655 = DIRECTION('',(0.,-1.,0.));
#656 = DEFINITIONAL_REPRESENTATION('',(#657),#661);
#657 = LINE('',#658,#659);
#658 = CARTESIAN_POINT('',(-0.,4.712388980385));
#659 = VECTOR('',#660,1.);
#660 = DIRECTION('',(-1.,0.));
#661 = ( GEOMETRIC_REPRESENTATION_CONTEXT(2) 
PARAMETRIC_REPRESENTATION_CONTEXT() REPRESENTATION_CONTEXT('2D SPACE',''
  ) );
#662 = ORIENTED_EDGE('',*,*,#663,.T.);
#663 = EDGE_CURVE('',#635,#664,#666,.T.);
#664 = VERTEX_POINT('',#665);
#665 = CARTESIAN_POINT('',(202.5831695795,372.3475036621,82.));
#666 = SURFACE_CURVE('',#667,(#671,#678),.PCURVE_S1.);
#667 = LINE('',#668,#669);
#668 = CARTESIAN_POINT('',(202.5831695795,352.3475036621,82.));
#669 = VECTOR('',#670,1.);
#670 = DIRECTION('',(2.449293598295E-16,1.,0.));
#671 = PCURVE('',#58,#672);
#672 = DEFINITIONAL_REPRESENTATION('',(#673),#677);
#673 = LINE('',#674,#675);
#674 = CARTESIAN_POINT('',(44.600000023842,-10.));
#675 = VECTOR('',#676,1.);
#676 = DIRECTION('',(2.449293598295E-16,1.));
#677 = ( GEOMETRIC_REPRESENTATION_CONTEXT(2) 
PARAMETRIC_REPRESENTATION_CONTEXT() REPRESENTATION_CONTEXT('2D SPACE',''
  ) );
#678 = PCURVE('',#679,#684);
#679 = CYLINDRICAL_SURFACE('',#680,0.399999976158);
#680 = AXIS2_PLACEMENT_3D('',#681,#682,#683);
#681 = CARTESIAN_POINT('',(202.5831695795,352.3475036621,81.600000023842
    ));
#682 = DIRECTION('',(2.449293598295E-16,1.,0.));
#683 = DIRECTION('',(0.,0.,1.));
#684 = DEFINITIONAL_REPRESENTATION('',(#685),#689);
#685 = LINE('',#686,#687);
#686 = CARTESIAN_POINT('',(0.,0.));
#687 = VECTOR('',#688,1.);
#688 = DIRECTION('',(0.,1.));
#689 = ( GEOMETRIC_REPRESENTATION_CONTEXT(2) 
PARAMETRIC_REPRESENTATION_CONTEXT() REPRESENTATION_CONTEXT('2D SPACE',''
  ) );
#690 = ORIENTED_EDGE('',*,*,#691,.T.);
#691 = EDGE_CURVE('',#664,#415,#692,.T.);
#692 = SURFACE_CURVE('',#693,(#698,#705),.PCURVE_S1.);
#693 = CIRCLE('',#694,9.600000023842);
#694 = AXIS2_PLACEMENT_3D('',#695,#696,#697);
#695 = CARTESIAN_POINT('',(192.98316955566,372.3475036621,82.));
#696 = DIRECTION('',(0.,0.,1.));
#697 = DIRECTION('',(1.,0.,0.));
#698 = PCURVE('',#58,#699);
#699 = DEFINITIONAL_REPRESENTATION('',(#700),#704);
#700 = CIRCLE('',#701,9.600000023842);
#701 = AXIS2_PLACEMENT_2D('',#702,#703);
#702 = CARTESIAN_POINT('',(35.,10.));
#703 = DIRECTION('',(1.,0.));
#704 = ( GEOMETRIC_REPRESENTATION_CONTEXT(2) 
PARAMETRIC_REPRESENTATION_CONTEXT() REPRESENTATION_CONTEXT('2D SPACE',''
  ) );
#705 = PCURVE('',#706,#711);
#706 = TOROIDAL_SURFACE('',#707,9.600000023842,0.399999976158);
#707 = AXIS2_PLACEMENT_3D('',#708,#709,#710);
#708 = CARTESIAN_POINT('',(192.98316955566,372.3475036621,
    81.600000023842));
#709 = DIRECTION('',(-0.,-0.,-1.));
#710 = DIRECTION('',(1.,0.,0.));
#711 = DEFINITIONAL_REPRESENTATION('',(#712),#716);
#712 = LINE('',#713,#714);
#713 = CARTESIAN_POINT('',(-0.,4.712388980385));
#714 = VECTOR('',#715,1.);
#715 = DIRECTION('',(-1.,0.));
#716 = ( GEOMETRIC_REPRESENTATION_CONTEXT(2) 
PARAMETRIC_REPRESENTATION_CONTEXT() REPRESENTATION_CONTEXT('2D SPACE',''
  ) );
#717 = FACE_BOUND('',#718,.T.);
#718 = EDGE_LOOP('',(#719,#749,#778,#806));
#719 = ORIENTED_EDGE('',*,*,#720,.F.);
#720 = EDGE_CURVE('',#721,#723,#725,.T.);
#721 = VERTEX_POINT('',#722);
#722 = CARTESIAN_POINT('',(124.10066527128,373.48093655399,82.));
#723 = VERTEX_POINT('',#724);
#724 = CARTESIAN_POINT('',(124.10066527128,350.99215316772,82.));
#725 = SURFACE_CURVE('',#726,(#730,#737),.PCURVE_S1.);
#726 = LINE('',#727,#728);
#727 = CARTESIAN_POINT('',(124.10066527128,373.48093655399,82.));
#728 = VECTOR('',#729,1.);
#729 = DIRECTION('',(0.,-1.,0.));
#730 = PCURVE('',#58,#731);
#731 = DEFINITIONAL_REPRESENTATION('',(#732),#736);
#732 = LINE('',#733,#734);
#733 = CARTESIAN_POINT('',(-33.88250428438,11.13343289189));
#734 = VECTOR('',#735,1.);
#735 = DIRECTION('',(0.,-1.));
#736 = ( GEOMETRIC_REPRESENTATION_CONTEXT(2) 
PARAMETRIC_REPRESENTATION_CONTEXT() REPRESENTATION_CONTEXT('2D SPACE',''
  ) );
#737 = PCURVE('',#738,#743);
#738 = CYLINDRICAL_SURFACE('',#739,0.300000011921);
#739 = AXIS2_PLACEMENT_3D('',#740,#741,#742);
#740 = CARTESIAN_POINT('',(124.10066527128,373.48093655399,
    81.699999988079));
#741 = DIRECTION('',(0.,-1.,0.));
#742 = DIRECTION('',(0.,0.,1.));
#743 = DEFINITIONAL_REPRESENTATION('',(#744),#748);
#744 = LINE('',#745,#746);
#745 = CARTESIAN_POINT('',(-0.,0.));
#746 = VECTOR('',#747,1.);
#747 = DIRECTION('',(-0.,1.));
#748 = ( GEOMETRIC_REPRESENTATION_CONTEXT(2) 
PARAMETRIC_REPRESENTATION_CONTEXT() REPRESENTATION_CONTEXT('2D SPACE',''
  ) );
#749 = ORIENTED_EDGE('',*,*,#750,.F.);
#750 = EDGE_CURVE('',#751,#721,#753,.T.);
#751 = VERTEX_POINT('',#752);
#752 = CARTESIAN_POINT('',(126.21567231416,373.48093655399,82.));
#753 = SURFACE_CURVE('',#754,(#759,#766),.PCURVE_S1.);
#754 = CIRCLE('',#755,1.057503521442);
#755 = AXIS2_PLACEMENT_3D('',#756,#757,#758);
#756 = CARTESIAN_POINT('',(125.15816879272,373.48093655399,82.));
#757 = DIRECTION('',(0.,0.,1.));
#758 = DIRECTION('',(1.,0.,-0.));
#759 = PCURVE('',#58,#760);
#760 = DEFINITIONAL_REPRESENTATION('',(#761),#765);
#761 = CIRCLE('',#762,1.057503521442);
#762 = AXIS2_PLACEMENT_2D('',#763,#764);
#763 = CARTESIAN_POINT('',(-32.82500076293,11.13343289189));
#764 = DIRECTION('',(1.,0.));
#765 = ( GEOMETRIC_REPRESENTATION_CONTEXT(2) 
PARAMETRIC_REPRESENTATION_CONTEXT() REPRESENTATION_CONTEXT('2D SPACE',''
  ) );
#766 = PCURVE('',#767,#772);
#767 = TOROIDAL_SURFACE('',#768,1.057503521442,0.300000011921);
#768 = AXIS2_PLACEMENT_3D('',#769,#770,#771);
#769 = CARTESIAN_POINT('',(125.15816879272,373.48093655399,
    81.699999988079));
#770 = DIRECTION('',(0.,0.,1.));
#771 = DIRECTION('',(1.,0.,-0.));
#772 = DEFINITIONAL_REPRESENTATION('',(#773),#777);
#773 = LINE('',#774,#775);
#774 = CARTESIAN_POINT('',(0.,1.570796326795));
#775 = VECTOR('',#776,1.);
#776 = DIRECTION('',(1.,0.));
#777 = ( GEOMETRIC_REPRESENTATION_CONTEXT(2) 
PARAMETRIC_REPRESENTATION_CONTEXT() REPRESENTATION_CONTEXT('2D SPACE',''
  ) );
#778 = ORIENTED_EDGE('',*,*,#779,.F.);
#779 = EDGE_CURVE('',#780,#751,#782,.T.);
#780 = VERTEX_POINT('',#781);
#781 = CARTESIAN_POINT('',(126.21567231416,350.99215316772,82.));
#782 = SURFACE_CURVE('',#783,(#787,#794),.PCURVE_S1.);
#783 = LINE('',#784,#785);
#784 = CARTESIAN_POINT('',(126.21567231416,350.99215316772,82.));
#785 = VECTOR('',#786,1.);
#786 = DIRECTION('',(0.,1.,0.));
#787 = PCURVE('',#58,#788);
#788 = DEFINITIONAL_REPRESENTATION('',(#789),#793);
#789 = LINE('',#790,#791);
#790 = CARTESIAN_POINT('',(-31.76749724149,-11.35535049438));
#791 = VECTOR('',#792,1.);
#792 = DIRECTION('',(0.,1.));
#793 = ( GEOMETRIC_REPRESENTATION_CONTEXT(2) 
PARAMETRIC_REPRESENTATION_CONTEXT() REPRESENTATION_CONTEXT('2D SPACE',''
  ) );
#794 = PCURVE('',#795,#800);
#795 = CYLINDRICAL_SURFACE('',#796,0.300000011921);
#796 = AXIS2_PLACEMENT_3D('',#797,#798,#799);
#797 = CARTESIAN_POINT('',(126.21567231416,350.99215316772,
    81.699999988079));
#798 = DIRECTION('',(0.,1.,0.));
#799 = DIRECTION('',(0.,-0.,1.));
#800 = DEFINITIONAL_REPRESENTATION('',(#801),#805);
#801 = LINE('',#802,#803);
#802 = CARTESIAN_POINT('',(-0.,0.));
#803 = VECTOR('',#804,1.);
#804 = DIRECTION('',(-0.,1.));
#805 = ( GEOMETRIC_REPRESENTATION_CONTEXT(2) 
PARAMETRIC_REPRESENTATION_CONTEXT() REPRESENTATION_CONTEXT('2D SPACE',''
  ) );
#806 = ORIENTED_EDGE('',*,*,#807,.F.);
#807 = EDGE_CURVE('',#723,#780,#808,.T.);
#808 = SURFACE_CURVE('',#809,(#814,#821),.PCURVE_S1.);
#809 = CIRCLE('',#810,1.057503521442);
#810 = AXIS2_PLACEMENT_3D('',#811,#812,#813);
#811 = CARTESIAN_POINT('',(125.15816879272,350.99215316772,82.));
#812 = DIRECTION('',(0.,0.,1.));
#813 = DIRECTION('',(-1.,0.,0.));
#814 = PCURVE('',#58,#815);
#815 = DEFINITIONAL_REPRESENTATION('',(#816),#820);
#816 = CIRCLE('',#817,1.057503521442);
#817 = AXIS2_PLACEMENT_2D('',#818,#819);
#818 = CARTESIAN_POINT('',(-32.82500076293,-11.35535049438));
#819 = DIRECTION('',(-1.,0.));
#820 = ( GEOMETRIC_REPRESENTATION_CONTEXT(2) 
PARAMETRIC_REPRESENTATION_CONTEXT() REPRESENTATION_CONTEXT('2D SPACE',''
  ) );
#821 = PCURVE('',#822,#827);
#822 = TOROIDAL_SURFACE('',#823,1.057503521442,0.300000011921);
#823 = AXIS2_PLACEMENT_3D('',#824,#825,#826);
#824 = CARTESIAN_POINT('',(125.15816879272,350.99215316772,
    81.699999988079));
#825 = DIRECTION('',(0.,0.,1.));
#826 = DIRECTION('',(-1.,0.,0.));
#827 = DEFINITIONAL_REPRESENTATION('',(#828),#832);
#828 = LINE('',#829,#830);
#829 = CARTESIAN_POINT('',(0.,1.570796326795));
#830 = VECTOR('',#831,1.);
#831 = DIRECTION('',(1.,0.));
#832 = ( GEOMETRIC_REPRESENTATION_CONTEXT(2) 
PARAMETRIC_REPRESENTATION_CONTEXT() REPRESENTATION_CONTEXT('2D SPACE',''
  ) );
#833 = FACE_BOUND('',#834,.T.);
#834 = EDGE_LOOP('',(#835,#865,#894,#922));
#835 = ORIENTED_EDGE('',*,*,#836,.F.);
#836 = EDGE_CURVE('',#837,#839,#841,.T.);
#837 = VERTEX_POINT('',#838);
#838 = CARTESIAN_POINT('',(129.65567320585,373.41781475834,82.));
#839 = VERTEX_POINT('',#840);
#840 = CARTESIAN_POINT('',(129.65567320585,351.05527496337,82.));
#841 = SURFACE_CURVE('',#842,(#846,#853),.PCURVE_S1.);
#842 = LINE('',#843,#844);
#843 = CARTESIAN_POINT('',(129.65567320585,373.41781475834,82.));
#844 = VECTOR('',#845,1.);
#845 = DIRECTION('',(0.,-1.,0.));
#846 = PCURVE('',#58,#847);
#847 = DEFINITIONAL_REPRESENTATION('',(#848),#852);
#848 = LINE('',#849,#850);
#849 = CARTESIAN_POINT('',(-28.32749634981,11.070311096235));
#850 = VECTOR('',#851,1.);
#851 = DIRECTION('',(0.,-1.));
#852 = ( GEOMETRIC_REPRESENTATION_CONTEXT(2) 
PARAMETRIC_REPRESENTATION_CONTEXT() REPRESENTATION_CONTEXT('2D SPACE',''
  ) );
#853 = PCURVE('',#854,#859);
#854 = CYLINDRICAL_SURFACE('',#855,0.300000011921);
#855 = AXIS2_PLACEMENT_3D('',#856,#857,#858);
#856 = CARTESIAN_POINT('',(129.65567320585,373.41781475834,
    81.699999988079));
#857 = DIRECTION('',(0.,-1.,0.));
#858 = DIRECTION('',(0.,0.,1.));
#859 = DEFINITIONAL_REPRESENTATION('',(#860),#864);
#860 = LINE('',#861,#862);
#861 = CARTESIAN_POINT('',(-0.,0.));
#862 = VECTOR('',#863,1.);
#863 = DIRECTION('',(-0.,1.));
#864 = ( GEOMETRIC_REPRESENTATION_CONTEXT(2) 
PARAMETRIC_REPRESENTATION_CONTEXT() REPRESENTATION_CONTEXT('2D SPACE',''
  ) );
#865 = ORIENTED_EDGE('',*,*,#866,.F.);
#866 = EDGE_CURVE('',#867,#837,#869,.T.);
#867 = VERTEX_POINT('',#868);
#868 = CARTESIAN_POINT('',(131.89692384004,373.41781475834,82.));
#869 = SURFACE_CURVE('',#870,(#875,#882),.PCURVE_S1.);
#870 = CIRCLE('',#871,1.120625317097);
#871 = AXIS2_PLACEMENT_3D('',#872,#873,#874);
#872 = CARTESIAN_POINT('',(130.77629852294,373.41781475834,82.));
#873 = DIRECTION('',(0.,0.,1.));
#874 = DIRECTION('',(1.,0.,-0.));
#875 = PCURVE('',#58,#876);
#876 = DEFINITIONAL_REPRESENTATION('',(#877),#881);
#877 = CIRCLE('',#878,1.120625317097);
#878 = AXIS2_PLACEMENT_2D('',#879,#880);
#879 = CARTESIAN_POINT('',(-27.20687103271,11.070311096235));
#880 = DIRECTION('',(1.,0.));
#881 = ( GEOMETRIC_REPRESENTATION_CONTEXT(2) 
PARAMETRIC_REPRESENTATION_CONTEXT() REPRESENTATION_CONTEXT('2D SPACE',''
  ) );
#882 = PCURVE('',#883,#888);
#883 = TOROIDAL_SURFACE('',#884,1.120625317097,0.300000011921);
#884 = AXIS2_PLACEMENT_3D('',#885,#886,#887);
#885 = CARTESIAN_POINT('',(130.77629852294,373.41781475834,
    81.699999988079));
#886 = DIRECTION('',(0.,0.,1.));
#887 = DIRECTION('',(1.,0.,-0.));
#888 = DEFINITIONAL_REPRESENTATION('',(#889),#893);
#889 = LINE('',#890,#891);
#890 = CARTESIAN_POINT('',(0.,1.570796326795));
#891 = VECTOR('',#892,1.);
#892 = DIRECTION('',(1.,0.));
#893 = ( GEOMETRIC_REPRESENTATION_CONTEXT(2) 
PARAMETRIC_REPRESENTATION_CONTEXT() REPRESENTATION_CONTEXT('2D SPACE',''
  ) );
#894 = ORIENTED_EDGE('',*,*,#895,.F.);
#895 = EDGE_CURVE('',#896,#867,#898,.T.);
#896 = VERTEX_POINT('',#897);
#897 = CARTESIAN_POINT('',(131.89692384004,351.05527496337,82.));
#898 = SURFACE_CURVE('',#899,(#903,#910),.PCURVE_S1.);
#899 = LINE('',#900,#901);
#900 = CARTESIAN_POINT('',(131.89692384004,351.05527496337,82.));
#901 = VECTOR('',#902,1.);
#902 = DIRECTION('',(0.,1.,0.));
#903 = PCURVE('',#58,#904);
#904 = DEFINITIONAL_REPRESENTATION('',(#905),#909);
#905 = LINE('',#906,#907);
#906 = CARTESIAN_POINT('',(-26.08624571561,-11.29222869873));
#907 = VECTOR('',#908,1.);
#908 = DIRECTION('',(0.,1.));
#909 = ( GEOMETRIC_REPRESENTATION_CONTEXT(2) 
PARAMETRIC_REPRESENTATION_CONTEXT() REPRESENTATION_CONTEXT('2D SPACE',''
  ) );
#910 = PCURVE('',#911,#916);
#911 = CYLINDRICAL_SURFACE('',#912,0.300000011921);
#912 = AXIS2_PLACEMENT_3D('',#913,#914,#915);
#913 = CARTESIAN_POINT('',(131.89692384004,351.05527496337,
    81.699999988079));
#914 = DIRECTION('',(0.,1.,0.));
#915 = DIRECTION('',(0.,-0.,1.));
#916 = DEFINITIONAL_REPRESENTATION('',(#917),#921);
#917 = LINE('',#918,#919);
#918 = CARTESIAN_POINT('',(-0.,0.));
#919 = VECTOR('',#920,1.);
#920 = DIRECTION('',(-0.,1.));
#921 = ( GEOMETRIC_REPRESENTATION_CONTEXT(2) 
PARAMETRIC_REPRESENTATION_CONTEXT() REPRESENTATION_CONTEXT('2D SPACE',''
  ) );
#922 = ORIENTED_EDGE('',*,*,#923,.F.);
#923 = EDGE_CURVE('',#839,#896,#924,.T.);
#924 = SURFACE_CURVE('',#925,(#930,#937),.PCURVE_S1.);
#925 = CIRCLE('',#926,1.120625317097);
#926 = AXIS2_PLACEMENT_3D('',#927,#928,#929);
#927 = CARTESIAN_POINT('',(130.77629852294,351.05527496337,82.));
#928 = DIRECTION('',(0.,0.,1.));
#929 = DIRECTION('',(-1.,0.,0.));
#930 = PCURVE('',#58,#931);
#931 = DEFINITIONAL_REPRESENTATION('',(#932),#936);
#932 = CIRCLE('',#933,1.120625317097);
#933 = AXIS2_PLACEMENT_2D('',#934,#935);
#934 = CARTESIAN_POINT('',(-27.20687103271,-11.29222869873));
#935 = DIRECTION('',(-1.,0.));
#936 = ( GEOMETRIC_REPRESENTATION_CONTEXT(2) 
PARAMETRIC_REPRESENTATION_CONTEXT() REPRESENTATION_CONTEXT('2D SPACE',''
  ) );
#937 = PCURVE('',#938,#943);
#938 = TOROIDAL_SURFACE('',#939,1.120625317097,0.300000011921);
#939 = AXIS2_PLACEMENT_3D('',#940,#941,#942);
#940 = CARTESIAN_POINT('',(130.77629852294,351.05527496337,
    81.699999988079));
#941 = DIRECTION('',(0.,0.,1.));
#942 = DIRECTION('',(-1.,0.,0.));
#943 = DEFINITIONAL_REPRESENTATION('',(#944),#948);
#944 = LINE('',#945,#946);
#945 = CARTESIAN_POINT('',(0.,1.570796326795));
#946 = VECTOR('',#947,1.);
#947 = DIRECTION('',(1.,0.));
#948 = ( GEOMETRIC_REPRESENTATION_CONTEXT(2) 
PARAMETRIC_REPRESENTATION_CONTEXT() REPRESENTATION_CONTEXT('2D SPACE',''
  ) );
#949 = FACE_BOUND('',#950,.T.);
#950 = EDGE_LOOP('',(#951,#981,#1010,#1038));
#951 = ORIENTED_EDGE('',*,*,#952,.F.);
#952 = EDGE_CURVE('',#953,#955,#957,.T.);
#953 = VERTEX_POINT('',#954);
#954 = CARTESIAN_POINT('',(135.84192198514,373.3582270575,82.));
#955 = VERTEX_POINT('',#956);
#956 = CARTESIAN_POINT('',(135.84192198514,351.23734283447,82.));
#957 = SURFACE_CURVE('',#958,(#962,#969),.PCURVE_S1.);
#958 = LINE('',#959,#960);
#959 = CARTESIAN_POINT('',(135.84192198514,373.3582270575,82.));
#960 = VECTOR('',#961,1.);
#961 = DIRECTION('',(0.,-1.,0.));
#962 = PCURVE('',#58,#963);
#963 = DEFINITIONAL_REPRESENTATION('',(#964),#968);
#964 = LINE('',#965,#966);
#965 = CARTESIAN_POINT('',(-22.14124757051,11.010723395399));
#966 = VECTOR('',#967,1.);
#967 = DIRECTION('',(0.,-1.));
#968 = ( GEOMETRIC_REPRESENTATION_CONTEXT(2) 
PARAMETRIC_REPRESENTATION_CONTEXT() REPRESENTATION_CONTEXT('2D SPACE',''
  ) );
#969 = PCURVE('',#970,#975);
#970 = CYLINDRICAL_SURFACE('',#971,0.300000011921);
#971 = AXIS2_PLACEMENT_3D('',#972,#973,#974);
#972 = CARTESIAN_POINT('',(135.84192198514,373.3582270575,
    81.699999988079));
#973 = DIRECTION('',(0.,-1.,0.));
#974 = DIRECTION('',(0.,0.,1.));
#975 = DEFINITIONAL_REPRESENTATION('',(#976),#980);
#976 = LINE('',#977,#978);
#977 = CARTESIAN_POINT('',(-0.,0.));
#978 = VECTOR('',#979,1.);
#979 = DIRECTION('',(-0.,1.));
#980 = ( GEOMETRIC_REPRESENTATION_CONTEXT(2) 
PARAMETRIC_REPRESENTATION_CONTEXT() REPRESENTATION_CONTEXT('2D SPACE',''
  ) );
#981 = ORIENTED_EDGE('',*,*,#982,.F.);
#982 = EDGE_CURVE('',#983,#953,#985,.T.);
#983 = VERTEX_POINT('',#984);
#984 = CARTESIAN_POINT('',(138.08317261934,373.3582270575,82.));
#985 = SURFACE_CURVE('',#986,(#991,#998),.PCURVE_S1.);
#986 = CIRCLE('',#987,1.120625317097);
#987 = AXIS2_PLACEMENT_3D('',#988,#989,#990);
#988 = CARTESIAN_POINT('',(136.96254730224,373.3582270575,82.));
#989 = DIRECTION('',(0.,0.,1.));
#990 = DIRECTION('',(1.,0.,-0.));
#991 = PCURVE('',#58,#992);
#992 = DEFINITIONAL_REPRESENTATION('',(#993),#997);
#993 = CIRCLE('',#994,1.120625317097);
#994 = AXIS2_PLACEMENT_2D('',#995,#996);
#995 = CARTESIAN_POINT('',(-21.02062225341,11.010723395399));
#996 = DIRECTION('',(1.,0.));
#997 = ( GEOMETRIC_REPRESENTATION_CONTEXT(2) 
PARAMETRIC_REPRESENTATION_CONTEXT() REPRESENTATION_CONTEXT('2D SPACE',''
  ) );
#998 = PCURVE('',#999,#1004);
#999 = TOROIDAL_SURFACE('',#1000,1.120625317097,0.300000011921);
#1000 = AXIS2_PLACEMENT_3D('',#1001,#1002,#1003);
#1001 = CARTESIAN_POINT('',(136.96254730224,373.3582270575,
    81.699999988079));
#1002 = DIRECTION('',(0.,0.,1.));
#1003 = DIRECTION('',(1.,0.,-0.));
#1004 = DEFINITIONAL_REPRESENTATION('',(#1005),#1009);
#1005 = LINE('',#1006,#1007);
#1006 = CARTESIAN_POINT('',(0.,1.570796326795));
#1007 = VECTOR('',#1008,1.);
#1008 = DIRECTION('',(1.,0.));
#1009 = ( GEOMETRIC_REPRESENTATION_CONTEXT(2) 
PARAMETRIC_REPRESENTATION_CONTEXT() REPRESENTATION_CONTEXT('2D SPACE',''
  ) );
#1010 = ORIENTED_EDGE('',*,*,#1011,.F.);
#1011 = EDGE_CURVE('',#1012,#983,#1014,.T.);
#1012 = VERTEX_POINT('',#1013);
#1013 = CARTESIAN_POINT('',(138.08317261934,351.23734283447,82.));
#1014 = SURFACE_CURVE('',#1015,(#1019,#1026),.PCURVE_S1.);
#1015 = LINE('',#1016,#1017);
#1016 = CARTESIAN_POINT('',(138.08317261934,351.23734283447,82.));
#1017 = VECTOR('',#1018,1.);
#1018 = DIRECTION('',(0.,1.,0.));
#1019 = PCURVE('',#58,#1020);
#1020 = DEFINITIONAL_REPRESENTATION('',(#1021),#1025);
#1021 = LINE('',#1022,#1023);
#1022 = CARTESIAN_POINT('',(-19.89999693632,-11.11016082763));
#1023 = VECTOR('',#1024,1.);
#1024 = DIRECTION('',(0.,1.));
#1025 = ( GEOMETRIC_REPRESENTATION_CONTEXT(2) 
PARAMETRIC_REPRESENTATION_CONTEXT() REPRESENTATION_CONTEXT('2D SPACE',''
  ) );
#1026 = PCURVE('',#1027,#1032);
#1027 = CYLINDRICAL_SURFACE('',#1028,0.300000011921);
#1028 = AXIS2_PLACEMENT_3D('',#1029,#1030,#1031);
#1029 = CARTESIAN_POINT('',(138.08317261934,351.23734283447,
    81.699999988079));
#1030 = DIRECTION('',(0.,1.,0.));
#1031 = DIRECTION('',(0.,-0.,1.));
#1032 = DEFINITIONAL_REPRESENTATION('',(#1033),#1037);
#1033 = LINE('',#1034,#1035);
#1034 = CARTESIAN_POINT('',(-0.,0.));
#1035 = VECTOR('',#1036,1.);
#1036 = DIRECTION('',(-0.,1.));
#1037 = ( GEOMETRIC_REPRESENTATION_CONTEXT(2) 
PARAMETRIC_REPRESENTATION_CONTEXT() REPRESENTATION_CONTEXT('2D SPACE',''
  ) );
#1038 = ORIENTED_EDGE('',*,*,#1039,.F.);
#1039 = EDGE_CURVE('',#955,#1012,#1040,.T.);
#1040 = SURFACE_CURVE('',#1041,(#1046,#1053),.PCURVE_S1.);
#1041 = CIRCLE('',#1042,1.120625317097);
#1042 = AXIS2_PLACEMENT_3D('',#1043,#1044,#1045);
#1043 = CARTESIAN_POINT('',(136.96254730224,351.23734283447,82.));
#1044 = DIRECTION('',(0.,0.,1.));
#1045 = DIRECTION('',(-1.,0.,0.));
#1046 = PCURVE('',#58,#1047);
#1047 = DEFINITIONAL_REPRESENTATION('',(#1048),#1052);
#1048 = CIRCLE('',#1049,1.120625317097);
#1049 = AXIS2_PLACEMENT_2D('',#1050,#1051);
#1050 = CARTESIAN_POINT('',(-21.02062225341,-11.11016082763));
#1051 = DIRECTION('',(-1.,0.));
#1052 = ( GEOMETRIC_REPRESENTATION_CONTEXT(2) 
PARAMETRIC_REPRESENTATION_CONTEXT() REPRESENTATION_CONTEXT('2D SPACE',''
  ) );
#1053 = PCURVE('',#1054,#1059);
#1054 = TOROIDAL_SURFACE('',#1055,1.120625317097,0.300000011921);
#1055 = AXIS2_PLACEMENT_3D('',#1056,#1057,#1058);
#1056 = CARTESIAN_POINT('',(136.96254730224,351.23734283447,
    81.699999988079));
#1057 = DIRECTION('',(0.,0.,1.));
#1058 = DIRECTION('',(-1.,0.,0.));
#1059 = DEFINITIONAL_REPRESENTATION('',(#1060),#1064);
#1060 = LINE('',#1061,#1062);
#1061 = CARTESIAN_POINT('',(0.,1.570796326795));
#1062 = VECTOR('',#1063,1.);
#1063 = DIRECTION('',(1.,0.));
#1064 = ( GEOMETRIC_REPRESENTATION_CONTEXT(2) 
PARAMETRIC_REPRESENTATION_CONTEXT() REPRESENTATION_CONTEXT('2D SPACE',''
  ) );
#1065 = FACE_BOUND('',#1066,.T.);
#1066 = EDGE_LOOP('',(#1067,#1097,#1126,#1154));
#1067 = ORIENTED_EDGE('',*,*,#1068,.F.);
#1068 = EDGE_CURVE('',#1069,#1071,#1073,.T.);
#1069 = VERTEX_POINT('',#1070);
#1070 = CARTESIAN_POINT('',(142.78613920069,373.29461555986,82.));
#1071 = VERTEX_POINT('',#1072);
#1072 = CARTESIAN_POINT('',(142.78613920069,350.94598324557,82.));
#1073 = SURFACE_CURVE('',#1074,(#1078,#1085),.PCURVE_S1.);
#1074 = LINE('',#1075,#1076);
#1075 = CARTESIAN_POINT('',(142.78613920069,373.29461555986,82.));
#1076 = VECTOR('',#1077,1.);
#1077 = DIRECTION('',(0.,-1.,0.));
#1078 = PCURVE('',#58,#1079);
#1079 = DEFINITIONAL_REPRESENTATION('',(#1080),#1084);
#1080 = LINE('',#1081,#1082);
#1081 = CARTESIAN_POINT('',(-15.19703035496,10.947111897754));
#1082 = VECTOR('',#1083,1.);
#1083 = DIRECTION('',(0.,-1.));
#1084 = ( GEOMETRIC_REPRESENTATION_CONTEXT(2) 
PARAMETRIC_REPRESENTATION_CONTEXT() REPRESENTATION_CONTEXT('2D SPACE',''
  ) );
#1085 = PCURVE('',#1086,#1091);
#1086 = CYLINDRICAL_SURFACE('',#1087,0.300000011921);
#1087 = AXIS2_PLACEMENT_3D('',#1088,#1089,#1090);
#1088 = CARTESIAN_POINT('',(142.78613920069,373.29461555986,
    81.699999988079));
#1089 = DIRECTION('',(0.,-1.,0.));
#1090 = DIRECTION('',(0.,0.,1.));
#1091 = DEFINITIONAL_REPRESENTATION('',(#1092),#1096);
#1092 = LINE('',#1093,#1094);
#1093 = CARTESIAN_POINT('',(-0.,0.));
#1094 = VECTOR('',#1095,1.);
#1095 = DIRECTION('',(-0.,1.));
#1096 = ( GEOMETRIC_REPRESENTATION_CONTEXT(2) 
PARAMETRIC_REPRESENTATION_CONTEXT() REPRESENTATION_CONTEXT('2D SPACE',''
  ) );
#1097 = ORIENTED_EDGE('',*,*,#1098,.F.);
#1098 = EDGE_CURVE('',#1099,#1069,#1101,.T.);
#1099 = VERTEX_POINT('',#1100);
#1100 = CARTESIAN_POINT('',(145.02691346406,373.29461555986,82.));
#1101 = SURFACE_CURVE('',#1102,(#1107,#1114),.PCURVE_S1.);
#1102 = CIRCLE('',#1103,1.120387131687);
#1103 = AXIS2_PLACEMENT_3D('',#1104,#1105,#1106);
#1104 = CARTESIAN_POINT('',(143.90652633238,373.29461555986,82.));
#1105 = DIRECTION('',(0.,0.,1.));
#1106 = DIRECTION('',(1.,0.,-0.));
#1107 = PCURVE('',#58,#1108);
#1108 = DEFINITIONAL_REPRESENTATION('',(#1109),#1113);
#1109 = CIRCLE('',#1110,1.120387131687);
#1110 = AXIS2_PLACEMENT_2D('',#1111,#1112);
#1111 = CARTESIAN_POINT('',(-14.07664322328,10.947111897754));
#1112 = DIRECTION('',(1.,0.));
#1113 = ( GEOMETRIC_REPRESENTATION_CONTEXT(2) 
PARAMETRIC_REPRESENTATION_CONTEXT() REPRESENTATION_CONTEXT('2D SPACE',''
  ) );
#1114 = PCURVE('',#1115,#1120);
#1115 = TOROIDAL_SURFACE('',#1116,1.120387131687,0.300000011921);
#1116 = AXIS2_PLACEMENT_3D('',#1117,#1118,#1119);
#1117 = CARTESIAN_POINT('',(143.90652633238,373.29461555986,
    81.699999988079));
#1118 = DIRECTION('',(0.,0.,1.));
#1119 = DIRECTION('',(1.,0.,-0.));
#1120 = DEFINITIONAL_REPRESENTATION('',(#1121),#1125);
#1121 = LINE('',#1122,#1123);
#1122 = CARTESIAN_POINT('',(0.,1.570796326795));
#1123 = VECTOR('',#1124,1.);
#1124 = DIRECTION('',(1.,0.));
#1125 = ( GEOMETRIC_REPRESENTATION_CONTEXT(2) 
PARAMETRIC_REPRESENTATION_CONTEXT() REPRESENTATION_CONTEXT('2D SPACE',''
  ) );
#1126 = ORIENTED_EDGE('',*,*,#1127,.F.);
#1127 = EDGE_CURVE('',#1128,#1099,#1130,.T.);
#1128 = VERTEX_POINT('',#1129);
#1129 = CARTESIAN_POINT('',(145.02691346406,350.94598324557,82.));
#1130 = SURFACE_CURVE('',#1131,(#1135,#1142),.PCURVE_S1.);
#1131 = LINE('',#1132,#1133);
#1132 = CARTESIAN_POINT('',(145.02691346406,350.94598324557,82.));
#1133 = VECTOR('',#1134,1.);
#1134 = DIRECTION('',(0.,1.,0.));
#1135 = PCURVE('',#58,#1136);
#1136 = DEFINITIONAL_REPRESENTATION('',(#1137),#1141);
#1137 = LINE('',#1138,#1139);
#1138 = CARTESIAN_POINT('',(-12.95625609159,-11.40152041653));
#1139 = VECTOR('',#1140,1.);
#1140 = DIRECTION('',(0.,1.));
#1141 = ( GEOMETRIC_REPRESENTATION_CONTEXT(2) 
PARAMETRIC_REPRESENTATION_CONTEXT() REPRESENTATION_CONTEXT('2D SPACE',''
  ) );
#1142 = PCURVE('',#1143,#1148);
#1143 = CYLINDRICAL_SURFACE('',#1144,0.300000011921);
#1144 = AXIS2_PLACEMENT_3D('',#1145,#1146,#1147);
#1145 = CARTESIAN_POINT('',(145.02691346406,350.94598324557,
    81.699999988079));
#1146 = DIRECTION('',(0.,1.,0.));
#1147 = DIRECTION('',(0.,-0.,1.));
#1148 = DEFINITIONAL_REPRESENTATION('',(#1149),#1153);
#1149 = LINE('',#1150,#1151);
#1150 = CARTESIAN_POINT('',(-0.,0.));
#1151 = VECTOR('',#1152,1.);
#1152 = DIRECTION('',(-0.,1.));
#1153 = ( GEOMETRIC_REPRESENTATION_CONTEXT(2) 
PARAMETRIC_REPRESENTATION_CONTEXT() REPRESENTATION_CONTEXT('2D SPACE',''
  ) );
#1154 = ORIENTED_EDGE('',*,*,#1155,.F.);
#1155 = EDGE_CURVE('',#1071,#1128,#1156,.T.);
#1156 = SURFACE_CURVE('',#1157,(#1162,#1169),.PCURVE_S1.);
#1157 = CIRCLE('',#1158,1.120387131687);
#1158 = AXIS2_PLACEMENT_3D('',#1159,#1160,#1161);
#1159 = CARTESIAN_POINT('',(143.90652633238,350.94598324557,82.));
#1160 = DIRECTION('',(0.,0.,1.));
#1161 = DIRECTION('',(-1.,0.,0.));
#1162 = PCURVE('',#58,#1163);
#1163 = DEFINITIONAL_REPRESENTATION('',(#1164),#1168);
#1164 = CIRCLE('',#1165,1.120387131687);
#1165 = AXIS2_PLACEMENT_2D('',#1166,#1167);
#1166 = CARTESIAN_POINT('',(-14.07664322328,-11.40152041653));
#1167 = DIRECTION('',(-1.,0.));
#1168 = ( GEOMETRIC_REPRESENTATION_CONTEXT(2) 
PARAMETRIC_REPRESENTATION_CONTEXT() REPRESENTATION_CONTEXT('2D SPACE',''
  ) );
#1169 = PCURVE('',#1170,#1175);
#1170 = TOROIDAL_SURFACE('',#1171,1.120387131687,0.300000011921);
#1171 = AXIS2_PLACEMENT_3D('',#1172,#1173,#1174);
#1172 = CARTESIAN_POINT('',(143.90652633238,350.94598324557,
    81.699999988079));
#1173 = DIRECTION('',(0.,0.,1.));
#1174 = DIRECTION('',(-1.,0.,0.));
#1175 = DEFINITIONAL_REPRESENTATION('',(#1176),#1180);
#1176 = LINE('',#1177,#1178);
#1177 = CARTESIAN_POINT('',(0.,1.570796326795));
#1178 = VECTOR('',#1179,1.);
#1179 = DIRECTION('',(1.,0.));
#1180 = ( GEOMETRIC_REPRESENTATION_CONTEXT(2) 
PARAMETRIC_REPRESENTATION_CONTEXT() REPRESENTATION_CONTEXT('2D SPACE',''
  ) );
#1181 = ADVANCED_FACE('',(#1182),#70,.T.);
#1182 = FACE_BOUND('',#1183,.F.);
#1183 = EDGE_LOOP('',(#1184,#1206,#1234,#1254));
#1184 = ORIENTED_EDGE('',*,*,#1185,.T.);
#1185 = EDGE_CURVE('',#48,#1186,#1188,.T.);
#1186 = VERTEX_POINT('',#1187);
#1187 = CARTESIAN_POINT('',(119.12952151824,373.56389355162,
    81.699999988079));
#1188 = SURFACE_CURVE('',#1189,(#1194,#1200),.PCURVE_S1.);
#1189 = CIRCLE('',#1190,0.300000011921);
#1190 = AXIS2_PLACEMENT_3D('',#1191,#1192,#1193);
#1191 = CARTESIAN_POINT('',(118.82952150632,373.56389355162,
    81.699999988079));
#1192 = DIRECTION('',(-0.,1.,0.));
#1193 = DIRECTION('',(0.,0.,1.));
#1194 = PCURVE('',#70,#1195);
#1195 = DEFINITIONAL_REPRESENTATION('',(#1196),#1199);
#1196 = B_SPLINE_CURVE_WITH_KNOTS('',1,(#1197,#1198),.UNSPECIFIED.,.F.,
  .F.,(2,2),(0.,1.570796326795),.PIECEWISE_BEZIER_KNOTS.);
#1197 = CARTESIAN_POINT('',(0.,0.));
#1198 = CARTESIAN_POINT('',(-1.570796326795,0.));
#1199 = ( GEOMETRIC_REPRESENTATION_CONTEXT(2) 
PARAMETRIC_REPRESENTATION_CONTEXT() REPRESENTATION_CONTEXT('2D SPACE',''
  ) );
#1200 = PCURVE('',#99,#1201);
#1201 = DEFINITIONAL_REPRESENTATION('',(#1202),#1205);
#1202 = B_SPLINE_CURVE_WITH_KNOTS('',1,(#1203,#1204),.UNSPECIFIED.,.F.,
  .F.,(2,2),(0.,1.570796326795),.PIECEWISE_BEZIER_KNOTS.);
#1203 = CARTESIAN_POINT('',(3.14159265359,1.570796326795));
#1204 = CARTESIAN_POINT('',(3.14159265359,3.14159265359));
#1205 = ( GEOMETRIC_REPRESENTATION_CONTEXT(2) 
PARAMETRIC_REPRESENTATION_CONTEXT() REPRESENTATION_CONTEXT('2D SPACE',''
  ) );
#1206 = ORIENTED_EDGE('',*,*,#1207,.T.);
#1207 = EDGE_CURVE('',#1186,#1208,#1210,.T.);
#1208 = VERTEX_POINT('',#1209);
#1209 = CARTESIAN_POINT('',(119.12952151824,350.7775285947,
    81.699999988079));
#1210 = SURFACE_CURVE('',#1211,(#1215,#1222),.PCURVE_S1.);
#1211 = LINE('',#1212,#1213);
#1212 = CARTESIAN_POINT('',(119.12952151824,373.56389355162,
    81.699999988079));
#1213 = VECTOR('',#1214,1.);
#1214 = DIRECTION('',(0.,-1.,0.));
#1215 = PCURVE('',#70,#1216);
#1216 = DEFINITIONAL_REPRESENTATION('',(#1217),#1221);
#1217 = LINE('',#1218,#1219);
#1218 = CARTESIAN_POINT('',(-1.570796326795,0.));
#1219 = VECTOR('',#1220,1.);
#1220 = DIRECTION('',(-0.,1.));
#1221 = ( GEOMETRIC_REPRESENTATION_CONTEXT(2) 
PARAMETRIC_REPRESENTATION_CONTEXT() REPRESENTATION_CONTEXT('2D SPACE',''
  ) );
#1222 = PCURVE('',#1223,#1228);
#1223 = PLANE('',#1224);
#1224 = AXIS2_PLACEMENT_3D('',#1225,#1226,#1227);
#1225 = CARTESIAN_POINT('',(119.12952151824,373.56389355162,82.));
#1226 = DIRECTION('',(-1.,0.,0.));
#1227 = DIRECTION('',(0.,-1.,0.));
#1228 = DEFINITIONAL_REPRESENTATION('',(#1229),#1233);
#1229 = LINE('',#1230,#1231);
#1230 = CARTESIAN_POINT('',(0.,-0.300000011921));
#1231 = VECTOR('',#1232,1.);
#1232 = DIRECTION('',(1.,0.));
#1233 = ( GEOMETRIC_REPRESENTATION_CONTEXT(2) 
PARAMETRIC_REPRESENTATION_CONTEXT() REPRESENTATION_CONTEXT('2D SPACE',''
  ) );
#1234 = ORIENTED_EDGE('',*,*,#1235,.F.);
#1235 = EDGE_CURVE('',#50,#1208,#1236,.T.);
#1236 = SURFACE_CURVE('',#1237,(#1242,#1248),.PCURVE_S1.);
#1237 = CIRCLE('',#1238,0.300000011921);
#1238 = AXIS2_PLACEMENT_3D('',#1239,#1240,#1241);
#1239 = CARTESIAN_POINT('',(118.82952150632,350.7775285947,
    81.699999988079));
#1240 = DIRECTION('',(-0.,1.,0.));
#1241 = DIRECTION('',(0.,0.,1.));
#1242 = PCURVE('',#70,#1243);
#1243 = DEFINITIONAL_REPRESENTATION('',(#1244),#1247);
#1244 = B_SPLINE_CURVE_WITH_KNOTS('',1,(#1245,#1246),.UNSPECIFIED.,.F.,
  .F.,(2,2),(0.,1.570796326795),.PIECEWISE_BEZIER_KNOTS.);
#1245 = CARTESIAN_POINT('',(0.,22.786364956915));
#1246 = CARTESIAN_POINT('',(-1.570796326795,22.786364956915));
#1247 = ( GEOMETRIC_REPRESENTATION_CONTEXT(2) 
PARAMETRIC_REPRESENTATION_CONTEXT() REPRESENTATION_CONTEXT('2D SPACE',''
  ) );
#1248 = PCURVE('',#154,#1249);
#1249 = DEFINITIONAL_REPRESENTATION('',(#1250),#1253);
#1250 = B_SPLINE_CURVE_WITH_KNOTS('',1,(#1251,#1252),.UNSPECIFIED.,.F.,
  .F.,(2,2),(0.,1.570796326795),.PIECEWISE_BEZIER_KNOTS.);
#1251 = CARTESIAN_POINT('',(0.,1.570796326795));
#1252 = CARTESIAN_POINT('',(0.,3.14159265359));
#1253 = ( GEOMETRIC_REPRESENTATION_CONTEXT(2) 
PARAMETRIC_REPRESENTATION_CONTEXT() REPRESENTATION_CONTEXT('2D SPACE',''
  ) );
#1254 = ORIENTED_EDGE('',*,*,#47,.F.);
#1255 = ADVANCED_FACE('',(#1256),#99,.T.);
#1256 = FACE_BOUND('',#1257,.T.);
#1257 = EDGE_LOOP('',(#1258,#1280,#1281,#1282));
#1258 = ORIENTED_EDGE('',*,*,#1259,.F.);
#1259 = EDGE_CURVE('',#83,#1260,#1262,.T.);
#1260 = VERTEX_POINT('',#1261);
#1261 = CARTESIAN_POINT('',(120.48661646188,373.56389355162,
    81.699999988079));
#1262 = SURFACE_CURVE('',#1263,(#1268,#1274),.PCURVE_S1.);
#1263 = CIRCLE('',#1264,0.300000011921);
#1264 = AXIS2_PLACEMENT_3D('',#1265,#1266,#1267);
#1265 = CARTESIAN_POINT('',(120.7866164738,373.56389355162,
    81.699999988079));
#1266 = DIRECTION('',(-0.,-1.,0.));
#1267 = DIRECTION('',(0.,-0.,1.));
#1268 = PCURVE('',#99,#1269);
#1269 = DEFINITIONAL_REPRESENTATION('',(#1270),#1273);
#1270 = B_SPLINE_CURVE_WITH_KNOTS('',1,(#1271,#1272),.UNSPECIFIED.,.F.,
  .F.,(2,2),(0.,1.570796326795),.PIECEWISE_BEZIER_KNOTS.);
#1271 = CARTESIAN_POINT('',(0.,1.570796326795));
#1272 = CARTESIAN_POINT('',(0.,3.14159265359));
#1273 = ( GEOMETRIC_REPRESENTATION_CONTEXT(2) 
PARAMETRIC_REPRESENTATION_CONTEXT() REPRESENTATION_CONTEXT('2D SPACE',''
  ) );
#1274 = PCURVE('',#127,#1275);
#1275 = DEFINITIONAL_REPRESENTATION('',(#1276),#1279);
#1276 = B_SPLINE_CURVE_WITH_KNOTS('',1,(#1277,#1278),.UNSPECIFIED.,.F.,
  .F.,(2,2),(0.,1.570796326795),.PIECEWISE_BEZIER_KNOTS.);
#1277 = CARTESIAN_POINT('',(0.,22.786364956915));
#1278 = CARTESIAN_POINT('',(-1.570796326795,22.786364956915));
#1279 = ( GEOMETRIC_REPRESENTATION_CONTEXT(2) 
PARAMETRIC_REPRESENTATION_CONTEXT() REPRESENTATION_CONTEXT('2D SPACE',''
  ) );
#1280 = ORIENTED_EDGE('',*,*,#82,.T.);
#1281 = ORIENTED_EDGE('',*,*,#1185,.T.);
#1282 = ORIENTED_EDGE('',*,*,#1283,.F.);
#1283 = EDGE_CURVE('',#1260,#1186,#1284,.T.);
#1284 = SURFACE_CURVE('',#1285,(#1290,#1297),.PCURVE_S1.);
#1285 = CIRCLE('',#1286,0.678547471821);
#1286 = AXIS2_PLACEMENT_3D('',#1287,#1288,#1289);
#1287 = CARTESIAN_POINT('',(119.80806899006,373.56389355162,
    81.699999988079));
#1288 = DIRECTION('',(0.,0.,1.));
#1289 = DIRECTION('',(1.,0.,-0.));
#1290 = PCURVE('',#99,#1291);
#1291 = DEFINITIONAL_REPRESENTATION('',(#1292),#1296);
#1292 = LINE('',#1293,#1294);
#1293 = CARTESIAN_POINT('',(0.,3.14159265359));
#1294 = VECTOR('',#1295,1.);
#1295 = DIRECTION('',(1.,0.));
#1296 = ( GEOMETRIC_REPRESENTATION_CONTEXT(2) 
PARAMETRIC_REPRESENTATION_CONTEXT() REPRESENTATION_CONTEXT('2D SPACE',''
  ) );
#1297 = PCURVE('',#1298,#1303);
#1298 = CYLINDRICAL_SURFACE('',#1299,0.678547471821);
#1299 = AXIS2_PLACEMENT_3D('',#1300,#1301,#1302);
#1300 = CARTESIAN_POINT('',(119.80806899006,373.56389355162,82.));
#1301 = DIRECTION('',(0.,0.,1.));
#1302 = DIRECTION('',(1.,0.,-0.));
#1303 = DEFINITIONAL_REPRESENTATION('',(#1304),#1308);
#1304 = LINE('',#1305,#1306);
#1305 = CARTESIAN_POINT('',(0.,-0.300000011921));
#1306 = VECTOR('',#1307,1.);
#1307 = DIRECTION('',(1.,0.));
#1308 = ( GEOMETRIC_REPRESENTATION_CONTEXT(2) 
PARAMETRIC_REPRESENTATION_CONTEXT() REPRESENTATION_CONTEXT('2D SPACE',''
  ) );
#1309 = ADVANCED_FACE('',(#1310),#154,.T.);
#1310 = FACE_BOUND('',#1311,.T.);
#1311 = EDGE_LOOP('',(#1312,#1313,#1314,#1336));
#1312 = ORIENTED_EDGE('',*,*,#1235,.F.);
#1313 = ORIENTED_EDGE('',*,*,#139,.T.);
#1314 = ORIENTED_EDGE('',*,*,#1315,.T.);
#1315 = EDGE_CURVE('',#112,#1316,#1318,.T.);
#1316 = VERTEX_POINT('',#1317);
#1317 = CARTESIAN_POINT('',(120.48661646188,350.7775285947,
    81.699999988079));
#1318 = SURFACE_CURVE('',#1319,(#1324,#1330),.PCURVE_S1.);
#1319 = CIRCLE('',#1320,0.300000011921);
#1320 = AXIS2_PLACEMENT_3D('',#1321,#1322,#1323);
#1321 = CARTESIAN_POINT('',(120.7866164738,350.7775285947,
    81.699999988079));
#1322 = DIRECTION('',(-1.224646799147E-16,-1.,0.));
#1323 = DIRECTION('',(1.,-1.224646799147E-16,0.));
#1324 = PCURVE('',#154,#1325);
#1325 = DEFINITIONAL_REPRESENTATION('',(#1326),#1329);
#1326 = B_SPLINE_CURVE_WITH_KNOTS('',1,(#1327,#1328),.UNSPECIFIED.,.F.,
  .F.,(2,2),(1.570796326795,3.14159265359),.PIECEWISE_BEZIER_KNOTS.);
#1327 = CARTESIAN_POINT('',(3.14159265359,1.570796326795));
#1328 = CARTESIAN_POINT('',(3.14159265359,3.14159265359));
#1329 = ( GEOMETRIC_REPRESENTATION_CONTEXT(2) 
PARAMETRIC_REPRESENTATION_CONTEXT() REPRESENTATION_CONTEXT('2D SPACE',''
  ) );
#1330 = PCURVE('',#127,#1331);
#1331 = DEFINITIONAL_REPRESENTATION('',(#1332),#1335);
#1332 = B_SPLINE_CURVE_WITH_KNOTS('',1,(#1333,#1334),.UNSPECIFIED.,.F.,
  .F.,(2,2),(1.570796326795,3.14159265359),.PIECEWISE_BEZIER_KNOTS.);
#1333 = CARTESIAN_POINT('',(0.,0.));
#1334 = CARTESIAN_POINT('',(-1.570796326795,0.));
#1335 = ( GEOMETRIC_REPRESENTATION_CONTEXT(2) 
PARAMETRIC_REPRESENTATION_CONTEXT() REPRESENTATION_CONTEXT('2D SPACE',''
  ) );
#1336 = ORIENTED_EDGE('',*,*,#1337,.F.);
#1337 = EDGE_CURVE('',#1208,#1316,#1338,.T.);
#1338 = SURFACE_CURVE('',#1339,(#1344,#1351),.PCURVE_S1.);
#1339 = CIRCLE('',#1340,0.678547471821);
#1340 = AXIS2_PLACEMENT_3D('',#1341,#1342,#1343);
#1341 = CARTESIAN_POINT('',(119.80806899006,350.7775285947,
    81.699999988079));
#1342 = DIRECTION('',(0.,0.,1.));
#1343 = DIRECTION('',(-1.,0.,0.));
#1344 = PCURVE('',#154,#1345);
#1345 = DEFINITIONAL_REPRESENTATION('',(#1346),#1350);
#1346 = LINE('',#1347,#1348);
#1347 = CARTESIAN_POINT('',(0.,3.14159265359));
#1348 = VECTOR('',#1349,1.);
#1349 = DIRECTION('',(1.,0.));
#1350 = ( GEOMETRIC_REPRESENTATION_CONTEXT(2) 
PARAMETRIC_REPRESENTATION_CONTEXT() REPRESENTATION_CONTEXT('2D SPACE',''
  ) );
#1351 = PCURVE('',#1352,#1357);
#1352 = CYLINDRICAL_SURFACE('',#1353,0.678547471821);
#1353 = AXIS2_PLACEMENT_3D('',#1354,#1355,#1356);
#1354 = CARTESIAN_POINT('',(119.80806899006,350.7775285947,82.));
#1355 = DIRECTION('',(0.,0.,1.));
#1356 = DIRECTION('',(1.,0.,-0.));
#1357 = DEFINITIONAL_REPRESENTATION('',(#1358),#1362);
#1358 = LINE('',#1359,#1360);
#1359 = CARTESIAN_POINT('',(3.14159265359,-0.300000011921));
#1360 = VECTOR('',#1361,1.);
#1361 = DIRECTION('',(1.,0.));
#1362 = ( GEOMETRIC_REPRESENTATION_CONTEXT(2) 
PARAMETRIC_REPRESENTATION_CONTEXT() REPRESENTATION_CONTEXT('2D SPACE',''
  ) );
#1363 = ADVANCED_FACE('',(#1364),#127,.T.);
#1364 = FACE_BOUND('',#1365,.F.);
#1365 = EDGE_LOOP('',(#1366,#1367,#1393,#1394));
#1366 = ORIENTED_EDGE('',*,*,#1315,.T.);
#1367 = ORIENTED_EDGE('',*,*,#1368,.T.);
#1368 = EDGE_CURVE('',#1316,#1260,#1369,.T.);
#1369 = SURFACE_CURVE('',#1370,(#1374,#1381),.PCURVE_S1.);
#1370 = LINE('',#1371,#1372);
#1371 = CARTESIAN_POINT('',(120.48661646188,350.7775285947,
    81.699999988079));
#1372 = VECTOR('',#1373,1.);
#1373 = DIRECTION('',(0.,1.,0.));
#1374 = PCURVE('',#127,#1375);
#1375 = DEFINITIONAL_REPRESENTATION('',(#1376),#1380);
#1376 = LINE('',#1377,#1378);
#1377 = CARTESIAN_POINT('',(-1.570796326795,0.));
#1378 = VECTOR('',#1379,1.);
#1379 = DIRECTION('',(-0.,1.));
#1380 = ( GEOMETRIC_REPRESENTATION_CONTEXT(2) 
PARAMETRIC_REPRESENTATION_CONTEXT() REPRESENTATION_CONTEXT('2D SPACE',''
  ) );
#1381 = PCURVE('',#1382,#1387);
#1382 = PLANE('',#1383);
#1383 = AXIS2_PLACEMENT_3D('',#1384,#1385,#1386);
#1384 = CARTESIAN_POINT('',(120.48661646188,350.7775285947,82.));
#1385 = DIRECTION('',(1.,0.,0.));
#1386 = DIRECTION('',(-0.,1.,0.));
#1387 = DEFINITIONAL_REPRESENTATION('',(#1388),#1392);
#1388 = LINE('',#1389,#1390);
#1389 = CARTESIAN_POINT('',(0.,-0.300000011921));
#1390 = VECTOR('',#1391,1.);
#1391 = DIRECTION('',(1.,0.));
#1392 = ( GEOMETRIC_REPRESENTATION_CONTEXT(2) 
PARAMETRIC_REPRESENTATION_CONTEXT() REPRESENTATION_CONTEXT('2D SPACE',''
  ) );
#1393 = ORIENTED_EDGE('',*,*,#1259,.F.);
#1394 = ORIENTED_EDGE('',*,*,#111,.F.);
#1395 = ADVANCED_FACE('',(#1396),#186,.T.);
#1396 = FACE_BOUND('',#1397,.T.);
#1397 = EDGE_LOOP('',(#1398,#1420,#1448,#1468));
#1398 = ORIENTED_EDGE('',*,*,#1399,.T.);
#1399 = EDGE_CURVE('',#169,#1400,#1402,.T.);
#1400 = VERTEX_POINT('',#1401);
#1401 = CARTESIAN_POINT('',(148.98316955566,355.3475036621,
    81.600000023842));
#1402 = SURFACE_CURVE('',#1403,(#1408,#1414),.PCURVE_S1.);
#1403 = CIRCLE('',#1404,0.399999976158);
#1404 = AXIS2_PLACEMENT_3D('',#1405,#1406,#1407);
#1405 = CARTESIAN_POINT('',(148.5831695795,355.3475036621,
    81.600000023842));
#1406 = DIRECTION('',(2.465190328816E-32,1.,-0.));
#1407 = DIRECTION('',(0.,0.,1.));
#1408 = PCURVE('',#186,#1409);
#1409 = DEFINITIONAL_REPRESENTATION('',(#1410),#1413);
#1410 = B_SPLINE_CURVE_WITH_KNOTS('',1,(#1411,#1412),.UNSPECIFIED.,.F.,
  .F.,(2,2),(0.,1.570796326795),.PIECEWISE_BEZIER_KNOTS.);
#1411 = CARTESIAN_POINT('',(0.,0.));
#1412 = CARTESIAN_POINT('',(1.570796326795,0.));
#1413 = ( GEOMETRIC_REPRESENTATION_CONTEXT(2) 
PARAMETRIC_REPRESENTATION_CONTEXT() REPRESENTATION_CONTEXT('2D SPACE',''
  ) );
#1414 = PCURVE('',#400,#1415);
#1415 = DEFINITIONAL_REPRESENTATION('',(#1416),#1419);
#1416 = B_SPLINE_CURVE_WITH_KNOTS('',1,(#1417,#1418),.UNSPECIFIED.,.F.,
  .F.,(2,2),(0.,1.570796326795),.PIECEWISE_BEZIER_KNOTS.);
#1417 = CARTESIAN_POINT('',(-1.570796326795,1.570796326795));
#1418 = CARTESIAN_POINT('',(-1.570796326795,3.14159265359));
#1419 = ( GEOMETRIC_REPRESENTATION_CONTEXT(2) 
PARAMETRIC_REPRESENTATION_CONTEXT() REPRESENTATION_CONTEXT('2D SPACE',''
  ) );
#1420 = ORIENTED_EDGE('',*,*,#1421,.T.);
#1421 = EDGE_CURVE('',#1400,#1422,#1424,.T.);
#1422 = VERTEX_POINT('',#1423);
#1423 = CARTESIAN_POINT('',(148.98316955566,369.3475036621,
    81.600000023842));
#1424 = SURFACE_CURVE('',#1425,(#1429,#1436),.PCURVE_S1.);
#1425 = LINE('',#1426,#1427);
#1426 = CARTESIAN_POINT('',(148.98316955566,355.3475036621,
    81.600000023842));
#1427 = VECTOR('',#1428,1.);
#1428 = DIRECTION('',(2.465190328816E-32,1.,0.));
#1429 = PCURVE('',#186,#1430);
#1430 = DEFINITIONAL_REPRESENTATION('',(#1431),#1435);
#1431 = LINE('',#1432,#1433);
#1432 = CARTESIAN_POINT('',(1.570796326795,0.));
#1433 = VECTOR('',#1434,1.);
#1434 = DIRECTION('',(0.,1.));
#1435 = ( GEOMETRIC_REPRESENTATION_CONTEXT(2) 
PARAMETRIC_REPRESENTATION_CONTEXT() REPRESENTATION_CONTEXT('2D SPACE',''
  ) );
#1436 = PCURVE('',#1437,#1442);
#1437 = PLANE('',#1438);
#1438 = AXIS2_PLACEMENT_3D('',#1439,#1440,#1441);
#1439 = CARTESIAN_POINT('',(148.98316955566,355.3475036621,100.));
#1440 = DIRECTION('',(1.,-2.465190328816E-32,0.));
#1441 = DIRECTION('',(2.465190328816E-32,1.,0.));
#1442 = DEFINITIONAL_REPRESENTATION('',(#1443),#1447);
#1443 = LINE('',#1444,#1445);
#1444 = CARTESIAN_POINT('',(0.,-18.39999997615));
#1445 = VECTOR('',#1446,1.);
#1446 = DIRECTION('',(1.,0.));
#1447 = ( GEOMETRIC_REPRESENTATION_CONTEXT(2) 
PARAMETRIC_REPRESENTATION_CONTEXT() REPRESENTATION_CONTEXT('2D SPACE',''
  ) );
#1448 = ORIENTED_EDGE('',*,*,#1449,.F.);
#1449 = EDGE_CURVE('',#171,#1422,#1450,.T.);
#1450 = SURFACE_CURVE('',#1451,(#1456,#1462),.PCURVE_S1.);
#1451 = CIRCLE('',#1452,0.399999976158);
#1452 = AXIS2_PLACEMENT_3D('',#1453,#1454,#1455);
#1453 = CARTESIAN_POINT('',(148.5831695795,369.3475036621,
    81.600000023842));
#1454 = DIRECTION('',(2.465190328816E-32,1.,-0.));
#1455 = DIRECTION('',(0.,0.,1.));
#1456 = PCURVE('',#186,#1457);
#1457 = DEFINITIONAL_REPRESENTATION('',(#1458),#1461);
#1458 = B_SPLINE_CURVE_WITH_KNOTS('',1,(#1459,#1460),.UNSPECIFIED.,.F.,
  .F.,(2,2),(0.,1.570796326795),.PIECEWISE_BEZIER_KNOTS.);
#1459 = CARTESIAN_POINT('',(0.,14.));
#1460 = CARTESIAN_POINT('',(1.570796326795,14.));
#1461 = ( GEOMETRIC_REPRESENTATION_CONTEXT(2) 
PARAMETRIC_REPRESENTATION_CONTEXT() REPRESENTATION_CONTEXT('2D SPACE',''
  ) );
#1462 = PCURVE('',#219,#1463);
#1463 = DEFINITIONAL_REPRESENTATION('',(#1464),#1467);
#1464 = B_SPLINE_CURVE_WITH_KNOTS('',1,(#1465,#1466),.UNSPECIFIED.,.F.,
  .F.,(2,2),(0.,1.570796326795),.PIECEWISE_BEZIER_KNOTS.);
#1465 = CARTESIAN_POINT('',(0.,1.570796326795));
#1466 = CARTESIAN_POINT('',(0.,3.14159265359));
#1467 = ( GEOMETRIC_REPRESENTATION_CONTEXT(2) 
PARAMETRIC_REPRESENTATION_CONTEXT() REPRESENTATION_CONTEXT('2D SPACE',''
  ) );
#1468 = ORIENTED_EDGE('',*,*,#168,.F.);
#1469 = ADVANCED_FACE('',(#1470),#400,.T.);
#1470 = FACE_BOUND('',#1471,.F.);
#1471 = EDGE_LOOP('',(#1472,#1494,#1495,#1496));
#1472 = ORIENTED_EDGE('',*,*,#1473,.F.);
#1473 = EDGE_CURVE('',#354,#1474,#1476,.T.);
#1474 = VERTEX_POINT('',#1475);
#1475 = CARTESIAN_POINT('',(157.98316955566,346.3475036621,
    81.600000023842));
#1476 = SURFACE_CURVE('',#1477,(#1482,#1488),.PCURVE_S1.);
#1477 = CIRCLE('',#1478,0.399999976158);
#1478 = AXIS2_PLACEMENT_3D('',#1479,#1480,#1481);
#1479 = CARTESIAN_POINT('',(157.98316955566,345.94750368595,
    81.600000023842));
#1480 = DIRECTION('',(-1.,6.123233995737E-17,0.));
#1481 = DIRECTION('',(0.,0.,1.));
#1482 = PCURVE('',#400,#1483);
#1483 = DEFINITIONAL_REPRESENTATION('',(#1484),#1487);
#1484 = B_SPLINE_CURVE_WITH_KNOTS('',1,(#1485,#1486),.UNSPECIFIED.,.F.,
  .F.,(2,2),(0.,1.570796326795),.PIECEWISE_BEZIER_KNOTS.);
#1485 = CARTESIAN_POINT('',(0.,1.570796326795));
#1486 = CARTESIAN_POINT('',(0.,3.14159265359));
#1487 = ( GEOMETRIC_REPRESENTATION_CONTEXT(2) 
PARAMETRIC_REPRESENTATION_CONTEXT() REPRESENTATION_CONTEXT('2D SPACE',''
  ) );
#1488 = PCURVE('',#369,#1489);
#1489 = DEFINITIONAL_REPRESENTATION('',(#1490),#1493);
#1490 = B_SPLINE_CURVE_WITH_KNOTS('',1,(#1491,#1492),.UNSPECIFIED.,.F.,
  .F.,(2,2),(0.,1.570796326795),.PIECEWISE_BEZIER_KNOTS.);
#1491 = CARTESIAN_POINT('',(0.,32.));
#1492 = CARTESIAN_POINT('',(1.570796326795,32.));
#1493 = ( GEOMETRIC_REPRESENTATION_CONTEXT(2) 
PARAMETRIC_REPRESENTATION_CONTEXT() REPRESENTATION_CONTEXT('2D SPACE',''
  ) );
#1494 = ORIENTED_EDGE('',*,*,#381,.T.);
#1495 = ORIENTED_EDGE('',*,*,#1399,.T.);
#1496 = ORIENTED_EDGE('',*,*,#1497,.F.);
#1497 = EDGE_CURVE('',#1474,#1400,#1498,.T.);
#1498 = SURFACE_CURVE('',#1499,(#1504,#1511),.PCURVE_S1.);
#1499 = CIRCLE('',#1500,9.);
#1500 = AXIS2_PLACEMENT_3D('',#1501,#1502,#1503);
#1501 = CARTESIAN_POINT('',(157.98316955566,355.3475036621,
    81.600000023842));
#1502 = DIRECTION('',(-0.,-0.,-1.));
#1503 = DIRECTION('',(0.,-1.,0.));
#1504 = PCURVE('',#400,#1505);
#1505 = DEFINITIONAL_REPRESENTATION('',(#1506),#1510);
#1506 = LINE('',#1507,#1508);
#1507 = CARTESIAN_POINT('',(-0.,3.14159265359));
#1508 = VECTOR('',#1509,1.);
#1509 = DIRECTION('',(-1.,0.));
#1510 = ( GEOMETRIC_REPRESENTATION_CONTEXT(2) 
PARAMETRIC_REPRESENTATION_CONTEXT() REPRESENTATION_CONTEXT('2D SPACE',''
  ) );
#1511 = PCURVE('',#1512,#1517);
#1512 = CYLINDRICAL_SURFACE('',#1513,9.);
#1513 = AXIS2_PLACEMENT_3D('',#1514,#1515,#1516);
#1514 = CARTESIAN_POINT('',(157.98316955566,355.3475036621,100.));
#1515 = DIRECTION('',(0.,0.,1.));
#1516 = DIRECTION('',(1.,0.,0.));
#1517 = DEFINITIONAL_REPRESENTATION('',(#1518),#1522);
#1518 = LINE('',#1519,#1520);
#1519 = CARTESIAN_POINT('',(4.712388980385,-18.39999997615));
#1520 = VECTOR('',#1521,1.);
#1521 = DIRECTION('',(-1.,-0.));
#1522 = ( GEOMETRIC_REPRESENTATION_CONTEXT(2) 
PARAMETRIC_REPRESENTATION_CONTEXT() REPRESENTATION_CONTEXT('2D SPACE',''
  ) );
#1523 = ADVANCED_FACE('',(#1524),#219,.T.);
#1524 = FACE_BOUND('',#1525,.F.);
#1525 = EDGE_LOOP('',(#1526,#1527,#1528,#1550));
#1526 = ORIENTED_EDGE('',*,*,#1449,.F.);
#1527 = ORIENTED_EDGE('',*,*,#198,.T.);
#1528 = ORIENTED_EDGE('',*,*,#1529,.T.);
#1529 = EDGE_CURVE('',#199,#1530,#1532,.T.);
#1530 = VERTEX_POINT('',#1531);
#1531 = CARTESIAN_POINT('',(157.98316955566,378.3475036621,
    81.600000023842));
#1532 = SURFACE_CURVE('',#1533,(#1538,#1544),.PCURVE_S1.);
#1533 = CIRCLE('',#1534,0.399999976158);
#1534 = AXIS2_PLACEMENT_3D('',#1535,#1536,#1537);
#1535 = CARTESIAN_POINT('',(157.98316955566,378.74750363826,
    81.600000023842));
#1536 = DIRECTION('',(1.,6.123233995737E-17,-0.));
#1537 = DIRECTION('',(-6.123233995737E-17,1.,0.));
#1538 = PCURVE('',#219,#1539);
#1539 = DEFINITIONAL_REPRESENTATION('',(#1540),#1543);
#1540 = B_SPLINE_CURVE_WITH_KNOTS('',1,(#1541,#1542),.UNSPECIFIED.,.F.,
  .F.,(2,2),(1.570796326795,3.14159265359),.PIECEWISE_BEZIER_KNOTS.);
#1541 = CARTESIAN_POINT('',(-1.570796326795,1.570796326795));
#1542 = CARTESIAN_POINT('',(-1.570796326795,3.14159265359));
#1543 = ( GEOMETRIC_REPRESENTATION_CONTEXT(2) 
PARAMETRIC_REPRESENTATION_CONTEXT() REPRESENTATION_CONTEXT('2D SPACE',''
  ) );
#1544 = PCURVE('',#247,#1545);
#1545 = DEFINITIONAL_REPRESENTATION('',(#1546),#1549);
#1546 = B_SPLINE_CURVE_WITH_KNOTS('',1,(#1547,#1548),.UNSPECIFIED.,.F.,
  .F.,(2,2),(1.570796326795,3.14159265359),.PIECEWISE_BEZIER_KNOTS.);
#1547 = CARTESIAN_POINT('',(0.,0.));
#1548 = CARTESIAN_POINT('',(1.570796326795,0.));
#1549 = ( GEOMETRIC_REPRESENTATION_CONTEXT(2) 
PARAMETRIC_REPRESENTATION_CONTEXT() REPRESENTATION_CONTEXT('2D SPACE',''
  ) );
#1550 = ORIENTED_EDGE('',*,*,#1551,.F.);
#1551 = EDGE_CURVE('',#1422,#1530,#1552,.T.);
#1552 = SURFACE_CURVE('',#1553,(#1558,#1565),.PCURVE_S1.);
#1553 = CIRCLE('',#1554,9.);
#1554 = AXIS2_PLACEMENT_3D('',#1555,#1556,#1557);
#1555 = CARTESIAN_POINT('',(157.98316955566,369.3475036621,
    81.600000023842));
#1556 = DIRECTION('',(0.,0.,-1.));
#1557 = DIRECTION('',(-1.,0.,0.));
#1558 = PCURVE('',#219,#1559);
#1559 = DEFINITIONAL_REPRESENTATION('',(#1560),#1564);
#1560 = LINE('',#1561,#1562);
#1561 = CARTESIAN_POINT('',(-0.,3.14159265359));
#1562 = VECTOR('',#1563,1.);
#1563 = DIRECTION('',(-1.,0.));
#1564 = ( GEOMETRIC_REPRESENTATION_CONTEXT(2) 
PARAMETRIC_REPRESENTATION_CONTEXT() REPRESENTATION_CONTEXT('2D SPACE',''
  ) );
#1565 = PCURVE('',#1566,#1571);
#1566 = CYLINDRICAL_SURFACE('',#1567,9.);
#1567 = AXIS2_PLACEMENT_3D('',#1568,#1569,#1570);
#1568 = CARTESIAN_POINT('',(157.98316955566,369.3475036621,100.));
#1569 = DIRECTION('',(0.,0.,1.));
#1570 = DIRECTION('',(1.,0.,0.));
#1571 = DEFINITIONAL_REPRESENTATION('',(#1572),#1576);
#1572 = LINE('',#1573,#1574);
#1573 = CARTESIAN_POINT('',(3.14159265359,-18.39999997615));
#1574 = VECTOR('',#1575,1.);
#1575 = DIRECTION('',(-1.,-0.));
#1576 = ( GEOMETRIC_REPRESENTATION_CONTEXT(2) 
PARAMETRIC_REPRESENTATION_CONTEXT() REPRESENTATION_CONTEXT('2D SPACE',''
  ) );
#1577 = ADVANCED_FACE('',(#1578),#369,.T.);
#1578 = FACE_BOUND('',#1579,.T.);
#1579 = EDGE_LOOP('',(#1580,#1602,#1628,#1629));
#1580 = ORIENTED_EDGE('',*,*,#1581,.T.);
#1581 = EDGE_CURVE('',#321,#1582,#1584,.T.);
#1582 = VERTEX_POINT('',#1583);
#1583 = CARTESIAN_POINT('',(189.98316955566,346.3475036621,
    81.600000023842));
#1584 = SURFACE_CURVE('',#1585,(#1590,#1596),.PCURVE_S1.);
#1585 = CIRCLE('',#1586,0.399999976158);
#1586 = AXIS2_PLACEMENT_3D('',#1587,#1588,#1589);
#1587 = CARTESIAN_POINT('',(189.98316955566,345.94750368595,
    81.600000023842));
#1588 = DIRECTION('',(-1.,-6.123233995737E-17,0.));
#1589 = DIRECTION('',(6.123233995737E-17,-1.,0.));
#1590 = PCURVE('',#369,#1591);
#1591 = DEFINITIONAL_REPRESENTATION('',(#1592),#1595);
#1592 = B_SPLINE_CURVE_WITH_KNOTS('',1,(#1593,#1594),.UNSPECIFIED.,.F.,
  .F.,(2,2),(1.570796326795,3.14159265359),.PIECEWISE_BEZIER_KNOTS.);
#1593 = CARTESIAN_POINT('',(0.,0.));
#1594 = CARTESIAN_POINT('',(1.570796326795,0.));
#1595 = ( GEOMETRIC_REPRESENTATION_CONTEXT(2) 
PARAMETRIC_REPRESENTATION_CONTEXT() REPRESENTATION_CONTEXT('2D SPACE',''
  ) );
#1596 = PCURVE('',#341,#1597);
#1597 = DEFINITIONAL_REPRESENTATION('',(#1598),#1601);
#1598 = B_SPLINE_CURVE_WITH_KNOTS('',1,(#1599,#1600),.UNSPECIFIED.,.F.,
  .F.,(2,2),(1.570796326795,3.14159265359),.PIECEWISE_BEZIER_KNOTS.);
#1599 = CARTESIAN_POINT('',(-1.570796326795,1.570796326795));
#1600 = CARTESIAN_POINT('',(-1.570796326795,3.14159265359));
#1601 = ( GEOMETRIC_REPRESENTATION_CONTEXT(2) 
PARAMETRIC_REPRESENTATION_CONTEXT() REPRESENTATION_CONTEXT('2D SPACE',''
  ) );
#1602 = ORIENTED_EDGE('',*,*,#1603,.T.);
#1603 = EDGE_CURVE('',#1582,#1474,#1604,.T.);
#1604 = SURFACE_CURVE('',#1605,(#1609,#1616),.PCURVE_S1.);
#1605 = LINE('',#1606,#1607);
#1606 = CARTESIAN_POINT('',(189.98316955566,346.3475036621,
    81.600000023842));
#1607 = VECTOR('',#1608,1.);
#1608 = DIRECTION('',(-1.,6.123233995737E-17,0.));
#1609 = PCURVE('',#369,#1610);
#1610 = DEFINITIONAL_REPRESENTATION('',(#1611),#1615);
#1611 = LINE('',#1612,#1613);
#1612 = CARTESIAN_POINT('',(1.570796326795,0.));
#1613 = VECTOR('',#1614,1.);
#1614 = DIRECTION('',(0.,1.));
#1615 = ( GEOMETRIC_REPRESENTATION_CONTEXT(2) 
PARAMETRIC_REPRESENTATION_CONTEXT() REPRESENTATION_CONTEXT('2D SPACE',''
  ) );
#1616 = PCURVE('',#1617,#1622);
#1617 = PLANE('',#1618);
#1618 = AXIS2_PLACEMENT_3D('',#1619,#1620,#1621);
#1619 = CARTESIAN_POINT('',(189.98316955566,346.3475036621,100.));
#1620 = DIRECTION('',(6.123233995737E-17,1.,0.));
#1621 = DIRECTION('',(-1.,6.123233995737E-17,0.));
#1622 = DEFINITIONAL_REPRESENTATION('',(#1623),#1627);
#1623 = LINE('',#1624,#1625);
#1624 = CARTESIAN_POINT('',(0.,-18.39999997615));
#1625 = VECTOR('',#1626,1.);
#1626 = DIRECTION('',(1.,0.));
#1627 = ( GEOMETRIC_REPRESENTATION_CONTEXT(2) 
PARAMETRIC_REPRESENTATION_CONTEXT() REPRESENTATION_CONTEXT('2D SPACE',''
  ) );
#1628 = ORIENTED_EDGE('',*,*,#1473,.F.);
#1629 = ORIENTED_EDGE('',*,*,#353,.F.);
#1630 = ADVANCED_FACE('',(#1631),#247,.T.);
#1631 = FACE_BOUND('',#1632,.T.);
#1632 = EDGE_LOOP('',(#1633,#1634,#1662,#1682));
#1633 = ORIENTED_EDGE('',*,*,#1529,.T.);
#1634 = ORIENTED_EDGE('',*,*,#1635,.T.);
#1635 = EDGE_CURVE('',#1530,#1636,#1638,.T.);
#1636 = VERTEX_POINT('',#1637);
#1637 = CARTESIAN_POINT('',(189.98316955566,378.3475036621,
    81.600000023842));
#1638 = SURFACE_CURVE('',#1639,(#1643,#1650),.PCURVE_S1.);
#1639 = LINE('',#1640,#1641);
#1640 = CARTESIAN_POINT('',(157.98316955566,378.3475036621,
    81.600000023842));
#1641 = VECTOR('',#1642,1.);
#1642 = DIRECTION('',(1.,-1.836970198721E-16,0.));
#1643 = PCURVE('',#247,#1644);
#1644 = DEFINITIONAL_REPRESENTATION('',(#1645),#1649);
#1645 = LINE('',#1646,#1647);
#1646 = CARTESIAN_POINT('',(1.570796326795,0.));
#1647 = VECTOR('',#1648,1.);
#1648 = DIRECTION('',(0.,1.));
#1649 = ( GEOMETRIC_REPRESENTATION_CONTEXT(2) 
PARAMETRIC_REPRESENTATION_CONTEXT() REPRESENTATION_CONTEXT('2D SPACE',''
  ) );
#1650 = PCURVE('',#1651,#1656);
#1651 = PLANE('',#1652);
#1652 = AXIS2_PLACEMENT_3D('',#1653,#1654,#1655);
#1653 = CARTESIAN_POINT('',(157.98316955566,378.3475036621,100.));
#1654 = DIRECTION('',(-1.836970198721E-16,-1.,0.));
#1655 = DIRECTION('',(1.,-1.836970198721E-16,0.));
#1656 = DEFINITIONAL_REPRESENTATION('',(#1657),#1661);
#1657 = LINE('',#1658,#1659);
#1658 = CARTESIAN_POINT('',(0.,-18.39999997615));
#1659 = VECTOR('',#1660,1.);
#1660 = DIRECTION('',(1.,0.));
#1661 = ( GEOMETRIC_REPRESENTATION_CONTEXT(2) 
PARAMETRIC_REPRESENTATION_CONTEXT() REPRESENTATION_CONTEXT('2D SPACE',''
  ) );
#1662 = ORIENTED_EDGE('',*,*,#1663,.F.);
#1663 = EDGE_CURVE('',#232,#1636,#1664,.T.);
#1664 = SURFACE_CURVE('',#1665,(#1670,#1676),.PCURVE_S1.);
#1665 = CIRCLE('',#1666,0.399999976158);
#1666 = AXIS2_PLACEMENT_3D('',#1667,#1668,#1669);
#1667 = CARTESIAN_POINT('',(189.98316955566,378.74750363826,
    81.600000023842));
#1668 = DIRECTION('',(1.,-1.836970198721E-16,0.));
#1669 = DIRECTION('',(0.,0.,1.));
#1670 = PCURVE('',#247,#1671);
#1671 = DEFINITIONAL_REPRESENTATION('',(#1672),#1675);
#1672 = B_SPLINE_CURVE_WITH_KNOTS('',1,(#1673,#1674),.UNSPECIFIED.,.F.,
  .F.,(2,2),(0.,1.570796326795),.PIECEWISE_BEZIER_KNOTS.);
#1673 = CARTESIAN_POINT('',(0.,32.));
#1674 = CARTESIAN_POINT('',(1.570796326795,32.));
#1675 = ( GEOMETRIC_REPRESENTATION_CONTEXT(2) 
PARAMETRIC_REPRESENTATION_CONTEXT() REPRESENTATION_CONTEXT('2D SPACE',''
  ) );
#1676 = PCURVE('',#280,#1677);
#1677 = DEFINITIONAL_REPRESENTATION('',(#1678),#1681);
#1678 = B_SPLINE_CURVE_WITH_KNOTS('',1,(#1679,#1680),.UNSPECIFIED.,.F.,
  .F.,(2,2),(0.,1.570796326795),.PIECEWISE_BEZIER_KNOTS.);
#1679 = CARTESIAN_POINT('',(0.,1.570796326795));
#1680 = CARTESIAN_POINT('',(0.,3.14159265359));
#1681 = ( GEOMETRIC_REPRESENTATION_CONTEXT(2) 
PARAMETRIC_REPRESENTATION_CONTEXT() REPRESENTATION_CONTEXT('2D SPACE',''
  ) );
#1682 = ORIENTED_EDGE('',*,*,#231,.F.);
#1683 = ADVANCED_FACE('',(#1684),#341,.T.);
#1684 = FACE_BOUND('',#1685,.F.);
#1685 = EDGE_LOOP('',(#1686,#1708,#1709,#1710));
#1686 = ORIENTED_EDGE('',*,*,#1687,.F.);
#1687 = EDGE_CURVE('',#293,#1688,#1690,.T.);
#1688 = VERTEX_POINT('',#1689);
#1689 = CARTESIAN_POINT('',(198.98316955566,355.3475036621,
    81.600000023842));
#1690 = SURFACE_CURVE('',#1691,(#1696,#1702),.PCURVE_S1.);
#1691 = CIRCLE('',#1692,0.399999976158);
#1692 = AXIS2_PLACEMENT_3D('',#1693,#1694,#1695);
#1693 = CARTESIAN_POINT('',(199.38316953182,355.3475036621,
    81.600000023842));
#1694 = DIRECTION('',(-1.224646799147E-16,-1.,0.));
#1695 = DIRECTION('',(0.,0.,1.));
#1696 = PCURVE('',#341,#1697);
#1697 = DEFINITIONAL_REPRESENTATION('',(#1698),#1701);
#1698 = B_SPLINE_CURVE_WITH_KNOTS('',1,(#1699,#1700),.UNSPECIFIED.,.F.,
  .F.,(2,2),(0.,1.570796326795),.PIECEWISE_BEZIER_KNOTS.);
#1699 = CARTESIAN_POINT('',(0.,1.570796326795));
#1700 = CARTESIAN_POINT('',(0.,3.14159265359));
#1701 = ( GEOMETRIC_REPRESENTATION_CONTEXT(2) 
PARAMETRIC_REPRESENTATION_CONTEXT() REPRESENTATION_CONTEXT('2D SPACE',''
  ) );
#1702 = PCURVE('',#308,#1703);
#1703 = DEFINITIONAL_REPRESENTATION('',(#1704),#1707);
#1704 = B_SPLINE_CURVE_WITH_KNOTS('',1,(#1705,#1706),.UNSPECIFIED.,.F.,
  .F.,(2,2),(0.,1.570796326795),.PIECEWISE_BEZIER_KNOTS.);
#1705 = CARTESIAN_POINT('',(0.,14.));
#1706 = CARTESIAN_POINT('',(1.570796326795,14.));
#1707 = ( GEOMETRIC_REPRESENTATION_CONTEXT(2) 
PARAMETRIC_REPRESENTATION_CONTEXT() REPRESENTATION_CONTEXT('2D SPACE',''
  ) );
#1708 = ORIENTED_EDGE('',*,*,#320,.T.);
#1709 = ORIENTED_EDGE('',*,*,#1581,.T.);
#1710 = ORIENTED_EDGE('',*,*,#1711,.F.);
#1711 = EDGE_CURVE('',#1688,#1582,#1712,.T.);
#1712 = SURFACE_CURVE('',#1713,(#1718,#1725),.PCURVE_S1.);
#1713 = CIRCLE('',#1714,9.);
#1714 = AXIS2_PLACEMENT_3D('',#1715,#1716,#1717);
#1715 = CARTESIAN_POINT('',(189.98316955566,355.3475036621,
    81.600000023842));
#1716 = DIRECTION('',(0.,0.,-1.));
#1717 = DIRECTION('',(1.,0.,0.));
#1718 = PCURVE('',#341,#1719);
#1719 = DEFINITIONAL_REPRESENTATION('',(#1720),#1724);
#1720 = LINE('',#1721,#1722);
#1721 = CARTESIAN_POINT('',(-0.,3.14159265359));
#1722 = VECTOR('',#1723,1.);
#1723 = DIRECTION('',(-1.,0.));
#1724 = ( GEOMETRIC_REPRESENTATION_CONTEXT(2) 
PARAMETRIC_REPRESENTATION_CONTEXT() REPRESENTATION_CONTEXT('2D SPACE',''
  ) );
#1725 = PCURVE('',#1726,#1731);
#1726 = CYLINDRICAL_SURFACE('',#1727,9.);
#1727 = AXIS2_PLACEMENT_3D('',#1728,#1729,#1730);
#1728 = CARTESIAN_POINT('',(189.98316955566,355.3475036621,100.));
#1729 = DIRECTION('',(0.,0.,1.));
#1730 = DIRECTION('',(1.,0.,0.));
#1731 = DEFINITIONAL_REPRESENTATION('',(#1732),#1736);
#1732 = LINE('',#1733,#1734);
#1733 = CARTESIAN_POINT('',(6.28318530718,-18.39999997615));
#1734 = VECTOR('',#1735,1.);
#1735 = DIRECTION('',(-1.,-0.));
#1736 = ( GEOMETRIC_REPRESENTATION_CONTEXT(2) 
PARAMETRIC_REPRESENTATION_CONTEXT() REPRESENTATION_CONTEXT('2D SPACE',''
  ) );
#1737 = ADVANCED_FACE('',(#1738),#280,.T.);
#1738 = FACE_BOUND('',#1739,.F.);
#1739 = EDGE_LOOP('',(#1740,#1741,#1742,#1764));
#1740 = ORIENTED_EDGE('',*,*,#1663,.F.);
#1741 = ORIENTED_EDGE('',*,*,#259,.T.);
#1742 = ORIENTED_EDGE('',*,*,#1743,.T.);
#1743 = EDGE_CURVE('',#260,#1744,#1746,.T.);
#1744 = VERTEX_POINT('',#1745);
#1745 = CARTESIAN_POINT('',(198.98316955566,369.3475036621,
    81.600000023842));
#1746 = SURFACE_CURVE('',#1747,(#1752,#1758),.PCURVE_S1.);
#1747 = CIRCLE('',#1748,0.399999976158);
#1748 = AXIS2_PLACEMENT_3D('',#1749,#1750,#1751);
#1749 = CARTESIAN_POINT('',(199.38316953182,369.3475036621,
    81.600000023842));
#1750 = DIRECTION('',(6.123233995737E-17,-1.,0.));
#1751 = DIRECTION('',(1.,6.123233995737E-17,0.));
#1752 = PCURVE('',#280,#1753);
#1753 = DEFINITIONAL_REPRESENTATION('',(#1754),#1757);
#1754 = B_SPLINE_CURVE_WITH_KNOTS('',1,(#1755,#1756),.UNSPECIFIED.,.F.,
  .F.,(2,2),(1.570796326795,3.14159265359),.PIECEWISE_BEZIER_KNOTS.);
#1755 = CARTESIAN_POINT('',(-1.570796326795,1.570796326795));
#1756 = CARTESIAN_POINT('',(-1.570796326795,3.14159265359));
#1757 = ( GEOMETRIC_REPRESENTATION_CONTEXT(2) 
PARAMETRIC_REPRESENTATION_CONTEXT() REPRESENTATION_CONTEXT('2D SPACE',''
  ) );
#1758 = PCURVE('',#308,#1759);
#1759 = DEFINITIONAL_REPRESENTATION('',(#1760),#1763);
#1760 = B_SPLINE_CURVE_WITH_KNOTS('',1,(#1761,#1762),.UNSPECIFIED.,.F.,
  .F.,(2,2),(1.570796326795,3.14159265359),.PIECEWISE_BEZIER_KNOTS.);
#1761 = CARTESIAN_POINT('',(0.,0.));
#1762 = CARTESIAN_POINT('',(1.570796326795,0.));
#1763 = ( GEOMETRIC_REPRESENTATION_CONTEXT(2) 
PARAMETRIC_REPRESENTATION_CONTEXT() REPRESENTATION_CONTEXT('2D SPACE',''
  ) );
#1764 = ORIENTED_EDGE('',*,*,#1765,.F.);
#1765 = EDGE_CURVE('',#1636,#1744,#1766,.T.);
#1766 = SURFACE_CURVE('',#1767,(#1772,#1779),.PCURVE_S1.);
#1767 = CIRCLE('',#1768,9.);
#1768 = AXIS2_PLACEMENT_3D('',#1769,#1770,#1771);
#1769 = CARTESIAN_POINT('',(189.98316955566,369.3475036621,
    81.600000023842));
#1770 = DIRECTION('',(0.,0.,-1.));
#1771 = DIRECTION('',(0.,1.,0.));
#1772 = PCURVE('',#280,#1773);
#1773 = DEFINITIONAL_REPRESENTATION('',(#1774),#1778);
#1774 = LINE('',#1775,#1776);
#1775 = CARTESIAN_POINT('',(-0.,3.14159265359));
#1776 = VECTOR('',#1777,1.);
#1777 = DIRECTION('',(-1.,0.));
#1778 = ( GEOMETRIC_REPRESENTATION_CONTEXT(2) 
PARAMETRIC_REPRESENTATION_CONTEXT() REPRESENTATION_CONTEXT('2D SPACE',''
  ) );
#1779 = PCURVE('',#1780,#1785);
#1780 = CYLINDRICAL_SURFACE('',#1781,9.);
#1781 = AXIS2_PLACEMENT_3D('',#1782,#1783,#1784);
#1782 = CARTESIAN_POINT('',(189.98316955566,369.3475036621,100.));
#1783 = DIRECTION('',(0.,0.,1.));
#1784 = DIRECTION('',(1.,0.,0.));
#1785 = DEFINITIONAL_REPRESENTATION('',(#1786),#1790);
#1786 = LINE('',#1787,#1788);
#1787 = CARTESIAN_POINT('',(7.853981633974,-18.39999997615));
#1788 = VECTOR('',#1789,1.);
#1789 = DIRECTION('',(-1.,-0.));
#1790 = ( GEOMETRIC_REPRESENTATION_CONTEXT(2) 
PARAMETRIC_REPRESENTATION_CONTEXT() REPRESENTATION_CONTEXT('2D SPACE',''
  ) );
#1791 = ADVANCED_FACE('',(#1792),#308,.T.);
#1792 = FACE_BOUND('',#1793,.T.);
#1793 = EDGE_LOOP('',(#1794,#1795,#1821,#1822));
#1794 = ORIENTED_EDGE('',*,*,#1743,.T.);
#1795 = ORIENTED_EDGE('',*,*,#1796,.T.);
#1796 = EDGE_CURVE('',#1744,#1688,#1797,.T.);
#1797 = SURFACE_CURVE('',#1798,(#1802,#1809),.PCURVE_S1.);
#1798 = LINE('',#1799,#1800);
#1799 = CARTESIAN_POINT('',(198.98316955566,369.3475036621,
    81.600000023842));
#1800 = VECTOR('',#1801,1.);
#1801 = DIRECTION('',(-1.224646799147E-16,-1.,0.));
#1802 = PCURVE('',#308,#1803);
#1803 = DEFINITIONAL_REPRESENTATION('',(#1804),#1808);
#1804 = LINE('',#1805,#1806);
#1805 = CARTESIAN_POINT('',(1.570796326795,0.));
#1806 = VECTOR('',#1807,1.);
#1807 = DIRECTION('',(0.,1.));
#1808 = ( GEOMETRIC_REPRESENTATION_CONTEXT(2) 
PARAMETRIC_REPRESENTATION_CONTEXT() REPRESENTATION_CONTEXT('2D SPACE',''
  ) );
#1809 = PCURVE('',#1810,#1815);
#1810 = PLANE('',#1811);
#1811 = AXIS2_PLACEMENT_3D('',#1812,#1813,#1814);
#1812 = CARTESIAN_POINT('',(198.98316955566,369.3475036621,100.));
#1813 = DIRECTION('',(-1.,1.224646799147E-16,0.));
#1814 = DIRECTION('',(-1.224646799147E-16,-1.,0.));
#1815 = DEFINITIONAL_REPRESENTATION('',(#1816),#1820);
#1816 = LINE('',#1817,#1818);
#1817 = CARTESIAN_POINT('',(0.,-18.39999997615));
#1818 = VECTOR('',#1819,1.);
#1819 = DIRECTION('',(1.,0.));
#1820 = ( GEOMETRIC_REPRESENTATION_CONTEXT(2) 
PARAMETRIC_REPRESENTATION_CONTEXT() REPRESENTATION_CONTEXT('2D SPACE',''
  ) );
#1821 = ORIENTED_EDGE('',*,*,#1687,.F.);
#1822 = ORIENTED_EDGE('',*,*,#292,.F.);
#1823 = ADVANCED_FACE('',(#1824),#432,.T.);
#1824 = FACE_BOUND('',#1825,.T.);
#1825 = EDGE_LOOP('',(#1826,#1852,#1853,#1875,#1903,#1923));
#1826 = ORIENTED_EDGE('',*,*,#1827,.F.);
#1827 = EDGE_CURVE('',#417,#474,#1828,.T.);
#1828 = SURFACE_CURVE('',#1829,(#1833,#1840),.PCURVE_S1.);
#1829 = LINE('',#1830,#1831);
#1830 = CARTESIAN_POINT('',(192.98316955566,381.94750368595,82.));
#1831 = VECTOR('',#1832,1.);
#1832 = DIRECTION('',(-1.,-1.224646799147E-16,0.));
#1833 = PCURVE('',#432,#1834);
#1834 = DEFINITIONAL_REPRESENTATION('',(#1835),#1839);
#1835 = LINE('',#1836,#1837);
#1836 = CARTESIAN_POINT('',(0.,0.));
#1837 = VECTOR('',#1838,1.);
#1838 = DIRECTION('',(0.,1.));
#1839 = ( GEOMETRIC_REPRESENTATION_CONTEXT(2) 
PARAMETRIC_REPRESENTATION_CONTEXT() REPRESENTATION_CONTEXT('2D SPACE',''
  ) );
#1840 = PCURVE('',#1841,#1846);
#1841 = PLANE('',#1842);
#1842 = AXIS2_PLACEMENT_3D('',#1843,#1844,#1845);
#1843 = CARTESIAN_POINT('',(157.98316955566,362.3475036621,82.));
#1844 = DIRECTION('',(0.,0.,1.));
#1845 = DIRECTION('',(1.,0.,0.));
#1846 = DEFINITIONAL_REPRESENTATION('',(#1847),#1851);
#1847 = LINE('',#1848,#1849);
#1848 = CARTESIAN_POINT('',(35.,19.600000023842));
#1849 = VECTOR('',#1850,1.);
#1850 = DIRECTION('',(-1.,-1.224646799147E-16));
#1851 = ( GEOMETRIC_REPRESENTATION_CONTEXT(2) 
PARAMETRIC_REPRESENTATION_CONTEXT() REPRESENTATION_CONTEXT('2D SPACE',''
  ) );
#1852 = ORIENTED_EDGE('',*,*,#414,.F.);
#1853 = ORIENTED_EDGE('',*,*,#1854,.T.);
#1854 = EDGE_CURVE('',#415,#1855,#1857,.T.);
#1855 = VERTEX_POINT('',#1856);
#1856 = CARTESIAN_POINT('',(192.98316955566,382.3475036621,
    81.600000023842));
#1857 = SURFACE_CURVE('',#1858,(#1863,#1869),.PCURVE_S1.);
#1858 = CIRCLE('',#1859,0.399999976158);
#1859 = AXIS2_PLACEMENT_3D('',#1860,#1861,#1862);
#1860 = CARTESIAN_POINT('',(192.98316955566,381.94750368595,
    81.600000023842));
#1861 = DIRECTION('',(-1.,6.123233995737E-17,0.));
#1862 = DIRECTION('',(6.123233995737E-17,1.,0.));
#1863 = PCURVE('',#432,#1864);
#1864 = DEFINITIONAL_REPRESENTATION('',(#1865),#1868);
#1865 = B_SPLINE_CURVE_WITH_KNOTS('',1,(#1866,#1867),.UNSPECIFIED.,.F.,
  .F.,(2,2),(4.712388980385,6.28318530718),.PIECEWISE_BEZIER_KNOTS.);
#1866 = CARTESIAN_POINT('',(0.,0.));
#1867 = CARTESIAN_POINT('',(1.570796326795,0.));
#1868 = ( GEOMETRIC_REPRESENTATION_CONTEXT(2) 
PARAMETRIC_REPRESENTATION_CONTEXT() REPRESENTATION_CONTEXT('2D SPACE',''
  ) );
#1869 = PCURVE('',#706,#1870);
#1870 = DEFINITIONAL_REPRESENTATION('',(#1871),#1874);
#1871 = B_SPLINE_CURVE_WITH_KNOTS('',1,(#1872,#1873),.UNSPECIFIED.,.F.,
  .F.,(2,2),(4.712388980385,6.28318530718),.PIECEWISE_BEZIER_KNOTS.);
#1872 = CARTESIAN_POINT('',(-1.570796326795,4.712388980385));
#1873 = CARTESIAN_POINT('',(-1.570796326795,6.28318530718));
#1874 = ( GEOMETRIC_REPRESENTATION_CONTEXT(2) 
PARAMETRIC_REPRESENTATION_CONTEXT() REPRESENTATION_CONTEXT('2D SPACE',''
  ) );
#1875 = ORIENTED_EDGE('',*,*,#1876,.T.);
#1876 = EDGE_CURVE('',#1855,#1877,#1879,.T.);
#1877 = VERTEX_POINT('',#1878);
#1878 = CARTESIAN_POINT('',(122.98316955566,382.3475036621,
    81.600000023842));
#1879 = SURFACE_CURVE('',#1880,(#1884,#1891),.PCURVE_S1.);
#1880 = LINE('',#1881,#1882);
#1881 = CARTESIAN_POINT('',(192.98316955566,382.3475036621,
    81.600000023842));
#1882 = VECTOR('',#1883,1.);
#1883 = DIRECTION('',(-1.,-1.224646799147E-16,0.));
#1884 = PCURVE('',#432,#1885);
#1885 = DEFINITIONAL_REPRESENTATION('',(#1886),#1890);
#1886 = LINE('',#1887,#1888);
#1887 = CARTESIAN_POINT('',(1.570796326795,0.));
#1888 = VECTOR('',#1889,1.);
#1889 = DIRECTION('',(0.,1.));
#1890 = ( GEOMETRIC_REPRESENTATION_CONTEXT(2) 
PARAMETRIC_REPRESENTATION_CONTEXT() REPRESENTATION_CONTEXT('2D SPACE',''
  ) );
#1891 = PCURVE('',#1892,#1897);
#1892 = PLANE('',#1893);
#1893 = AXIS2_PLACEMENT_3D('',#1894,#1895,#1896);
#1894 = CARTESIAN_POINT('',(192.98316955566,382.3475036621,80.));
#1895 = DIRECTION('',(1.224646799147E-16,-1.,0.));
#1896 = DIRECTION('',(-1.,-1.224646799147E-16,0.));
#1897 = DEFINITIONAL_REPRESENTATION('',(#1898),#1902);
#1898 = LINE('',#1899,#1900);
#1899 = CARTESIAN_POINT('',(0.,-1.600000023842));
#1900 = VECTOR('',#1901,1.);
#1901 = DIRECTION('',(1.,0.));
#1902 = ( GEOMETRIC_REPRESENTATION_CONTEXT(2) 
PARAMETRIC_REPRESENTATION_CONTEXT() REPRESENTATION_CONTEXT('2D SPACE',''
  ) );
#1903 = ORIENTED_EDGE('',*,*,#1904,.F.);
#1904 = EDGE_CURVE('',#498,#1877,#1905,.T.);
#1905 = SURFACE_CURVE('',#1906,(#1911,#1917),.PCURVE_S1.);
#1906 = CIRCLE('',#1907,0.399999976158);
#1907 = AXIS2_PLACEMENT_3D('',#1908,#1909,#1910);
#1908 = CARTESIAN_POINT('',(122.98316955566,381.94750368595,
    81.600000023842));
#1909 = DIRECTION('',(-1.,-1.224646799147E-16,0.));
#1910 = DIRECTION('',(0.,0.,1.));
#1911 = PCURVE('',#432,#1912);
#1912 = DEFINITIONAL_REPRESENTATION('',(#1913),#1916);
#1913 = B_SPLINE_CURVE_WITH_KNOTS('',1,(#1914,#1915),.UNSPECIFIED.,.F.,
  .F.,(2,2),(0.,1.570796326795),.PIECEWISE_BEZIER_KNOTS.);
#1914 = CARTESIAN_POINT('',(0.,70.));
#1915 = CARTESIAN_POINT('',(1.570796326795,70.));
#1916 = ( GEOMETRIC_REPRESENTATION_CONTEXT(2) 
PARAMETRIC_REPRESENTATION_CONTEXT() REPRESENTATION_CONTEXT('2D SPACE',''
  ) );
#1917 = PCURVE('',#537,#1918);
#1918 = DEFINITIONAL_REPRESENTATION('',(#1919),#1922);
#1919 = B_SPLINE_CURVE_WITH_KNOTS('',1,(#1920,#1921),.UNSPECIFIED.,.F.,
  .F.,(2,2),(0.,1.570796326795),.PIECEWISE_BEZIER_KNOTS.);
#1920 = CARTESIAN_POINT('',(0.,4.712388980385));
#1921 = CARTESIAN_POINT('',(0.,6.28318530718));
#1922 = ( GEOMETRIC_REPRESENTATION_CONTEXT(2) 
PARAMETRIC_REPRESENTATION_CONTEXT() REPRESENTATION_CONTEXT('2D SPACE',''
  ) );
#1923 = ORIENTED_EDGE('',*,*,#497,.F.);
#1924 = ADVANCED_FACE('',(#1925),#461,.T.);
#1925 = FACE_BOUND('',#1926,.F.);
#1926 = EDGE_LOOP('',(#1927,#1958,#1987,#2365,#2403,#2432,#2454,#2475,
    #2476,#2498,#2499));
#1927 = ORIENTED_EDGE('',*,*,#1928,.T.);
#1928 = EDGE_CURVE('',#1929,#1931,#1933,.T.);
#1929 = VERTEX_POINT('',#1930);
#1930 = CARTESIAN_POINT('',(174.48167419433,380.52752685546,87.));
#1931 = VERTEX_POINT('',#1932);
#1932 = CARTESIAN_POINT('',(174.08601262036,381.54263110666,87.));
#1933 = SURFACE_CURVE('',#1934,(#1939,#1946),.PCURVE_S1.);
#1934 = CIRCLE('',#1935,1.5);
#1935 = AXIS2_PLACEMENT_3D('',#1936,#1937,#1938);
#1936 = CARTESIAN_POINT('',(172.98167419433,380.52752685546,87.));
#1937 = DIRECTION('',(0.,0.,1.));
#1938 = DIRECTION('',(1.,0.,0.));
#1939 = PCURVE('',#461,#1940);
#1940 = DEFINITIONAL_REPRESENTATION('',(#1941),#1945);
#1941 = LINE('',#1942,#1943);
#1942 = CARTESIAN_POINT('',(-0.,-5.));
#1943 = VECTOR('',#1944,1.);
#1944 = DIRECTION('',(-1.,0.));
#1945 = ( GEOMETRIC_REPRESENTATION_CONTEXT(2) 
PARAMETRIC_REPRESENTATION_CONTEXT() REPRESENTATION_CONTEXT('2D SPACE',''
  ) );
#1946 = PCURVE('',#1947,#1952);
#1947 = PLANE('',#1948);
#1948 = AXIS2_PLACEMENT_3D('',#1949,#1950,#1951);
#1949 = CARTESIAN_POINT('',(157.98316955566,362.3475036621,87.));
#1950 = DIRECTION('',(0.,0.,1.));
#1951 = DIRECTION('',(1.,0.,0.));
#1952 = DEFINITIONAL_REPRESENTATION('',(#1953),#1957);
#1953 = CIRCLE('',#1954,1.5);
#1954 = AXIS2_PLACEMENT_2D('',#1955,#1956);
#1955 = CARTESIAN_POINT('',(14.998504638672,18.180023193359));
#1956 = DIRECTION('',(1.,0.));
#1957 = ( GEOMETRIC_REPRESENTATION_CONTEXT(2) 
PARAMETRIC_REPRESENTATION_CONTEXT() REPRESENTATION_CONTEXT('2D SPACE',''
  ) );
#1958 = ORIENTED_EDGE('',*,*,#1959,.T.);
#1959 = EDGE_CURVE('',#1931,#1960,#1962,.T.);
#1960 = VERTEX_POINT('',#1961);
#1961 = CARTESIAN_POINT('',(172.08716104189,379.3234312529,87.));
#1962 = SURFACE_CURVE('',#1963,(#1968,#1975),.PCURVE_S1.);
#1963 = CIRCLE('',#1964,1.5);
#1964 = AXIS2_PLACEMENT_3D('',#1965,#1966,#1967);
#1965 = CARTESIAN_POINT('',(172.98167419433,380.52752685546,87.));
#1966 = DIRECTION('',(0.,0.,1.));
#1967 = DIRECTION('',(1.,0.,0.));
#1968 = PCURVE('',#461,#1969);
#1969 = DEFINITIONAL_REPRESENTATION('',(#1970),#1974);
#1970 = LINE('',#1971,#1972);
#1971 = CARTESIAN_POINT('',(-0.,-5.));
#1972 = VECTOR('',#1973,1.);
#1973 = DIRECTION('',(-1.,0.));
#1974 = ( GEOMETRIC_REPRESENTATION_CONTEXT(2) 
PARAMETRIC_REPRESENTATION_CONTEXT() REPRESENTATION_CONTEXT('2D SPACE',''
  ) );
#1975 = PCURVE('',#1976,#1981);
#1976 = PLANE('',#1977);
#1977 = AXIS2_PLACEMENT_3D('',#1978,#1979,#1980);
#1978 = CARTESIAN_POINT('',(157.98316955566,362.3475036621,87.));
#1979 = DIRECTION('',(0.,0.,1.));
#1980 = DIRECTION('',(1.,0.,0.));
#1981 = DEFINITIONAL_REPRESENTATION('',(#1982),#1986);
#1982 = CIRCLE('',#1983,1.5);
#1983 = AXIS2_PLACEMENT_2D('',#1984,#1985);
#1984 = CARTESIAN_POINT('',(14.998504638672,18.180023193359));
#1985 = DIRECTION('',(1.,0.));
#1986 = ( GEOMETRIC_REPRESENTATION_CONTEXT(2) 
PARAMETRIC_REPRESENTATION_CONTEXT() REPRESENTATION_CONTEXT('2D SPACE',''
  ) );
#1987 = ORIENTED_EDGE('',*,*,#1988,.F.);
#1988 = EDGE_CURVE('',#1989,#1960,#1991,.T.);
#1989 = VERTEX_POINT('',#1990);
#1990 = CARTESIAN_POINT('',(174.05960671332,379.48442499826,
    85.192320520559));
#1991 = SURFACE_CURVE('',#1992,(#2037,#2085),.PCURVE_S1.);
#1992 = B_SPLINE_CURVE_WITH_KNOTS('',8,(#1993,#1994,#1995,#1996,#1997,
    #1998,#1999,#2000,#2001,#2002,#2003,#2004,#2005,#2006,#2007,#2008,
    #2009,#2010,#2011,#2012,#2013,#2014,#2015,#2016,#2017,#2018,#2019,
    #2020,#2021,#2022,#2023,#2024,#2025,#2026,#2027,#2028,#2029,#2030,
    #2031,#2032,#2033,#2034,#2035,#2036),.UNSPECIFIED.,.F.,.F.,(9,7,7,7,
    7,7,9),(0.,0.125586468585,0.323189659305,0.491322333335,
    0.600497024103,0.771316139406,1.),.UNSPECIFIED.);
#1993 = CARTESIAN_POINT('',(174.05960671332,379.48442499826,
    85.192320520558));
#1994 = CARTESIAN_POINT('',(174.05960671332,379.48442499826,
    85.040325632106));
#1995 = CARTESIAN_POINT('',(174.05598978974,379.48064300223,
    84.895110535301));
#1996 = CARTESIAN_POINT('',(174.04870772583,379.47310876504,
    84.75770643383));
#1997 = CARTESIAN_POINT('',(174.03774842239,379.46197637747,
    84.62885181213));
#1998 = CARTESIAN_POINT('',(174.02313589771,379.44752426618,
    84.508992435399));
#1999 = CARTESIAN_POINT('',(174.00493028761,379.43015519376,
    84.398281349588));
#2000 = CARTESIAN_POINT('',(173.98322784542,379.41039625868,
    84.296578881404));
#2001 = CARTESIAN_POINT('',(173.9187195901,379.3550740124,
    84.056923772723));
#2002 = CARTESIAN_POINT('',(173.87086011334,379.3167390751,
    83.931302187272));
#2003 = CARTESIAN_POINT('',(173.81507535359,379.27602172565,
    83.825308884446));
#2004 = CARTESIAN_POINT('',(173.75191105036,379.23502065036,
    83.736155388233));
#2005 = CARTESIAN_POINT('',(173.68203421289,379.19553723551,
    83.661554200437));
#2006 = CARTESIAN_POINT('',(173.60625579085,379.15905291855,
    83.599834022496));
#2007 = CARTESIAN_POINT('',(173.52553466218,379.12677592951,
    83.549492935742));
#2008 = CARTESIAN_POINT('',(173.36905423822,379.07644213651,
    83.475513681624));
#2009 = CARTESIAN_POINT('',(173.28351885859,379.05349946858,
    83.443888067837));
#2010 = CARTESIAN_POINT('',(173.18635086147,379.03410833986,
    83.419235416815));
#2011 = CARTESIAN_POINT('',(173.0803048938,379.02164461225,
    83.404554021365));
#2012 = CARTESIAN_POINT('',(172.96922878252,379.01860693318,
    83.400913626103));
#2013 = CARTESIAN_POINT('',(172.85878206516,379.02616026418,
    83.40947061673));
#2014 = CARTESIAN_POINT('',(172.75573076906,379.04194344045,
    83.429566779323));
#2015 = CARTESIAN_POINT('',(172.61138989928,379.07278762299,
    83.471107249225));
#2016 = CARTESIAN_POINT('',(172.55565966844,379.08732501413,
    83.49118317318));
#2017 = CARTESIAN_POINT('',(172.50129100351,379.10411383837,
    83.515147035758));
#2018 = CARTESIAN_POINT('',(172.44853737704,379.1229632004,
    83.543229218193));
#2019 = CARTESIAN_POINT('',(172.39764030346,379.14363404852,
    83.575724167863));
#2020 = CARTESIAN_POINT('',(172.34882933902,379.16583917465,
    83.612990398284));
#2021 = CARTESIAN_POINT('',(172.30232208186,379.18924321428,
    83.655450489113));
#2022 = CARTESIAN_POINT('',(172.18948327128,379.25135734508,
    83.778913801851));
#2023 = CARTESIAN_POINT('',(172.1262081769,379.29156006821,
    83.86878013384));
#2024 = CARTESIAN_POINT('',(172.07008331359,379.33229098648,
    83.974722333072));
#2025 = CARTESIAN_POINT('',(172.02186864051,379.37154487056,
    84.098717633635));
#2026 = CARTESIAN_POINT('',(171.98195385647,379.40724668381,
    84.242910387921));
#2027 = CARTESIAN_POINT('',(171.95061756804,379.43726922068,
    84.409678958648));
#2028 = CARTESIAN_POINT('',(171.92813632947,379.45962304725,
    84.600797792844));
#2029 = CARTESIAN_POINT('',(171.89691902596,379.49121007628,
    85.100465151589));
#2030 = CARTESIAN_POINT('',(171.8972664643,379.49156404821,
    85.397406298482));
#2031 = CARTESIAN_POINT('',(171.91004541619,379.47754812923,
    85.692123295251));
#2032 = CARTESIAN_POINT('',(171.93162377067,379.45503229374,
    85.977637085908));
#2033 = CARTESIAN_POINT('',(171.96059628227,379.42673674433,
    86.249253766506));
#2034 = CARTESIAN_POINT('',(171.99562809667,379.39517857351,
    86.507073189335));
#2035 = CARTESIAN_POINT('',(172.03670903974,379.36091164847,
    86.754894566985));
#2036 = CARTESIAN_POINT('',(172.08716104189,379.3234312529,87.));
#2037 = PCURVE('',#461,#2038);
#2038 = DEFINITIONAL_REPRESENTATION('',(#2039),#2084);
#2039 = B_SPLINE_CURVE_WITH_KNOTS('',8,(#2040,#2041,#2042,#2043,#2044,
    #2045,#2046,#2047,#2048,#2049,#2050,#2051,#2052,#2053,#2054,#2055,
    #2056,#2057,#2058,#2059,#2060,#2061,#2062,#2063,#2064,#2065,#2066,
    #2067,#2068,#2069,#2070,#2071,#2072,#2073,#2074,#2075,#2076,#2077,
    #2078,#2079,#2080,#2081,#2082,#2083),.UNSPECIFIED.,.F.,.F.,(9,7,7,7,
    7,7,9),(0.,0.125586468585,0.323189659305,0.491322333335,
    0.600497024103,0.771316139406,1.),.UNSPECIFIED.);
#2040 = CARTESIAN_POINT('',(-5.514207213057,-3.192320520559));
#2041 = CARTESIAN_POINT('',(-5.514207213057,-3.040325632106));
#2042 = CARTESIAN_POINT('',(-5.510713913215,-2.895110535302));
#2043 = CARTESIAN_POINT('',(-5.503727843793,-2.75770643383));
#2044 = CARTESIAN_POINT('',(-5.493318876642,-2.62885181213));
#2045 = CARTESIAN_POINT('',(-5.479626225203,-2.508992435399));
#2046 = CARTESIAN_POINT('',(-5.462858444498,-2.398281349588));
#2047 = CARTESIAN_POINT('',(-5.443293431142,-2.296578881404));
#2048 = CARTESIAN_POINT('',(-5.386639056249,-2.056923772723));
#2049 = CARTESIAN_POINT('',(-5.345782143421,-1.931302187272));
#2050 = CARTESIAN_POINT('',(-5.299818087006,-1.825308884446));
#2051 = CARTESIAN_POINT('',(-5.249772694253,-1.736155388233));
#2052 = CARTESIAN_POINT('',(-5.196481396035,-1.661554200437));
#2053 = CARTESIAN_POINT('',(-5.140623766185,-1.599834022496));
#2054 = CARTESIAN_POINT('',(-5.082805966272,-1.549492935742));
#2055 = CARTESIAN_POINT('',(-4.973221673394,-1.475513681624));
#2056 = CARTESIAN_POINT('',(-4.914252575579,-1.443888067837));
#2057 = CARTESIAN_POINT('',(-4.848439098313,-1.419235416814));
#2058 = CARTESIAN_POINT('',(-4.77771041965,-1.404554021366));
#2059 = CARTESIAN_POINT('',(-4.704284805202,-1.400913626102));
#2060 = CARTESIAN_POINT('',(-4.630909469858,-1.40947061673));
#2061 = CARTESIAN_POINT('',(-4.561525598549,-1.429566779323));
#2062 = CARTESIAN_POINT('',(-4.463125846321,-1.471107249225));
#2063 = CARTESIAN_POINT('',(-4.424772583416,-1.49118317318));
#2064 = CARTESIAN_POINT('',(-4.386899550695,-1.515147035758));
#2065 = CARTESIAN_POINT('',(-4.349617274737,-1.543229218193));
#2066 = CARTESIAN_POINT('',(-4.313052865597,-1.575724167863));
#2067 = CARTESIAN_POINT('',(-4.277350016809,-1.612990398284));
#2068 = CARTESIAN_POINT('',(-4.242669005383,-1.655450489113));
#2069 = CARTESIAN_POINT('',(-4.156798916376,-1.778913801851));
#2070 = CARTESIAN_POINT('',(-4.1069197028,-1.86878013384));
#2071 = CARTESIAN_POINT('',(-4.060827414796,-1.974722333072));
#2072 = CARTESIAN_POINT('',(-4.019481051408,-2.098717633635));
#2073 = CARTESIAN_POINT('',(-3.983821881278,-2.242910387921));
#2074 = CARTESIAN_POINT('',(-3.954897906578,-2.409678958648));
#2075 = CARTESIAN_POINT('',(-3.933763172982,-2.600797792844));
#2076 = CARTESIAN_POINT('',(-3.904156413683,-3.100465151589));
#2077 = CARTESIAN_POINT('',(-3.904150536405,-3.397406298482));
#2078 = CARTESIAN_POINT('',(-3.916783361978,-3.692123295251));
#2079 = CARTESIAN_POINT('',(-3.937590448699,-3.977637085908));
#2080 = CARTESIAN_POINT('',(-3.964537051156,-4.249253766506));
#2081 = CARTESIAN_POINT('',(-3.995944721734,-4.507073189335));
#2082 = CARTESIAN_POINT('',(-4.031552117955,-4.754894566985));
#2083 = CARTESIAN_POINT('',(-4.073452447162,-5.));
#2084 = ( GEOMETRIC_REPRESENTATION_CONTEXT(2) 
PARAMETRIC_REPRESENTATION_CONTEXT() REPRESENTATION_CONTEXT('2D SPACE',''
  ) );
#2085 = PCURVE('',#2086,#2318);
#2086 = ( BOUNDED_SURFACE() B_SPLINE_SURFACE(6,9,(
    (#2087,#2088,#2089,#2090,#2091,#2092,#2093,#2094,#2095,#2096,#2097
      ,#2098,#2099,#2100,#2101,#2102,#2103,#2104,#2105,#2106,#2107,#2108
      ,#2109,#2110,#2111,#2112,#2113,#2114,#2115,#2116,#2117,#2118,#2119
      )
    ,(#2120,#2121,#2122,#2123,#2124,#2125,#2126,#2127,#2128,#2129,#2130
      ,#2131,#2132,#2133,#2134,#2135,#2136,#2137,#2138,#2139,#2140,#2141
      ,#2142,#2143,#2144,#2145,#2146,#2147,#2148,#2149,#2150,#2151,#2152
      )
    ,(#2153,#2154,#2155,#2156,#2157,#2158,#2159,#2160,#2161,#2162,#2163
      ,#2164,#2165,#2166,#2167,#2168,#2169,#2170,#2171,#2172,#2173,#2174
      ,#2175,#2176,#2177,#2178,#2179,#2180,#2181,#2182,#2183,#2184,#2185
      )
    ,(#2186,#2187,#2188,#2189,#2190,#2191,#2192,#2193,#2194,#2195,#2196
      ,#2197,#2198,#2199,#2200,#2201,#2202,#2203,#2204,#2205,#2206,#2207
      ,#2208,#2209,#2210,#2211,#2212,#2213,#2214,#2215,#2216,#2217,#2218
      )
    ,(#2219,#2220,#2221,#2222,#2223,#2224,#2225,#2226,#2227,#2228,#2229
      ,#2230,#2231,#2232,#2233,#2234,#2235,#2236,#2237,#2238,#2239,#2240
      ,#2241,#2242,#2243,#2244,#2245,#2246,#2247,#2248,#2249,#2250,#2251
      )
    ,(#2252,#2253,#2254,#2255,#2256,#2257,#2258,#2259,#2260,#2261,#2262
      ,#2263,#2264,#2265,#2266,#2267,#2268,#2269,#2270,#2271,#2272,#2273
      ,#2274,#2275,#2276,#2277,#2278,#2279,#2280,#2281,#2282,#2283,#2284
      )
    ,(#2285,#2286,#2287,#2288,#2289,#2290,#2291,#2292,#2293,#2294,#2295
      ,#2296,#2297,#2298,#2299,#2300,#2301,#2302,#2303,#2304,#2305,#2306
      ,#2307,#2308,#2309,#2310,#2311,#2312,#2313,#2314,#2315,#2316,#2317
)),.UNSPECIFIED.,.T.,.F.,.F.) B_SPLINE_SURFACE_WITH_KNOTS((1,6,6,1),(10,
    7,8,8,10),(-6.28318530718,0.,6.28318530718,12.566370614359),(0.,
    0.316891623531,0.633783247062,0.799305930975,1.),.UNSPECIFIED.) 
GEOMETRIC_REPRESENTATION_ITEM() RATIONAL_B_SPLINE_SURFACE((
    (1.669078461068,1.669078461068,1.669078461068,1.669078461068
      ,1.669078461068,1.669078461068,1.669078461068,1.669078461068
      ,1.669078461068,1.669078461068,1.669078461068,1.669078461068
      ,1.669078461068,1.669078461068,1.669078461068,1.669078461068
      ,1.669078461068,1.669078461068,1.669078461068,1.669078461069
      ,1.669078461068,1.669078461068,1.669078461068,1.669078461068
      ,1.669078461068,1.669078461068,1.669078461068,1.669078461068
      ,1.669078461068,1.669078461068,1.669078461068,1.669078461068
      ,1.669078461068)
    ,(1.03672962321,1.03672962321,1.03672962321,1.03672962321
      ,1.03672962321,1.03672962321,1.03672962321,1.03672962321
      ,1.03672962321,1.03672962321,1.03672962321,1.03672962321
      ,1.03672962321,1.03672962321,1.03672962321,1.03672962321
      ,1.03672962321,1.03672962321,1.036729623209,1.03672962321
      ,1.036729623209,1.03672962321,1.03672962321,1.03672962321
      ,1.03672962321,1.03672962321,1.03672962321,1.03672962321
      ,1.03672962321,1.03672962321,1.03672962321,1.03672962321
      ,1.03672962321)
    ,(1.038346699848,1.038346699847,1.038346699848,1.038346699847
      ,1.038346699848,1.038346699847,1.038346699848,1.038346699847
      ,1.038346699848,1.038346699848,1.038346699847,1.038346699848
      ,1.038346699847,1.038346699848,1.038346699848,1.038346699848
      ,1.038346699848,1.038346699848,1.038346699847,1.038346699848
      ,1.038346699847,1.038346699848,1.038346699847,1.038346699848
      ,1.038346699848,1.038346699848,1.038346699848,1.038346699848
      ,1.038346699847,1.038346699848,1.038346699847,1.038346699848
      ,1.038346699848)
    ,(0.853534330196,0.853534330196,0.853534330196,0.853534330196
      ,0.853534330196,0.853534330196,0.853534330196,0.853534330196
      ,0.853534330196,0.853534330196,0.853534330196,0.853534330196
      ,0.853534330196,0.853534330196,0.853534330196,0.853534330196
      ,0.853534330196,0.853534330196,0.853534330196,0.853534330196
      ,0.853534330196,0.853534330196,0.853534330196,0.853534330196
      ,0.853534330196,0.853534330196,0.853534330196,0.853534330196
      ,0.853534330196,0.853534330196,0.853534330196,0.853534330196
      ,0.853534330196)
    ,(1.038346699848,1.038346699847,1.038346699848,1.038346699847
      ,1.038346699848,1.038346699847,1.038346699848,1.038346699847
      ,1.038346699848,1.038346699847,1.038346699848,1.038346699848
      ,1.038346699848,1.038346699847,1.038346699848,1.038346699848
      ,1.038346699848,1.038346699848,1.038346699847,1.038346699848
      ,1.038346699847,1.038346699848,1.038346699847,1.038346699848
      ,1.038346699848,1.038346699848,1.038346699848,1.038346699848
      ,1.038346699848,1.038346699848,1.038346699848,1.038346699848
      ,1.038346699848)
    ,(1.03672962321,1.03672962321,1.03672962321,1.03672962321
      ,1.03672962321,1.03672962321,1.03672962321,1.03672962321
      ,1.03672962321,1.03672962321,1.03672962321,1.03672962321
      ,1.03672962321,1.03672962321,1.03672962321,1.03672962321
      ,1.03672962321,1.03672962321,1.036729623209,1.03672962321
      ,1.036729623209,1.03672962321,1.03672962321,1.03672962321
      ,1.03672962321,1.03672962321,1.03672962321,1.03672962321
      ,1.03672962321,1.03672962321,1.03672962321,1.03672962321
      ,1.03672962321)
    ,(1.669078461068,1.669078461068,1.669078461068,1.669078461068
      ,1.669078461068,1.669078461068,1.669078461068,1.669078461068
      ,1.669078461068,1.669078461068,1.669078461068,1.669078461068
      ,1.669078461068,1.669078461068,1.669078461068,1.669078461068
      ,1.669078461068,1.669078461068,1.669078461068,1.669078461069
      ,1.669078461068,1.669078461068,1.669078461068,1.669078461068
      ,1.669078461068,1.669078461068,1.669078461068,1.669078461068
      ,1.669078461068,1.669078461068,1.669078461068,1.669078461068
,1.669078461068))) REPRESENTATION_ITEM('') SURFACE() );
#2087 = CARTESIAN_POINT('',(174.05960671332,380.52752685546,82.));
#2088 = CARTESIAN_POINT('',(174.05960671332,380.31714646514,
    82.84561490315));
#2089 = CARTESIAN_POINT('',(174.05960671332,380.05429291685,
    83.732478757796));
#2090 = CARTESIAN_POINT('',(174.05960671332,379.74082069923,
    84.646963986594));
#2091 = CARTESIAN_POINT('',(174.05960671332,379.37858430089,
    85.575443012199));
#2092 = CARTESIAN_POINT('',(174.05960671332,378.96943821043,
    86.504288257269));
#2093 = CARTESIAN_POINT('',(174.05960671332,378.51523691647,
    87.419872144455));
#2094 = CARTESIAN_POINT('',(174.05960671332,378.01783490763,
    88.308567096416));
#2095 = CARTESIAN_POINT('',(174.05960671332,376.94033843739,
    90.004923975196));
#2096 = CARTESIAN_POINT('',(174.05960671332,375.70487501651,
    91.484704494315));
#2097 = CARTESIAN_POINT('',(174.05960671332,375.04950605703,
    92.156823086614));
#2098 = CARTESIAN_POINT('',(174.05960671332,374.35835433711,
    92.747542434309));
#2099 = CARTESIAN_POINT('',(174.05960671332,373.63327434537,
    93.243234960054));
#2100 = CARTESIAN_POINT('',(174.05960671332,372.87612057043,
    93.630273086506));
#2101 = CARTESIAN_POINT('',(174.05960671332,372.08874750089,
    93.89502923632));
#2102 = CARTESIAN_POINT('',(174.05960671332,371.27300962537,
    94.023875832151));
#2103 = CARTESIAN_POINT('',(174.05960671332,369.99082812072,
    93.992377964707));
#2104 = CARTESIAN_POINT('',(174.05960671332,369.54366197581,
    93.940772285953));
#2105 = CARTESIAN_POINT('',(174.05960671332,369.09363099273,
    93.850447177238));
#2106 = CARTESIAN_POINT('',(174.05960671332,368.64510316646,
    93.723481555404));
#2107 = CARTESIAN_POINT('',(174.05960671332,368.20244649201,
    93.561954337297));
#2108 = CARTESIAN_POINT('',(174.05960671332,367.77002896435,
    93.367944439758));
#2109 = CARTESIAN_POINT('',(174.05960671332,367.35221857848,
    93.143530779633));
#2110 = CARTESIAN_POINT('',(174.05960671332,366.95338332939,
    92.890792273766));
#2111 = CARTESIAN_POINT('',(174.05960671332,366.12261197702,
    92.273542894979));
#2112 = CARTESIAN_POINT('',(174.05960671332,365.70165004572,
    91.896693174801));
#2113 = CARTESIAN_POINT('',(174.05960671332,365.31492581827,
    91.485768902358));
#2114 = CARTESIAN_POINT('',(174.05960671332,364.96235969479,
    91.04528030154));
#2115 = CARTESIAN_POINT('',(174.05960671332,364.64387207539,
    90.579737596238));
#2116 = CARTESIAN_POINT('',(174.05960671332,364.35938336018,
    90.093651010344));
#2117 = CARTESIAN_POINT('',(174.05960671332,364.10881394928,
    89.591530767748));
#2118 = CARTESIAN_POINT('',(174.05960671332,363.89208424279,
    89.077887092343));
#2119 = CARTESIAN_POINT('',(174.05960671332,363.70911464083,
    88.557230208018));
#2120 = CARTESIAN_POINT('',(174.05960671332,382.31855816832,82.));
#2121 = CARTESIAN_POINT('',(174.05960671332,382.10817777799,
    82.920452505234));
#2122 = CARTESIAN_POINT('',(174.05960671332,381.84180628451,
    83.875485081108));
#2123 = CARTESIAN_POINT('',(174.05960671332,381.52232201409,
    84.855742407591));
#2124 = CARTESIAN_POINT('',(174.05960671332,381.15158441965,
    85.850146497327));
#2125 = CARTESIAN_POINT('',(174.05960671332,380.73096059074,
    86.846924367675));
#2126 = CARTESIAN_POINT('',(174.05960671332,380.26150870054,
    87.834264842857));
#2127 = CARTESIAN_POINT('',(174.05960671332,379.74381838946,
    88.800604486193));
#2128 = CARTESIAN_POINT('',(174.05960671332,378.6111977822,
    90.668480838711));
#2129 = CARTESIAN_POINT('',(174.05960671332,377.27530309891,
    92.359976757577));
#2130 = CARTESIAN_POINT('',(174.05960671332,376.55441099809,
    93.149580099902));
#2131 = CARTESIAN_POINT('',(174.05960671332,375.77634059983,
    93.873339528803));
#2132 = CARTESIAN_POINT('',(174.05960671332,374.93457981959,
    94.510127894788));
#2133 = CARTESIAN_POINT('',(174.05960671332,374.02223011211,
    95.058363942373));
#2134 = CARTESIAN_POINT('',(174.05960671332,373.01418132682,
    95.472848365067));
#2135 = CARTESIAN_POINT('',(174.05960671332,371.93712586197,
    95.710839918631));
#2136 = CARTESIAN_POINT('',(174.05960671332,370.23703159052,
    95.772478892439));
#2137 = CARTESIAN_POINT('',(174.05960671332,369.65498007249,
    95.73704496576));
#2138 = CARTESIAN_POINT('',(174.05960671332,369.07841644256,
    95.650987433804));
#2139 = CARTESIAN_POINT('',(174.05960671332,368.51032450663,
    95.51895560182));
#2140 = CARTESIAN_POINT('',(174.05960671332,367.95318209069,
    95.344518447888));
#2141 = CARTESIAN_POINT('',(174.05960671332,367.40947024973,
    95.130342796243));
#2142 = CARTESIAN_POINT('',(174.05960671332,366.88196673475,
    94.878319833666));
#2143 = CARTESIAN_POINT('',(174.05960671332,366.37382371842,
    94.589639968874));
#2144 = CARTESIAN_POINT('',(174.05960671332,365.29989603543,
    93.87097130336));
#2145 = CARTESIAN_POINT('',(174.05960671332,364.7569033307,
    93.429035926854));
#2146 = CARTESIAN_POINT('',(174.05960671332,364.26067783446,
    92.946384613588));
#2147 = CARTESIAN_POINT('',(174.05960671332,363.81088502573,
    92.430053143668));
#2148 = CARTESIAN_POINT('',(174.05960671332,363.40634824472,
    91.886436244762));
#2149 = CARTESIAN_POINT('',(174.05960671332,363.04558558236,
    91.321149386098));
#2150 = CARTESIAN_POINT('',(174.05960671332,362.72716510754,
    90.739054490861));
#2151 = CARTESIAN_POINT('',(174.05960671332,362.44987843186,
    90.144449566967));
#2152 = CARTESIAN_POINT('',(174.05960671332,362.21273261212,
    89.541422256236));
#2153 = CARTESIAN_POINT('',(171.8449424069,382.5757197831,82.));
#2154 = CARTESIAN_POINT('',(171.8449424069,382.36533939277,
    82.931197911224));
#2155 = CARTESIAN_POINT('',(171.8449424069,382.09846278222,
    83.896018355296));
#2156 = CARTESIAN_POINT('',(171.8449424069,381.77811528335,
    84.885719435624));
#2157 = CARTESIAN_POINT('',(171.8449424069,381.40615706183,
    85.889589242583));
#2158 = CARTESIAN_POINT('',(171.8449424069,380.98388522502,
    86.89612108177));
#2159 = CARTESIAN_POINT('',(171.8449424069,380.51224360874,
    87.893764581754));
#2160 = CARTESIAN_POINT('',(171.8449424069,379.99164024276,
    88.871252681329));
#2161 = CARTESIAN_POINT('',(171.8449424069,378.85110474758,
    90.763756311167));
#2162 = CARTESIAN_POINT('',(171.8449424069,377.50078984426,
    92.48565095823));
#2163 = CARTESIAN_POINT('',(171.8449424069,376.77048973549,
    93.292123111173));
#2164 = CARTESIAN_POINT('',(171.8449424069,375.97993929429,
    94.034984831512));
#2165 = CARTESIAN_POINT('',(171.8449424069,375.12142513863,
    94.69203215883));
#2166 = CARTESIAN_POINT('',(171.8449424069,374.18679193654,
    95.263413484446));
#2167 = CARTESIAN_POINT('',(171.8449424069,373.14705787417,
    95.699396338884));
#2168 = CARTESIAN_POINT('',(171.8449424069,372.03248165088,
    95.953059250829));
#2169 = CARTESIAN_POINT('',(171.8449424069,370.27238221862,
    96.028071089935));
#2170 = CARTESIAN_POINT('',(171.8449424069,369.67096345663,
    95.994959151626));
#2171 = CARTESIAN_POINT('',(171.8449424069,369.0762318921,
    95.909514371061));
#2172 = CARTESIAN_POINT('',(171.8449424069,368.49097258488,
    95.776755117523));
#2173 = CARTESIAN_POINT('',(171.8449424069,367.91739196492,
    95.600464316521));
#2174 = CARTESIAN_POINT('',(171.8449424069,367.35770015469,
    95.38339320579));
#2175 = CARTESIAN_POINT('',(171.8449424069,366.81444657326,
    95.127406017267));
#2176 = CARTESIAN_POINT('',(171.8449424069,366.29060882187,
    94.833565585022));
#2177 = CARTESIAN_POINT('',(171.8449424069,365.18176802811,94.100334836)
  );
#2178 = CARTESIAN_POINT('',(171.8449424069,364.62125378117,
    93.649054266946));
#2179 = CARTESIAN_POINT('',(171.8449424069,364.10930576635,
    93.156104171347));
#2180 = CARTESIAN_POINT('',(171.8449424069,363.64555286032,
    92.628882956202));
#2181 = CARTESIAN_POINT('',(171.8449424069,363.22866088418,
    92.074055931847));
#2182 = CARTESIAN_POINT('',(171.8449424069,362.85694658113,
    91.497397261932));
#2183 = CARTESIAN_POINT('',(171.8449424069,362.52878384829,
    90.903819367673));
#2184 = CARTESIAN_POINT('',(171.8449424069,362.24280222246,
    90.297589786384));
#2185 = CARTESIAN_POINT('',(171.8449424069,361.99787761988,
    89.682735484291));
#2186 = CARTESIAN_POINT('',(170.01831166668,380.52752685546,82.));
#2187 = CARTESIAN_POINT('',(170.01831166668,380.31714646514,
    82.84561490315));
#2188 = CARTESIAN_POINT('',(170.01831166668,380.05429291685,
    83.732478757796));
#2189 = CARTESIAN_POINT('',(170.01831166668,379.74082069923,
    84.646963986594));
#2190 = CARTESIAN_POINT('',(170.01831166668,379.37858430089,
    85.5754430122));
#2191 = CARTESIAN_POINT('',(170.01831166668,378.96943821043,
    86.504288257268));
#2192 = CARTESIAN_POINT('',(170.01831166668,378.51523691647,
    87.419872144455));
#2193 = CARTESIAN_POINT('',(170.01831166668,378.01783490763,
    88.308567096416));
#2194 = CARTESIAN_POINT('',(170.01831166668,376.94033843739,
    90.004923975196));
#2195 = CARTESIAN_POINT('',(170.01831166668,375.70487501651,
    91.484704494314));
#2196 = CARTESIAN_POINT('',(170.01831166668,375.04950605703,
    92.156823086613));
#2197 = CARTESIAN_POINT('',(170.01831166668,374.35835433711,
    92.747542434309));
#2198 = CARTESIAN_POINT('',(170.01831166668,373.63327434537,
    93.243234960053));
#2199 = CARTESIAN_POINT('',(170.01831166668,372.87612057043,
    93.630273086506));
#2200 = CARTESIAN_POINT('',(170.01831166668,372.08874750089,
    93.895029236319));
#2201 = CARTESIAN_POINT('',(170.01831166668,371.27300962537,
    94.02387583215));
#2202 = CARTESIAN_POINT('',(170.01831166668,369.99082812072,
    93.992377964706));
#2203 = CARTESIAN_POINT('',(170.01831166668,369.54366197581,
    93.940772285953));
#2204 = CARTESIAN_POINT('',(170.01831166668,369.09363099273,
    93.850447177237));
#2205 = CARTESIAN_POINT('',(170.01831166668,368.64510316646,
    93.723481555404));
#2206 = CARTESIAN_POINT('',(170.01831166668,368.20244649201,
    93.561954337296));
#2207 = CARTESIAN_POINT('',(170.01831166668,367.77002896435,
    93.367944439758));
#2208 = CARTESIAN_POINT('',(170.01831166668,367.35221857848,
    93.143530779633));
#2209 = CARTESIAN_POINT('',(170.01831166668,366.95338332939,
    92.890792273766));
#2210 = CARTESIAN_POINT('',(170.01831166668,366.12261197702,
    92.273542894979));
#2211 = CARTESIAN_POINT('',(170.01831166668,365.70165004572,
    91.896693174801));
#2212 = CARTESIAN_POINT('',(170.01831166668,365.31492581827,
    91.485768902358));
#2213 = CARTESIAN_POINT('',(170.01831166668,364.96235969479,
    91.04528030154));
#2214 = CARTESIAN_POINT('',(170.01831166668,364.64387207539,
    90.579737596238));
#2215 = CARTESIAN_POINT('',(170.01831166668,364.35938336018,
    90.093651010344));
#2216 = CARTESIAN_POINT('',(170.01831166668,364.10881394928,
    89.591530767748));
#2217 = CARTESIAN_POINT('',(170.01831166668,363.89208424279,
    89.077887092343));
#2218 = CARTESIAN_POINT('',(170.01831166668,363.70911464083,
    88.557230208018));
#2219 = CARTESIAN_POINT('',(171.8449424069,378.47933392783,82.));
#2220 = CARTESIAN_POINT('',(171.8449424069,378.2689535375,
    82.760031895075));
#2221 = CARTESIAN_POINT('',(171.8449424069,378.01012305149,
    83.568939160296));
#2222 = CARTESIAN_POINT('',(171.8449424069,377.70352611512,
    84.408208537564));
#2223 = CARTESIAN_POINT('',(171.8449424069,377.35101153995,
    85.261296781817));
#2224 = CARTESIAN_POINT('',(171.8449424069,376.95499119583,
    86.112455432767));
#2225 = CARTESIAN_POINT('',(171.8449424069,376.5182302242,
    86.945979707156));
#2226 = CARTESIAN_POINT('',(171.8449424069,376.04402957249,
    87.745881511504));
#2227 = CARTESIAN_POINT('',(171.8449424069,375.0295721272,
    89.246091639225));
#2228 = CARTESIAN_POINT('',(171.8449424069,373.90896018877,
    90.483758030399));
#2229 = CARTESIAN_POINT('',(171.8449424069,373.32852237857,
    91.021523062054));
#2230 = CARTESIAN_POINT('',(171.8449424069,372.73676937993,
    91.460100037105));
#2231 = CARTESIAN_POINT('',(171.8449424069,372.14512355212,
    91.794437761278));
#2232 = CARTESIAN_POINT('',(171.8449424069,371.56544920432,
    91.997132688566));
#2233 = CARTESIAN_POINT('',(171.8449424069,371.03043712761,
    92.090662133756));
#2234 = CARTESIAN_POINT('',(171.8449424069,370.51353759985,
    92.094692413473));
#2235 = CARTESIAN_POINT('',(171.8449424069,369.70927402282,
    91.956684839479));
#2236 = CARTESIAN_POINT('',(171.8449424069,369.41636049498,
    91.88658542028));
#2237 = CARTESIAN_POINT('',(171.8449424069,369.11103009335,
    91.791379983414));
#2238 = CARTESIAN_POINT('',(171.8449424069,368.79923374804,
    91.670207993284));
#2239 = CARTESIAN_POINT('',(171.8449424069,368.48750101909,
    91.523444358071));
#2240 = CARTESIAN_POINT('',(171.8449424069,368.18235777401,
    91.352495673726));
#2241 = CARTESIAN_POINT('',(171.8449424069,367.8899905837,
    91.159655541999));
#2242 = CARTESIAN_POINT('',(171.8449424069,367.6161578369,
    90.948018962509));
#2243 = CARTESIAN_POINT('',(171.8449424069,367.06345592593,
    90.446750953958));
#2244 = CARTESIAN_POINT('',(171.8449424069,366.78204631027,
    90.144332082657));
#2245 = CARTESIAN_POINT('',(171.8449424069,366.5205458702,
    89.815433633369));
#2246 = CARTESIAN_POINT('',(171.8449424069,366.27916652926,
    89.461677646877));
#2247 = CARTESIAN_POINT('',(171.8449424069,366.05908326661,
    89.085419260629));
#2248 = CARTESIAN_POINT('',(171.8449424069,365.86182013924,
    88.689904758756));
#2249 = CARTESIAN_POINT('',(171.8449424069,365.68884405026,
    88.279242167824));
#2250 = CARTESIAN_POINT('',(171.8449424069,365.54136626312,
    87.858184398302));
#2251 = CARTESIAN_POINT('',(171.8449424069,365.42035166179,
    87.431724931745));
#2252 = CARTESIAN_POINT('',(174.05960671332,378.73649554261,82.));
#2253 = CARTESIAN_POINT('',(174.05960671332,378.52611515228,
    82.770777301065));
#2254 = CARTESIAN_POINT('',(174.05960671332,378.2667795492,
    83.589472434484));
#2255 = CARTESIAN_POINT('',(174.05960671332,377.95931938437,
    84.438185565597));
#2256 = CARTESIAN_POINT('',(174.05960671332,377.60558418213,
    85.300739527074));
#2257 = CARTESIAN_POINT('',(174.05960671332,377.20791583011,
    86.161652146861));
#2258 = CARTESIAN_POINT('',(174.05960671332,376.76896513241,
    87.005479446054));
#2259 = CARTESIAN_POINT('',(174.05960671332,376.29185142579,
    87.816529706639));
#2260 = CARTESIAN_POINT('',(174.05960671332,375.26947909258,
    89.341367111681));
#2261 = CARTESIAN_POINT('',(174.05960671332,374.13444693412,
    90.609432231052));
#2262 = CARTESIAN_POINT('',(174.05960671332,373.54460111597,
    91.164066073326));
#2263 = CARTESIAN_POINT('',(174.05960671332,372.9403680744,
    91.621745339815));
#2264 = CARTESIAN_POINT('',(174.05960671332,372.33196887116,
    91.976342025321));
#2265 = CARTESIAN_POINT('',(174.05960671332,371.73001102874,
    92.202182230639));
#2266 = CARTESIAN_POINT('',(174.05960671332,371.16331367495,
    92.317210107574));
#2267 = CARTESIAN_POINT('',(174.05960671332,370.60889338877,
    92.336911745671));
#2268 = CARTESIAN_POINT('',(174.05960671332,369.74462465092,
    92.212277036975));
#2269 = CARTESIAN_POINT('',(174.05960671332,369.43234387913,
    92.144499606146));
#2270 = CARTESIAN_POINT('',(174.05960671332,369.10884554289,
    92.049906920672));
#2271 = CARTESIAN_POINT('',(174.05960671332,368.7798818263,
    91.928007508987));
#2272 = CARTESIAN_POINT('',(174.05960671332,368.45171089332,
    91.779390226705));
#2273 = CARTESIAN_POINT('',(174.05960671332,368.13058767897,
    91.605546083273));
#2274 = CARTESIAN_POINT('',(174.05960671332,367.82247042221,
    91.4087417256));
#2275 = CARTESIAN_POINT('',(174.05960671332,367.53294294035,
    91.191944578658));
#2276 = CARTESIAN_POINT('',(174.05960671332,366.94532791861,
    90.676114486598));
#2277 = CARTESIAN_POINT('',(174.05960671332,366.64639676074,
    90.364350422748));
#2278 = CARTESIAN_POINT('',(174.05960671332,366.36917380209,
    90.025153191128));
#2279 = CARTESIAN_POINT('',(174.05960671332,366.11383436386,
    89.660507459412));
#2280 = CARTESIAN_POINT('',(174.05960671332,365.88139590607,
    89.273038947715));
#2281 = CARTESIAN_POINT('',(174.05960671332,365.67318113801,
    88.866152634589));
#2282 = CARTESIAN_POINT('',(174.05960671332,365.49046279102,
    88.444007044635));
#2283 = CARTESIAN_POINT('',(174.05960671332,365.33429005372,
    88.011324617718));
#2284 = CARTESIAN_POINT('',(174.05960671332,365.20549666955,
    87.5730381598));
#2285 = CARTESIAN_POINT('',(174.05960671332,380.52752685546,82.));
#2286 = CARTESIAN_POINT('',(174.05960671332,380.31714646514,
    82.84561490315));
#2287 = CARTESIAN_POINT('',(174.05960671332,380.05429291685,
    83.732478757796));
#2288 = CARTESIAN_POINT('',(174.05960671332,379.74082069923,
    84.646963986594));
#2289 = CARTESIAN_POINT('',(174.05960671332,379.37858430089,
    85.575443012199));
#2290 = CARTESIAN_POINT('',(174.05960671332,378.96943821043,
    86.504288257269));
#2291 = CARTESIAN_POINT('',(174.05960671332,378.51523691647,
    87.419872144455));
#2292 = CARTESIAN_POINT('',(174.05960671332,378.01783490763,
    88.308567096416));
#2293 = CARTESIAN_POINT('',(174.05960671332,376.94033843739,
    90.004923975196));
#2294 = CARTESIAN_POINT('',(174.05960671332,375.70487501651,
    91.484704494315));
#2295 = CARTESIAN_POINT('',(174.05960671332,375.04950605703,
    92.156823086614));
#2296 = CARTESIAN_POINT('',(174.05960671332,374.35835433711,
    92.747542434309));
#2297 = CARTESIAN_POINT('',(174.05960671332,373.63327434537,
    93.243234960054));
#2298 = CARTESIAN_POINT('',(174.05960671332,372.87612057043,
    93.630273086506));
#2299 = CARTESIAN_POINT('',(174.05960671332,372.08874750089,
    93.89502923632));
#2300 = CARTESIAN_POINT('',(174.05960671332,371.27300962537,
    94.023875832151));
#2301 = CARTESIAN_POINT('',(174.05960671332,369.99082812072,
    93.992377964707));
#2302 = CARTESIAN_POINT('',(174.05960671332,369.54366197581,
    93.940772285953));
#2303 = CARTESIAN_POINT('',(174.05960671332,369.09363099273,
    93.850447177238));
#2304 = CARTESIAN_POINT('',(174.05960671332,368.64510316646,
    93.723481555404));
#2305 = CARTESIAN_POINT('',(174.05960671332,368.20244649201,
    93.561954337297));
#2306 = CARTESIAN_POINT('',(174.05960671332,367.77002896435,
    93.367944439758));
#2307 = CARTESIAN_POINT('',(174.05960671332,367.35221857848,
    93.143530779633));
#2308 = CARTESIAN_POINT('',(174.05960671332,366.95338332939,
    92.890792273766));
#2309 = CARTESIAN_POINT('',(174.05960671332,366.12261197702,
    92.273542894979));
#2310 = CARTESIAN_POINT('',(174.05960671332,365.70165004572,
    91.896693174801));
#2311 = CARTESIAN_POINT('',(174.05960671332,365.31492581827,
    91.485768902358));
#2312 = CARTESIAN_POINT('',(174.05960671332,364.96235969479,
    91.04528030154));
#2313 = CARTESIAN_POINT('',(174.05960671332,364.64387207539,
    90.579737596238));
#2314 = CARTESIAN_POINT('',(174.05960671332,364.35938336018,
    90.093651010344));
#2315 = CARTESIAN_POINT('',(174.05960671332,364.10881394928,
    89.591530767748));
#2316 = CARTESIAN_POINT('',(174.05960671332,363.89208424279,
    89.077887092343));
#2317 = CARTESIAN_POINT('',(174.05960671332,363.70911464083,
    88.557230208018));
#2318 = DEFINITIONAL_REPRESENTATION('',(#2319),#2364);
#2319 = B_SPLINE_CURVE_WITH_KNOTS('',8,(#2320,#2321,#2322,#2323,#2324,
    #2325,#2326,#2327,#2328,#2329,#2330,#2331,#2332,#2333,#2334,#2335,
    #2336,#2337,#2338,#2339,#2340,#2341,#2342,#2343,#2344,#2345,#2346,
    #2347,#2348,#2349,#2350,#2351,#2352,#2353,#2354,#2355,#2356,#2357,
    #2358,#2359,#2360,#2361,#2362,#2363),.UNSPECIFIED.,.F.,.F.,(9,7,7,7,
    7,7,9),(0.,0.125586468585,0.323189659305,0.491322333335,
    0.600497024103,0.771316139406,1.),.UNSPECIFIED.);
#2320 = CARTESIAN_POINT('',(6.28318530718,0.126133330764));
#2321 = CARTESIAN_POINT('',(6.228089160201,0.12060591186));
#2322 = CARTESIAN_POINT('',(6.173067010253,0.115305116623));
#2323 = CARTESIAN_POINT('',(6.11805405043,0.110270909039));
#2324 = CARTESIAN_POINT('',(6.063012622377,0.105532791636));
#2325 = CARTESIAN_POINT('',(6.007932216283,0.101109805488));
#2326 = CARTESIAN_POINT('',(5.952829470886,9.701053021265E-02));
#2327 = CARTESIAN_POINT('',(5.897748173473,9.323308397199E-02));
#2328 = CARTESIAN_POINT('',(5.756237320817,8.430848417137E-02));
#2329 = CARTESIAN_POINT('',(5.669679855585,7.960483230763E-02));
#2330 = CARTESIAN_POINT('',(5.583245462399,7.561777786141E-02));
#2331 = CARTESIAN_POINT('',(5.496794139936,7.225223928331E-02));
#2332 = CARTESIAN_POINT('',(5.410282290431,6.942823352516E-02));
#2333 = CARTESIAN_POINT('',(5.323743441216,6.708647931993E-02));
#2334 = CARTESIAN_POINT('',(5.237187271069,6.517330520062E-02));
#2335 = CARTESIAN_POINT('',(5.077203099321,6.235823681706E-02));
#2336 = CARTESIAN_POINT('',(4.99266367143,6.115308717539E-02));
#2337 = CARTESIAN_POINT('',(4.900072108098,6.021191617275E-02));
#2338 = CARTESIAN_POINT('',(4.801928195269,5.96506229762E-02));
#2339 = CARTESIAN_POINT('',(4.700641963425,5.95114384168E-02));
#2340 = CARTESIAN_POINT('',(4.599107286575,5.983893941752E-02));
#2341 = CARTESIAN_POINT('',(4.501806284618,6.060606098528E-02));
#2342 = CARTESIAN_POINT('',(4.361996347974,6.218977034916E-02));
#2343 = CARTESIAN_POINT('',(4.306955155974,6.295469150001E-02));
#2344 = CARTESIAN_POINT('',(4.251915203642,6.386715972804E-02));
#2345 = CARTESIAN_POINT('',(4.196876229364,6.493552645719E-02));
#2346 = CARTESIAN_POINT('',(4.141837835836,6.61703691929E-02));
#2347 = CARTESIAN_POINT('',(4.086799490069,6.758449152203E-02));
#2348 = CARTESIAN_POINT('',(4.031760523388,6.919292311288E-02));
#2349 = CARTESIAN_POINT('',(3.890601718878,7.386055965153E-02));
#2350 = CARTESIAN_POINT('',(3.803759497947,7.725004225649E-02));
#2351 = CARTESIAN_POINT('',(3.717008289486,8.12342985939E-02));
#2352 = CARTESIAN_POINT('',(3.630492652346,8.588065754768E-02));
#2353 = CARTESIAN_POINT('',(3.54422970004,9.126096557935E-02));
#2354 = CARTESIAN_POINT('',(3.458055657664,9.745169542524E-02));
#2355 = CARTESIAN_POINT('',(3.371596162924,0.104503090383));
#2356 = CARTESIAN_POINT('',(3.168789590622,0.12282321127));
#2357 = CARTESIAN_POINT('',(3.064203111987,0.133631449148));
#2358 = CARTESIAN_POINT('',(2.968915797501,0.14427919224));
#2359 = CARTESIAN_POINT('',(2.879433461894,0.154532265274));
#2360 = CARTESIAN_POINT('',(2.795099679065,0.164240786588));
#2361 = CARTESIAN_POINT('',(2.713734550472,0.173422407029));
#2362 = CARTESIAN_POINT('',(2.633501260946,0.182220909888));
#2363 = CARTESIAN_POINT('',(2.549627542051,0.190898610195));
#2364 = ( GEOMETRIC_REPRESENTATION_CONTEXT(2) 
PARAMETRIC_REPRESENTATION_CONTEXT() REPRESENTATION_CONTEXT('2D SPACE',''
  ) );
#2365 = ORIENTED_EDGE('',*,*,#2366,.F.);
#2366 = EDGE_CURVE('',#2367,#1989,#2369,.T.);
#2367 = VERTEX_POINT('',#2368);
#2368 = CARTESIAN_POINT('',(173.87618734678,379.3234312529,87.));
#2369 = SURFACE_CURVE('',#2370,(#2379,#2391),.PCURVE_S1.);
#2370 = B_SPLINE_CURVE_WITH_KNOTS('',7,(#2371,#2372,#2373,#2374,#2375,
    #2376,#2377,#2378),.UNSPECIFIED.,.F.,.F.,(8,8),(0.,1.),
  .PIECEWISE_BEZIER_KNOTS.);
#2371 = CARTESIAN_POINT('',(173.87618734678,379.3234312529,87.));
#2372 = CARTESIAN_POINT('',(173.91646162842,379.35335069997,
    86.804339871107));
#2373 = CARTESIAN_POINT('',(173.95058368079,379.38112941317,
    86.607780947368));
#2374 = CARTESIAN_POINT('',(173.9825267419,379.40868808961,
    86.392149534683));
#2375 = CARTESIAN_POINT('',(174.01404979815,379.43760799633,
    86.14877509977));
#2376 = CARTESIAN_POINT('',(174.03976457298,379.46387486542,
    85.861340790882));
#2377 = CARTESIAN_POINT('',(174.05960671332,379.48442499826,
    85.545441129271));
#2378 = CARTESIAN_POINT('',(174.05960671332,379.48442499826,
    85.192320520559));
#2379 = PCURVE('',#461,#2380);
#2380 = DEFINITIONAL_REPRESENTATION('',(#2381),#2390);
#2381 = B_SPLINE_CURVE_WITH_KNOTS('',7,(#2382,#2383,#2384,#2385,#2386,
    #2387,#2388,#2389),.UNSPECIFIED.,.F.,.F.,(8,8),(0.,1.),
  .PIECEWISE_BEZIER_KNOTS.);
#2382 = CARTESIAN_POINT('',(-5.351325513607,-5.));
#2383 = CARTESIAN_POINT('',(-5.384773257757,-4.804339871107));
#2384 = CARTESIAN_POINT('',(-5.414075648956,-4.607780947367));
#2385 = CARTESIAN_POINT('',(-5.44219654089,-4.392149534687));
#2386 = CARTESIAN_POINT('',(-5.470658540844,-4.148775099764));
#2387 = CARTESIAN_POINT('',(-5.495162821339,-3.861340790885));
#2388 = CARTESIAN_POINT('',(-5.514207213058,-3.54544112927));
#2389 = CARTESIAN_POINT('',(-5.514207213058,-3.192320520558));
#2390 = ( GEOMETRIC_REPRESENTATION_CONTEXT(2) 
PARAMETRIC_REPRESENTATION_CONTEXT() REPRESENTATION_CONTEXT('2D SPACE',''
  ) );
#2391 = PCURVE('',#2086,#2392);
#2392 = DEFINITIONAL_REPRESENTATION('',(#2393),#2402);
#2393 = B_SPLINE_CURVE_WITH_KNOTS('',7,(#2394,#2395,#2396,#2397,#2398,
    #2399,#2400,#2401),.UNSPECIFIED.,.F.,.F.,(8,8),(0.,1.),
  .PIECEWISE_BEZIER_KNOTS.);
#2394 = CARTESIAN_POINT('',(0.595115062043,0.190898610195));
#2395 = CARTESIAN_POINT('',(0.528209838713,0.183971468925));
#2396 = CARTESIAN_POINT('',(0.463967730044,0.176996859983));
#2397 = CARTESIAN_POINT('',(0.39450746132,0.16932652195));
#2398 = CARTESIAN_POINT('',(0.318677188288,0.160650638862));
#2399 = CARTESIAN_POINT('',(0.227881199557,0.150355891465));
#2400 = CARTESIAN_POINT('',(0.128001573979,0.138974851605));
#2401 = CARTESIAN_POINT('',(0.,0.126133330764));
#2402 = ( GEOMETRIC_REPRESENTATION_CONTEXT(2) 
PARAMETRIC_REPRESENTATION_CONTEXT() REPRESENTATION_CONTEXT('2D SPACE',''
  ) );
#2403 = ORIENTED_EDGE('',*,*,#2404,.T.);
#2404 = EDGE_CURVE('',#2367,#2405,#2407,.T.);
#2405 = VERTEX_POINT('',#2406);
#2406 = CARTESIAN_POINT('',(174.29627611525,379.80515452106,87.));
#2407 = SURFACE_CURVE('',#2408,(#2413,#2420),.PCURVE_S1.);
#2408 = CIRCLE('',#2409,1.5);
#2409 = AXIS2_PLACEMENT_3D('',#2410,#2411,#2412);
#2410 = CARTESIAN_POINT('',(172.98167419433,380.52752685546,87.));
#2411 = DIRECTION('',(0.,0.,1.));
#2412 = DIRECTION('',(1.,0.,0.));
#2413 = PCURVE('',#461,#2414);
#2414 = DEFINITIONAL_REPRESENTATION('',(#2415),#2419);
#2415 = LINE('',#2416,#2417);
#2416 = CARTESIAN_POINT('',(-0.,-5.));
#2417 = VECTOR('',#2418,1.);
#2418 = DIRECTION('',(-1.,0.));
#2419 = ( GEOMETRIC_REPRESENTATION_CONTEXT(2) 
PARAMETRIC_REPRESENTATION_CONTEXT() REPRESENTATION_CONTEXT('2D SPACE',''
  ) );
#2420 = PCURVE('',#2421,#2426);
#2421 = PLANE('',#2422);
#2422 = AXIS2_PLACEMENT_3D('',#2423,#2424,#2425);
#2423 = CARTESIAN_POINT('',(157.98316955566,362.3475036621,87.));
#2424 = DIRECTION('',(0.,0.,1.));
#2425 = DIRECTION('',(1.,0.,0.));
#2426 = DEFINITIONAL_REPRESENTATION('',(#2427),#2431);
#2427 = CIRCLE('',#2428,1.5);
#2428 = AXIS2_PLACEMENT_2D('',#2429,#2430);
#2429 = CARTESIAN_POINT('',(14.998504638672,18.180023193359));
#2430 = DIRECTION('',(1.,0.));
#2431 = ( GEOMETRIC_REPRESENTATION_CONTEXT(2) 
PARAMETRIC_REPRESENTATION_CONTEXT() REPRESENTATION_CONTEXT('2D SPACE',''
  ) );
#2432 = ORIENTED_EDGE('',*,*,#2433,.T.);
#2433 = EDGE_CURVE('',#2405,#1929,#2434,.T.);
#2434 = SURFACE_CURVE('',#2435,(#2440,#2447),.PCURVE_S1.);
#2435 = CIRCLE('',#2436,1.5);
#2436 = AXIS2_PLACEMENT_3D('',#2437,#2438,#2439);
#2437 = CARTESIAN_POINT('',(172.98167419433,380.52752685546,87.));
#2438 = DIRECTION('',(0.,0.,1.));
#2439 = DIRECTION('',(1.,0.,0.));
#2440 = PCURVE('',#461,#2441);
#2441 = DEFINITIONAL_REPRESENTATION('',(#2442),#2446);
#2442 = LINE('',#2443,#2444);
#2443 = CARTESIAN_POINT('',(-0.,-5.));
#2444 = VECTOR('',#2445,1.);
#2445 = DIRECTION('',(-1.,0.));
#2446 = ( GEOMETRIC_REPRESENTATION_CONTEXT(2) 
PARAMETRIC_REPRESENTATION_CONTEXT() REPRESENTATION_CONTEXT('2D SPACE',''
  ) );
#2447 = PCURVE('',#1947,#2448);
#2448 = DEFINITIONAL_REPRESENTATION('',(#2449),#2453);
#2449 = CIRCLE('',#2450,1.5);
#2450 = AXIS2_PLACEMENT_2D('',#2451,#2452);
#2451 = CARTESIAN_POINT('',(14.998504638672,18.180023193359));
#2452 = DIRECTION('',(1.,0.));
#2453 = ( GEOMETRIC_REPRESENTATION_CONTEXT(2) 
PARAMETRIC_REPRESENTATION_CONTEXT() REPRESENTATION_CONTEXT('2D SPACE',''
  ) );
#2454 = ORIENTED_EDGE('',*,*,#2455,.F.);
#2455 = EDGE_CURVE('',#445,#1929,#2456,.T.);
#2456 = SEAM_CURVE('',#2457,(#2461,#2468),.PCURVE_S1.);
#2457 = LINE('',#2458,#2459);
#2458 = CARTESIAN_POINT('',(174.48167419433,380.52752685546,82.));
#2459 = VECTOR('',#2460,1.);
#2460 = DIRECTION('',(0.,0.,1.));
#2461 = PCURVE('',#461,#2462);
#2462 = DEFINITIONAL_REPRESENTATION('',(#2463),#2467);
#2463 = LINE('',#2464,#2465);
#2464 = CARTESIAN_POINT('',(-0.,0.));
#2465 = VECTOR('',#2466,1.);
#2466 = DIRECTION('',(-0.,-1.));
#2467 = ( GEOMETRIC_REPRESENTATION_CONTEXT(2) 
PARAMETRIC_REPRESENTATION_CONTEXT() REPRESENTATION_CONTEXT('2D SPACE',''
  ) );
#2468 = PCURVE('',#461,#2469);
#2469 = DEFINITIONAL_REPRESENTATION('',(#2470),#2474);
#2470 = LINE('',#2471,#2472);
#2471 = CARTESIAN_POINT('',(-6.28318530718,0.));
#2472 = VECTOR('',#2473,1.);
#2473 = DIRECTION('',(-0.,-1.));
#2474 = ( GEOMETRIC_REPRESENTATION_CONTEXT(2) 
PARAMETRIC_REPRESENTATION_CONTEXT() REPRESENTATION_CONTEXT('2D SPACE',''
  ) );
#2475 = ORIENTED_EDGE('',*,*,#473,.F.);
#2476 = ORIENTED_EDGE('',*,*,#2477,.F.);
#2477 = EDGE_CURVE('',#417,#474,#2478,.T.);
#2478 = SURFACE_CURVE('',#2479,(#2484,#2491),.PCURVE_S1.);
#2479 = CIRCLE('',#2480,1.5);
#2480 = AXIS2_PLACEMENT_3D('',#2481,#2482,#2483);
#2481 = CARTESIAN_POINT('',(172.98167419433,380.52752685546,82.));
#2482 = DIRECTION('',(0.,-0.,1.));
#2483 = DIRECTION('',(1.,0.,0.));
#2484 = PCURVE('',#461,#2485);
#2485 = DEFINITIONAL_REPRESENTATION('',(#2486),#2490);
#2486 = LINE('',#2487,#2488);
#2487 = CARTESIAN_POINT('',(-0.,0.));
#2488 = VECTOR('',#2489,1.);
#2489 = DIRECTION('',(-1.,0.));
#2490 = ( GEOMETRIC_REPRESENTATION_CONTEXT(2) 
PARAMETRIC_REPRESENTATION_CONTEXT() REPRESENTATION_CONTEXT('2D SPACE',''
  ) );
#2491 = PCURVE('',#1841,#2492);
#2492 = DEFINITIONAL_REPRESENTATION('',(#2493),#2497);
#2493 = CIRCLE('',#2494,1.5);
#2494 = AXIS2_PLACEMENT_2D('',#2495,#2496);
#2495 = CARTESIAN_POINT('',(14.998504638672,18.180023193359));
#2496 = DIRECTION('',(1.,0.));
#2497 = ( GEOMETRIC_REPRESENTATION_CONTEXT(2) 
PARAMETRIC_REPRESENTATION_CONTEXT() REPRESENTATION_CONTEXT('2D SPACE',''
  ) );
#2498 = ORIENTED_EDGE('',*,*,#444,.F.);
#2499 = ORIENTED_EDGE('',*,*,#2455,.T.);
#2500 = ADVANCED_FACE('',(#2501),#706,.T.);
#2501 = FACE_BOUND('',#2502,.F.);
#2502 = EDGE_LOOP('',(#2503,#2525,#2526,#2527));
#2503 = ORIENTED_EDGE('',*,*,#2504,.F.);
#2504 = EDGE_CURVE('',#664,#2505,#2507,.T.);
#2505 = VERTEX_POINT('',#2506);
#2506 = CARTESIAN_POINT('',(202.98316955566,372.3475036621,
    81.600000023842));
#2507 = SURFACE_CURVE('',#2508,(#2513,#2519),.PCURVE_S1.);
#2508 = CIRCLE('',#2509,0.399999976158);
#2509 = AXIS2_PLACEMENT_3D('',#2510,#2511,#2512);
#2510 = CARTESIAN_POINT('',(202.5831695795,372.3475036621,
    81.600000023842));
#2511 = DIRECTION('',(2.449293598295E-16,1.,-0.));
#2512 = DIRECTION('',(0.,0.,1.));
#2513 = PCURVE('',#706,#2514);
#2514 = DEFINITIONAL_REPRESENTATION('',(#2515),#2518);
#2515 = B_SPLINE_CURVE_WITH_KNOTS('',1,(#2516,#2517),.UNSPECIFIED.,.F.,
  .F.,(2,2),(0.,1.570796326795),.PIECEWISE_BEZIER_KNOTS.);
#2516 = CARTESIAN_POINT('',(0.,4.712388980385));
#2517 = CARTESIAN_POINT('',(0.,6.28318530718));
#2518 = ( GEOMETRIC_REPRESENTATION_CONTEXT(2) 
PARAMETRIC_REPRESENTATION_CONTEXT() REPRESENTATION_CONTEXT('2D SPACE',''
  ) );
#2519 = PCURVE('',#679,#2520);
#2520 = DEFINITIONAL_REPRESENTATION('',(#2521),#2524);
#2521 = B_SPLINE_CURVE_WITH_KNOTS('',1,(#2522,#2523),.UNSPECIFIED.,.F.,
  .F.,(2,2),(0.,1.570796326795),.PIECEWISE_BEZIER_KNOTS.);
#2522 = CARTESIAN_POINT('',(0.,20.));
#2523 = CARTESIAN_POINT('',(1.570796326795,20.));
#2524 = ( GEOMETRIC_REPRESENTATION_CONTEXT(2) 
PARAMETRIC_REPRESENTATION_CONTEXT() REPRESENTATION_CONTEXT('2D SPACE',''
  ) );
#2525 = ORIENTED_EDGE('',*,*,#691,.T.);
#2526 = ORIENTED_EDGE('',*,*,#1854,.T.);
#2527 = ORIENTED_EDGE('',*,*,#2528,.F.);
#2528 = EDGE_CURVE('',#2505,#1855,#2529,.T.);
#2529 = SURFACE_CURVE('',#2530,(#2535,#2542),.PCURVE_S1.);
#2530 = CIRCLE('',#2531,10.);
#2531 = AXIS2_PLACEMENT_3D('',#2532,#2533,#2534);
#2532 = CARTESIAN_POINT('',(192.98316955566,372.3475036621,
    81.600000023842));
#2533 = DIRECTION('',(0.,0.,1.));
#2534 = DIRECTION('',(1.,0.,0.));
#2535 = PCURVE('',#706,#2536);
#2536 = DEFINITIONAL_REPRESENTATION('',(#2537),#2541);
#2537 = LINE('',#2538,#2539);
#2538 = CARTESIAN_POINT('',(-0.,6.28318530718));
#2539 = VECTOR('',#2540,1.);
#2540 = DIRECTION('',(-1.,0.));
#2541 = ( GEOMETRIC_REPRESENTATION_CONTEXT(2) 
PARAMETRIC_REPRESENTATION_CONTEXT() REPRESENTATION_CONTEXT('2D SPACE',''
  ) );
#2542 = PCURVE('',#2543,#2548);
#2543 = CYLINDRICAL_SURFACE('',#2544,10.);
#2544 = AXIS2_PLACEMENT_3D('',#2545,#2546,#2547);
#2545 = CARTESIAN_POINT('',(192.98316955566,372.3475036621,80.));
#2546 = DIRECTION('',(0.,0.,-1.));
#2547 = DIRECTION('',(1.,0.,0.));
#2548 = DEFINITIONAL_REPRESENTATION('',(#2549),#2553);
#2549 = LINE('',#2550,#2551);
#2550 = CARTESIAN_POINT('',(-0.,-1.600000023842));
#2551 = VECTOR('',#2552,1.);
#2552 = DIRECTION('',(-1.,0.));
#2553 = ( GEOMETRIC_REPRESENTATION_CONTEXT(2) 
PARAMETRIC_REPRESENTATION_CONTEXT() REPRESENTATION_CONTEXT('2D SPACE',''
  ) );
#2554 = ADVANCED_FACE('',(#2555),#679,.T.);
#2555 = FACE_BOUND('',#2556,.T.);
#2556 = EDGE_LOOP('',(#2557,#2579,#2605,#2606));
#2557 = ORIENTED_EDGE('',*,*,#2558,.T.);
#2558 = EDGE_CURVE('',#635,#2559,#2561,.T.);
#2559 = VERTEX_POINT('',#2560);
#2560 = CARTESIAN_POINT('',(202.98316955566,352.3475036621,
    81.600000023842));
#2561 = SURFACE_CURVE('',#2562,(#2567,#2573),.PCURVE_S1.);
#2562 = CIRCLE('',#2563,0.399999976158);
#2563 = AXIS2_PLACEMENT_3D('',#2564,#2565,#2566);
#2564 = CARTESIAN_POINT('',(202.5831695795,352.3475036621,
    81.600000023842));
#2565 = DIRECTION('',(6.123233995737E-17,1.,0.));
#2566 = DIRECTION('',(1.,-6.123233995737E-17,0.));
#2567 = PCURVE('',#679,#2568);
#2568 = DEFINITIONAL_REPRESENTATION('',(#2569),#2572);
#2569 = B_SPLINE_CURVE_WITH_KNOTS('',1,(#2570,#2571),.UNSPECIFIED.,.F.,
  .F.,(2,2),(4.712388980385,6.28318530718),.PIECEWISE_BEZIER_KNOTS.);
#2570 = CARTESIAN_POINT('',(0.,0.));
#2571 = CARTESIAN_POINT('',(1.570796326795,0.));
#2572 = ( GEOMETRIC_REPRESENTATION_CONTEXT(2) 
PARAMETRIC_REPRESENTATION_CONTEXT() REPRESENTATION_CONTEXT('2D SPACE',''
  ) );
#2573 = PCURVE('',#651,#2574);
#2574 = DEFINITIONAL_REPRESENTATION('',(#2575),#2578);
#2575 = B_SPLINE_CURVE_WITH_KNOTS('',1,(#2576,#2577),.UNSPECIFIED.,.F.,
  .F.,(2,2),(4.712388980385,6.28318530718),.PIECEWISE_BEZIER_KNOTS.);
#2576 = CARTESIAN_POINT('',(-1.570796326795,4.712388980385));
#2577 = CARTESIAN_POINT('',(-1.570796326795,6.28318530718));
#2578 = ( GEOMETRIC_REPRESENTATION_CONTEXT(2) 
PARAMETRIC_REPRESENTATION_CONTEXT() REPRESENTATION_CONTEXT('2D SPACE',''
  ) );
#2579 = ORIENTED_EDGE('',*,*,#2580,.T.);
#2580 = EDGE_CURVE('',#2559,#2505,#2581,.T.);
#2581 = SURFACE_CURVE('',#2582,(#2586,#2593),.PCURVE_S1.);
#2582 = LINE('',#2583,#2584);
#2583 = CARTESIAN_POINT('',(202.98316955566,352.3475036621,
    81.600000023842));
#2584 = VECTOR('',#2585,1.);
#2585 = DIRECTION('',(2.449293598295E-16,1.,0.));
#2586 = PCURVE('',#679,#2587);
#2587 = DEFINITIONAL_REPRESENTATION('',(#2588),#2592);
#2588 = LINE('',#2589,#2590);
#2589 = CARTESIAN_POINT('',(1.570796326795,0.));
#2590 = VECTOR('',#2591,1.);
#2591 = DIRECTION('',(0.,1.));
#2592 = ( GEOMETRIC_REPRESENTATION_CONTEXT(2) 
PARAMETRIC_REPRESENTATION_CONTEXT() REPRESENTATION_CONTEXT('2D SPACE',''
  ) );
#2593 = PCURVE('',#2594,#2599);
#2594 = PLANE('',#2595);
#2595 = AXIS2_PLACEMENT_3D('',#2596,#2597,#2598);
#2596 = CARTESIAN_POINT('',(202.98316955566,352.3475036621,80.));
#2597 = DIRECTION('',(-1.,2.449293598295E-16,0.));
#2598 = DIRECTION('',(2.449293598295E-16,1.,0.));
#2599 = DEFINITIONAL_REPRESENTATION('',(#2600),#2604);
#2600 = LINE('',#2601,#2602);
#2601 = CARTESIAN_POINT('',(0.,-1.600000023842));
#2602 = VECTOR('',#2603,1.);
#2603 = DIRECTION('',(1.,0.));
#2604 = ( GEOMETRIC_REPRESENTATION_CONTEXT(2) 
PARAMETRIC_REPRESENTATION_CONTEXT() REPRESENTATION_CONTEXT('2D SPACE',''
  ) );
#2605 = ORIENTED_EDGE('',*,*,#2504,.F.);
#2606 = ORIENTED_EDGE('',*,*,#663,.F.);
#2607 = ADVANCED_FACE('',(#2608),#651,.T.);
#2608 = FACE_BOUND('',#2609,.F.);
#2609 = EDGE_LOOP('',(#2610,#2632,#2633,#2634));
#2610 = ORIENTED_EDGE('',*,*,#2611,.F.);
#2611 = EDGE_CURVE('',#607,#2612,#2614,.T.);
#2612 = VERTEX_POINT('',#2613);
#2613 = CARTESIAN_POINT('',(192.98316955566,342.3475036621,
    81.600000023842));
#2614 = SURFACE_CURVE('',#2615,(#2620,#2626),.PCURVE_S1.);
#2615 = CIRCLE('',#2616,0.399999976158);
#2616 = AXIS2_PLACEMENT_3D('',#2617,#2618,#2619);
#2617 = CARTESIAN_POINT('',(192.98316955566,342.74750363826,
    81.600000023842));
#2618 = DIRECTION('',(1.,0.,-0.));
#2619 = DIRECTION('',(0.,0.,1.));
#2620 = PCURVE('',#651,#2621);
#2621 = DEFINITIONAL_REPRESENTATION('',(#2622),#2625);
#2622 = B_SPLINE_CURVE_WITH_KNOTS('',1,(#2623,#2624),.UNSPECIFIED.,.F.,
  .F.,(2,2),(0.,1.570796326795),.PIECEWISE_BEZIER_KNOTS.);
#2623 = CARTESIAN_POINT('',(0.,4.712388980385));
#2624 = CARTESIAN_POINT('',(0.,6.28318530718));
#2625 = ( GEOMETRIC_REPRESENTATION_CONTEXT(2) 
PARAMETRIC_REPRESENTATION_CONTEXT() REPRESENTATION_CONTEXT('2D SPACE',''
  ) );
#2626 = PCURVE('',#622,#2627);
#2627 = DEFINITIONAL_REPRESENTATION('',(#2628),#2631);
#2628 = B_SPLINE_CURVE_WITH_KNOTS('',1,(#2629,#2630),.UNSPECIFIED.,.F.,
  .F.,(2,2),(0.,1.570796326795),.PIECEWISE_BEZIER_KNOTS.);
#2629 = CARTESIAN_POINT('',(0.,70.));
#2630 = CARTESIAN_POINT('',(1.570796326795,70.));
#2631 = ( GEOMETRIC_REPRESENTATION_CONTEXT(2) 
PARAMETRIC_REPRESENTATION_CONTEXT() REPRESENTATION_CONTEXT('2D SPACE',''
  ) );
#2632 = ORIENTED_EDGE('',*,*,#634,.T.);
#2633 = ORIENTED_EDGE('',*,*,#2558,.T.);
#2634 = ORIENTED_EDGE('',*,*,#2635,.F.);
#2635 = EDGE_CURVE('',#2612,#2559,#2636,.T.);
#2636 = SURFACE_CURVE('',#2637,(#2642,#2649),.PCURVE_S1.);
#2637 = CIRCLE('',#2638,10.);
#2638 = AXIS2_PLACEMENT_3D('',#2639,#2640,#2641);
#2639 = CARTESIAN_POINT('',(192.98316955566,352.3475036621,
    81.600000023842));
#2640 = DIRECTION('',(-0.,0.,1.));
#2641 = DIRECTION('',(0.,-1.,0.));
#2642 = PCURVE('',#651,#2643);
#2643 = DEFINITIONAL_REPRESENTATION('',(#2644),#2648);
#2644 = LINE('',#2645,#2646);
#2645 = CARTESIAN_POINT('',(-0.,6.28318530718));
#2646 = VECTOR('',#2647,1.);
#2647 = DIRECTION('',(-1.,0.));
#2648 = ( GEOMETRIC_REPRESENTATION_CONTEXT(2) 
PARAMETRIC_REPRESENTATION_CONTEXT() REPRESENTATION_CONTEXT('2D SPACE',''
  ) );
#2649 = PCURVE('',#2650,#2655);
#2650 = CYLINDRICAL_SURFACE('',#2651,10.);
#2651 = AXIS2_PLACEMENT_3D('',#2652,#2653,#2654);
#2652 = CARTESIAN_POINT('',(192.98316955566,352.3475036621,80.));
#2653 = DIRECTION('',(0.,0.,-1.));
#2654 = DIRECTION('',(1.,0.,0.));
#2655 = DEFINITIONAL_REPRESENTATION('',(#2656),#2660);
#2656 = LINE('',#2657,#2658);
#2657 = CARTESIAN_POINT('',(-4.712388980385,-1.600000023842));
#2658 = VECTOR('',#2659,1.);
#2659 = DIRECTION('',(-1.,0.));
#2660 = ( GEOMETRIC_REPRESENTATION_CONTEXT(2) 
PARAMETRIC_REPRESENTATION_CONTEXT() REPRESENTATION_CONTEXT('2D SPACE',''
  ) );
#2661 = ADVANCED_FACE('',(#2662),#537,.T.);
#2662 = FACE_BOUND('',#2663,.F.);
#2663 = EDGE_LOOP('',(#2664,#2665,#2666,#2688));
#2664 = ORIENTED_EDGE('',*,*,#1904,.F.);
#2665 = ORIENTED_EDGE('',*,*,#520,.T.);
#2666 = ORIENTED_EDGE('',*,*,#2667,.T.);
#2667 = EDGE_CURVE('',#521,#2668,#2670,.T.);
#2668 = VERTEX_POINT('',#2669);
#2669 = CARTESIAN_POINT('',(112.98316955566,372.3475036621,
    81.600000023842));
#2670 = SURFACE_CURVE('',#2671,(#2676,#2682),.PCURVE_S1.);
#2671 = CIRCLE('',#2672,0.399999976158);
#2672 = AXIS2_PLACEMENT_3D('',#2673,#2674,#2675);
#2673 = CARTESIAN_POINT('',(113.38316953182,372.3475036621,
    81.600000023842));
#2674 = DIRECTION('',(3.828568698927E-16,-1.,0.));
#2675 = DIRECTION('',(-1.,-3.828568698927E-16,0.));
#2676 = PCURVE('',#537,#2677);
#2677 = DEFINITIONAL_REPRESENTATION('',(#2678),#2681);
#2678 = B_SPLINE_CURVE_WITH_KNOTS('',1,(#2679,#2680),.UNSPECIFIED.,.F.,
  .F.,(2,2),(4.712388980385,6.28318530718),.PIECEWISE_BEZIER_KNOTS.);
#2679 = CARTESIAN_POINT('',(-1.570796326795,4.712388980385));
#2680 = CARTESIAN_POINT('',(-1.570796326795,6.28318530718));
#2681 = ( GEOMETRIC_REPRESENTATION_CONTEXT(2) 
PARAMETRIC_REPRESENTATION_CONTEXT() REPRESENTATION_CONTEXT('2D SPACE',''
  ) );
#2682 = PCURVE('',#565,#2683);
#2683 = DEFINITIONAL_REPRESENTATION('',(#2684),#2687);
#2684 = B_SPLINE_CURVE_WITH_KNOTS('',1,(#2685,#2686),.UNSPECIFIED.,.F.,
  .F.,(2,2),(4.712388980385,6.28318530718),.PIECEWISE_BEZIER_KNOTS.);
#2685 = CARTESIAN_POINT('',(0.,0.));
#2686 = CARTESIAN_POINT('',(1.570796326795,0.));
#2687 = ( GEOMETRIC_REPRESENTATION_CONTEXT(2) 
PARAMETRIC_REPRESENTATION_CONTEXT() REPRESENTATION_CONTEXT('2D SPACE',''
  ) );
#2688 = ORIENTED_EDGE('',*,*,#2689,.F.);
#2689 = EDGE_CURVE('',#1877,#2668,#2690,.T.);
#2690 = SURFACE_CURVE('',#2691,(#2696,#2703),.PCURVE_S1.);
#2691 = CIRCLE('',#2692,10.);
#2692 = AXIS2_PLACEMENT_3D('',#2693,#2694,#2695);
#2693 = CARTESIAN_POINT('',(122.98316955566,372.3475036621,
    81.600000023842));
#2694 = DIRECTION('',(0.,-0.,1.));
#2695 = DIRECTION('',(0.,1.,0.));
#2696 = PCURVE('',#537,#2697);
#2697 = DEFINITIONAL_REPRESENTATION('',(#2698),#2702);
#2698 = LINE('',#2699,#2700);
#2699 = CARTESIAN_POINT('',(-0.,6.28318530718));
#2700 = VECTOR('',#2701,1.);
#2701 = DIRECTION('',(-1.,0.));
#2702 = ( GEOMETRIC_REPRESENTATION_CONTEXT(2) 
PARAMETRIC_REPRESENTATION_CONTEXT() REPRESENTATION_CONTEXT('2D SPACE',''
  ) );
#2703 = PCURVE('',#2704,#2709);
#2704 = CYLINDRICAL_SURFACE('',#2705,10.);
#2705 = AXIS2_PLACEMENT_3D('',#2706,#2707,#2708);
#2706 = CARTESIAN_POINT('',(122.98316955566,372.3475036621,80.));
#2707 = DIRECTION('',(0.,0.,-1.));
#2708 = DIRECTION('',(1.,0.,0.));
#2709 = DEFINITIONAL_REPRESENTATION('',(#2710),#2714);
#2710 = LINE('',#2711,#2712);
#2711 = CARTESIAN_POINT('',(-1.570796326795,-1.600000023842));
#2712 = VECTOR('',#2713,1.);
#2713 = DIRECTION('',(-1.,0.));
#2714 = ( GEOMETRIC_REPRESENTATION_CONTEXT(2) 
PARAMETRIC_REPRESENTATION_CONTEXT() REPRESENTATION_CONTEXT('2D SPACE',''
  ) );
#2715 = ADVANCED_FACE('',(#2716),#622,.T.);
#2716 = FACE_BOUND('',#2717,.T.);
#2717 = EDGE_LOOP('',(#2718,#2740,#2766,#2767));
#2718 = ORIENTED_EDGE('',*,*,#2719,.T.);
#2719 = EDGE_CURVE('',#578,#2720,#2722,.T.);
#2720 = VERTEX_POINT('',#2721);
#2721 = CARTESIAN_POINT('',(122.98316955566,342.3475036621,
    81.600000023842));
#2722 = SURFACE_CURVE('',#2723,(#2728,#2734),.PCURVE_S1.);
#2723 = CIRCLE('',#2724,0.399999976158);
#2724 = AXIS2_PLACEMENT_3D('',#2725,#2726,#2727);
#2725 = CARTESIAN_POINT('',(122.98316955566,342.74750363826,
    81.600000023842));
#2726 = DIRECTION('',(1.,0.,-0.));
#2727 = DIRECTION('',(0.,0.,1.));
#2728 = PCURVE('',#622,#2729);
#2729 = DEFINITIONAL_REPRESENTATION('',(#2730),#2733);
#2730 = B_SPLINE_CURVE_WITH_KNOTS('',1,(#2731,#2732),.UNSPECIFIED.,.F.,
  .F.,(2,2),(0.,1.570796326795),.PIECEWISE_BEZIER_KNOTS.);
#2731 = CARTESIAN_POINT('',(0.,0.));
#2732 = CARTESIAN_POINT('',(1.570796326795,0.));
#2733 = ( GEOMETRIC_REPRESENTATION_CONTEXT(2) 
PARAMETRIC_REPRESENTATION_CONTEXT() REPRESENTATION_CONTEXT('2D SPACE',''
  ) );
#2734 = PCURVE('',#594,#2735);
#2735 = DEFINITIONAL_REPRESENTATION('',(#2736),#2739);
#2736 = B_SPLINE_CURVE_WITH_KNOTS('',1,(#2737,#2738),.UNSPECIFIED.,.F.,
  .F.,(2,2),(0.,1.570796326795),.PIECEWISE_BEZIER_KNOTS.);
#2737 = CARTESIAN_POINT('',(-1.570796326795,4.712388980385));
#2738 = CARTESIAN_POINT('',(-1.570796326795,6.28318530718));
#2739 = ( GEOMETRIC_REPRESENTATION_CONTEXT(2) 
PARAMETRIC_REPRESENTATION_CONTEXT() REPRESENTATION_CONTEXT('2D SPACE',''
  ) );
#2740 = ORIENTED_EDGE('',*,*,#2741,.T.);
#2741 = EDGE_CURVE('',#2720,#2612,#2742,.T.);
#2742 = SURFACE_CURVE('',#2743,(#2747,#2754),.PCURVE_S1.);
#2743 = LINE('',#2744,#2745);
#2744 = CARTESIAN_POINT('',(122.98316955566,342.3475036621,
    81.600000023842));
#2745 = VECTOR('',#2746,1.);
#2746 = DIRECTION('',(1.,0.,0.));
#2747 = PCURVE('',#622,#2748);
#2748 = DEFINITIONAL_REPRESENTATION('',(#2749),#2753);
#2749 = LINE('',#2750,#2751);
#2750 = CARTESIAN_POINT('',(1.570796326795,0.));
#2751 = VECTOR('',#2752,1.);
#2752 = DIRECTION('',(0.,1.));
#2753 = ( GEOMETRIC_REPRESENTATION_CONTEXT(2) 
PARAMETRIC_REPRESENTATION_CONTEXT() REPRESENTATION_CONTEXT('2D SPACE',''
  ) );
#2754 = PCURVE('',#2755,#2760);
#2755 = PLANE('',#2756);
#2756 = AXIS2_PLACEMENT_3D('',#2757,#2758,#2759);
#2757 = CARTESIAN_POINT('',(122.98316955566,342.3475036621,80.));
#2758 = DIRECTION('',(0.,1.,0.));
#2759 = DIRECTION('',(1.,0.,0.));
#2760 = DEFINITIONAL_REPRESENTATION('',(#2761),#2765);
#2761 = LINE('',#2762,#2763);
#2762 = CARTESIAN_POINT('',(0.,-1.600000023842));
#2763 = VECTOR('',#2764,1.);
#2764 = DIRECTION('',(1.,0.));
#2765 = ( GEOMETRIC_REPRESENTATION_CONTEXT(2) 
PARAMETRIC_REPRESENTATION_CONTEXT() REPRESENTATION_CONTEXT('2D SPACE',''
  ) );
#2766 = ORIENTED_EDGE('',*,*,#2611,.F.);
#2767 = ORIENTED_EDGE('',*,*,#606,.F.);
#2768 = ADVANCED_FACE('',(#2769),#565,.T.);
#2769 = FACE_BOUND('',#2770,.T.);
#2770 = EDGE_LOOP('',(#2771,#2772,#2800,#2820));
#2771 = ORIENTED_EDGE('',*,*,#2667,.T.);
#2772 = ORIENTED_EDGE('',*,*,#2773,.T.);
#2773 = EDGE_CURVE('',#2668,#2774,#2776,.T.);
#2774 = VERTEX_POINT('',#2775);
#2775 = CARTESIAN_POINT('',(112.98316955566,352.3475036621,
    81.600000023842));
#2776 = SURFACE_CURVE('',#2777,(#2781,#2788),.PCURVE_S1.);
#2777 = LINE('',#2778,#2779);
#2778 = CARTESIAN_POINT('',(112.98316955566,372.3475036621,
    81.600000023842));
#2779 = VECTOR('',#2780,1.);
#2780 = DIRECTION('',(3.061616997868E-16,-1.,0.));
#2781 = PCURVE('',#565,#2782);
#2782 = DEFINITIONAL_REPRESENTATION('',(#2783),#2787);
#2783 = LINE('',#2784,#2785);
#2784 = CARTESIAN_POINT('',(1.570796326795,0.));
#2785 = VECTOR('',#2786,1.);
#2786 = DIRECTION('',(0.,1.));
#2787 = ( GEOMETRIC_REPRESENTATION_CONTEXT(2) 
PARAMETRIC_REPRESENTATION_CONTEXT() REPRESENTATION_CONTEXT('2D SPACE',''
  ) );
#2788 = PCURVE('',#2789,#2794);
#2789 = PLANE('',#2790);
#2790 = AXIS2_PLACEMENT_3D('',#2791,#2792,#2793);
#2791 = CARTESIAN_POINT('',(112.98316955566,372.3475036621,80.));
#2792 = DIRECTION('',(1.,3.061616997868E-16,0.));
#2793 = DIRECTION('',(3.061616997868E-16,-1.,0.));
#2794 = DEFINITIONAL_REPRESENTATION('',(#2795),#2799);
#2795 = LINE('',#2796,#2797);
#2796 = CARTESIAN_POINT('',(0.,-1.600000023842));
#2797 = VECTOR('',#2798,1.);
#2798 = DIRECTION('',(1.,0.));
#2799 = ( GEOMETRIC_REPRESENTATION_CONTEXT(2) 
PARAMETRIC_REPRESENTATION_CONTEXT() REPRESENTATION_CONTEXT('2D SPACE',''
  ) );
#2800 = ORIENTED_EDGE('',*,*,#2801,.F.);
#2801 = EDGE_CURVE('',#550,#2774,#2802,.T.);
#2802 = SURFACE_CURVE('',#2803,(#2808,#2814),.PCURVE_S1.);
#2803 = CIRCLE('',#2804,0.399999976158);
#2804 = AXIS2_PLACEMENT_3D('',#2805,#2806,#2807);
#2805 = CARTESIAN_POINT('',(113.38316953182,352.3475036621,
    81.600000023842));
#2806 = DIRECTION('',(3.061616997868E-16,-1.,0.));
#2807 = DIRECTION('',(0.,0.,1.));
#2808 = PCURVE('',#565,#2809);
#2809 = DEFINITIONAL_REPRESENTATION('',(#2810),#2813);
#2810 = B_SPLINE_CURVE_WITH_KNOTS('',1,(#2811,#2812),.UNSPECIFIED.,.F.,
  .F.,(2,2),(0.,1.570796326795),.PIECEWISE_BEZIER_KNOTS.);
#2811 = CARTESIAN_POINT('',(0.,20.));
#2812 = CARTESIAN_POINT('',(1.570796326795,20.));
#2813 = ( GEOMETRIC_REPRESENTATION_CONTEXT(2) 
PARAMETRIC_REPRESENTATION_CONTEXT() REPRESENTATION_CONTEXT('2D SPACE',''
  ) );
#2814 = PCURVE('',#594,#2815);
#2815 = DEFINITIONAL_REPRESENTATION('',(#2816),#2819);
#2816 = B_SPLINE_CURVE_WITH_KNOTS('',1,(#2817,#2818),.UNSPECIFIED.,.F.,
  .F.,(2,2),(0.,1.570796326795),.PIECEWISE_BEZIER_KNOTS.);
#2817 = CARTESIAN_POINT('',(0.,4.712388980385));
#2818 = CARTESIAN_POINT('',(0.,6.28318530718));
#2819 = ( GEOMETRIC_REPRESENTATION_CONTEXT(2) 
PARAMETRIC_REPRESENTATION_CONTEXT() REPRESENTATION_CONTEXT('2D SPACE',''
  ) );
#2820 = ORIENTED_EDGE('',*,*,#549,.F.);
#2821 = ADVANCED_FACE('',(#2822),#594,.T.);
#2822 = FACE_BOUND('',#2823,.F.);
#2823 = EDGE_LOOP('',(#2824,#2825,#2826,#2827));
#2824 = ORIENTED_EDGE('',*,*,#2801,.F.);
#2825 = ORIENTED_EDGE('',*,*,#577,.T.);
#2826 = ORIENTED_EDGE('',*,*,#2719,.T.);
#2827 = ORIENTED_EDGE('',*,*,#2828,.F.);
#2828 = EDGE_CURVE('',#2774,#2720,#2829,.T.);
#2829 = SURFACE_CURVE('',#2830,(#2835,#2842),.PCURVE_S1.);
#2830 = CIRCLE('',#2831,10.);
#2831 = AXIS2_PLACEMENT_3D('',#2832,#2833,#2834);
#2832 = CARTESIAN_POINT('',(122.98316955566,352.3475036621,
    81.600000023842));
#2833 = DIRECTION('',(0.,0.,1.));
#2834 = DIRECTION('',(-1.,0.,0.));
#2835 = PCURVE('',#594,#2836);
#2836 = DEFINITIONAL_REPRESENTATION('',(#2837),#2841);
#2837 = LINE('',#2838,#2839);
#2838 = CARTESIAN_POINT('',(-0.,6.28318530718));
#2839 = VECTOR('',#2840,1.);
#2840 = DIRECTION('',(-1.,0.));
#2841 = ( GEOMETRIC_REPRESENTATION_CONTEXT(2) 
PARAMETRIC_REPRESENTATION_CONTEXT() REPRESENTATION_CONTEXT('2D SPACE',''
  ) );
#2842 = PCURVE('',#2843,#2848);
#2843 = CYLINDRICAL_SURFACE('',#2844,10.);
#2844 = AXIS2_PLACEMENT_3D('',#2845,#2846,#2847);
#2845 = CARTESIAN_POINT('',(122.98316955566,352.3475036621,80.));
#2846 = DIRECTION('',(0.,0.,-1.));
#2847 = DIRECTION('',(1.,0.,0.));
#2848 = DEFINITIONAL_REPRESENTATION('',(#2849),#2853);
#2849 = LINE('',#2850,#2851);
#2850 = CARTESIAN_POINT('',(-3.14159265359,-1.600000023842));
#2851 = VECTOR('',#2852,1.);
#2852 = DIRECTION('',(-1.,0.));
#2853 = ( GEOMETRIC_REPRESENTATION_CONTEXT(2) 
PARAMETRIC_REPRESENTATION_CONTEXT() REPRESENTATION_CONTEXT('2D SPACE',''
  ) );
#2854 = ADVANCED_FACE('',(#2855),#738,.T.);
#2855 = FACE_BOUND('',#2856,.F.);
#2856 = EDGE_LOOP('',(#2857,#2879,#2907,#2927));
#2857 = ORIENTED_EDGE('',*,*,#2858,.T.);
#2858 = EDGE_CURVE('',#721,#2859,#2861,.T.);
#2859 = VERTEX_POINT('',#2860);
#2860 = CARTESIAN_POINT('',(124.4006652832,373.48093655399,
    81.699999988079));
#2861 = SURFACE_CURVE('',#2862,(#2867,#2873),.PCURVE_S1.);
#2862 = CIRCLE('',#2863,0.300000011921);
#2863 = AXIS2_PLACEMENT_3D('',#2864,#2865,#2866);
#2864 = CARTESIAN_POINT('',(124.10066527128,373.48093655399,
    81.699999988079));
#2865 = DIRECTION('',(-0.,1.,0.));
#2866 = DIRECTION('',(0.,0.,1.));
#2867 = PCURVE('',#738,#2868);
#2868 = DEFINITIONAL_REPRESENTATION('',(#2869),#2872);
#2869 = B_SPLINE_CURVE_WITH_KNOTS('',1,(#2870,#2871),.UNSPECIFIED.,.F.,
  .F.,(2,2),(0.,1.570796326795),.PIECEWISE_BEZIER_KNOTS.);
#2870 = CARTESIAN_POINT('',(0.,0.));
#2871 = CARTESIAN_POINT('',(-1.570796326795,0.));
#2872 = ( GEOMETRIC_REPRESENTATION_CONTEXT(2) 
PARAMETRIC_REPRESENTATION_CONTEXT() REPRESENTATION_CONTEXT('2D SPACE',''
  ) );
#2873 = PCURVE('',#767,#2874);
#2874 = DEFINITIONAL_REPRESENTATION('',(#2875),#2878);
#2875 = B_SPLINE_CURVE_WITH_KNOTS('',1,(#2876,#2877),.UNSPECIFIED.,.F.,
  .F.,(2,2),(0.,1.570796326795),.PIECEWISE_BEZIER_KNOTS.);
#2876 = CARTESIAN_POINT('',(3.14159265359,1.570796326795));
#2877 = CARTESIAN_POINT('',(3.14159265359,3.14159265359));
#2878 = ( GEOMETRIC_REPRESENTATION_CONTEXT(2) 
PARAMETRIC_REPRESENTATION_CONTEXT() REPRESENTATION_CONTEXT('2D SPACE',''
  ) );
#2879 = ORIENTED_EDGE('',*,*,#2880,.T.);
#2880 = EDGE_CURVE('',#2859,#2881,#2883,.T.);
#2881 = VERTEX_POINT('',#2882);
#2882 = CARTESIAN_POINT('',(124.4006652832,350.99215316772,
    81.699999988079));
#2883 = SURFACE_CURVE('',#2884,(#2888,#2895),.PCURVE_S1.);
#2884 = LINE('',#2885,#2886);
#2885 = CARTESIAN_POINT('',(124.4006652832,373.48093655399,
    81.699999988079));
#2886 = VECTOR('',#2887,1.);
#2887 = DIRECTION('',(0.,-1.,0.));
#2888 = PCURVE('',#738,#2889);
#2889 = DEFINITIONAL_REPRESENTATION('',(#2890),#2894);
#2890 = LINE('',#2891,#2892);
#2891 = CARTESIAN_POINT('',(-1.570796326795,0.));
#2892 = VECTOR('',#2893,1.);
#2893 = DIRECTION('',(-0.,1.));
#2894 = ( GEOMETRIC_REPRESENTATION_CONTEXT(2) 
PARAMETRIC_REPRESENTATION_CONTEXT() REPRESENTATION_CONTEXT('2D SPACE',''
  ) );
#2895 = PCURVE('',#2896,#2901);
#2896 = PLANE('',#2897);
#2897 = AXIS2_PLACEMENT_3D('',#2898,#2899,#2900);
#2898 = CARTESIAN_POINT('',(124.4006652832,373.48093655399,82.));
#2899 = DIRECTION('',(-1.,0.,0.));
#2900 = DIRECTION('',(0.,-1.,0.));
#2901 = DEFINITIONAL_REPRESENTATION('',(#2902),#2906);
#2902 = LINE('',#2903,#2904);
#2903 = CARTESIAN_POINT('',(0.,-0.300000011921));
#2904 = VECTOR('',#2905,1.);
#2905 = DIRECTION('',(1.,0.));
#2906 = ( GEOMETRIC_REPRESENTATION_CONTEXT(2) 
PARAMETRIC_REPRESENTATION_CONTEXT() REPRESENTATION_CONTEXT('2D SPACE',''
  ) );
#2907 = ORIENTED_EDGE('',*,*,#2908,.F.);
#2908 = EDGE_CURVE('',#723,#2881,#2909,.T.);
#2909 = SURFACE_CURVE('',#2910,(#2915,#2921),.PCURVE_S1.);
#2910 = CIRCLE('',#2911,0.300000011921);
#2911 = AXIS2_PLACEMENT_3D('',#2912,#2913,#2914);
#2912 = CARTESIAN_POINT('',(124.10066527128,350.99215316772,
    81.699999988079));
#2913 = DIRECTION('',(-0.,1.,0.));
#2914 = DIRECTION('',(0.,0.,1.));
#2915 = PCURVE('',#738,#2916);
#2916 = DEFINITIONAL_REPRESENTATION('',(#2917),#2920);
#2917 = B_SPLINE_CURVE_WITH_KNOTS('',1,(#2918,#2919),.UNSPECIFIED.,.F.,
  .F.,(2,2),(0.,1.570796326795),.PIECEWISE_BEZIER_KNOTS.);
#2918 = CARTESIAN_POINT('',(0.,22.488783386274));
#2919 = CARTESIAN_POINT('',(-1.570796326795,22.488783386274));
#2920 = ( GEOMETRIC_REPRESENTATION_CONTEXT(2) 
PARAMETRIC_REPRESENTATION_CONTEXT() REPRESENTATION_CONTEXT('2D SPACE',''
  ) );
#2921 = PCURVE('',#822,#2922);
#2922 = DEFINITIONAL_REPRESENTATION('',(#2923),#2926);
#2923 = B_SPLINE_CURVE_WITH_KNOTS('',1,(#2924,#2925),.UNSPECIFIED.,.F.,
  .F.,(2,2),(0.,1.570796326795),.PIECEWISE_BEZIER_KNOTS.);
#2924 = CARTESIAN_POINT('',(0.,1.570796326795));
#2925 = CARTESIAN_POINT('',(0.,3.14159265359));
#2926 = ( GEOMETRIC_REPRESENTATION_CONTEXT(2) 
PARAMETRIC_REPRESENTATION_CONTEXT() REPRESENTATION_CONTEXT('2D SPACE',''
  ) );
#2927 = ORIENTED_EDGE('',*,*,#720,.F.);
#2928 = ADVANCED_FACE('',(#2929),#767,.T.);
#2929 = FACE_BOUND('',#2930,.T.);
#2930 = EDGE_LOOP('',(#2931,#2953,#2954,#2955));
#2931 = ORIENTED_EDGE('',*,*,#2932,.F.);
#2932 = EDGE_CURVE('',#751,#2933,#2935,.T.);
#2933 = VERTEX_POINT('',#2934);
#2934 = CARTESIAN_POINT('',(125.91567230224,373.48093655399,
    81.699999988079));
#2935 = SURFACE_CURVE('',#2936,(#2941,#2947),.PCURVE_S1.);
#2936 = CIRCLE('',#2937,0.300000011921);
#2937 = AXIS2_PLACEMENT_3D('',#2938,#2939,#2940);
#2938 = CARTESIAN_POINT('',(126.21567231416,373.48093655399,
    81.699999988079));
#2939 = DIRECTION('',(-0.,-1.,0.));
#2940 = DIRECTION('',(0.,-0.,1.));
#2941 = PCURVE('',#767,#2942);
#2942 = DEFINITIONAL_REPRESENTATION('',(#2943),#2946);
#2943 = B_SPLINE_CURVE_WITH_KNOTS('',1,(#2944,#2945),.UNSPECIFIED.,.F.,
  .F.,(2,2),(0.,1.570796326795),.PIECEWISE_BEZIER_KNOTS.);
#2944 = CARTESIAN_POINT('',(0.,1.570796326795));
#2945 = CARTESIAN_POINT('',(0.,3.14159265359));
#2946 = ( GEOMETRIC_REPRESENTATION_CONTEXT(2) 
PARAMETRIC_REPRESENTATION_CONTEXT() REPRESENTATION_CONTEXT('2D SPACE',''
  ) );
#2947 = PCURVE('',#795,#2948);
#2948 = DEFINITIONAL_REPRESENTATION('',(#2949),#2952);
#2949 = B_SPLINE_CURVE_WITH_KNOTS('',1,(#2950,#2951),.UNSPECIFIED.,.F.,
  .F.,(2,2),(0.,1.570796326795),.PIECEWISE_BEZIER_KNOTS.);
#2950 = CARTESIAN_POINT('',(0.,22.488783386274));
#2951 = CARTESIAN_POINT('',(-1.570796326795,22.488783386274));
#2952 = ( GEOMETRIC_REPRESENTATION_CONTEXT(2) 
PARAMETRIC_REPRESENTATION_CONTEXT() REPRESENTATION_CONTEXT('2D SPACE',''
  ) );
#2953 = ORIENTED_EDGE('',*,*,#750,.T.);
#2954 = ORIENTED_EDGE('',*,*,#2858,.T.);
#2955 = ORIENTED_EDGE('',*,*,#2956,.F.);
#2956 = EDGE_CURVE('',#2933,#2859,#2957,.T.);
#2957 = SURFACE_CURVE('',#2958,(#2963,#2970),.PCURVE_S1.);
#2958 = CIRCLE('',#2959,0.757503509521);
#2959 = AXIS2_PLACEMENT_3D('',#2960,#2961,#2962);
#2960 = CARTESIAN_POINT('',(125.15816879272,373.48093655399,
    81.699999988079));
#2961 = DIRECTION('',(0.,0.,1.));
#2962 = DIRECTION('',(1.,0.,-0.));
#2963 = PCURVE('',#767,#2964);
#2964 = DEFINITIONAL_REPRESENTATION('',(#2965),#2969);
#2965 = LINE('',#2966,#2967);
#2966 = CARTESIAN_POINT('',(0.,3.14159265359));
#2967 = VECTOR('',#2968,1.);
#2968 = DIRECTION('',(1.,0.));
#2969 = ( GEOMETRIC_REPRESENTATION_CONTEXT(2) 
PARAMETRIC_REPRESENTATION_CONTEXT() REPRESENTATION_CONTEXT('2D SPACE',''
  ) );
#2970 = PCURVE('',#2971,#2976);
#2971 = CYLINDRICAL_SURFACE('',#2972,0.757503509521);
#2972 = AXIS2_PLACEMENT_3D('',#2973,#2974,#2975);
#2973 = CARTESIAN_POINT('',(125.15816879272,373.48093655399,82.));
#2974 = DIRECTION('',(0.,0.,1.));
#2975 = DIRECTION('',(1.,0.,-0.));
#2976 = DEFINITIONAL_REPRESENTATION('',(#2977),#2981);
#2977 = LINE('',#2978,#2979);
#2978 = CARTESIAN_POINT('',(0.,-0.300000011921));
#2979 = VECTOR('',#2980,1.);
#2980 = DIRECTION('',(1.,0.));
#2981 = ( GEOMETRIC_REPRESENTATION_CONTEXT(2) 
PARAMETRIC_REPRESENTATION_CONTEXT() REPRESENTATION_CONTEXT('2D SPACE',''
  ) );
#2982 = ADVANCED_FACE('',(#2983),#822,.T.);
#2983 = FACE_BOUND('',#2984,.T.);
#2984 = EDGE_LOOP('',(#2985,#2986,#2987,#3009));
#2985 = ORIENTED_EDGE('',*,*,#2908,.F.);
#2986 = ORIENTED_EDGE('',*,*,#807,.T.);
#2987 = ORIENTED_EDGE('',*,*,#2988,.T.);
#2988 = EDGE_CURVE('',#780,#2989,#2991,.T.);
#2989 = VERTEX_POINT('',#2990);
#2990 = CARTESIAN_POINT('',(125.91567230224,350.99215316772,
    81.699999988079));
#2991 = SURFACE_CURVE('',#2992,(#2997,#3003),.PCURVE_S1.);
#2992 = CIRCLE('',#2993,0.300000011921);
#2993 = AXIS2_PLACEMENT_3D('',#2994,#2995,#2996);
#2994 = CARTESIAN_POINT('',(126.21567231416,350.99215316772,
    81.699999988079));
#2995 = DIRECTION('',(-1.224646799147E-16,-1.,0.));
#2996 = DIRECTION('',(1.,-1.224646799147E-16,0.));
#2997 = PCURVE('',#822,#2998);
#2998 = DEFINITIONAL_REPRESENTATION('',(#2999),#3002);
#2999 = B_SPLINE_CURVE_WITH_KNOTS('',1,(#3000,#3001),.UNSPECIFIED.,.F.,
  .F.,(2,2),(1.570796326795,3.14159265359),.PIECEWISE_BEZIER_KNOTS.);
#3000 = CARTESIAN_POINT('',(3.14159265359,1.570796326795));
#3001 = CARTESIAN_POINT('',(3.14159265359,3.14159265359));
#3002 = ( GEOMETRIC_REPRESENTATION_CONTEXT(2) 
PARAMETRIC_REPRESENTATION_CONTEXT() REPRESENTATION_CONTEXT('2D SPACE',''
  ) );
#3003 = PCURVE('',#795,#3004);
#3004 = DEFINITIONAL_REPRESENTATION('',(#3005),#3008);
#3005 = B_SPLINE_CURVE_WITH_KNOTS('',1,(#3006,#3007),.UNSPECIFIED.,.F.,
  .F.,(2,2),(1.570796326795,3.14159265359),.PIECEWISE_BEZIER_KNOTS.);
#3006 = CARTESIAN_POINT('',(0.,0.));
#3007 = CARTESIAN_POINT('',(-1.570796326795,0.));
#3008 = ( GEOMETRIC_REPRESENTATION_CONTEXT(2) 
PARAMETRIC_REPRESENTATION_CONTEXT() REPRESENTATION_CONTEXT('2D SPACE',''
  ) );
#3009 = ORIENTED_EDGE('',*,*,#3010,.F.);
#3010 = EDGE_CURVE('',#2881,#2989,#3011,.T.);
#3011 = SURFACE_CURVE('',#3012,(#3017,#3024),.PCURVE_S1.);
#3012 = CIRCLE('',#3013,0.757503509521);
#3013 = AXIS2_PLACEMENT_3D('',#3014,#3015,#3016);
#3014 = CARTESIAN_POINT('',(125.15816879272,350.99215316772,
    81.699999988079));
#3015 = DIRECTION('',(0.,0.,1.));
#3016 = DIRECTION('',(-1.,0.,0.));
#3017 = PCURVE('',#822,#3018);
#3018 = DEFINITIONAL_REPRESENTATION('',(#3019),#3023);
#3019 = LINE('',#3020,#3021);
#3020 = CARTESIAN_POINT('',(0.,3.14159265359));
#3021 = VECTOR('',#3022,1.);
#3022 = DIRECTION('',(1.,0.));
#3023 = ( GEOMETRIC_REPRESENTATION_CONTEXT(2) 
PARAMETRIC_REPRESENTATION_CONTEXT() REPRESENTATION_CONTEXT('2D SPACE',''
  ) );
#3024 = PCURVE('',#3025,#3030);
#3025 = CYLINDRICAL_SURFACE('',#3026,0.757503509521);
#3026 = AXIS2_PLACEMENT_3D('',#3027,#3028,#3029);
#3027 = CARTESIAN_POINT('',(125.15816879272,350.99215316772,82.));
#3028 = DIRECTION('',(0.,0.,1.));
#3029 = DIRECTION('',(1.,0.,-0.));
#3030 = DEFINITIONAL_REPRESENTATION('',(#3031),#3035);
#3031 = LINE('',#3032,#3033);
#3032 = CARTESIAN_POINT('',(3.14159265359,-0.300000011921));
#3033 = VECTOR('',#3034,1.);
#3034 = DIRECTION('',(1.,0.));
#3035 = ( GEOMETRIC_REPRESENTATION_CONTEXT(2) 
PARAMETRIC_REPRESENTATION_CONTEXT() REPRESENTATION_CONTEXT('2D SPACE',''
  ) );
#3036 = ADVANCED_FACE('',(#3037),#795,.T.);
#3037 = FACE_BOUND('',#3038,.F.);
#3038 = EDGE_LOOP('',(#3039,#3040,#3066,#3067));
#3039 = ORIENTED_EDGE('',*,*,#2988,.T.);
#3040 = ORIENTED_EDGE('',*,*,#3041,.T.);
#3041 = EDGE_CURVE('',#2989,#2933,#3042,.T.);
#3042 = SURFACE_CURVE('',#3043,(#3047,#3054),.PCURVE_S1.);
#3043 = LINE('',#3044,#3045);
#3044 = CARTESIAN_POINT('',(125.91567230224,350.99215316772,
    81.699999988079));
#3045 = VECTOR('',#3046,1.);
#3046 = DIRECTION('',(0.,1.,0.));
#3047 = PCURVE('',#795,#3048);
#3048 = DEFINITIONAL_REPRESENTATION('',(#3049),#3053);
#3049 = LINE('',#3050,#3051);
#3050 = CARTESIAN_POINT('',(-1.570796326795,0.));
#3051 = VECTOR('',#3052,1.);
#3052 = DIRECTION('',(-0.,1.));
#3053 = ( GEOMETRIC_REPRESENTATION_CONTEXT(2) 
PARAMETRIC_REPRESENTATION_CONTEXT() REPRESENTATION_CONTEXT('2D SPACE',''
  ) );
#3054 = PCURVE('',#3055,#3060);
#3055 = PLANE('',#3056);
#3056 = AXIS2_PLACEMENT_3D('',#3057,#3058,#3059);
#3057 = CARTESIAN_POINT('',(125.91567230224,350.99215316772,82.));
#3058 = DIRECTION('',(1.,0.,0.));
#3059 = DIRECTION('',(-0.,1.,0.));
#3060 = DEFINITIONAL_REPRESENTATION('',(#3061),#3065);
#3061 = LINE('',#3062,#3063);
#3062 = CARTESIAN_POINT('',(0.,-0.300000011921));
#3063 = VECTOR('',#3064,1.);
#3064 = DIRECTION('',(1.,0.));
#3065 = ( GEOMETRIC_REPRESENTATION_CONTEXT(2) 
PARAMETRIC_REPRESENTATION_CONTEXT() REPRESENTATION_CONTEXT('2D SPACE',''
  ) );
#3066 = ORIENTED_EDGE('',*,*,#2932,.F.);
#3067 = ORIENTED_EDGE('',*,*,#779,.F.);
#3068 = ADVANCED_FACE('',(#3069),#854,.T.);
#3069 = FACE_BOUND('',#3070,.F.);
#3070 = EDGE_LOOP('',(#3071,#3093,#3121,#3141));
#3071 = ORIENTED_EDGE('',*,*,#3072,.T.);
#3072 = EDGE_CURVE('',#837,#3073,#3075,.T.);
#3073 = VERTEX_POINT('',#3074);
#3074 = CARTESIAN_POINT('',(129.95567321777,373.41781475834,
    81.699999988079));
#3075 = SURFACE_CURVE('',#3076,(#3081,#3087),.PCURVE_S1.);
#3076 = CIRCLE('',#3077,0.300000011921);
#3077 = AXIS2_PLACEMENT_3D('',#3078,#3079,#3080);
#3078 = CARTESIAN_POINT('',(129.65567320585,373.41781475834,
    81.699999988079));
#3079 = DIRECTION('',(-0.,1.,0.));
#3080 = DIRECTION('',(0.,0.,1.));
#3081 = PCURVE('',#854,#3082);
#3082 = DEFINITIONAL_REPRESENTATION('',(#3083),#3086);
#3083 = B_SPLINE_CURVE_WITH_KNOTS('',1,(#3084,#3085),.UNSPECIFIED.,.F.,
  .F.,(2,2),(0.,1.570796326795),.PIECEWISE_BEZIER_KNOTS.);
#3084 = CARTESIAN_POINT('',(0.,0.));
#3085 = CARTESIAN_POINT('',(-1.570796326795,0.));
#3086 = ( GEOMETRIC_REPRESENTATION_CONTEXT(2) 
PARAMETRIC_REPRESENTATION_CONTEXT() REPRESENTATION_CONTEXT('2D SPACE',''
  ) );
#3087 = PCURVE('',#883,#3088);
#3088 = DEFINITIONAL_REPRESENTATION('',(#3089),#3092);
#3089 = B_SPLINE_CURVE_WITH_KNOTS('',1,(#3090,#3091),.UNSPECIFIED.,.F.,
  .F.,(2,2),(0.,1.570796326795),.PIECEWISE_BEZIER_KNOTS.);
#3090 = CARTESIAN_POINT('',(3.14159265359,1.570796326795));
#3091 = CARTESIAN_POINT('',(3.14159265359,3.14159265359));
#3092 = ( GEOMETRIC_REPRESENTATION_CONTEXT(2) 
PARAMETRIC_REPRESENTATION_CONTEXT() REPRESENTATION_CONTEXT('2D SPACE',''
  ) );
#3093 = ORIENTED_EDGE('',*,*,#3094,.T.);
#3094 = EDGE_CURVE('',#3073,#3095,#3097,.T.);
#3095 = VERTEX_POINT('',#3096);
#3096 = CARTESIAN_POINT('',(129.95567321777,351.05527496337,
    81.699999988079));
#3097 = SURFACE_CURVE('',#3098,(#3102,#3109),.PCURVE_S1.);
#3098 = LINE('',#3099,#3100);
#3099 = CARTESIAN_POINT('',(129.95567321777,373.41781475834,
    81.699999988079));
#3100 = VECTOR('',#3101,1.);
#3101 = DIRECTION('',(0.,-1.,0.));
#3102 = PCURVE('',#854,#3103);
#3103 = DEFINITIONAL_REPRESENTATION('',(#3104),#3108);
#3104 = LINE('',#3105,#3106);
#3105 = CARTESIAN_POINT('',(-1.570796326795,0.));
#3106 = VECTOR('',#3107,1.);
#3107 = DIRECTION('',(-0.,1.));
#3108 = ( GEOMETRIC_REPRESENTATION_CONTEXT(2) 
PARAMETRIC_REPRESENTATION_CONTEXT() REPRESENTATION_CONTEXT('2D SPACE',''
  ) );
#3109 = PCURVE('',#3110,#3115);
#3110 = PLANE('',#3111);
#3111 = AXIS2_PLACEMENT_3D('',#3112,#3113,#3114);
#3112 = CARTESIAN_POINT('',(129.95567321777,373.41781475834,82.));
#3113 = DIRECTION('',(-1.,0.,0.));
#3114 = DIRECTION('',(0.,-1.,0.));
#3115 = DEFINITIONAL_REPRESENTATION('',(#3116),#3120);
#3116 = LINE('',#3117,#3118);
#3117 = CARTESIAN_POINT('',(0.,-0.300000011921));
#3118 = VECTOR('',#3119,1.);
#3119 = DIRECTION('',(1.,0.));
#3120 = ( GEOMETRIC_REPRESENTATION_CONTEXT(2) 
PARAMETRIC_REPRESENTATION_CONTEXT() REPRESENTATION_CONTEXT('2D SPACE',''
  ) );
#3121 = ORIENTED_EDGE('',*,*,#3122,.F.);
#3122 = EDGE_CURVE('',#839,#3095,#3123,.T.);
#3123 = SURFACE_CURVE('',#3124,(#3129,#3135),.PCURVE_S1.);
#3124 = CIRCLE('',#3125,0.300000011921);
#3125 = AXIS2_PLACEMENT_3D('',#3126,#3127,#3128);
#3126 = CARTESIAN_POINT('',(129.65567320585,351.05527496337,
    81.699999988079));
#3127 = DIRECTION('',(-0.,1.,0.));
#3128 = DIRECTION('',(0.,0.,1.));
#3129 = PCURVE('',#854,#3130);
#3130 = DEFINITIONAL_REPRESENTATION('',(#3131),#3134);
#3131 = B_SPLINE_CURVE_WITH_KNOTS('',1,(#3132,#3133),.UNSPECIFIED.,.F.,
  .F.,(2,2),(0.,1.570796326795),.PIECEWISE_BEZIER_KNOTS.);
#3132 = CARTESIAN_POINT('',(0.,22.362539794966));
#3133 = CARTESIAN_POINT('',(-1.570796326795,22.362539794966));
#3134 = ( GEOMETRIC_REPRESENTATION_CONTEXT(2) 
PARAMETRIC_REPRESENTATION_CONTEXT() REPRESENTATION_CONTEXT('2D SPACE',''
  ) );
#3135 = PCURVE('',#938,#3136);
#3136 = DEFINITIONAL_REPRESENTATION('',(#3137),#3140);
#3137 = B_SPLINE_CURVE_WITH_KNOTS('',1,(#3138,#3139),.UNSPECIFIED.,.F.,
  .F.,(2,2),(0.,1.570796326795),.PIECEWISE_BEZIER_KNOTS.);
#3138 = CARTESIAN_POINT('',(0.,1.570796326795));
#3139 = CARTESIAN_POINT('',(0.,3.14159265359));
#3140 = ( GEOMETRIC_REPRESENTATION_CONTEXT(2) 
PARAMETRIC_REPRESENTATION_CONTEXT() REPRESENTATION_CONTEXT('2D SPACE',''
  ) );
#3141 = ORIENTED_EDGE('',*,*,#836,.F.);
#3142 = ADVANCED_FACE('',(#3143),#883,.T.);
#3143 = FACE_BOUND('',#3144,.T.);
#3144 = EDGE_LOOP('',(#3145,#3167,#3168,#3169));
#3145 = ORIENTED_EDGE('',*,*,#3146,.F.);
#3146 = EDGE_CURVE('',#867,#3147,#3149,.T.);
#3147 = VERTEX_POINT('',#3148);
#3148 = CARTESIAN_POINT('',(131.59692382812,373.41781475834,
    81.699999988079));
#3149 = SURFACE_CURVE('',#3150,(#3155,#3161),.PCURVE_S1.);
#3150 = CIRCLE('',#3151,0.300000011921);
#3151 = AXIS2_PLACEMENT_3D('',#3152,#3153,#3154);
#3152 = CARTESIAN_POINT('',(131.89692384004,373.41781475834,
    81.699999988079));
#3153 = DIRECTION('',(-0.,-1.,0.));
#3154 = DIRECTION('',(0.,-0.,1.));
#3155 = PCURVE('',#883,#3156);
#3156 = DEFINITIONAL_REPRESENTATION('',(#3157),#3160);
#3157 = B_SPLINE_CURVE_WITH_KNOTS('',1,(#3158,#3159),.UNSPECIFIED.,.F.,
  .F.,(2,2),(0.,1.570796326795),.PIECEWISE_BEZIER_KNOTS.);
#3158 = CARTESIAN_POINT('',(0.,1.570796326795));
#3159 = CARTESIAN_POINT('',(0.,3.14159265359));
#3160 = ( GEOMETRIC_REPRESENTATION_CONTEXT(2) 
PARAMETRIC_REPRESENTATION_CONTEXT() REPRESENTATION_CONTEXT('2D SPACE',''
  ) );
#3161 = PCURVE('',#911,#3162);
#3162 = DEFINITIONAL_REPRESENTATION('',(#3163),#3166);
#3163 = B_SPLINE_CURVE_WITH_KNOTS('',1,(#3164,#3165),.UNSPECIFIED.,.F.,
  .F.,(2,2),(0.,1.570796326795),.PIECEWISE_BEZIER_KNOTS.);
#3164 = CARTESIAN_POINT('',(0.,22.362539794966));
#3165 = CARTESIAN_POINT('',(-1.570796326795,22.362539794966));
#3166 = ( GEOMETRIC_REPRESENTATION_CONTEXT(2) 
PARAMETRIC_REPRESENTATION_CONTEXT() REPRESENTATION_CONTEXT('2D SPACE',''
  ) );
#3167 = ORIENTED_EDGE('',*,*,#866,.T.);
#3168 = ORIENTED_EDGE('',*,*,#3072,.T.);
#3169 = ORIENTED_EDGE('',*,*,#3170,.F.);
#3170 = EDGE_CURVE('',#3147,#3073,#3171,.T.);
#3171 = SURFACE_CURVE('',#3172,(#3177,#3184),.PCURVE_S1.);
#3172 = CIRCLE('',#3173,0.820625305176);
#3173 = AXIS2_PLACEMENT_3D('',#3174,#3175,#3176);
#3174 = CARTESIAN_POINT('',(130.77629852294,373.41781475834,
    81.699999988079));
#3175 = DIRECTION('',(0.,0.,1.));
#3176 = DIRECTION('',(1.,0.,-0.));
#3177 = PCURVE('',#883,#3178);
#3178 = DEFINITIONAL_REPRESENTATION('',(#3179),#3183);
#3179 = LINE('',#3180,#3181);
#3180 = CARTESIAN_POINT('',(0.,3.14159265359));
#3181 = VECTOR('',#3182,1.);
#3182 = DIRECTION('',(1.,0.));
#3183 = ( GEOMETRIC_REPRESENTATION_CONTEXT(2) 
PARAMETRIC_REPRESENTATION_CONTEXT() REPRESENTATION_CONTEXT('2D SPACE',''
  ) );
#3184 = PCURVE('',#3185,#3190);
#3185 = CYLINDRICAL_SURFACE('',#3186,0.820625305176);
#3186 = AXIS2_PLACEMENT_3D('',#3187,#3188,#3189);
#3187 = CARTESIAN_POINT('',(130.77629852294,373.41781475834,82.));
#3188 = DIRECTION('',(0.,0.,1.));
#3189 = DIRECTION('',(1.,0.,-0.));
#3190 = DEFINITIONAL_REPRESENTATION('',(#3191),#3195);
#3191 = LINE('',#3192,#3193);
#3192 = CARTESIAN_POINT('',(0.,-0.300000011921));
#3193 = VECTOR('',#3194,1.);
#3194 = DIRECTION('',(1.,0.));
#3195 = ( GEOMETRIC_REPRESENTATION_CONTEXT(2) 
PARAMETRIC_REPRESENTATION_CONTEXT() REPRESENTATION_CONTEXT('2D SPACE',''
  ) );
#3196 = ADVANCED_FACE('',(#3197),#938,.T.);
#3197 = FACE_BOUND('',#3198,.T.);
#3198 = EDGE_LOOP('',(#3199,#3200,#3201,#3223));
#3199 = ORIENTED_EDGE('',*,*,#3122,.F.);
#3200 = ORIENTED_EDGE('',*,*,#923,.T.);
#3201 = ORIENTED_EDGE('',*,*,#3202,.T.);
#3202 = EDGE_CURVE('',#896,#3203,#3205,.T.);
#3203 = VERTEX_POINT('',#3204);
#3204 = CARTESIAN_POINT('',(131.59692382812,351.05527496337,
    81.699999988079));
#3205 = SURFACE_CURVE('',#3206,(#3211,#3217),.PCURVE_S1.);
#3206 = CIRCLE('',#3207,0.300000011921);
#3207 = AXIS2_PLACEMENT_3D('',#3208,#3209,#3210);
#3208 = CARTESIAN_POINT('',(131.89692384004,351.05527496337,
    81.699999988079));
#3209 = DIRECTION('',(-1.224646799147E-16,-1.,0.));
#3210 = DIRECTION('',(1.,-1.224646799147E-16,0.));
#3211 = PCURVE('',#938,#3212);
#3212 = DEFINITIONAL_REPRESENTATION('',(#3213),#3216);
#3213 = B_SPLINE_CURVE_WITH_KNOTS('',1,(#3214,#3215),.UNSPECIFIED.,.F.,
  .F.,(2,2),(1.570796326795,3.14159265359),.PIECEWISE_BEZIER_KNOTS.);
#3214 = CARTESIAN_POINT('',(3.14159265359,1.570796326795));
#3215 = CARTESIAN_POINT('',(3.14159265359,3.14159265359));
#3216 = ( GEOMETRIC_REPRESENTATION_CONTEXT(2) 
PARAMETRIC_REPRESENTATION_CONTEXT() REPRESENTATION_CONTEXT('2D SPACE',''
  ) );
#3217 = PCURVE('',#911,#3218);
#3218 = DEFINITIONAL_REPRESENTATION('',(#3219),#3222);
#3219 = B_SPLINE_CURVE_WITH_KNOTS('',1,(#3220,#3221),.UNSPECIFIED.,.F.,
  .F.,(2,2),(1.570796326795,3.14159265359),.PIECEWISE_BEZIER_KNOTS.);
#3220 = CARTESIAN_POINT('',(0.,0.));
#3221 = CARTESIAN_POINT('',(-1.570796326795,0.));
#3222 = ( GEOMETRIC_REPRESENTATION_CONTEXT(2) 
PARAMETRIC_REPRESENTATION_CONTEXT() REPRESENTATION_CONTEXT('2D SPACE',''
  ) );
#3223 = ORIENTED_EDGE('',*,*,#3224,.F.);
#3224 = EDGE_CURVE('',#3095,#3203,#3225,.T.);
#3225 = SURFACE_CURVE('',#3226,(#3231,#3238),.PCURVE_S1.);
#3226 = CIRCLE('',#3227,0.820625305176);
#3227 = AXIS2_PLACEMENT_3D('',#3228,#3229,#3230);
#3228 = CARTESIAN_POINT('',(130.77629852294,351.05527496337,
    81.699999988079));
#3229 = DIRECTION('',(0.,0.,1.));
#3230 = DIRECTION('',(-1.,0.,0.));
#3231 = PCURVE('',#938,#3232);
#3232 = DEFINITIONAL_REPRESENTATION('',(#3233),#3237);
#3233 = LINE('',#3234,#3235);
#3234 = CARTESIAN_POINT('',(0.,3.14159265359));
#3235 = VECTOR('',#3236,1.);
#3236 = DIRECTION('',(1.,0.));
#3237 = ( GEOMETRIC_REPRESENTATION_CONTEXT(2) 
PARAMETRIC_REPRESENTATION_CONTEXT() REPRESENTATION_CONTEXT('2D SPACE',''
  ) );
#3238 = PCURVE('',#3239,#3244);
#3239 = CYLINDRICAL_SURFACE('',#3240,0.820625305176);
#3240 = AXIS2_PLACEMENT_3D('',#3241,#3242,#3243);
#3241 = CARTESIAN_POINT('',(130.77629852294,351.05527496337,82.));
#3242 = DIRECTION('',(0.,0.,1.));
#3243 = DIRECTION('',(1.,0.,-0.));
#3244 = DEFINITIONAL_REPRESENTATION('',(#3245),#3249);
#3245 = LINE('',#3246,#3247);
#3246 = CARTESIAN_POINT('',(3.14159265359,-0.300000011921));
#3247 = VECTOR('',#3248,1.);
#3248 = DIRECTION('',(1.,0.));
#3249 = ( GEOMETRIC_REPRESENTATION_CONTEXT(2) 
PARAMETRIC_REPRESENTATION_CONTEXT() REPRESENTATION_CONTEXT('2D SPACE',''
  ) );
#3250 = ADVANCED_FACE('',(#3251),#911,.T.);
#3251 = FACE_BOUND('',#3252,.F.);
#3252 = EDGE_LOOP('',(#3253,#3254,#3280,#3281));
#3253 = ORIENTED_EDGE('',*,*,#3202,.T.);
#3254 = ORIENTED_EDGE('',*,*,#3255,.T.);
#3255 = EDGE_CURVE('',#3203,#3147,#3256,.T.);
#3256 = SURFACE_CURVE('',#3257,(#3261,#3268),.PCURVE_S1.);
#3257 = LINE('',#3258,#3259);
#3258 = CARTESIAN_POINT('',(131.59692382812,351.05527496337,
    81.699999988079));
#3259 = VECTOR('',#3260,1.);
#3260 = DIRECTION('',(0.,1.,0.));
#3261 = PCURVE('',#911,#3262);
#3262 = DEFINITIONAL_REPRESENTATION('',(#3263),#3267);
#3263 = LINE('',#3264,#3265);
#3264 = CARTESIAN_POINT('',(-1.570796326795,0.));
#3265 = VECTOR('',#3266,1.);
#3266 = DIRECTION('',(-0.,1.));
#3267 = ( GEOMETRIC_REPRESENTATION_CONTEXT(2) 
PARAMETRIC_REPRESENTATION_CONTEXT() REPRESENTATION_CONTEXT('2D SPACE',''
  ) );
#3268 = PCURVE('',#3269,#3274);
#3269 = PLANE('',#3270);
#3270 = AXIS2_PLACEMENT_3D('',#3271,#3272,#3273);
#3271 = CARTESIAN_POINT('',(131.59692382812,351.05527496337,82.));
#3272 = DIRECTION('',(1.,0.,0.));
#3273 = DIRECTION('',(-0.,1.,0.));
#3274 = DEFINITIONAL_REPRESENTATION('',(#3275),#3279);
#3275 = LINE('',#3276,#3277);
#3276 = CARTESIAN_POINT('',(0.,-0.300000011921));
#3277 = VECTOR('',#3278,1.);
#3278 = DIRECTION('',(1.,0.));
#3279 = ( GEOMETRIC_REPRESENTATION_CONTEXT(2) 
PARAMETRIC_REPRESENTATION_CONTEXT() REPRESENTATION_CONTEXT('2D SPACE',''
  ) );
#3280 = ORIENTED_EDGE('',*,*,#3146,.F.);
#3281 = ORIENTED_EDGE('',*,*,#895,.F.);
#3282 = ADVANCED_FACE('',(#3283),#970,.T.);
#3283 = FACE_BOUND('',#3284,.F.);
#3284 = EDGE_LOOP('',(#3285,#3307,#3335,#3355));
#3285 = ORIENTED_EDGE('',*,*,#3286,.T.);
#3286 = EDGE_CURVE('',#953,#3287,#3289,.T.);
#3287 = VERTEX_POINT('',#3288);
#3288 = CARTESIAN_POINT('',(136.14192199707,373.3582270575,
    81.699999988079));
#3289 = SURFACE_CURVE('',#3290,(#3295,#3301),.PCURVE_S1.);
#3290 = CIRCLE('',#3291,0.300000011921);
#3291 = AXIS2_PLACEMENT_3D('',#3292,#3293,#3294);
#3292 = CARTESIAN_POINT('',(135.84192198514,373.3582270575,
    81.699999988079));
#3293 = DIRECTION('',(-0.,1.,0.));
#3294 = DIRECTION('',(0.,0.,1.));
#3295 = PCURVE('',#970,#3296);
#3296 = DEFINITIONAL_REPRESENTATION('',(#3297),#3300);
#3297 = B_SPLINE_CURVE_WITH_KNOTS('',1,(#3298,#3299),.UNSPECIFIED.,.F.,
  .F.,(2,2),(0.,1.570796326795),.PIECEWISE_BEZIER_KNOTS.);
#3298 = CARTESIAN_POINT('',(0.,0.));
#3299 = CARTESIAN_POINT('',(-1.570796326795,0.));
#3300 = ( GEOMETRIC_REPRESENTATION_CONTEXT(2) 
PARAMETRIC_REPRESENTATION_CONTEXT() REPRESENTATION_CONTEXT('2D SPACE',''
  ) );
#3301 = PCURVE('',#999,#3302);
#3302 = DEFINITIONAL_REPRESENTATION('',(#3303),#3306);
#3303 = B_SPLINE_CURVE_WITH_KNOTS('',1,(#3304,#3305),.UNSPECIFIED.,.F.,
  .F.,(2,2),(0.,1.570796326795),.PIECEWISE_BEZIER_KNOTS.);
#3304 = CARTESIAN_POINT('',(3.14159265359,1.570796326795));
#3305 = CARTESIAN_POINT('',(3.14159265359,3.14159265359));
#3306 = ( GEOMETRIC_REPRESENTATION_CONTEXT(2) 
PARAMETRIC_REPRESENTATION_CONTEXT() REPRESENTATION_CONTEXT('2D SPACE',''
  ) );
#3307 = ORIENTED_EDGE('',*,*,#3308,.T.);
#3308 = EDGE_CURVE('',#3287,#3309,#3311,.T.);
#3309 = VERTEX_POINT('',#3310);
#3310 = CARTESIAN_POINT('',(136.14192199707,351.23734283447,
    81.699999988079));
#3311 = SURFACE_CURVE('',#3312,(#3316,#3323),.PCURVE_S1.);
#3312 = LINE('',#3313,#3314);
#3313 = CARTESIAN_POINT('',(136.14192199707,373.3582270575,
    81.699999988079));
#3314 = VECTOR('',#3315,1.);
#3315 = DIRECTION('',(0.,-1.,0.));
#3316 = PCURVE('',#970,#3317);
#3317 = DEFINITIONAL_REPRESENTATION('',(#3318),#3322);
#3318 = LINE('',#3319,#3320);
#3319 = CARTESIAN_POINT('',(-1.570796326795,0.));
#3320 = VECTOR('',#3321,1.);
#3321 = DIRECTION('',(-0.,1.));
#3322 = ( GEOMETRIC_REPRESENTATION_CONTEXT(2) 
PARAMETRIC_REPRESENTATION_CONTEXT() REPRESENTATION_CONTEXT('2D SPACE',''
  ) );
#3323 = PCURVE('',#3324,#3329);
#3324 = PLANE('',#3325);
#3325 = AXIS2_PLACEMENT_3D('',#3326,#3327,#3328);
#3326 = CARTESIAN_POINT('',(136.14192199707,373.3582270575,82.));
#3327 = DIRECTION('',(-1.,0.,0.));
#3328 = DIRECTION('',(0.,-1.,0.));
#3329 = DEFINITIONAL_REPRESENTATION('',(#3330),#3334);
#3330 = LINE('',#3331,#3332);
#3331 = CARTESIAN_POINT('',(0.,-0.300000011921));
#3332 = VECTOR('',#3333,1.);
#3333 = DIRECTION('',(1.,0.));
#3334 = ( GEOMETRIC_REPRESENTATION_CONTEXT(2) 
PARAMETRIC_REPRESENTATION_CONTEXT() REPRESENTATION_CONTEXT('2D SPACE',''
  ) );
#3335 = ORIENTED_EDGE('',*,*,#3336,.F.);
#3336 = EDGE_CURVE('',#955,#3309,#3337,.T.);
#3337 = SURFACE_CURVE('',#3338,(#3343,#3349),.PCURVE_S1.);
#3338 = CIRCLE('',#3339,0.300000011921);
#3339 = AXIS2_PLACEMENT_3D('',#3340,#3341,#3342);
#3340 = CARTESIAN_POINT('',(135.84192198514,351.23734283447,
    81.699999988079));
#3341 = DIRECTION('',(-0.,1.,0.));
#3342 = DIRECTION('',(0.,0.,1.));
#3343 = PCURVE('',#970,#3344);
#3344 = DEFINITIONAL_REPRESENTATION('',(#3345),#3348);
#3345 = B_SPLINE_CURVE_WITH_KNOTS('',1,(#3346,#3347),.UNSPECIFIED.,.F.,
  .F.,(2,2),(0.,1.570796326795),.PIECEWISE_BEZIER_KNOTS.);
#3346 = CARTESIAN_POINT('',(0.,22.120884223036));
#3347 = CARTESIAN_POINT('',(-1.570796326795,22.120884223036));
#3348 = ( GEOMETRIC_REPRESENTATION_CONTEXT(2) 
PARAMETRIC_REPRESENTATION_CONTEXT() REPRESENTATION_CONTEXT('2D SPACE',''
  ) );
#3349 = PCURVE('',#1054,#3350);
#3350 = DEFINITIONAL_REPRESENTATION('',(#3351),#3354);
#3351 = B_SPLINE_CURVE_WITH_KNOTS('',1,(#3352,#3353),.UNSPECIFIED.,.F.,
  .F.,(2,2),(0.,1.570796326795),.PIECEWISE_BEZIER_KNOTS.);
#3352 = CARTESIAN_POINT('',(0.,1.570796326795));
#3353 = CARTESIAN_POINT('',(0.,3.14159265359));
#3354 = ( GEOMETRIC_REPRESENTATION_CONTEXT(2) 
PARAMETRIC_REPRESENTATION_CONTEXT() REPRESENTATION_CONTEXT('2D SPACE',''
  ) );
#3355 = ORIENTED_EDGE('',*,*,#952,.F.);
#3356 = ADVANCED_FACE('',(#3357),#999,.T.);
#3357 = FACE_BOUND('',#3358,.T.);
#3358 = EDGE_LOOP('',(#3359,#3381,#3382,#3383));
#3359 = ORIENTED_EDGE('',*,*,#3360,.F.);
#3360 = EDGE_CURVE('',#983,#3361,#3363,.T.);
#3361 = VERTEX_POINT('',#3362);
#3362 = CARTESIAN_POINT('',(137.78317260742,373.3582270575,
    81.699999988079));
#3363 = SURFACE_CURVE('',#3364,(#3369,#3375),.PCURVE_S1.);
#3364 = CIRCLE('',#3365,0.300000011921);
#3365 = AXIS2_PLACEMENT_3D('',#3366,#3367,#3368);
#3366 = CARTESIAN_POINT('',(138.08317261934,373.3582270575,
    81.699999988079));
#3367 = DIRECTION('',(-0.,-1.,0.));
#3368 = DIRECTION('',(0.,-0.,1.));
#3369 = PCURVE('',#999,#3370);
#3370 = DEFINITIONAL_REPRESENTATION('',(#3371),#3374);
#3371 = B_SPLINE_CURVE_WITH_KNOTS('',1,(#3372,#3373),.UNSPECIFIED.,.F.,
  .F.,(2,2),(0.,1.570796326795),.PIECEWISE_BEZIER_KNOTS.);
#3372 = CARTESIAN_POINT('',(0.,1.570796326795));
#3373 = CARTESIAN_POINT('',(0.,3.14159265359));
#3374 = ( GEOMETRIC_REPRESENTATION_CONTEXT(2) 
PARAMETRIC_REPRESENTATION_CONTEXT() REPRESENTATION_CONTEXT('2D SPACE',''
  ) );
#3375 = PCURVE('',#1027,#3376);
#3376 = DEFINITIONAL_REPRESENTATION('',(#3377),#3380);
#3377 = B_SPLINE_CURVE_WITH_KNOTS('',1,(#3378,#3379),.UNSPECIFIED.,.F.,
  .F.,(2,2),(0.,1.570796326795),.PIECEWISE_BEZIER_KNOTS.);
#3378 = CARTESIAN_POINT('',(0.,22.120884223036));
#3379 = CARTESIAN_POINT('',(-1.570796326795,22.120884223036));
#3380 = ( GEOMETRIC_REPRESENTATION_CONTEXT(2) 
PARAMETRIC_REPRESENTATION_CONTEXT() REPRESENTATION_CONTEXT('2D SPACE',''
  ) );
#3381 = ORIENTED_EDGE('',*,*,#982,.T.);
#3382 = ORIENTED_EDGE('',*,*,#3286,.T.);
#3383 = ORIENTED_EDGE('',*,*,#3384,.F.);
#3384 = EDGE_CURVE('',#3361,#3287,#3385,.T.);
#3385 = SURFACE_CURVE('',#3386,(#3391,#3398),.PCURVE_S1.);
#3386 = CIRCLE('',#3387,0.820625305176);
#3387 = AXIS2_PLACEMENT_3D('',#3388,#3389,#3390);
#3388 = CARTESIAN_POINT('',(136.96254730224,373.3582270575,
    81.699999988079));
#3389 = DIRECTION('',(0.,0.,1.));
#3390 = DIRECTION('',(1.,0.,-0.));
#3391 = PCURVE('',#999,#3392);
#3392 = DEFINITIONAL_REPRESENTATION('',(#3393),#3397);
#3393 = LINE('',#3394,#3395);
#3394 = CARTESIAN_POINT('',(0.,3.14159265359));
#3395 = VECTOR('',#3396,1.);
#3396 = DIRECTION('',(1.,0.));
#3397 = ( GEOMETRIC_REPRESENTATION_CONTEXT(2) 
PARAMETRIC_REPRESENTATION_CONTEXT() REPRESENTATION_CONTEXT('2D SPACE',''
  ) );
#3398 = PCURVE('',#3399,#3404);
#3399 = CYLINDRICAL_SURFACE('',#3400,0.820625305176);
#3400 = AXIS2_PLACEMENT_3D('',#3401,#3402,#3403);
#3401 = CARTESIAN_POINT('',(136.96254730224,373.3582270575,82.));
#3402 = DIRECTION('',(0.,0.,1.));
#3403 = DIRECTION('',(1.,0.,-0.));
#3404 = DEFINITIONAL_REPRESENTATION('',(#3405),#3409);
#3405 = LINE('',#3406,#3407);
#3406 = CARTESIAN_POINT('',(0.,-0.300000011921));
#3407 = VECTOR('',#3408,1.);
#3408 = DIRECTION('',(1.,0.));
#3409 = ( GEOMETRIC_REPRESENTATION_CONTEXT(2) 
PARAMETRIC_REPRESENTATION_CONTEXT() REPRESENTATION_CONTEXT('2D SPACE',''
  ) );
#3410 = ADVANCED_FACE('',(#3411),#1054,.T.);
#3411 = FACE_BOUND('',#3412,.T.);
#3412 = EDGE_LOOP('',(#3413,#3414,#3415,#3437));
#3413 = ORIENTED_EDGE('',*,*,#3336,.F.);
#3414 = ORIENTED_EDGE('',*,*,#1039,.T.);
#3415 = ORIENTED_EDGE('',*,*,#3416,.T.);
#3416 = EDGE_CURVE('',#1012,#3417,#3419,.T.);
#3417 = VERTEX_POINT('',#3418);
#3418 = CARTESIAN_POINT('',(137.78317260742,351.23734283447,
    81.699999988079));
#3419 = SURFACE_CURVE('',#3420,(#3425,#3431),.PCURVE_S1.);
#3420 = CIRCLE('',#3421,0.300000011921);
#3421 = AXIS2_PLACEMENT_3D('',#3422,#3423,#3424);
#3422 = CARTESIAN_POINT('',(138.08317261934,351.23734283447,
    81.699999988079));
#3423 = DIRECTION('',(-1.224646799147E-16,-1.,0.));
#3424 = DIRECTION('',(1.,-1.224646799147E-16,0.));
#3425 = PCURVE('',#1054,#3426);
#3426 = DEFINITIONAL_REPRESENTATION('',(#3427),#3430);
#3427 = B_SPLINE_CURVE_WITH_KNOTS('',1,(#3428,#3429),.UNSPECIFIED.,.F.,
  .F.,(2,2),(1.570796326795,3.14159265359),.PIECEWISE_BEZIER_KNOTS.);
#3428 = CARTESIAN_POINT('',(3.14159265359,1.570796326795));
#3429 = CARTESIAN_POINT('',(3.14159265359,3.14159265359));
#3430 = ( GEOMETRIC_REPRESENTATION_CONTEXT(2) 
PARAMETRIC_REPRESENTATION_CONTEXT() REPRESENTATION_CONTEXT('2D SPACE',''
  ) );
#3431 = PCURVE('',#1027,#3432);
#3432 = DEFINITIONAL_REPRESENTATION('',(#3433),#3436);
#3433 = B_SPLINE_CURVE_WITH_KNOTS('',1,(#3434,#3435),.UNSPECIFIED.,.F.,
  .F.,(2,2),(1.570796326795,3.14159265359),.PIECEWISE_BEZIER_KNOTS.);
#3434 = CARTESIAN_POINT('',(0.,0.));
#3435 = CARTESIAN_POINT('',(-1.570796326795,0.));
#3436 = ( GEOMETRIC_REPRESENTATION_CONTEXT(2) 
PARAMETRIC_REPRESENTATION_CONTEXT() REPRESENTATION_CONTEXT('2D SPACE',''
  ) );
#3437 = ORIENTED_EDGE('',*,*,#3438,.F.);
#3438 = EDGE_CURVE('',#3309,#3417,#3439,.T.);
#3439 = SURFACE_CURVE('',#3440,(#3445,#3452),.PCURVE_S1.);
#3440 = CIRCLE('',#3441,0.820625305176);
#3441 = AXIS2_PLACEMENT_3D('',#3442,#3443,#3444);
#3442 = CARTESIAN_POINT('',(136.96254730224,351.23734283447,
    81.699999988079));
#3443 = DIRECTION('',(0.,0.,1.));
#3444 = DIRECTION('',(-1.,0.,0.));
#3445 = PCURVE('',#1054,#3446);
#3446 = DEFINITIONAL_REPRESENTATION('',(#3447),#3451);
#3447 = LINE('',#3448,#3449);
#3448 = CARTESIAN_POINT('',(0.,3.14159265359));
#3449 = VECTOR('',#3450,1.);
#3450 = DIRECTION('',(1.,0.));
#3451 = ( GEOMETRIC_REPRESENTATION_CONTEXT(2) 
PARAMETRIC_REPRESENTATION_CONTEXT() REPRESENTATION_CONTEXT('2D SPACE',''
  ) );
#3452 = PCURVE('',#3453,#3458);
#3453 = CYLINDRICAL_SURFACE('',#3454,0.820625305176);
#3454 = AXIS2_PLACEMENT_3D('',#3455,#3456,#3457);
#3455 = CARTESIAN_POINT('',(136.96254730224,351.23734283447,82.));
#3456 = DIRECTION('',(0.,0.,1.));
#3457 = DIRECTION('',(1.,0.,-0.));
#3458 = DEFINITIONAL_REPRESENTATION('',(#3459),#3463);
#3459 = LINE('',#3460,#3461);
#3460 = CARTESIAN_POINT('',(3.14159265359,-0.300000011921));
#3461 = VECTOR('',#3462,1.);
#3462 = DIRECTION('',(1.,0.));
#3463 = ( GEOMETRIC_REPRESENTATION_CONTEXT(2) 
PARAMETRIC_REPRESENTATION_CONTEXT() REPRESENTATION_CONTEXT('2D SPACE',''
  ) );
#3464 = ADVANCED_FACE('',(#3465),#1027,.T.);
#3465 = FACE_BOUND('',#3466,.F.);
#3466 = EDGE_LOOP('',(#3467,#3468,#3494,#3495));
#3467 = ORIENTED_EDGE('',*,*,#3416,.T.);
#3468 = ORIENTED_EDGE('',*,*,#3469,.T.);
#3469 = EDGE_CURVE('',#3417,#3361,#3470,.T.);
#3470 = SURFACE_CURVE('',#3471,(#3475,#3482),.PCURVE_S1.);
#3471 = LINE('',#3472,#3473);
#3472 = CARTESIAN_POINT('',(137.78317260742,351.23734283447,
    81.699999988079));
#3473 = VECTOR('',#3474,1.);
#3474 = DIRECTION('',(0.,1.,0.));
#3475 = PCURVE('',#1027,#3476);
#3476 = DEFINITIONAL_REPRESENTATION('',(#3477),#3481);
#3477 = LINE('',#3478,#3479);
#3478 = CARTESIAN_POINT('',(-1.570796326795,0.));
#3479 = VECTOR('',#3480,1.);
#3480 = DIRECTION('',(-0.,1.));
#3481 = ( GEOMETRIC_REPRESENTATION_CONTEXT(2) 
PARAMETRIC_REPRESENTATION_CONTEXT() REPRESENTATION_CONTEXT('2D SPACE',''
  ) );
#3482 = PCURVE('',#3483,#3488);
#3483 = PLANE('',#3484);
#3484 = AXIS2_PLACEMENT_3D('',#3485,#3486,#3487);
#3485 = CARTESIAN_POINT('',(137.78317260742,351.23734283447,82.));
#3486 = DIRECTION('',(1.,0.,0.));
#3487 = DIRECTION('',(-0.,1.,0.));
#3488 = DEFINITIONAL_REPRESENTATION('',(#3489),#3493);
#3489 = LINE('',#3490,#3491);
#3490 = CARTESIAN_POINT('',(0.,-0.300000011921));
#3491 = VECTOR('',#3492,1.);
#3492 = DIRECTION('',(1.,0.));
#3493 = ( GEOMETRIC_REPRESENTATION_CONTEXT(2) 
PARAMETRIC_REPRESENTATION_CONTEXT() REPRESENTATION_CONTEXT('2D SPACE',''
  ) );
#3494 = ORIENTED_EDGE('',*,*,#3360,.F.);
#3495 = ORIENTED_EDGE('',*,*,#1011,.F.);
#3496 = ADVANCED_FACE('',(#3497),#1086,.T.);
#3497 = FACE_BOUND('',#3498,.F.);
#3498 = EDGE_LOOP('',(#3499,#3521,#3549,#3569));
#3499 = ORIENTED_EDGE('',*,*,#3500,.T.);
#3500 = EDGE_CURVE('',#1069,#3501,#3503,.T.);
#3501 = VERTEX_POINT('',#3502);
#3502 = CARTESIAN_POINT('',(143.08613921261,373.29461555986,
    81.699999988079));
#3503 = SURFACE_CURVE('',#3504,(#3509,#3515),.PCURVE_S1.);
#3504 = CIRCLE('',#3505,0.300000011921);
#3505 = AXIS2_PLACEMENT_3D('',#3506,#3507,#3508);
#3506 = CARTESIAN_POINT('',(142.78613920069,373.29461555986,
    81.699999988079));
#3507 = DIRECTION('',(-0.,1.,0.));
#3508 = DIRECTION('',(0.,0.,1.));
#3509 = PCURVE('',#1086,#3510);
#3510 = DEFINITIONAL_REPRESENTATION('',(#3511),#3514);
#3511 = B_SPLINE_CURVE_WITH_KNOTS('',1,(#3512,#3513),.UNSPECIFIED.,.F.,
  .F.,(2,2),(0.,1.570796326795),.PIECEWISE_BEZIER_KNOTS.);
#3512 = CARTESIAN_POINT('',(0.,0.));
#3513 = CARTESIAN_POINT('',(-1.570796326795,0.));
#3514 = ( GEOMETRIC_REPRESENTATION_CONTEXT(2) 
PARAMETRIC_REPRESENTATION_CONTEXT() REPRESENTATION_CONTEXT('2D SPACE',''
  ) );
#3515 = PCURVE('',#1115,#3516);
#3516 = DEFINITIONAL_REPRESENTATION('',(#3517),#3520);
#3517 = B_SPLINE_CURVE_WITH_KNOTS('',1,(#3518,#3519),.UNSPECIFIED.,.F.,
  .F.,(2,2),(0.,1.570796326795),.PIECEWISE_BEZIER_KNOTS.);
#3518 = CARTESIAN_POINT('',(3.14159265359,1.570796326795));
#3519 = CARTESIAN_POINT('',(3.14159265359,3.14159265359));
#3520 = ( GEOMETRIC_REPRESENTATION_CONTEXT(2) 
PARAMETRIC_REPRESENTATION_CONTEXT() REPRESENTATION_CONTEXT('2D SPACE',''
  ) );
#3521 = ORIENTED_EDGE('',*,*,#3522,.T.);
#3522 = EDGE_CURVE('',#3501,#3523,#3525,.T.);
#3523 = VERTEX_POINT('',#3524);
#3524 = CARTESIAN_POINT('',(143.08613921261,350.94598324557,
    81.699999988079));
#3525 = SURFACE_CURVE('',#3526,(#3530,#3537),.PCURVE_S1.);
#3526 = LINE('',#3527,#3528);
#3527 = CARTESIAN_POINT('',(143.08613921261,373.29461555986,
    81.699999988079));
#3528 = VECTOR('',#3529,1.);
#3529 = DIRECTION('',(0.,-1.,0.));
#3530 = PCURVE('',#1086,#3531);
#3531 = DEFINITIONAL_REPRESENTATION('',(#3532),#3536);
#3532 = LINE('',#3533,#3534);
#3533 = CARTESIAN_POINT('',(-1.570796326795,0.));
#3534 = VECTOR('',#3535,1.);
#3535 = DIRECTION('',(-0.,1.));
#3536 = ( GEOMETRIC_REPRESENTATION_CONTEXT(2) 
PARAMETRIC_REPRESENTATION_CONTEXT() REPRESENTATION_CONTEXT('2D SPACE',''
  ) );
#3537 = PCURVE('',#3538,#3543);
#3538 = PLANE('',#3539);
#3539 = AXIS2_PLACEMENT_3D('',#3540,#3541,#3542);
#3540 = CARTESIAN_POINT('',(143.08613921261,373.29461555986,82.));
#3541 = DIRECTION('',(-1.,0.,0.));
#3542 = DIRECTION('',(0.,-1.,0.));
#3543 = DEFINITIONAL_REPRESENTATION('',(#3544),#3548);
#3544 = LINE('',#3545,#3546);
#3545 = CARTESIAN_POINT('',(0.,-0.300000011921));
#3546 = VECTOR('',#3547,1.);
#3547 = DIRECTION('',(1.,0.));
#3548 = ( GEOMETRIC_REPRESENTATION_CONTEXT(2) 
PARAMETRIC_REPRESENTATION_CONTEXT() REPRESENTATION_CONTEXT('2D SPACE',''
  ) );
#3549 = ORIENTED_EDGE('',*,*,#3550,.F.);
#3550 = EDGE_CURVE('',#1071,#3523,#3551,.T.);
#3551 = SURFACE_CURVE('',#3552,(#3557,#3563),.PCURVE_S1.);
#3552 = CIRCLE('',#3553,0.300000011921);
#3553 = AXIS2_PLACEMENT_3D('',#3554,#3555,#3556);
#3554 = CARTESIAN_POINT('',(142.78613920069,350.94598324557,
    81.699999988079));
#3555 = DIRECTION('',(-0.,1.,0.));
#3556 = DIRECTION('',(0.,0.,1.));
#3557 = PCURVE('',#1086,#3558);
#3558 = DEFINITIONAL_REPRESENTATION('',(#3559),#3562);
#3559 = B_SPLINE_CURVE_WITH_KNOTS('',1,(#3560,#3561),.UNSPECIFIED.,.F.,
  .F.,(2,2),(0.,1.570796326795),.PIECEWISE_BEZIER_KNOTS.);
#3560 = CARTESIAN_POINT('',(0.,22.348632314292));
#3561 = CARTESIAN_POINT('',(-1.570796326795,22.348632314292));
#3562 = ( GEOMETRIC_REPRESENTATION_CONTEXT(2) 
PARAMETRIC_REPRESENTATION_CONTEXT() REPRESENTATION_CONTEXT('2D SPACE',''
  ) );
#3563 = PCURVE('',#1170,#3564);
#3564 = DEFINITIONAL_REPRESENTATION('',(#3565),#3568);
#3565 = B_SPLINE_CURVE_WITH_KNOTS('',1,(#3566,#3567),.UNSPECIFIED.,.F.,
  .F.,(2,2),(0.,1.570796326795),.PIECEWISE_BEZIER_KNOTS.);
#3566 = CARTESIAN_POINT('',(0.,1.570796326795));
#3567 = CARTESIAN_POINT('',(0.,3.14159265359));
#3568 = ( GEOMETRIC_REPRESENTATION_CONTEXT(2) 
PARAMETRIC_REPRESENTATION_CONTEXT() REPRESENTATION_CONTEXT('2D SPACE',''
  ) );
#3569 = ORIENTED_EDGE('',*,*,#1068,.F.);
#3570 = ADVANCED_FACE('',(#3571),#1115,.T.);
#3571 = FACE_BOUND('',#3572,.T.);
#3572 = EDGE_LOOP('',(#3573,#3595,#3596,#3597));
#3573 = ORIENTED_EDGE('',*,*,#3574,.F.);
#3574 = EDGE_CURVE('',#1099,#3575,#3577,.T.);
#3575 = VERTEX_POINT('',#3576);
#3576 = CARTESIAN_POINT('',(144.72691345214,373.29461555986,
    81.699999988079));
#3577 = SURFACE_CURVE('',#3578,(#3583,#3589),.PCURVE_S1.);
#3578 = CIRCLE('',#3579,0.300000011921);
#3579 = AXIS2_PLACEMENT_3D('',#3580,#3581,#3582);
#3580 = CARTESIAN_POINT('',(145.02691346406,373.29461555986,
    81.699999988079));
#3581 = DIRECTION('',(-0.,-1.,0.));
#3582 = DIRECTION('',(0.,-0.,1.));
#3583 = PCURVE('',#1115,#3584);
#3584 = DEFINITIONAL_REPRESENTATION('',(#3585),#3588);
#3585 = B_SPLINE_CURVE_WITH_KNOTS('',1,(#3586,#3587),.UNSPECIFIED.,.F.,
  .F.,(2,2),(0.,1.570796326795),.PIECEWISE_BEZIER_KNOTS.);
#3586 = CARTESIAN_POINT('',(0.,1.570796326795));
#3587 = CARTESIAN_POINT('',(0.,3.14159265359));
#3588 = ( GEOMETRIC_REPRESENTATION_CONTEXT(2) 
PARAMETRIC_REPRESENTATION_CONTEXT() REPRESENTATION_CONTEXT('2D SPACE',''
  ) );
#3589 = PCURVE('',#1143,#3590);
#3590 = DEFINITIONAL_REPRESENTATION('',(#3591),#3594);
#3591 = B_SPLINE_CURVE_WITH_KNOTS('',1,(#3592,#3593),.UNSPECIFIED.,.F.,
  .F.,(2,2),(0.,1.570796326795),.PIECEWISE_BEZIER_KNOTS.);
#3592 = CARTESIAN_POINT('',(0.,22.348632314292));
#3593 = CARTESIAN_POINT('',(-1.570796326795,22.348632314292));
#3594 = ( GEOMETRIC_REPRESENTATION_CONTEXT(2) 
PARAMETRIC_REPRESENTATION_CONTEXT() REPRESENTATION_CONTEXT('2D SPACE',''
  ) );
#3595 = ORIENTED_EDGE('',*,*,#1098,.T.);
#3596 = ORIENTED_EDGE('',*,*,#3500,.T.);
#3597 = ORIENTED_EDGE('',*,*,#3598,.F.);
#3598 = EDGE_CURVE('',#3575,#3501,#3599,.T.);
#3599 = SURFACE_CURVE('',#3600,(#3605,#3612),.PCURVE_S1.);
#3600 = CIRCLE('',#3601,0.820387119766);
#3601 = AXIS2_PLACEMENT_3D('',#3602,#3603,#3604);
#3602 = CARTESIAN_POINT('',(143.90652633238,373.29461555986,
    81.699999988079));
#3603 = DIRECTION('',(0.,0.,1.));
#3604 = DIRECTION('',(1.,0.,-0.));
#3605 = PCURVE('',#1115,#3606);
#3606 = DEFINITIONAL_REPRESENTATION('',(#3607),#3611);
#3607 = LINE('',#3608,#3609);
#3608 = CARTESIAN_POINT('',(0.,3.14159265359));
#3609 = VECTOR('',#3610,1.);
#3610 = DIRECTION('',(1.,0.));
#3611 = ( GEOMETRIC_REPRESENTATION_CONTEXT(2) 
PARAMETRIC_REPRESENTATION_CONTEXT() REPRESENTATION_CONTEXT('2D SPACE',''
  ) );
#3612 = PCURVE('',#3613,#3618);
#3613 = CYLINDRICAL_SURFACE('',#3614,0.820387119766);
#3614 = AXIS2_PLACEMENT_3D('',#3615,#3616,#3617);
#3615 = CARTESIAN_POINT('',(143.90652633238,373.29461555986,82.));
#3616 = DIRECTION('',(0.,0.,1.));
#3617 = DIRECTION('',(1.,0.,-0.));
#3618 = DEFINITIONAL_REPRESENTATION('',(#3619),#3623);
#3619 = LINE('',#3620,#3621);
#3620 = CARTESIAN_POINT('',(0.,-0.300000011921));
#3621 = VECTOR('',#3622,1.);
#3622 = DIRECTION('',(1.,0.));
#3623 = ( GEOMETRIC_REPRESENTATION_CONTEXT(2) 
PARAMETRIC_REPRESENTATION_CONTEXT() REPRESENTATION_CONTEXT('2D SPACE',''
  ) );
#3624 = ADVANCED_FACE('',(#3625),#1170,.T.);
#3625 = FACE_BOUND('',#3626,.T.);
#3626 = EDGE_LOOP('',(#3627,#3628,#3629,#3651));
#3627 = ORIENTED_EDGE('',*,*,#3550,.F.);
#3628 = ORIENTED_EDGE('',*,*,#1155,.T.);
#3629 = ORIENTED_EDGE('',*,*,#3630,.T.);
#3630 = EDGE_CURVE('',#1128,#3631,#3633,.T.);
#3631 = VERTEX_POINT('',#3632);
#3632 = CARTESIAN_POINT('',(144.72691345214,350.94598324557,
    81.699999988079));
#3633 = SURFACE_CURVE('',#3634,(#3639,#3645),.PCURVE_S1.);
#3634 = CIRCLE('',#3635,0.300000011921);
#3635 = AXIS2_PLACEMENT_3D('',#3636,#3637,#3638);
#3636 = CARTESIAN_POINT('',(145.02691346406,350.94598324557,
    81.699999988079));
#3637 = DIRECTION('',(-1.224646799147E-16,-1.,0.));
#3638 = DIRECTION('',(1.,-1.224646799147E-16,0.));
#3639 = PCURVE('',#1170,#3640);
#3640 = DEFINITIONAL_REPRESENTATION('',(#3641),#3644);
#3641 = B_SPLINE_CURVE_WITH_KNOTS('',1,(#3642,#3643),.UNSPECIFIED.,.F.,
  .F.,(2,2),(1.570796326795,3.14159265359),.PIECEWISE_BEZIER_KNOTS.);
#3642 = CARTESIAN_POINT('',(3.14159265359,1.570796326795));
#3643 = CARTESIAN_POINT('',(3.14159265359,3.14159265359));
#3644 = ( GEOMETRIC_REPRESENTATION_CONTEXT(2) 
PARAMETRIC_REPRESENTATION_CONTEXT() REPRESENTATION_CONTEXT('2D SPACE',''
  ) );
#3645 = PCURVE('',#1143,#3646);
#3646 = DEFINITIONAL_REPRESENTATION('',(#3647),#3650);
#3647 = B_SPLINE_CURVE_WITH_KNOTS('',1,(#3648,#3649),.UNSPECIFIED.,.F.,
  .F.,(2,2),(1.570796326795,3.14159265359),.PIECEWISE_BEZIER_KNOTS.);
#3648 = CARTESIAN_POINT('',(0.,0.));
#3649 = CARTESIAN_POINT('',(-1.570796326795,0.));
#3650 = ( GEOMETRIC_REPRESENTATION_CONTEXT(2) 
PARAMETRIC_REPRESENTATION_CONTEXT() REPRESENTATION_CONTEXT('2D SPACE',''
  ) );
#3651 = ORIENTED_EDGE('',*,*,#3652,.F.);
#3652 = EDGE_CURVE('',#3523,#3631,#3653,.T.);
#3653 = SURFACE_CURVE('',#3654,(#3659,#3666),.PCURVE_S1.);
#3654 = CIRCLE('',#3655,0.820387119766);
#3655 = AXIS2_PLACEMENT_3D('',#3656,#3657,#3658);
#3656 = CARTESIAN_POINT('',(143.90652633238,350.94598324557,
    81.699999988079));
#3657 = DIRECTION('',(0.,0.,1.));
#3658 = DIRECTION('',(-1.,0.,0.));
#3659 = PCURVE('',#1170,#3660);
#3660 = DEFINITIONAL_REPRESENTATION('',(#3661),#3665);
#3661 = LINE('',#3662,#3663);
#3662 = CARTESIAN_POINT('',(0.,3.14159265359));
#3663 = VECTOR('',#3664,1.);
#3664 = DIRECTION('',(1.,0.));
#3665 = ( GEOMETRIC_REPRESENTATION_CONTEXT(2) 
PARAMETRIC_REPRESENTATION_CONTEXT() REPRESENTATION_CONTEXT('2D SPACE',''
  ) );
#3666 = PCURVE('',#3667,#3672);
#3667 = CYLINDRICAL_SURFACE('',#3668,0.820387119766);
#3668 = AXIS2_PLACEMENT_3D('',#3669,#3670,#3671);
#3669 = CARTESIAN_POINT('',(143.90652633238,350.94598324557,82.));
#3670 = DIRECTION('',(0.,0.,1.));
#3671 = DIRECTION('',(1.,0.,-0.));
#3672 = DEFINITIONAL_REPRESENTATION('',(#3673),#3677);
#3673 = LINE('',#3674,#3675);
#3674 = CARTESIAN_POINT('',(3.14159265359,-0.300000011921));
#3675 = VECTOR('',#3676,1.);
#3676 = DIRECTION('',(1.,0.));
#3677 = ( GEOMETRIC_REPRESENTATION_CONTEXT(2) 
PARAMETRIC_REPRESENTATION_CONTEXT() REPRESENTATION_CONTEXT('2D SPACE',''
  ) );
#3678 = ADVANCED_FACE('',(#3679),#1143,.T.);
#3679 = FACE_BOUND('',#3680,.F.);
#3680 = EDGE_LOOP('',(#3681,#3682,#3708,#3709));
#3681 = ORIENTED_EDGE('',*,*,#3630,.T.);
#3682 = ORIENTED_EDGE('',*,*,#3683,.T.);
#3683 = EDGE_CURVE('',#3631,#3575,#3684,.T.);
#3684 = SURFACE_CURVE('',#3685,(#3689,#3696),.PCURVE_S1.);
#3685 = LINE('',#3686,#3687);
#3686 = CARTESIAN_POINT('',(144.72691345214,350.94598324557,
    81.699999988079));
#3687 = VECTOR('',#3688,1.);
#3688 = DIRECTION('',(0.,1.,0.));
#3689 = PCURVE('',#1143,#3690);
#3690 = DEFINITIONAL_REPRESENTATION('',(#3691),#3695);
#3691 = LINE('',#3692,#3693);
#3692 = CARTESIAN_POINT('',(-1.570796326795,0.));
#3693 = VECTOR('',#3694,1.);
#3694 = DIRECTION('',(-0.,1.));
#3695 = ( GEOMETRIC_REPRESENTATION_CONTEXT(2) 
PARAMETRIC_REPRESENTATION_CONTEXT() REPRESENTATION_CONTEXT('2D SPACE',''
  ) );
#3696 = PCURVE('',#3697,#3702);
#3697 = PLANE('',#3698);
#3698 = AXIS2_PLACEMENT_3D('',#3699,#3700,#3701);
#3699 = CARTESIAN_POINT('',(144.72691345214,350.94598324557,82.));
#3700 = DIRECTION('',(1.,0.,0.));
#3701 = DIRECTION('',(-0.,1.,0.));
#3702 = DEFINITIONAL_REPRESENTATION('',(#3703),#3707);
#3703 = LINE('',#3704,#3705);
#3704 = CARTESIAN_POINT('',(0.,-0.300000011921));
#3705 = VECTOR('',#3706,1.);
#3706 = DIRECTION('',(1.,0.));
#3707 = ( GEOMETRIC_REPRESENTATION_CONTEXT(2) 
PARAMETRIC_REPRESENTATION_CONTEXT() REPRESENTATION_CONTEXT('2D SPACE',''
  ) );
#3708 = ORIENTED_EDGE('',*,*,#3574,.F.);
#3709 = ORIENTED_EDGE('',*,*,#1127,.F.);
#3710 = ADVANCED_FACE('',(#3711),#1223,.F.);
#3711 = FACE_BOUND('',#3712,.F.);
#3712 = EDGE_LOOP('',(#3713,#3736,#3764,#3785));
#3713 = ORIENTED_EDGE('',*,*,#3714,.T.);
#3714 = EDGE_CURVE('',#1186,#3715,#3717,.T.);
#3715 = VERTEX_POINT('',#3716);
#3716 = CARTESIAN_POINT('',(119.12952151824,373.56389355162,
    81.300000011921));
#3717 = SURFACE_CURVE('',#3718,(#3722,#3729),.PCURVE_S1.);
#3718 = LINE('',#3719,#3720);
#3719 = CARTESIAN_POINT('',(119.12952151824,373.56389355162,82.));
#3720 = VECTOR('',#3721,1.);
#3721 = DIRECTION('',(-0.,-0.,-1.));
#3722 = PCURVE('',#1223,#3723);
#3723 = DEFINITIONAL_REPRESENTATION('',(#3724),#3728);
#3724 = LINE('',#3725,#3726);
#3725 = CARTESIAN_POINT('',(0.,0.));
#3726 = VECTOR('',#3727,1.);
#3727 = DIRECTION('',(0.,-1.));
#3728 = ( GEOMETRIC_REPRESENTATION_CONTEXT(2) 
PARAMETRIC_REPRESENTATION_CONTEXT() REPRESENTATION_CONTEXT('2D SPACE',''
  ) );
#3729 = PCURVE('',#1298,#3730);
#3730 = DEFINITIONAL_REPRESENTATION('',(#3731),#3735);
#3731 = LINE('',#3732,#3733);
#3732 = CARTESIAN_POINT('',(3.14159265359,0.));
#3733 = VECTOR('',#3734,1.);
#3734 = DIRECTION('',(0.,-1.));
#3735 = ( GEOMETRIC_REPRESENTATION_CONTEXT(2) 
PARAMETRIC_REPRESENTATION_CONTEXT() REPRESENTATION_CONTEXT('2D SPACE',''
  ) );
#3736 = ORIENTED_EDGE('',*,*,#3737,.T.);
#3737 = EDGE_CURVE('',#3715,#3738,#3740,.T.);
#3738 = VERTEX_POINT('',#3739);
#3739 = CARTESIAN_POINT('',(119.12952151824,350.7775285947,
    81.300000011921));
#3740 = SURFACE_CURVE('',#3741,(#3745,#3752),.PCURVE_S1.);
#3741 = LINE('',#3742,#3743);
#3742 = CARTESIAN_POINT('',(119.12952151824,373.56389355162,
    81.300000011921));
#3743 = VECTOR('',#3744,1.);
#3744 = DIRECTION('',(0.,-1.,0.));
#3745 = PCURVE('',#1223,#3746);
#3746 = DEFINITIONAL_REPRESENTATION('',(#3747),#3751);
#3747 = LINE('',#3748,#3749);
#3748 = CARTESIAN_POINT('',(0.,-0.699999988079));
#3749 = VECTOR('',#3750,1.);
#3750 = DIRECTION('',(1.,0.));
#3751 = ( GEOMETRIC_REPRESENTATION_CONTEXT(2) 
PARAMETRIC_REPRESENTATION_CONTEXT() REPRESENTATION_CONTEXT('2D SPACE',''
  ) );
#3752 = PCURVE('',#3753,#3758);
#3753 = CYLINDRICAL_SURFACE('',#3754,0.300000011921);
#3754 = AXIS2_PLACEMENT_3D('',#3755,#3756,#3757);
#3755 = CARTESIAN_POINT('',(119.42952153016,373.56389355162,
    81.300000011921));
#3756 = DIRECTION('',(0.,-1.,0.));
#3757 = DIRECTION('',(-1.,0.,0.));
#3758 = DEFINITIONAL_REPRESENTATION('',(#3759),#3763);
#3759 = LINE('',#3760,#3761);
#3760 = CARTESIAN_POINT('',(0.,0.));
#3761 = VECTOR('',#3762,1.);
#3762 = DIRECTION('',(0.,1.));
#3763 = ( GEOMETRIC_REPRESENTATION_CONTEXT(2) 
PARAMETRIC_REPRESENTATION_CONTEXT() REPRESENTATION_CONTEXT('2D SPACE',''
  ) );
#3764 = ORIENTED_EDGE('',*,*,#3765,.F.);
#3765 = EDGE_CURVE('',#1208,#3738,#3766,.T.);
#3766 = SURFACE_CURVE('',#3767,(#3771,#3778),.PCURVE_S1.);
#3767 = LINE('',#3768,#3769);
#3768 = CARTESIAN_POINT('',(119.12952151824,350.7775285947,82.));
#3769 = VECTOR('',#3770,1.);
#3770 = DIRECTION('',(-0.,-0.,-1.));
#3771 = PCURVE('',#1223,#3772);
#3772 = DEFINITIONAL_REPRESENTATION('',(#3773),#3777);
#3773 = LINE('',#3774,#3775);
#3774 = CARTESIAN_POINT('',(22.786364956915,0.));
#3775 = VECTOR('',#3776,1.);
#3776 = DIRECTION('',(0.,-1.));
#3777 = ( GEOMETRIC_REPRESENTATION_CONTEXT(2) 
PARAMETRIC_REPRESENTATION_CONTEXT() REPRESENTATION_CONTEXT('2D SPACE',''
  ) );
#3778 = PCURVE('',#1352,#3779);
#3779 = DEFINITIONAL_REPRESENTATION('',(#3780),#3784);
#3780 = LINE('',#3781,#3782);
#3781 = CARTESIAN_POINT('',(3.14159265359,0.));
#3782 = VECTOR('',#3783,1.);
#3783 = DIRECTION('',(0.,-1.));
#3784 = ( GEOMETRIC_REPRESENTATION_CONTEXT(2) 
PARAMETRIC_REPRESENTATION_CONTEXT() REPRESENTATION_CONTEXT('2D SPACE',''
  ) );
#3785 = ORIENTED_EDGE('',*,*,#1207,.F.);
#3786 = ADVANCED_FACE('',(#3787),#1298,.F.);
#3787 = FACE_BOUND('',#3788,.F.);
#3788 = EDGE_LOOP('',(#3789,#3812,#3839,#3840));
#3789 = ORIENTED_EDGE('',*,*,#3790,.T.);
#3790 = EDGE_CURVE('',#1260,#3791,#3793,.T.);
#3791 = VERTEX_POINT('',#3792);
#3792 = CARTESIAN_POINT('',(120.48661646188,373.56389355162,
    81.300000011921));
#3793 = SURFACE_CURVE('',#3794,(#3798,#3805),.PCURVE_S1.);
#3794 = LINE('',#3795,#3796);
#3795 = CARTESIAN_POINT('',(120.48661646188,373.56389355162,82.));
#3796 = VECTOR('',#3797,1.);
#3797 = DIRECTION('',(-0.,-0.,-1.));
#3798 = PCURVE('',#1298,#3799);
#3799 = DEFINITIONAL_REPRESENTATION('',(#3800),#3804);
#3800 = LINE('',#3801,#3802);
#3801 = CARTESIAN_POINT('',(0.,0.));
#3802 = VECTOR('',#3803,1.);
#3803 = DIRECTION('',(0.,-1.));
#3804 = ( GEOMETRIC_REPRESENTATION_CONTEXT(2) 
PARAMETRIC_REPRESENTATION_CONTEXT() REPRESENTATION_CONTEXT('2D SPACE',''
  ) );
#3805 = PCURVE('',#1382,#3806);
#3806 = DEFINITIONAL_REPRESENTATION('',(#3807),#3811);
#3807 = LINE('',#3808,#3809);
#3808 = CARTESIAN_POINT('',(22.786364956915,0.));
#3809 = VECTOR('',#3810,1.);
#3810 = DIRECTION('',(0.,-1.));
#3811 = ( GEOMETRIC_REPRESENTATION_CONTEXT(2) 
PARAMETRIC_REPRESENTATION_CONTEXT() REPRESENTATION_CONTEXT('2D SPACE',''
  ) );
#3812 = ORIENTED_EDGE('',*,*,#3813,.T.);
#3813 = EDGE_CURVE('',#3791,#3715,#3814,.T.);
#3814 = SURFACE_CURVE('',#3815,(#3820,#3827),.PCURVE_S1.);
#3815 = CIRCLE('',#3816,0.678547471821);
#3816 = AXIS2_PLACEMENT_3D('',#3817,#3818,#3819);
#3817 = CARTESIAN_POINT('',(119.80806899006,373.56389355162,
    81.300000011921));
#3818 = DIRECTION('',(0.,0.,1.));
#3819 = DIRECTION('',(1.,0.,-0.));
#3820 = PCURVE('',#1298,#3821);
#3821 = DEFINITIONAL_REPRESENTATION('',(#3822),#3826);
#3822 = LINE('',#3823,#3824);
#3823 = CARTESIAN_POINT('',(0.,-0.699999988079));
#3824 = VECTOR('',#3825,1.);
#3825 = DIRECTION('',(1.,0.));
#3826 = ( GEOMETRIC_REPRESENTATION_CONTEXT(2) 
PARAMETRIC_REPRESENTATION_CONTEXT() REPRESENTATION_CONTEXT('2D SPACE',''
  ) );
#3827 = PCURVE('',#3828,#3833);
#3828 = TOROIDAL_SURFACE('',#3829,0.3785474599,0.300000011921);
#3829 = AXIS2_PLACEMENT_3D('',#3830,#3831,#3832);
#3830 = CARTESIAN_POINT('',(119.80806899006,373.56389355162,
    81.300000011921));
#3831 = DIRECTION('',(-0.,-0.,-1.));
#3832 = DIRECTION('',(1.,0.,-0.));
#3833 = DEFINITIONAL_REPRESENTATION('',(#3834),#3838);
#3834 = LINE('',#3835,#3836);
#3835 = CARTESIAN_POINT('',(-0.,0.));
#3836 = VECTOR('',#3837,1.);
#3837 = DIRECTION('',(-1.,0.));
#3838 = ( GEOMETRIC_REPRESENTATION_CONTEXT(2) 
PARAMETRIC_REPRESENTATION_CONTEXT() REPRESENTATION_CONTEXT('2D SPACE',''
  ) );
#3839 = ORIENTED_EDGE('',*,*,#3714,.F.);
#3840 = ORIENTED_EDGE('',*,*,#1283,.F.);
#3841 = ADVANCED_FACE('',(#3842),#1352,.F.);
#3842 = FACE_BOUND('',#3843,.F.);
#3843 = EDGE_LOOP('',(#3844,#3845,#3874,#3895));
#3844 = ORIENTED_EDGE('',*,*,#3765,.T.);
#3845 = ORIENTED_EDGE('',*,*,#3846,.T.);
#3846 = EDGE_CURVE('',#3738,#3847,#3849,.T.);
#3847 = VERTEX_POINT('',#3848);
#3848 = CARTESIAN_POINT('',(120.48661646188,350.7775285947,
    81.300000011921));
#3849 = SURFACE_CURVE('',#3850,(#3855,#3862),.PCURVE_S1.);
#3850 = CIRCLE('',#3851,0.678547471821);
#3851 = AXIS2_PLACEMENT_3D('',#3852,#3853,#3854);
#3852 = CARTESIAN_POINT('',(119.80806899006,350.7775285947,
    81.300000011921));
#3853 = DIRECTION('',(0.,0.,1.));
#3854 = DIRECTION('',(-1.,0.,0.));
#3855 = PCURVE('',#1352,#3856);
#3856 = DEFINITIONAL_REPRESENTATION('',(#3857),#3861);
#3857 = LINE('',#3858,#3859);
#3858 = CARTESIAN_POINT('',(3.14159265359,-0.699999988079));
#3859 = VECTOR('',#3860,1.);
#3860 = DIRECTION('',(1.,0.));
#3861 = ( GEOMETRIC_REPRESENTATION_CONTEXT(2) 
PARAMETRIC_REPRESENTATION_CONTEXT() REPRESENTATION_CONTEXT('2D SPACE',''
  ) );
#3862 = PCURVE('',#3863,#3868);
#3863 = TOROIDAL_SURFACE('',#3864,0.3785474599,0.300000011921);
#3864 = AXIS2_PLACEMENT_3D('',#3865,#3866,#3867);
#3865 = CARTESIAN_POINT('',(119.80806899006,350.7775285947,
    81.300000011921));
#3866 = DIRECTION('',(-0.,-0.,-1.));
#3867 = DIRECTION('',(-1.,0.,0.));
#3868 = DEFINITIONAL_REPRESENTATION('',(#3869),#3873);
#3869 = LINE('',#3870,#3871);
#3870 = CARTESIAN_POINT('',(-0.,0.));
#3871 = VECTOR('',#3872,1.);
#3872 = DIRECTION('',(-1.,0.));
#3873 = ( GEOMETRIC_REPRESENTATION_CONTEXT(2) 
PARAMETRIC_REPRESENTATION_CONTEXT() REPRESENTATION_CONTEXT('2D SPACE',''
  ) );
#3874 = ORIENTED_EDGE('',*,*,#3875,.F.);
#3875 = EDGE_CURVE('',#1316,#3847,#3876,.T.);
#3876 = SURFACE_CURVE('',#3877,(#3881,#3888),.PCURVE_S1.);
#3877 = LINE('',#3878,#3879);
#3878 = CARTESIAN_POINT('',(120.48661646188,350.7775285947,82.));
#3879 = VECTOR('',#3880,1.);
#3880 = DIRECTION('',(-0.,-0.,-1.));
#3881 = PCURVE('',#1352,#3882);
#3882 = DEFINITIONAL_REPRESENTATION('',(#3883),#3887);
#3883 = LINE('',#3884,#3885);
#3884 = CARTESIAN_POINT('',(6.28318530718,0.));
#3885 = VECTOR('',#3886,1.);
#3886 = DIRECTION('',(0.,-1.));
#3887 = ( GEOMETRIC_REPRESENTATION_CONTEXT(2) 
PARAMETRIC_REPRESENTATION_CONTEXT() REPRESENTATION_CONTEXT('2D SPACE',''
  ) );
#3888 = PCURVE('',#1382,#3889);
#3889 = DEFINITIONAL_REPRESENTATION('',(#3890),#3894);
#3890 = LINE('',#3891,#3892);
#3891 = CARTESIAN_POINT('',(0.,0.));
#3892 = VECTOR('',#3893,1.);
#3893 = DIRECTION('',(0.,-1.));
#3894 = ( GEOMETRIC_REPRESENTATION_CONTEXT(2) 
PARAMETRIC_REPRESENTATION_CONTEXT() REPRESENTATION_CONTEXT('2D SPACE',''
  ) );
#3895 = ORIENTED_EDGE('',*,*,#1337,.F.);
#3896 = ADVANCED_FACE('',(#3897),#1382,.F.);
#3897 = FACE_BOUND('',#3898,.F.);
#3898 = EDGE_LOOP('',(#3899,#3900,#3926,#3927));
#3899 = ORIENTED_EDGE('',*,*,#3875,.T.);
#3900 = ORIENTED_EDGE('',*,*,#3901,.T.);
#3901 = EDGE_CURVE('',#3847,#3791,#3902,.T.);
#3902 = SURFACE_CURVE('',#3903,(#3907,#3914),.PCURVE_S1.);
#3903 = LINE('',#3904,#3905);
#3904 = CARTESIAN_POINT('',(120.48661646188,350.7775285947,
    81.300000011921));
#3905 = VECTOR('',#3906,1.);
#3906 = DIRECTION('',(0.,1.,0.));
#3907 = PCURVE('',#1382,#3908);
#3908 = DEFINITIONAL_REPRESENTATION('',(#3909),#3913);
#3909 = LINE('',#3910,#3911);
#3910 = CARTESIAN_POINT('',(0.,-0.699999988079));
#3911 = VECTOR('',#3912,1.);
#3912 = DIRECTION('',(1.,0.));
#3913 = ( GEOMETRIC_REPRESENTATION_CONTEXT(2) 
PARAMETRIC_REPRESENTATION_CONTEXT() REPRESENTATION_CONTEXT('2D SPACE',''
  ) );
#3914 = PCURVE('',#3915,#3920);
#3915 = CYLINDRICAL_SURFACE('',#3916,0.300000011921);
#3916 = AXIS2_PLACEMENT_3D('',#3917,#3918,#3919);
#3917 = CARTESIAN_POINT('',(120.18661644996,350.7775285947,
    81.300000011921));
#3918 = DIRECTION('',(0.,1.,0.));
#3919 = DIRECTION('',(1.,0.,0.));
#3920 = DEFINITIONAL_REPRESENTATION('',(#3921),#3925);
#3921 = LINE('',#3922,#3923);
#3922 = CARTESIAN_POINT('',(0.,0.));
#3923 = VECTOR('',#3924,1.);
#3924 = DIRECTION('',(0.,1.));
#3925 = ( GEOMETRIC_REPRESENTATION_CONTEXT(2) 
PARAMETRIC_REPRESENTATION_CONTEXT() REPRESENTATION_CONTEXT('2D SPACE',''
  ) );
#3926 = ORIENTED_EDGE('',*,*,#3790,.F.);
#3927 = ORIENTED_EDGE('',*,*,#1368,.F.);
#3928 = ADVANCED_FACE('',(#3929),#1437,.T.);
#3929 = FACE_BOUND('',#3930,.T.);
#3930 = EDGE_LOOP('',(#3931,#3954,#3982,#4003));
#3931 = ORIENTED_EDGE('',*,*,#3932,.T.);
#3932 = EDGE_CURVE('',#1400,#3933,#3935,.T.);
#3933 = VERTEX_POINT('',#3934);
#3934 = CARTESIAN_POINT('',(148.98316955566,355.3475036621,66.));
#3935 = SURFACE_CURVE('',#3936,(#3940,#3947),.PCURVE_S1.);
#3936 = LINE('',#3937,#3938);
#3937 = CARTESIAN_POINT('',(148.98316955566,355.3475036621,100.));
#3938 = VECTOR('',#3939,1.);
#3939 = DIRECTION('',(-0.,-0.,-1.));
#3940 = PCURVE('',#1437,#3941);
#3941 = DEFINITIONAL_REPRESENTATION('',(#3942),#3946);
#3942 = LINE('',#3943,#3944);
#3943 = CARTESIAN_POINT('',(0.,0.));
#3944 = VECTOR('',#3945,1.);
#3945 = DIRECTION('',(0.,-1.));
#3946 = ( GEOMETRIC_REPRESENTATION_CONTEXT(2) 
PARAMETRIC_REPRESENTATION_CONTEXT() REPRESENTATION_CONTEXT('2D SPACE',''
  ) );
#3947 = PCURVE('',#1512,#3948);
#3948 = DEFINITIONAL_REPRESENTATION('',(#3949),#3953);
#3949 = LINE('',#3950,#3951);
#3950 = CARTESIAN_POINT('',(3.14159265359,0.));
#3951 = VECTOR('',#3952,1.);
#3952 = DIRECTION('',(0.,-1.));
#3953 = ( GEOMETRIC_REPRESENTATION_CONTEXT(2) 
PARAMETRIC_REPRESENTATION_CONTEXT() REPRESENTATION_CONTEXT('2D SPACE',''
  ) );
#3954 = ORIENTED_EDGE('',*,*,#3955,.F.);
#3955 = EDGE_CURVE('',#3956,#3933,#3958,.T.);
#3956 = VERTEX_POINT('',#3957);
#3957 = CARTESIAN_POINT('',(148.98316955566,369.3475036621,66.));
#3958 = SURFACE_CURVE('',#3959,(#3963,#3970),.PCURVE_S1.);
#3959 = LINE('',#3960,#3961);
#3960 = CARTESIAN_POINT('',(148.98316955566,369.3475036621,66.));
#3961 = VECTOR('',#3962,1.);
#3962 = DIRECTION('',(-2.465190328816E-32,-1.,-0.));
#3963 = PCURVE('',#1437,#3964);
#3964 = DEFINITIONAL_REPRESENTATION('',(#3965),#3969);
#3965 = LINE('',#3966,#3967);
#3966 = CARTESIAN_POINT('',(14.,-34.));
#3967 = VECTOR('',#3968,1.);
#3968 = DIRECTION('',(-1.,0.));
#3969 = ( GEOMETRIC_REPRESENTATION_CONTEXT(2) 
PARAMETRIC_REPRESENTATION_CONTEXT() REPRESENTATION_CONTEXT('2D SPACE',''
  ) );
#3970 = PCURVE('',#3971,#3976);
#3971 = CYLINDRICAL_SURFACE('',#3972,5.);
#3972 = AXIS2_PLACEMENT_3D('',#3973,#3974,#3975);
#3973 = CARTESIAN_POINT('',(153.98316955566,369.3475036621,66.));
#3974 = DIRECTION('',(-2.465190328816E-32,-1.,-0.));
#3975 = DIRECTION('',(-1.,2.465190328816E-32,0.));
#3976 = DEFINITIONAL_REPRESENTATION('',(#3977),#3981);
#3977 = LINE('',#3978,#3979);
#3978 = CARTESIAN_POINT('',(0.,0.));
#3979 = VECTOR('',#3980,1.);
#3980 = DIRECTION('',(0.,1.));
#3981 = ( GEOMETRIC_REPRESENTATION_CONTEXT(2) 
PARAMETRIC_REPRESENTATION_CONTEXT() REPRESENTATION_CONTEXT('2D SPACE',''
  ) );
#3982 = ORIENTED_EDGE('',*,*,#3983,.F.);
#3983 = EDGE_CURVE('',#1422,#3956,#3984,.T.);
#3984 = SURFACE_CURVE('',#3985,(#3989,#3996),.PCURVE_S1.);
#3985 = LINE('',#3986,#3987);
#3986 = CARTESIAN_POINT('',(148.98316955566,369.3475036621,100.));
#3987 = VECTOR('',#3988,1.);
#3988 = DIRECTION('',(-0.,-0.,-1.));
#3989 = PCURVE('',#1437,#3990);
#3990 = DEFINITIONAL_REPRESENTATION('',(#3991),#3995);
#3991 = LINE('',#3992,#3993);
#3992 = CARTESIAN_POINT('',(14.,0.));
#3993 = VECTOR('',#3994,1.);
#3994 = DIRECTION('',(0.,-1.));
#3995 = ( GEOMETRIC_REPRESENTATION_CONTEXT(2) 
PARAMETRIC_REPRESENTATION_CONTEXT() REPRESENTATION_CONTEXT('2D SPACE',''
  ) );
#3996 = PCURVE('',#1566,#3997);
#3997 = DEFINITIONAL_REPRESENTATION('',(#3998),#4002);
#3998 = LINE('',#3999,#4000);
#3999 = CARTESIAN_POINT('',(3.14159265359,0.));
#4000 = VECTOR('',#4001,1.);
#4001 = DIRECTION('',(0.,-1.));
#4002 = ( GEOMETRIC_REPRESENTATION_CONTEXT(2) 
PARAMETRIC_REPRESENTATION_CONTEXT() REPRESENTATION_CONTEXT('2D SPACE',''
  ) );
#4003 = ORIENTED_EDGE('',*,*,#1421,.F.);
#4004 = ADVANCED_FACE('',(#4005),#1512,.F.);
#4005 = FACE_BOUND('',#4006,.F.);
#4006 = EDGE_LOOP('',(#4007,#4008,#4049,#4070));
#4007 = ORIENTED_EDGE('',*,*,#3932,.T.);
#4008 = ORIENTED_EDGE('',*,*,#4009,.T.);
#4009 = EDGE_CURVE('',#3933,#4010,#4012,.T.);
#4010 = VERTEX_POINT('',#4011);
#4011 = CARTESIAN_POINT('',(157.98316955566,346.3475036621,66.));
#4012 = SURFACE_CURVE('',#4013,(#4018,#4025),.PCURVE_S1.);
#4013 = CIRCLE('',#4014,9.);
#4014 = AXIS2_PLACEMENT_3D('',#4015,#4016,#4017);
#4015 = CARTESIAN_POINT('',(157.98316955566,355.3475036621,66.));
#4016 = DIRECTION('',(0.,0.,1.));
#4017 = DIRECTION('',(-1.,0.,0.));
#4018 = PCURVE('',#1512,#4019);
#4019 = DEFINITIONAL_REPRESENTATION('',(#4020),#4024);
#4020 = LINE('',#4021,#4022);
#4021 = CARTESIAN_POINT('',(3.14159265359,-34.));
#4022 = VECTOR('',#4023,1.);
#4023 = DIRECTION('',(1.,0.));
#4024 = ( GEOMETRIC_REPRESENTATION_CONTEXT(2) 
PARAMETRIC_REPRESENTATION_CONTEXT() REPRESENTATION_CONTEXT('2D SPACE',''
  ) );
#4025 = PCURVE('',#4026,#4043);
#4026 = SURFACE_OF_REVOLUTION('',#4027,#4040);
#4027 = B_SPLINE_CURVE_WITH_KNOTS('',6,(#4028,#4029,#4030,#4031,#4032,
    #4033,#4034,#4035,#4036,#4037,#4038,#4039),.UNSPECIFIED.,.F.,.F.,(7,
    5,7),(0.,0.785398163397,1.570796326795),.UNSPECIFIED.);
#4028 = CARTESIAN_POINT('',(148.98316955566,355.3475036621,66.));
#4029 = CARTESIAN_POINT('',(148.98316955566,355.34750366211,
    65.345501530502));
#4030 = CARTESIAN_POINT('',(149.08597753157,355.3475036621,
    64.691004154196));
#4031 = CARTESIAN_POINT('',(149.29159616171,355.34750366211,
    64.056686671358));
#4032 = CARTESIAN_POINT('',(149.59473202754,355.3475036621,
    63.462762150104));
#4033 = CARTESIAN_POINT('',(149.98483534367,355.34750366211,
    62.927266400126));
#4034 = CARTESIAN_POINT('',(150.91043595579,355.34750366211,
    62.001665788009));
#4035 = CARTESIAN_POINT('',(151.44593170576,355.3475036621,
    61.611562471878));
#4036 = CARTESIAN_POINT('',(152.03985622702,355.34750366211,
    61.30842660605));
#4037 = CARTESIAN_POINT('',(152.67417370986,355.3475036621,
    61.102807975907));
#4038 = CARTESIAN_POINT('',(153.32867108616,355.34750366211,61.));
#4039 = CARTESIAN_POINT('',(153.98316955566,355.3475036621,61.));
#4040 = AXIS1_PLACEMENT('',#4041,#4042);
#4041 = CARTESIAN_POINT('',(157.98316955566,355.3475036621,66.));
#4042 = DIRECTION('',(-0.,-0.,-1.));
#4043 = DEFINITIONAL_REPRESENTATION('',(#4044),#4048);
#4044 = LINE('',#4045,#4046);
#4045 = CARTESIAN_POINT('',(-0.,0.));
#4046 = VECTOR('',#4047,1.);
#4047 = DIRECTION('',(-1.,0.));
#4048 = ( GEOMETRIC_REPRESENTATION_CONTEXT(2) 
PARAMETRIC_REPRESENTATION_CONTEXT() REPRESENTATION_CONTEXT('2D SPACE',''
  ) );
#4049 = ORIENTED_EDGE('',*,*,#4050,.F.);
#4050 = EDGE_CURVE('',#1474,#4010,#4051,.T.);
#4051 = SURFACE_CURVE('',#4052,(#4056,#4063),.PCURVE_S1.);
#4052 = LINE('',#4053,#4054);
#4053 = CARTESIAN_POINT('',(157.98316955566,346.3475036621,100.));
#4054 = VECTOR('',#4055,1.);
#4055 = DIRECTION('',(-0.,-0.,-1.));
#4056 = PCURVE('',#1512,#4057);
#4057 = DEFINITIONAL_REPRESENTATION('',(#4058),#4062);
#4058 = LINE('',#4059,#4060);
#4059 = CARTESIAN_POINT('',(4.712388980385,0.));
#4060 = VECTOR('',#4061,1.);
#4061 = DIRECTION('',(0.,-1.));
#4062 = ( GEOMETRIC_REPRESENTATION_CONTEXT(2) 
PARAMETRIC_REPRESENTATION_CONTEXT() REPRESENTATION_CONTEXT('2D SPACE',''
  ) );
#4063 = PCURVE('',#1617,#4064);
#4064 = DEFINITIONAL_REPRESENTATION('',(#4065),#4069);
#4065 = LINE('',#4066,#4067);
#4066 = CARTESIAN_POINT('',(32.,0.));
#4067 = VECTOR('',#4068,1.);
#4068 = DIRECTION('',(0.,-1.));
#4069 = ( GEOMETRIC_REPRESENTATION_CONTEXT(2) 
PARAMETRIC_REPRESENTATION_CONTEXT() REPRESENTATION_CONTEXT('2D SPACE',''
  ) );
#4070 = ORIENTED_EDGE('',*,*,#1497,.T.);
#4071 = ADVANCED_FACE('',(#4072),#1566,.F.);
#4072 = FACE_BOUND('',#4073,.F.);
#4073 = EDGE_LOOP('',(#4074,#4097,#4136,#4137));
#4074 = ORIENTED_EDGE('',*,*,#4075,.T.);
#4075 = EDGE_CURVE('',#1530,#4076,#4078,.T.);
#4076 = VERTEX_POINT('',#4077);
#4077 = CARTESIAN_POINT('',(157.98316955566,378.3475036621,66.));
#4078 = SURFACE_CURVE('',#4079,(#4083,#4090),.PCURVE_S1.);
#4079 = LINE('',#4080,#4081);
#4080 = CARTESIAN_POINT('',(157.98316955566,378.3475036621,100.));
#4081 = VECTOR('',#4082,1.);
#4082 = DIRECTION('',(-0.,-0.,-1.));
#4083 = PCURVE('',#1566,#4084);
#4084 = DEFINITIONAL_REPRESENTATION('',(#4085),#4089);
#4085 = LINE('',#4086,#4087);
#4086 = CARTESIAN_POINT('',(1.570796326795,0.));
#4087 = VECTOR('',#4088,1.);
#4088 = DIRECTION('',(0.,-1.));
#4089 = ( GEOMETRIC_REPRESENTATION_CONTEXT(2) 
PARAMETRIC_REPRESENTATION_CONTEXT() REPRESENTATION_CONTEXT('2D SPACE',''
  ) );
#4090 = PCURVE('',#1651,#4091);
#4091 = DEFINITIONAL_REPRESENTATION('',(#4092),#4096);
#4092 = LINE('',#4093,#4094);
#4093 = CARTESIAN_POINT('',(0.,0.));
#4094 = VECTOR('',#4095,1.);
#4095 = DIRECTION('',(0.,-1.));
#4096 = ( GEOMETRIC_REPRESENTATION_CONTEXT(2) 
PARAMETRIC_REPRESENTATION_CONTEXT() REPRESENTATION_CONTEXT('2D SPACE',''
  ) );
#4097 = ORIENTED_EDGE('',*,*,#4098,.T.);
#4098 = EDGE_CURVE('',#4076,#3956,#4099,.T.);
#4099 = SURFACE_CURVE('',#4100,(#4105,#4112),.PCURVE_S1.);
#4100 = CIRCLE('',#4101,9.);
#4101 = AXIS2_PLACEMENT_3D('',#4102,#4103,#4104);
#4102 = CARTESIAN_POINT('',(157.98316955566,369.3475036621,66.));
#4103 = DIRECTION('',(0.,-0.,1.));
#4104 = DIRECTION('',(0.,1.,0.));
#4105 = PCURVE('',#1566,#4106);
#4106 = DEFINITIONAL_REPRESENTATION('',(#4107),#4111);
#4107 = LINE('',#4108,#4109);
#4108 = CARTESIAN_POINT('',(1.570796326795,-34.));
#4109 = VECTOR('',#4110,1.);
#4110 = DIRECTION('',(1.,0.));
#4111 = ( GEOMETRIC_REPRESENTATION_CONTEXT(2) 
PARAMETRIC_REPRESENTATION_CONTEXT() REPRESENTATION_CONTEXT('2D SPACE',''
  ) );
#4112 = PCURVE('',#4113,#4130);
#4113 = SURFACE_OF_REVOLUTION('',#4114,#4127);
#4114 = B_SPLINE_CURVE_WITH_KNOTS('',6,(#4115,#4116,#4117,#4118,#4119,
    #4120,#4121,#4122,#4123,#4124,#4125,#4126),.UNSPECIFIED.,.F.,.F.,(7,
    5,7),(0.,0.785398163397,1.570796326795),.UNSPECIFIED.);
#4115 = CARTESIAN_POINT('',(157.98316955566,378.3475036621,66.));
#4116 = CARTESIAN_POINT('',(157.98316955566,378.34750366211,
    65.345501530502));
#4117 = CARTESIAN_POINT('',(157.98316955566,378.2446956862,
    64.691004154196));
#4118 = CARTESIAN_POINT('',(157.98316955566,378.03907705606,
    64.056686671358));
#4119 = CARTESIAN_POINT('',(157.98316955566,377.73594119022,
    63.462762150104));
#4120 = CARTESIAN_POINT('',(157.98316955566,377.3458378741,
    62.927266400126));
#4121 = CARTESIAN_POINT('',(157.98316955566,376.42023726198,
    62.001665788009));
#4122 = CARTESIAN_POINT('',(157.98316955566,375.884741512,
    61.611562471878));
#4123 = CARTESIAN_POINT('',(157.98316955566,375.29081699075,
    61.30842660605));
#4124 = CARTESIAN_POINT('',(157.98316955566,374.65649950791,
    61.102807975907));
#4125 = CARTESIAN_POINT('',(157.98316955566,374.0020021316,61.));
#4126 = CARTESIAN_POINT('',(157.98316955566,373.3475036621,61.));
#4127 = AXIS1_PLACEMENT('',#4128,#4129);
#4128 = CARTESIAN_POINT('',(157.98316955566,369.3475036621,66.));
#4129 = DIRECTION('',(-0.,-0.,-1.));
#4130 = DEFINITIONAL_REPRESENTATION('',(#4131),#4135);
#4131 = LINE('',#4132,#4133);
#4132 = CARTESIAN_POINT('',(-0.,0.));
#4133 = VECTOR('',#4134,1.);
#4134 = DIRECTION('',(-1.,0.));
#4135 = ( GEOMETRIC_REPRESENTATION_CONTEXT(2) 
PARAMETRIC_REPRESENTATION_CONTEXT() REPRESENTATION_CONTEXT('2D SPACE',''
  ) );
#4136 = ORIENTED_EDGE('',*,*,#3983,.F.);
#4137 = ORIENTED_EDGE('',*,*,#1551,.T.);
#4138 = ADVANCED_FACE('',(#4139),#1617,.T.);
#4139 = FACE_BOUND('',#4140,.T.);
#4140 = EDGE_LOOP('',(#4141,#4164,#4190,#4191));
#4141 = ORIENTED_EDGE('',*,*,#4142,.T.);
#4142 = EDGE_CURVE('',#1582,#4143,#4145,.T.);
#4143 = VERTEX_POINT('',#4144);
#4144 = CARTESIAN_POINT('',(189.98316955566,346.3475036621,66.));
#4145 = SURFACE_CURVE('',#4146,(#4150,#4157),.PCURVE_S1.);
#4146 = LINE('',#4147,#4148);
#4147 = CARTESIAN_POINT('',(189.98316955566,346.3475036621,100.));
#4148 = VECTOR('',#4149,1.);
#4149 = DIRECTION('',(-0.,-0.,-1.));
#4150 = PCURVE('',#1617,#4151);
#4151 = DEFINITIONAL_REPRESENTATION('',(#4152),#4156);
#4152 = LINE('',#4153,#4154);
#4153 = CARTESIAN_POINT('',(0.,0.));
#4154 = VECTOR('',#4155,1.);
#4155 = DIRECTION('',(0.,-1.));
#4156 = ( GEOMETRIC_REPRESENTATION_CONTEXT(2) 
PARAMETRIC_REPRESENTATION_CONTEXT() REPRESENTATION_CONTEXT('2D SPACE',''
  ) );
#4157 = PCURVE('',#1726,#4158);
#4158 = DEFINITIONAL_REPRESENTATION('',(#4159),#4163);
#4159 = LINE('',#4160,#4161);
#4160 = CARTESIAN_POINT('',(4.712388980385,0.));
#4161 = VECTOR('',#4162,1.);
#4162 = DIRECTION('',(0.,-1.));
#4163 = ( GEOMETRIC_REPRESENTATION_CONTEXT(2) 
PARAMETRIC_REPRESENTATION_CONTEXT() REPRESENTATION_CONTEXT('2D SPACE',''
  ) );
#4164 = ORIENTED_EDGE('',*,*,#4165,.F.);
#4165 = EDGE_CURVE('',#4010,#4143,#4166,.T.);
#4166 = SURFACE_CURVE('',#4167,(#4171,#4178),.PCURVE_S1.);
#4167 = LINE('',#4168,#4169);
#4168 = CARTESIAN_POINT('',(157.98316955566,346.3475036621,66.));
#4169 = VECTOR('',#4170,1.);
#4170 = DIRECTION('',(1.,-6.123233995737E-17,0.));
#4171 = PCURVE('',#1617,#4172);
#4172 = DEFINITIONAL_REPRESENTATION('',(#4173),#4177);
#4173 = LINE('',#4174,#4175);
#4174 = CARTESIAN_POINT('',(32.,-34.));
#4175 = VECTOR('',#4176,1.);
#4176 = DIRECTION('',(-1.,0.));
#4177 = ( GEOMETRIC_REPRESENTATION_CONTEXT(2) 
PARAMETRIC_REPRESENTATION_CONTEXT() REPRESENTATION_CONTEXT('2D SPACE',''
  ) );
#4178 = PCURVE('',#4179,#4184);
#4179 = CYLINDRICAL_SURFACE('',#4180,5.);
#4180 = AXIS2_PLACEMENT_3D('',#4181,#4182,#4183);
#4181 = CARTESIAN_POINT('',(157.98316955566,351.3475036621,66.));
#4182 = DIRECTION('',(1.,-6.123233995737E-17,0.));
#4183 = DIRECTION('',(-6.123233995737E-17,-1.,0.));
#4184 = DEFINITIONAL_REPRESENTATION('',(#4185),#4189);
#4185 = LINE('',#4186,#4187);
#4186 = CARTESIAN_POINT('',(0.,0.));
#4187 = VECTOR('',#4188,1.);
#4188 = DIRECTION('',(0.,1.));
#4189 = ( GEOMETRIC_REPRESENTATION_CONTEXT(2) 
PARAMETRIC_REPRESENTATION_CONTEXT() REPRESENTATION_CONTEXT('2D SPACE',''
  ) );
#4190 = ORIENTED_EDGE('',*,*,#4050,.F.);
#4191 = ORIENTED_EDGE('',*,*,#1603,.F.);
#4192 = ADVANCED_FACE('',(#4193),#1651,.T.);
#4193 = FACE_BOUND('',#4194,.T.);
#4194 = EDGE_LOOP('',(#4195,#4196,#4224,#4245));
#4195 = ORIENTED_EDGE('',*,*,#4075,.T.);
#4196 = ORIENTED_EDGE('',*,*,#4197,.F.);
#4197 = EDGE_CURVE('',#4198,#4076,#4200,.T.);
#4198 = VERTEX_POINT('',#4199);
#4199 = CARTESIAN_POINT('',(189.98316955566,378.3475036621,66.));
#4200 = SURFACE_CURVE('',#4201,(#4205,#4212),.PCURVE_S1.);
#4201 = LINE('',#4202,#4203);
#4202 = CARTESIAN_POINT('',(189.98316955566,378.3475036621,66.));
#4203 = VECTOR('',#4204,1.);
#4204 = DIRECTION('',(-1.,1.836970198721E-16,0.));
#4205 = PCURVE('',#1651,#4206);
#4206 = DEFINITIONAL_REPRESENTATION('',(#4207),#4211);
#4207 = LINE('',#4208,#4209);
#4208 = CARTESIAN_POINT('',(32.,-34.));
#4209 = VECTOR('',#4210,1.);
#4210 = DIRECTION('',(-1.,0.));
#4211 = ( GEOMETRIC_REPRESENTATION_CONTEXT(2) 
PARAMETRIC_REPRESENTATION_CONTEXT() REPRESENTATION_CONTEXT('2D SPACE',''
  ) );
#4212 = PCURVE('',#4213,#4218);
#4213 = CYLINDRICAL_SURFACE('',#4214,5.);
#4214 = AXIS2_PLACEMENT_3D('',#4215,#4216,#4217);
#4215 = CARTESIAN_POINT('',(189.98316955566,373.3475036621,66.));
#4216 = DIRECTION('',(-1.,1.836970198721E-16,0.));
#4217 = DIRECTION('',(1.836970198721E-16,1.,0.));
#4218 = DEFINITIONAL_REPRESENTATION('',(#4219),#4223);
#4219 = LINE('',#4220,#4221);
#4220 = CARTESIAN_POINT('',(0.,0.));
#4221 = VECTOR('',#4222,1.);
#4222 = DIRECTION('',(0.,1.));
#4223 = ( GEOMETRIC_REPRESENTATION_CONTEXT(2) 
PARAMETRIC_REPRESENTATION_CONTEXT() REPRESENTATION_CONTEXT('2D SPACE',''
  ) );
#4224 = ORIENTED_EDGE('',*,*,#4225,.F.);
#4225 = EDGE_CURVE('',#1636,#4198,#4226,.T.);
#4226 = SURFACE_CURVE('',#4227,(#4231,#4238),.PCURVE_S1.);
#4227 = LINE('',#4228,#4229);
#4228 = CARTESIAN_POINT('',(189.98316955566,378.3475036621,100.));
#4229 = VECTOR('',#4230,1.);
#4230 = DIRECTION('',(-0.,-0.,-1.));
#4231 = PCURVE('',#1651,#4232);
#4232 = DEFINITIONAL_REPRESENTATION('',(#4233),#4237);
#4233 = LINE('',#4234,#4235);
#4234 = CARTESIAN_POINT('',(32.,0.));
#4235 = VECTOR('',#4236,1.);
#4236 = DIRECTION('',(0.,-1.));
#4237 = ( GEOMETRIC_REPRESENTATION_CONTEXT(2) 
PARAMETRIC_REPRESENTATION_CONTEXT() REPRESENTATION_CONTEXT('2D SPACE',''
  ) );
#4238 = PCURVE('',#1780,#4239);
#4239 = DEFINITIONAL_REPRESENTATION('',(#4240),#4244);
#4240 = LINE('',#4241,#4242);
#4241 = CARTESIAN_POINT('',(7.853981633974,0.));
#4242 = VECTOR('',#4243,1.);
#4243 = DIRECTION('',(0.,-1.));
#4244 = ( GEOMETRIC_REPRESENTATION_CONTEXT(2) 
PARAMETRIC_REPRESENTATION_CONTEXT() REPRESENTATION_CONTEXT('2D SPACE',''
  ) );
#4245 = ORIENTED_EDGE('',*,*,#1635,.F.);
#4246 = ADVANCED_FACE('',(#4247),#1726,.F.);
#4247 = FACE_BOUND('',#4248,.F.);
#4248 = EDGE_LOOP('',(#4249,#4250,#4291,#4312));
#4249 = ORIENTED_EDGE('',*,*,#4142,.T.);
#4250 = ORIENTED_EDGE('',*,*,#4251,.T.);
#4251 = EDGE_CURVE('',#4143,#4252,#4254,.T.);
#4252 = VERTEX_POINT('',#4253);
#4253 = CARTESIAN_POINT('',(198.98316955566,355.3475036621,66.));
#4254 = SURFACE_CURVE('',#4255,(#4260,#4267),.PCURVE_S1.);
#4255 = CIRCLE('',#4256,9.);
#4256 = AXIS2_PLACEMENT_3D('',#4257,#4258,#4259);
#4257 = CARTESIAN_POINT('',(189.98316955566,355.3475036621,66.));
#4258 = DIRECTION('',(-0.,0.,1.));
#4259 = DIRECTION('',(0.,-1.,0.));
#4260 = PCURVE('',#1726,#4261);
#4261 = DEFINITIONAL_REPRESENTATION('',(#4262),#4266);
#4262 = LINE('',#4263,#4264);
#4263 = CARTESIAN_POINT('',(4.712388980385,-34.));
#4264 = VECTOR('',#4265,1.);
#4265 = DIRECTION('',(1.,0.));
#4266 = ( GEOMETRIC_REPRESENTATION_CONTEXT(2) 
PARAMETRIC_REPRESENTATION_CONTEXT() REPRESENTATION_CONTEXT('2D SPACE',''
  ) );
#4267 = PCURVE('',#4268,#4285);
#4268 = SURFACE_OF_REVOLUTION('',#4269,#4282);
#4269 = B_SPLINE_CURVE_WITH_KNOTS('',6,(#4270,#4271,#4272,#4273,#4274,
    #4275,#4276,#4277,#4278,#4279,#4280,#4281),.UNSPECIFIED.,.F.,.F.,(7,
    5,7),(0.,0.785398163397,1.570796326795),.UNSPECIFIED.);
#4270 = CARTESIAN_POINT('',(189.98316955566,346.3475036621,66.));
#4271 = CARTESIAN_POINT('',(189.98316955566,346.3475036621,
    65.345501530502));
#4272 = CARTESIAN_POINT('',(189.98316955566,346.45031163801,
    64.691004154196));
#4273 = CARTESIAN_POINT('',(189.98316955566,346.65593026816,
    64.056686671358));
#4274 = CARTESIAN_POINT('',(189.98316955566,346.95906613398,
    63.462762150104));
#4275 = CARTESIAN_POINT('',(189.98316955566,347.34916945011,
    62.927266400126));
#4276 = CARTESIAN_POINT('',(189.98316955566,348.27477006223,
    62.001665788009));
#4277 = CARTESIAN_POINT('',(189.98316955566,348.81026581221,
    61.611562471878));
#4278 = CARTESIAN_POINT('',(189.98316955566,349.40419033346,
    61.30842660605));
#4279 = CARTESIAN_POINT('',(189.98316955566,350.0385078163,
    61.102807975907));
#4280 = CARTESIAN_POINT('',(189.98316955566,350.69300519261,61.));
#4281 = CARTESIAN_POINT('',(189.98316955566,351.3475036621,61.));
#4282 = AXIS1_PLACEMENT('',#4283,#4284);
#4283 = CARTESIAN_POINT('',(189.98316955566,355.3475036621,66.));
#4284 = DIRECTION('',(-0.,-0.,-1.));
#4285 = DEFINITIONAL_REPRESENTATION('',(#4286),#4290);
#4286 = LINE('',#4287,#4288);
#4287 = CARTESIAN_POINT('',(-0.,0.));
#4288 = VECTOR('',#4289,1.);
#4289 = DIRECTION('',(-1.,0.));
#4290 = ( GEOMETRIC_REPRESENTATION_CONTEXT(2) 
PARAMETRIC_REPRESENTATION_CONTEXT() REPRESENTATION_CONTEXT('2D SPACE',''
  ) );
#4291 = ORIENTED_EDGE('',*,*,#4292,.F.);
#4292 = EDGE_CURVE('',#1688,#4252,#4293,.T.);
#4293 = SURFACE_CURVE('',#4294,(#4298,#4305),.PCURVE_S1.);
#4294 = LINE('',#4295,#4296);
#4295 = CARTESIAN_POINT('',(198.98316955566,355.3475036621,100.));
#4296 = VECTOR('',#4297,1.);
#4297 = DIRECTION('',(-0.,-0.,-1.));
#4298 = PCURVE('',#1726,#4299);
#4299 = DEFINITIONAL_REPRESENTATION('',(#4300),#4304);
#4300 = LINE('',#4301,#4302);
#4301 = CARTESIAN_POINT('',(6.28318530718,0.));
#4302 = VECTOR('',#4303,1.);
#4303 = DIRECTION('',(0.,-1.));
#4304 = ( GEOMETRIC_REPRESENTATION_CONTEXT(2) 
PARAMETRIC_REPRESENTATION_CONTEXT() REPRESENTATION_CONTEXT('2D SPACE',''
  ) );
#4305 = PCURVE('',#1810,#4306);
#4306 = DEFINITIONAL_REPRESENTATION('',(#4307),#4311);
#4307 = LINE('',#4308,#4309);
#4308 = CARTESIAN_POINT('',(14.,0.));
#4309 = VECTOR('',#4310,1.);
#4310 = DIRECTION('',(0.,-1.));
#4311 = ( GEOMETRIC_REPRESENTATION_CONTEXT(2) 
PARAMETRIC_REPRESENTATION_CONTEXT() REPRESENTATION_CONTEXT('2D SPACE',''
  ) );
#4312 = ORIENTED_EDGE('',*,*,#1711,.T.);
#4313 = ADVANCED_FACE('',(#4314),#1780,.F.);
#4314 = FACE_BOUND('',#4315,.F.);
#4315 = EDGE_LOOP('',(#4316,#4339,#4378,#4379));
#4316 = ORIENTED_EDGE('',*,*,#4317,.T.);
#4317 = EDGE_CURVE('',#1744,#4318,#4320,.T.);
#4318 = VERTEX_POINT('',#4319);
#4319 = CARTESIAN_POINT('',(198.98316955566,369.3475036621,66.));
#4320 = SURFACE_CURVE('',#4321,(#4325,#4332),.PCURVE_S1.);
#4321 = LINE('',#4322,#4323);
#4322 = CARTESIAN_POINT('',(198.98316955566,369.3475036621,100.));
#4323 = VECTOR('',#4324,1.);
#4324 = DIRECTION('',(-0.,-0.,-1.));
#4325 = PCURVE('',#1780,#4326);
#4326 = DEFINITIONAL_REPRESENTATION('',(#4327),#4331);
#4327 = LINE('',#4328,#4329);
#4328 = CARTESIAN_POINT('',(6.28318530718,0.));
#4329 = VECTOR('',#4330,1.);
#4330 = DIRECTION('',(0.,-1.));
#4331 = ( GEOMETRIC_REPRESENTATION_CONTEXT(2) 
PARAMETRIC_REPRESENTATION_CONTEXT() REPRESENTATION_CONTEXT('2D SPACE',''
  ) );
#4332 = PCURVE('',#1810,#4333);
#4333 = DEFINITIONAL_REPRESENTATION('',(#4334),#4338);
#4334 = LINE('',#4335,#4336);
#4335 = CARTESIAN_POINT('',(0.,0.));
#4336 = VECTOR('',#4337,1.);
#4337 = DIRECTION('',(0.,-1.));
#4338 = ( GEOMETRIC_REPRESENTATION_CONTEXT(2) 
PARAMETRIC_REPRESENTATION_CONTEXT() REPRESENTATION_CONTEXT('2D SPACE',''
  ) );
#4339 = ORIENTED_EDGE('',*,*,#4340,.T.);
#4340 = EDGE_CURVE('',#4318,#4198,#4341,.T.);
#4341 = SURFACE_CURVE('',#4342,(#4347,#4354),.PCURVE_S1.);
#4342 = CIRCLE('',#4343,9.);
#4343 = AXIS2_PLACEMENT_3D('',#4344,#4345,#4346);
#4344 = CARTESIAN_POINT('',(189.98316955566,369.3475036621,66.));
#4345 = DIRECTION('',(0.,0.,1.));
#4346 = DIRECTION('',(1.,0.,0.));
#4347 = PCURVE('',#1780,#4348);
#4348 = DEFINITIONAL_REPRESENTATION('',(#4349),#4353);
#4349 = LINE('',#4350,#4351);
#4350 = CARTESIAN_POINT('',(6.28318530718,-34.));
#4351 = VECTOR('',#4352,1.);
#4352 = DIRECTION('',(1.,0.));
#4353 = ( GEOMETRIC_REPRESENTATION_CONTEXT(2) 
PARAMETRIC_REPRESENTATION_CONTEXT() REPRESENTATION_CONTEXT('2D SPACE',''
  ) );
#4354 = PCURVE('',#4355,#4372);
#4355 = SURFACE_OF_REVOLUTION('',#4356,#4369);
#4356 = B_SPLINE_CURVE_WITH_KNOTS('',6,(#4357,#4358,#4359,#4360,#4361,
    #4362,#4363,#4364,#4365,#4366,#4367,#4368),.UNSPECIFIED.,.F.,.F.,(7,
    5,7),(0.,0.785398163397,1.570796326795),.UNSPECIFIED.);
#4357 = CARTESIAN_POINT('',(198.98316955566,369.3475036621,66.));
#4358 = CARTESIAN_POINT('',(198.98316955566,369.34750366211,
    65.345501530502));
#4359 = CARTESIAN_POINT('',(198.88036157975,369.3475036621,
    64.691004154196));
#4360 = CARTESIAN_POINT('',(198.67474294961,369.34750366211,
    64.056686671358));
#4361 = CARTESIAN_POINT('',(198.37160708378,369.3475036621,
    63.462762150104));
#4362 = CARTESIAN_POINT('',(197.98150376765,369.3475036621,
    62.927266400126));
#4363 = CARTESIAN_POINT('',(197.05590315553,369.3475036621,
    62.001665788009));
#4364 = CARTESIAN_POINT('',(196.52040740555,369.3475036621,
    61.611562471878));
#4365 = CARTESIAN_POINT('',(195.9264828843,369.34750366211,
    61.30842660605));
#4366 = CARTESIAN_POINT('',(195.29216540146,369.3475036621,
    61.102807975907));
#4367 = CARTESIAN_POINT('',(194.63766802516,369.3475036621,61.));
#4368 = CARTESIAN_POINT('',(193.98316955566,369.3475036621,61.));
#4369 = AXIS1_PLACEMENT('',#4370,#4371);
#4370 = CARTESIAN_POINT('',(189.98316955566,369.3475036621,66.));
#4371 = DIRECTION('',(-0.,-0.,-1.));
#4372 = DEFINITIONAL_REPRESENTATION('',(#4373),#4377);
#4373 = LINE('',#4374,#4375);
#4374 = CARTESIAN_POINT('',(-0.,0.));
#4375 = VECTOR('',#4376,1.);
#4376 = DIRECTION('',(-1.,0.));
#4377 = ( GEOMETRIC_REPRESENTATION_CONTEXT(2) 
PARAMETRIC_REPRESENTATION_CONTEXT() REPRESENTATION_CONTEXT('2D SPACE',''
  ) );
#4378 = ORIENTED_EDGE('',*,*,#4225,.F.);
#4379 = ORIENTED_EDGE('',*,*,#1765,.T.);
#4380 = ADVANCED_FACE('',(#4381),#1810,.T.);
#4381 = FACE_BOUND('',#4382,.T.);
#4382 = EDGE_LOOP('',(#4383,#4384,#4410,#4411));
#4383 = ORIENTED_EDGE('',*,*,#4317,.T.);
#4384 = ORIENTED_EDGE('',*,*,#4385,.F.);
#4385 = EDGE_CURVE('',#4252,#4318,#4386,.T.);
#4386 = SURFACE_CURVE('',#4387,(#4391,#4398),.PCURVE_S1.);
#4387 = LINE('',#4388,#4389);
#4388 = CARTESIAN_POINT('',(198.98316955566,355.3475036621,66.));
#4389 = VECTOR('',#4390,1.);
#4390 = DIRECTION('',(1.224646799147E-16,1.,0.));
#4391 = PCURVE('',#1810,#4392);
#4392 = DEFINITIONAL_REPRESENTATION('',(#4393),#4397);
#4393 = LINE('',#4394,#4395);
#4394 = CARTESIAN_POINT('',(14.,-34.));
#4395 = VECTOR('',#4396,1.);
#4396 = DIRECTION('',(-1.,0.));
#4397 = ( GEOMETRIC_REPRESENTATION_CONTEXT(2) 
PARAMETRIC_REPRESENTATION_CONTEXT() REPRESENTATION_CONTEXT('2D SPACE',''
  ) );
#4398 = PCURVE('',#4399,#4404);
#4399 = CYLINDRICAL_SURFACE('',#4400,5.);
#4400 = AXIS2_PLACEMENT_3D('',#4401,#4402,#4403);
#4401 = CARTESIAN_POINT('',(193.98316955566,355.3475036621,66.));
#4402 = DIRECTION('',(1.224646799147E-16,1.,0.));
#4403 = DIRECTION('',(1.,-1.224646799147E-16,0.));
#4404 = DEFINITIONAL_REPRESENTATION('',(#4405),#4409);
#4405 = LINE('',#4406,#4407);
#4406 = CARTESIAN_POINT('',(0.,0.));
#4407 = VECTOR('',#4408,1.);
#4408 = DIRECTION('',(0.,1.));
#4409 = ( GEOMETRIC_REPRESENTATION_CONTEXT(2) 
PARAMETRIC_REPRESENTATION_CONTEXT() REPRESENTATION_CONTEXT('2D SPACE',''
  ) );
#4410 = ORIENTED_EDGE('',*,*,#4292,.F.);
#4411 = ORIENTED_EDGE('',*,*,#1796,.F.);
#4412 = ADVANCED_FACE('',(#4413),#1841,.F.);
#4413 = FACE_BOUND('',#4414,.F.);
#4414 = EDGE_LOOP('',(#4415,#4416));
#4415 = ORIENTED_EDGE('',*,*,#2477,.T.);
#4416 = ORIENTED_EDGE('',*,*,#1827,.F.);
#4417 = ADVANCED_FACE('',(#4418),#1892,.F.);
#4418 = FACE_BOUND('',#4419,.F.);
#4419 = EDGE_LOOP('',(#4420,#4443,#4444,#4467));
#4420 = ORIENTED_EDGE('',*,*,#4421,.T.);
#4421 = EDGE_CURVE('',#4422,#1855,#4424,.T.);
#4422 = VERTEX_POINT('',#4423);
#4423 = CARTESIAN_POINT('',(192.98316955566,382.3475036621,80.));
#4424 = SURFACE_CURVE('',#4425,(#4429,#4436),.PCURVE_S1.);
#4425 = LINE('',#4426,#4427);
#4426 = CARTESIAN_POINT('',(192.98316955566,382.3475036621,80.));
#4427 = VECTOR('',#4428,1.);
#4428 = DIRECTION('',(0.,0.,1.));
#4429 = PCURVE('',#1892,#4430);
#4430 = DEFINITIONAL_REPRESENTATION('',(#4431),#4435);
#4431 = LINE('',#4432,#4433);
#4432 = CARTESIAN_POINT('',(0.,0.));
#4433 = VECTOR('',#4434,1.);
#4434 = DIRECTION('',(0.,-1.));
#4435 = ( GEOMETRIC_REPRESENTATION_CONTEXT(2) 
PARAMETRIC_REPRESENTATION_CONTEXT() REPRESENTATION_CONTEXT('2D SPACE',''
  ) );
#4436 = PCURVE('',#2543,#4437);
#4437 = DEFINITIONAL_REPRESENTATION('',(#4438),#4442);
#4438 = LINE('',#4439,#4440);
#4439 = CARTESIAN_POINT('',(-1.570796326795,0.));
#4440 = VECTOR('',#4441,1.);
#4441 = DIRECTION('',(-0.,-1.));
#4442 = ( GEOMETRIC_REPRESENTATION_CONTEXT(2) 
PARAMETRIC_REPRESENTATION_CONTEXT() REPRESENTATION_CONTEXT('2D SPACE',''
  ) );
#4443 = ORIENTED_EDGE('',*,*,#1876,.T.);
#4444 = ORIENTED_EDGE('',*,*,#4445,.F.);
#4445 = EDGE_CURVE('',#4446,#1877,#4448,.T.);
#4446 = VERTEX_POINT('',#4447);
#4447 = CARTESIAN_POINT('',(122.98316955566,382.3475036621,80.));
#4448 = SURFACE_CURVE('',#4449,(#4453,#4460),.PCURVE_S1.);
#4449 = LINE('',#4450,#4451);
#4450 = CARTESIAN_POINT('',(122.98316955566,382.3475036621,80.));
#4451 = VECTOR('',#4452,1.);
#4452 = DIRECTION('',(0.,0.,1.));
#4453 = PCURVE('',#1892,#4454);
#4454 = DEFINITIONAL_REPRESENTATION('',(#4455),#4459);
#4455 = LINE('',#4456,#4457);
#4456 = CARTESIAN_POINT('',(70.,-0.));
#4457 = VECTOR('',#4458,1.);
#4458 = DIRECTION('',(0.,-1.));
#4459 = ( GEOMETRIC_REPRESENTATION_CONTEXT(2) 
PARAMETRIC_REPRESENTATION_CONTEXT() REPRESENTATION_CONTEXT('2D SPACE',''
  ) );
#4460 = PCURVE('',#2704,#4461);
#4461 = DEFINITIONAL_REPRESENTATION('',(#4462),#4466);
#4462 = LINE('',#4463,#4464);
#4463 = CARTESIAN_POINT('',(-1.570796326795,0.));
#4464 = VECTOR('',#4465,1.);
#4465 = DIRECTION('',(-0.,-1.));
#4466 = ( GEOMETRIC_REPRESENTATION_CONTEXT(2) 
PARAMETRIC_REPRESENTATION_CONTEXT() REPRESENTATION_CONTEXT('2D SPACE',''
  ) );
#4467 = ORIENTED_EDGE('',*,*,#4468,.F.);
#4468 = EDGE_CURVE('',#4422,#4446,#4469,.T.);
#4469 = SURFACE_CURVE('',#4470,(#4474,#4481),.PCURVE_S1.);
#4470 = LINE('',#4471,#4472);
#4471 = CARTESIAN_POINT('',(202.53201652553,382.3475036621,80.));
#4472 = VECTOR('',#4473,1.);
#4473 = DIRECTION('',(-1.,-1.224646799147E-16,0.));
#4474 = PCURVE('',#1892,#4475);
#4475 = DEFINITIONAL_REPRESENTATION('',(#4476),#4480);
#4476 = LINE('',#4477,#4478);
#4477 = CARTESIAN_POINT('',(-9.548846969872,0.));
#4478 = VECTOR('',#4479,1.);
#4479 = DIRECTION('',(1.,0.));
#4480 = ( GEOMETRIC_REPRESENTATION_CONTEXT(2) 
PARAMETRIC_REPRESENTATION_CONTEXT() REPRESENTATION_CONTEXT('2D SPACE',''
  ) );
#4481 = PCURVE('',#4482,#4487);
#4482 = PLANE('',#4483);
#4483 = AXIS2_PLACEMENT_3D('',#4484,#4485,#4486);
#4484 = CARTESIAN_POINT('',(157.98316955566,362.3475036621,80.));
#4485 = DIRECTION('',(0.,0.,1.));
#4486 = DIRECTION('',(1.,0.,0.));
#4487 = DEFINITIONAL_REPRESENTATION('',(#4488),#4492);
#4488 = LINE('',#4489,#4490);
#4489 = CARTESIAN_POINT('',(44.548846969872,20.));
#4490 = VECTOR('',#4491,1.);
#4491 = DIRECTION('',(-1.,-1.224646799147E-16));
#4492 = ( GEOMETRIC_REPRESENTATION_CONTEXT(2) 
PARAMETRIC_REPRESENTATION_CONTEXT() REPRESENTATION_CONTEXT('2D SPACE',''
  ) );
#4493 = ADVANCED_FACE('',(#4494),#1947,.F.);
#4494 = FACE_BOUND('',#4495,.F.);
#4495 = EDGE_LOOP('',(#4496,#4524,#4525,#4526,#4554));
#4496 = ORIENTED_EDGE('',*,*,#4497,.F.);
#4497 = EDGE_CURVE('',#1931,#4498,#4500,.T.);
#4498 = VERTEX_POINT('',#4499);
#4499 = CARTESIAN_POINT('',(181.97636229241,381.64658167263,87.));
#4500 = SURFACE_CURVE('',#4501,(#4505,#4512),.PCURVE_S1.);
#4501 = LINE('',#4502,#4503);
#4502 = CARTESIAN_POINT('',(172.97124549172,381.52794472662,87.));
#4503 = VECTOR('',#4504,1.);
#4504 = DIRECTION('',(0.999913228982,1.317324965273E-02,0.));
#4505 = PCURVE('',#1947,#4506);
#4506 = DEFINITIONAL_REPRESENTATION('',(#4507),#4511);
#4507 = LINE('',#4508,#4509);
#4508 = CARTESIAN_POINT('',(14.988075936058,19.180441064514));
#4509 = VECTOR('',#4510,1.);
#4510 = DIRECTION('',(0.999913228982,1.317324965273E-02));
#4511 = ( GEOMETRIC_REPRESENTATION_CONTEXT(2) 
PARAMETRIC_REPRESENTATION_CONTEXT() REPRESENTATION_CONTEXT('2D SPACE',''
  ) );
#4512 = PCURVE('',#4513,#4518);
#4513 = PLANE('',#4514);
#4514 = AXIS2_PLACEMENT_3D('',#4515,#4516,#4517);
#4515 = CARTESIAN_POINT('',(172.97124549172,381.52794472662,87.));
#4516 = DIRECTION('',(-1.317324965273E-02,0.999913228982,0.));
#4517 = DIRECTION('',(0.999913228982,1.317324965273E-02,0.));
#4518 = DEFINITIONAL_REPRESENTATION('',(#4519),#4523);
#4519 = LINE('',#4520,#4521);
#4520 = CARTESIAN_POINT('',(0.,0.));
#4521 = VECTOR('',#4522,1.);
#4522 = DIRECTION('',(1.,0.));
#4523 = ( GEOMETRIC_REPRESENTATION_CONTEXT(2) 
PARAMETRIC_REPRESENTATION_CONTEXT() REPRESENTATION_CONTEXT('2D SPACE',''
  ) );
#4524 = ORIENTED_EDGE('',*,*,#1928,.F.);
#4525 = ORIENTED_EDGE('',*,*,#2433,.F.);
#4526 = ORIENTED_EDGE('',*,*,#4527,.T.);
#4527 = EDGE_CURVE('',#2405,#4528,#4530,.T.);
#4528 = VERTEX_POINT('',#4529);
#4529 = CARTESIAN_POINT('',(181.97636229241,379.70397404896,87.));
#4530 = SURFACE_CURVE('',#4531,(#4535,#4542),.PCURVE_S1.);
#4531 = LINE('',#4532,#4533);
#4532 = CARTESIAN_POINT('',(172.97124549172,379.82261099497,87.));
#4533 = VECTOR('',#4534,1.);
#4534 = DIRECTION('',(0.999913228982,-1.317324965273E-02,-0.));
#4535 = PCURVE('',#1947,#4536);
#4536 = DEFINITIONAL_REPRESENTATION('',(#4537),#4541);
#4537 = LINE('',#4538,#4539);
#4538 = CARTESIAN_POINT('',(14.988075936058,17.475107332868));
#4539 = VECTOR('',#4540,1.);
#4540 = DIRECTION('',(0.999913228982,-1.317324965273E-02));
#4541 = ( GEOMETRIC_REPRESENTATION_CONTEXT(2) 
PARAMETRIC_REPRESENTATION_CONTEXT() REPRESENTATION_CONTEXT('2D SPACE',''
  ) );
#4542 = PCURVE('',#4543,#4548);
#4543 = PLANE('',#4544);
#4544 = AXIS2_PLACEMENT_3D('',#4545,#4546,#4547);
#4545 = CARTESIAN_POINT('',(172.97124549172,379.82261099497,87.));
#4546 = DIRECTION('',(1.317324965273E-02,0.999913228982,-0.));
#4547 = DIRECTION('',(0.999913228982,-1.317324965273E-02,0.));
#4548 = DEFINITIONAL_REPRESENTATION('',(#4549),#4553);
#4549 = LINE('',#4550,#4551);
#4550 = CARTESIAN_POINT('',(0.,0.));
#4551 = VECTOR('',#4552,1.);
#4552 = DIRECTION('',(1.,0.));
#4553 = ( GEOMETRIC_REPRESENTATION_CONTEXT(2) 
PARAMETRIC_REPRESENTATION_CONTEXT() REPRESENTATION_CONTEXT('2D SPACE',''
  ) );
#4554 = ORIENTED_EDGE('',*,*,#4555,.T.);
#4555 = EDGE_CURVE('',#4528,#4498,#4556,.T.);
#4556 = SURFACE_CURVE('',#4557,(#4562,#4569),.PCURVE_S1.);
#4557 = CIRCLE('',#4558,0.971388100173);
#4558 = AXIS2_PLACEMENT_3D('',#4559,#4560,#4561);
#4559 = CARTESIAN_POINT('',(181.98915863037,380.6752778608,87.));
#4560 = DIRECTION('',(0.,-0.,1.));
#4561 = DIRECTION('',(1.,0.,0.));
#4562 = PCURVE('',#1947,#4563);
#4563 = DEFINITIONAL_REPRESENTATION('',(#4564),#4568);
#4564 = CIRCLE('',#4565,0.971388100173);
#4565 = AXIS2_PLACEMENT_2D('',#4566,#4567);
#4566 = CARTESIAN_POINT('',(24.005989074707,18.327774198691));
#4567 = DIRECTION('',(1.,0.));
#4568 = ( GEOMETRIC_REPRESENTATION_CONTEXT(2) 
PARAMETRIC_REPRESENTATION_CONTEXT() REPRESENTATION_CONTEXT('2D SPACE',''
  ) );
#4569 = PCURVE('',#4570,#4575);
#4570 = CYLINDRICAL_SURFACE('',#4571,0.971388100173);
#4571 = AXIS2_PLACEMENT_3D('',#4572,#4573,#4574);
#4572 = CARTESIAN_POINT('',(181.98915863037,380.6752778608,87.));
#4573 = DIRECTION('',(-0.,0.,-1.));
#4574 = DIRECTION('',(1.,0.,0.));
#4575 = DEFINITIONAL_REPRESENTATION('',(#4576),#4580);
#4576 = LINE('',#4577,#4578);
#4577 = CARTESIAN_POINT('',(-0.,0.));
#4578 = VECTOR('',#4579,1.);
#4579 = DIRECTION('',(-1.,0.));
#4580 = ( GEOMETRIC_REPRESENTATION_CONTEXT(2) 
PARAMETRIC_REPRESENTATION_CONTEXT() REPRESENTATION_CONTEXT('2D SPACE',''
  ) );
#4581 = ADVANCED_FACE('',(#4582),#1976,.T.);
#4582 = FACE_BOUND('',#4583,.T.);
#4583 = EDGE_LOOP('',(#4584,#4585,#4689,#4718));
#4584 = ORIENTED_EDGE('',*,*,#1959,.T.);
#4585 = ORIENTED_EDGE('',*,*,#4586,.T.);
#4586 = EDGE_CURVE('',#1960,#4587,#4589,.T.);
#4587 = VERTEX_POINT('',#4588);
#4588 = CARTESIAN_POINT('',(172.86736322488,379.83034273713,
    86.999999987737));
#4589 = SURFACE_CURVE('',#4590,(#4621,#4655),.PCURVE_S1.);
#4590 = B_SPLINE_CURVE_WITH_KNOTS('',8,(#4591,#4592,#4593,#4594,#4595,
    #4596,#4597,#4598,#4599,#4600,#4601,#4602,#4603,#4604,#4605,#4606,
    #4607,#4608,#4609,#4610,#4611,#4612,#4613,#4614,#4615,#4616,#4617,
    #4618,#4619,#4620),.UNSPECIFIED.,.F.,.F.,(9,7,7,7,9),(0.,
    0.196401216996,0.45013344302,0.682334493346,1.),.UNSPECIFIED.);
#4591 = CARTESIAN_POINT('',(172.08716104189,379.3234312529,87.));
#4592 = CARTESIAN_POINT('',(172.11694309773,379.37123808871,87.));
#4593 = CARTESIAN_POINT('',(172.15020209412,379.418483736,87.));
#4594 = CARTESIAN_POINT('',(172.18703432334,379.46524225809,87.));
#4595 = CARTESIAN_POINT('',(172.22780843836,379.51144337167,87.));
#4596 = CARTESIAN_POINT('',(172.27316545277,379.55687244672,87.));
#4597 = CARTESIAN_POINT('',(172.32401874087,379.6011705066,87.));
#4598 = CARTESIAN_POINT('',(172.3815540376,379.64383422797,87.));
#4599 = CARTESIAN_POINT('',(172.53207598858,379.73638538285,87.));
#4600 = CARTESIAN_POINT('',(172.62779272186,379.78266696142,87.));
#4601 = CARTESIAN_POINT('',(172.73080719029,379.81786114622,87.));
#4602 = CARTESIAN_POINT('',(172.8363815111,379.83896661395,87.));
#4603 = CARTESIAN_POINT('',(172.93857313307,379.8459402371,87.));
#4604 = CARTESIAN_POINT('',(173.0314023522,379.84090824034,87.));
#4605 = CARTESIAN_POINT('',(173.10794607775,379.83044194516,87.));
#4606 = CARTESIAN_POINT('',(173.21263336393,379.81126033824,87.));
#4607 = CARTESIAN_POINT('',(173.26239640672,379.79914511808,87.));
#4608 = CARTESIAN_POINT('',(173.31161642423,379.78412366691,87.));
#4609 = CARTESIAN_POINT('',(173.36004875654,379.76624840765,87.));
#4610 = CARTESIAN_POINT('',(173.40748579877,379.74558104231,87.));
#4611 = CARTESIAN_POINT('',(173.45375700104,379.72219255204,87.));
#4612 = CARTESIAN_POINT('',(173.49872886849,379.69616319708,87.));
#4613 = CARTESIAN_POINT('',(173.60191977172,379.62848236517,87.));
#4614 = CARTESIAN_POINT('',(173.65465543099,379.58754351186,87.));
#4615 = CARTESIAN_POINT('',(173.70165565902,379.54525665693,87.));
#4616 = CARTESIAN_POINT('',(173.74385748743,379.50200756321,87.));
#4617 = CARTESIAN_POINT('',(173.78199125953,379.45807705626,87.));
#4618 = CARTESIAN_POINT('',(173.81658063036,379.41364102439,87.));
#4619 = CARTESIAN_POINT('',(173.84794256664,379.36877041867,87.));
#4620 = CARTESIAN_POINT('',(173.87618734678,379.3234312529,87.));
#4621 = PCURVE('',#1976,#4622);
#4622 = DEFINITIONAL_REPRESENTATION('',(#4623),#4654);
#4623 = B_SPLINE_CURVE_WITH_KNOTS('',8,(#4624,#4625,#4626,#4627,#4628,
    #4629,#4630,#4631,#4632,#4633,#4634,#4635,#4636,#4637,#4638,#4639,
    #4640,#4641,#4642,#4643,#4644,#4645,#4646,#4647,#4648,#4649,#4650,
    #4651,#4652,#4653),.UNSPECIFIED.,.F.,.F.,(9,7,7,7,9),(0.,
    0.196401216996,0.45013344302,0.682334493346,1.),.UNSPECIFIED.);
#4624 = CARTESIAN_POINT('',(14.103991486227,16.9759275908));
#4625 = CARTESIAN_POINT('',(14.133773542066,17.023734426608));
#4626 = CARTESIAN_POINT('',(14.167032538457,17.070980073894));
#4627 = CARTESIAN_POINT('',(14.203864767684,17.117738595989));
#4628 = CARTESIAN_POINT('',(14.244638882699,17.163939709561));
#4629 = CARTESIAN_POINT('',(14.289995897114,17.209368784615));
#4630 = CARTESIAN_POINT('',(14.340849185212,17.25366684449));
#4631 = CARTESIAN_POINT('',(14.398384481938,17.296330565863));
#4632 = CARTESIAN_POINT('',(14.548906432925,17.388881720749));
#4633 = CARTESIAN_POINT('',(14.644623166205,17.435163299311));
#4634 = CARTESIAN_POINT('',(14.747637634627,17.470357484118));
#4635 = CARTESIAN_POINT('',(14.853211955445,17.491462951848));
#4636 = CARTESIAN_POINT('',(14.955403577409,17.498436574995));
#4637 = CARTESIAN_POINT('',(15.048232796543,17.49340457823));
#4638 = CARTESIAN_POINT('',(15.124776522089,17.482938283054));
#4639 = CARTESIAN_POINT('',(15.229463808274,17.463756676139));
#4640 = CARTESIAN_POINT('',(15.279226851057,17.451641455974));
#4641 = CARTESIAN_POINT('',(15.328446868566,17.436620004807));
#4642 = CARTESIAN_POINT('',(15.376879200882,17.418744745543));
#4643 = CARTESIAN_POINT('',(15.424316243111,17.398077380206));
#4644 = CARTESIAN_POINT('',(15.470587445376,17.374688889932));
#4645 = CARTESIAN_POINT('',(15.515559312826,17.348659534975));
#4646 = CARTESIAN_POINT('',(15.618750216065,17.280978703069));
#4647 = CARTESIAN_POINT('',(15.671485875335,17.24003984975));
#4648 = CARTESIAN_POINT('',(15.718486103361,17.197752994822));
#4649 = CARTESIAN_POINT('',(15.760687931766,17.1545039011));
#4650 = CARTESIAN_POINT('',(15.798821703873,17.110573394151));
#4651 = CARTESIAN_POINT('',(15.833411074703,17.066137362287));
#4652 = CARTESIAN_POINT('',(15.864773010977,17.021266756567));
#4653 = CARTESIAN_POINT('',(15.893017791117,16.9759275908));
#4654 = ( GEOMETRIC_REPRESENTATION_CONTEXT(2) 
PARAMETRIC_REPRESENTATION_CONTEXT() REPRESENTATION_CONTEXT('2D SPACE',''
  ) );
#4655 = PCURVE('',#2086,#4656);
#4656 = DEFINITIONAL_REPRESENTATION('',(#4657),#4688);
#4657 = B_SPLINE_CURVE_WITH_KNOTS('',8,(#4658,#4659,#4660,#4661,#4662,
    #4663,#4664,#4665,#4666,#4667,#4668,#4669,#4670,#4671,#4672,#4673,
    #4674,#4675,#4676,#4677,#4678,#4679,#4680,#4681,#4682,#4683,#4684,
    #4685,#4686,#4687),.UNSPECIFIED.,.F.,.F.,(9,7,7,7,9),(0.,
    0.196401216996,0.45013344302,0.682334493346,1.),.UNSPECIFIED.);
#4658 = CARTESIAN_POINT('',(2.549627542051,0.190898610195));
#4659 = CARTESIAN_POINT('',(2.500116488507,0.190545532876));
#4660 = CARTESIAN_POINT('',(2.449089232594,0.190198064258));
#4661 = CARTESIAN_POINT('',(2.396444684614,0.189855651568));
#4662 = CARTESIAN_POINT('',(2.341856821593,0.189518751862));
#4663 = CARTESIAN_POINT('',(2.284774687274,0.189188832032));
#4664 = CARTESIAN_POINT('',(2.224422392121,0.188868368798));
#4665 = CARTESIAN_POINT('',(2.159799113319,0.188560848715));
#4666 = CARTESIAN_POINT('',(1.999090509492,0.187896010902));
#4667 = CARTESIAN_POINT('',(1.902268439179,0.187565250346));
#4668 = CARTESIAN_POINT('',(1.803208151264,0.187315147669));
#4669 = CARTESIAN_POINT('',(1.705139827381,0.187165753629));
#4670 = CARTESIAN_POINT('',(1.611548677568,0.187116148553));
#4671 = CARTESIAN_POINT('',(1.525896477048,0.187151792952));
#4672 = CARTESIAN_POINT('',(1.45454239331,0.187226142634));
#4673 = CARTESIAN_POINT('',(1.356263456901,0.187362516519));
#4674 = CARTESIAN_POINT('',(1.309122852956,0.187448699669));
#4675 = CARTESIAN_POINT('',(1.261903783032,0.187555657647));
#4676 = CARTESIAN_POINT('',(1.214675485586,0.187683101398));
#4677 = CARTESIAN_POINT('',(1.167476451303,0.187830695478));
#4678 = CARTESIAN_POINT('',(1.120314423097,0.187998058059));
#4679 = CARTESIAN_POINT('',(1.073166396113,0.188184760924));
#4680 = CARTESIAN_POINT('',(0.961422796341,0.188671560049));
#4681 = CARTESIAN_POINT('',(0.901425879904,0.188966992655));
#4682 = CARTESIAN_POINT('',(0.845022824584,0.18927322473));
#4683 = CARTESIAN_POINT('',(0.791419674141,0.189587586894));
#4684 = CARTESIAN_POINT('',(0.739993559928,0.189908142951));
#4685 = CARTESIAN_POINT('',(0.690292700887,0.190233689883));
#4686 = CARTESIAN_POINT('',(0.642036403551,0.19056375785));
#4687 = CARTESIAN_POINT('',(0.595115062043,0.190898610195));
#4688 = ( GEOMETRIC_REPRESENTATION_CONTEXT(2) 
PARAMETRIC_REPRESENTATION_CONTEXT() REPRESENTATION_CONTEXT('2D SPACE',''
  ) );
#4689 = ORIENTED_EDGE('',*,*,#4690,.F.);
#4690 = EDGE_CURVE('',#4691,#4587,#4693,.T.);
#4691 = VERTEX_POINT('',#4692);
#4692 = CARTESIAN_POINT('',(172.97124549172,381.52794472662,87.));
#4693 = SURFACE_CURVE('',#4694,(#4699,#4706),.PCURVE_S1.);
#4694 = CIRCLE('',#4695,0.852740859015);
#4695 = AXIS2_PLACEMENT_3D('',#4696,#4697,#4698);
#4696 = CARTESIAN_POINT('',(172.98247885994,380.6752778608,87.));
#4697 = DIRECTION('',(0.,-0.,1.));
#4698 = DIRECTION('',(1.,0.,0.));
#4699 = PCURVE('',#1976,#4700);
#4700 = DEFINITIONAL_REPRESENTATION('',(#4701),#4705);
#4701 = CIRCLE('',#4702,0.852740859015);
#4702 = AXIS2_PLACEMENT_2D('',#4703,#4704);
#4703 = CARTESIAN_POINT('',(14.999309304283,18.327774198691));
#4704 = DIRECTION('',(1.,0.));
#4705 = ( GEOMETRIC_REPRESENTATION_CONTEXT(2) 
PARAMETRIC_REPRESENTATION_CONTEXT() REPRESENTATION_CONTEXT('2D SPACE',''
  ) );
#4706 = PCURVE('',#4707,#4712);
#4707 = CYLINDRICAL_SURFACE('',#4708,0.852740859015);
#4708 = AXIS2_PLACEMENT_3D('',#4709,#4710,#4711);
#4709 = CARTESIAN_POINT('',(172.98247885994,380.6752778608,87.));
#4710 = DIRECTION('',(-0.,0.,-1.));
#4711 = DIRECTION('',(1.,0.,0.));
#4712 = DEFINITIONAL_REPRESENTATION('',(#4713),#4717);
#4713 = LINE('',#4714,#4715);
#4714 = CARTESIAN_POINT('',(-0.,0.));
#4715 = VECTOR('',#4716,1.);
#4716 = DIRECTION('',(-1.,0.));
#4717 = ( GEOMETRIC_REPRESENTATION_CONTEXT(2) 
PARAMETRIC_REPRESENTATION_CONTEXT() REPRESENTATION_CONTEXT('2D SPACE',''
  ) );
#4718 = ORIENTED_EDGE('',*,*,#4719,.T.);
#4719 = EDGE_CURVE('',#4691,#1931,#4720,.T.);
#4720 = SURFACE_CURVE('',#4721,(#4725,#4732),.PCURVE_S1.);
#4721 = LINE('',#4722,#4723);
#4722 = CARTESIAN_POINT('',(172.97124549172,381.52794472662,87.));
#4723 = VECTOR('',#4724,1.);
#4724 = DIRECTION('',(0.999913228982,1.317324965273E-02,0.));
#4725 = PCURVE('',#1976,#4726);
#4726 = DEFINITIONAL_REPRESENTATION('',(#4727),#4731);
#4727 = LINE('',#4728,#4729);
#4728 = CARTESIAN_POINT('',(14.988075936058,19.180441064514));
#4729 = VECTOR('',#4730,1.);
#4730 = DIRECTION('',(0.999913228982,1.317324965273E-02));
#4731 = ( GEOMETRIC_REPRESENTATION_CONTEXT(2) 
PARAMETRIC_REPRESENTATION_CONTEXT() REPRESENTATION_CONTEXT('2D SPACE',''
  ) );
#4732 = PCURVE('',#4513,#4733);
#4733 = DEFINITIONAL_REPRESENTATION('',(#4734),#4738);
#4734 = LINE('',#4735,#4736);
#4735 = CARTESIAN_POINT('',(0.,0.));
#4736 = VECTOR('',#4737,1.);
#4737 = DIRECTION('',(1.,0.));
#4738 = ( GEOMETRIC_REPRESENTATION_CONTEXT(2) 
PARAMETRIC_REPRESENTATION_CONTEXT() REPRESENTATION_CONTEXT('2D SPACE',''
  ) );
#4739 = ADVANCED_FACE('',(#4740),#2086,.T.);
#4740 = FACE_BOUND('',#4741,.T.);
#4741 = EDGE_LOOP('',(#4742,#4794,#4955,#4956,#4957,#5061,#5090,#5120,
    #5121));
#4742 = ORIENTED_EDGE('',*,*,#4743,.T.);
#4743 = EDGE_CURVE('',#1989,#4744,#4746,.T.);
#4744 = VERTEX_POINT('',#4745);
#4745 = CARTESIAN_POINT('',(174.05960671332,363.81569472111,
    88.846203304059));
#4746 = SEAM_CURVE('',#4747,(#4781,#4787),.PCURVE_S1.);
#4747 = ( BOUNDED_CURVE() B_SPLINE_CURVE(9,(#4748,#4749,#4750,#4751,
    #4752,#4753,#4754,#4755,#4756,#4757,#4758,#4759,#4760,#4761,#4762,
    #4763,#4764,#4765,#4766,#4767,#4768,#4769,#4770,#4771,#4772,#4773,
    #4774,#4775,#4776,#4777,#4778,#4779,#4780),.UNSPECIFIED.,.F.,.F.) 
B_SPLINE_CURVE_WITH_KNOTS((10,7,8,8,10),(0.,0.316891623531,
0.633783247062,0.799305930975,1.),.UNSPECIFIED.) CURVE() 
GEOMETRIC_REPRESENTATION_ITEM() RATIONAL_B_SPLINE_CURVE((1.669078461068,
    1.669078461068,1.669078461068,1.669078461068,1.669078461068,
    1.669078461068,1.669078461068,1.669078461068,1.669078461068,
    1.669078461068,1.669078461068,1.669078461068,1.669078461068,
    1.669078461068,1.669078461068,1.669078461068,1.669078461068,
    1.669078461068,1.669078461068,1.669078461069,1.669078461068,
    1.669078461068,1.669078461068,1.669078461068,1.669078461068,
    1.669078461068,1.669078461068,1.669078461068,1.669078461068,
    1.669078461068,1.669078461068,1.669078461068,1.669078461068)) 
REPRESENTATION_ITEM('') );
#4748 = CARTESIAN_POINT('',(174.05960671332,380.52752685546,82.));
#4749 = CARTESIAN_POINT('',(174.05960671332,380.31714646514,
    82.84561490315));
#4750 = CARTESIAN_POINT('',(174.05960671332,380.05429291685,
    83.732478757796));
#4751 = CARTESIAN_POINT('',(174.05960671332,379.74082069923,
    84.646963986594));
#4752 = CARTESIAN_POINT('',(174.05960671332,379.37858430089,
    85.575443012199));
#4753 = CARTESIAN_POINT('',(174.05960671332,378.96943821043,
    86.504288257269));
#4754 = CARTESIAN_POINT('',(174.05960671332,378.51523691647,
    87.419872144455));
#4755 = CARTESIAN_POINT('',(174.05960671332,378.01783490763,
    88.308567096416));
#4756 = CARTESIAN_POINT('',(174.05960671332,376.94033843739,
    90.004923975196));
#4757 = CARTESIAN_POINT('',(174.05960671332,375.70487501651,
    91.484704494315));
#4758 = CARTESIAN_POINT('',(174.05960671332,375.04950605703,
    92.156823086614));
#4759 = CARTESIAN_POINT('',(174.05960671332,374.35835433711,
    92.747542434309));
#4760 = CARTESIAN_POINT('',(174.05960671332,373.63327434537,
    93.243234960054));
#4761 = CARTESIAN_POINT('',(174.05960671332,372.87612057043,
    93.630273086506));
#4762 = CARTESIAN_POINT('',(174.05960671332,372.08874750089,
    93.89502923632));
#4763 = CARTESIAN_POINT('',(174.05960671332,371.27300962537,
    94.023875832151));
#4764 = CARTESIAN_POINT('',(174.05960671332,369.99082812072,
    93.992377964707));
#4765 = CARTESIAN_POINT('',(174.05960671332,369.54366197581,
    93.940772285953));
#4766 = CARTESIAN_POINT('',(174.05960671332,369.09363099273,
    93.850447177238));
#4767 = CARTESIAN_POINT('',(174.05960671332,368.64510316646,
    93.723481555404));
#4768 = CARTESIAN_POINT('',(174.05960671332,368.20244649201,
    93.561954337297));
#4769 = CARTESIAN_POINT('',(174.05960671332,367.77002896435,
    93.367944439758));
#4770 = CARTESIAN_POINT('',(174.05960671332,367.35221857848,
    93.143530779633));
#4771 = CARTESIAN_POINT('',(174.05960671332,366.95338332939,
    92.890792273766));
#4772 = CARTESIAN_POINT('',(174.05960671332,366.12261197702,
    92.273542894979));
#4773 = CARTESIAN_POINT('',(174.05960671332,365.70165004572,
    91.896693174801));
#4774 = CARTESIAN_POINT('',(174.05960671332,365.31492581827,
    91.485768902358));
#4775 = CARTESIAN_POINT('',(174.05960671332,364.96235969479,
    91.04528030154));
#4776 = CARTESIAN_POINT('',(174.05960671332,364.64387207539,
    90.579737596238));
#4777 = CARTESIAN_POINT('',(174.05960671332,364.35938336018,
    90.093651010344));
#4778 = CARTESIAN_POINT('',(174.05960671332,364.10881394928,
    89.591530767748));
#4779 = CARTESIAN_POINT('',(174.05960671332,363.89208424279,
    89.077887092343));
#4780 = CARTESIAN_POINT('',(174.05960671332,363.70911464083,
    88.557230208018));
#4781 = PCURVE('',#2086,#4782);
#4782 = DEFINITIONAL_REPRESENTATION('',(#4783),#4786);
#4783 = B_SPLINE_CURVE_WITH_KNOTS('',1,(#4784,#4785),.UNSPECIFIED.,.F.,
  .F.,(2,2),(0.,1.),.PIECEWISE_BEZIER_KNOTS.);
#4784 = CARTESIAN_POINT('',(6.28318530718,0.));
#4785 = CARTESIAN_POINT('',(6.28318530718,1.));
#4786 = ( GEOMETRIC_REPRESENTATION_CONTEXT(2) 
PARAMETRIC_REPRESENTATION_CONTEXT() REPRESENTATION_CONTEXT('2D SPACE',''
  ) );
#4787 = PCURVE('',#2086,#4788);
#4788 = DEFINITIONAL_REPRESENTATION('',(#4789),#4793);
#4789 = LINE('',#4790,#4791);
#4790 = CARTESIAN_POINT('',(0.,0.));
#4791 = VECTOR('',#4792,1.);
#4792 = DIRECTION('',(0.,1.));
#4793 = ( GEOMETRIC_REPRESENTATION_CONTEXT(2) 
PARAMETRIC_REPRESENTATION_CONTEXT() REPRESENTATION_CONTEXT('2D SPACE',''
  ) );
#4794 = ORIENTED_EDGE('',*,*,#4795,.F.);
#4795 = EDGE_CURVE('',#4744,#4744,#4796,.T.);
#4796 = SURFACE_CURVE('',#4797,(#4827,#4860),.PCURVE_S1.);
#4797 = ( BOUNDED_CURVE() B_SPLINE_CURVE(10,(#4798,#4799,#4800,#4801,
    #4802,#4803,#4804,#4805,#4806,#4807,#4808,#4809,#4810,#4811,#4812,
    #4813,#4814,#4815,#4816,#4817,#4818,#4819,#4820,#4821,#4822,#4823,
#4824,#4825,#4826),.UNSPECIFIED.,.T.,.F.) B_SPLINE_CURVE_WITH_KNOTS((11,
    9,9,11),(7.057601158075E-02,3.421712888509,6.772849765436,
6.843425777017),.UNSPECIFIED.) CURVE() GEOMETRIC_REPRESENTATION_ITEM() 
RATIONAL_B_SPLINE_CURVE((1.,1.,1.,1.,1.,1.,1.,1.,1.,1.,1.,1.,1.,1.,1.,1.
,1.,1.,1.,1.,1.,1.,1.,1.,1.,1.,1.,1.,1.)) REPRESENTATION_ITEM('') );
#4798 = CARTESIAN_POINT('',(174.05960671332,363.81569472111,
    88.846203304059));
#4799 = CARTESIAN_POINT('',(174.05960671332,363.52652725584,
    89.01171297876));
#4800 = CARTESIAN_POINT('',(173.9408772199,363.22816574212,
    89.183881610634));
#4801 = CARTESIAN_POINT('',(173.69027104567,362.96538849159,
    89.337910103172));
#4802 = CARTESIAN_POINT('',(173.32760495899,362.79717686248,
    89.438878384464));
#4803 = CARTESIAN_POINT('',(172.91697103464,362.75178578466,
    89.466652947721));
#4804 = CARTESIAN_POINT('',(172.51569738899,362.83372440963,
    89.416875492931));
#4805 = CARTESIAN_POINT('',(172.17790923385,363.03131400716,
    89.298817688434));
#4806 = CARTESIAN_POINT('',(171.96009454321,363.31143421845,
    89.135363557558));
#4807 = CARTESIAN_POINT('',(171.8751501066,363.61742882336,
    88.959359442631));
#4808 = CARTESIAN_POINT('',(171.94299658008,364.19640775191,
    88.628744370409));
#4809 = CARTESIAN_POINT('',(172.0956820365,364.46924512938,
    88.474231286914));
#4810 = CARTESIAN_POINT('',(172.35383748469,364.68266682875,
    88.35420057556));
#4811 = CARTESIAN_POINT('',(172.67335337723,364.80072860707,
    88.286812554198));
#4812 = CARTESIAN_POINT('',(172.99975591174,364.83051278644,
    88.268561880752));
#4813 = CARTESIAN_POINT('',(173.32303854939,364.79404906626,
    88.290711137858));
#4814 = CARTESIAN_POINT('',(173.64549329445,364.66713397206,
    88.363013860308));
#4815 = CARTESIAN_POINT('',(173.89590627192,364.4413352344,
    88.489942432975));
#4816 = CARTESIAN_POINT('',(174.0349741596,364.16303998406,
    88.647681001609));
#4817 = CARTESIAN_POINT('',(174.05772140242,363.8703201664,
    88.814959757715));
#4818 = CARTESIAN_POINT('',(174.05813902593,363.86427505384,
    88.818414904662));
#4819 = CARTESIAN_POINT('',(174.05850494693,363.85822286689,
    88.821874685362));
#4820 = CARTESIAN_POINT('',(174.05881902243,363.85216402513,
    88.825338866585));
#4821 = CARTESIAN_POINT('',(174.05908110947,363.84609894817,
    88.828807215101));
#4822 = CARTESIAN_POINT('',(174.05929106505,363.8400280556,
    88.832279497682));
#4823 = CARTESIAN_POINT('',(174.05944874621,363.83395176701,
    88.835755481097));
#4824 = CARTESIAN_POINT('',(174.05955400996,363.827870502,
    88.839234932118));
#4825 = CARTESIAN_POINT('',(174.05960671332,363.82178468017,
    88.842717617515));
#4826 = CARTESIAN_POINT('',(174.05960671332,363.81569472111,
    88.846203304059));
#4827 = PCURVE('',#2086,#4828);
#4828 = DEFINITIONAL_REPRESENTATION('',(#4829),#4859);
#4829 = B_SPLINE_CURVE_WITH_KNOTS('',10,(#4830,#4831,#4832,#4833,#4834,
    #4835,#4836,#4837,#4838,#4839,#4840,#4841,#4842,#4843,#4844,#4845,
    #4846,#4847,#4848,#4849,#4850,#4851,#4852,#4853,#4854,#4855,#4856,
    #4857,#4858),.UNSPECIFIED.,.F.,.F.,(11,9,9,11),(7.057601158075E-02,
    3.421712888509,6.772849765436,6.843425777017),.UNSPECIFIED.);
#4830 = CARTESIAN_POINT('',(-1.951875619288E-16,0.987578228699));
#4831 = CARTESIAN_POINT('',(0.319512336508,0.988858779318));
#4832 = CARTESIAN_POINT('',(0.644411580696,0.990035661646));
#4833 = CARTESIAN_POINT('',(0.971347351089,0.990878959327));
#4834 = CARTESIAN_POINT('',(1.296628203473,0.991298463713));
#4835 = CARTESIAN_POINT('',(1.622131479019,0.991386760606));
#4836 = CARTESIAN_POINT('',(1.947676660896,0.991208911387));
#4837 = CARTESIAN_POINT('',(2.273236568735,0.990691694815));
#4838 = CARTESIAN_POINT('',(2.600479499947,0.989745447458));
#4839 = CARTESIAN_POINT('',(2.924288791185,0.988491461378));
#4840 = CARTESIAN_POINT('',(3.557899652894,0.985843872953));
#4841 = CARTESIAN_POINT('',(3.867626283104,0.98444855125));
#4842 = CARTESIAN_POINT('',(4.167062938108,0.98320767592));
#4843 = CARTESIAN_POINT('',(4.451053974127,0.982425273605));
#4844 = CARTESIAN_POINT('',(4.727016237391,0.982344549777));
#4845 = CARTESIAN_POINT('',(5.002547062302,0.98245923625));
#4846 = CARTESIAN_POINT('',(5.288373666083,0.983309052757));
#4847 = CARTESIAN_POINT('',(5.58925910826,0.984605825425));
#4848 = CARTESIAN_POINT('',(5.899620396405,0.986009600286));
#4849 = CARTESIAN_POINT('',(6.222869500128,0.987333992945));
#4850 = CARTESIAN_POINT('',(6.229543764162,0.9873612794));
#4851 = CARTESIAN_POINT('',(6.236224955501,0.987388533406));
#4852 = CARTESIAN_POINT('',(6.242913050907,0.987415752889));
#4853 = CARTESIAN_POINT('',(6.249608027132,0.987442935776));
#4854 = CARTESIAN_POINT('',(6.256309860945,0.987470079994));
#4855 = CARTESIAN_POINT('',(6.263018529094,0.987497183468));
#4856 = CARTESIAN_POINT('',(6.269734008346,0.987524244126));
#4857 = CARTESIAN_POINT('',(6.276456275454,0.987551259894));
#4858 = CARTESIAN_POINT('',(6.283185307179,0.987578228699));
#4859 = ( GEOMETRIC_REPRESENTATION_CONTEXT(2) 
PARAMETRIC_REPRESENTATION_CONTEXT() REPRESENTATION_CONTEXT('2D SPACE',''
  ) );
#4860 = PCURVE('',#4861,#4949);
#4861 = ( BOUNDED_SURFACE() B_SPLINE_SURFACE(2,10,(
    (#4862,#4863,#4864,#4865,#4866,#4867,#4868,#4869,#4870,#4871,#4872
      ,#4873,#4874,#4875,#4876,#4877,#4878,#4879,#4880,#4881,#4882,#4883
      ,#4884,#4885,#4886,#4887,#4888,#4889,#4890)
    ,(#4891,#4892,#4893,#4894,#4895,#4896,#4897,#4898,#4899,#4900,#4901
      ,#4902,#4903,#4904,#4905,#4906,#4907,#4908,#4909,#4910,#4911,#4912
      ,#4913,#4914,#4915,#4916,#4917,#4918,#4919)
    ,(#4920,#4921,#4922,#4923,#4924,#4925,#4926,#4927,#4928,#4929,#4930
      ,#4931,#4932,#4933,#4934,#4935,#4936,#4937,#4938,#4939,#4940,#4941
      ,#4942,#4943,#4944,#4945,#4946,#4947,#4948
)),.UNSPECIFIED.,.F.,.F.,.F.) B_SPLINE_SURFACE_WITH_KNOTS((3,3),(11,9,9,
    11),(0.,6.772849765436),(7.057601158075E-02,3.421712888509,
    6.772849765436,6.843425777017),.UNSPECIFIED.) 
GEOMETRIC_REPRESENTATION_ITEM() RATIONAL_B_SPLINE_SURFACE((
    (1.,1.,1.,1.,1.,1.,1.,1.,1.,1.,1.,1.,1.,1.,1.,1.,1.,1.,1.,1.,1.,1.
      ,1.,1.,1.,1.,1.,1.,1.)
    ,(0.707106781187,0.731407388119,0.754195162575,0.770951749569
      ,0.779392142449,0.781180668474,0.777593130625,0.767208569082
      ,0.748486764541,0.724319732703,0.674354376939,0.648529115982
      ,0.626258450073,0.613251119964,0.612626267559,0.613784391935
      ,0.627970317861,0.651380390073,0.677438028816,0.702479431349
      ,0.702995571936,0.703511310083,0.704026604985,0.704541415836
      ,0.705055701834,0.705569422172,0.706082536047,0.706595002653
      ,0.707106781186)
    ,(1.,1.,1.,1.,1.,1.,1.,1.,1.,1.,1.,1.,1.,1.,1.,1.,1.,1.,1.,1.,1.,1.
,1.,1.,1.,1.,1.,1.,1.))) REPRESENTATION_ITEM('') SURFACE() );
#4862 = CARTESIAN_POINT('',(174.05960671332,363.81569472111,
    88.846203304059));
#4863 = CARTESIAN_POINT('',(174.05960671332,363.52652725584,
    89.01171297876));
#4864 = CARTESIAN_POINT('',(173.9408772199,363.22816574212,
    89.183881610634));
#4865 = CARTESIAN_POINT('',(173.69027104567,362.96538849159,
    89.337910103172));
#4866 = CARTESIAN_POINT('',(173.32760495899,362.79717686248,
    89.438878384464));
#4867 = CARTESIAN_POINT('',(172.91697103464,362.75178578466,
    89.466652947721));
#4868 = CARTESIAN_POINT('',(172.51569738899,362.83372440963,
    89.416875492931));
#4869 = CARTESIAN_POINT('',(172.17790923385,363.03131400716,
    89.298817688434));
#4870 = CARTESIAN_POINT('',(171.96009454321,363.31143421845,
    89.135363557558));
#4871 = CARTESIAN_POINT('',(171.8751501066,363.61742882336,
    88.959359442631));
#4872 = CARTESIAN_POINT('',(171.94299658008,364.19640775191,
    88.628744370409));
#4873 = CARTESIAN_POINT('',(172.0956820365,364.46924512938,
    88.474231286914));
#4874 = CARTESIAN_POINT('',(172.35383748469,364.68266682875,
    88.35420057556));
#4875 = CARTESIAN_POINT('',(172.67335337723,364.80072860707,
    88.286812554198));
#4876 = CARTESIAN_POINT('',(172.99975591174,364.83051278644,
    88.268561880752));
#4877 = CARTESIAN_POINT('',(173.32303854939,364.79404906626,
    88.290711137858));
#4878 = CARTESIAN_POINT('',(173.64549329445,364.66713397206,
    88.363013860308));
#4879 = CARTESIAN_POINT('',(173.89590627192,364.4413352344,
    88.489942432975));
#4880 = CARTESIAN_POINT('',(174.0349741596,364.16303998406,
    88.647681001609));
#4881 = CARTESIAN_POINT('',(174.05772140242,363.8703201664,
    88.814959757715));
#4882 = CARTESIAN_POINT('',(174.05813902593,363.86427505384,
    88.818414904662));
#4883 = CARTESIAN_POINT('',(174.05850494693,363.85822286689,
    88.821874685362));
#4884 = CARTESIAN_POINT('',(174.05881902243,363.85216402513,
    88.825338866585));
#4885 = CARTESIAN_POINT('',(174.05908110947,363.84609894817,
    88.828807215101));
#4886 = CARTESIAN_POINT('',(174.05929106505,363.8400280556,
    88.832279497682));
#4887 = CARTESIAN_POINT('',(174.05944874621,363.83395176701,
    88.835755481097));
#4888 = CARTESIAN_POINT('',(174.05955400996,363.827870502,
    88.839234932118));
#4889 = CARTESIAN_POINT('',(174.05960671332,363.82178468017,
    88.842717617515));
#4890 = CARTESIAN_POINT('',(174.05960671332,363.81569472111,
    88.846203304059));
#4891 = CARTESIAN_POINT('',(174.05960671332,363.65084130728,
    88.595557420187));
#4892 = CARTESIAN_POINT('',(174.03971364381,363.38331102385,
    88.771515947196));
#4893 = CARTESIAN_POINT('',(173.91240363791,363.1142277865,
    88.948495874398));
#4894 = CARTESIAN_POINT('',(173.66985565163,362.87418309851,
    89.10637672875));
#4895 = CARTESIAN_POINT('',(173.3185628536,362.71478578924,
    89.211214638647));
#4896 = CARTESIAN_POINT('',(172.91880213972,362.66999065138,
    89.24067704706));
#4897 = CARTESIAN_POINT('',(172.52844260116,362.74929437895,
    89.188517841349));
#4898 = CARTESIAN_POINT('',(172.20109036817,362.93556320019,
    89.066006150361));
#4899 = CARTESIAN_POINT('',(171.98818077961,363.19070743749,
    88.898194104584));
#4900 = CARTESIAN_POINT('',(171.89068726984,363.46800616527,
    88.715810730806));
#4901 = CARTESIAN_POINT('',(171.91492959922,364.0293368658,
    88.346615430889));
#4902 = CARTESIAN_POINT('',(172.05315558141,364.31497666298,
    88.158746015429));
#4903 = CARTESIAN_POINT('',(172.31351610647,364.54694151117,
    88.006179388277));
#4904 = CARTESIAN_POINT('',(172.64176927542,364.67752555844,
    87.920292376474));
#4905 = CARTESIAN_POINT('',(173.00199190157,364.72153372098,
    87.891347573093));
#4906 = CARTESIAN_POINT('',(173.35674516976,364.66920222597,
    87.925766752322));
#4907 = CARTESIAN_POINT('',(173.6865162664,364.5300554624,
    88.017285586168));
#4908 = CARTESIAN_POINT('',(173.93742836447,364.28555645674,
    88.178096109511));
#4909 = CARTESIAN_POINT('',(174.06061405588,363.99558264555,
    88.36881606851));
#4910 = CARTESIAN_POINT('',(174.06168588699,363.70329659647,
    88.561056819727));
#4911 = CARTESIAN_POINT('',(174.06165692053,363.69747547657,
    88.564885454268));
#4912 = CARTESIAN_POINT('',(174.06157758906,363.69165166469,
    88.568715859361));
#4913 = CARTESIAN_POINT('',(174.06144782915,363.68582554192,
    88.572547784358));
#4914 = CARTESIAN_POINT('',(174.06126757735,363.67999748688,
    88.576380980238));
#4915 = CARTESIAN_POINT('',(174.06103677014,363.67416787572,
    88.580215199602));
#4916 = CARTESIAN_POINT('',(174.06075534393,363.66833708213,
    88.584050196662));
#4917 = CARTESIAN_POINT('',(174.06042323499,363.66250547738,
    88.587885727236));
#4918 = CARTESIAN_POINT('',(174.06004037947,363.6566734303,
    88.591721548742));
#4919 = CARTESIAN_POINT('',(174.05960671332,363.65084130728,
    88.595557420187));
#4920 = CARTESIAN_POINT('',(173.76023275013,363.66702554749,
    88.584912811918));
#4921 = CARTESIAN_POINT('',(173.76618384974,363.4660306708,
    88.717110042017));
#4922 = CARTESIAN_POINT('',(173.68641681865,363.25480388573,
    88.856036945874));
#4923 = CARTESIAN_POINT('',(173.50842036971,363.06378413958,
    88.981673388714));
#4924 = CARTESIAN_POINT('',(173.24148840373,362.93689684684,
    89.06512899172));
#4925 = CARTESIAN_POINT('',(172.93310244552,362.90170433115,
    89.088275617002));
#4926 = CARTESIAN_POINT('',(172.63258927238,362.96462730208,
    89.046890271247));
#4927 = CARTESIAN_POINT('',(172.38587888773,363.11252195678,
    88.949617823209));
#4928 = CARTESIAN_POINT('',(172.23310446311,363.31476455588,
    88.816599948083));
#4929 = CARTESIAN_POINT('',(172.17842777486,363.53014070074,
    88.674943950431));
#4930 = CARTESIAN_POINT('',(172.23925421848,363.93037937061,
    88.411701203113));
#4931 = CARTESIAN_POINT('',(172.35470498196,364.11513693906,
    88.290183484886));
#4932 = CARTESIAN_POINT('',(172.54198140432,364.25551989408,
    88.197851590108));
#4933 = CARTESIAN_POINT('',(172.76898578102,364.33137091379,
    88.14796328015));
#4934 = CARTESIAN_POINT('',(172.99417044825,364.34732697599,
    88.137468747865));
#4935 = CARTESIAN_POINT('',(173.2174664927,364.32718421016,
    88.150716935525));
#4936 = CARTESIAN_POINT('',(173.4469233633,364.24556853179,
    88.204396744653));
#4937 = CARTESIAN_POINT('',(173.62934539203,364.09662270903,
    88.30236056108));
#4938 = CARTESIAN_POINT('',(173.73530517152,363.90765773231,
    88.426645552417));
#4939 = CARTESIAN_POINT('',(173.75774660506,363.70493325999,
    88.559980362519));
#4940 = CARTESIAN_POINT('',(173.75817250788,363.70074500135,
    88.56273504065));
#4941 = CARTESIAN_POINT('',(173.75856130504,363.69655015004,
    88.565494054873));
#4942 = CARTESIAN_POINT('',(173.75891286347,363.6923489912,
    88.568257217652));
#4943 = CARTESIAN_POINT('',(173.75922705013,363.68814180996,
    88.57102434145));
#4944 = CARTESIAN_POINT('',(173.75950373197,363.68392889146,
    88.573795238729));
#4945 = CARTESIAN_POINT('',(173.75974277595,363.67971052082,
    88.576569721952));
#4946 = CARTESIAN_POINT('',(173.75994404899,363.6754869832,
    88.579347603583));
#4947 = CARTESIAN_POINT('',(173.76010741807,363.6712585637,
    88.582128696084));
#4948 = CARTESIAN_POINT('',(173.76023275013,363.66702554749,
    88.584912811918));
#4949 = DEFINITIONAL_REPRESENTATION('',(#4950),#4954);
#4950 = LINE('',#4951,#4952);
#4951 = CARTESIAN_POINT('',(0.,0.));
#4952 = VECTOR('',#4953,1.);
#4953 = DIRECTION('',(0.,1.));
#4954 = ( GEOMETRIC_REPRESENTATION_CONTEXT(2) 
PARAMETRIC_REPRESENTATION_CONTEXT() REPRESENTATION_CONTEXT('2D SPACE',''
  ) );
#4955 = ORIENTED_EDGE('',*,*,#4743,.F.);
#4956 = ORIENTED_EDGE('',*,*,#2366,.F.);
#4957 = ORIENTED_EDGE('',*,*,#4958,.F.);
#4958 = EDGE_CURVE('',#4959,#2367,#4961,.T.);
#4959 = VERTEX_POINT('',#4960);
#4960 = CARTESIAN_POINT('',(173.16457469875,379.82006400006,
    87.000000002027));
#4961 = SURFACE_CURVE('',#4962,(#4993,#5027),.PCURVE_S1.);
#4962 = B_SPLINE_CURVE_WITH_KNOTS('',8,(#4963,#4964,#4965,#4966,#4967,
    #4968,#4969,#4970,#4971,#4972,#4973,#4974,#4975,#4976,#4977,#4978,
    #4979,#4980,#4981,#4982,#4983,#4984,#4985,#4986,#4987,#4988,#4989,
    #4990,#4991,#4992),.UNSPECIFIED.,.F.,.F.,(9,7,7,7,9),(0.,
    0.196401216996,0.45013344302,0.682334493346,1.),.UNSPECIFIED.);
#4963 = CARTESIAN_POINT('',(172.08716104189,379.3234312529,87.));
#4964 = CARTESIAN_POINT('',(172.11694309773,379.37123808871,87.));
#4965 = CARTESIAN_POINT('',(172.15020209412,379.418483736,87.));
#4966 = CARTESIAN_POINT('',(172.18703432334,379.46524225809,87.));
#4967 = CARTESIAN_POINT('',(172.22780843836,379.51144337167,87.));
#4968 = CARTESIAN_POINT('',(172.27316545277,379.55687244672,87.));
#4969 = CARTESIAN_POINT('',(172.32401874087,379.6011705066,87.));
#4970 = CARTESIAN_POINT('',(172.3815540376,379.64383422797,87.));
#4971 = CARTESIAN_POINT('',(172.53207598858,379.73638538285,87.));
#4972 = CARTESIAN_POINT('',(172.62779272186,379.78266696142,87.));
#4973 = CARTESIAN_POINT('',(172.73080719029,379.81786114622,87.));
#4974 = CARTESIAN_POINT('',(172.8363815111,379.83896661395,87.));
#4975 = CARTESIAN_POINT('',(172.93857313307,379.8459402371,87.));
#4976 = CARTESIAN_POINT('',(173.0314023522,379.84090824034,87.));
#4977 = CARTESIAN_POINT('',(173.10794607775,379.83044194516,87.));
#4978 = CARTESIAN_POINT('',(173.21263336393,379.81126033824,87.));
#4979 = CARTESIAN_POINT('',(173.26239640672,379.79914511808,87.));
#4980 = CARTESIAN_POINT('',(173.31161642423,379.78412366691,87.));
#4981 = CARTESIAN_POINT('',(173.36004875654,379.76624840765,87.));
#4982 = CARTESIAN_POINT('',(173.40748579877,379.74558104231,87.));
#4983 = CARTESIAN_POINT('',(173.45375700104,379.72219255204,87.));
#4984 = CARTESIAN_POINT('',(173.49872886849,379.69616319708,87.));
#4985 = CARTESIAN_POINT('',(173.60191977172,379.62848236517,87.));
#4986 = CARTESIAN_POINT('',(173.65465543099,379.58754351186,87.));
#4987 = CARTESIAN_POINT('',(173.70165565902,379.54525665693,87.));
#4988 = CARTESIAN_POINT('',(173.74385748743,379.50200756321,87.));
#4989 = CARTESIAN_POINT('',(173.78199125953,379.45807705626,87.));
#4990 = CARTESIAN_POINT('',(173.81658063036,379.41364102439,87.));
#4991 = CARTESIAN_POINT('',(173.84794256664,379.36877041867,87.));
#4992 = CARTESIAN_POINT('',(173.87618734678,379.3234312529,87.));
#4993 = PCURVE('',#2086,#4994);
#4994 = DEFINITIONAL_REPRESENTATION('',(#4995),#5026);
#4995 = B_SPLINE_CURVE_WITH_KNOTS('',8,(#4996,#4997,#4998,#4999,#5000,
    #5001,#5002,#5003,#5004,#5005,#5006,#5007,#5008,#5009,#5010,#5011,
    #5012,#5013,#5014,#5015,#5016,#5017,#5018,#5019,#5020,#5021,#5022,
    #5023,#5024,#5025),.UNSPECIFIED.,.F.,.F.,(9,7,7,7,9),(0.,
    0.196401216996,0.45013344302,0.682334493346,1.),.UNSPECIFIED.);
#4996 = CARTESIAN_POINT('',(2.549627542051,0.190898610195));
#4997 = CARTESIAN_POINT('',(2.500116488507,0.190545532876));
#4998 = CARTESIAN_POINT('',(2.449089232594,0.190198064258));
#4999 = CARTESIAN_POINT('',(2.396444684614,0.189855651568));
#5000 = CARTESIAN_POINT('',(2.341856821593,0.189518751862));
#5001 = CARTESIAN_POINT('',(2.284774687274,0.189188832032));
#5002 = CARTESIAN_POINT('',(2.224422392121,0.188868368798));
#5003 = CARTESIAN_POINT('',(2.159799113319,0.188560848715));
#5004 = CARTESIAN_POINT('',(1.999090509492,0.187896010902));
#5005 = CARTESIAN_POINT('',(1.902268439179,0.187565250346));
#5006 = CARTESIAN_POINT('',(1.803208151264,0.187315147669));
#5007 = CARTESIAN_POINT('',(1.705139827381,0.187165753629));
#5008 = CARTESIAN_POINT('',(1.611548677568,0.187116148553));
#5009 = CARTESIAN_POINT('',(1.525896477048,0.187151792952));
#5010 = CARTESIAN_POINT('',(1.45454239331,0.187226142634));
#5011 = CARTESIAN_POINT('',(1.356263456901,0.187362516519));
#5012 = CARTESIAN_POINT('',(1.309122852956,0.187448699669));
#5013 = CARTESIAN_POINT('',(1.261903783032,0.187555657647));
#5014 = CARTESIAN_POINT('',(1.214675485586,0.187683101398));
#5015 = CARTESIAN_POINT('',(1.167476451303,0.187830695478));
#5016 = CARTESIAN_POINT('',(1.120314423097,0.187998058059));
#5017 = CARTESIAN_POINT('',(1.073166396113,0.188184760924));
#5018 = CARTESIAN_POINT('',(0.961422796341,0.188671560049));
#5019 = CARTESIAN_POINT('',(0.901425879904,0.188966992655));
#5020 = CARTESIAN_POINT('',(0.845022824584,0.18927322473));
#5021 = CARTESIAN_POINT('',(0.791419674141,0.189587586894));
#5022 = CARTESIAN_POINT('',(0.739993559928,0.189908142951));
#5023 = CARTESIAN_POINT('',(0.690292700887,0.190233689883));
#5024 = CARTESIAN_POINT('',(0.642036403551,0.19056375785));
#5025 = CARTESIAN_POINT('',(0.595115062043,0.190898610195));
#5026 = ( GEOMETRIC_REPRESENTATION_CONTEXT(2) 
PARAMETRIC_REPRESENTATION_CONTEXT() REPRESENTATION_CONTEXT('2D SPACE',''
  ) );
#5027 = PCURVE('',#2421,#5028);
#5028 = DEFINITIONAL_REPRESENTATION('',(#5029),#5060);
#5029 = B_SPLINE_CURVE_WITH_KNOTS('',8,(#5030,#5031,#5032,#5033,#5034,
    #5035,#5036,#5037,#5038,#5039,#5040,#5041,#5042,#5043,#5044,#5045,
    #5046,#5047,#5048,#5049,#5050,#5051,#5052,#5053,#5054,#5055,#5056,
    #5057,#5058,#5059),.UNSPECIFIED.,.F.,.F.,(9,7,7,7,9),(0.,
    0.196401216996,0.45013344302,0.682334493346,1.),.UNSPECIFIED.);
#5030 = CARTESIAN_POINT('',(14.103991486227,16.9759275908));
#5031 = CARTESIAN_POINT('',(14.133773542066,17.023734426608));
#5032 = CARTESIAN_POINT('',(14.167032538457,17.070980073894));
#5033 = CARTESIAN_POINT('',(14.203864767684,17.117738595989));
#5034 = CARTESIAN_POINT('',(14.244638882699,17.163939709561));
#5035 = CARTESIAN_POINT('',(14.289995897114,17.209368784615));
#5036 = CARTESIAN_POINT('',(14.340849185212,17.25366684449));
#5037 = CARTESIAN_POINT('',(14.398384481938,17.296330565863));
#5038 = CARTESIAN_POINT('',(14.548906432925,17.388881720749));
#5039 = CARTESIAN_POINT('',(14.644623166205,17.435163299311));
#5040 = CARTESIAN_POINT('',(14.747637634627,17.470357484118));
#5041 = CARTESIAN_POINT('',(14.853211955445,17.491462951848));
#5042 = CARTESIAN_POINT('',(14.955403577409,17.498436574995));
#5043 = CARTESIAN_POINT('',(15.048232796543,17.49340457823));
#5044 = CARTESIAN_POINT('',(15.124776522089,17.482938283054));
#5045 = CARTESIAN_POINT('',(15.229463808274,17.463756676139));
#5046 = CARTESIAN_POINT('',(15.279226851057,17.451641455974));
#5047 = CARTESIAN_POINT('',(15.328446868566,17.436620004807));
#5048 = CARTESIAN_POINT('',(15.376879200882,17.418744745543));
#5049 = CARTESIAN_POINT('',(15.424316243111,17.398077380206));
#5050 = CARTESIAN_POINT('',(15.470587445376,17.374688889932));
#5051 = CARTESIAN_POINT('',(15.515559312826,17.348659534975));
#5052 = CARTESIAN_POINT('',(15.618750216065,17.280978703069));
#5053 = CARTESIAN_POINT('',(15.671485875335,17.24003984975));
#5054 = CARTESIAN_POINT('',(15.718486103361,17.197752994822));
#5055 = CARTESIAN_POINT('',(15.760687931766,17.1545039011));
#5056 = CARTESIAN_POINT('',(15.798821703873,17.110573394151));
#5057 = CARTESIAN_POINT('',(15.833411074703,17.066137362287));
#5058 = CARTESIAN_POINT('',(15.864773010977,17.021266756567));
#5059 = CARTESIAN_POINT('',(15.893017791117,16.9759275908));
#5060 = ( GEOMETRIC_REPRESENTATION_CONTEXT(2) 
PARAMETRIC_REPRESENTATION_CONTEXT() REPRESENTATION_CONTEXT('2D SPACE',''
  ) );
#5061 = ORIENTED_EDGE('',*,*,#5062,.F.);
#5062 = EDGE_CURVE('',#5063,#4959,#5065,.T.);
#5063 = VERTEX_POINT('',#5064);
#5064 = CARTESIAN_POINT('',(172.97124549172,379.82261099497,
    87.030036001645));
#5065 = SURFACE_CURVE('',#5066,(#5072,#5081),.PCURVE_S1.);
#5066 = B_SPLINE_CURVE_WITH_KNOTS('',4,(#5067,#5068,#5069,#5070,#5071),
  .UNSPECIFIED.,.F.,.F.,(5,5),(0.,1.),.PIECEWISE_BEZIER_KNOTS.);
#5067 = CARTESIAN_POINT('',(172.97124549172,379.82261099497,
    87.030036001645));
#5068 = CARTESIAN_POINT('',(173.03466070168,379.82177553809,
    87.033191228247));
#5069 = CARTESIAN_POINT('',(173.09268664287,379.82101108154,
    87.023820170378));
#5070 = CARTESIAN_POINT('',(173.13179260762,379.8204958842,
    87.011930111608));
#5071 = CARTESIAN_POINT('',(173.16457469875,379.82006400006,
    87.000000002027));
#5072 = PCURVE('',#2086,#5073);
#5073 = DEFINITIONAL_REPRESENTATION('',(#5074),#5080);
#5074 = B_SPLINE_CURVE_WITH_KNOTS('',4,(#5075,#5076,#5077,#5078,#5079),
  .UNSPECIFIED.,.F.,.F.,(5,5),(0.,1.),.PIECEWISE_BEZIER_KNOTS.);
#5075 = CARTESIAN_POINT('',(1.581170958518,0.188293077762));
#5076 = CARTESIAN_POINT('',(1.522447302025,0.188405223151));
#5077 = CARTESIAN_POINT('',(1.468737069907,0.188095393497));
#5078 = CARTESIAN_POINT('',(1.4321649082,0.187698757436));
#5079 = CARTESIAN_POINT('',(1.401379961946,0.187299925956));
#5080 = ( GEOMETRIC_REPRESENTATION_CONTEXT(2) 
PARAMETRIC_REPRESENTATION_CONTEXT() REPRESENTATION_CONTEXT('2D SPACE',''
  ) );
#5081 = PCURVE('',#4543,#5082);
#5082 = DEFINITIONAL_REPRESENTATION('',(#5083),#5089);
#5083 = B_SPLINE_CURVE_WITH_KNOTS('',4,(#5084,#5085,#5086,#5087,#5088),
  .UNSPECIFIED.,.F.,.F.,(5,5),(0.,1.),.PIECEWISE_BEZIER_KNOTS.);
#5084 = CARTESIAN_POINT('',(0.,-3.003600164486E-02));
#5085 = CARTESIAN_POINT('',(6.342071304624E-02,-3.319122824739E-02));
#5086 = CARTESIAN_POINT('',(0.12145168964,-2.382017037837E-02));
#5087 = CARTESIAN_POINT('',(0.160561047946,-1.193011160832E-02));
#5088 = CARTESIAN_POINT('',(0.193345983864,-2.026681045209E-09));
#5089 = ( GEOMETRIC_REPRESENTATION_CONTEXT(2) 
PARAMETRIC_REPRESENTATION_CONTEXT() REPRESENTATION_CONTEXT('2D SPACE',''
  ) );
#5090 = ORIENTED_EDGE('',*,*,#5091,.F.);
#5091 = EDGE_CURVE('',#4587,#5063,#5092,.T.);
#5092 = SURFACE_CURVE('',#5093,(#5100,#5110),.PCURVE_S1.);
#5093 = B_SPLINE_CURVE_WITH_KNOTS('',3,(#5094,#5095,#5096,#5097,#5098,
    #5099),.UNSPECIFIED.,.F.,.F.,(4,1,1,4),(0.,0.720185702212,
    0.955442608677,1.),.UNSPECIFIED.);
#5094 = CARTESIAN_POINT('',(172.86736322488,379.83034273713,
    86.999999987737));
#5095 = CARTESIAN_POINT('',(172.88369458701,379.82811772001,
    87.00867175734));
#5096 = CARTESIAN_POINT('',(172.9086742113,379.82497675339,
    87.020902771461));
#5097 = CARTESIAN_POINT('',(172.95426262786,379.82289642498,
    87.028950090812));
#5098 = CARTESIAN_POINT('',(172.96887025812,379.82264228723,
    87.029917821791));
#5099 = CARTESIAN_POINT('',(172.97124549172,379.82261099497,
    87.030036001645));
#5100 = PCURVE('',#2086,#5101);
#5101 = DEFINITIONAL_REPRESENTATION('',(#5102),#5109);
#5102 = B_SPLINE_CURVE_WITH_KNOTS('',3,(#5103,#5104,#5105,#5106,#5107,
    #5108),.UNSPECIFIED.,.F.,.F.,(4,1,1,4),(0.,0.720185702212,
    0.955442608677,1.),.UNSPECIFIED.);
#5103 = CARTESIAN_POINT('',(1.6775771855,0.187226873966));
#5104 = CARTESIAN_POINT('',(1.662364417455,0.187534713256));
#5105 = CARTESIAN_POINT('',(1.639136021391,0.18796882913));
#5106 = CARTESIAN_POINT('',(1.596897932946,0.18825449647));
#5107 = CARTESIAN_POINT('',(1.583370468732,0.188288877327));
#5108 = CARTESIAN_POINT('',(1.581170958518,0.188293077762));
#5109 = ( GEOMETRIC_REPRESENTATION_CONTEXT(2) 
PARAMETRIC_REPRESENTATION_CONTEXT() REPRESENTATION_CONTEXT('2D SPACE',''
  ) );
#5110 = PCURVE('',#4707,#5111);
#5111 = DEFINITIONAL_REPRESENTATION('',(#5112),#5119);
#5112 = B_SPLINE_CURVE_WITH_KNOTS('',3,(#5113,#5114,#5115,#5116,#5117,
    #5118),.UNSPECIFIED.,.F.,.F.,(4,1,1,4),(0.,0.720185702212,
    0.955442608677,1.),.UNSPECIFIED.);
#5113 = CARTESIAN_POINT('',(-4.576980702825,1.226251811204E-08));
#5114 = CARTESIAN_POINT('',(-4.596309242573,-8.671757340194E-03));
#5115 = CARTESIAN_POINT('',(-4.625791468755,-2.090277146127E-02));
#5116 = CARTESIAN_POINT('',(-4.679297150156,-2.89500908119E-02));
#5117 = CARTESIAN_POINT('',(-4.696429697184,-2.991782179091E-02));
#5118 = CARTESIAN_POINT('',(-4.6992153497,-3.003600164471E-02));
#5119 = ( GEOMETRIC_REPRESENTATION_CONTEXT(2) 
PARAMETRIC_REPRESENTATION_CONTEXT() REPRESENTATION_CONTEXT('2D SPACE',''
  ) );
#5120 = ORIENTED_EDGE('',*,*,#4586,.F.);
#5121 = ORIENTED_EDGE('',*,*,#1988,.F.);
#5122 = ADVANCED_FACE('',(#5123),#2421,.T.);
#5123 = FACE_BOUND('',#5124,.T.);
#5124 = EDGE_LOOP('',(#5125,#5126,#5127));
#5125 = ORIENTED_EDGE('',*,*,#4958,.T.);
#5126 = ORIENTED_EDGE('',*,*,#2404,.T.);
#5127 = ORIENTED_EDGE('',*,*,#5128,.F.);
#5128 = EDGE_CURVE('',#4959,#2405,#5129,.T.);
#5129 = SURFACE_CURVE('',#5130,(#5134,#5141),.PCURVE_S1.);
#5130 = LINE('',#5131,#5132);
#5131 = CARTESIAN_POINT('',(172.97124549172,379.82261099497,87.));
#5132 = VECTOR('',#5133,1.);
#5133 = DIRECTION('',(0.999913228982,-1.317324965273E-02,-0.));
#5134 = PCURVE('',#2421,#5135);
#5135 = DEFINITIONAL_REPRESENTATION('',(#5136),#5140);
#5136 = LINE('',#5137,#5138);
#5137 = CARTESIAN_POINT('',(14.988075936058,17.475107332868));
#5138 = VECTOR('',#5139,1.);
#5139 = DIRECTION('',(0.999913228982,-1.317324965273E-02));
#5140 = ( GEOMETRIC_REPRESENTATION_CONTEXT(2) 
PARAMETRIC_REPRESENTATION_CONTEXT() REPRESENTATION_CONTEXT('2D SPACE',''
  ) );
#5141 = PCURVE('',#4543,#5142);
#5142 = DEFINITIONAL_REPRESENTATION('',(#5143),#5147);
#5143 = LINE('',#5144,#5145);
#5144 = CARTESIAN_POINT('',(0.,0.));
#5145 = VECTOR('',#5146,1.);
#5146 = DIRECTION('',(1.,0.));
#5147 = ( GEOMETRIC_REPRESENTATION_CONTEXT(2) 
PARAMETRIC_REPRESENTATION_CONTEXT() REPRESENTATION_CONTEXT('2D SPACE',''
  ) );
#5148 = ADVANCED_FACE('',(#5149),#2543,.T.);
#5149 = FACE_BOUND('',#5150,.F.);
#5150 = EDGE_LOOP('',(#5151,#5174,#5175,#5176));
#5151 = ORIENTED_EDGE('',*,*,#5152,.T.);
#5152 = EDGE_CURVE('',#5153,#2505,#5155,.T.);
#5153 = VERTEX_POINT('',#5154);
#5154 = CARTESIAN_POINT('',(202.98316955566,372.3475036621,80.));
#5155 = SURFACE_CURVE('',#5156,(#5160,#5167),.PCURVE_S1.);
#5156 = LINE('',#5157,#5158);
#5157 = CARTESIAN_POINT('',(202.98316955566,372.3475036621,80.));
#5158 = VECTOR('',#5159,1.);
#5159 = DIRECTION('',(0.,0.,1.));
#5160 = PCURVE('',#2543,#5161);
#5161 = DEFINITIONAL_REPRESENTATION('',(#5162),#5166);
#5162 = LINE('',#5163,#5164);
#5163 = CARTESIAN_POINT('',(-0.,0.));
#5164 = VECTOR('',#5165,1.);
#5165 = DIRECTION('',(-0.,-1.));
#5166 = ( GEOMETRIC_REPRESENTATION_CONTEXT(2) 
PARAMETRIC_REPRESENTATION_CONTEXT() REPRESENTATION_CONTEXT('2D SPACE',''
  ) );
#5167 = PCURVE('',#2594,#5168);
#5168 = DEFINITIONAL_REPRESENTATION('',(#5169),#5173);
#5169 = LINE('',#5170,#5171);
#5170 = CARTESIAN_POINT('',(20.,0.));
#5171 = VECTOR('',#5172,1.);
#5172 = DIRECTION('',(0.,-1.));
#5173 = ( GEOMETRIC_REPRESENTATION_CONTEXT(2) 
PARAMETRIC_REPRESENTATION_CONTEXT() REPRESENTATION_CONTEXT('2D SPACE',''
  ) );
#5174 = ORIENTED_EDGE('',*,*,#2528,.T.);
#5175 = ORIENTED_EDGE('',*,*,#4421,.F.);
#5176 = ORIENTED_EDGE('',*,*,#5177,.F.);
#5177 = EDGE_CURVE('',#5153,#4422,#5178,.T.);
#5178 = SURFACE_CURVE('',#5179,(#5184,#5191),.PCURVE_S1.);
#5179 = CIRCLE('',#5180,10.);
#5180 = AXIS2_PLACEMENT_3D('',#5181,#5182,#5183);
#5181 = CARTESIAN_POINT('',(192.98316955566,372.3475036621,80.));
#5182 = DIRECTION('',(0.,0.,1.));
#5183 = DIRECTION('',(1.,0.,0.));
#5184 = PCURVE('',#2543,#5185);
#5185 = DEFINITIONAL_REPRESENTATION('',(#5186),#5190);
#5186 = LINE('',#5187,#5188);
#5187 = CARTESIAN_POINT('',(-0.,0.));
#5188 = VECTOR('',#5189,1.);
#5189 = DIRECTION('',(-1.,0.));
#5190 = ( GEOMETRIC_REPRESENTATION_CONTEXT(2) 
PARAMETRIC_REPRESENTATION_CONTEXT() REPRESENTATION_CONTEXT('2D SPACE',''
  ) );
#5191 = PCURVE('',#4482,#5192);
#5192 = DEFINITIONAL_REPRESENTATION('',(#5193),#5197);
#5193 = CIRCLE('',#5194,10.);
#5194 = AXIS2_PLACEMENT_2D('',#5195,#5196);
#5195 = CARTESIAN_POINT('',(35.,10.));
#5196 = DIRECTION('',(1.,0.));
#5197 = ( GEOMETRIC_REPRESENTATION_CONTEXT(2) 
PARAMETRIC_REPRESENTATION_CONTEXT() REPRESENTATION_CONTEXT('2D SPACE',''
  ) );
#5198 = ADVANCED_FACE('',(#5199),#2594,.F.);
#5199 = FACE_BOUND('',#5200,.F.);
#5200 = EDGE_LOOP('',(#5201,#5224,#5225,#5226));
#5201 = ORIENTED_EDGE('',*,*,#5202,.T.);
#5202 = EDGE_CURVE('',#5203,#2559,#5205,.T.);
#5203 = VERTEX_POINT('',#5204);
#5204 = CARTESIAN_POINT('',(202.98316955566,352.3475036621,80.));
#5205 = SURFACE_CURVE('',#5206,(#5210,#5217),.PCURVE_S1.);
#5206 = LINE('',#5207,#5208);
#5207 = CARTESIAN_POINT('',(202.98316955566,352.3475036621,80.));
#5208 = VECTOR('',#5209,1.);
#5209 = DIRECTION('',(0.,0.,1.));
#5210 = PCURVE('',#2594,#5211);
#5211 = DEFINITIONAL_REPRESENTATION('',(#5212),#5216);
#5212 = LINE('',#5213,#5214);
#5213 = CARTESIAN_POINT('',(0.,0.));
#5214 = VECTOR('',#5215,1.);
#5215 = DIRECTION('',(0.,-1.));
#5216 = ( GEOMETRIC_REPRESENTATION_CONTEXT(2) 
PARAMETRIC_REPRESENTATION_CONTEXT() REPRESENTATION_CONTEXT('2D SPACE',''
  ) );
#5217 = PCURVE('',#2650,#5218);
#5218 = DEFINITIONAL_REPRESENTATION('',(#5219),#5223);
#5219 = LINE('',#5220,#5221);
#5220 = CARTESIAN_POINT('',(-6.28318530718,0.));
#5221 = VECTOR('',#5222,1.);
#5222 = DIRECTION('',(-0.,-1.));
#5223 = ( GEOMETRIC_REPRESENTATION_CONTEXT(2) 
PARAMETRIC_REPRESENTATION_CONTEXT() REPRESENTATION_CONTEXT('2D SPACE',''
  ) );
#5224 = ORIENTED_EDGE('',*,*,#2580,.T.);
#5225 = ORIENTED_EDGE('',*,*,#5152,.F.);
#5226 = ORIENTED_EDGE('',*,*,#5227,.F.);
#5227 = EDGE_CURVE('',#5203,#5153,#5228,.T.);
#5228 = SURFACE_CURVE('',#5229,(#5233,#5240),.PCURVE_S1.);
#5229 = LINE('',#5230,#5231);
#5230 = CARTESIAN_POINT('',(202.98316955566,344.60874324497,80.));
#5231 = VECTOR('',#5232,1.);
#5232 = DIRECTION('',(2.449293598295E-16,1.,0.));
#5233 = PCURVE('',#2594,#5234);
#5234 = DEFINITIONAL_REPRESENTATION('',(#5235),#5239);
#5235 = LINE('',#5236,#5237);
#5236 = CARTESIAN_POINT('',(-7.738760417132,0.));
#5237 = VECTOR('',#5238,1.);
#5238 = DIRECTION('',(1.,0.));
#5239 = ( GEOMETRIC_REPRESENTATION_CONTEXT(2) 
PARAMETRIC_REPRESENTATION_CONTEXT() REPRESENTATION_CONTEXT('2D SPACE',''
  ) );
#5240 = PCURVE('',#4482,#5241);
#5241 = DEFINITIONAL_REPRESENTATION('',(#5242),#5246);
#5242 = LINE('',#5243,#5244);
#5243 = CARTESIAN_POINT('',(45.,-17.73876041713));
#5244 = VECTOR('',#5245,1.);
#5245 = DIRECTION('',(2.449293598295E-16,1.));
#5246 = ( GEOMETRIC_REPRESENTATION_CONTEXT(2) 
PARAMETRIC_REPRESENTATION_CONTEXT() REPRESENTATION_CONTEXT('2D SPACE',''
  ) );
#5247 = ADVANCED_FACE('',(#5248),#2650,.T.);
#5248 = FACE_BOUND('',#5249,.F.);
#5249 = EDGE_LOOP('',(#5250,#5273,#5274,#5275));
#5250 = ORIENTED_EDGE('',*,*,#5251,.T.);
#5251 = EDGE_CURVE('',#5252,#2612,#5254,.T.);
#5252 = VERTEX_POINT('',#5253);
#5253 = CARTESIAN_POINT('',(192.98316955566,342.3475036621,80.));
#5254 = SURFACE_CURVE('',#5255,(#5259,#5266),.PCURVE_S1.);
#5255 = LINE('',#5256,#5257);
#5256 = CARTESIAN_POINT('',(192.98316955566,342.3475036621,80.));
#5257 = VECTOR('',#5258,1.);
#5258 = DIRECTION('',(0.,0.,1.));
#5259 = PCURVE('',#2650,#5260);
#5260 = DEFINITIONAL_REPRESENTATION('',(#5261),#5265);
#5261 = LINE('',#5262,#5263);
#5262 = CARTESIAN_POINT('',(-4.712388980385,0.));
#5263 = VECTOR('',#5264,1.);
#5264 = DIRECTION('',(-0.,-1.));
#5265 = ( GEOMETRIC_REPRESENTATION_CONTEXT(2) 
PARAMETRIC_REPRESENTATION_CONTEXT() REPRESENTATION_CONTEXT('2D SPACE',''
  ) );
#5266 = PCURVE('',#2755,#5267);
#5267 = DEFINITIONAL_REPRESENTATION('',(#5268),#5272);
#5268 = LINE('',#5269,#5270);
#5269 = CARTESIAN_POINT('',(70.,0.));
#5270 = VECTOR('',#5271,1.);
#5271 = DIRECTION('',(0.,-1.));
#5272 = ( GEOMETRIC_REPRESENTATION_CONTEXT(2) 
PARAMETRIC_REPRESENTATION_CONTEXT() REPRESENTATION_CONTEXT('2D SPACE',''
  ) );
#5273 = ORIENTED_EDGE('',*,*,#2635,.T.);
#5274 = ORIENTED_EDGE('',*,*,#5202,.F.);
#5275 = ORIENTED_EDGE('',*,*,#5276,.F.);
#5276 = EDGE_CURVE('',#5252,#5203,#5277,.T.);
#5277 = SURFACE_CURVE('',#5278,(#5283,#5290),.PCURVE_S1.);
#5278 = CIRCLE('',#5279,10.);
#5279 = AXIS2_PLACEMENT_3D('',#5280,#5281,#5282);
#5280 = CARTESIAN_POINT('',(192.98316955566,352.3475036621,80.));
#5281 = DIRECTION('',(0.,0.,1.));
#5282 = DIRECTION('',(1.,0.,0.));
#5283 = PCURVE('',#2650,#5284);
#5284 = DEFINITIONAL_REPRESENTATION('',(#5285),#5289);
#5285 = LINE('',#5286,#5287);
#5286 = CARTESIAN_POINT('',(-0.,0.));
#5287 = VECTOR('',#5288,1.);
#5288 = DIRECTION('',(-1.,0.));
#5289 = ( GEOMETRIC_REPRESENTATION_CONTEXT(2) 
PARAMETRIC_REPRESENTATION_CONTEXT() REPRESENTATION_CONTEXT('2D SPACE',''
  ) );
#5290 = PCURVE('',#4482,#5291);
#5291 = DEFINITIONAL_REPRESENTATION('',(#5292),#5296);
#5292 = CIRCLE('',#5293,10.);
#5293 = AXIS2_PLACEMENT_2D('',#5294,#5295);
#5294 = CARTESIAN_POINT('',(35.,-10.));
#5295 = DIRECTION('',(1.,0.));
#5296 = ( GEOMETRIC_REPRESENTATION_CONTEXT(2) 
PARAMETRIC_REPRESENTATION_CONTEXT() REPRESENTATION_CONTEXT('2D SPACE',''
  ) );
#5297 = ADVANCED_FACE('',(#5298),#2704,.T.);
#5298 = FACE_BOUND('',#5299,.F.);
#5299 = EDGE_LOOP('',(#5300,#5301,#5302,#5325));
#5300 = ORIENTED_EDGE('',*,*,#4445,.T.);
#5301 = ORIENTED_EDGE('',*,*,#2689,.T.);
#5302 = ORIENTED_EDGE('',*,*,#5303,.F.);
#5303 = EDGE_CURVE('',#5304,#2668,#5306,.T.);
#5304 = VERTEX_POINT('',#5305);
#5305 = CARTESIAN_POINT('',(112.98316955566,372.3475036621,80.));
#5306 = SURFACE_CURVE('',#5307,(#5311,#5318),.PCURVE_S1.);
#5307 = LINE('',#5308,#5309);
#5308 = CARTESIAN_POINT('',(112.98316955566,372.3475036621,80.));
#5309 = VECTOR('',#5310,1.);
#5310 = DIRECTION('',(0.,0.,1.));
#5311 = PCURVE('',#2704,#5312);
#5312 = DEFINITIONAL_REPRESENTATION('',(#5313),#5317);
#5313 = LINE('',#5314,#5315);
#5314 = CARTESIAN_POINT('',(-3.14159265359,0.));
#5315 = VECTOR('',#5316,1.);
#5316 = DIRECTION('',(-0.,-1.));
#5317 = ( GEOMETRIC_REPRESENTATION_CONTEXT(2) 
PARAMETRIC_REPRESENTATION_CONTEXT() REPRESENTATION_CONTEXT('2D SPACE',''
  ) );
#5318 = PCURVE('',#2789,#5319);
#5319 = DEFINITIONAL_REPRESENTATION('',(#5320),#5324);
#5320 = LINE('',#5321,#5322);
#5321 = CARTESIAN_POINT('',(0.,0.));
#5322 = VECTOR('',#5323,1.);
#5323 = DIRECTION('',(0.,-1.));
#5324 = ( GEOMETRIC_REPRESENTATION_CONTEXT(2) 
PARAMETRIC_REPRESENTATION_CONTEXT() REPRESENTATION_CONTEXT('2D SPACE',''
  ) );
#5325 = ORIENTED_EDGE('',*,*,#5326,.F.);
#5326 = EDGE_CURVE('',#4446,#5304,#5327,.T.);
#5327 = SURFACE_CURVE('',#5328,(#5333,#5340),.PCURVE_S1.);
#5328 = CIRCLE('',#5329,10.);
#5329 = AXIS2_PLACEMENT_3D('',#5330,#5331,#5332);
#5330 = CARTESIAN_POINT('',(122.98316955566,372.3475036621,80.));
#5331 = DIRECTION('',(0.,0.,1.));
#5332 = DIRECTION('',(1.,0.,0.));
#5333 = PCURVE('',#2704,#5334);
#5334 = DEFINITIONAL_REPRESENTATION('',(#5335),#5339);
#5335 = LINE('',#5336,#5337);
#5336 = CARTESIAN_POINT('',(-0.,0.));
#5337 = VECTOR('',#5338,1.);
#5338 = DIRECTION('',(-1.,0.));
#5339 = ( GEOMETRIC_REPRESENTATION_CONTEXT(2) 
PARAMETRIC_REPRESENTATION_CONTEXT() REPRESENTATION_CONTEXT('2D SPACE',''
  ) );
#5340 = PCURVE('',#4482,#5341);
#5341 = DEFINITIONAL_REPRESENTATION('',(#5342),#5346);
#5342 = CIRCLE('',#5343,10.);
#5343 = AXIS2_PLACEMENT_2D('',#5344,#5345);
#5344 = CARTESIAN_POINT('',(-35.,10.));
#5345 = DIRECTION('',(1.,0.));
#5346 = ( GEOMETRIC_REPRESENTATION_CONTEXT(2) 
PARAMETRIC_REPRESENTATION_CONTEXT() REPRESENTATION_CONTEXT('2D SPACE',''
  ) );
#5347 = ADVANCED_FACE('',(#5348),#2755,.F.);
#5348 = FACE_BOUND('',#5349,.F.);
#5349 = EDGE_LOOP('',(#5350,#5373,#5374,#5375));
#5350 = ORIENTED_EDGE('',*,*,#5351,.T.);
#5351 = EDGE_CURVE('',#5352,#2720,#5354,.T.);
#5352 = VERTEX_POINT('',#5353);
#5353 = CARTESIAN_POINT('',(122.98316955566,342.3475036621,80.));
#5354 = SURFACE_CURVE('',#5355,(#5359,#5366),.PCURVE_S1.);
#5355 = LINE('',#5356,#5357);
#5356 = CARTESIAN_POINT('',(122.98316955566,342.3475036621,80.));
#5357 = VECTOR('',#5358,1.);
#5358 = DIRECTION('',(0.,0.,1.));
#5359 = PCURVE('',#2755,#5360);
#5360 = DEFINITIONAL_REPRESENTATION('',(#5361),#5365);
#5361 = LINE('',#5362,#5363);
#5362 = CARTESIAN_POINT('',(0.,0.));
#5363 = VECTOR('',#5364,1.);
#5364 = DIRECTION('',(0.,-1.));
#5365 = ( GEOMETRIC_REPRESENTATION_CONTEXT(2) 
PARAMETRIC_REPRESENTATION_CONTEXT() REPRESENTATION_CONTEXT('2D SPACE',''
  ) );
#5366 = PCURVE('',#2843,#5367);
#5367 = DEFINITIONAL_REPRESENTATION('',(#5368),#5372);
#5368 = LINE('',#5369,#5370);
#5369 = CARTESIAN_POINT('',(-4.712388980385,0.));
#5370 = VECTOR('',#5371,1.);
#5371 = DIRECTION('',(-0.,-1.));
#5372 = ( GEOMETRIC_REPRESENTATION_CONTEXT(2) 
PARAMETRIC_REPRESENTATION_CONTEXT() REPRESENTATION_CONTEXT('2D SPACE',''
  ) );
#5373 = ORIENTED_EDGE('',*,*,#2741,.T.);
#5374 = ORIENTED_EDGE('',*,*,#5251,.F.);
#5375 = ORIENTED_EDGE('',*,*,#5376,.F.);
#5376 = EDGE_CURVE('',#5352,#5252,#5377,.T.);
#5377 = SURFACE_CURVE('',#5378,(#5382,#5389),.PCURVE_S1.);
#5378 = LINE('',#5379,#5380);
#5379 = CARTESIAN_POINT('',(114.62902869936,342.3475036621,80.));
#5380 = VECTOR('',#5381,1.);
#5381 = DIRECTION('',(1.,0.,0.));
#5382 = PCURVE('',#2755,#5383);
#5383 = DEFINITIONAL_REPRESENTATION('',(#5384),#5388);
#5384 = LINE('',#5385,#5386);
#5385 = CARTESIAN_POINT('',(-8.354140856302,0.));
#5386 = VECTOR('',#5387,1.);
#5387 = DIRECTION('',(1.,0.));
#5388 = ( GEOMETRIC_REPRESENTATION_CONTEXT(2) 
PARAMETRIC_REPRESENTATION_CONTEXT() REPRESENTATION_CONTEXT('2D SPACE',''
  ) );
#5389 = PCURVE('',#4482,#5390);
#5390 = DEFINITIONAL_REPRESENTATION('',(#5391),#5395);
#5391 = LINE('',#5392,#5393);
#5392 = CARTESIAN_POINT('',(-43.3541408563,-20.));
#5393 = VECTOR('',#5394,1.);
#5394 = DIRECTION('',(1.,0.));
#5395 = ( GEOMETRIC_REPRESENTATION_CONTEXT(2) 
PARAMETRIC_REPRESENTATION_CONTEXT() REPRESENTATION_CONTEXT('2D SPACE',''
  ) );
#5396 = ADVANCED_FACE('',(#5397),#2789,.F.);
#5397 = FACE_BOUND('',#5398,.F.);
#5398 = EDGE_LOOP('',(#5399,#5400,#5401,#5424));
#5399 = ORIENTED_EDGE('',*,*,#5303,.T.);
#5400 = ORIENTED_EDGE('',*,*,#2773,.T.);
#5401 = ORIENTED_EDGE('',*,*,#5402,.F.);
#5402 = EDGE_CURVE('',#5403,#2774,#5405,.T.);
#5403 = VERTEX_POINT('',#5404);
#5404 = CARTESIAN_POINT('',(112.98316955566,352.3475036621,80.));
#5405 = SURFACE_CURVE('',#5406,(#5410,#5417),.PCURVE_S1.);
#5406 = LINE('',#5407,#5408);
#5407 = CARTESIAN_POINT('',(112.98316955566,352.3475036621,80.));
#5408 = VECTOR('',#5409,1.);
#5409 = DIRECTION('',(0.,0.,1.));
#5410 = PCURVE('',#2789,#5411);
#5411 = DEFINITIONAL_REPRESENTATION('',(#5412),#5416);
#5412 = LINE('',#5413,#5414);
#5413 = CARTESIAN_POINT('',(20.,0.));
#5414 = VECTOR('',#5415,1.);
#5415 = DIRECTION('',(0.,-1.));
#5416 = ( GEOMETRIC_REPRESENTATION_CONTEXT(2) 
PARAMETRIC_REPRESENTATION_CONTEXT() REPRESENTATION_CONTEXT('2D SPACE',''
  ) );
#5417 = PCURVE('',#2843,#5418);
#5418 = DEFINITIONAL_REPRESENTATION('',(#5419),#5423);
#5419 = LINE('',#5420,#5421);
#5420 = CARTESIAN_POINT('',(-3.14159265359,0.));
#5421 = VECTOR('',#5422,1.);
#5422 = DIRECTION('',(-0.,-1.));
#5423 = ( GEOMETRIC_REPRESENTATION_CONTEXT(2) 
PARAMETRIC_REPRESENTATION_CONTEXT() REPRESENTATION_CONTEXT('2D SPACE',''
  ) );
#5424 = ORIENTED_EDGE('',*,*,#5425,.F.);
#5425 = EDGE_CURVE('',#5304,#5403,#5426,.T.);
#5426 = SURFACE_CURVE('',#5427,(#5431,#5438),.PCURVE_S1.);
#5427 = LINE('',#5428,#5429);
#5428 = CARTESIAN_POINT('',(112.98316955566,380.45448366987,80.));
#5429 = VECTOR('',#5430,1.);
#5430 = DIRECTION('',(3.061616997868E-16,-1.,0.));
#5431 = PCURVE('',#2789,#5432);
#5432 = DEFINITIONAL_REPRESENTATION('',(#5433),#5437);
#5433 = LINE('',#5434,#5435);
#5434 = CARTESIAN_POINT('',(-8.106980007768,0.));
#5435 = VECTOR('',#5436,1.);
#5436 = DIRECTION('',(1.,0.));
#5437 = ( GEOMETRIC_REPRESENTATION_CONTEXT(2) 
PARAMETRIC_REPRESENTATION_CONTEXT() REPRESENTATION_CONTEXT('2D SPACE',''
  ) );
#5438 = PCURVE('',#4482,#5439);
#5439 = DEFINITIONAL_REPRESENTATION('',(#5440),#5444);
#5440 = LINE('',#5441,#5442);
#5441 = CARTESIAN_POINT('',(-45.,18.106980007768));
#5442 = VECTOR('',#5443,1.);
#5443 = DIRECTION('',(3.061616997868E-16,-1.));
#5444 = ( GEOMETRIC_REPRESENTATION_CONTEXT(2) 
PARAMETRIC_REPRESENTATION_CONTEXT() REPRESENTATION_CONTEXT('2D SPACE',''
  ) );
#5445 = ADVANCED_FACE('',(#5446),#2843,.T.);
#5446 = FACE_BOUND('',#5447,.F.);
#5447 = EDGE_LOOP('',(#5448,#5449,#5450,#5451));
#5448 = ORIENTED_EDGE('',*,*,#5402,.T.);
#5449 = ORIENTED_EDGE('',*,*,#2828,.T.);
#5450 = ORIENTED_EDGE('',*,*,#5351,.F.);
#5451 = ORIENTED_EDGE('',*,*,#5452,.F.);
#5452 = EDGE_CURVE('',#5403,#5352,#5453,.T.);
#5453 = SURFACE_CURVE('',#5454,(#5459,#5466),.PCURVE_S1.);
#5454 = CIRCLE('',#5455,10.);
#5455 = AXIS2_PLACEMENT_3D('',#5456,#5457,#5458);
#5456 = CARTESIAN_POINT('',(122.98316955566,352.3475036621,80.));
#5457 = DIRECTION('',(0.,0.,1.));
#5458 = DIRECTION('',(1.,0.,0.));
#5459 = PCURVE('',#2843,#5460);
#5460 = DEFINITIONAL_REPRESENTATION('',(#5461),#5465);
#5461 = LINE('',#5462,#5463);
#5462 = CARTESIAN_POINT('',(-0.,0.));
#5463 = VECTOR('',#5464,1.);
#5464 = DIRECTION('',(-1.,0.));
#5465 = ( GEOMETRIC_REPRESENTATION_CONTEXT(2) 
PARAMETRIC_REPRESENTATION_CONTEXT() REPRESENTATION_CONTEXT('2D SPACE',''
  ) );
#5466 = PCURVE('',#4482,#5467);
#5467 = DEFINITIONAL_REPRESENTATION('',(#5468),#5472);
#5468 = CIRCLE('',#5469,10.);
#5469 = AXIS2_PLACEMENT_2D('',#5470,#5471);
#5470 = CARTESIAN_POINT('',(-35.,-10.));
#5471 = DIRECTION('',(1.,0.));
#5472 = ( GEOMETRIC_REPRESENTATION_CONTEXT(2) 
PARAMETRIC_REPRESENTATION_CONTEXT() REPRESENTATION_CONTEXT('2D SPACE',''
  ) );
#5473 = ADVANCED_FACE('',(#5474),#2896,.F.);
#5474 = FACE_BOUND('',#5475,.F.);
#5475 = EDGE_LOOP('',(#5476,#5499,#5527,#5548));
#5476 = ORIENTED_EDGE('',*,*,#5477,.T.);
#5477 = EDGE_CURVE('',#2859,#5478,#5480,.T.);
#5478 = VERTEX_POINT('',#5479);
#5479 = CARTESIAN_POINT('',(124.4006652832,373.48093655399,
    81.300000011921));
#5480 = SURFACE_CURVE('',#5481,(#5485,#5492),.PCURVE_S1.);
#5481 = LINE('',#5482,#5483);
#5482 = CARTESIAN_POINT('',(124.4006652832,373.48093655399,82.));
#5483 = VECTOR('',#5484,1.);
#5484 = DIRECTION('',(-0.,-0.,-1.));
#5485 = PCURVE('',#2896,#5486);
#5486 = DEFINITIONAL_REPRESENTATION('',(#5487),#5491);
#5487 = LINE('',#5488,#5489);
#5488 = CARTESIAN_POINT('',(0.,0.));
#5489 = VECTOR('',#5490,1.);
#5490 = DIRECTION('',(0.,-1.));
#5491 = ( GEOMETRIC_REPRESENTATION_CONTEXT(2) 
PARAMETRIC_REPRESENTATION_CONTEXT() REPRESENTATION_CONTEXT('2D SPACE',''
  ) );
#5492 = PCURVE('',#2971,#5493);
#5493 = DEFINITIONAL_REPRESENTATION('',(#5494),#5498);
#5494 = LINE('',#5495,#5496);
#5495 = CARTESIAN_POINT('',(3.14159265359,0.));
#5496 = VECTOR('',#5497,1.);
#5497 = DIRECTION('',(0.,-1.));
#5498 = ( GEOMETRIC_REPRESENTATION_CONTEXT(2) 
PARAMETRIC_REPRESENTATION_CONTEXT() REPRESENTATION_CONTEXT('2D SPACE',''
  ) );
#5499 = ORIENTED_EDGE('',*,*,#5500,.T.);
#5500 = EDGE_CURVE('',#5478,#5501,#5503,.T.);
#5501 = VERTEX_POINT('',#5502);
#5502 = CARTESIAN_POINT('',(124.4006652832,350.99215316772,
    81.300000011921));
#5503 = SURFACE_CURVE('',#5504,(#5508,#5515),.PCURVE_S1.);
#5504 = LINE('',#5505,#5506);
#5505 = CARTESIAN_POINT('',(124.4006652832,373.48093655399,
    81.300000011921));
#5506 = VECTOR('',#5507,1.);
#5507 = DIRECTION('',(0.,-1.,0.));
#5508 = PCURVE('',#2896,#5509);
#5509 = DEFINITIONAL_REPRESENTATION('',(#5510),#5514);
#5510 = LINE('',#5511,#5512);
#5511 = CARTESIAN_POINT('',(0.,-0.699999988079));
#5512 = VECTOR('',#5513,1.);
#5513 = DIRECTION('',(1.,0.));
#5514 = ( GEOMETRIC_REPRESENTATION_CONTEXT(2) 
PARAMETRIC_REPRESENTATION_CONTEXT() REPRESENTATION_CONTEXT('2D SPACE',''
  ) );
#5515 = PCURVE('',#5516,#5521);
#5516 = CYLINDRICAL_SURFACE('',#5517,0.300000011921);
#5517 = AXIS2_PLACEMENT_3D('',#5518,#5519,#5520);
#5518 = CARTESIAN_POINT('',(124.70066529512,373.48093655399,
    81.300000011921));
#5519 = DIRECTION('',(0.,-1.,0.));
#5520 = DIRECTION('',(-1.,0.,0.));
#5521 = DEFINITIONAL_REPRESENTATION('',(#5522),#5526);
#5522 = LINE('',#5523,#5524);
#5523 = CARTESIAN_POINT('',(0.,0.));
#5524 = VECTOR('',#5525,1.);
#5525 = DIRECTION('',(0.,1.));
#5526 = ( GEOMETRIC_REPRESENTATION_CONTEXT(2) 
PARAMETRIC_REPRESENTATION_CONTEXT() REPRESENTATION_CONTEXT('2D SPACE',''
  ) );
#5527 = ORIENTED_EDGE('',*,*,#5528,.F.);
#5528 = EDGE_CURVE('',#2881,#5501,#5529,.T.);
#5529 = SURFACE_CURVE('',#5530,(#5534,#5541),.PCURVE_S1.);
#5530 = LINE('',#5531,#5532);
#5531 = CARTESIAN_POINT('',(124.4006652832,350.99215316772,82.));
#5532 = VECTOR('',#5533,1.);
#5533 = DIRECTION('',(-0.,-0.,-1.));
#5534 = PCURVE('',#2896,#5535);
#5535 = DEFINITIONAL_REPRESENTATION('',(#5536),#5540);
#5536 = LINE('',#5537,#5538);
#5537 = CARTESIAN_POINT('',(22.488783386274,0.));
#5538 = VECTOR('',#5539,1.);
#5539 = DIRECTION('',(0.,-1.));
#5540 = ( GEOMETRIC_REPRESENTATION_CONTEXT(2) 
PARAMETRIC_REPRESENTATION_CONTEXT() REPRESENTATION_CONTEXT('2D SPACE',''
  ) );
#5541 = PCURVE('',#3025,#5542);
#5542 = DEFINITIONAL_REPRESENTATION('',(#5543),#5547);
#5543 = LINE('',#5544,#5545);
#5544 = CARTESIAN_POINT('',(3.14159265359,0.));
#5545 = VECTOR('',#5546,1.);
#5546 = DIRECTION('',(0.,-1.));
#5547 = ( GEOMETRIC_REPRESENTATION_CONTEXT(2) 
PARAMETRIC_REPRESENTATION_CONTEXT() REPRESENTATION_CONTEXT('2D SPACE',''
  ) );
#5548 = ORIENTED_EDGE('',*,*,#2880,.F.);
#5549 = ADVANCED_FACE('',(#5550),#2971,.F.);
#5550 = FACE_BOUND('',#5551,.F.);
#5551 = EDGE_LOOP('',(#5552,#5575,#5602,#5603));
#5552 = ORIENTED_EDGE('',*,*,#5553,.T.);
#5553 = EDGE_CURVE('',#2933,#5554,#5556,.T.);
#5554 = VERTEX_POINT('',#5555);
#5555 = CARTESIAN_POINT('',(125.91567230224,373.48093655399,
    81.300000011921));
#5556 = SURFACE_CURVE('',#5557,(#5561,#5568),.PCURVE_S1.);
#5557 = LINE('',#5558,#5559);
#5558 = CARTESIAN_POINT('',(125.91567230224,373.48093655399,82.));
#5559 = VECTOR('',#5560,1.);
#5560 = DIRECTION('',(-0.,-0.,-1.));
#5561 = PCURVE('',#2971,#5562);
#5562 = DEFINITIONAL_REPRESENTATION('',(#5563),#5567);
#5563 = LINE('',#5564,#5565);
#5564 = CARTESIAN_POINT('',(0.,0.));
#5565 = VECTOR('',#5566,1.);
#5566 = DIRECTION('',(0.,-1.));
#5567 = ( GEOMETRIC_REPRESENTATION_CONTEXT(2) 
PARAMETRIC_REPRESENTATION_CONTEXT() REPRESENTATION_CONTEXT('2D SPACE',''
  ) );
#5568 = PCURVE('',#3055,#5569);
#5569 = DEFINITIONAL_REPRESENTATION('',(#5570),#5574);
#5570 = LINE('',#5571,#5572);
#5571 = CARTESIAN_POINT('',(22.488783386274,0.));
#5572 = VECTOR('',#5573,1.);
#5573 = DIRECTION('',(0.,-1.));
#5574 = ( GEOMETRIC_REPRESENTATION_CONTEXT(2) 
PARAMETRIC_REPRESENTATION_CONTEXT() REPRESENTATION_CONTEXT('2D SPACE',''
  ) );
#5575 = ORIENTED_EDGE('',*,*,#5576,.T.);
#5576 = EDGE_CURVE('',#5554,#5478,#5577,.T.);
#5577 = SURFACE_CURVE('',#5578,(#5583,#5590),.PCURVE_S1.);
#5578 = CIRCLE('',#5579,0.757503509521);
#5579 = AXIS2_PLACEMENT_3D('',#5580,#5581,#5582);
#5580 = CARTESIAN_POINT('',(125.15816879272,373.48093655399,
    81.300000011921));
#5581 = DIRECTION('',(0.,0.,1.));
#5582 = DIRECTION('',(1.,0.,-0.));
#5583 = PCURVE('',#2971,#5584);
#5584 = DEFINITIONAL_REPRESENTATION('',(#5585),#5589);
#5585 = LINE('',#5586,#5587);
#5586 = CARTESIAN_POINT('',(0.,-0.699999988079));
#5587 = VECTOR('',#5588,1.);
#5588 = DIRECTION('',(1.,0.));
#5589 = ( GEOMETRIC_REPRESENTATION_CONTEXT(2) 
PARAMETRIC_REPRESENTATION_CONTEXT() REPRESENTATION_CONTEXT('2D SPACE',''
  ) );
#5590 = PCURVE('',#5591,#5596);
#5591 = TOROIDAL_SURFACE('',#5592,0.457503497601,0.300000011921);
#5592 = AXIS2_PLACEMENT_3D('',#5593,#5594,#5595);
#5593 = CARTESIAN_POINT('',(125.15816879272,373.48093655399,
    81.300000011921));
#5594 = DIRECTION('',(-0.,-0.,-1.));
#5595 = DIRECTION('',(1.,0.,-0.));
#5596 = DEFINITIONAL_REPRESENTATION('',(#5597),#5601);
#5597 = LINE('',#5598,#5599);
#5598 = CARTESIAN_POINT('',(-0.,0.));
#5599 = VECTOR('',#5600,1.);
#5600 = DIRECTION('',(-1.,0.));
#5601 = ( GEOMETRIC_REPRESENTATION_CONTEXT(2) 
PARAMETRIC_REPRESENTATION_CONTEXT() REPRESENTATION_CONTEXT('2D SPACE',''
  ) );
#5602 = ORIENTED_EDGE('',*,*,#5477,.F.);
#5603 = ORIENTED_EDGE('',*,*,#2956,.F.);
#5604 = ADVANCED_FACE('',(#5605),#3025,.F.);
#5605 = FACE_BOUND('',#5606,.F.);
#5606 = EDGE_LOOP('',(#5607,#5608,#5637,#5658));
#5607 = ORIENTED_EDGE('',*,*,#5528,.T.);
#5608 = ORIENTED_EDGE('',*,*,#5609,.T.);
#5609 = EDGE_CURVE('',#5501,#5610,#5612,.T.);
#5610 = VERTEX_POINT('',#5611);
#5611 = CARTESIAN_POINT('',(125.91567230224,350.99215316772,
    81.300000011921));
#5612 = SURFACE_CURVE('',#5613,(#5618,#5625),.PCURVE_S1.);
#5613 = CIRCLE('',#5614,0.757503509521);
#5614 = AXIS2_PLACEMENT_3D('',#5615,#5616,#5617);
#5615 = CARTESIAN_POINT('',(125.15816879272,350.99215316772,
    81.300000011921));
#5616 = DIRECTION('',(0.,0.,1.));
#5617 = DIRECTION('',(-1.,0.,0.));
#5618 = PCURVE('',#3025,#5619);
#5619 = DEFINITIONAL_REPRESENTATION('',(#5620),#5624);
#5620 = LINE('',#5621,#5622);
#5621 = CARTESIAN_POINT('',(3.14159265359,-0.699999988079));
#5622 = VECTOR('',#5623,1.);
#5623 = DIRECTION('',(1.,0.));
#5624 = ( GEOMETRIC_REPRESENTATION_CONTEXT(2) 
PARAMETRIC_REPRESENTATION_CONTEXT() REPRESENTATION_CONTEXT('2D SPACE',''
  ) );
#5625 = PCURVE('',#5626,#5631);
#5626 = TOROIDAL_SURFACE('',#5627,0.457503497601,0.300000011921);
#5627 = AXIS2_PLACEMENT_3D('',#5628,#5629,#5630);
#5628 = CARTESIAN_POINT('',(125.15816879272,350.99215316772,
    81.300000011921));
#5629 = DIRECTION('',(-0.,-0.,-1.));
#5630 = DIRECTION('',(-1.,0.,0.));
#5631 = DEFINITIONAL_REPRESENTATION('',(#5632),#5636);
#5632 = LINE('',#5633,#5634);
#5633 = CARTESIAN_POINT('',(-0.,0.));
#5634 = VECTOR('',#5635,1.);
#5635 = DIRECTION('',(-1.,0.));
#5636 = ( GEOMETRIC_REPRESENTATION_CONTEXT(2) 
PARAMETRIC_REPRESENTATION_CONTEXT() REPRESENTATION_CONTEXT('2D SPACE',''
  ) );
#5637 = ORIENTED_EDGE('',*,*,#5638,.F.);
#5638 = EDGE_CURVE('',#2989,#5610,#5639,.T.);
#5639 = SURFACE_CURVE('',#5640,(#5644,#5651),.PCURVE_S1.);
#5640 = LINE('',#5641,#5642);
#5641 = CARTESIAN_POINT('',(125.91567230224,350.99215316772,82.));
#5642 = VECTOR('',#5643,1.);
#5643 = DIRECTION('',(-0.,-0.,-1.));
#5644 = PCURVE('',#3025,#5645);
#5645 = DEFINITIONAL_REPRESENTATION('',(#5646),#5650);
#5646 = LINE('',#5647,#5648);
#5647 = CARTESIAN_POINT('',(6.28318530718,0.));
#5648 = VECTOR('',#5649,1.);
#5649 = DIRECTION('',(0.,-1.));
#5650 = ( GEOMETRIC_REPRESENTATION_CONTEXT(2) 
PARAMETRIC_REPRESENTATION_CONTEXT() REPRESENTATION_CONTEXT('2D SPACE',''
  ) );
#5651 = PCURVE('',#3055,#5652);
#5652 = DEFINITIONAL_REPRESENTATION('',(#5653),#5657);
#5653 = LINE('',#5654,#5655);
#5654 = CARTESIAN_POINT('',(0.,0.));
#5655 = VECTOR('',#5656,1.);
#5656 = DIRECTION('',(0.,-1.));
#5657 = ( GEOMETRIC_REPRESENTATION_CONTEXT(2) 
PARAMETRIC_REPRESENTATION_CONTEXT() REPRESENTATION_CONTEXT('2D SPACE',''
  ) );
#5658 = ORIENTED_EDGE('',*,*,#3010,.F.);
#5659 = ADVANCED_FACE('',(#5660),#3055,.F.);
#5660 = FACE_BOUND('',#5661,.F.);
#5661 = EDGE_LOOP('',(#5662,#5663,#5689,#5690));
#5662 = ORIENTED_EDGE('',*,*,#5638,.T.);
#5663 = ORIENTED_EDGE('',*,*,#5664,.T.);
#5664 = EDGE_CURVE('',#5610,#5554,#5665,.T.);
#5665 = SURFACE_CURVE('',#5666,(#5670,#5677),.PCURVE_S1.);
#5666 = LINE('',#5667,#5668);
#5667 = CARTESIAN_POINT('',(125.91567230224,350.99215316772,
    81.300000011921));
#5668 = VECTOR('',#5669,1.);
#5669 = DIRECTION('',(0.,1.,0.));
#5670 = PCURVE('',#3055,#5671);
#5671 = DEFINITIONAL_REPRESENTATION('',(#5672),#5676);
#5672 = LINE('',#5673,#5674);
#5673 = CARTESIAN_POINT('',(0.,-0.699999988079));
#5674 = VECTOR('',#5675,1.);
#5675 = DIRECTION('',(1.,0.));
#5676 = ( GEOMETRIC_REPRESENTATION_CONTEXT(2) 
PARAMETRIC_REPRESENTATION_CONTEXT() REPRESENTATION_CONTEXT('2D SPACE',''
  ) );
#5677 = PCURVE('',#5678,#5683);
#5678 = CYLINDRICAL_SURFACE('',#5679,0.300000011921);
#5679 = AXIS2_PLACEMENT_3D('',#5680,#5681,#5682);
#5680 = CARTESIAN_POINT('',(125.61567229032,350.99215316772,
    81.300000011921));
#5681 = DIRECTION('',(0.,1.,0.));
#5682 = DIRECTION('',(1.,0.,0.));
#5683 = DEFINITIONAL_REPRESENTATION('',(#5684),#5688);
#5684 = LINE('',#5685,#5686);
#5685 = CARTESIAN_POINT('',(0.,0.));
#5686 = VECTOR('',#5687,1.);
#5687 = DIRECTION('',(0.,1.));
#5688 = ( GEOMETRIC_REPRESENTATION_CONTEXT(2) 
PARAMETRIC_REPRESENTATION_CONTEXT() REPRESENTATION_CONTEXT('2D SPACE',''
  ) );
#5689 = ORIENTED_EDGE('',*,*,#5553,.F.);
#5690 = ORIENTED_EDGE('',*,*,#3041,.F.);
#5691 = ADVANCED_FACE('',(#5692),#3110,.F.);
#5692 = FACE_BOUND('',#5693,.F.);
#5693 = EDGE_LOOP('',(#5694,#5717,#5745,#5766));
#5694 = ORIENTED_EDGE('',*,*,#5695,.T.);
#5695 = EDGE_CURVE('',#3073,#5696,#5698,.T.);
#5696 = VERTEX_POINT('',#5697);
#5697 = CARTESIAN_POINT('',(129.95567321777,373.41781475834,
    81.300000011921));
#5698 = SURFACE_CURVE('',#5699,(#5703,#5710),.PCURVE_S1.);
#5699 = LINE('',#5700,#5701);
#5700 = CARTESIAN_POINT('',(129.95567321777,373.41781475834,82.));
#5701 = VECTOR('',#5702,1.);
#5702 = DIRECTION('',(-0.,-0.,-1.));
#5703 = PCURVE('',#3110,#5704);
#5704 = DEFINITIONAL_REPRESENTATION('',(#5705),#5709);
#5705 = LINE('',#5706,#5707);
#5706 = CARTESIAN_POINT('',(0.,0.));
#5707 = VECTOR('',#5708,1.);
#5708 = DIRECTION('',(0.,-1.));
#5709 = ( GEOMETRIC_REPRESENTATION_CONTEXT(2) 
PARAMETRIC_REPRESENTATION_CONTEXT() REPRESENTATION_CONTEXT('2D SPACE',''
  ) );
#5710 = PCURVE('',#3185,#5711);
#5711 = DEFINITIONAL_REPRESENTATION('',(#5712),#5716);
#5712 = LINE('',#5713,#5714);
#5713 = CARTESIAN_POINT('',(3.14159265359,0.));
#5714 = VECTOR('',#5715,1.);
#5715 = DIRECTION('',(0.,-1.));
#5716 = ( GEOMETRIC_REPRESENTATION_CONTEXT(2) 
PARAMETRIC_REPRESENTATION_CONTEXT() REPRESENTATION_CONTEXT('2D SPACE',''
  ) );
#5717 = ORIENTED_EDGE('',*,*,#5718,.T.);
#5718 = EDGE_CURVE('',#5696,#5719,#5721,.T.);
#5719 = VERTEX_POINT('',#5720);
#5720 = CARTESIAN_POINT('',(129.95567321777,351.05527496337,
    81.300000011921));
#5721 = SURFACE_CURVE('',#5722,(#5726,#5733),.PCURVE_S1.);
#5722 = LINE('',#5723,#5724);
#5723 = CARTESIAN_POINT('',(129.95567321777,373.41781475834,
    81.300000011921));
#5724 = VECTOR('',#5725,1.);
#5725 = DIRECTION('',(0.,-1.,0.));
#5726 = PCURVE('',#3110,#5727);
#5727 = DEFINITIONAL_REPRESENTATION('',(#5728),#5732);
#5728 = LINE('',#5729,#5730);
#5729 = CARTESIAN_POINT('',(0.,-0.699999988079));
#5730 = VECTOR('',#5731,1.);
#5731 = DIRECTION('',(1.,0.));
#5732 = ( GEOMETRIC_REPRESENTATION_CONTEXT(2) 
PARAMETRIC_REPRESENTATION_CONTEXT() REPRESENTATION_CONTEXT('2D SPACE',''
  ) );
#5733 = PCURVE('',#5734,#5739);
#5734 = CYLINDRICAL_SURFACE('',#5735,0.300000011921);
#5735 = AXIS2_PLACEMENT_3D('',#5736,#5737,#5738);
#5736 = CARTESIAN_POINT('',(130.25567322969,373.41781475834,
    81.300000011921));
#5737 = DIRECTION('',(0.,-1.,0.));
#5738 = DIRECTION('',(-1.,0.,0.));
#5739 = DEFINITIONAL_REPRESENTATION('',(#5740),#5744);
#5740 = LINE('',#5741,#5742);
#5741 = CARTESIAN_POINT('',(0.,0.));
#5742 = VECTOR('',#5743,1.);
#5743 = DIRECTION('',(0.,1.));
#5744 = ( GEOMETRIC_REPRESENTATION_CONTEXT(2) 
PARAMETRIC_REPRESENTATION_CONTEXT() REPRESENTATION_CONTEXT('2D SPACE',''
  ) );
#5745 = ORIENTED_EDGE('',*,*,#5746,.F.);
#5746 = EDGE_CURVE('',#3095,#5719,#5747,.T.);
#5747 = SURFACE_CURVE('',#5748,(#5752,#5759),.PCURVE_S1.);
#5748 = LINE('',#5749,#5750);
#5749 = CARTESIAN_POINT('',(129.95567321777,351.05527496337,82.));
#5750 = VECTOR('',#5751,1.);
#5751 = DIRECTION('',(-0.,-0.,-1.));
#5752 = PCURVE('',#3110,#5753);
#5753 = DEFINITIONAL_REPRESENTATION('',(#5754),#5758);
#5754 = LINE('',#5755,#5756);
#5755 = CARTESIAN_POINT('',(22.362539794966,0.));
#5756 = VECTOR('',#5757,1.);
#5757 = DIRECTION('',(0.,-1.));
#5758 = ( GEOMETRIC_REPRESENTATION_CONTEXT(2) 
PARAMETRIC_REPRESENTATION_CONTEXT() REPRESENTATION_CONTEXT('2D SPACE',''
  ) );
#5759 = PCURVE('',#3239,#5760);
#5760 = DEFINITIONAL_REPRESENTATION('',(#5761),#5765);
#5761 = LINE('',#5762,#5763);
#5762 = CARTESIAN_POINT('',(3.14159265359,0.));
#5763 = VECTOR('',#5764,1.);
#5764 = DIRECTION('',(0.,-1.));
#5765 = ( GEOMETRIC_REPRESENTATION_CONTEXT(2) 
PARAMETRIC_REPRESENTATION_CONTEXT() REPRESENTATION_CONTEXT('2D SPACE',''
  ) );
#5766 = ORIENTED_EDGE('',*,*,#3094,.F.);
#5767 = ADVANCED_FACE('',(#5768),#3185,.F.);
#5768 = FACE_BOUND('',#5769,.F.);
#5769 = EDGE_LOOP('',(#5770,#5793,#5820,#5821));
#5770 = ORIENTED_EDGE('',*,*,#5771,.T.);
#5771 = EDGE_CURVE('',#3147,#5772,#5774,.T.);
#5772 = VERTEX_POINT('',#5773);
#5773 = CARTESIAN_POINT('',(131.59692382812,373.41781475834,
    81.300000011921));
#5774 = SURFACE_CURVE('',#5775,(#5779,#5786),.PCURVE_S1.);
#5775 = LINE('',#5776,#5777);
#5776 = CARTESIAN_POINT('',(131.59692382812,373.41781475834,82.));
#5777 = VECTOR('',#5778,1.);
#5778 = DIRECTION('',(-0.,-0.,-1.));
#5779 = PCURVE('',#3185,#5780);
#5780 = DEFINITIONAL_REPRESENTATION('',(#5781),#5785);
#5781 = LINE('',#5782,#5783);
#5782 = CARTESIAN_POINT('',(0.,0.));
#5783 = VECTOR('',#5784,1.);
#5784 = DIRECTION('',(0.,-1.));
#5785 = ( GEOMETRIC_REPRESENTATION_CONTEXT(2) 
PARAMETRIC_REPRESENTATION_CONTEXT() REPRESENTATION_CONTEXT('2D SPACE',''
  ) );
#5786 = PCURVE('',#3269,#5787);
#5787 = DEFINITIONAL_REPRESENTATION('',(#5788),#5792);
#5788 = LINE('',#5789,#5790);
#5789 = CARTESIAN_POINT('',(22.362539794966,0.));
#5790 = VECTOR('',#5791,1.);
#5791 = DIRECTION('',(0.,-1.));
#5792 = ( GEOMETRIC_REPRESENTATION_CONTEXT(2) 
PARAMETRIC_REPRESENTATION_CONTEXT() REPRESENTATION_CONTEXT('2D SPACE',''
  ) );
#5793 = ORIENTED_EDGE('',*,*,#5794,.T.);
#5794 = EDGE_CURVE('',#5772,#5696,#5795,.T.);
#5795 = SURFACE_CURVE('',#5796,(#5801,#5808),.PCURVE_S1.);
#5796 = CIRCLE('',#5797,0.820625305176);
#5797 = AXIS2_PLACEMENT_3D('',#5798,#5799,#5800);
#5798 = CARTESIAN_POINT('',(130.77629852294,373.41781475834,
    81.300000011921));
#5799 = DIRECTION('',(0.,0.,1.));
#5800 = DIRECTION('',(1.,0.,-0.));
#5801 = PCURVE('',#3185,#5802);
#5802 = DEFINITIONAL_REPRESENTATION('',(#5803),#5807);
#5803 = LINE('',#5804,#5805);
#5804 = CARTESIAN_POINT('',(0.,-0.699999988079));
#5805 = VECTOR('',#5806,1.);
#5806 = DIRECTION('',(1.,0.));
#5807 = ( GEOMETRIC_REPRESENTATION_CONTEXT(2) 
PARAMETRIC_REPRESENTATION_CONTEXT() REPRESENTATION_CONTEXT('2D SPACE',''
  ) );
#5808 = PCURVE('',#5809,#5814);
#5809 = TOROIDAL_SURFACE('',#5810,0.520625293255,0.300000011921);
#5810 = AXIS2_PLACEMENT_3D('',#5811,#5812,#5813);
#5811 = CARTESIAN_POINT('',(130.77629852294,373.41781475834,
    81.300000011921));
#5812 = DIRECTION('',(-0.,-0.,-1.));
#5813 = DIRECTION('',(1.,0.,-0.));
#5814 = DEFINITIONAL_REPRESENTATION('',(#5815),#5819);
#5815 = LINE('',#5816,#5817);
#5816 = CARTESIAN_POINT('',(-0.,0.));
#5817 = VECTOR('',#5818,1.);
#5818 = DIRECTION('',(-1.,0.));
#5819 = ( GEOMETRIC_REPRESENTATION_CONTEXT(2) 
PARAMETRIC_REPRESENTATION_CONTEXT() REPRESENTATION_CONTEXT('2D SPACE',''
  ) );
#5820 = ORIENTED_EDGE('',*,*,#5695,.F.);
#5821 = ORIENTED_EDGE('',*,*,#3170,.F.);
#5822 = ADVANCED_FACE('',(#5823),#3239,.F.);
#5823 = FACE_BOUND('',#5824,.F.);
#5824 = EDGE_LOOP('',(#5825,#5826,#5855,#5876));
#5825 = ORIENTED_EDGE('',*,*,#5746,.T.);
#5826 = ORIENTED_EDGE('',*,*,#5827,.T.);
#5827 = EDGE_CURVE('',#5719,#5828,#5830,.T.);
#5828 = VERTEX_POINT('',#5829);
#5829 = CARTESIAN_POINT('',(131.59692382812,351.05527496337,
    81.300000011921));
#5830 = SURFACE_CURVE('',#5831,(#5836,#5843),.PCURVE_S1.);
#5831 = CIRCLE('',#5832,0.820625305176);
#5832 = AXIS2_PLACEMENT_3D('',#5833,#5834,#5835);
#5833 = CARTESIAN_POINT('',(130.77629852294,351.05527496337,
    81.300000011921));
#5834 = DIRECTION('',(0.,0.,1.));
#5835 = DIRECTION('',(-1.,0.,0.));
#5836 = PCURVE('',#3239,#5837);
#5837 = DEFINITIONAL_REPRESENTATION('',(#5838),#5842);
#5838 = LINE('',#5839,#5840);
#5839 = CARTESIAN_POINT('',(3.14159265359,-0.699999988079));
#5840 = VECTOR('',#5841,1.);
#5841 = DIRECTION('',(1.,0.));
#5842 = ( GEOMETRIC_REPRESENTATION_CONTEXT(2) 
PARAMETRIC_REPRESENTATION_CONTEXT() REPRESENTATION_CONTEXT('2D SPACE',''
  ) );
#5843 = PCURVE('',#5844,#5849);
#5844 = TOROIDAL_SURFACE('',#5845,0.520625293255,0.300000011921);
#5845 = AXIS2_PLACEMENT_3D('',#5846,#5847,#5848);
#5846 = CARTESIAN_POINT('',(130.77629852294,351.05527496337,
    81.300000011921));
#5847 = DIRECTION('',(-0.,-0.,-1.));
#5848 = DIRECTION('',(-1.,0.,0.));
#5849 = DEFINITIONAL_REPRESENTATION('',(#5850),#5854);
#5850 = LINE('',#5851,#5852);
#5851 = CARTESIAN_POINT('',(-0.,0.));
#5852 = VECTOR('',#5853,1.);
#5853 = DIRECTION('',(-1.,0.));
#5854 = ( GEOMETRIC_REPRESENTATION_CONTEXT(2) 
PARAMETRIC_REPRESENTATION_CONTEXT() REPRESENTATION_CONTEXT('2D SPACE',''
  ) );
#5855 = ORIENTED_EDGE('',*,*,#5856,.F.);
#5856 = EDGE_CURVE('',#3203,#5828,#5857,.T.);
#5857 = SURFACE_CURVE('',#5858,(#5862,#5869),.PCURVE_S1.);
#5858 = LINE('',#5859,#5860);
#5859 = CARTESIAN_POINT('',(131.59692382812,351.05527496337,82.));
#5860 = VECTOR('',#5861,1.);
#5861 = DIRECTION('',(-0.,-0.,-1.));
#5862 = PCURVE('',#3239,#5863);
#5863 = DEFINITIONAL_REPRESENTATION('',(#5864),#5868);
#5864 = LINE('',#5865,#5866);
#5865 = CARTESIAN_POINT('',(6.28318530718,0.));
#5866 = VECTOR('',#5867,1.);
#5867 = DIRECTION('',(0.,-1.));
#5868 = ( GEOMETRIC_REPRESENTATION_CONTEXT(2) 
PARAMETRIC_REPRESENTATION_CONTEXT() REPRESENTATION_CONTEXT('2D SPACE',''
  ) );
#5869 = PCURVE('',#3269,#5870);
#5870 = DEFINITIONAL_REPRESENTATION('',(#5871),#5875);
#5871 = LINE('',#5872,#5873);
#5872 = CARTESIAN_POINT('',(0.,0.));
#5873 = VECTOR('',#5874,1.);
#5874 = DIRECTION('',(0.,-1.));
#5875 = ( GEOMETRIC_REPRESENTATION_CONTEXT(2) 
PARAMETRIC_REPRESENTATION_CONTEXT() REPRESENTATION_CONTEXT('2D SPACE',''
  ) );
#5876 = ORIENTED_EDGE('',*,*,#3224,.F.);
#5877 = ADVANCED_FACE('',(#5878),#3269,.F.);
#5878 = FACE_BOUND('',#5879,.F.);
#5879 = EDGE_LOOP('',(#5880,#5881,#5907,#5908));
#5880 = ORIENTED_EDGE('',*,*,#5856,.T.);
#5881 = ORIENTED_EDGE('',*,*,#5882,.T.);
#5882 = EDGE_CURVE('',#5828,#5772,#5883,.T.);
#5883 = SURFACE_CURVE('',#5884,(#5888,#5895),.PCURVE_S1.);
#5884 = LINE('',#5885,#5886);
#5885 = CARTESIAN_POINT('',(131.59692382812,351.05527496337,
    81.300000011921));
#5886 = VECTOR('',#5887,1.);
#5887 = DIRECTION('',(0.,1.,0.));
#5888 = PCURVE('',#3269,#5889);
#5889 = DEFINITIONAL_REPRESENTATION('',(#5890),#5894);
#5890 = LINE('',#5891,#5892);
#5891 = CARTESIAN_POINT('',(0.,-0.699999988079));
#5892 = VECTOR('',#5893,1.);
#5893 = DIRECTION('',(1.,0.));
#5894 = ( GEOMETRIC_REPRESENTATION_CONTEXT(2) 
PARAMETRIC_REPRESENTATION_CONTEXT() REPRESENTATION_CONTEXT('2D SPACE',''
  ) );
#5895 = PCURVE('',#5896,#5901);
#5896 = CYLINDRICAL_SURFACE('',#5897,0.300000011921);
#5897 = AXIS2_PLACEMENT_3D('',#5898,#5899,#5900);
#5898 = CARTESIAN_POINT('',(131.2969238162,351.05527496337,
    81.300000011921));
#5899 = DIRECTION('',(0.,1.,0.));
#5900 = DIRECTION('',(1.,0.,0.));
#5901 = DEFINITIONAL_REPRESENTATION('',(#5902),#5906);
#5902 = LINE('',#5903,#5904);
#5903 = CARTESIAN_POINT('',(0.,0.));
#5904 = VECTOR('',#5905,1.);
#5905 = DIRECTION('',(0.,1.));
#5906 = ( GEOMETRIC_REPRESENTATION_CONTEXT(2) 
PARAMETRIC_REPRESENTATION_CONTEXT() REPRESENTATION_CONTEXT('2D SPACE',''
  ) );
#5907 = ORIENTED_EDGE('',*,*,#5771,.F.);
#5908 = ORIENTED_EDGE('',*,*,#3255,.F.);
#5909 = ADVANCED_FACE('',(#5910),#3324,.F.);
#5910 = FACE_BOUND('',#5911,.F.);
#5911 = EDGE_LOOP('',(#5912,#5935,#5963,#5984));
#5912 = ORIENTED_EDGE('',*,*,#5913,.T.);
#5913 = EDGE_CURVE('',#3287,#5914,#5916,.T.);
#5914 = VERTEX_POINT('',#5915);
#5915 = CARTESIAN_POINT('',(136.14192199707,373.3582270575,
    81.300000011921));
#5916 = SURFACE_CURVE('',#5917,(#5921,#5928),.PCURVE_S1.);
#5917 = LINE('',#5918,#5919);
#5918 = CARTESIAN_POINT('',(136.14192199707,373.3582270575,82.));
#5919 = VECTOR('',#5920,1.);
#5920 = DIRECTION('',(-0.,-0.,-1.));
#5921 = PCURVE('',#3324,#5922);
#5922 = DEFINITIONAL_REPRESENTATION('',(#5923),#5927);
#5923 = LINE('',#5924,#5925);
#5924 = CARTESIAN_POINT('',(0.,0.));
#5925 = VECTOR('',#5926,1.);
#5926 = DIRECTION('',(0.,-1.));
#5927 = ( GEOMETRIC_REPRESENTATION_CONTEXT(2) 
PARAMETRIC_REPRESENTATION_CONTEXT() REPRESENTATION_CONTEXT('2D SPACE',''
  ) );
#5928 = PCURVE('',#3399,#5929);
#5929 = DEFINITIONAL_REPRESENTATION('',(#5930),#5934);
#5930 = LINE('',#5931,#5932);
#5931 = CARTESIAN_POINT('',(3.14159265359,0.));
#5932 = VECTOR('',#5933,1.);
#5933 = DIRECTION('',(0.,-1.));
#5934 = ( GEOMETRIC_REPRESENTATION_CONTEXT(2) 
PARAMETRIC_REPRESENTATION_CONTEXT() REPRESENTATION_CONTEXT('2D SPACE',''
  ) );
#5935 = ORIENTED_EDGE('',*,*,#5936,.T.);
#5936 = EDGE_CURVE('',#5914,#5937,#5939,.T.);
#5937 = VERTEX_POINT('',#5938);
#5938 = CARTESIAN_POINT('',(136.14192199707,351.23734283447,
    81.300000011921));
#5939 = SURFACE_CURVE('',#5940,(#5944,#5951),.PCURVE_S1.);
#5940 = LINE('',#5941,#5942);
#5941 = CARTESIAN_POINT('',(136.14192199707,373.3582270575,
    81.300000011921));
#5942 = VECTOR('',#5943,1.);
#5943 = DIRECTION('',(0.,-1.,0.));
#5944 = PCURVE('',#3324,#5945);
#5945 = DEFINITIONAL_REPRESENTATION('',(#5946),#5950);
#5946 = LINE('',#5947,#5948);
#5947 = CARTESIAN_POINT('',(0.,-0.699999988079));
#5948 = VECTOR('',#5949,1.);
#5949 = DIRECTION('',(1.,0.));
#5950 = ( GEOMETRIC_REPRESENTATION_CONTEXT(2) 
PARAMETRIC_REPRESENTATION_CONTEXT() REPRESENTATION_CONTEXT('2D SPACE',''
  ) );
#5951 = PCURVE('',#5952,#5957);
#5952 = CYLINDRICAL_SURFACE('',#5953,0.300000011921);
#5953 = AXIS2_PLACEMENT_3D('',#5954,#5955,#5956);
#5954 = CARTESIAN_POINT('',(136.44192200899,373.3582270575,
    81.300000011921));
#5955 = DIRECTION('',(0.,-1.,0.));
#5956 = DIRECTION('',(-1.,0.,0.));
#5957 = DEFINITIONAL_REPRESENTATION('',(#5958),#5962);
#5958 = LINE('',#5959,#5960);
#5959 = CARTESIAN_POINT('',(0.,0.));
#5960 = VECTOR('',#5961,1.);
#5961 = DIRECTION('',(0.,1.));
#5962 = ( GEOMETRIC_REPRESENTATION_CONTEXT(2) 
PARAMETRIC_REPRESENTATION_CONTEXT() REPRESENTATION_CONTEXT('2D SPACE',''
  ) );
#5963 = ORIENTED_EDGE('',*,*,#5964,.F.);
#5964 = EDGE_CURVE('',#3309,#5937,#5965,.T.);
#5965 = SURFACE_CURVE('',#5966,(#5970,#5977),.PCURVE_S1.);
#5966 = LINE('',#5967,#5968);
#5967 = CARTESIAN_POINT('',(136.14192199707,351.23734283447,82.));
#5968 = VECTOR('',#5969,1.);
#5969 = DIRECTION('',(-0.,-0.,-1.));
#5970 = PCURVE('',#3324,#5971);
#5971 = DEFINITIONAL_REPRESENTATION('',(#5972),#5976);
#5972 = LINE('',#5973,#5974);
#5973 = CARTESIAN_POINT('',(22.120884223036,0.));
#5974 = VECTOR('',#5975,1.);
#5975 = DIRECTION('',(0.,-1.));
#5976 = ( GEOMETRIC_REPRESENTATION_CONTEXT(2) 
PARAMETRIC_REPRESENTATION_CONTEXT() REPRESENTATION_CONTEXT('2D SPACE',''
  ) );
#5977 = PCURVE('',#3453,#5978);
#5978 = DEFINITIONAL_REPRESENTATION('',(#5979),#5983);
#5979 = LINE('',#5980,#5981);
#5980 = CARTESIAN_POINT('',(3.14159265359,0.));
#5981 = VECTOR('',#5982,1.);
#5982 = DIRECTION('',(0.,-1.));
#5983 = ( GEOMETRIC_REPRESENTATION_CONTEXT(2) 
PARAMETRIC_REPRESENTATION_CONTEXT() REPRESENTATION_CONTEXT('2D SPACE',''
  ) );
#5984 = ORIENTED_EDGE('',*,*,#3308,.F.);
#5985 = ADVANCED_FACE('',(#5986),#3399,.F.);
#5986 = FACE_BOUND('',#5987,.F.);
#5987 = EDGE_LOOP('',(#5988,#6011,#6038,#6039));
#5988 = ORIENTED_EDGE('',*,*,#5989,.T.);
#5989 = EDGE_CURVE('',#3361,#5990,#5992,.T.);
#5990 = VERTEX_POINT('',#5991);
#5991 = CARTESIAN_POINT('',(137.78317260742,373.3582270575,
    81.300000011921));
#5992 = SURFACE_CURVE('',#5993,(#5997,#6004),.PCURVE_S1.);
#5993 = LINE('',#5994,#5995);
#5994 = CARTESIAN_POINT('',(137.78317260742,373.3582270575,82.));
#5995 = VECTOR('',#5996,1.);
#5996 = DIRECTION('',(-0.,-0.,-1.));
#5997 = PCURVE('',#3399,#5998);
#5998 = DEFINITIONAL_REPRESENTATION('',(#5999),#6003);
#5999 = LINE('',#6000,#6001);
#6000 = CARTESIAN_POINT('',(0.,0.));
#6001 = VECTOR('',#6002,1.);
#6002 = DIRECTION('',(0.,-1.));
#6003 = ( GEOMETRIC_REPRESENTATION_CONTEXT(2) 
PARAMETRIC_REPRESENTATION_CONTEXT() REPRESENTATION_CONTEXT('2D SPACE',''
  ) );
#6004 = PCURVE('',#3483,#6005);
#6005 = DEFINITIONAL_REPRESENTATION('',(#6006),#6010);
#6006 = LINE('',#6007,#6008);
#6007 = CARTESIAN_POINT('',(22.120884223036,0.));
#6008 = VECTOR('',#6009,1.);
#6009 = DIRECTION('',(0.,-1.));
#6010 = ( GEOMETRIC_REPRESENTATION_CONTEXT(2) 
PARAMETRIC_REPRESENTATION_CONTEXT() REPRESENTATION_CONTEXT('2D SPACE',''
  ) );
#6011 = ORIENTED_EDGE('',*,*,#6012,.T.);
#6012 = EDGE_CURVE('',#5990,#5914,#6013,.T.);
#6013 = SURFACE_CURVE('',#6014,(#6019,#6026),.PCURVE_S1.);
#6014 = CIRCLE('',#6015,0.820625305176);
#6015 = AXIS2_PLACEMENT_3D('',#6016,#6017,#6018);
#6016 = CARTESIAN_POINT('',(136.96254730224,373.3582270575,
    81.300000011921));
#6017 = DIRECTION('',(0.,0.,1.));
#6018 = DIRECTION('',(1.,0.,-0.));
#6019 = PCURVE('',#3399,#6020);
#6020 = DEFINITIONAL_REPRESENTATION('',(#6021),#6025);
#6021 = LINE('',#6022,#6023);
#6022 = CARTESIAN_POINT('',(0.,-0.699999988079));
#6023 = VECTOR('',#6024,1.);
#6024 = DIRECTION('',(1.,0.));
#6025 = ( GEOMETRIC_REPRESENTATION_CONTEXT(2) 
PARAMETRIC_REPRESENTATION_CONTEXT() REPRESENTATION_CONTEXT('2D SPACE',''
  ) );
#6026 = PCURVE('',#6027,#6032);
#6027 = TOROIDAL_SURFACE('',#6028,0.520625293255,0.300000011921);
#6028 = AXIS2_PLACEMENT_3D('',#6029,#6030,#6031);
#6029 = CARTESIAN_POINT('',(136.96254730224,373.3582270575,
    81.300000011921));
#6030 = DIRECTION('',(-0.,-0.,-1.));
#6031 = DIRECTION('',(1.,0.,-0.));
#6032 = DEFINITIONAL_REPRESENTATION('',(#6033),#6037);
#6033 = LINE('',#6034,#6035);
#6034 = CARTESIAN_POINT('',(-0.,0.));
#6035 = VECTOR('',#6036,1.);
#6036 = DIRECTION('',(-1.,0.));
#6037 = ( GEOMETRIC_REPRESENTATION_CONTEXT(2) 
PARAMETRIC_REPRESENTATION_CONTEXT() REPRESENTATION_CONTEXT('2D SPACE',''
  ) );
#6038 = ORIENTED_EDGE('',*,*,#5913,.F.);
#6039 = ORIENTED_EDGE('',*,*,#3384,.F.);
#6040 = ADVANCED_FACE('',(#6041),#3453,.F.);
#6041 = FACE_BOUND('',#6042,.F.);
#6042 = EDGE_LOOP('',(#6043,#6044,#6073,#6094));
#6043 = ORIENTED_EDGE('',*,*,#5964,.T.);
#6044 = ORIENTED_EDGE('',*,*,#6045,.T.);
#6045 = EDGE_CURVE('',#5937,#6046,#6048,.T.);
#6046 = VERTEX_POINT('',#6047);
#6047 = CARTESIAN_POINT('',(137.78317260742,351.23734283447,
    81.300000011921));
#6048 = SURFACE_CURVE('',#6049,(#6054,#6061),.PCURVE_S1.);
#6049 = CIRCLE('',#6050,0.820625305176);
#6050 = AXIS2_PLACEMENT_3D('',#6051,#6052,#6053);
#6051 = CARTESIAN_POINT('',(136.96254730224,351.23734283447,
    81.300000011921));
#6052 = DIRECTION('',(0.,0.,1.));
#6053 = DIRECTION('',(-1.,0.,0.));
#6054 = PCURVE('',#3453,#6055);
#6055 = DEFINITIONAL_REPRESENTATION('',(#6056),#6060);
#6056 = LINE('',#6057,#6058);
#6057 = CARTESIAN_POINT('',(3.14159265359,-0.699999988079));
#6058 = VECTOR('',#6059,1.);
#6059 = DIRECTION('',(1.,0.));
#6060 = ( GEOMETRIC_REPRESENTATION_CONTEXT(2) 
PARAMETRIC_REPRESENTATION_CONTEXT() REPRESENTATION_CONTEXT('2D SPACE',''
  ) );
#6061 = PCURVE('',#6062,#6067);
#6062 = TOROIDAL_SURFACE('',#6063,0.520625293255,0.300000011921);
#6063 = AXIS2_PLACEMENT_3D('',#6064,#6065,#6066);
#6064 = CARTESIAN_POINT('',(136.96254730224,351.23734283447,
    81.300000011921));
#6065 = DIRECTION('',(-0.,-0.,-1.));
#6066 = DIRECTION('',(-1.,0.,0.));
#6067 = DEFINITIONAL_REPRESENTATION('',(#6068),#6072);
#6068 = LINE('',#6069,#6070);
#6069 = CARTESIAN_POINT('',(-0.,0.));
#6070 = VECTOR('',#6071,1.);
#6071 = DIRECTION('',(-1.,0.));
#6072 = ( GEOMETRIC_REPRESENTATION_CONTEXT(2) 
PARAMETRIC_REPRESENTATION_CONTEXT() REPRESENTATION_CONTEXT('2D SPACE',''
  ) );
#6073 = ORIENTED_EDGE('',*,*,#6074,.F.);
#6074 = EDGE_CURVE('',#3417,#6046,#6075,.T.);
#6075 = SURFACE_CURVE('',#6076,(#6080,#6087),.PCURVE_S1.);
#6076 = LINE('',#6077,#6078);
#6077 = CARTESIAN_POINT('',(137.78317260742,351.23734283447,82.));
#6078 = VECTOR('',#6079,1.);
#6079 = DIRECTION('',(-0.,-0.,-1.));
#6080 = PCURVE('',#3453,#6081);
#6081 = DEFINITIONAL_REPRESENTATION('',(#6082),#6086);
#6082 = LINE('',#6083,#6084);
#6083 = CARTESIAN_POINT('',(6.28318530718,0.));
#6084 = VECTOR('',#6085,1.);
#6085 = DIRECTION('',(0.,-1.));
#6086 = ( GEOMETRIC_REPRESENTATION_CONTEXT(2) 
PARAMETRIC_REPRESENTATION_CONTEXT() REPRESENTATION_CONTEXT('2D SPACE',''
  ) );
#6087 = PCURVE('',#3483,#6088);
#6088 = DEFINITIONAL_REPRESENTATION('',(#6089),#6093);
#6089 = LINE('',#6090,#6091);
#6090 = CARTESIAN_POINT('',(0.,0.));
#6091 = VECTOR('',#6092,1.);
#6092 = DIRECTION('',(0.,-1.));
#6093 = ( GEOMETRIC_REPRESENTATION_CONTEXT(2) 
PARAMETRIC_REPRESENTATION_CONTEXT() REPRESENTATION_CONTEXT('2D SPACE',''
  ) );
#6094 = ORIENTED_EDGE('',*,*,#3438,.F.);
#6095 = ADVANCED_FACE('',(#6096),#3483,.F.);
#6096 = FACE_BOUND('',#6097,.F.);
#6097 = EDGE_LOOP('',(#6098,#6099,#6125,#6126));
#6098 = ORIENTED_EDGE('',*,*,#6074,.T.);
#6099 = ORIENTED_EDGE('',*,*,#6100,.T.);
#6100 = EDGE_CURVE('',#6046,#5990,#6101,.T.);
#6101 = SURFACE_CURVE('',#6102,(#6106,#6113),.PCURVE_S1.);
#6102 = LINE('',#6103,#6104);
#6103 = CARTESIAN_POINT('',(137.78317260742,351.23734283447,
    81.300000011921));
#6104 = VECTOR('',#6105,1.);
#6105 = DIRECTION('',(0.,1.,0.));
#6106 = PCURVE('',#3483,#6107);
#6107 = DEFINITIONAL_REPRESENTATION('',(#6108),#6112);
#6108 = LINE('',#6109,#6110);
#6109 = CARTESIAN_POINT('',(0.,-0.699999988079));
#6110 = VECTOR('',#6111,1.);
#6111 = DIRECTION('',(1.,0.));
#6112 = ( GEOMETRIC_REPRESENTATION_CONTEXT(2) 
PARAMETRIC_REPRESENTATION_CONTEXT() REPRESENTATION_CONTEXT('2D SPACE',''
  ) );
#6113 = PCURVE('',#6114,#6119);
#6114 = CYLINDRICAL_SURFACE('',#6115,0.300000011921);
#6115 = AXIS2_PLACEMENT_3D('',#6116,#6117,#6118);
#6116 = CARTESIAN_POINT('',(137.4831725955,351.23734283447,
    81.300000011921));
#6117 = DIRECTION('',(0.,1.,0.));
#6118 = DIRECTION('',(1.,0.,0.));
#6119 = DEFINITIONAL_REPRESENTATION('',(#6120),#6124);
#6120 = LINE('',#6121,#6122);
#6121 = CARTESIAN_POINT('',(0.,0.));
#6122 = VECTOR('',#6123,1.);
#6123 = DIRECTION('',(0.,1.));
#6124 = ( GEOMETRIC_REPRESENTATION_CONTEXT(2) 
PARAMETRIC_REPRESENTATION_CONTEXT() REPRESENTATION_CONTEXT('2D SPACE',''
  ) );
#6125 = ORIENTED_EDGE('',*,*,#5989,.F.);
#6126 = ORIENTED_EDGE('',*,*,#3469,.F.);
#6127 = ADVANCED_FACE('',(#6128),#3538,.F.);
#6128 = FACE_BOUND('',#6129,.F.);
#6129 = EDGE_LOOP('',(#6130,#6153,#6181,#6202));
#6130 = ORIENTED_EDGE('',*,*,#6131,.T.);
#6131 = EDGE_CURVE('',#3501,#6132,#6134,.T.);
#6132 = VERTEX_POINT('',#6133);
#6133 = CARTESIAN_POINT('',(143.08613921261,373.29461555986,
    81.300000011921));
#6134 = SURFACE_CURVE('',#6135,(#6139,#6146),.PCURVE_S1.);
#6135 = LINE('',#6136,#6137);
#6136 = CARTESIAN_POINT('',(143.08613921261,373.29461555986,82.));
#6137 = VECTOR('',#6138,1.);
#6138 = DIRECTION('',(-0.,-0.,-1.));
#6139 = PCURVE('',#3538,#6140);
#6140 = DEFINITIONAL_REPRESENTATION('',(#6141),#6145);
#6141 = LINE('',#6142,#6143);
#6142 = CARTESIAN_POINT('',(0.,0.));
#6143 = VECTOR('',#6144,1.);
#6144 = DIRECTION('',(0.,-1.));
#6145 = ( GEOMETRIC_REPRESENTATION_CONTEXT(2) 
PARAMETRIC_REPRESENTATION_CONTEXT() REPRESENTATION_CONTEXT('2D SPACE',''
  ) );
#6146 = PCURVE('',#3613,#6147);
#6147 = DEFINITIONAL_REPRESENTATION('',(#6148),#6152);
#6148 = LINE('',#6149,#6150);
#6149 = CARTESIAN_POINT('',(3.14159265359,0.));
#6150 = VECTOR('',#6151,1.);
#6151 = DIRECTION('',(0.,-1.));
#6152 = ( GEOMETRIC_REPRESENTATION_CONTEXT(2) 
PARAMETRIC_REPRESENTATION_CONTEXT() REPRESENTATION_CONTEXT('2D SPACE',''
  ) );
#6153 = ORIENTED_EDGE('',*,*,#6154,.T.);
#6154 = EDGE_CURVE('',#6132,#6155,#6157,.T.);
#6155 = VERTEX_POINT('',#6156);
#6156 = CARTESIAN_POINT('',(143.08613921261,350.94598324557,
    81.300000011921));
#6157 = SURFACE_CURVE('',#6158,(#6162,#6169),.PCURVE_S1.);
#6158 = LINE('',#6159,#6160);
#6159 = CARTESIAN_POINT('',(143.08613921261,373.29461555986,
    81.300000011921));
#6160 = VECTOR('',#6161,1.);
#6161 = DIRECTION('',(0.,-1.,0.));
#6162 = PCURVE('',#3538,#6163);
#6163 = DEFINITIONAL_REPRESENTATION('',(#6164),#6168);
#6164 = LINE('',#6165,#6166);
#6165 = CARTESIAN_POINT('',(0.,-0.699999988079));
#6166 = VECTOR('',#6167,1.);
#6167 = DIRECTION('',(1.,0.));
#6168 = ( GEOMETRIC_REPRESENTATION_CONTEXT(2) 
PARAMETRIC_REPRESENTATION_CONTEXT() REPRESENTATION_CONTEXT('2D SPACE',''
  ) );
#6169 = PCURVE('',#6170,#6175);
#6170 = CYLINDRICAL_SURFACE('',#6171,0.300000011921);
#6171 = AXIS2_PLACEMENT_3D('',#6172,#6173,#6174);
#6172 = CARTESIAN_POINT('',(143.38613922453,373.29461555986,
    81.300000011921));
#6173 = DIRECTION('',(0.,-1.,0.));
#6174 = DIRECTION('',(-1.,0.,0.));
#6175 = DEFINITIONAL_REPRESENTATION('',(#6176),#6180);
#6176 = LINE('',#6177,#6178);
#6177 = CARTESIAN_POINT('',(0.,0.));
#6178 = VECTOR('',#6179,1.);
#6179 = DIRECTION('',(0.,1.));
#6180 = ( GEOMETRIC_REPRESENTATION_CONTEXT(2) 
PARAMETRIC_REPRESENTATION_CONTEXT() REPRESENTATION_CONTEXT('2D SPACE',''
  ) );
#6181 = ORIENTED_EDGE('',*,*,#6182,.F.);
#6182 = EDGE_CURVE('',#3523,#6155,#6183,.T.);
#6183 = SURFACE_CURVE('',#6184,(#6188,#6195),.PCURVE_S1.);
#6184 = LINE('',#6185,#6186);
#6185 = CARTESIAN_POINT('',(143.08613921261,350.94598324557,82.));
#6186 = VECTOR('',#6187,1.);
#6187 = DIRECTION('',(-0.,-0.,-1.));
#6188 = PCURVE('',#3538,#6189);
#6189 = DEFINITIONAL_REPRESENTATION('',(#6190),#6194);
#6190 = LINE('',#6191,#6192);
#6191 = CARTESIAN_POINT('',(22.348632314292,0.));
#6192 = VECTOR('',#6193,1.);
#6193 = DIRECTION('',(0.,-1.));
#6194 = ( GEOMETRIC_REPRESENTATION_CONTEXT(2) 
PARAMETRIC_REPRESENTATION_CONTEXT() REPRESENTATION_CONTEXT('2D SPACE',''
  ) );
#6195 = PCURVE('',#3667,#6196);
#6196 = DEFINITIONAL_REPRESENTATION('',(#6197),#6201);
#6197 = LINE('',#6198,#6199);
#6198 = CARTESIAN_POINT('',(3.14159265359,0.));
#6199 = VECTOR('',#6200,1.);
#6200 = DIRECTION('',(0.,-1.));
#6201 = ( GEOMETRIC_REPRESENTATION_CONTEXT(2) 
PARAMETRIC_REPRESENTATION_CONTEXT() REPRESENTATION_CONTEXT('2D SPACE',''
  ) );
#6202 = ORIENTED_EDGE('',*,*,#3522,.F.);
#6203 = ADVANCED_FACE('',(#6204),#3613,.F.);
#6204 = FACE_BOUND('',#6205,.F.);
#6205 = EDGE_LOOP('',(#6206,#6229,#6256,#6257));
#6206 = ORIENTED_EDGE('',*,*,#6207,.T.);
#6207 = EDGE_CURVE('',#3575,#6208,#6210,.T.);
#6208 = VERTEX_POINT('',#6209);
#6209 = CARTESIAN_POINT('',(144.72691345214,373.29461555986,
    81.300000011921));
#6210 = SURFACE_CURVE('',#6211,(#6215,#6222),.PCURVE_S1.);
#6211 = LINE('',#6212,#6213);
#6212 = CARTESIAN_POINT('',(144.72691345214,373.29461555986,82.));
#6213 = VECTOR('',#6214,1.);
#6214 = DIRECTION('',(-0.,-0.,-1.));
#6215 = PCURVE('',#3613,#6216);
#6216 = DEFINITIONAL_REPRESENTATION('',(#6217),#6221);
#6217 = LINE('',#6218,#6219);
#6218 = CARTESIAN_POINT('',(0.,0.));
#6219 = VECTOR('',#6220,1.);
#6220 = DIRECTION('',(0.,-1.));
#6221 = ( GEOMETRIC_REPRESENTATION_CONTEXT(2) 
PARAMETRIC_REPRESENTATION_CONTEXT() REPRESENTATION_CONTEXT('2D SPACE',''
  ) );
#6222 = PCURVE('',#3697,#6223);
#6223 = DEFINITIONAL_REPRESENTATION('',(#6224),#6228);
#6224 = LINE('',#6225,#6226);
#6225 = CARTESIAN_POINT('',(22.348632314292,0.));
#6226 = VECTOR('',#6227,1.);
#6227 = DIRECTION('',(0.,-1.));
#6228 = ( GEOMETRIC_REPRESENTATION_CONTEXT(2) 
PARAMETRIC_REPRESENTATION_CONTEXT() REPRESENTATION_CONTEXT('2D SPACE',''
  ) );
#6229 = ORIENTED_EDGE('',*,*,#6230,.T.);
#6230 = EDGE_CURVE('',#6208,#6132,#6231,.T.);
#6231 = SURFACE_CURVE('',#6232,(#6237,#6244),.PCURVE_S1.);
#6232 = CIRCLE('',#6233,0.820387119766);
#6233 = AXIS2_PLACEMENT_3D('',#6234,#6235,#6236);
#6234 = CARTESIAN_POINT('',(143.90652633238,373.29461555986,
    81.300000011921));
#6235 = DIRECTION('',(0.,0.,1.));
#6236 = DIRECTION('',(1.,0.,-0.));
#6237 = PCURVE('',#3613,#6238);
#6238 = DEFINITIONAL_REPRESENTATION('',(#6239),#6243);
#6239 = LINE('',#6240,#6241);
#6240 = CARTESIAN_POINT('',(0.,-0.699999988079));
#6241 = VECTOR('',#6242,1.);
#6242 = DIRECTION('',(1.,0.));
#6243 = ( GEOMETRIC_REPRESENTATION_CONTEXT(2) 
PARAMETRIC_REPRESENTATION_CONTEXT() REPRESENTATION_CONTEXT('2D SPACE',''
  ) );
#6244 = PCURVE('',#6245,#6250);
#6245 = TOROIDAL_SURFACE('',#6246,0.520387107845,0.300000011921);
#6246 = AXIS2_PLACEMENT_3D('',#6247,#6248,#6249);
#6247 = CARTESIAN_POINT('',(143.90652633238,373.29461555986,
    81.300000011921));
#6248 = DIRECTION('',(-0.,-0.,-1.));
#6249 = DIRECTION('',(1.,0.,-0.));
#6250 = DEFINITIONAL_REPRESENTATION('',(#6251),#6255);
#6251 = LINE('',#6252,#6253);
#6252 = CARTESIAN_POINT('',(-0.,0.));
#6253 = VECTOR('',#6254,1.);
#6254 = DIRECTION('',(-1.,0.));
#6255 = ( GEOMETRIC_REPRESENTATION_CONTEXT(2) 
PARAMETRIC_REPRESENTATION_CONTEXT() REPRESENTATION_CONTEXT('2D SPACE',''
  ) );
#6256 = ORIENTED_EDGE('',*,*,#6131,.F.);
#6257 = ORIENTED_EDGE('',*,*,#3598,.F.);
#6258 = ADVANCED_FACE('',(#6259),#3667,.F.);
#6259 = FACE_BOUND('',#6260,.F.);
#6260 = EDGE_LOOP('',(#6261,#6262,#6291,#6312));
#6261 = ORIENTED_EDGE('',*,*,#6182,.T.);
#6262 = ORIENTED_EDGE('',*,*,#6263,.T.);
#6263 = EDGE_CURVE('',#6155,#6264,#6266,.T.);
#6264 = VERTEX_POINT('',#6265);
#6265 = CARTESIAN_POINT('',(144.72691345214,350.94598324557,
    81.300000011921));
#6266 = SURFACE_CURVE('',#6267,(#6272,#6279),.PCURVE_S1.);
#6267 = CIRCLE('',#6268,0.820387119766);
#6268 = AXIS2_PLACEMENT_3D('',#6269,#6270,#6271);
#6269 = CARTESIAN_POINT('',(143.90652633238,350.94598324557,
    81.300000011921));
#6270 = DIRECTION('',(0.,0.,1.));
#6271 = DIRECTION('',(-1.,0.,0.));
#6272 = PCURVE('',#3667,#6273);
#6273 = DEFINITIONAL_REPRESENTATION('',(#6274),#6278);
#6274 = LINE('',#6275,#6276);
#6275 = CARTESIAN_POINT('',(3.14159265359,-0.699999988079));
#6276 = VECTOR('',#6277,1.);
#6277 = DIRECTION('',(1.,0.));
#6278 = ( GEOMETRIC_REPRESENTATION_CONTEXT(2) 
PARAMETRIC_REPRESENTATION_CONTEXT() REPRESENTATION_CONTEXT('2D SPACE',''
  ) );
#6279 = PCURVE('',#6280,#6285);
#6280 = TOROIDAL_SURFACE('',#6281,0.520387107845,0.300000011921);
#6281 = AXIS2_PLACEMENT_3D('',#6282,#6283,#6284);
#6282 = CARTESIAN_POINT('',(143.90652633238,350.94598324557,
    81.300000011921));
#6283 = DIRECTION('',(-0.,-0.,-1.));
#6284 = DIRECTION('',(-1.,0.,0.));
#6285 = DEFINITIONAL_REPRESENTATION('',(#6286),#6290);
#6286 = LINE('',#6287,#6288);
#6287 = CARTESIAN_POINT('',(-0.,0.));
#6288 = VECTOR('',#6289,1.);
#6289 = DIRECTION('',(-1.,0.));
#6290 = ( GEOMETRIC_REPRESENTATION_CONTEXT(2) 
PARAMETRIC_REPRESENTATION_CONTEXT() REPRESENTATION_CONTEXT('2D SPACE',''
  ) );
#6291 = ORIENTED_EDGE('',*,*,#6292,.F.);
#6292 = EDGE_CURVE('',#3631,#6264,#6293,.T.);
#6293 = SURFACE_CURVE('',#6294,(#6298,#6305),.PCURVE_S1.);
#6294 = LINE('',#6295,#6296);
#6295 = CARTESIAN_POINT('',(144.72691345214,350.94598324557,82.));
#6296 = VECTOR('',#6297,1.);
#6297 = DIRECTION('',(-0.,-0.,-1.));
#6298 = PCURVE('',#3667,#6299);
#6299 = DEFINITIONAL_REPRESENTATION('',(#6300),#6304);
#6300 = LINE('',#6301,#6302);
#6301 = CARTESIAN_POINT('',(6.28318530718,0.));
#6302 = VECTOR('',#6303,1.);
#6303 = DIRECTION('',(0.,-1.));
#6304 = ( GEOMETRIC_REPRESENTATION_CONTEXT(2) 
PARAMETRIC_REPRESENTATION_CONTEXT() REPRESENTATION_CONTEXT('2D SPACE',''
  ) );
#6305 = PCURVE('',#3697,#6306);
#6306 = DEFINITIONAL_REPRESENTATION('',(#6307),#6311);
#6307 = LINE('',#6308,#6309);
#6308 = CARTESIAN_POINT('',(0.,0.));
#6309 = VECTOR('',#6310,1.);
#6310 = DIRECTION('',(0.,-1.));
#6311 = ( GEOMETRIC_REPRESENTATION_CONTEXT(2) 
PARAMETRIC_REPRESENTATION_CONTEXT() REPRESENTATION_CONTEXT('2D SPACE',''
  ) );
#6312 = ORIENTED_EDGE('',*,*,#3652,.F.);
#6313 = ADVANCED_FACE('',(#6314),#3697,.F.);
#6314 = FACE_BOUND('',#6315,.F.);
#6315 = EDGE_LOOP('',(#6316,#6317,#6343,#6344));
#6316 = ORIENTED_EDGE('',*,*,#6292,.T.);
#6317 = ORIENTED_EDGE('',*,*,#6318,.T.);
#6318 = EDGE_CURVE('',#6264,#6208,#6319,.T.);
#6319 = SURFACE_CURVE('',#6320,(#6324,#6331),.PCURVE_S1.);
#6320 = LINE('',#6321,#6322);
#6321 = CARTESIAN_POINT('',(144.72691345214,350.94598324557,
    81.300000011921));
#6322 = VECTOR('',#6323,1.);
#6323 = DIRECTION('',(0.,1.,0.));
#6324 = PCURVE('',#3697,#6325);
#6325 = DEFINITIONAL_REPRESENTATION('',(#6326),#6330);
#6326 = LINE('',#6327,#6328);
#6327 = CARTESIAN_POINT('',(0.,-0.699999988079));
#6328 = VECTOR('',#6329,1.);
#6329 = DIRECTION('',(1.,0.));
#6330 = ( GEOMETRIC_REPRESENTATION_CONTEXT(2) 
PARAMETRIC_REPRESENTATION_CONTEXT() REPRESENTATION_CONTEXT('2D SPACE',''
  ) );
#6331 = PCURVE('',#6332,#6337);
#6332 = CYLINDRICAL_SURFACE('',#6333,0.300000011921);
#6333 = AXIS2_PLACEMENT_3D('',#6334,#6335,#6336);
#6334 = CARTESIAN_POINT('',(144.42691344022,350.94598324557,
    81.300000011921));
#6335 = DIRECTION('',(0.,1.,0.));
#6336 = DIRECTION('',(1.,0.,0.));
#6337 = DEFINITIONAL_REPRESENTATION('',(#6338),#6342);
#6338 = LINE('',#6339,#6340);
#6339 = CARTESIAN_POINT('',(0.,0.));
#6340 = VECTOR('',#6341,1.);
#6341 = DIRECTION('',(0.,1.));
#6342 = ( GEOMETRIC_REPRESENTATION_CONTEXT(2) 
PARAMETRIC_REPRESENTATION_CONTEXT() REPRESENTATION_CONTEXT('2D SPACE',''
  ) );
#6343 = ORIENTED_EDGE('',*,*,#6207,.F.);
#6344 = ORIENTED_EDGE('',*,*,#3683,.F.);
#6345 = ADVANCED_FACE('',(#6346),#3753,.F.);
#6346 = FACE_BOUND('',#6347,.F.);
#6347 = EDGE_LOOP('',(#6348,#6370,#6398,#6418));
#6348 = ORIENTED_EDGE('',*,*,#6349,.T.);
#6349 = EDGE_CURVE('',#3715,#6350,#6352,.T.);
#6350 = VERTEX_POINT('',#6351);
#6351 = CARTESIAN_POINT('',(119.42952153016,373.56389355162,81.));
#6352 = SURFACE_CURVE('',#6353,(#6358,#6364),.PCURVE_S1.);
#6353 = CIRCLE('',#6354,0.300000011921);
#6354 = AXIS2_PLACEMENT_3D('',#6355,#6356,#6357);
#6355 = CARTESIAN_POINT('',(119.42952153016,373.56389355162,
    81.300000011921));
#6356 = DIRECTION('',(0.,-1.,0.));
#6357 = DIRECTION('',(-1.,0.,0.));
#6358 = PCURVE('',#3753,#6359);
#6359 = DEFINITIONAL_REPRESENTATION('',(#6360),#6363);
#6360 = B_SPLINE_CURVE_WITH_KNOTS('',1,(#6361,#6362),.UNSPECIFIED.,.F.,
  .F.,(2,2),(0.,1.570796326795),.PIECEWISE_BEZIER_KNOTS.);
#6361 = CARTESIAN_POINT('',(0.,0.));
#6362 = CARTESIAN_POINT('',(1.570796326795,0.));
#6363 = ( GEOMETRIC_REPRESENTATION_CONTEXT(2) 
PARAMETRIC_REPRESENTATION_CONTEXT() REPRESENTATION_CONTEXT('2D SPACE',''
  ) );
#6364 = PCURVE('',#3828,#6365);
#6365 = DEFINITIONAL_REPRESENTATION('',(#6366),#6369);
#6366 = B_SPLINE_CURVE_WITH_KNOTS('',1,(#6367,#6368),.UNSPECIFIED.,.F.,
  .F.,(2,2),(0.,1.570796326795),.PIECEWISE_BEZIER_KNOTS.);
#6367 = CARTESIAN_POINT('',(-3.14159265359,0.));
#6368 = CARTESIAN_POINT('',(-3.14159265359,1.570796326795));
#6369 = ( GEOMETRIC_REPRESENTATION_CONTEXT(2) 
PARAMETRIC_REPRESENTATION_CONTEXT() REPRESENTATION_CONTEXT('2D SPACE',''
  ) );
#6370 = ORIENTED_EDGE('',*,*,#6371,.T.);
#6371 = EDGE_CURVE('',#6350,#6372,#6374,.T.);
#6372 = VERTEX_POINT('',#6373);
#6373 = CARTESIAN_POINT('',(119.42952153016,350.7775285947,81.));
#6374 = SURFACE_CURVE('',#6375,(#6379,#6386),.PCURVE_S1.);
#6375 = LINE('',#6376,#6377);
#6376 = CARTESIAN_POINT('',(119.42952153016,373.56389355162,81.));
#6377 = VECTOR('',#6378,1.);
#6378 = DIRECTION('',(0.,-1.,0.));
#6379 = PCURVE('',#3753,#6380);
#6380 = DEFINITIONAL_REPRESENTATION('',(#6381),#6385);
#6381 = LINE('',#6382,#6383);
#6382 = CARTESIAN_POINT('',(1.570796326795,0.));
#6383 = VECTOR('',#6384,1.);
#6384 = DIRECTION('',(0.,1.));
#6385 = ( GEOMETRIC_REPRESENTATION_CONTEXT(2) 
PARAMETRIC_REPRESENTATION_CONTEXT() REPRESENTATION_CONTEXT('2D SPACE',''
  ) );
#6386 = PCURVE('',#6387,#6392);
#6387 = PLANE('',#6388);
#6388 = AXIS2_PLACEMENT_3D('',#6389,#6390,#6391);
#6389 = CARTESIAN_POINT('',(157.98316955566,362.3475036621,81.));
#6390 = DIRECTION('',(0.,0.,1.));
#6391 = DIRECTION('',(1.,0.,0.));
#6392 = DEFINITIONAL_REPRESENTATION('',(#6393),#6397);
#6393 = LINE('',#6394,#6395);
#6394 = CARTESIAN_POINT('',(-38.5536480255,11.216389889511));
#6395 = VECTOR('',#6396,1.);
#6396 = DIRECTION('',(0.,-1.));
#6397 = ( GEOMETRIC_REPRESENTATION_CONTEXT(2) 
PARAMETRIC_REPRESENTATION_CONTEXT() REPRESENTATION_CONTEXT('2D SPACE',''
  ) );
#6398 = ORIENTED_EDGE('',*,*,#6399,.F.);
#6399 = EDGE_CURVE('',#3738,#6372,#6400,.T.);
#6400 = SURFACE_CURVE('',#6401,(#6406,#6412),.PCURVE_S1.);
#6401 = CIRCLE('',#6402,0.300000011921);
#6402 = AXIS2_PLACEMENT_3D('',#6403,#6404,#6405);
#6403 = CARTESIAN_POINT('',(119.42952153016,350.7775285947,
    81.300000011921));
#6404 = DIRECTION('',(0.,-1.,0.));
#6405 = DIRECTION('',(-1.,0.,0.));
#6406 = PCURVE('',#3753,#6407);
#6407 = DEFINITIONAL_REPRESENTATION('',(#6408),#6411);
#6408 = B_SPLINE_CURVE_WITH_KNOTS('',1,(#6409,#6410),.UNSPECIFIED.,.F.,
  .F.,(2,2),(0.,1.570796326795),.PIECEWISE_BEZIER_KNOTS.);
#6409 = CARTESIAN_POINT('',(0.,22.786364956915));
#6410 = CARTESIAN_POINT('',(1.570796326795,22.786364956915));
#6411 = ( GEOMETRIC_REPRESENTATION_CONTEXT(2) 
PARAMETRIC_REPRESENTATION_CONTEXT() REPRESENTATION_CONTEXT('2D SPACE',''
  ) );
#6412 = PCURVE('',#3863,#6413);
#6413 = DEFINITIONAL_REPRESENTATION('',(#6414),#6417);
#6414 = B_SPLINE_CURVE_WITH_KNOTS('',1,(#6415,#6416),.UNSPECIFIED.,.F.,
  .F.,(2,2),(0.,1.570796326795),.PIECEWISE_BEZIER_KNOTS.);
#6415 = CARTESIAN_POINT('',(0.,0.));
#6416 = CARTESIAN_POINT('',(0.,1.570796326795));
#6417 = ( GEOMETRIC_REPRESENTATION_CONTEXT(2) 
PARAMETRIC_REPRESENTATION_CONTEXT() REPRESENTATION_CONTEXT('2D SPACE',''
  ) );
#6418 = ORIENTED_EDGE('',*,*,#3737,.F.);
#6419 = ADVANCED_FACE('',(#6420),#3828,.F.);
#6420 = FACE_BOUND('',#6421,.T.);
#6421 = EDGE_LOOP('',(#6422,#6444,#6445,#6446));
#6422 = ORIENTED_EDGE('',*,*,#6423,.F.);
#6423 = EDGE_CURVE('',#3791,#6424,#6426,.T.);
#6424 = VERTEX_POINT('',#6425);
#6425 = CARTESIAN_POINT('',(120.18661644996,373.56389355162,81.));
#6426 = SURFACE_CURVE('',#6427,(#6432,#6438),.PCURVE_S1.);
#6427 = CIRCLE('',#6428,0.300000011921);
#6428 = AXIS2_PLACEMENT_3D('',#6429,#6430,#6431);
#6429 = CARTESIAN_POINT('',(120.18661644996,373.56389355162,
    81.300000011921));
#6430 = DIRECTION('',(-0.,1.,0.));
#6431 = DIRECTION('',(1.,0.,0.));
#6432 = PCURVE('',#3828,#6433);
#6433 = DEFINITIONAL_REPRESENTATION('',(#6434),#6437);
#6434 = B_SPLINE_CURVE_WITH_KNOTS('',1,(#6435,#6436),.UNSPECIFIED.,.F.,
  .F.,(2,2),(0.,1.570796326795),.PIECEWISE_BEZIER_KNOTS.);
#6435 = CARTESIAN_POINT('',(0.,0.));
#6436 = CARTESIAN_POINT('',(0.,1.570796326795));
#6437 = ( GEOMETRIC_REPRESENTATION_CONTEXT(2) 
PARAMETRIC_REPRESENTATION_CONTEXT() REPRESENTATION_CONTEXT('2D SPACE',''
  ) );
#6438 = PCURVE('',#3915,#6439);
#6439 = DEFINITIONAL_REPRESENTATION('',(#6440),#6443);
#6440 = B_SPLINE_CURVE_WITH_KNOTS('',1,(#6441,#6442),.UNSPECIFIED.,.F.,
  .F.,(2,2),(0.,1.570796326795),.PIECEWISE_BEZIER_KNOTS.);
#6441 = CARTESIAN_POINT('',(0.,22.786364956915));
#6442 = CARTESIAN_POINT('',(1.570796326795,22.786364956915));
#6443 = ( GEOMETRIC_REPRESENTATION_CONTEXT(2) 
PARAMETRIC_REPRESENTATION_CONTEXT() REPRESENTATION_CONTEXT('2D SPACE',''
  ) );
#6444 = ORIENTED_EDGE('',*,*,#3813,.T.);
#6445 = ORIENTED_EDGE('',*,*,#6349,.T.);
#6446 = ORIENTED_EDGE('',*,*,#6447,.F.);
#6447 = EDGE_CURVE('',#6424,#6350,#6448,.T.);
#6448 = SURFACE_CURVE('',#6449,(#6454,#6461),.PCURVE_S1.);
#6449 = CIRCLE('',#6450,0.3785474599);
#6450 = AXIS2_PLACEMENT_3D('',#6451,#6452,#6453);
#6451 = CARTESIAN_POINT('',(119.80806899006,373.56389355162,81.));
#6452 = DIRECTION('',(0.,0.,1.));
#6453 = DIRECTION('',(1.,0.,-0.));
#6454 = PCURVE('',#3828,#6455);
#6455 = DEFINITIONAL_REPRESENTATION('',(#6456),#6460);
#6456 = LINE('',#6457,#6458);
#6457 = CARTESIAN_POINT('',(-0.,1.570796326795));
#6458 = VECTOR('',#6459,1.);
#6459 = DIRECTION('',(-1.,0.));
#6460 = ( GEOMETRIC_REPRESENTATION_CONTEXT(2) 
PARAMETRIC_REPRESENTATION_CONTEXT() REPRESENTATION_CONTEXT('2D SPACE',''
  ) );
#6461 = PCURVE('',#6387,#6462);
#6462 = DEFINITIONAL_REPRESENTATION('',(#6463),#6467);
#6463 = CIRCLE('',#6464,0.3785474599);
#6464 = AXIS2_PLACEMENT_2D('',#6465,#6466);
#6465 = CARTESIAN_POINT('',(-38.1751005656,11.216389889511));
#6466 = DIRECTION('',(1.,0.));
#6467 = ( GEOMETRIC_REPRESENTATION_CONTEXT(2) 
PARAMETRIC_REPRESENTATION_CONTEXT() REPRESENTATION_CONTEXT('2D SPACE',''
  ) );
#6468 = ADVANCED_FACE('',(#6469),#3863,.F.);
#6469 = FACE_BOUND('',#6470,.T.);
#6470 = EDGE_LOOP('',(#6471,#6472,#6473,#6495));
#6471 = ORIENTED_EDGE('',*,*,#6399,.F.);
#6472 = ORIENTED_EDGE('',*,*,#3846,.T.);
#6473 = ORIENTED_EDGE('',*,*,#6474,.T.);
#6474 = EDGE_CURVE('',#3847,#6475,#6477,.T.);
#6475 = VERTEX_POINT('',#6476);
#6476 = CARTESIAN_POINT('',(120.18661644996,350.7775285947,81.));
#6477 = SURFACE_CURVE('',#6478,(#6483,#6489),.PCURVE_S1.);
#6478 = CIRCLE('',#6479,0.300000011921);
#6479 = AXIS2_PLACEMENT_3D('',#6480,#6481,#6482);
#6480 = CARTESIAN_POINT('',(120.18661644996,350.7775285947,
    81.300000011921));
#6481 = DIRECTION('',(1.224646799147E-16,1.,0.));
#6482 = DIRECTION('',(1.,-1.224646799147E-16,0.));
#6483 = PCURVE('',#3863,#6484);
#6484 = DEFINITIONAL_REPRESENTATION('',(#6485),#6488);
#6485 = B_SPLINE_CURVE_WITH_KNOTS('',1,(#6486,#6487),.UNSPECIFIED.,.F.,
  .F.,(2,2),(0.,1.570796326795),.PIECEWISE_BEZIER_KNOTS.);
#6486 = CARTESIAN_POINT('',(-3.14159265359,0.));
#6487 = CARTESIAN_POINT('',(-3.14159265359,1.570796326795));
#6488 = ( GEOMETRIC_REPRESENTATION_CONTEXT(2) 
PARAMETRIC_REPRESENTATION_CONTEXT() REPRESENTATION_CONTEXT('2D SPACE',''
  ) );
#6489 = PCURVE('',#3915,#6490);
#6490 = DEFINITIONAL_REPRESENTATION('',(#6491),#6494);
#6491 = B_SPLINE_CURVE_WITH_KNOTS('',1,(#6492,#6493),.UNSPECIFIED.,.F.,
  .F.,(2,2),(0.,1.570796326795),.PIECEWISE_BEZIER_KNOTS.);
#6492 = CARTESIAN_POINT('',(0.,0.));
#6493 = CARTESIAN_POINT('',(1.570796326795,0.));
#6494 = ( GEOMETRIC_REPRESENTATION_CONTEXT(2) 
PARAMETRIC_REPRESENTATION_CONTEXT() REPRESENTATION_CONTEXT('2D SPACE',''
  ) );
#6495 = ORIENTED_EDGE('',*,*,#6496,.F.);
#6496 = EDGE_CURVE('',#6372,#6475,#6497,.T.);
#6497 = SURFACE_CURVE('',#6498,(#6503,#6510),.PCURVE_S1.);
#6498 = CIRCLE('',#6499,0.3785474599);
#6499 = AXIS2_PLACEMENT_3D('',#6500,#6501,#6502);
#6500 = CARTESIAN_POINT('',(119.80806899006,350.7775285947,81.));
#6501 = DIRECTION('',(0.,0.,1.));
#6502 = DIRECTION('',(-1.,0.,0.));
#6503 = PCURVE('',#3863,#6504);
#6504 = DEFINITIONAL_REPRESENTATION('',(#6505),#6509);
#6505 = LINE('',#6506,#6507);
#6506 = CARTESIAN_POINT('',(-0.,1.570796326795));
#6507 = VECTOR('',#6508,1.);
#6508 = DIRECTION('',(-1.,0.));
#6509 = ( GEOMETRIC_REPRESENTATION_CONTEXT(2) 
PARAMETRIC_REPRESENTATION_CONTEXT() REPRESENTATION_CONTEXT('2D SPACE',''
  ) );
#6510 = PCURVE('',#6387,#6511);
#6511 = DEFINITIONAL_REPRESENTATION('',(#6512),#6516);
#6512 = CIRCLE('',#6513,0.3785474599);
#6513 = AXIS2_PLACEMENT_2D('',#6514,#6515);
#6514 = CARTESIAN_POINT('',(-38.1751005656,-11.5699750674));
#6515 = DIRECTION('',(-1.,0.));
#6516 = ( GEOMETRIC_REPRESENTATION_CONTEXT(2) 
PARAMETRIC_REPRESENTATION_CONTEXT() REPRESENTATION_CONTEXT('2D SPACE',''
  ) );
#6517 = ADVANCED_FACE('',(#6518),#3915,.F.);
#6518 = FACE_BOUND('',#6519,.F.);
#6519 = EDGE_LOOP('',(#6520,#6521,#6542,#6543));
#6520 = ORIENTED_EDGE('',*,*,#6474,.T.);
#6521 = ORIENTED_EDGE('',*,*,#6522,.T.);
#6522 = EDGE_CURVE('',#6475,#6424,#6523,.T.);
#6523 = SURFACE_CURVE('',#6524,(#6528,#6535),.PCURVE_S1.);
#6524 = LINE('',#6525,#6526);
#6525 = CARTESIAN_POINT('',(120.18661644996,350.7775285947,81.));
#6526 = VECTOR('',#6527,1.);
#6527 = DIRECTION('',(0.,1.,0.));
#6528 = PCURVE('',#3915,#6529);
#6529 = DEFINITIONAL_REPRESENTATION('',(#6530),#6534);
#6530 = LINE('',#6531,#6532);
#6531 = CARTESIAN_POINT('',(1.570796326795,0.));
#6532 = VECTOR('',#6533,1.);
#6533 = DIRECTION('',(0.,1.));
#6534 = ( GEOMETRIC_REPRESENTATION_CONTEXT(2) 
PARAMETRIC_REPRESENTATION_CONTEXT() REPRESENTATION_CONTEXT('2D SPACE',''
  ) );
#6535 = PCURVE('',#6387,#6536);
#6536 = DEFINITIONAL_REPRESENTATION('',(#6537),#6541);
#6537 = LINE('',#6538,#6539);
#6538 = CARTESIAN_POINT('',(-37.7965531057,-11.5699750674));
#6539 = VECTOR('',#6540,1.);
#6540 = DIRECTION('',(0.,1.));
#6541 = ( GEOMETRIC_REPRESENTATION_CONTEXT(2) 
PARAMETRIC_REPRESENTATION_CONTEXT() REPRESENTATION_CONTEXT('2D SPACE',''
  ) );
#6542 = ORIENTED_EDGE('',*,*,#6423,.F.);
#6543 = ORIENTED_EDGE('',*,*,#3901,.F.);
#6544 = ADVANCED_FACE('',(#6545),#3971,.F.);
#6545 = FACE_BOUND('',#6546,.F.);
#6546 = EDGE_LOOP('',(#6547,#6569,#6597,#6617));
#6547 = ORIENTED_EDGE('',*,*,#6548,.T.);
#6548 = EDGE_CURVE('',#3956,#6549,#6551,.T.);
#6549 = VERTEX_POINT('',#6550);
#6550 = CARTESIAN_POINT('',(153.98316955566,369.3475036621,61.));
#6551 = SURFACE_CURVE('',#6552,(#6557,#6563),.PCURVE_S1.);
#6552 = CIRCLE('',#6553,5.);
#6553 = AXIS2_PLACEMENT_3D('',#6554,#6555,#6556);
#6554 = CARTESIAN_POINT('',(153.98316955566,369.3475036621,66.));
#6555 = DIRECTION('',(-6.123233995737E-17,-1.,-0.));
#6556 = DIRECTION('',(-1.,6.123233995737E-17,0.));
#6557 = PCURVE('',#3971,#6558);
#6558 = DEFINITIONAL_REPRESENTATION('',(#6559),#6562);
#6559 = B_SPLINE_CURVE_WITH_KNOTS('',1,(#6560,#6561),.UNSPECIFIED.,.F.,
  .F.,(2,2),(0.,1.570796326795),.PIECEWISE_BEZIER_KNOTS.);
#6560 = CARTESIAN_POINT('',(0.,0.));
#6561 = CARTESIAN_POINT('',(1.570796326795,0.));
#6562 = ( GEOMETRIC_REPRESENTATION_CONTEXT(2) 
PARAMETRIC_REPRESENTATION_CONTEXT() REPRESENTATION_CONTEXT('2D SPACE',''
  ) );
#6563 = PCURVE('',#4113,#6564);
#6564 = DEFINITIONAL_REPRESENTATION('',(#6565),#6568);
#6565 = B_SPLINE_CURVE_WITH_KNOTS('',1,(#6566,#6567),.UNSPECIFIED.,.F.,
  .F.,(2,2),(0.,1.570796326795),.PIECEWISE_BEZIER_KNOTS.);
#6566 = CARTESIAN_POINT('',(-1.570796326795,0.));
#6567 = CARTESIAN_POINT('',(-1.570796326795,1.570796326795));
#6568 = ( GEOMETRIC_REPRESENTATION_CONTEXT(2) 
PARAMETRIC_REPRESENTATION_CONTEXT() REPRESENTATION_CONTEXT('2D SPACE',''
  ) );
#6569 = ORIENTED_EDGE('',*,*,#6570,.T.);
#6570 = EDGE_CURVE('',#6549,#6571,#6573,.T.);
#6571 = VERTEX_POINT('',#6572);
#6572 = CARTESIAN_POINT('',(153.98316955566,355.3475036621,61.));
#6573 = SURFACE_CURVE('',#6574,(#6578,#6585),.PCURVE_S1.);
#6574 = LINE('',#6575,#6576);
#6575 = CARTESIAN_POINT('',(153.98316955566,369.3475036621,61.));
#6576 = VECTOR('',#6577,1.);
#6577 = DIRECTION('',(-2.465190328816E-32,-1.,-0.));
#6578 = PCURVE('',#3971,#6579);
#6579 = DEFINITIONAL_REPRESENTATION('',(#6580),#6584);
#6580 = LINE('',#6581,#6582);
#6581 = CARTESIAN_POINT('',(1.570796326795,0.));
#6582 = VECTOR('',#6583,1.);
#6583 = DIRECTION('',(0.,1.));
#6584 = ( GEOMETRIC_REPRESENTATION_CONTEXT(2) 
PARAMETRIC_REPRESENTATION_CONTEXT() REPRESENTATION_CONTEXT('2D SPACE',''
  ) );
#6585 = PCURVE('',#6586,#6591);
#6586 = PLANE('',#6587);
#6587 = AXIS2_PLACEMENT_3D('',#6588,#6589,#6590);
#6588 = CARTESIAN_POINT('',(157.98316955566,362.3475036621,61.));
#6589 = DIRECTION('',(0.,0.,1.));
#6590 = DIRECTION('',(1.,0.,0.));
#6591 = DEFINITIONAL_REPRESENTATION('',(#6592),#6596);
#6592 = LINE('',#6593,#6594);
#6593 = CARTESIAN_POINT('',(-4.,7.));
#6594 = VECTOR('',#6595,1.);
#6595 = DIRECTION('',(-2.465190328816E-32,-1.));
#6596 = ( GEOMETRIC_REPRESENTATION_CONTEXT(2) 
PARAMETRIC_REPRESENTATION_CONTEXT() REPRESENTATION_CONTEXT('2D SPACE',''
  ) );
#6597 = ORIENTED_EDGE('',*,*,#6598,.F.);
#6598 = EDGE_CURVE('',#3933,#6571,#6599,.T.);
#6599 = SURFACE_CURVE('',#6600,(#6605,#6611),.PCURVE_S1.);
#6600 = CIRCLE('',#6601,5.);
#6601 = AXIS2_PLACEMENT_3D('',#6602,#6603,#6604);
#6602 = CARTESIAN_POINT('',(153.98316955566,355.3475036621,66.));
#6603 = DIRECTION('',(-2.465190328816E-32,-1.,-0.));
#6604 = DIRECTION('',(-1.,2.465190328816E-32,0.));
#6605 = PCURVE('',#3971,#6606);
#6606 = DEFINITIONAL_REPRESENTATION('',(#6607),#6610);
#6607 = B_SPLINE_CURVE_WITH_KNOTS('',1,(#6608,#6609),.UNSPECIFIED.,.F.,
  .F.,(2,2),(0.,1.570796326795),.PIECEWISE_BEZIER_KNOTS.);
#6608 = CARTESIAN_POINT('',(0.,14.));
#6609 = CARTESIAN_POINT('',(1.570796326795,14.));
#6610 = ( GEOMETRIC_REPRESENTATION_CONTEXT(2) 
PARAMETRIC_REPRESENTATION_CONTEXT() REPRESENTATION_CONTEXT('2D SPACE',''
  ) );
#6611 = PCURVE('',#4026,#6612);
#6612 = DEFINITIONAL_REPRESENTATION('',(#6613),#6616);
#6613 = B_SPLINE_CURVE_WITH_KNOTS('',1,(#6614,#6615),.UNSPECIFIED.,.F.,
  .F.,(2,2),(0.,1.570796326795),.PIECEWISE_BEZIER_KNOTS.);
#6614 = CARTESIAN_POINT('',(0.,0.));
#6615 = CARTESIAN_POINT('',(0.,1.570796326795));
#6616 = ( GEOMETRIC_REPRESENTATION_CONTEXT(2) 
PARAMETRIC_REPRESENTATION_CONTEXT() REPRESENTATION_CONTEXT('2D SPACE',''
  ) );
#6617 = ORIENTED_EDGE('',*,*,#3955,.F.);
#6618 = ADVANCED_FACE('',(#6619),#4026,.F.);
#6619 = FACE_BOUND('',#6620,.T.);
#6620 = EDGE_LOOP('',(#6621,#6622,#6623,#6645));
#6621 = ORIENTED_EDGE('',*,*,#6598,.F.);
#6622 = ORIENTED_EDGE('',*,*,#4009,.T.);
#6623 = ORIENTED_EDGE('',*,*,#6624,.T.);
#6624 = EDGE_CURVE('',#4010,#6625,#6627,.T.);
#6625 = VERTEX_POINT('',#6626);
#6626 = CARTESIAN_POINT('',(157.98316955566,351.3475036621,61.));
#6627 = SURFACE_CURVE('',#6628,(#6633,#6639),.PCURVE_S1.);
#6628 = CIRCLE('',#6629,5.);
#6629 = AXIS2_PLACEMENT_3D('',#6630,#6631,#6632);
#6630 = CARTESIAN_POINT('',(157.98316955566,351.3475036621,66.));
#6631 = DIRECTION('',(1.,-6.123233995737E-17,0.));
#6632 = DIRECTION('',(-6.123233995737E-17,-1.,0.));
#6633 = PCURVE('',#4026,#6634);
#6634 = DEFINITIONAL_REPRESENTATION('',(#6635),#6638);
#6635 = B_SPLINE_CURVE_WITH_KNOTS('',1,(#6636,#6637),.UNSPECIFIED.,.F.,
  .F.,(2,2),(0.,1.570796326795),.PIECEWISE_BEZIER_KNOTS.);
#6636 = CARTESIAN_POINT('',(-1.570796326795,0.));
#6637 = CARTESIAN_POINT('',(-1.570796326795,1.570796326795));
#6638 = ( GEOMETRIC_REPRESENTATION_CONTEXT(2) 
PARAMETRIC_REPRESENTATION_CONTEXT() REPRESENTATION_CONTEXT('2D SPACE',''
  ) );
#6639 = PCURVE('',#4179,#6640);
#6640 = DEFINITIONAL_REPRESENTATION('',(#6641),#6644);
#6641 = B_SPLINE_CURVE_WITH_KNOTS('',1,(#6642,#6643),.UNSPECIFIED.,.F.,
  .F.,(2,2),(0.,1.570796326795),.PIECEWISE_BEZIER_KNOTS.);
#6642 = CARTESIAN_POINT('',(0.,0.));
#6643 = CARTESIAN_POINT('',(1.570796326795,0.));
#6644 = ( GEOMETRIC_REPRESENTATION_CONTEXT(2) 
PARAMETRIC_REPRESENTATION_CONTEXT() REPRESENTATION_CONTEXT('2D SPACE',''
  ) );
#6645 = ORIENTED_EDGE('',*,*,#6646,.F.);
#6646 = EDGE_CURVE('',#6571,#6625,#6647,.T.);
#6647 = SURFACE_CURVE('',#6648,(#6653,#6660),.PCURVE_S1.);
#6648 = CIRCLE('',#6649,4.);
#6649 = AXIS2_PLACEMENT_3D('',#6650,#6651,#6652);
#6650 = CARTESIAN_POINT('',(157.98316955566,355.3475036621,61.));
#6651 = DIRECTION('',(0.,0.,1.));
#6652 = DIRECTION('',(-1.,0.,0.));
#6653 = PCURVE('',#4026,#6654);
#6654 = DEFINITIONAL_REPRESENTATION('',(#6655),#6659);
#6655 = LINE('',#6656,#6657);
#6656 = CARTESIAN_POINT('',(-0.,1.570796326795));
#6657 = VECTOR('',#6658,1.);
#6658 = DIRECTION('',(-1.,0.));
#6659 = ( GEOMETRIC_REPRESENTATION_CONTEXT(2) 
PARAMETRIC_REPRESENTATION_CONTEXT() REPRESENTATION_CONTEXT('2D SPACE',''
  ) );
#6660 = PCURVE('',#6586,#6661);
#6661 = DEFINITIONAL_REPRESENTATION('',(#6662),#6666);
#6662 = CIRCLE('',#6663,4.);
#6663 = AXIS2_PLACEMENT_2D('',#6664,#6665);
#6664 = CARTESIAN_POINT('',(0.,-7.));
#6665 = DIRECTION('',(-1.,0.));
#6666 = ( GEOMETRIC_REPRESENTATION_CONTEXT(2) 
PARAMETRIC_REPRESENTATION_CONTEXT() REPRESENTATION_CONTEXT('2D SPACE',''
  ) );
#6667 = ADVANCED_FACE('',(#6668),#4113,.F.);
#6668 = FACE_BOUND('',#6669,.T.);
#6669 = EDGE_LOOP('',(#6670,#6692,#6693,#6694));
#6670 = ORIENTED_EDGE('',*,*,#6671,.F.);
#6671 = EDGE_CURVE('',#4076,#6672,#6674,.T.);
#6672 = VERTEX_POINT('',#6673);
#6673 = CARTESIAN_POINT('',(157.98316955566,373.3475036621,61.));
#6674 = SURFACE_CURVE('',#6675,(#6680,#6686),.PCURVE_S1.);
#6675 = CIRCLE('',#6676,5.);
#6676 = AXIS2_PLACEMENT_3D('',#6677,#6678,#6679);
#6677 = CARTESIAN_POINT('',(157.98316955566,373.3475036621,66.));
#6678 = DIRECTION('',(-1.,0.,0.));
#6679 = DIRECTION('',(0.,1.,0.));
#6680 = PCURVE('',#4113,#6681);
#6681 = DEFINITIONAL_REPRESENTATION('',(#6682),#6685);
#6682 = B_SPLINE_CURVE_WITH_KNOTS('',1,(#6683,#6684),.UNSPECIFIED.,.F.,
  .F.,(2,2),(0.,1.570796326795),.PIECEWISE_BEZIER_KNOTS.);
#6683 = CARTESIAN_POINT('',(0.,0.));
#6684 = CARTESIAN_POINT('',(0.,1.570796326795));
#6685 = ( GEOMETRIC_REPRESENTATION_CONTEXT(2) 
PARAMETRIC_REPRESENTATION_CONTEXT() REPRESENTATION_CONTEXT('2D SPACE',''
  ) );
#6686 = PCURVE('',#4213,#6687);
#6687 = DEFINITIONAL_REPRESENTATION('',(#6688),#6691);
#6688 = B_SPLINE_CURVE_WITH_KNOTS('',1,(#6689,#6690),.UNSPECIFIED.,.F.,
  .F.,(2,2),(0.,1.570796326795),.PIECEWISE_BEZIER_KNOTS.);
#6689 = CARTESIAN_POINT('',(0.,32.));
#6690 = CARTESIAN_POINT('',(1.570796326795,32.));
#6691 = ( GEOMETRIC_REPRESENTATION_CONTEXT(2) 
PARAMETRIC_REPRESENTATION_CONTEXT() REPRESENTATION_CONTEXT('2D SPACE',''
  ) );
#6692 = ORIENTED_EDGE('',*,*,#4098,.T.);
#6693 = ORIENTED_EDGE('',*,*,#6548,.T.);
#6694 = ORIENTED_EDGE('',*,*,#6695,.F.);
#6695 = EDGE_CURVE('',#6672,#6549,#6696,.T.);
#6696 = SURFACE_CURVE('',#6697,(#6702,#6709),.PCURVE_S1.);
#6697 = CIRCLE('',#6698,4.);
#6698 = AXIS2_PLACEMENT_3D('',#6699,#6700,#6701);
#6699 = CARTESIAN_POINT('',(157.98316955566,369.3475036621,61.));
#6700 = DIRECTION('',(0.,-0.,1.));
#6701 = DIRECTION('',(0.,1.,0.));
#6702 = PCURVE('',#4113,#6703);
#6703 = DEFINITIONAL_REPRESENTATION('',(#6704),#6708);
#6704 = LINE('',#6705,#6706);
#6705 = CARTESIAN_POINT('',(-0.,1.570796326795));
#6706 = VECTOR('',#6707,1.);
#6707 = DIRECTION('',(-1.,0.));
#6708 = ( GEOMETRIC_REPRESENTATION_CONTEXT(2) 
PARAMETRIC_REPRESENTATION_CONTEXT() REPRESENTATION_CONTEXT('2D SPACE',''
  ) );
#6709 = PCURVE('',#6586,#6710);
#6710 = DEFINITIONAL_REPRESENTATION('',(#6711),#6715);
#6711 = CIRCLE('',#6712,4.);
#6712 = AXIS2_PLACEMENT_2D('',#6713,#6714);
#6713 = CARTESIAN_POINT('',(0.,7.));
#6714 = DIRECTION('',(0.,1.));
#6715 = ( GEOMETRIC_REPRESENTATION_CONTEXT(2) 
PARAMETRIC_REPRESENTATION_CONTEXT() REPRESENTATION_CONTEXT('2D SPACE',''
  ) );
#6716 = ADVANCED_FACE('',(#6717),#4179,.F.);
#6717 = FACE_BOUND('',#6718,.F.);
#6718 = EDGE_LOOP('',(#6719,#6720,#6743,#6763));
#6719 = ORIENTED_EDGE('',*,*,#6624,.T.);
#6720 = ORIENTED_EDGE('',*,*,#6721,.T.);
#6721 = EDGE_CURVE('',#6625,#6722,#6724,.T.);
#6722 = VERTEX_POINT('',#6723);
#6723 = CARTESIAN_POINT('',(189.98316955566,351.3475036621,61.));
#6724 = SURFACE_CURVE('',#6725,(#6729,#6736),.PCURVE_S1.);
#6725 = LINE('',#6726,#6727);
#6726 = CARTESIAN_POINT('',(157.98316955566,351.3475036621,61.));
#6727 = VECTOR('',#6728,1.);
#6728 = DIRECTION('',(1.,-6.123233995737E-17,0.));
#6729 = PCURVE('',#4179,#6730);
#6730 = DEFINITIONAL_REPRESENTATION('',(#6731),#6735);
#6731 = LINE('',#6732,#6733);
#6732 = CARTESIAN_POINT('',(1.570796326795,0.));
#6733 = VECTOR('',#6734,1.);
#6734 = DIRECTION('',(0.,1.));
#6735 = ( GEOMETRIC_REPRESENTATION_CONTEXT(2) 
PARAMETRIC_REPRESENTATION_CONTEXT() REPRESENTATION_CONTEXT('2D SPACE',''
  ) );
#6736 = PCURVE('',#6586,#6737);
#6737 = DEFINITIONAL_REPRESENTATION('',(#6738),#6742);
#6738 = LINE('',#6739,#6740);
#6739 = CARTESIAN_POINT('',(0.,-11.));
#6740 = VECTOR('',#6741,1.);
#6741 = DIRECTION('',(1.,-6.123233995737E-17));
#6742 = ( GEOMETRIC_REPRESENTATION_CONTEXT(2) 
PARAMETRIC_REPRESENTATION_CONTEXT() REPRESENTATION_CONTEXT('2D SPACE',''
  ) );
#6743 = ORIENTED_EDGE('',*,*,#6744,.F.);
#6744 = EDGE_CURVE('',#4143,#6722,#6745,.T.);
#6745 = SURFACE_CURVE('',#6746,(#6751,#6757),.PCURVE_S1.);
#6746 = CIRCLE('',#6747,5.);
#6747 = AXIS2_PLACEMENT_3D('',#6748,#6749,#6750);
#6748 = CARTESIAN_POINT('',(189.98316955566,351.3475036621,66.));
#6749 = DIRECTION('',(1.,-6.123233995737E-17,0.));
#6750 = DIRECTION('',(-6.123233995737E-17,-1.,0.));
#6751 = PCURVE('',#4179,#6752);
#6752 = DEFINITIONAL_REPRESENTATION('',(#6753),#6756);
#6753 = B_SPLINE_CURVE_WITH_KNOTS('',1,(#6754,#6755),.UNSPECIFIED.,.F.,
  .F.,(2,2),(0.,1.570796326795),.PIECEWISE_BEZIER_KNOTS.);
#6754 = CARTESIAN_POINT('',(0.,32.));
#6755 = CARTESIAN_POINT('',(1.570796326795,32.));
#6756 = ( GEOMETRIC_REPRESENTATION_CONTEXT(2) 
PARAMETRIC_REPRESENTATION_CONTEXT() REPRESENTATION_CONTEXT('2D SPACE',''
  ) );
#6757 = PCURVE('',#4268,#6758);
#6758 = DEFINITIONAL_REPRESENTATION('',(#6759),#6762);
#6759 = B_SPLINE_CURVE_WITH_KNOTS('',1,(#6760,#6761),.UNSPECIFIED.,.F.,
  .F.,(2,2),(0.,1.570796326795),.PIECEWISE_BEZIER_KNOTS.);
#6760 = CARTESIAN_POINT('',(0.,0.));
#6761 = CARTESIAN_POINT('',(0.,1.570796326795));
#6762 = ( GEOMETRIC_REPRESENTATION_CONTEXT(2) 
PARAMETRIC_REPRESENTATION_CONTEXT() REPRESENTATION_CONTEXT('2D SPACE',''
  ) );
#6763 = ORIENTED_EDGE('',*,*,#4165,.F.);
#6764 = ADVANCED_FACE('',(#6765),#4213,.F.);
#6765 = FACE_BOUND('',#6766,.F.);
#6766 = EDGE_LOOP('',(#6767,#6789,#6810,#6811));
#6767 = ORIENTED_EDGE('',*,*,#6768,.T.);
#6768 = EDGE_CURVE('',#4198,#6769,#6771,.T.);
#6769 = VERTEX_POINT('',#6770);
#6770 = CARTESIAN_POINT('',(189.98316955566,373.3475036621,61.));
#6771 = SURFACE_CURVE('',#6772,(#6777,#6783),.PCURVE_S1.);
#6772 = CIRCLE('',#6773,5.);
#6773 = AXIS2_PLACEMENT_3D('',#6774,#6775,#6776);
#6774 = CARTESIAN_POINT('',(189.98316955566,373.3475036621,66.));
#6775 = DIRECTION('',(-1.,6.123233995737E-17,0.));
#6776 = DIRECTION('',(6.123233995737E-17,1.,0.));
#6777 = PCURVE('',#4213,#6778);
#6778 = DEFINITIONAL_REPRESENTATION('',(#6779),#6782);
#6779 = B_SPLINE_CURVE_WITH_KNOTS('',1,(#6780,#6781),.UNSPECIFIED.,.F.,
  .F.,(2,2),(0.,1.570796326795),.PIECEWISE_BEZIER_KNOTS.);
#6780 = CARTESIAN_POINT('',(0.,0.));
#6781 = CARTESIAN_POINT('',(1.570796326795,0.));
#6782 = ( GEOMETRIC_REPRESENTATION_CONTEXT(2) 
PARAMETRIC_REPRESENTATION_CONTEXT() REPRESENTATION_CONTEXT('2D SPACE',''
  ) );
#6783 = PCURVE('',#4355,#6784);
#6784 = DEFINITIONAL_REPRESENTATION('',(#6785),#6788);
#6785 = B_SPLINE_CURVE_WITH_KNOTS('',1,(#6786,#6787),.UNSPECIFIED.,.F.,
  .F.,(2,2),(0.,1.570796326795),.PIECEWISE_BEZIER_KNOTS.);
#6786 = CARTESIAN_POINT('',(-1.570796326795,0.));
#6787 = CARTESIAN_POINT('',(-1.570796326795,1.570796326795));
#6788 = ( GEOMETRIC_REPRESENTATION_CONTEXT(2) 
PARAMETRIC_REPRESENTATION_CONTEXT() REPRESENTATION_CONTEXT('2D SPACE',''
  ) );
#6789 = ORIENTED_EDGE('',*,*,#6790,.T.);
#6790 = EDGE_CURVE('',#6769,#6672,#6791,.T.);
#6791 = SURFACE_CURVE('',#6792,(#6796,#6803),.PCURVE_S1.);
#6792 = LINE('',#6793,#6794);
#6793 = CARTESIAN_POINT('',(189.98316955566,373.3475036621,61.));
#6794 = VECTOR('',#6795,1.);
#6795 = DIRECTION('',(-1.,1.836970198721E-16,0.));
#6796 = PCURVE('',#4213,#6797);
#6797 = DEFINITIONAL_REPRESENTATION('',(#6798),#6802);
#6798 = LINE('',#6799,#6800);
#6799 = CARTESIAN_POINT('',(1.570796326795,0.));
#6800 = VECTOR('',#6801,1.);
#6801 = DIRECTION('',(0.,1.));
#6802 = ( GEOMETRIC_REPRESENTATION_CONTEXT(2) 
PARAMETRIC_REPRESENTATION_CONTEXT() REPRESENTATION_CONTEXT('2D SPACE',''
  ) );
#6803 = PCURVE('',#6586,#6804);
#6804 = DEFINITIONAL_REPRESENTATION('',(#6805),#6809);
#6805 = LINE('',#6806,#6807);
#6806 = CARTESIAN_POINT('',(32.,11.));
#6807 = VECTOR('',#6808,1.);
#6808 = DIRECTION('',(-1.,1.836970198721E-16));
#6809 = ( GEOMETRIC_REPRESENTATION_CONTEXT(2) 
PARAMETRIC_REPRESENTATION_CONTEXT() REPRESENTATION_CONTEXT('2D SPACE',''
  ) );
#6810 = ORIENTED_EDGE('',*,*,#6671,.F.);
#6811 = ORIENTED_EDGE('',*,*,#4197,.F.);
#6812 = ADVANCED_FACE('',(#6813),#4268,.F.);
#6813 = FACE_BOUND('',#6814,.T.);
#6814 = EDGE_LOOP('',(#6815,#6816,#6817,#6839));
#6815 = ORIENTED_EDGE('',*,*,#6744,.F.);
#6816 = ORIENTED_EDGE('',*,*,#4251,.T.);
#6817 = ORIENTED_EDGE('',*,*,#6818,.T.);
#6818 = EDGE_CURVE('',#4252,#6819,#6821,.T.);
#6819 = VERTEX_POINT('',#6820);
#6820 = CARTESIAN_POINT('',(193.98316955566,355.3475036621,61.));
#6821 = SURFACE_CURVE('',#6822,(#6827,#6833),.PCURVE_S1.);
#6822 = CIRCLE('',#6823,5.);
#6823 = AXIS2_PLACEMENT_3D('',#6824,#6825,#6826);
#6824 = CARTESIAN_POINT('',(193.98316955566,355.3475036621,66.));
#6825 = DIRECTION('',(6.123233995737E-17,1.,0.));
#6826 = DIRECTION('',(1.,-6.123233995737E-17,0.));
#6827 = PCURVE('',#4268,#6828);
#6828 = DEFINITIONAL_REPRESENTATION('',(#6829),#6832);
#6829 = B_SPLINE_CURVE_WITH_KNOTS('',1,(#6830,#6831),.UNSPECIFIED.,.F.,
  .F.,(2,2),(0.,1.570796326795),.PIECEWISE_BEZIER_KNOTS.);
#6830 = CARTESIAN_POINT('',(-1.570796326795,0.));
#6831 = CARTESIAN_POINT('',(-1.570796326795,1.570796326795));
#6832 = ( GEOMETRIC_REPRESENTATION_CONTEXT(2) 
PARAMETRIC_REPRESENTATION_CONTEXT() REPRESENTATION_CONTEXT('2D SPACE',''
  ) );
#6833 = PCURVE('',#4399,#6834);
#6834 = DEFINITIONAL_REPRESENTATION('',(#6835),#6838);
#6835 = B_SPLINE_CURVE_WITH_KNOTS('',1,(#6836,#6837),.UNSPECIFIED.,.F.,
  .F.,(2,2),(0.,1.570796326795),.PIECEWISE_BEZIER_KNOTS.);
#6836 = CARTESIAN_POINT('',(0.,0.));
#6837 = CARTESIAN_POINT('',(1.570796326795,0.));
#6838 = ( GEOMETRIC_REPRESENTATION_CONTEXT(2) 
PARAMETRIC_REPRESENTATION_CONTEXT() REPRESENTATION_CONTEXT('2D SPACE',''
  ) );
#6839 = ORIENTED_EDGE('',*,*,#6840,.F.);
#6840 = EDGE_CURVE('',#6722,#6819,#6841,.T.);
#6841 = SURFACE_CURVE('',#6842,(#6847,#6854),.PCURVE_S1.);
#6842 = CIRCLE('',#6843,4.);
#6843 = AXIS2_PLACEMENT_3D('',#6844,#6845,#6846);
#6844 = CARTESIAN_POINT('',(189.98316955566,355.3475036621,61.));
#6845 = DIRECTION('',(-0.,0.,1.));
#6846 = DIRECTION('',(0.,-1.,0.));
#6847 = PCURVE('',#4268,#6848);
#6848 = DEFINITIONAL_REPRESENTATION('',(#6849),#6853);
#6849 = LINE('',#6850,#6851);
#6850 = CARTESIAN_POINT('',(-0.,1.570796326795));
#6851 = VECTOR('',#6852,1.);
#6852 = DIRECTION('',(-1.,0.));
#6853 = ( GEOMETRIC_REPRESENTATION_CONTEXT(2) 
PARAMETRIC_REPRESENTATION_CONTEXT() REPRESENTATION_CONTEXT('2D SPACE',''
  ) );
#6854 = PCURVE('',#6586,#6855);
#6855 = DEFINITIONAL_REPRESENTATION('',(#6856),#6860);
#6856 = CIRCLE('',#6857,4.);
#6857 = AXIS2_PLACEMENT_2D('',#6858,#6859);
#6858 = CARTESIAN_POINT('',(32.,-7.));
#6859 = DIRECTION('',(0.,-1.));
#6860 = ( GEOMETRIC_REPRESENTATION_CONTEXT(2) 
PARAMETRIC_REPRESENTATION_CONTEXT() REPRESENTATION_CONTEXT('2D SPACE',''
  ) );
#6861 = ADVANCED_FACE('',(#6862),#4355,.F.);
#6862 = FACE_BOUND('',#6863,.T.);
#6863 = EDGE_LOOP('',(#6864,#6886,#6887,#6888));
#6864 = ORIENTED_EDGE('',*,*,#6865,.F.);
#6865 = EDGE_CURVE('',#4318,#6866,#6868,.T.);
#6866 = VERTEX_POINT('',#6867);
#6867 = CARTESIAN_POINT('',(193.98316955566,369.3475036621,61.));
#6868 = SURFACE_CURVE('',#6869,(#6874,#6880),.PCURVE_S1.);
#6869 = CIRCLE('',#6870,5.);
#6870 = AXIS2_PLACEMENT_3D('',#6871,#6872,#6873);
#6871 = CARTESIAN_POINT('',(193.98316955566,369.3475036621,66.));
#6872 = DIRECTION('',(1.224646799147E-16,1.,0.));
#6873 = DIRECTION('',(1.,-1.224646799147E-16,0.));
#6874 = PCURVE('',#4355,#6875);
#6875 = DEFINITIONAL_REPRESENTATION('',(#6876),#6879);
#6876 = B_SPLINE_CURVE_WITH_KNOTS('',1,(#6877,#6878),.UNSPECIFIED.,.F.,
  .F.,(2,2),(0.,1.570796326795),.PIECEWISE_BEZIER_KNOTS.);
#6877 = CARTESIAN_POINT('',(0.,0.));
#6878 = CARTESIAN_POINT('',(0.,1.570796326795));
#6879 = ( GEOMETRIC_REPRESENTATION_CONTEXT(2) 
PARAMETRIC_REPRESENTATION_CONTEXT() REPRESENTATION_CONTEXT('2D SPACE',''
  ) );
#6880 = PCURVE('',#4399,#6881);
#6881 = DEFINITIONAL_REPRESENTATION('',(#6882),#6885);
#6882 = B_SPLINE_CURVE_WITH_KNOTS('',1,(#6883,#6884),.UNSPECIFIED.,.F.,
  .F.,(2,2),(0.,1.570796326795),.PIECEWISE_BEZIER_KNOTS.);
#6883 = CARTESIAN_POINT('',(0.,14.));
#6884 = CARTESIAN_POINT('',(1.570796326795,14.));
#6885 = ( GEOMETRIC_REPRESENTATION_CONTEXT(2) 
PARAMETRIC_REPRESENTATION_CONTEXT() REPRESENTATION_CONTEXT('2D SPACE',''
  ) );
#6886 = ORIENTED_EDGE('',*,*,#4340,.T.);
#6887 = ORIENTED_EDGE('',*,*,#6768,.T.);
#6888 = ORIENTED_EDGE('',*,*,#6889,.F.);
#6889 = EDGE_CURVE('',#6866,#6769,#6890,.T.);
#6890 = SURFACE_CURVE('',#6891,(#6896,#6903),.PCURVE_S1.);
#6891 = CIRCLE('',#6892,4.);
#6892 = AXIS2_PLACEMENT_3D('',#6893,#6894,#6895);
#6893 = CARTESIAN_POINT('',(189.98316955566,369.3475036621,61.));
#6894 = DIRECTION('',(0.,0.,1.));
#6895 = DIRECTION('',(1.,0.,0.));
#6896 = PCURVE('',#4355,#6897);
#6897 = DEFINITIONAL_REPRESENTATION('',(#6898),#6902);
#6898 = LINE('',#6899,#6900);
#6899 = CARTESIAN_POINT('',(-0.,1.570796326795));
#6900 = VECTOR('',#6901,1.);
#6901 = DIRECTION('',(-1.,0.));
#6902 = ( GEOMETRIC_REPRESENTATION_CONTEXT(2) 
PARAMETRIC_REPRESENTATION_CONTEXT() REPRESENTATION_CONTEXT('2D SPACE',''
  ) );
#6903 = PCURVE('',#6586,#6904);
#6904 = DEFINITIONAL_REPRESENTATION('',(#6905),#6909);
#6905 = CIRCLE('',#6906,4.);
#6906 = AXIS2_PLACEMENT_2D('',#6907,#6908);
#6907 = CARTESIAN_POINT('',(32.,7.));
#6908 = DIRECTION('',(1.,0.));
#6909 = ( GEOMETRIC_REPRESENTATION_CONTEXT(2) 
PARAMETRIC_REPRESENTATION_CONTEXT() REPRESENTATION_CONTEXT('2D SPACE',''
  ) );
#6910 = ADVANCED_FACE('',(#6911),#4399,.F.);
#6911 = FACE_BOUND('',#6912,.F.);
#6912 = EDGE_LOOP('',(#6913,#6914,#6935,#6936));
#6913 = ORIENTED_EDGE('',*,*,#6818,.T.);
#6914 = ORIENTED_EDGE('',*,*,#6915,.T.);
#6915 = EDGE_CURVE('',#6819,#6866,#6916,.T.);
#6916 = SURFACE_CURVE('',#6917,(#6921,#6928),.PCURVE_S1.);
#6917 = LINE('',#6918,#6919);
#6918 = CARTESIAN_POINT('',(193.98316955566,355.3475036621,61.));
#6919 = VECTOR('',#6920,1.);
#6920 = DIRECTION('',(1.224646799147E-16,1.,0.));
#6921 = PCURVE('',#4399,#6922);
#6922 = DEFINITIONAL_REPRESENTATION('',(#6923),#6927);
#6923 = LINE('',#6924,#6925);
#6924 = CARTESIAN_POINT('',(1.570796326795,0.));
#6925 = VECTOR('',#6926,1.);
#6926 = DIRECTION('',(0.,1.));
#6927 = ( GEOMETRIC_REPRESENTATION_CONTEXT(2) 
PARAMETRIC_REPRESENTATION_CONTEXT() REPRESENTATION_CONTEXT('2D SPACE',''
  ) );
#6928 = PCURVE('',#6586,#6929);
#6929 = DEFINITIONAL_REPRESENTATION('',(#6930),#6934);
#6930 = LINE('',#6931,#6932);
#6931 = CARTESIAN_POINT('',(36.,-7.));
#6932 = VECTOR('',#6933,1.);
#6933 = DIRECTION('',(1.224646799147E-16,1.));
#6934 = ( GEOMETRIC_REPRESENTATION_CONTEXT(2) 
PARAMETRIC_REPRESENTATION_CONTEXT() REPRESENTATION_CONTEXT('2D SPACE',''
  ) );
#6935 = ORIENTED_EDGE('',*,*,#6865,.F.);
#6936 = ORIENTED_EDGE('',*,*,#4385,.F.);
#6937 = ADVANCED_FACE('',(#6938,#6948),#4482,.F.);
#6938 = FACE_BOUND('',#6939,.F.);
#6939 = EDGE_LOOP('',(#6940,#6941,#6942,#6943,#6944,#6945,#6946,#6947));
#6940 = ORIENTED_EDGE('',*,*,#5376,.T.);
#6941 = ORIENTED_EDGE('',*,*,#5276,.T.);
#6942 = ORIENTED_EDGE('',*,*,#5227,.T.);
#6943 = ORIENTED_EDGE('',*,*,#5177,.T.);
#6944 = ORIENTED_EDGE('',*,*,#4468,.T.);
#6945 = ORIENTED_EDGE('',*,*,#5326,.T.);
#6946 = ORIENTED_EDGE('',*,*,#5425,.T.);
#6947 = ORIENTED_EDGE('',*,*,#5452,.T.);
#6948 = FACE_BOUND('',#6949,.T.);
#6949 = EDGE_LOOP('',(#6950,#6980,#7009,#7037,#7066,#7094,#7123,#7151));
#6950 = ORIENTED_EDGE('',*,*,#6951,.F.);
#6951 = EDGE_CURVE('',#6952,#6954,#6956,.T.);
#6952 = VERTEX_POINT('',#6953);
#6953 = CARTESIAN_POINT('',(157.98316955566,379.3475036621,80.));
#6954 = VERTEX_POINT('',#6955);
#6955 = CARTESIAN_POINT('',(189.98316955566,379.3475036621,80.));
#6956 = SURFACE_CURVE('',#6957,(#6961,#6968),.PCURVE_S1.);
#6957 = LINE('',#6958,#6959);
#6958 = CARTESIAN_POINT('',(150.58460580677,379.3475036621,80.));
#6959 = VECTOR('',#6960,1.);
#6960 = DIRECTION('',(1.,-1.836970198721E-16,0.));
#6961 = PCURVE('',#4482,#6962);
#6962 = DEFINITIONAL_REPRESENTATION('',(#6963),#6967);
#6963 = LINE('',#6964,#6965);
#6964 = CARTESIAN_POINT('',(-7.398563748891,17.));
#6965 = VECTOR('',#6966,1.);
#6966 = DIRECTION('',(1.,-1.836970198721E-16));
#6967 = ( GEOMETRIC_REPRESENTATION_CONTEXT(2) 
PARAMETRIC_REPRESENTATION_CONTEXT() REPRESENTATION_CONTEXT('2D SPACE',''
  ) );
#6968 = PCURVE('',#6969,#6974);
#6969 = PLANE('',#6970);
#6970 = AXIS2_PLACEMENT_3D('',#6971,#6972,#6973);
#6971 = CARTESIAN_POINT('',(157.98316955566,379.3475036621,80.));
#6972 = DIRECTION('',(-1.836970198721E-16,-1.,0.));
#6973 = DIRECTION('',(1.,-1.836970198721E-16,0.));
#6974 = DEFINITIONAL_REPRESENTATION('',(#6975),#6979);
#6975 = LINE('',#6976,#6977);
#6976 = CARTESIAN_POINT('',(-7.398563748891,0.));
#6977 = VECTOR('',#6978,1.);
#6978 = DIRECTION('',(1.,0.));
#6979 = ( GEOMETRIC_REPRESENTATION_CONTEXT(2) 
PARAMETRIC_REPRESENTATION_CONTEXT() REPRESENTATION_CONTEXT('2D SPACE',''
  ) );
#6980 = ORIENTED_EDGE('',*,*,#6981,.T.);
#6981 = EDGE_CURVE('',#6952,#6982,#6984,.T.);
#6982 = VERTEX_POINT('',#6983);
#6983 = CARTESIAN_POINT('',(147.98316955566,369.3475036621,80.));
#6984 = SURFACE_CURVE('',#6985,(#6990,#6997),.PCURVE_S1.);
#6985 = CIRCLE('',#6986,10.);
#6986 = AXIS2_PLACEMENT_3D('',#6987,#6988,#6989);
#6987 = CARTESIAN_POINT('',(157.98316955566,369.3475036621,80.));
#6988 = DIRECTION('',(0.,0.,1.));
#6989 = DIRECTION('',(1.,0.,0.));
#6990 = PCURVE('',#4482,#6991);
#6991 = DEFINITIONAL_REPRESENTATION('',(#6992),#6996);
#6992 = CIRCLE('',#6993,10.);
#6993 = AXIS2_PLACEMENT_2D('',#6994,#6995);
#6994 = CARTESIAN_POINT('',(0.,7.));
#6995 = DIRECTION('',(1.,0.));
#6996 = ( GEOMETRIC_REPRESENTATION_CONTEXT(2) 
PARAMETRIC_REPRESENTATION_CONTEXT() REPRESENTATION_CONTEXT('2D SPACE',''
  ) );
#6997 = PCURVE('',#6998,#7003);
#6998 = CYLINDRICAL_SURFACE('',#6999,10.);
#6999 = AXIS2_PLACEMENT_3D('',#7000,#7001,#7002);
#7000 = CARTESIAN_POINT('',(157.98316955566,369.3475036621,80.));
#7001 = DIRECTION('',(0.,0.,1.));
#7002 = DIRECTION('',(1.,0.,0.));
#7003 = DEFINITIONAL_REPRESENTATION('',(#7004),#7008);
#7004 = LINE('',#7005,#7006);
#7005 = CARTESIAN_POINT('',(0.,0.));
#7006 = VECTOR('',#7007,1.);
#7007 = DIRECTION('',(1.,0.));
#7008 = ( GEOMETRIC_REPRESENTATION_CONTEXT(2) 
PARAMETRIC_REPRESENTATION_CONTEXT() REPRESENTATION_CONTEXT('2D SPACE',''
  ) );
#7009 = ORIENTED_EDGE('',*,*,#7010,.F.);
#7010 = EDGE_CURVE('',#7011,#6982,#7013,.T.);
#7011 = VERTEX_POINT('',#7012);
#7012 = CARTESIAN_POINT('',(147.98316955566,355.3475036621,80.));
#7013 = SURFACE_CURVE('',#7014,(#7018,#7025),.PCURVE_S1.);
#7014 = LINE('',#7015,#7016);
#7015 = CARTESIAN_POINT('',(147.98316955566,348.99847780806,80.));
#7016 = VECTOR('',#7017,1.);
#7017 = DIRECTION('',(2.465190328816E-32,1.,0.));
#7018 = PCURVE('',#4482,#7019);
#7019 = DEFINITIONAL_REPRESENTATION('',(#7020),#7024);
#7020 = LINE('',#7021,#7022);
#7021 = CARTESIAN_POINT('',(-10.,-13.34902585404));
#7022 = VECTOR('',#7023,1.);
#7023 = DIRECTION('',(2.465190328816E-32,1.));
#7024 = ( GEOMETRIC_REPRESENTATION_CONTEXT(2) 
PARAMETRIC_REPRESENTATION_CONTEXT() REPRESENTATION_CONTEXT('2D SPACE',''
  ) );
#7025 = PCURVE('',#7026,#7031);
#7026 = PLANE('',#7027);
#7027 = AXIS2_PLACEMENT_3D('',#7028,#7029,#7030);
#7028 = CARTESIAN_POINT('',(147.98316955566,355.3475036621,80.));
#7029 = DIRECTION('',(1.,-2.465190328816E-32,0.));
#7030 = DIRECTION('',(2.465190328816E-32,1.,0.));
#7031 = DEFINITIONAL_REPRESENTATION('',(#7032),#7036);
#7032 = LINE('',#7033,#7034);
#7033 = CARTESIAN_POINT('',(-6.349025854042,0.));
#7034 = VECTOR('',#7035,1.);
#7035 = DIRECTION('',(1.,0.));
#7036 = ( GEOMETRIC_REPRESENTATION_CONTEXT(2) 
PARAMETRIC_REPRESENTATION_CONTEXT() REPRESENTATION_CONTEXT('2D SPACE',''
  ) );
#7037 = ORIENTED_EDGE('',*,*,#7038,.T.);
#7038 = EDGE_CURVE('',#7011,#7039,#7041,.T.);
#7039 = VERTEX_POINT('',#7040);
#7040 = CARTESIAN_POINT('',(157.98316955566,345.3475036621,80.));
#7041 = SURFACE_CURVE('',#7042,(#7047,#7054),.PCURVE_S1.);
#7042 = CIRCLE('',#7043,10.);
#7043 = AXIS2_PLACEMENT_3D('',#7044,#7045,#7046);
#7044 = CARTESIAN_POINT('',(157.98316955566,355.3475036621,80.));
#7045 = DIRECTION('',(0.,0.,1.));
#7046 = DIRECTION('',(1.,0.,0.));
#7047 = PCURVE('',#4482,#7048);
#7048 = DEFINITIONAL_REPRESENTATION('',(#7049),#7053);
#7049 = CIRCLE('',#7050,10.);
#7050 = AXIS2_PLACEMENT_2D('',#7051,#7052);
#7051 = CARTESIAN_POINT('',(0.,-7.));
#7052 = DIRECTION('',(1.,0.));
#7053 = ( GEOMETRIC_REPRESENTATION_CONTEXT(2) 
PARAMETRIC_REPRESENTATION_CONTEXT() REPRESENTATION_CONTEXT('2D SPACE',''
  ) );
#7054 = PCURVE('',#7055,#7060);
#7055 = CYLINDRICAL_SURFACE('',#7056,10.);
#7056 = AXIS2_PLACEMENT_3D('',#7057,#7058,#7059);
#7057 = CARTESIAN_POINT('',(157.98316955566,355.3475036621,80.));
#7058 = DIRECTION('',(0.,0.,1.));
#7059 = DIRECTION('',(1.,0.,0.));
#7060 = DEFINITIONAL_REPRESENTATION('',(#7061),#7065);
#7061 = LINE('',#7062,#7063);
#7062 = CARTESIAN_POINT('',(0.,0.));
#7063 = VECTOR('',#7064,1.);
#7064 = DIRECTION('',(1.,0.));
#7065 = ( GEOMETRIC_REPRESENTATION_CONTEXT(2) 
PARAMETRIC_REPRESENTATION_CONTEXT() REPRESENTATION_CONTEXT('2D SPACE',''
  ) );
#7066 = ORIENTED_EDGE('',*,*,#7067,.F.);
#7067 = EDGE_CURVE('',#7068,#7039,#7070,.T.);
#7068 = VERTEX_POINT('',#7069);
#7069 = CARTESIAN_POINT('',(189.98316955566,345.3475036621,80.));
#7070 = SURFACE_CURVE('',#7071,(#7075,#7082),.PCURVE_S1.);
#7071 = LINE('',#7072,#7073);
#7072 = CARTESIAN_POINT('',(196.99093570471,345.3475036621,80.));
#7073 = VECTOR('',#7074,1.);
#7074 = DIRECTION('',(-1.,6.123233995737E-17,0.));
#7075 = PCURVE('',#4482,#7076);
#7076 = DEFINITIONAL_REPRESENTATION('',(#7077),#7081);
#7077 = LINE('',#7078,#7079);
#7078 = CARTESIAN_POINT('',(39.007766149052,-17.));
#7079 = VECTOR('',#7080,1.);
#7080 = DIRECTION('',(-1.,6.123233995737E-17));
#7081 = ( GEOMETRIC_REPRESENTATION_CONTEXT(2) 
PARAMETRIC_REPRESENTATION_CONTEXT() REPRESENTATION_CONTEXT('2D SPACE',''
  ) );
#7082 = PCURVE('',#7083,#7088);
#7083 = PLANE('',#7084);
#7084 = AXIS2_PLACEMENT_3D('',#7085,#7086,#7087);
#7085 = CARTESIAN_POINT('',(189.98316955566,345.3475036621,80.));
#7086 = DIRECTION('',(6.123233995737E-17,1.,0.));
#7087 = DIRECTION('',(-1.,6.123233995737E-17,0.));
#7088 = DEFINITIONAL_REPRESENTATION('',(#7089),#7093);
#7089 = LINE('',#7090,#7091);
#7090 = CARTESIAN_POINT('',(-7.007766149052,0.));
#7091 = VECTOR('',#7092,1.);
#7092 = DIRECTION('',(1.,0.));
#7093 = ( GEOMETRIC_REPRESENTATION_CONTEXT(2) 
PARAMETRIC_REPRESENTATION_CONTEXT() REPRESENTATION_CONTEXT('2D SPACE',''
  ) );
#7094 = ORIENTED_EDGE('',*,*,#7095,.T.);
#7095 = EDGE_CURVE('',#7068,#7096,#7098,.T.);
#7096 = VERTEX_POINT('',#7097);
#7097 = CARTESIAN_POINT('',(199.98316955566,355.3475036621,80.));
#7098 = SURFACE_CURVE('',#7099,(#7104,#7111),.PCURVE_S1.);
#7099 = CIRCLE('',#7100,10.);
#7100 = AXIS2_PLACEMENT_3D('',#7101,#7102,#7103);
#7101 = CARTESIAN_POINT('',(189.98316955566,355.3475036621,80.));
#7102 = DIRECTION('',(0.,0.,1.));
#7103 = DIRECTION('',(1.,0.,0.));
#7104 = PCURVE('',#4482,#7105);
#7105 = DEFINITIONAL_REPRESENTATION('',(#7106),#7110);
#7106 = CIRCLE('',#7107,10.);
#7107 = AXIS2_PLACEMENT_2D('',#7108,#7109);
#7108 = CARTESIAN_POINT('',(32.,-7.));
#7109 = DIRECTION('',(1.,0.));
#7110 = ( GEOMETRIC_REPRESENTATION_CONTEXT(2) 
PARAMETRIC_REPRESENTATION_CONTEXT() REPRESENTATION_CONTEXT('2D SPACE',''
  ) );
#7111 = PCURVE('',#7112,#7117);
#7112 = CYLINDRICAL_SURFACE('',#7113,10.);
#7113 = AXIS2_PLACEMENT_3D('',#7114,#7115,#7116);
#7114 = CARTESIAN_POINT('',(189.98316955566,355.3475036621,80.));
#7115 = DIRECTION('',(0.,0.,1.));
#7116 = DIRECTION('',(1.,0.,0.));
#7117 = DEFINITIONAL_REPRESENTATION('',(#7118),#7122);
#7118 = LINE('',#7119,#7120);
#7119 = CARTESIAN_POINT('',(0.,0.));
#7120 = VECTOR('',#7121,1.);
#7121 = DIRECTION('',(1.,0.));
#7122 = ( GEOMETRIC_REPRESENTATION_CONTEXT(2) 
PARAMETRIC_REPRESENTATION_CONTEXT() REPRESENTATION_CONTEXT('2D SPACE',''
  ) );
#7123 = ORIENTED_EDGE('',*,*,#7124,.F.);
#7124 = EDGE_CURVE('',#7125,#7096,#7127,.T.);
#7125 = VERTEX_POINT('',#7126);
#7126 = CARTESIAN_POINT('',(199.98316955566,369.3475036621,80.));
#7127 = SURFACE_CURVE('',#7128,(#7132,#7139),.PCURVE_S1.);
#7128 = LINE('',#7129,#7130);
#7129 = CARTESIAN_POINT('',(199.98316955566,379.75199555335,80.));
#7130 = VECTOR('',#7131,1.);
#7131 = DIRECTION('',(-1.224646799147E-16,-1.,0.));
#7132 = PCURVE('',#4482,#7133);
#7133 = DEFINITIONAL_REPRESENTATION('',(#7134),#7138);
#7134 = LINE('',#7135,#7136);
#7135 = CARTESIAN_POINT('',(42.,17.40449189125));
#7136 = VECTOR('',#7137,1.);
#7137 = DIRECTION('',(-1.224646799147E-16,-1.));
#7138 = ( GEOMETRIC_REPRESENTATION_CONTEXT(2) 
PARAMETRIC_REPRESENTATION_CONTEXT() REPRESENTATION_CONTEXT('2D SPACE',''
  ) );
#7139 = PCURVE('',#7140,#7145);
#7140 = PLANE('',#7141);
#7141 = AXIS2_PLACEMENT_3D('',#7142,#7143,#7144);
#7142 = CARTESIAN_POINT('',(199.98316955566,369.3475036621,80.));
#7143 = DIRECTION('',(-1.,1.224646799147E-16,0.));
#7144 = DIRECTION('',(-1.224646799147E-16,-1.,0.));
#7145 = DEFINITIONAL_REPRESENTATION('',(#7146),#7150);
#7146 = LINE('',#7147,#7148);
#7147 = CARTESIAN_POINT('',(-10.40449189125,0.));
#7148 = VECTOR('',#7149,1.);
#7149 = DIRECTION('',(1.,0.));
#7150 = ( GEOMETRIC_REPRESENTATION_CONTEXT(2) 
PARAMETRIC_REPRESENTATION_CONTEXT() REPRESENTATION_CONTEXT('2D SPACE',''
  ) );
#7151 = ORIENTED_EDGE('',*,*,#7152,.T.);
#7152 = EDGE_CURVE('',#7125,#6954,#7153,.T.);
#7153 = SURFACE_CURVE('',#7154,(#7159,#7166),.PCURVE_S1.);
#7154 = CIRCLE('',#7155,10.);
#7155 = AXIS2_PLACEMENT_3D('',#7156,#7157,#7158);
#7156 = CARTESIAN_POINT('',(189.98316955566,369.3475036621,80.));
#7157 = DIRECTION('',(0.,0.,1.));
#7158 = DIRECTION('',(1.,0.,0.));
#7159 = PCURVE('',#4482,#7160);
#7160 = DEFINITIONAL_REPRESENTATION('',(#7161),#7165);
#7161 = CIRCLE('',#7162,10.);
#7162 = AXIS2_PLACEMENT_2D('',#7163,#7164);
#7163 = CARTESIAN_POINT('',(32.,7.));
#7164 = DIRECTION('',(1.,0.));
#7165 = ( GEOMETRIC_REPRESENTATION_CONTEXT(2) 
PARAMETRIC_REPRESENTATION_CONTEXT() REPRESENTATION_CONTEXT('2D SPACE',''
  ) );
#7166 = PCURVE('',#7167,#7172);
#7167 = CYLINDRICAL_SURFACE('',#7168,10.);
#7168 = AXIS2_PLACEMENT_3D('',#7169,#7170,#7171);
#7169 = CARTESIAN_POINT('',(189.98316955566,369.3475036621,80.));
#7170 = DIRECTION('',(0.,0.,1.));
#7171 = DIRECTION('',(1.,0.,0.));
#7172 = DEFINITIONAL_REPRESENTATION('',(#7173),#7177);
#7173 = LINE('',#7174,#7175);
#7174 = CARTESIAN_POINT('',(0.,0.));
#7175 = VECTOR('',#7176,1.);
#7176 = DIRECTION('',(1.,0.));
#7177 = ( GEOMETRIC_REPRESENTATION_CONTEXT(2) 
PARAMETRIC_REPRESENTATION_CONTEXT() REPRESENTATION_CONTEXT('2D SPACE',''
  ) );
#7178 = ADVANCED_FACE('',(#7179),#4513,.T.);
#7179 = FACE_BOUND('',#7180,.T.);
#7180 = EDGE_LOOP('',(#7181,#7204,#7232,#7253,#7254));
#7181 = ORIENTED_EDGE('',*,*,#7182,.T.);
#7182 = EDGE_CURVE('',#4691,#7183,#7185,.T.);
#7183 = VERTEX_POINT('',#7184);
#7184 = CARTESIAN_POINT('',(172.97124549172,381.52794472662,
    87.699999988079));
#7185 = SURFACE_CURVE('',#7186,(#7190,#7197),.PCURVE_S1.);
#7186 = LINE('',#7187,#7188);
#7187 = CARTESIAN_POINT('',(172.97124549172,381.52794472662,87.));
#7188 = VECTOR('',#7189,1.);
#7189 = DIRECTION('',(0.,0.,1.));
#7190 = PCURVE('',#4513,#7191);
#7191 = DEFINITIONAL_REPRESENTATION('',(#7192),#7196);
#7192 = LINE('',#7193,#7194);
#7193 = CARTESIAN_POINT('',(0.,0.));
#7194 = VECTOR('',#7195,1.);
#7195 = DIRECTION('',(0.,-1.));
#7196 = ( GEOMETRIC_REPRESENTATION_CONTEXT(2) 
PARAMETRIC_REPRESENTATION_CONTEXT() REPRESENTATION_CONTEXT('2D SPACE',''
  ) );
#7197 = PCURVE('',#4707,#7198);
#7198 = DEFINITIONAL_REPRESENTATION('',(#7199),#7203);
#7199 = LINE('',#7200,#7201);
#7200 = CARTESIAN_POINT('',(-1.58396995748,0.));
#7201 = VECTOR('',#7202,1.);
#7202 = DIRECTION('',(-0.,-1.));
#7203 = ( GEOMETRIC_REPRESENTATION_CONTEXT(2) 
PARAMETRIC_REPRESENTATION_CONTEXT() REPRESENTATION_CONTEXT('2D SPACE',''
  ) );
#7204 = ORIENTED_EDGE('',*,*,#7205,.F.);
#7205 = EDGE_CURVE('',#7206,#7183,#7208,.T.);
#7206 = VERTEX_POINT('',#7207);
#7207 = CARTESIAN_POINT('',(181.97636229241,381.64658167263,
    87.699999988079));
#7208 = SURFACE_CURVE('',#7209,(#7213,#7220),.PCURVE_S1.);
#7209 = LINE('',#7210,#7211);
#7210 = CARTESIAN_POINT('',(181.97636229241,381.64658167263,
    87.699999988079));
#7211 = VECTOR('',#7212,1.);
#7212 = DIRECTION('',(-0.999913228982,-1.317324965273E-02,-0.));
#7213 = PCURVE('',#4513,#7214);
#7214 = DEFINITIONAL_REPRESENTATION('',(#7215),#7219);
#7215 = LINE('',#7216,#7217);
#7216 = CARTESIAN_POINT('',(9.005898251654,-0.699999988079));
#7217 = VECTOR('',#7218,1.);
#7218 = DIRECTION('',(-1.,0.));
#7219 = ( GEOMETRIC_REPRESENTATION_CONTEXT(2) 
PARAMETRIC_REPRESENTATION_CONTEXT() REPRESENTATION_CONTEXT('2D SPACE',''
  ) );
#7220 = PCURVE('',#7221,#7226);
#7221 = CYLINDRICAL_SURFACE('',#7222,0.300000011921);
#7222 = AXIS2_PLACEMENT_3D('',#7223,#7224,#7225);
#7223 = CARTESIAN_POINT('',(181.98031426747,381.34660769202,
    87.699999988079));
#7224 = DIRECTION('',(-0.999913228982,-1.317324965273E-02,-0.));
#7225 = DIRECTION('',(-0.,0.,1.));
#7226 = DEFINITIONAL_REPRESENTATION('',(#7227),#7231);
#7227 = LINE('',#7228,#7229);
#7228 = CARTESIAN_POINT('',(1.570796326795,0.));
#7229 = VECTOR('',#7230,1.);
#7230 = DIRECTION('',(0.,1.));
#7231 = ( GEOMETRIC_REPRESENTATION_CONTEXT(2) 
PARAMETRIC_REPRESENTATION_CONTEXT() REPRESENTATION_CONTEXT('2D SPACE',''
  ) );
#7232 = ORIENTED_EDGE('',*,*,#7233,.F.);
#7233 = EDGE_CURVE('',#4498,#7206,#7234,.T.);
#7234 = SURFACE_CURVE('',#7235,(#7239,#7246),.PCURVE_S1.);
#7235 = LINE('',#7236,#7237);
#7236 = CARTESIAN_POINT('',(181.97636229241,381.64658167263,87.));
#7237 = VECTOR('',#7238,1.);
#7238 = DIRECTION('',(0.,0.,1.));
#7239 = PCURVE('',#4513,#7240);
#7240 = DEFINITIONAL_REPRESENTATION('',(#7241),#7245);
#7241 = LINE('',#7242,#7243);
#7242 = CARTESIAN_POINT('',(9.005898251654,0.));
#7243 = VECTOR('',#7244,1.);
#7244 = DIRECTION('',(0.,-1.));
#7245 = ( GEOMETRIC_REPRESENTATION_CONTEXT(2) 
PARAMETRIC_REPRESENTATION_CONTEXT() REPRESENTATION_CONTEXT('2D SPACE',''
  ) );
#7246 = PCURVE('',#4570,#7247);
#7247 = DEFINITIONAL_REPRESENTATION('',(#7248),#7252);
#7248 = LINE('',#7249,#7250);
#7249 = CARTESIAN_POINT('',(-7.867155264659,0.));
#7250 = VECTOR('',#7251,1.);
#7251 = DIRECTION('',(-0.,-1.));
#7252 = ( GEOMETRIC_REPRESENTATION_CONTEXT(2) 
PARAMETRIC_REPRESENTATION_CONTEXT() REPRESENTATION_CONTEXT('2D SPACE',''
  ) );
#7253 = ORIENTED_EDGE('',*,*,#4497,.F.);
#7254 = ORIENTED_EDGE('',*,*,#4719,.F.);
#7255 = ADVANCED_FACE('',(#7256),#4570,.T.);
#7256 = FACE_BOUND('',#7257,.F.);
#7257 = EDGE_LOOP('',(#7258,#7281,#7308,#7309));
#7258 = ORIENTED_EDGE('',*,*,#7259,.T.);
#7259 = EDGE_CURVE('',#4528,#7260,#7262,.T.);
#7260 = VERTEX_POINT('',#7261);
#7261 = CARTESIAN_POINT('',(181.97636229241,379.70397404896,
    87.699999988079));
#7262 = SURFACE_CURVE('',#7263,(#7267,#7274),.PCURVE_S1.);
#7263 = LINE('',#7264,#7265);
#7264 = CARTESIAN_POINT('',(181.97636229241,379.70397404896,87.));
#7265 = VECTOR('',#7266,1.);
#7266 = DIRECTION('',(0.,0.,1.));
#7267 = PCURVE('',#4570,#7268);
#7268 = DEFINITIONAL_REPRESENTATION('',(#7269),#7273);
#7269 = LINE('',#7270,#7271);
#7270 = CARTESIAN_POINT('',(-4.6992153497,0.));
#7271 = VECTOR('',#7272,1.);
#7272 = DIRECTION('',(-0.,-1.));
#7273 = ( GEOMETRIC_REPRESENTATION_CONTEXT(2) 
PARAMETRIC_REPRESENTATION_CONTEXT() REPRESENTATION_CONTEXT('2D SPACE',''
  ) );
#7274 = PCURVE('',#4543,#7275);
#7275 = DEFINITIONAL_REPRESENTATION('',(#7276),#7280);
#7276 = LINE('',#7277,#7278);
#7277 = CARTESIAN_POINT('',(9.005898251654,0.));
#7278 = VECTOR('',#7279,1.);
#7279 = DIRECTION('',(0.,-1.));
#7280 = ( GEOMETRIC_REPRESENTATION_CONTEXT(2) 
PARAMETRIC_REPRESENTATION_CONTEXT() REPRESENTATION_CONTEXT('2D SPACE',''
  ) );
#7281 = ORIENTED_EDGE('',*,*,#7282,.T.);
#7282 = EDGE_CURVE('',#7260,#7206,#7283,.T.);
#7283 = SURFACE_CURVE('',#7284,(#7289,#7296),.PCURVE_S1.);
#7284 = CIRCLE('',#7285,0.971388100173);
#7285 = AXIS2_PLACEMENT_3D('',#7286,#7287,#7288);
#7286 = CARTESIAN_POINT('',(181.98915863037,380.6752778608,
    87.699999988079));
#7287 = DIRECTION('',(0.,0.,1.));
#7288 = DIRECTION('',(-1.317324965272E-02,-0.999913228982,0.));
#7289 = PCURVE('',#4570,#7290);
#7290 = DEFINITIONAL_REPRESENTATION('',(#7291),#7295);
#7291 = LINE('',#7292,#7293);
#7292 = CARTESIAN_POINT('',(-4.6992153497,-0.699999988079));
#7293 = VECTOR('',#7294,1.);
#7294 = DIRECTION('',(-1.,0.));
#7295 = ( GEOMETRIC_REPRESENTATION_CONTEXT(2) 
PARAMETRIC_REPRESENTATION_CONTEXT() REPRESENTATION_CONTEXT('2D SPACE',''
  ) );
#7296 = PCURVE('',#7297,#7302);
#7297 = TOROIDAL_SURFACE('',#7298,0.671388088252,0.300000011921);
#7298 = AXIS2_PLACEMENT_3D('',#7299,#7300,#7301);
#7299 = CARTESIAN_POINT('',(181.98915863037,380.6752778608,
    87.699999988079));
#7300 = DIRECTION('',(-0.,-0.,-1.));
#7301 = DIRECTION('',(-1.317324965272E-02,-0.999913228982,0.));
#7302 = DEFINITIONAL_REPRESENTATION('',(#7303),#7307);
#7303 = LINE('',#7304,#7305);
#7304 = CARTESIAN_POINT('',(-0.,6.28318530718));
#7305 = VECTOR('',#7306,1.);
#7306 = DIRECTION('',(-1.,0.));
#7307 = ( GEOMETRIC_REPRESENTATION_CONTEXT(2) 
PARAMETRIC_REPRESENTATION_CONTEXT() REPRESENTATION_CONTEXT('2D SPACE',''
  ) );
#7308 = ORIENTED_EDGE('',*,*,#7233,.F.);
#7309 = ORIENTED_EDGE('',*,*,#4555,.F.);
#7310 = ADVANCED_FACE('',(#7311),#4543,.F.);
#7311 = FACE_BOUND('',#7312,.F.);
#7312 = EDGE_LOOP('',(#7313,#7336,#7362,#7363,#7364,#7365));
#7313 = ORIENTED_EDGE('',*,*,#7314,.T.);
#7314 = EDGE_CURVE('',#5063,#7315,#7317,.T.);
#7315 = VERTEX_POINT('',#7316);
#7316 = CARTESIAN_POINT('',(172.97124549172,379.82261099497,
    87.699999988079));
#7317 = SURFACE_CURVE('',#7318,(#7322,#7329),.PCURVE_S1.);
#7318 = LINE('',#7319,#7320);
#7319 = CARTESIAN_POINT('',(172.97124549172,379.82261099497,87.));
#7320 = VECTOR('',#7321,1.);
#7321 = DIRECTION('',(0.,0.,1.));
#7322 = PCURVE('',#4543,#7323);
#7323 = DEFINITIONAL_REPRESENTATION('',(#7324),#7328);
#7324 = LINE('',#7325,#7326);
#7325 = CARTESIAN_POINT('',(0.,0.));
#7326 = VECTOR('',#7327,1.);
#7327 = DIRECTION('',(0.,-1.));
#7328 = ( GEOMETRIC_REPRESENTATION_CONTEXT(2) 
PARAMETRIC_REPRESENTATION_CONTEXT() REPRESENTATION_CONTEXT('2D SPACE',''
  ) );
#7329 = PCURVE('',#4707,#7330);
#7330 = DEFINITIONAL_REPRESENTATION('',(#7331),#7335);
#7331 = LINE('',#7332,#7333);
#7332 = CARTESIAN_POINT('',(-4.6992153497,0.));
#7333 = VECTOR('',#7334,1.);
#7334 = DIRECTION('',(-0.,-1.));
#7335 = ( GEOMETRIC_REPRESENTATION_CONTEXT(2) 
PARAMETRIC_REPRESENTATION_CONTEXT() REPRESENTATION_CONTEXT('2D SPACE',''
  ) );
#7336 = ORIENTED_EDGE('',*,*,#7337,.T.);
#7337 = EDGE_CURVE('',#7315,#7260,#7338,.T.);
#7338 = SURFACE_CURVE('',#7339,(#7343,#7350),.PCURVE_S1.);
#7339 = LINE('',#7340,#7341);
#7340 = CARTESIAN_POINT('',(172.97124549172,379.82261099497,
    87.699999988079));
#7341 = VECTOR('',#7342,1.);
#7342 = DIRECTION('',(0.999913228982,-1.317324965273E-02,-0.));
#7343 = PCURVE('',#4543,#7344);
#7344 = DEFINITIONAL_REPRESENTATION('',(#7345),#7349);
#7345 = LINE('',#7346,#7347);
#7346 = CARTESIAN_POINT('',(0.,-0.699999988079));
#7347 = VECTOR('',#7348,1.);
#7348 = DIRECTION('',(1.,0.));
#7349 = ( GEOMETRIC_REPRESENTATION_CONTEXT(2) 
PARAMETRIC_REPRESENTATION_CONTEXT() REPRESENTATION_CONTEXT('2D SPACE',''
  ) );
#7350 = PCURVE('',#7351,#7356);
#7351 = CYLINDRICAL_SURFACE('',#7352,0.300000011921);
#7352 = AXIS2_PLACEMENT_3D('',#7353,#7354,#7355);
#7353 = CARTESIAN_POINT('',(172.97519746677,380.12258497559,
    87.699999988079));
#7354 = DIRECTION('',(0.999913228982,-1.317324965273E-02,-0.));
#7355 = DIRECTION('',(0.,0.,1.));
#7356 = DEFINITIONAL_REPRESENTATION('',(#7357),#7361);
#7357 = LINE('',#7358,#7359);
#7358 = CARTESIAN_POINT('',(1.570796326795,0.));
#7359 = VECTOR('',#7360,1.);
#7360 = DIRECTION('',(0.,1.));
#7361 = ( GEOMETRIC_REPRESENTATION_CONTEXT(2) 
PARAMETRIC_REPRESENTATION_CONTEXT() REPRESENTATION_CONTEXT('2D SPACE',''
  ) );
#7362 = ORIENTED_EDGE('',*,*,#7259,.F.);
#7363 = ORIENTED_EDGE('',*,*,#4527,.F.);
#7364 = ORIENTED_EDGE('',*,*,#5128,.F.);
#7365 = ORIENTED_EDGE('',*,*,#5062,.F.);
#7366 = ADVANCED_FACE('',(#7367),#4707,.T.);
#7367 = FACE_BOUND('',#7368,.F.);
#7368 = EDGE_LOOP('',(#7369,#7370,#7397,#7398,#7399));
#7369 = ORIENTED_EDGE('',*,*,#7182,.T.);
#7370 = ORIENTED_EDGE('',*,*,#7371,.T.);
#7371 = EDGE_CURVE('',#7183,#7315,#7372,.T.);
#7372 = SURFACE_CURVE('',#7373,(#7378,#7385),.PCURVE_S1.);
#7373 = CIRCLE('',#7374,0.852740859015);
#7374 = AXIS2_PLACEMENT_3D('',#7375,#7376,#7377);
#7375 = CARTESIAN_POINT('',(172.98247885994,380.6752778608,
    87.699999988079));
#7376 = DIRECTION('',(0.,0.,1.));
#7377 = DIRECTION('',(-1.317324965272E-02,0.999913228982,0.));
#7378 = PCURVE('',#4707,#7379);
#7379 = DEFINITIONAL_REPRESENTATION('',(#7380),#7384);
#7380 = LINE('',#7381,#7382);
#7381 = CARTESIAN_POINT('',(-1.58396995748,-0.699999988079));
#7382 = VECTOR('',#7383,1.);
#7383 = DIRECTION('',(-1.,0.));
#7384 = ( GEOMETRIC_REPRESENTATION_CONTEXT(2) 
PARAMETRIC_REPRESENTATION_CONTEXT() REPRESENTATION_CONTEXT('2D SPACE',''
  ) );
#7385 = PCURVE('',#7386,#7391);
#7386 = TOROIDAL_SURFACE('',#7387,0.552740847094,0.300000011921);
#7387 = AXIS2_PLACEMENT_3D('',#7388,#7389,#7390);
#7388 = CARTESIAN_POINT('',(172.98247885994,380.6752778608,
    87.699999988079));
#7389 = DIRECTION('',(-0.,-0.,-1.));
#7390 = DIRECTION('',(-1.317324965272E-02,0.999913228982,0.));
#7391 = DEFINITIONAL_REPRESENTATION('',(#7392),#7396);
#7392 = LINE('',#7393,#7394);
#7393 = CARTESIAN_POINT('',(-0.,6.28318530718));
#7394 = VECTOR('',#7395,1.);
#7395 = DIRECTION('',(-1.,0.));
#7396 = ( GEOMETRIC_REPRESENTATION_CONTEXT(2) 
PARAMETRIC_REPRESENTATION_CONTEXT() REPRESENTATION_CONTEXT('2D SPACE',''
  ) );
#7397 = ORIENTED_EDGE('',*,*,#7314,.F.);
#7398 = ORIENTED_EDGE('',*,*,#5091,.F.);
#7399 = ORIENTED_EDGE('',*,*,#4690,.F.);
#7400 = ADVANCED_FACE('',(#7401),#4861,.F.);
#7401 = FACE_BOUND('',#7402,.F.);
#7402 = EDGE_LOOP('',(#7403,#7424,#7502,#7503));
#7403 = ORIENTED_EDGE('',*,*,#7404,.T.);
#7404 = EDGE_CURVE('',#4744,#7405,#7407,.T.);
#7405 = VERTEX_POINT('',#7406);
#7406 = CARTESIAN_POINT('',(173.76023275013,363.66702554749,
    88.584912811918));
#7407 = SEAM_CURVE('',#7408,(#7412,#7418),.PCURVE_S1.);
#7408 = ( BOUNDED_CURVE() B_SPLINE_CURVE(2,(#7409,#7410,#7411),
.UNSPECIFIED.,.F.,.F.) B_SPLINE_CURVE_WITH_KNOTS((3,3),(0.,
6.772849765436),.PIECEWISE_BEZIER_KNOTS.) CURVE() 
GEOMETRIC_REPRESENTATION_ITEM() RATIONAL_B_SPLINE_CURVE((1.,
0.707106781187,1.)) REPRESENTATION_ITEM('') );
#7409 = CARTESIAN_POINT('',(174.05960671332,363.81569472111,
    88.846203304059));
#7410 = CARTESIAN_POINT('',(174.05960671332,363.65084130728,
    88.595557420187));
#7411 = CARTESIAN_POINT('',(173.76023275013,363.66702554749,
    88.584912811918));
#7412 = PCURVE('',#4861,#7413);
#7413 = DEFINITIONAL_REPRESENTATION('',(#7414),#7417);
#7414 = B_SPLINE_CURVE_WITH_KNOTS('',1,(#7415,#7416),.UNSPECIFIED.,.F.,
  .F.,(2,2),(0.,6.772849765436),.PIECEWISE_BEZIER_KNOTS.);
#7415 = CARTESIAN_POINT('',(0.,7.057601158075E-02));
#7416 = CARTESIAN_POINT('',(6.772849765436,7.057601158075E-02));
#7417 = ( GEOMETRIC_REPRESENTATION_CONTEXT(2) 
PARAMETRIC_REPRESENTATION_CONTEXT() REPRESENTATION_CONTEXT('2D SPACE',''
  ) );
#7418 = PCURVE('',#4861,#7419);
#7419 = DEFINITIONAL_REPRESENTATION('',(#7420),#7423);
#7420 = B_SPLINE_CURVE_WITH_KNOTS('',1,(#7421,#7422),.UNSPECIFIED.,.F.,
  .F.,(2,2),(0.,6.772849765436),.PIECEWISE_BEZIER_KNOTS.);
#7421 = CARTESIAN_POINT('',(0.,6.843425777017));
#7422 = CARTESIAN_POINT('',(6.772849765436,6.843425777017));
#7423 = ( GEOMETRIC_REPRESENTATION_CONTEXT(2) 
PARAMETRIC_REPRESENTATION_CONTEXT() REPRESENTATION_CONTEXT('2D SPACE',''
  ) );
#7424 = ORIENTED_EDGE('',*,*,#7425,.T.);
#7425 = EDGE_CURVE('',#7405,#7405,#7426,.T.);
#7426 = SURFACE_CURVE('',#7427,(#7457,#7464),.PCURVE_S1.);
#7427 = ( BOUNDED_CURVE() B_SPLINE_CURVE(10,(#7428,#7429,#7430,#7431,
    #7432,#7433,#7434,#7435,#7436,#7437,#7438,#7439,#7440,#7441,#7442,
    #7443,#7444,#7445,#7446,#7447,#7448,#7449,#7450,#7451,#7452,#7453,
#7454,#7455,#7456),.UNSPECIFIED.,.T.,.F.) B_SPLINE_CURVE_WITH_KNOTS((11,
    9,9,11),(7.057601158075E-02,3.421712888509,6.772849765436,
6.843425777017),.UNSPECIFIED.) CURVE() GEOMETRIC_REPRESENTATION_ITEM() 
RATIONAL_B_SPLINE_CURVE((1.,1.,1.,1.,1.,1.,1.,1.,1.,1.,1.,1.,1.,1.,1.,1.
,1.,1.,1.,1.,1.,1.,1.,1.,1.,1.,1.,1.,1.)) REPRESENTATION_ITEM('') );
#7428 = CARTESIAN_POINT('',(173.76023275013,363.66702554749,
    88.584912811918));
#7429 = CARTESIAN_POINT('',(173.76618384974,363.4660306708,
    88.717110042017));
#7430 = CARTESIAN_POINT('',(173.68641681865,363.25480388573,
    88.856036945874));
#7431 = CARTESIAN_POINT('',(173.50842036971,363.06378413958,
    88.981673388714));
#7432 = CARTESIAN_POINT('',(173.24148840373,362.93689684684,
    89.06512899172));
#7433 = CARTESIAN_POINT('',(172.93310244552,362.90170433115,
    89.088275617002));
#7434 = CARTESIAN_POINT('',(172.63258927238,362.96462730208,
    89.046890271247));
#7435 = CARTESIAN_POINT('',(172.38587888773,363.11252195678,
    88.949617823209));
#7436 = CARTESIAN_POINT('',(172.23310446311,363.31476455588,
    88.816599948083));
#7437 = CARTESIAN_POINT('',(172.17842777486,363.53014070074,
    88.674943950431));
#7438 = CARTESIAN_POINT('',(172.23925421848,363.93037937061,
    88.411701203113));
#7439 = CARTESIAN_POINT('',(172.35470498196,364.11513693906,
    88.290183484886));
#7440 = CARTESIAN_POINT('',(172.54198140432,364.25551989408,
    88.197851590108));
#7441 = CARTESIAN_POINT('',(172.76898578102,364.33137091379,
    88.14796328015));
#7442 = CARTESIAN_POINT('',(172.99417044825,364.34732697599,
    88.137468747865));
#7443 = CARTESIAN_POINT('',(173.2174664927,364.32718421016,
    88.150716935525));
#7444 = CARTESIAN_POINT('',(173.4469233633,364.24556853179,
    88.204396744653));
#7445 = CARTESIAN_POINT('',(173.62934539203,364.09662270903,
    88.30236056108));
#7446 = CARTESIAN_POINT('',(173.73530517152,363.90765773231,
    88.426645552417));
#7447 = CARTESIAN_POINT('',(173.75774660506,363.70493325999,
    88.559980362519));
#7448 = CARTESIAN_POINT('',(173.75817250788,363.70074500135,
    88.56273504065));
#7449 = CARTESIAN_POINT('',(173.75856130504,363.69655015004,
    88.565494054873));
#7450 = CARTESIAN_POINT('',(173.75891286347,363.6923489912,
    88.568257217652));
#7451 = CARTESIAN_POINT('',(173.75922705013,363.68814180996,
    88.57102434145));
#7452 = CARTESIAN_POINT('',(173.75950373197,363.68392889146,
    88.573795238729));
#7453 = CARTESIAN_POINT('',(173.75974277595,363.67971052082,
    88.576569721952));
#7454 = CARTESIAN_POINT('',(173.75994404899,363.6754869832,
    88.579347603583));
#7455 = CARTESIAN_POINT('',(173.76010741807,363.6712585637,
    88.582128696084));
#7456 = CARTESIAN_POINT('',(173.76023275013,363.66702554749,
    88.584912811918));
#7457 = PCURVE('',#4861,#7458);
#7458 = DEFINITIONAL_REPRESENTATION('',(#7459),#7463);
#7459 = LINE('',#7460,#7461);
#7460 = CARTESIAN_POINT('',(6.772849765436,0.));
#7461 = VECTOR('',#7462,1.);
#7462 = DIRECTION('',(0.,1.));
#7463 = ( GEOMETRIC_REPRESENTATION_CONTEXT(2) 
PARAMETRIC_REPRESENTATION_CONTEXT() REPRESENTATION_CONTEXT('2D SPACE',''
  ) );
#7464 = PCURVE('',#7465,#7470);
#7465 = PLANE('',#7466);
#7466 = AXIS2_PLACEMENT_3D('',#7467,#7468,#7469);
#7467 = CARTESIAN_POINT('',(157.98316955566,378.89827397762,
    78.567100981984));
#7468 = DIRECTION('',(-5.646461063147E-14,-0.549511357592,
    -0.835486246373));
#7469 = DIRECTION('',(1.,-2.018355381012E-13,6.516721269463E-14));
#7470 = DEFINITIONAL_REPRESENTATION('',(#7471),#7501);
#7471 = B_SPLINE_CURVE_WITH_KNOTS('',10,(#7472,#7473,#7474,#7475,#7476,
    #7477,#7478,#7479,#7480,#7481,#7482,#7483,#7484,#7485,#7486,#7487,
    #7488,#7489,#7490,#7491,#7492,#7493,#7494,#7495,#7496,#7497,#7498,
    #7499,#7500),.UNSPECIFIED.,.T.,.F.,(11,9,9,11),(7.057601158075E-02,
    3.421712888509,6.772849765436,6.843425777017),.UNSPECIFIED.);
#7472 = CARTESIAN_POINT('',(15.77706319447,18.23039995722));
#7473 = CARTESIAN_POINT('',(15.783014294083,18.470972291662));
#7474 = CARTESIAN_POINT('',(15.703247262987,18.723791276998));
#7475 = CARTESIAN_POINT('',(15.52525081405,18.952424299966));
#7476 = CARTESIAN_POINT('',(15.258318848063,19.104296689593));
#7477 = CARTESIAN_POINT('',(14.949932889864,19.14641888591));
#7478 = CARTESIAN_POINT('',(14.649419716721,19.071105891584));
#7479 = CARTESIAN_POINT('',(14.402709332074,18.894089626693));
#7480 = CARTESIAN_POINT('',(14.249934907448,18.652023883576));
#7481 = CARTESIAN_POINT('',(14.195258219205,18.394238497168));
#7482 = CARTESIAN_POINT('',(14.256084662823,17.91518971377));
#7483 = CARTESIAN_POINT('',(14.371535426302,17.694051940095));
#7484 = CARTESIAN_POINT('',(14.55881184866,17.526026487111));
#7485 = CARTESIAN_POINT('',(14.785816225365,17.43523981043));
#7486 = CARTESIAN_POINT('',(15.011000892586,17.416141875244));
#7487 = CARTESIAN_POINT('',(15.234296937044,17.440250908629));
#7488 = CARTESIAN_POINT('',(15.463753807639,17.5379373502));
#7489 = CARTESIAN_POINT('',(15.646175836373,17.716211766322));
#7490 = CARTESIAN_POINT('',(15.752135615865,17.942385419733));
#7491 = CARTESIAN_POINT('',(15.774577049398,18.185027920674));
#7492 = CARTESIAN_POINT('',(15.775002952223,18.190040880085));
#7493 = CARTESIAN_POINT('',(15.775391749375,18.195061730305));
#7494 = CARTESIAN_POINT('',(15.775743307813,18.200090130076));
#7495 = CARTESIAN_POINT('',(15.776057494469,18.205125738077));
#7496 = CARTESIAN_POINT('',(15.776334176318,18.210168213086));
#7497 = CARTESIAN_POINT('',(15.776573220284,18.215217213763));
#7498 = CARTESIAN_POINT('',(15.776774493336,18.220272398877));
#7499 = CARTESIAN_POINT('',(15.776937862413,18.225333427118));
#7500 = CARTESIAN_POINT('',(15.77706319447,18.23039995722));
#7501 = ( GEOMETRIC_REPRESENTATION_CONTEXT(2) 
PARAMETRIC_REPRESENTATION_CONTEXT() REPRESENTATION_CONTEXT('2D SPACE',''
  ) );
#7502 = ORIENTED_EDGE('',*,*,#7404,.F.);
#7503 = ORIENTED_EDGE('',*,*,#4795,.F.);
#7504 = ADVANCED_FACE('',(#7505),#5516,.F.);
#7505 = FACE_BOUND('',#7506,.F.);
#7506 = EDGE_LOOP('',(#7507,#7529,#7557,#7577));
#7507 = ORIENTED_EDGE('',*,*,#7508,.T.);
#7508 = EDGE_CURVE('',#5478,#7509,#7511,.T.);
#7509 = VERTEX_POINT('',#7510);
#7510 = CARTESIAN_POINT('',(124.70066529512,373.48093655399,81.));
#7511 = SURFACE_CURVE('',#7512,(#7517,#7523),.PCURVE_S1.);
#7512 = CIRCLE('',#7513,0.300000011921);
#7513 = AXIS2_PLACEMENT_3D('',#7514,#7515,#7516);
#7514 = CARTESIAN_POINT('',(124.70066529512,373.48093655399,
    81.300000011921));
#7515 = DIRECTION('',(0.,-1.,0.));
#7516 = DIRECTION('',(-1.,0.,0.));
#7517 = PCURVE('',#5516,#7518);
#7518 = DEFINITIONAL_REPRESENTATION('',(#7519),#7522);
#7519 = B_SPLINE_CURVE_WITH_KNOTS('',1,(#7520,#7521),.UNSPECIFIED.,.F.,
  .F.,(2,2),(0.,1.570796326795),.PIECEWISE_BEZIER_KNOTS.);
#7520 = CARTESIAN_POINT('',(0.,0.));
#7521 = CARTESIAN_POINT('',(1.570796326795,0.));
#7522 = ( GEOMETRIC_REPRESENTATION_CONTEXT(2) 
PARAMETRIC_REPRESENTATION_CONTEXT() REPRESENTATION_CONTEXT('2D SPACE',''
  ) );
#7523 = PCURVE('',#5591,#7524);
#7524 = DEFINITIONAL_REPRESENTATION('',(#7525),#7528);
#7525 = B_SPLINE_CURVE_WITH_KNOTS('',1,(#7526,#7527),.UNSPECIFIED.,.F.,
  .F.,(2,2),(0.,1.570796326795),.PIECEWISE_BEZIER_KNOTS.);
#7526 = CARTESIAN_POINT('',(-3.14159265359,0.));
#7527 = CARTESIAN_POINT('',(-3.14159265359,1.570796326795));
#7528 = ( GEOMETRIC_REPRESENTATION_CONTEXT(2) 
PARAMETRIC_REPRESENTATION_CONTEXT() REPRESENTATION_CONTEXT('2D SPACE',''
  ) );
#7529 = ORIENTED_EDGE('',*,*,#7530,.T.);
#7530 = EDGE_CURVE('',#7509,#7531,#7533,.T.);
#7531 = VERTEX_POINT('',#7532);
#7532 = CARTESIAN_POINT('',(124.70066529512,350.99215316772,81.));
#7533 = SURFACE_CURVE('',#7534,(#7538,#7545),.PCURVE_S1.);
#7534 = LINE('',#7535,#7536);
#7535 = CARTESIAN_POINT('',(124.70066529512,373.48093655399,81.));
#7536 = VECTOR('',#7537,1.);
#7537 = DIRECTION('',(0.,-1.,0.));
#7538 = PCURVE('',#5516,#7539);
#7539 = DEFINITIONAL_REPRESENTATION('',(#7540),#7544);
#7540 = LINE('',#7541,#7542);
#7541 = CARTESIAN_POINT('',(1.570796326795,0.));
#7542 = VECTOR('',#7543,1.);
#7543 = DIRECTION('',(0.,1.));
#7544 = ( GEOMETRIC_REPRESENTATION_CONTEXT(2) 
PARAMETRIC_REPRESENTATION_CONTEXT() REPRESENTATION_CONTEXT('2D SPACE',''
  ) );
#7545 = PCURVE('',#7546,#7551);
#7546 = PLANE('',#7547);
#7547 = AXIS2_PLACEMENT_3D('',#7548,#7549,#7550);
#7548 = CARTESIAN_POINT('',(157.98316955566,362.3475036621,81.));
#7549 = DIRECTION('',(0.,0.,1.));
#7550 = DIRECTION('',(1.,0.,0.));
#7551 = DEFINITIONAL_REPRESENTATION('',(#7552),#7556);
#7552 = LINE('',#7553,#7554);
#7553 = CARTESIAN_POINT('',(-33.28250426054,11.13343289189));
#7554 = VECTOR('',#7555,1.);
#7555 = DIRECTION('',(0.,-1.));
#7556 = ( GEOMETRIC_REPRESENTATION_CONTEXT(2) 
PARAMETRIC_REPRESENTATION_CONTEXT() REPRESENTATION_CONTEXT('2D SPACE',''
  ) );
#7557 = ORIENTED_EDGE('',*,*,#7558,.F.);
#7558 = EDGE_CURVE('',#5501,#7531,#7559,.T.);
#7559 = SURFACE_CURVE('',#7560,(#7565,#7571),.PCURVE_S1.);
#7560 = CIRCLE('',#7561,0.300000011921);
#7561 = AXIS2_PLACEMENT_3D('',#7562,#7563,#7564);
#7562 = CARTESIAN_POINT('',(124.70066529512,350.99215316772,
    81.300000011921));
#7563 = DIRECTION('',(0.,-1.,0.));
#7564 = DIRECTION('',(-1.,0.,0.));
#7565 = PCURVE('',#5516,#7566);
#7566 = DEFINITIONAL_REPRESENTATION('',(#7567),#7570);
#7567 = B_SPLINE_CURVE_WITH_KNOTS('',1,(#7568,#7569),.UNSPECIFIED.,.F.,
  .F.,(2,2),(0.,1.570796326795),.PIECEWISE_BEZIER_KNOTS.);
#7568 = CARTESIAN_POINT('',(0.,22.488783386274));
#7569 = CARTESIAN_POINT('',(1.570796326795,22.488783386274));
#7570 = ( GEOMETRIC_REPRESENTATION_CONTEXT(2) 
PARAMETRIC_REPRESENTATION_CONTEXT() REPRESENTATION_CONTEXT('2D SPACE',''
  ) );
#7571 = PCURVE('',#5626,#7572);
#7572 = DEFINITIONAL_REPRESENTATION('',(#7573),#7576);
#7573 = B_SPLINE_CURVE_WITH_KNOTS('',1,(#7574,#7575),.UNSPECIFIED.,.F.,
  .F.,(2,2),(0.,1.570796326795),.PIECEWISE_BEZIER_KNOTS.);
#7574 = CARTESIAN_POINT('',(0.,0.));
#7575 = CARTESIAN_POINT('',(0.,1.570796326795));
#7576 = ( GEOMETRIC_REPRESENTATION_CONTEXT(2) 
PARAMETRIC_REPRESENTATION_CONTEXT() REPRESENTATION_CONTEXT('2D SPACE',''
  ) );
#7577 = ORIENTED_EDGE('',*,*,#5500,.F.);
#7578 = ADVANCED_FACE('',(#7579),#5591,.F.);
#7579 = FACE_BOUND('',#7580,.T.);
#7580 = EDGE_LOOP('',(#7581,#7603,#7604,#7605));
#7581 = ORIENTED_EDGE('',*,*,#7582,.F.);
#7582 = EDGE_CURVE('',#5554,#7583,#7585,.T.);
#7583 = VERTEX_POINT('',#7584);
#7584 = CARTESIAN_POINT('',(125.61567229032,373.48093655399,81.));
#7585 = SURFACE_CURVE('',#7586,(#7591,#7597),.PCURVE_S1.);
#7586 = CIRCLE('',#7587,0.300000011921);
#7587 = AXIS2_PLACEMENT_3D('',#7588,#7589,#7590);
#7588 = CARTESIAN_POINT('',(125.61567229032,373.48093655399,
    81.300000011921));
#7589 = DIRECTION('',(-0.,1.,0.));
#7590 = DIRECTION('',(1.,0.,0.));
#7591 = PCURVE('',#5591,#7592);
#7592 = DEFINITIONAL_REPRESENTATION('',(#7593),#7596);
#7593 = B_SPLINE_CURVE_WITH_KNOTS('',1,(#7594,#7595),.UNSPECIFIED.,.F.,
  .F.,(2,2),(0.,1.570796326795),.PIECEWISE_BEZIER_KNOTS.);
#7594 = CARTESIAN_POINT('',(0.,0.));
#7595 = CARTESIAN_POINT('',(0.,1.570796326795));
#7596 = ( GEOMETRIC_REPRESENTATION_CONTEXT(2) 
PARAMETRIC_REPRESENTATION_CONTEXT() REPRESENTATION_CONTEXT('2D SPACE',''
  ) );
#7597 = PCURVE('',#5678,#7598);
#7598 = DEFINITIONAL_REPRESENTATION('',(#7599),#7602);
#7599 = B_SPLINE_CURVE_WITH_KNOTS('',1,(#7600,#7601),.UNSPECIFIED.,.F.,
  .F.,(2,2),(0.,1.570796326795),.PIECEWISE_BEZIER_KNOTS.);
#7600 = CARTESIAN_POINT('',(0.,22.488783386274));
#7601 = CARTESIAN_POINT('',(1.570796326795,22.488783386274));
#7602 = ( GEOMETRIC_REPRESENTATION_CONTEXT(2) 
PARAMETRIC_REPRESENTATION_CONTEXT() REPRESENTATION_CONTEXT('2D SPACE',''
  ) );
#7603 = ORIENTED_EDGE('',*,*,#5576,.T.);
#7604 = ORIENTED_EDGE('',*,*,#7508,.T.);
#7605 = ORIENTED_EDGE('',*,*,#7606,.F.);
#7606 = EDGE_CURVE('',#7583,#7509,#7607,.T.);
#7607 = SURFACE_CURVE('',#7608,(#7613,#7620),.PCURVE_S1.);
#7608 = CIRCLE('',#7609,0.457503497601);
#7609 = AXIS2_PLACEMENT_3D('',#7610,#7611,#7612);
#7610 = CARTESIAN_POINT('',(125.15816879272,373.48093655399,81.));
#7611 = DIRECTION('',(0.,0.,1.));
#7612 = DIRECTION('',(1.,0.,-0.));
#7613 = PCURVE('',#5591,#7614);
#7614 = DEFINITIONAL_REPRESENTATION('',(#7615),#7619);
#7615 = LINE('',#7616,#7617);
#7616 = CARTESIAN_POINT('',(-0.,1.570796326795));
#7617 = VECTOR('',#7618,1.);
#7618 = DIRECTION('',(-1.,0.));
#7619 = ( GEOMETRIC_REPRESENTATION_CONTEXT(2) 
PARAMETRIC_REPRESENTATION_CONTEXT() REPRESENTATION_CONTEXT('2D SPACE',''
  ) );
#7620 = PCURVE('',#7546,#7621);
#7621 = DEFINITIONAL_REPRESENTATION('',(#7622),#7626);
#7622 = CIRCLE('',#7623,0.457503497601);
#7623 = AXIS2_PLACEMENT_2D('',#7624,#7625);
#7624 = CARTESIAN_POINT('',(-32.82500076293,11.13343289189));
#7625 = DIRECTION('',(1.,0.));
#7626 = ( GEOMETRIC_REPRESENTATION_CONTEXT(2) 
PARAMETRIC_REPRESENTATION_CONTEXT() REPRESENTATION_CONTEXT('2D SPACE',''
  ) );
#7627 = ADVANCED_FACE('',(#7628),#5626,.F.);
#7628 = FACE_BOUND('',#7629,.T.);
#7629 = EDGE_LOOP('',(#7630,#7631,#7632,#7654));
#7630 = ORIENTED_EDGE('',*,*,#7558,.F.);
#7631 = ORIENTED_EDGE('',*,*,#5609,.T.);
#7632 = ORIENTED_EDGE('',*,*,#7633,.T.);
#7633 = EDGE_CURVE('',#5610,#7634,#7636,.T.);
#7634 = VERTEX_POINT('',#7635);
#7635 = CARTESIAN_POINT('',(125.61567229032,350.99215316772,81.));
#7636 = SURFACE_CURVE('',#7637,(#7642,#7648),.PCURVE_S1.);
#7637 = CIRCLE('',#7638,0.300000011921);
#7638 = AXIS2_PLACEMENT_3D('',#7639,#7640,#7641);
#7639 = CARTESIAN_POINT('',(125.61567229032,350.99215316772,
    81.300000011921));
#7640 = DIRECTION('',(1.224646799147E-16,1.,0.));
#7641 = DIRECTION('',(1.,-1.224646799147E-16,0.));
#7642 = PCURVE('',#5626,#7643);
#7643 = DEFINITIONAL_REPRESENTATION('',(#7644),#7647);
#7644 = B_SPLINE_CURVE_WITH_KNOTS('',1,(#7645,#7646),.UNSPECIFIED.,.F.,
  .F.,(2,2),(0.,1.570796326795),.PIECEWISE_BEZIER_KNOTS.);
#7645 = CARTESIAN_POINT('',(-3.14159265359,0.));
#7646 = CARTESIAN_POINT('',(-3.14159265359,1.570796326795));
#7647 = ( GEOMETRIC_REPRESENTATION_CONTEXT(2) 
PARAMETRIC_REPRESENTATION_CONTEXT() REPRESENTATION_CONTEXT('2D SPACE',''
  ) );
#7648 = PCURVE('',#5678,#7649);
#7649 = DEFINITIONAL_REPRESENTATION('',(#7650),#7653);
#7650 = B_SPLINE_CURVE_WITH_KNOTS('',1,(#7651,#7652),.UNSPECIFIED.,.F.,
  .F.,(2,2),(0.,1.570796326795),.PIECEWISE_BEZIER_KNOTS.);
#7651 = CARTESIAN_POINT('',(0.,0.));
#7652 = CARTESIAN_POINT('',(1.570796326795,0.));
#7653 = ( GEOMETRIC_REPRESENTATION_CONTEXT(2) 
PARAMETRIC_REPRESENTATION_CONTEXT() REPRESENTATION_CONTEXT('2D SPACE',''
  ) );
#7654 = ORIENTED_EDGE('',*,*,#7655,.F.);
#7655 = EDGE_CURVE('',#7531,#7634,#7656,.T.);
#7656 = SURFACE_CURVE('',#7657,(#7662,#7669),.PCURVE_S1.);
#7657 = CIRCLE('',#7658,0.457503497601);
#7658 = AXIS2_PLACEMENT_3D('',#7659,#7660,#7661);
#7659 = CARTESIAN_POINT('',(125.15816879272,350.99215316772,81.));
#7660 = DIRECTION('',(0.,0.,1.));
#7661 = DIRECTION('',(-1.,0.,0.));
#7662 = PCURVE('',#5626,#7663);
#7663 = DEFINITIONAL_REPRESENTATION('',(#7664),#7668);
#7664 = LINE('',#7665,#7666);
#7665 = CARTESIAN_POINT('',(-0.,1.570796326795));
#7666 = VECTOR('',#7667,1.);
#7667 = DIRECTION('',(-1.,0.));
#7668 = ( GEOMETRIC_REPRESENTATION_CONTEXT(2) 
PARAMETRIC_REPRESENTATION_CONTEXT() REPRESENTATION_CONTEXT('2D SPACE',''
  ) );
#7669 = PCURVE('',#7546,#7670);
#7670 = DEFINITIONAL_REPRESENTATION('',(#7671),#7675);
#7671 = CIRCLE('',#7672,0.457503497601);
#7672 = AXIS2_PLACEMENT_2D('',#7673,#7674);
#7673 = CARTESIAN_POINT('',(-32.82500076293,-11.35535049438));
#7674 = DIRECTION('',(-1.,0.));
#7675 = ( GEOMETRIC_REPRESENTATION_CONTEXT(2) 
PARAMETRIC_REPRESENTATION_CONTEXT() REPRESENTATION_CONTEXT('2D SPACE',''
  ) );
#7676 = ADVANCED_FACE('',(#7677),#5678,.F.);
#7677 = FACE_BOUND('',#7678,.F.);
#7678 = EDGE_LOOP('',(#7679,#7680,#7701,#7702));
#7679 = ORIENTED_EDGE('',*,*,#7633,.T.);
#7680 = ORIENTED_EDGE('',*,*,#7681,.T.);
#7681 = EDGE_CURVE('',#7634,#7583,#7682,.T.);
#7682 = SURFACE_CURVE('',#7683,(#7687,#7694),.PCURVE_S1.);
#7683 = LINE('',#7684,#7685);
#7684 = CARTESIAN_POINT('',(125.61567229032,350.99215316772,81.));
#7685 = VECTOR('',#7686,1.);
#7686 = DIRECTION('',(0.,1.,0.));
#7687 = PCURVE('',#5678,#7688);
#7688 = DEFINITIONAL_REPRESENTATION('',(#7689),#7693);
#7689 = LINE('',#7690,#7691);
#7690 = CARTESIAN_POINT('',(1.570796326795,0.));
#7691 = VECTOR('',#7692,1.);
#7692 = DIRECTION('',(0.,1.));
#7693 = ( GEOMETRIC_REPRESENTATION_CONTEXT(2) 
PARAMETRIC_REPRESENTATION_CONTEXT() REPRESENTATION_CONTEXT('2D SPACE',''
  ) );
#7694 = PCURVE('',#7546,#7695);
#7695 = DEFINITIONAL_REPRESENTATION('',(#7696),#7700);
#7696 = LINE('',#7697,#7698);
#7697 = CARTESIAN_POINT('',(-32.36749726533,-11.35535049438));
#7698 = VECTOR('',#7699,1.);
#7699 = DIRECTION('',(0.,1.));
#7700 = ( GEOMETRIC_REPRESENTATION_CONTEXT(2) 
PARAMETRIC_REPRESENTATION_CONTEXT() REPRESENTATION_CONTEXT('2D SPACE',''
  ) );
#7701 = ORIENTED_EDGE('',*,*,#7582,.F.);
#7702 = ORIENTED_EDGE('',*,*,#5664,.F.);
#7703 = ADVANCED_FACE('',(#7704),#5734,.F.);
#7704 = FACE_BOUND('',#7705,.F.);
#7705 = EDGE_LOOP('',(#7706,#7728,#7756,#7776));
#7706 = ORIENTED_EDGE('',*,*,#7707,.T.);
#7707 = EDGE_CURVE('',#5696,#7708,#7710,.T.);
#7708 = VERTEX_POINT('',#7709);
#7709 = CARTESIAN_POINT('',(130.25567322969,373.41781475834,81.));
#7710 = SURFACE_CURVE('',#7711,(#7716,#7722),.PCURVE_S1.);
#7711 = CIRCLE('',#7712,0.300000011921);
#7712 = AXIS2_PLACEMENT_3D('',#7713,#7714,#7715);
#7713 = CARTESIAN_POINT('',(130.25567322969,373.41781475834,
    81.300000011921));
#7714 = DIRECTION('',(0.,-1.,0.));
#7715 = DIRECTION('',(-1.,0.,0.));
#7716 = PCURVE('',#5734,#7717);
#7717 = DEFINITIONAL_REPRESENTATION('',(#7718),#7721);
#7718 = B_SPLINE_CURVE_WITH_KNOTS('',1,(#7719,#7720),.UNSPECIFIED.,.F.,
  .F.,(2,2),(0.,1.570796326795),.PIECEWISE_BEZIER_KNOTS.);
#7719 = CARTESIAN_POINT('',(0.,0.));
#7720 = CARTESIAN_POINT('',(1.570796326795,0.));
#7721 = ( GEOMETRIC_REPRESENTATION_CONTEXT(2) 
PARAMETRIC_REPRESENTATION_CONTEXT() REPRESENTATION_CONTEXT('2D SPACE',''
  ) );
#7722 = PCURVE('',#5809,#7723);
#7723 = DEFINITIONAL_REPRESENTATION('',(#7724),#7727);
#7724 = B_SPLINE_CURVE_WITH_KNOTS('',1,(#7725,#7726),.UNSPECIFIED.,.F.,
  .F.,(2,2),(0.,1.570796326795),.PIECEWISE_BEZIER_KNOTS.);
#7725 = CARTESIAN_POINT('',(-3.14159265359,0.));
#7726 = CARTESIAN_POINT('',(-3.14159265359,1.570796326795));
#7727 = ( GEOMETRIC_REPRESENTATION_CONTEXT(2) 
PARAMETRIC_REPRESENTATION_CONTEXT() REPRESENTATION_CONTEXT('2D SPACE',''
  ) );
#7728 = ORIENTED_EDGE('',*,*,#7729,.T.);
#7729 = EDGE_CURVE('',#7708,#7730,#7732,.T.);
#7730 = VERTEX_POINT('',#7731);
#7731 = CARTESIAN_POINT('',(130.25567322969,351.05527496337,81.));
#7732 = SURFACE_CURVE('',#7733,(#7737,#7744),.PCURVE_S1.);
#7733 = LINE('',#7734,#7735);
#7734 = CARTESIAN_POINT('',(130.25567322969,373.41781475834,81.));
#7735 = VECTOR('',#7736,1.);
#7736 = DIRECTION('',(0.,-1.,0.));
#7737 = PCURVE('',#5734,#7738);
#7738 = DEFINITIONAL_REPRESENTATION('',(#7739),#7743);
#7739 = LINE('',#7740,#7741);
#7740 = CARTESIAN_POINT('',(1.570796326795,0.));
#7741 = VECTOR('',#7742,1.);
#7742 = DIRECTION('',(0.,1.));
#7743 = ( GEOMETRIC_REPRESENTATION_CONTEXT(2) 
PARAMETRIC_REPRESENTATION_CONTEXT() REPRESENTATION_CONTEXT('2D SPACE',''
  ) );
#7744 = PCURVE('',#7745,#7750);
#7745 = PLANE('',#7746);
#7746 = AXIS2_PLACEMENT_3D('',#7747,#7748,#7749);
#7747 = CARTESIAN_POINT('',(157.98316955566,362.3475036621,81.));
#7748 = DIRECTION('',(0.,0.,1.));
#7749 = DIRECTION('',(1.,0.,0.));
#7750 = DEFINITIONAL_REPRESENTATION('',(#7751),#7755);
#7751 = LINE('',#7752,#7753);
#7752 = CARTESIAN_POINT('',(-27.72749632597,11.070311096235));
#7753 = VECTOR('',#7754,1.);
#7754 = DIRECTION('',(0.,-1.));
#7755 = ( GEOMETRIC_REPRESENTATION_CONTEXT(2) 
PARAMETRIC_REPRESENTATION_CONTEXT() REPRESENTATION_CONTEXT('2D SPACE',''
  ) );
#7756 = ORIENTED_EDGE('',*,*,#7757,.F.);
#7757 = EDGE_CURVE('',#5719,#7730,#7758,.T.);
#7758 = SURFACE_CURVE('',#7759,(#7764,#7770),.PCURVE_S1.);
#7759 = CIRCLE('',#7760,0.300000011921);
#7760 = AXIS2_PLACEMENT_3D('',#7761,#7762,#7763);
#7761 = CARTESIAN_POINT('',(130.25567322969,351.05527496337,
    81.300000011921));
#7762 = DIRECTION('',(0.,-1.,0.));
#7763 = DIRECTION('',(-1.,0.,0.));
#7764 = PCURVE('',#5734,#7765);
#7765 = DEFINITIONAL_REPRESENTATION('',(#7766),#7769);
#7766 = B_SPLINE_CURVE_WITH_KNOTS('',1,(#7767,#7768),.UNSPECIFIED.,.F.,
  .F.,(2,2),(0.,1.570796326795),.PIECEWISE_BEZIER_KNOTS.);
#7767 = CARTESIAN_POINT('',(0.,22.362539794966));
#7768 = CARTESIAN_POINT('',(1.570796326795,22.362539794966));
#7769 = ( GEOMETRIC_REPRESENTATION_CONTEXT(2) 
PARAMETRIC_REPRESENTATION_CONTEXT() REPRESENTATION_CONTEXT('2D SPACE',''
  ) );
#7770 = PCURVE('',#5844,#7771);
#7771 = DEFINITIONAL_REPRESENTATION('',(#7772),#7775);
#7772 = B_SPLINE_CURVE_WITH_KNOTS('',1,(#7773,#7774),.UNSPECIFIED.,.F.,
  .F.,(2,2),(0.,1.570796326795),.PIECEWISE_BEZIER_KNOTS.);
#7773 = CARTESIAN_POINT('',(0.,0.));
#7774 = CARTESIAN_POINT('',(0.,1.570796326795));
#7775 = ( GEOMETRIC_REPRESENTATION_CONTEXT(2) 
PARAMETRIC_REPRESENTATION_CONTEXT() REPRESENTATION_CONTEXT('2D SPACE',''
  ) );
#7776 = ORIENTED_EDGE('',*,*,#5718,.F.);
#7777 = ADVANCED_FACE('',(#7778),#5809,.F.);
#7778 = FACE_BOUND('',#7779,.T.);
#7779 = EDGE_LOOP('',(#7780,#7802,#7803,#7804));
#7780 = ORIENTED_EDGE('',*,*,#7781,.F.);
#7781 = EDGE_CURVE('',#5772,#7782,#7784,.T.);
#7782 = VERTEX_POINT('',#7783);
#7783 = CARTESIAN_POINT('',(131.2969238162,373.41781475834,81.));
#7784 = SURFACE_CURVE('',#7785,(#7790,#7796),.PCURVE_S1.);
#7785 = CIRCLE('',#7786,0.300000011921);
#7786 = AXIS2_PLACEMENT_3D('',#7787,#7788,#7789);
#7787 = CARTESIAN_POINT('',(131.2969238162,373.41781475834,
    81.300000011921));
#7788 = DIRECTION('',(-0.,1.,0.));
#7789 = DIRECTION('',(1.,0.,0.));
#7790 = PCURVE('',#5809,#7791);
#7791 = DEFINITIONAL_REPRESENTATION('',(#7792),#7795);
#7792 = B_SPLINE_CURVE_WITH_KNOTS('',1,(#7793,#7794),.UNSPECIFIED.,.F.,
  .F.,(2,2),(0.,1.570796326795),.PIECEWISE_BEZIER_KNOTS.);
#7793 = CARTESIAN_POINT('',(0.,0.));
#7794 = CARTESIAN_POINT('',(0.,1.570796326795));
#7795 = ( GEOMETRIC_REPRESENTATION_CONTEXT(2) 
PARAMETRIC_REPRESENTATION_CONTEXT() REPRESENTATION_CONTEXT('2D SPACE',''
  ) );
#7796 = PCURVE('',#5896,#7797);
#7797 = DEFINITIONAL_REPRESENTATION('',(#7798),#7801);
#7798 = B_SPLINE_CURVE_WITH_KNOTS('',1,(#7799,#7800),.UNSPECIFIED.,.F.,
  .F.,(2,2),(0.,1.570796326795),.PIECEWISE_BEZIER_KNOTS.);
#7799 = CARTESIAN_POINT('',(0.,22.362539794966));
#7800 = CARTESIAN_POINT('',(1.570796326795,22.362539794966));
#7801 = ( GEOMETRIC_REPRESENTATION_CONTEXT(2) 
PARAMETRIC_REPRESENTATION_CONTEXT() REPRESENTATION_CONTEXT('2D SPACE',''
  ) );
#7802 = ORIENTED_EDGE('',*,*,#5794,.T.);
#7803 = ORIENTED_EDGE('',*,*,#7707,.T.);
#7804 = ORIENTED_EDGE('',*,*,#7805,.F.);
#7805 = EDGE_CURVE('',#7782,#7708,#7806,.T.);
#7806 = SURFACE_CURVE('',#7807,(#7812,#7819),.PCURVE_S1.);
#7807 = CIRCLE('',#7808,0.520625293255);
#7808 = AXIS2_PLACEMENT_3D('',#7809,#7810,#7811);
#7809 = CARTESIAN_POINT('',(130.77629852294,373.41781475834,81.));
#7810 = DIRECTION('',(0.,0.,1.));
#7811 = DIRECTION('',(1.,0.,-0.));
#7812 = PCURVE('',#5809,#7813);
#7813 = DEFINITIONAL_REPRESENTATION('',(#7814),#7818);
#7814 = LINE('',#7815,#7816);
#7815 = CARTESIAN_POINT('',(-0.,1.570796326795));
#7816 = VECTOR('',#7817,1.);
#7817 = DIRECTION('',(-1.,0.));
#7818 = ( GEOMETRIC_REPRESENTATION_CONTEXT(2) 
PARAMETRIC_REPRESENTATION_CONTEXT() REPRESENTATION_CONTEXT('2D SPACE',''
  ) );
#7819 = PCURVE('',#7745,#7820);
#7820 = DEFINITIONAL_REPRESENTATION('',(#7821),#7825);
#7821 = CIRCLE('',#7822,0.520625293255);
#7822 = AXIS2_PLACEMENT_2D('',#7823,#7824);
#7823 = CARTESIAN_POINT('',(-27.20687103271,11.070311096235));
#7824 = DIRECTION('',(1.,0.));
#7825 = ( GEOMETRIC_REPRESENTATION_CONTEXT(2) 
PARAMETRIC_REPRESENTATION_CONTEXT() REPRESENTATION_CONTEXT('2D SPACE',''
  ) );
#7826 = ADVANCED_FACE('',(#7827),#5844,.F.);
#7827 = FACE_BOUND('',#7828,.T.);
#7828 = EDGE_LOOP('',(#7829,#7830,#7831,#7853));
#7829 = ORIENTED_EDGE('',*,*,#7757,.F.);
#7830 = ORIENTED_EDGE('',*,*,#5827,.T.);
#7831 = ORIENTED_EDGE('',*,*,#7832,.T.);
#7832 = EDGE_CURVE('',#5828,#7833,#7835,.T.);
#7833 = VERTEX_POINT('',#7834);
#7834 = CARTESIAN_POINT('',(131.2969238162,351.05527496337,81.));
#7835 = SURFACE_CURVE('',#7836,(#7841,#7847),.PCURVE_S1.);
#7836 = CIRCLE('',#7837,0.300000011921);
#7837 = AXIS2_PLACEMENT_3D('',#7838,#7839,#7840);
#7838 = CARTESIAN_POINT('',(131.2969238162,351.05527496337,
    81.300000011921));
#7839 = DIRECTION('',(1.224646799147E-16,1.,0.));
#7840 = DIRECTION('',(1.,-1.224646799147E-16,0.));
#7841 = PCURVE('',#5844,#7842);
#7842 = DEFINITIONAL_REPRESENTATION('',(#7843),#7846);
#7843 = B_SPLINE_CURVE_WITH_KNOTS('',1,(#7844,#7845),.UNSPECIFIED.,.F.,
  .F.,(2,2),(0.,1.570796326795),.PIECEWISE_BEZIER_KNOTS.);
#7844 = CARTESIAN_POINT('',(-3.14159265359,0.));
#7845 = CARTESIAN_POINT('',(-3.14159265359,1.570796326795));
#7846 = ( GEOMETRIC_REPRESENTATION_CONTEXT(2) 
PARAMETRIC_REPRESENTATION_CONTEXT() REPRESENTATION_CONTEXT('2D SPACE',''
  ) );
#7847 = PCURVE('',#5896,#7848);
#7848 = DEFINITIONAL_REPRESENTATION('',(#7849),#7852);
#7849 = B_SPLINE_CURVE_WITH_KNOTS('',1,(#7850,#7851),.UNSPECIFIED.,.F.,
  .F.,(2,2),(0.,1.570796326795),.PIECEWISE_BEZIER_KNOTS.);
#7850 = CARTESIAN_POINT('',(0.,0.));
#7851 = CARTESIAN_POINT('',(1.570796326795,0.));
#7852 = ( GEOMETRIC_REPRESENTATION_CONTEXT(2) 
PARAMETRIC_REPRESENTATION_CONTEXT() REPRESENTATION_CONTEXT('2D SPACE',''
  ) );
#7853 = ORIENTED_EDGE('',*,*,#7854,.F.);
#7854 = EDGE_CURVE('',#7730,#7833,#7855,.T.);
#7855 = SURFACE_CURVE('',#7856,(#7861,#7868),.PCURVE_S1.);
#7856 = CIRCLE('',#7857,0.520625293255);
#7857 = AXIS2_PLACEMENT_3D('',#7858,#7859,#7860);
#7858 = CARTESIAN_POINT('',(130.77629852294,351.05527496337,81.));
#7859 = DIRECTION('',(0.,0.,1.));
#7860 = DIRECTION('',(-1.,0.,0.));
#7861 = PCURVE('',#5844,#7862);
#7862 = DEFINITIONAL_REPRESENTATION('',(#7863),#7867);
#7863 = LINE('',#7864,#7865);
#7864 = CARTESIAN_POINT('',(-0.,1.570796326795));
#7865 = VECTOR('',#7866,1.);
#7866 = DIRECTION('',(-1.,0.));
#7867 = ( GEOMETRIC_REPRESENTATION_CONTEXT(2) 
PARAMETRIC_REPRESENTATION_CONTEXT() REPRESENTATION_CONTEXT('2D SPACE',''
  ) );
#7868 = PCURVE('',#7745,#7869);
#7869 = DEFINITIONAL_REPRESENTATION('',(#7870),#7874);
#7870 = CIRCLE('',#7871,0.520625293255);
#7871 = AXIS2_PLACEMENT_2D('',#7872,#7873);
#7872 = CARTESIAN_POINT('',(-27.20687103271,-11.29222869873));
#7873 = DIRECTION('',(-1.,0.));
#7874 = ( GEOMETRIC_REPRESENTATION_CONTEXT(2) 
PARAMETRIC_REPRESENTATION_CONTEXT() REPRESENTATION_CONTEXT('2D SPACE',''
  ) );
#7875 = ADVANCED_FACE('',(#7876),#5896,.F.);
#7876 = FACE_BOUND('',#7877,.F.);
#7877 = EDGE_LOOP('',(#7878,#7879,#7900,#7901));
#7878 = ORIENTED_EDGE('',*,*,#7832,.T.);
#7879 = ORIENTED_EDGE('',*,*,#7880,.T.);
#7880 = EDGE_CURVE('',#7833,#7782,#7881,.T.);
#7881 = SURFACE_CURVE('',#7882,(#7886,#7893),.PCURVE_S1.);
#7882 = LINE('',#7883,#7884);
#7883 = CARTESIAN_POINT('',(131.2969238162,351.05527496337,81.));
#7884 = VECTOR('',#7885,1.);
#7885 = DIRECTION('',(0.,1.,0.));
#7886 = PCURVE('',#5896,#7887);
#7887 = DEFINITIONAL_REPRESENTATION('',(#7888),#7892);
#7888 = LINE('',#7889,#7890);
#7889 = CARTESIAN_POINT('',(1.570796326795,0.));
#7890 = VECTOR('',#7891,1.);
#7891 = DIRECTION('',(0.,1.));
#7892 = ( GEOMETRIC_REPRESENTATION_CONTEXT(2) 
PARAMETRIC_REPRESENTATION_CONTEXT() REPRESENTATION_CONTEXT('2D SPACE',''
  ) );
#7893 = PCURVE('',#7745,#7894);
#7894 = DEFINITIONAL_REPRESENTATION('',(#7895),#7899);
#7895 = LINE('',#7896,#7897);
#7896 = CARTESIAN_POINT('',(-26.68624573946,-11.29222869873));
#7897 = VECTOR('',#7898,1.);
#7898 = DIRECTION('',(0.,1.));
#7899 = ( GEOMETRIC_REPRESENTATION_CONTEXT(2) 
PARAMETRIC_REPRESENTATION_CONTEXT() REPRESENTATION_CONTEXT('2D SPACE',''
  ) );
#7900 = ORIENTED_EDGE('',*,*,#7781,.F.);
#7901 = ORIENTED_EDGE('',*,*,#5882,.F.);
#7902 = ADVANCED_FACE('',(#7903),#5952,.F.);
#7903 = FACE_BOUND('',#7904,.F.);
#7904 = EDGE_LOOP('',(#7905,#7927,#7955,#7975));
#7905 = ORIENTED_EDGE('',*,*,#7906,.T.);
#7906 = EDGE_CURVE('',#5914,#7907,#7909,.T.);
#7907 = VERTEX_POINT('',#7908);
#7908 = CARTESIAN_POINT('',(136.44192200899,373.3582270575,81.));
#7909 = SURFACE_CURVE('',#7910,(#7915,#7921),.PCURVE_S1.);
#7910 = CIRCLE('',#7911,0.300000011921);
#7911 = AXIS2_PLACEMENT_3D('',#7912,#7913,#7914);
#7912 = CARTESIAN_POINT('',(136.44192200899,373.3582270575,
    81.300000011921));
#7913 = DIRECTION('',(0.,-1.,0.));
#7914 = DIRECTION('',(-1.,0.,0.));
#7915 = PCURVE('',#5952,#7916);
#7916 = DEFINITIONAL_REPRESENTATION('',(#7917),#7920);
#7917 = B_SPLINE_CURVE_WITH_KNOTS('',1,(#7918,#7919),.UNSPECIFIED.,.F.,
  .F.,(2,2),(0.,1.570796326795),.PIECEWISE_BEZIER_KNOTS.);
#7918 = CARTESIAN_POINT('',(0.,0.));
#7919 = CARTESIAN_POINT('',(1.570796326795,0.));
#7920 = ( GEOMETRIC_REPRESENTATION_CONTEXT(2) 
PARAMETRIC_REPRESENTATION_CONTEXT() REPRESENTATION_CONTEXT('2D SPACE',''
  ) );
#7921 = PCURVE('',#6027,#7922);
#7922 = DEFINITIONAL_REPRESENTATION('',(#7923),#7926);
#7923 = B_SPLINE_CURVE_WITH_KNOTS('',1,(#7924,#7925),.UNSPECIFIED.,.F.,
  .F.,(2,2),(0.,1.570796326795),.PIECEWISE_BEZIER_KNOTS.);
#7924 = CARTESIAN_POINT('',(-3.14159265359,0.));
#7925 = CARTESIAN_POINT('',(-3.14159265359,1.570796326795));
#7926 = ( GEOMETRIC_REPRESENTATION_CONTEXT(2) 
PARAMETRIC_REPRESENTATION_CONTEXT() REPRESENTATION_CONTEXT('2D SPACE',''
  ) );
#7927 = ORIENTED_EDGE('',*,*,#7928,.T.);
#7928 = EDGE_CURVE('',#7907,#7929,#7931,.T.);
#7929 = VERTEX_POINT('',#7930);
#7930 = CARTESIAN_POINT('',(136.44192200899,351.23734283447,81.));
#7931 = SURFACE_CURVE('',#7932,(#7936,#7943),.PCURVE_S1.);
#7932 = LINE('',#7933,#7934);
#7933 = CARTESIAN_POINT('',(136.44192200899,373.3582270575,81.));
#7934 = VECTOR('',#7935,1.);
#7935 = DIRECTION('',(0.,-1.,0.));
#7936 = PCURVE('',#5952,#7937);
#7937 = DEFINITIONAL_REPRESENTATION('',(#7938),#7942);
#7938 = LINE('',#7939,#7940);
#7939 = CARTESIAN_POINT('',(1.570796326795,0.));
#7940 = VECTOR('',#7941,1.);
#7941 = DIRECTION('',(0.,1.));
#7942 = ( GEOMETRIC_REPRESENTATION_CONTEXT(2) 
PARAMETRIC_REPRESENTATION_CONTEXT() REPRESENTATION_CONTEXT('2D SPACE',''
  ) );
#7943 = PCURVE('',#7944,#7949);
#7944 = PLANE('',#7945);
#7945 = AXIS2_PLACEMENT_3D('',#7946,#7947,#7948);
#7946 = CARTESIAN_POINT('',(157.98316955566,362.3475036621,81.));
#7947 = DIRECTION('',(0.,0.,1.));
#7948 = DIRECTION('',(1.,0.,0.));
#7949 = DEFINITIONAL_REPRESENTATION('',(#7950),#7954);
#7950 = LINE('',#7951,#7952);
#7951 = CARTESIAN_POINT('',(-21.54124754667,11.010723395399));
#7952 = VECTOR('',#7953,1.);
#7953 = DIRECTION('',(0.,-1.));
#7954 = ( GEOMETRIC_REPRESENTATION_CONTEXT(2) 
PARAMETRIC_REPRESENTATION_CONTEXT() REPRESENTATION_CONTEXT('2D SPACE',''
  ) );
#7955 = ORIENTED_EDGE('',*,*,#7956,.F.);
#7956 = EDGE_CURVE('',#5937,#7929,#7957,.T.);
#7957 = SURFACE_CURVE('',#7958,(#7963,#7969),.PCURVE_S1.);
#7958 = CIRCLE('',#7959,0.300000011921);
#7959 = AXIS2_PLACEMENT_3D('',#7960,#7961,#7962);
#7960 = CARTESIAN_POINT('',(136.44192200899,351.23734283447,
    81.300000011921));
#7961 = DIRECTION('',(0.,-1.,0.));
#7962 = DIRECTION('',(-1.,0.,0.));
#7963 = PCURVE('',#5952,#7964);
#7964 = DEFINITIONAL_REPRESENTATION('',(#7965),#7968);
#7965 = B_SPLINE_CURVE_WITH_KNOTS('',1,(#7966,#7967),.UNSPECIFIED.,.F.,
  .F.,(2,2),(0.,1.570796326795),.PIECEWISE_BEZIER_KNOTS.);
#7966 = CARTESIAN_POINT('',(0.,22.120884223036));
#7967 = CARTESIAN_POINT('',(1.570796326795,22.120884223036));
#7968 = ( GEOMETRIC_REPRESENTATION_CONTEXT(2) 
PARAMETRIC_REPRESENTATION_CONTEXT() REPRESENTATION_CONTEXT('2D SPACE',''
  ) );
#7969 = PCURVE('',#6062,#7970);
#7970 = DEFINITIONAL_REPRESENTATION('',(#7971),#7974);
#7971 = B_SPLINE_CURVE_WITH_KNOTS('',1,(#7972,#7973),.UNSPECIFIED.,.F.,
  .F.,(2,2),(0.,1.570796326795),.PIECEWISE_BEZIER_KNOTS.);
#7972 = CARTESIAN_POINT('',(0.,0.));
#7973 = CARTESIAN_POINT('',(0.,1.570796326795));
#7974 = ( GEOMETRIC_REPRESENTATION_CONTEXT(2) 
PARAMETRIC_REPRESENTATION_CONTEXT() REPRESENTATION_CONTEXT('2D SPACE',''
  ) );
#7975 = ORIENTED_EDGE('',*,*,#5936,.F.);
#7976 = ADVANCED_FACE('',(#7977),#6027,.F.);
#7977 = FACE_BOUND('',#7978,.T.);
#7978 = EDGE_LOOP('',(#7979,#8001,#8002,#8003));
#7979 = ORIENTED_EDGE('',*,*,#7980,.F.);
#7980 = EDGE_CURVE('',#5990,#7981,#7983,.T.);
#7981 = VERTEX_POINT('',#7982);
#7982 = CARTESIAN_POINT('',(137.4831725955,373.3582270575,81.));
#7983 = SURFACE_CURVE('',#7984,(#7989,#7995),.PCURVE_S1.);
#7984 = CIRCLE('',#7985,0.300000011921);
#7985 = AXIS2_PLACEMENT_3D('',#7986,#7987,#7988);
#7986 = CARTESIAN_POINT('',(137.4831725955,373.3582270575,
    81.300000011921));
#7987 = DIRECTION('',(-0.,1.,0.));
#7988 = DIRECTION('',(1.,0.,0.));
#7989 = PCURVE('',#6027,#7990);
#7990 = DEFINITIONAL_REPRESENTATION('',(#7991),#7994);
#7991 = B_SPLINE_CURVE_WITH_KNOTS('',1,(#7992,#7993),.UNSPECIFIED.,.F.,
  .F.,(2,2),(0.,1.570796326795),.PIECEWISE_BEZIER_KNOTS.);
#7992 = CARTESIAN_POINT('',(0.,0.));
#7993 = CARTESIAN_POINT('',(0.,1.570796326795));
#7994 = ( GEOMETRIC_REPRESENTATION_CONTEXT(2) 
PARAMETRIC_REPRESENTATION_CONTEXT() REPRESENTATION_CONTEXT('2D SPACE',''
  ) );
#7995 = PCURVE('',#6114,#7996);
#7996 = DEFINITIONAL_REPRESENTATION('',(#7997),#8000);
#7997 = B_SPLINE_CURVE_WITH_KNOTS('',1,(#7998,#7999),.UNSPECIFIED.,.F.,
  .F.,(2,2),(0.,1.570796326795),.PIECEWISE_BEZIER_KNOTS.);
#7998 = CARTESIAN_POINT('',(0.,22.120884223036));
#7999 = CARTESIAN_POINT('',(1.570796326795,22.120884223036));
#8000 = ( GEOMETRIC_REPRESENTATION_CONTEXT(2) 
PARAMETRIC_REPRESENTATION_CONTEXT() REPRESENTATION_CONTEXT('2D SPACE',''
  ) );
#8001 = ORIENTED_EDGE('',*,*,#6012,.T.);
#8002 = ORIENTED_EDGE('',*,*,#7906,.T.);
#8003 = ORIENTED_EDGE('',*,*,#8004,.F.);
#8004 = EDGE_CURVE('',#7981,#7907,#8005,.T.);
#8005 = SURFACE_CURVE('',#8006,(#8011,#8018),.PCURVE_S1.);
#8006 = CIRCLE('',#8007,0.520625293255);
#8007 = AXIS2_PLACEMENT_3D('',#8008,#8009,#8010);
#8008 = CARTESIAN_POINT('',(136.96254730224,373.3582270575,81.));
#8009 = DIRECTION('',(0.,0.,1.));
#8010 = DIRECTION('',(1.,0.,-0.));
#8011 = PCURVE('',#6027,#8012);
#8012 = DEFINITIONAL_REPRESENTATION('',(#8013),#8017);
#8013 = LINE('',#8014,#8015);
#8014 = CARTESIAN_POINT('',(-0.,1.570796326795));
#8015 = VECTOR('',#8016,1.);
#8016 = DIRECTION('',(-1.,0.));
#8017 = ( GEOMETRIC_REPRESENTATION_CONTEXT(2) 
PARAMETRIC_REPRESENTATION_CONTEXT() REPRESENTATION_CONTEXT('2D SPACE',''
  ) );
#8018 = PCURVE('',#7944,#8019);
#8019 = DEFINITIONAL_REPRESENTATION('',(#8020),#8024);
#8020 = CIRCLE('',#8021,0.520625293255);
#8021 = AXIS2_PLACEMENT_2D('',#8022,#8023);
#8022 = CARTESIAN_POINT('',(-21.02062225341,11.010723395399));
#8023 = DIRECTION('',(1.,0.));
#8024 = ( GEOMETRIC_REPRESENTATION_CONTEXT(2) 
PARAMETRIC_REPRESENTATION_CONTEXT() REPRESENTATION_CONTEXT('2D SPACE',''
  ) );
#8025 = ADVANCED_FACE('',(#8026),#6062,.F.);
#8026 = FACE_BOUND('',#8027,.T.);
#8027 = EDGE_LOOP('',(#8028,#8029,#8030,#8052));
#8028 = ORIENTED_EDGE('',*,*,#7956,.F.);
#8029 = ORIENTED_EDGE('',*,*,#6045,.T.);
#8030 = ORIENTED_EDGE('',*,*,#8031,.T.);
#8031 = EDGE_CURVE('',#6046,#8032,#8034,.T.);
#8032 = VERTEX_POINT('',#8033);
#8033 = CARTESIAN_POINT('',(137.4831725955,351.23734283447,81.));
#8034 = SURFACE_CURVE('',#8035,(#8040,#8046),.PCURVE_S1.);
#8035 = CIRCLE('',#8036,0.300000011921);
#8036 = AXIS2_PLACEMENT_3D('',#8037,#8038,#8039);
#8037 = CARTESIAN_POINT('',(137.4831725955,351.23734283447,
    81.300000011921));
#8038 = DIRECTION('',(1.224646799147E-16,1.,0.));
#8039 = DIRECTION('',(1.,-1.224646799147E-16,0.));
#8040 = PCURVE('',#6062,#8041);
#8041 = DEFINITIONAL_REPRESENTATION('',(#8042),#8045);
#8042 = B_SPLINE_CURVE_WITH_KNOTS('',1,(#8043,#8044),.UNSPECIFIED.,.F.,
  .F.,(2,2),(0.,1.570796326795),.PIECEWISE_BEZIER_KNOTS.);
#8043 = CARTESIAN_POINT('',(-3.14159265359,0.));
#8044 = CARTESIAN_POINT('',(-3.14159265359,1.570796326795));
#8045 = ( GEOMETRIC_REPRESENTATION_CONTEXT(2) 
PARAMETRIC_REPRESENTATION_CONTEXT() REPRESENTATION_CONTEXT('2D SPACE',''
  ) );
#8046 = PCURVE('',#6114,#8047);
#8047 = DEFINITIONAL_REPRESENTATION('',(#8048),#8051);
#8048 = B_SPLINE_CURVE_WITH_KNOTS('',1,(#8049,#8050),.UNSPECIFIED.,.F.,
  .F.,(2,2),(0.,1.570796326795),.PIECEWISE_BEZIER_KNOTS.);
#8049 = CARTESIAN_POINT('',(0.,0.));
#8050 = CARTESIAN_POINT('',(1.570796326795,0.));
#8051 = ( GEOMETRIC_REPRESENTATION_CONTEXT(2) 
PARAMETRIC_REPRESENTATION_CONTEXT() REPRESENTATION_CONTEXT('2D SPACE',''
  ) );
#8052 = ORIENTED_EDGE('',*,*,#8053,.F.);
#8053 = EDGE_CURVE('',#7929,#8032,#8054,.T.);
#8054 = SURFACE_CURVE('',#8055,(#8060,#8067),.PCURVE_S1.);
#8055 = CIRCLE('',#8056,0.520625293255);
#8056 = AXIS2_PLACEMENT_3D('',#8057,#8058,#8059);
#8057 = CARTESIAN_POINT('',(136.96254730224,351.23734283447,81.));
#8058 = DIRECTION('',(0.,0.,1.));
#8059 = DIRECTION('',(-1.,0.,0.));
#8060 = PCURVE('',#6062,#8061);
#8061 = DEFINITIONAL_REPRESENTATION('',(#8062),#8066);
#8062 = LINE('',#8063,#8064);
#8063 = CARTESIAN_POINT('',(-0.,1.570796326795));
#8064 = VECTOR('',#8065,1.);
#8065 = DIRECTION('',(-1.,0.));
#8066 = ( GEOMETRIC_REPRESENTATION_CONTEXT(2) 
PARAMETRIC_REPRESENTATION_CONTEXT() REPRESENTATION_CONTEXT('2D SPACE',''
  ) );
#8067 = PCURVE('',#7944,#8068);
#8068 = DEFINITIONAL_REPRESENTATION('',(#8069),#8073);
#8069 = CIRCLE('',#8070,0.520625293255);
#8070 = AXIS2_PLACEMENT_2D('',#8071,#8072);
#8071 = CARTESIAN_POINT('',(-21.02062225341,-11.11016082763));
#8072 = DIRECTION('',(-1.,0.));
#8073 = ( GEOMETRIC_REPRESENTATION_CONTEXT(2) 
PARAMETRIC_REPRESENTATION_CONTEXT() REPRESENTATION_CONTEXT('2D SPACE',''
  ) );
#8074 = ADVANCED_FACE('',(#8075),#6114,.F.);
#8075 = FACE_BOUND('',#8076,.F.);
#8076 = EDGE_LOOP('',(#8077,#8078,#8099,#8100));
#8077 = ORIENTED_EDGE('',*,*,#8031,.T.);
#8078 = ORIENTED_EDGE('',*,*,#8079,.T.);
#8079 = EDGE_CURVE('',#8032,#7981,#8080,.T.);
#8080 = SURFACE_CURVE('',#8081,(#8085,#8092),.PCURVE_S1.);
#8081 = LINE('',#8082,#8083);
#8082 = CARTESIAN_POINT('',(137.4831725955,351.23734283447,81.));
#8083 = VECTOR('',#8084,1.);
#8084 = DIRECTION('',(0.,1.,0.));
#8085 = PCURVE('',#6114,#8086);
#8086 = DEFINITIONAL_REPRESENTATION('',(#8087),#8091);
#8087 = LINE('',#8088,#8089);
#8088 = CARTESIAN_POINT('',(1.570796326795,0.));
#8089 = VECTOR('',#8090,1.);
#8090 = DIRECTION('',(0.,1.));
#8091 = ( GEOMETRIC_REPRESENTATION_CONTEXT(2) 
PARAMETRIC_REPRESENTATION_CONTEXT() REPRESENTATION_CONTEXT('2D SPACE',''
  ) );
#8092 = PCURVE('',#7944,#8093);
#8093 = DEFINITIONAL_REPRESENTATION('',(#8094),#8098);
#8094 = LINE('',#8095,#8096);
#8095 = CARTESIAN_POINT('',(-20.49999696016,-11.11016082763));
#8096 = VECTOR('',#8097,1.);
#8097 = DIRECTION('',(0.,1.));
#8098 = ( GEOMETRIC_REPRESENTATION_CONTEXT(2) 
PARAMETRIC_REPRESENTATION_CONTEXT() REPRESENTATION_CONTEXT('2D SPACE',''
  ) );
#8099 = ORIENTED_EDGE('',*,*,#7980,.F.);
#8100 = ORIENTED_EDGE('',*,*,#6100,.F.);
#8101 = ADVANCED_FACE('',(#8102),#6170,.F.);
#8102 = FACE_BOUND('',#8103,.F.);
#8103 = EDGE_LOOP('',(#8104,#8126,#8154,#8174));
#8104 = ORIENTED_EDGE('',*,*,#8105,.T.);
#8105 = EDGE_CURVE('',#6132,#8106,#8108,.T.);
#8106 = VERTEX_POINT('',#8107);
#8107 = CARTESIAN_POINT('',(143.38613922453,373.29461555986,81.));
#8108 = SURFACE_CURVE('',#8109,(#8114,#8120),.PCURVE_S1.);
#8109 = CIRCLE('',#8110,0.300000011921);
#8110 = AXIS2_PLACEMENT_3D('',#8111,#8112,#8113);
#8111 = CARTESIAN_POINT('',(143.38613922453,373.29461555986,
    81.300000011921));
#8112 = DIRECTION('',(0.,-1.,0.));
#8113 = DIRECTION('',(-1.,0.,0.));
#8114 = PCURVE('',#6170,#8115);
#8115 = DEFINITIONAL_REPRESENTATION('',(#8116),#8119);
#8116 = B_SPLINE_CURVE_WITH_KNOTS('',1,(#8117,#8118),.UNSPECIFIED.,.F.,
  .F.,(2,2),(0.,1.570796326795),.PIECEWISE_BEZIER_KNOTS.);
#8117 = CARTESIAN_POINT('',(0.,0.));
#8118 = CARTESIAN_POINT('',(1.570796326795,0.));
#8119 = ( GEOMETRIC_REPRESENTATION_CONTEXT(2) 
PARAMETRIC_REPRESENTATION_CONTEXT() REPRESENTATION_CONTEXT('2D SPACE',''
  ) );
#8120 = PCURVE('',#6245,#8121);
#8121 = DEFINITIONAL_REPRESENTATION('',(#8122),#8125);
#8122 = B_SPLINE_CURVE_WITH_KNOTS('',1,(#8123,#8124),.UNSPECIFIED.,.F.,
  .F.,(2,2),(0.,1.570796326795),.PIECEWISE_BEZIER_KNOTS.);
#8123 = CARTESIAN_POINT('',(-3.14159265359,0.));
#8124 = CARTESIAN_POINT('',(-3.14159265359,1.570796326795));
#8125 = ( GEOMETRIC_REPRESENTATION_CONTEXT(2) 
PARAMETRIC_REPRESENTATION_CONTEXT() REPRESENTATION_CONTEXT('2D SPACE',''
  ) );
#8126 = ORIENTED_EDGE('',*,*,#8127,.T.);
#8127 = EDGE_CURVE('',#8106,#8128,#8130,.T.);
#8128 = VERTEX_POINT('',#8129);
#8129 = CARTESIAN_POINT('',(143.38613922453,350.94598324557,81.));
#8130 = SURFACE_CURVE('',#8131,(#8135,#8142),.PCURVE_S1.);
#8131 = LINE('',#8132,#8133);
#8132 = CARTESIAN_POINT('',(143.38613922453,373.29461555986,81.));
#8133 = VECTOR('',#8134,1.);
#8134 = DIRECTION('',(0.,-1.,0.));
#8135 = PCURVE('',#6170,#8136);
#8136 = DEFINITIONAL_REPRESENTATION('',(#8137),#8141);
#8137 = LINE('',#8138,#8139);
#8138 = CARTESIAN_POINT('',(1.570796326795,0.));
#8139 = VECTOR('',#8140,1.);
#8140 = DIRECTION('',(0.,1.));
#8141 = ( GEOMETRIC_REPRESENTATION_CONTEXT(2) 
PARAMETRIC_REPRESENTATION_CONTEXT() REPRESENTATION_CONTEXT('2D SPACE',''
  ) );
#8142 = PCURVE('',#8143,#8148);
#8143 = PLANE('',#8144);
#8144 = AXIS2_PLACEMENT_3D('',#8145,#8146,#8147);
#8145 = CARTESIAN_POINT('',(157.98316955566,362.3475036621,81.));
#8146 = DIRECTION('',(0.,0.,1.));
#8147 = DIRECTION('',(1.,0.,0.));
#8148 = DEFINITIONAL_REPRESENTATION('',(#8149),#8153);
#8149 = LINE('',#8150,#8151);
#8150 = CARTESIAN_POINT('',(-14.59703033112,10.947111897754));
#8151 = VECTOR('',#8152,1.);
#8152 = DIRECTION('',(0.,-1.));
#8153 = ( GEOMETRIC_REPRESENTATION_CONTEXT(2) 
PARAMETRIC_REPRESENTATION_CONTEXT() REPRESENTATION_CONTEXT('2D SPACE',''
  ) );
#8154 = ORIENTED_EDGE('',*,*,#8155,.F.);
#8155 = EDGE_CURVE('',#6155,#8128,#8156,.T.);
#8156 = SURFACE_CURVE('',#8157,(#8162,#8168),.PCURVE_S1.);
#8157 = CIRCLE('',#8158,0.300000011921);
#8158 = AXIS2_PLACEMENT_3D('',#8159,#8160,#8161);
#8159 = CARTESIAN_POINT('',(143.38613922453,350.94598324557,
    81.300000011921));
#8160 = DIRECTION('',(0.,-1.,0.));
#8161 = DIRECTION('',(-1.,0.,0.));
#8162 = PCURVE('',#6170,#8163);
#8163 = DEFINITIONAL_REPRESENTATION('',(#8164),#8167);
#8164 = B_SPLINE_CURVE_WITH_KNOTS('',1,(#8165,#8166),.UNSPECIFIED.,.F.,
  .F.,(2,2),(0.,1.570796326795),.PIECEWISE_BEZIER_KNOTS.);
#8165 = CARTESIAN_POINT('',(0.,22.348632314292));
#8166 = CARTESIAN_POINT('',(1.570796326795,22.348632314292));
#8167 = ( GEOMETRIC_REPRESENTATION_CONTEXT(2) 
PARAMETRIC_REPRESENTATION_CONTEXT() REPRESENTATION_CONTEXT('2D SPACE',''
  ) );
#8168 = PCURVE('',#6280,#8169);
#8169 = DEFINITIONAL_REPRESENTATION('',(#8170),#8173);
#8170 = B_SPLINE_CURVE_WITH_KNOTS('',1,(#8171,#8172),.UNSPECIFIED.,.F.,
  .F.,(2,2),(0.,1.570796326795),.PIECEWISE_BEZIER_KNOTS.);
#8171 = CARTESIAN_POINT('',(0.,0.));
#8172 = CARTESIAN_POINT('',(0.,1.570796326795));
#8173 = ( GEOMETRIC_REPRESENTATION_CONTEXT(2) 
PARAMETRIC_REPRESENTATION_CONTEXT() REPRESENTATION_CONTEXT('2D SPACE',''
  ) );
#8174 = ORIENTED_EDGE('',*,*,#6154,.F.);
#8175 = ADVANCED_FACE('',(#8176),#6245,.F.);
#8176 = FACE_BOUND('',#8177,.T.);
#8177 = EDGE_LOOP('',(#8178,#8200,#8201,#8202));
#8178 = ORIENTED_EDGE('',*,*,#8179,.F.);
#8179 = EDGE_CURVE('',#6208,#8180,#8182,.T.);
#8180 = VERTEX_POINT('',#8181);
#8181 = CARTESIAN_POINT('',(144.42691344022,373.29461555986,81.));
#8182 = SURFACE_CURVE('',#8183,(#8188,#8194),.PCURVE_S1.);
#8183 = CIRCLE('',#8184,0.300000011921);
#8184 = AXIS2_PLACEMENT_3D('',#8185,#8186,#8187);
#8185 = CARTESIAN_POINT('',(144.42691344022,373.29461555986,
    81.300000011921));
#8186 = DIRECTION('',(-0.,1.,0.));
#8187 = DIRECTION('',(1.,0.,0.));
#8188 = PCURVE('',#6245,#8189);
#8189 = DEFINITIONAL_REPRESENTATION('',(#8190),#8193);
#8190 = B_SPLINE_CURVE_WITH_KNOTS('',1,(#8191,#8192),.UNSPECIFIED.,.F.,
  .F.,(2,2),(0.,1.570796326795),.PIECEWISE_BEZIER_KNOTS.);
#8191 = CARTESIAN_POINT('',(0.,0.));
#8192 = CARTESIAN_POINT('',(0.,1.570796326795));
#8193 = ( GEOMETRIC_REPRESENTATION_CONTEXT(2) 
PARAMETRIC_REPRESENTATION_CONTEXT() REPRESENTATION_CONTEXT('2D SPACE',''
  ) );
#8194 = PCURVE('',#6332,#8195);
#8195 = DEFINITIONAL_REPRESENTATION('',(#8196),#8199);
#8196 = B_SPLINE_CURVE_WITH_KNOTS('',1,(#8197,#8198),.UNSPECIFIED.,.F.,
  .F.,(2,2),(0.,1.570796326795),.PIECEWISE_BEZIER_KNOTS.);
#8197 = CARTESIAN_POINT('',(0.,22.348632314292));
#8198 = CARTESIAN_POINT('',(1.570796326795,22.348632314292));
#8199 = ( GEOMETRIC_REPRESENTATION_CONTEXT(2) 
PARAMETRIC_REPRESENTATION_CONTEXT() REPRESENTATION_CONTEXT('2D SPACE',''
  ) );
#8200 = ORIENTED_EDGE('',*,*,#6230,.T.);
#8201 = ORIENTED_EDGE('',*,*,#8105,.T.);
#8202 = ORIENTED_EDGE('',*,*,#8203,.F.);
#8203 = EDGE_CURVE('',#8180,#8106,#8204,.T.);
#8204 = SURFACE_CURVE('',#8205,(#8210,#8217),.PCURVE_S1.);
#8205 = CIRCLE('',#8206,0.520387107845);
#8206 = AXIS2_PLACEMENT_3D('',#8207,#8208,#8209);
#8207 = CARTESIAN_POINT('',(143.90652633238,373.29461555986,81.));
#8208 = DIRECTION('',(0.,0.,1.));
#8209 = DIRECTION('',(1.,0.,-0.));
#8210 = PCURVE('',#6245,#8211);
#8211 = DEFINITIONAL_REPRESENTATION('',(#8212),#8216);
#8212 = LINE('',#8213,#8214);
#8213 = CARTESIAN_POINT('',(-0.,1.570796326795));
#8214 = VECTOR('',#8215,1.);
#8215 = DIRECTION('',(-1.,0.));
#8216 = ( GEOMETRIC_REPRESENTATION_CONTEXT(2) 
PARAMETRIC_REPRESENTATION_CONTEXT() REPRESENTATION_CONTEXT('2D SPACE',''
  ) );
#8217 = PCURVE('',#8143,#8218);
#8218 = DEFINITIONAL_REPRESENTATION('',(#8219),#8223);
#8219 = CIRCLE('',#8220,0.520387107845);
#8220 = AXIS2_PLACEMENT_2D('',#8221,#8222);
#8221 = CARTESIAN_POINT('',(-14.07664322328,10.947111897754));
#8222 = DIRECTION('',(1.,0.));
#8223 = ( GEOMETRIC_REPRESENTATION_CONTEXT(2) 
PARAMETRIC_REPRESENTATION_CONTEXT() REPRESENTATION_CONTEXT('2D SPACE',''
  ) );
#8224 = ADVANCED_FACE('',(#8225),#6280,.F.);
#8225 = FACE_BOUND('',#8226,.T.);
#8226 = EDGE_LOOP('',(#8227,#8228,#8229,#8251));
#8227 = ORIENTED_EDGE('',*,*,#8155,.F.);
#8228 = ORIENTED_EDGE('',*,*,#6263,.T.);
#8229 = ORIENTED_EDGE('',*,*,#8230,.T.);
#8230 = EDGE_CURVE('',#6264,#8231,#8233,.T.);
#8231 = VERTEX_POINT('',#8232);
#8232 = CARTESIAN_POINT('',(144.42691344022,350.94598324557,81.));
#8233 = SURFACE_CURVE('',#8234,(#8239,#8245),.PCURVE_S1.);
#8234 = CIRCLE('',#8235,0.300000011921);
#8235 = AXIS2_PLACEMENT_3D('',#8236,#8237,#8238);
#8236 = CARTESIAN_POINT('',(144.42691344022,350.94598324557,
    81.300000011921));
#8237 = DIRECTION('',(1.224646799147E-16,1.,0.));
#8238 = DIRECTION('',(1.,-1.224646799147E-16,0.));
#8239 = PCURVE('',#6280,#8240);
#8240 = DEFINITIONAL_REPRESENTATION('',(#8241),#8244);
#8241 = B_SPLINE_CURVE_WITH_KNOTS('',1,(#8242,#8243),.UNSPECIFIED.,.F.,
  .F.,(2,2),(0.,1.570796326795),.PIECEWISE_BEZIER_KNOTS.);
#8242 = CARTESIAN_POINT('',(-3.14159265359,0.));
#8243 = CARTESIAN_POINT('',(-3.14159265359,1.570796326795));
#8244 = ( GEOMETRIC_REPRESENTATION_CONTEXT(2) 
PARAMETRIC_REPRESENTATION_CONTEXT() REPRESENTATION_CONTEXT('2D SPACE',''
  ) );
#8245 = PCURVE('',#6332,#8246);
#8246 = DEFINITIONAL_REPRESENTATION('',(#8247),#8250);
#8247 = B_SPLINE_CURVE_WITH_KNOTS('',1,(#8248,#8249),.UNSPECIFIED.,.F.,
  .F.,(2,2),(0.,1.570796326795),.PIECEWISE_BEZIER_KNOTS.);
#8248 = CARTESIAN_POINT('',(0.,0.));
#8249 = CARTESIAN_POINT('',(1.570796326795,0.));
#8250 = ( GEOMETRIC_REPRESENTATION_CONTEXT(2) 
PARAMETRIC_REPRESENTATION_CONTEXT() REPRESENTATION_CONTEXT('2D SPACE',''
  ) );
#8251 = ORIENTED_EDGE('',*,*,#8252,.F.);
#8252 = EDGE_CURVE('',#8128,#8231,#8253,.T.);
#8253 = SURFACE_CURVE('',#8254,(#8259,#8266),.PCURVE_S1.);
#8254 = CIRCLE('',#8255,0.520387107845);
#8255 = AXIS2_PLACEMENT_3D('',#8256,#8257,#8258);
#8256 = CARTESIAN_POINT('',(143.90652633238,350.94598324557,81.));
#8257 = DIRECTION('',(0.,0.,1.));
#8258 = DIRECTION('',(-1.,0.,0.));
#8259 = PCURVE('',#6280,#8260);
#8260 = DEFINITIONAL_REPRESENTATION('',(#8261),#8265);
#8261 = LINE('',#8262,#8263);
#8262 = CARTESIAN_POINT('',(-0.,1.570796326795));
#8263 = VECTOR('',#8264,1.);
#8264 = DIRECTION('',(-1.,0.));
#8265 = ( GEOMETRIC_REPRESENTATION_CONTEXT(2) 
PARAMETRIC_REPRESENTATION_CONTEXT() REPRESENTATION_CONTEXT('2D SPACE',''
  ) );
#8266 = PCURVE('',#8143,#8267);
#8267 = DEFINITIONAL_REPRESENTATION('',(#8268),#8272);
#8268 = CIRCLE('',#8269,0.520387107845);
#8269 = AXIS2_PLACEMENT_2D('',#8270,#8271);
#8270 = CARTESIAN_POINT('',(-14.07664322328,-11.40152041653));
#8271 = DIRECTION('',(-1.,0.));
#8272 = ( GEOMETRIC_REPRESENTATION_CONTEXT(2) 
PARAMETRIC_REPRESENTATION_CONTEXT() REPRESENTATION_CONTEXT('2D SPACE',''
  ) );
#8273 = ADVANCED_FACE('',(#8274),#6332,.F.);
#8274 = FACE_BOUND('',#8275,.F.);
#8275 = EDGE_LOOP('',(#8276,#8277,#8298,#8299));
#8276 = ORIENTED_EDGE('',*,*,#8230,.T.);
#8277 = ORIENTED_EDGE('',*,*,#8278,.T.);
#8278 = EDGE_CURVE('',#8231,#8180,#8279,.T.);
#8279 = SURFACE_CURVE('',#8280,(#8284,#8291),.PCURVE_S1.);
#8280 = LINE('',#8281,#8282);
#8281 = CARTESIAN_POINT('',(144.42691344022,350.94598324557,81.));
#8282 = VECTOR('',#8283,1.);
#8283 = DIRECTION('',(0.,1.,0.));
#8284 = PCURVE('',#6332,#8285);
#8285 = DEFINITIONAL_REPRESENTATION('',(#8286),#8290);
#8286 = LINE('',#8287,#8288);
#8287 = CARTESIAN_POINT('',(1.570796326795,0.));
#8288 = VECTOR('',#8289,1.);
#8289 = DIRECTION('',(0.,1.));
#8290 = ( GEOMETRIC_REPRESENTATION_CONTEXT(2) 
PARAMETRIC_REPRESENTATION_CONTEXT() REPRESENTATION_CONTEXT('2D SPACE',''
  ) );
#8291 = PCURVE('',#8143,#8292);
#8292 = DEFINITIONAL_REPRESENTATION('',(#8293),#8297);
#8293 = LINE('',#8294,#8295);
#8294 = CARTESIAN_POINT('',(-13.55625611543,-11.40152041653));
#8295 = VECTOR('',#8296,1.);
#8296 = DIRECTION('',(0.,1.));
#8297 = ( GEOMETRIC_REPRESENTATION_CONTEXT(2) 
PARAMETRIC_REPRESENTATION_CONTEXT() REPRESENTATION_CONTEXT('2D SPACE',''
  ) );
#8298 = ORIENTED_EDGE('',*,*,#8179,.F.);
#8299 = ORIENTED_EDGE('',*,*,#6318,.F.);
#8300 = ADVANCED_FACE('',(#8301),#6387,.T.);
#8301 = FACE_BOUND('',#8302,.T.);
#8302 = EDGE_LOOP('',(#8303,#8304,#8305,#8306));
#8303 = ORIENTED_EDGE('',*,*,#6371,.T.);
#8304 = ORIENTED_EDGE('',*,*,#6496,.T.);
#8305 = ORIENTED_EDGE('',*,*,#6522,.T.);
#8306 = ORIENTED_EDGE('',*,*,#6447,.T.);
#8307 = ADVANCED_FACE('',(#8308,#8339),#6586,.T.);
#8308 = FACE_BOUND('',#8309,.T.);
#8309 = EDGE_LOOP('',(#8310));
#8310 = ORIENTED_EDGE('',*,*,#8311,.F.);
#8311 = EDGE_CURVE('',#8312,#8312,#8314,.T.);
#8312 = VERTEX_POINT('',#8313);
#8313 = CARTESIAN_POINT('',(177.12037562814,362.97465461249,61.));
#8314 = SURFACE_CURVE('',#8315,(#8320,#8327),.PCURVE_S1.);
#8315 = CIRCLE('',#8316,2.413161703981);
#8316 = AXIS2_PLACEMENT_3D('',#8317,#8318,#8319);
#8317 = CARTESIAN_POINT('',(174.70721392416,362.97465461249,61.));
#8318 = DIRECTION('',(0.,0.,1.));
#8319 = DIRECTION('',(1.,0.,-0.));
#8320 = PCURVE('',#6586,#8321);
#8321 = DEFINITIONAL_REPRESENTATION('',(#8322),#8326);
#8322 = CIRCLE('',#8323,2.413161703981);
#8323 = AXIS2_PLACEMENT_2D('',#8324,#8325);
#8324 = CARTESIAN_POINT('',(16.724044368499,0.627150950382));
#8325 = DIRECTION('',(1.,0.));
#8326 = ( GEOMETRIC_REPRESENTATION_CONTEXT(2) 
PARAMETRIC_REPRESENTATION_CONTEXT() REPRESENTATION_CONTEXT('2D SPACE',''
  ) );
#8327 = PCURVE('',#8328,#8333);
#8328 = TOROIDAL_SURFACE('',#8329,2.413161703981,0.5);
#8329 = AXIS2_PLACEMENT_3D('',#8330,#8331,#8332);
#8330 = CARTESIAN_POINT('',(174.70721392416,362.97465461249,60.5));
#8331 = DIRECTION('',(0.,0.,1.));
#8332 = DIRECTION('',(1.,0.,-0.));
#8333 = DEFINITIONAL_REPRESENTATION('',(#8334),#8338);
#8334 = LINE('',#8335,#8336);
#8335 = CARTESIAN_POINT('',(0.,1.570796326795));
#8336 = VECTOR('',#8337,1.);
#8337 = DIRECTION('',(1.,0.));
#8338 = ( GEOMETRIC_REPRESENTATION_CONTEXT(2) 
PARAMETRIC_REPRESENTATION_CONTEXT() REPRESENTATION_CONTEXT('2D SPACE',''
  ) );
#8339 = FACE_BOUND('',#8340,.T.);
#8340 = EDGE_LOOP('',(#8341,#8342,#8343,#8344,#8345,#8346,#8347,#8348));
#8341 = ORIENTED_EDGE('',*,*,#6695,.T.);
#8342 = ORIENTED_EDGE('',*,*,#6570,.T.);
#8343 = ORIENTED_EDGE('',*,*,#6646,.T.);
#8344 = ORIENTED_EDGE('',*,*,#6721,.T.);
#8345 = ORIENTED_EDGE('',*,*,#6840,.T.);
#8346 = ORIENTED_EDGE('',*,*,#6915,.T.);
#8347 = ORIENTED_EDGE('',*,*,#6889,.T.);
#8348 = ORIENTED_EDGE('',*,*,#6790,.T.);
#8349 = ADVANCED_FACE('',(#8350),#6969,.F.);
#8350 = FACE_BOUND('',#8351,.F.);
#8351 = EDGE_LOOP('',(#8352,#8375,#8403,#8424));
#8352 = ORIENTED_EDGE('',*,*,#8353,.T.);
#8353 = EDGE_CURVE('',#6952,#8354,#8356,.T.);
#8354 = VERTEX_POINT('',#8355);
#8355 = CARTESIAN_POINT('',(157.98316955566,379.3475036621,66.));
#8356 = SURFACE_CURVE('',#8357,(#8361,#8368),.PCURVE_S1.);
#8357 = LINE('',#8358,#8359);
#8358 = CARTESIAN_POINT('',(157.98316955566,379.3475036621,80.));
#8359 = VECTOR('',#8360,1.);
#8360 = DIRECTION('',(-0.,-0.,-1.));
#8361 = PCURVE('',#6969,#8362);
#8362 = DEFINITIONAL_REPRESENTATION('',(#8363),#8367);
#8363 = LINE('',#8364,#8365);
#8364 = CARTESIAN_POINT('',(0.,0.));
#8365 = VECTOR('',#8366,1.);
#8366 = DIRECTION('',(0.,-1.));
#8367 = ( GEOMETRIC_REPRESENTATION_CONTEXT(2) 
PARAMETRIC_REPRESENTATION_CONTEXT() REPRESENTATION_CONTEXT('2D SPACE',''
  ) );
#8368 = PCURVE('',#6998,#8369);
#8369 = DEFINITIONAL_REPRESENTATION('',(#8370),#8374);
#8370 = LINE('',#8371,#8372);
#8371 = CARTESIAN_POINT('',(1.570796326795,0.));
#8372 = VECTOR('',#8373,1.);
#8373 = DIRECTION('',(0.,-1.));
#8374 = ( GEOMETRIC_REPRESENTATION_CONTEXT(2) 
PARAMETRIC_REPRESENTATION_CONTEXT() REPRESENTATION_CONTEXT('2D SPACE',''
  ) );
#8375 = ORIENTED_EDGE('',*,*,#8376,.T.);
#8376 = EDGE_CURVE('',#8354,#8377,#8379,.T.);
#8377 = VERTEX_POINT('',#8378);
#8378 = CARTESIAN_POINT('',(189.98316955566,379.3475036621,66.));
#8379 = SURFACE_CURVE('',#8380,(#8384,#8391),.PCURVE_S1.);
#8380 = LINE('',#8381,#8382);
#8381 = CARTESIAN_POINT('',(157.98316955566,379.3475036621,66.));
#8382 = VECTOR('',#8383,1.);
#8383 = DIRECTION('',(1.,-1.836970198721E-16,0.));
#8384 = PCURVE('',#6969,#8385);
#8385 = DEFINITIONAL_REPRESENTATION('',(#8386),#8390);
#8386 = LINE('',#8387,#8388);
#8387 = CARTESIAN_POINT('',(0.,-14.));
#8388 = VECTOR('',#8389,1.);
#8389 = DIRECTION('',(1.,0.));
#8390 = ( GEOMETRIC_REPRESENTATION_CONTEXT(2) 
PARAMETRIC_REPRESENTATION_CONTEXT() REPRESENTATION_CONTEXT('2D SPACE',''
  ) );
#8391 = PCURVE('',#8392,#8397);
#8392 = CYLINDRICAL_SURFACE('',#8393,6.);
#8393 = AXIS2_PLACEMENT_3D('',#8394,#8395,#8396);
#8394 = CARTESIAN_POINT('',(157.98316955566,373.3475036621,66.));
#8395 = DIRECTION('',(1.,-1.836970198721E-16,0.));
#8396 = DIRECTION('',(1.836970198721E-16,1.,0.));
#8397 = DEFINITIONAL_REPRESENTATION('',(#8398),#8402);
#8398 = LINE('',#8399,#8400);
#8399 = CARTESIAN_POINT('',(-0.,0.));
#8400 = VECTOR('',#8401,1.);
#8401 = DIRECTION('',(-0.,1.));
#8402 = ( GEOMETRIC_REPRESENTATION_CONTEXT(2) 
PARAMETRIC_REPRESENTATION_CONTEXT() REPRESENTATION_CONTEXT('2D SPACE',''
  ) );
#8403 = ORIENTED_EDGE('',*,*,#8404,.F.);
#8404 = EDGE_CURVE('',#6954,#8377,#8405,.T.);
#8405 = SURFACE_CURVE('',#8406,(#8410,#8417),.PCURVE_S1.);
#8406 = LINE('',#8407,#8408);
#8407 = CARTESIAN_POINT('',(189.98316955566,379.3475036621,80.));
#8408 = VECTOR('',#8409,1.);
#8409 = DIRECTION('',(-0.,-0.,-1.));
#8410 = PCURVE('',#6969,#8411);
#8411 = DEFINITIONAL_REPRESENTATION('',(#8412),#8416);
#8412 = LINE('',#8413,#8414);
#8413 = CARTESIAN_POINT('',(32.,0.));
#8414 = VECTOR('',#8415,1.);
#8415 = DIRECTION('',(0.,-1.));
#8416 = ( GEOMETRIC_REPRESENTATION_CONTEXT(2) 
PARAMETRIC_REPRESENTATION_CONTEXT() REPRESENTATION_CONTEXT('2D SPACE',''
  ) );
#8417 = PCURVE('',#7167,#8418);
#8418 = DEFINITIONAL_REPRESENTATION('',(#8419),#8423);
#8419 = LINE('',#8420,#8421);
#8420 = CARTESIAN_POINT('',(1.570796326795,0.));
#8421 = VECTOR('',#8422,1.);
#8422 = DIRECTION('',(0.,-1.));
#8423 = ( GEOMETRIC_REPRESENTATION_CONTEXT(2) 
PARAMETRIC_REPRESENTATION_CONTEXT() REPRESENTATION_CONTEXT('2D SPACE',''
  ) );
#8424 = ORIENTED_EDGE('',*,*,#6951,.F.);
#8425 = ADVANCED_FACE('',(#8426),#6998,.T.);
#8426 = FACE_BOUND('',#8427,.T.);
#8427 = EDGE_LOOP('',(#8428,#8429,#8470,#8491));
#8428 = ORIENTED_EDGE('',*,*,#8353,.T.);
#8429 = ORIENTED_EDGE('',*,*,#8430,.F.);
#8430 = EDGE_CURVE('',#8431,#8354,#8433,.T.);
#8431 = VERTEX_POINT('',#8432);
#8432 = CARTESIAN_POINT('',(147.98316955566,369.3475036621,66.));
#8433 = SURFACE_CURVE('',#8434,(#8439,#8446),.PCURVE_S1.);
#8434 = CIRCLE('',#8435,10.);
#8435 = AXIS2_PLACEMENT_3D('',#8436,#8437,#8438);
#8436 = CARTESIAN_POINT('',(157.98316955566,369.3475036621,66.));
#8437 = DIRECTION('',(0.,0.,-1.));
#8438 = DIRECTION('',(-1.,0.,0.));
#8439 = PCURVE('',#6998,#8440);
#8440 = DEFINITIONAL_REPRESENTATION('',(#8441),#8445);
#8441 = LINE('',#8442,#8443);
#8442 = CARTESIAN_POINT('',(3.14159265359,-14.));
#8443 = VECTOR('',#8444,1.);
#8444 = DIRECTION('',(-1.,-0.));
#8445 = ( GEOMETRIC_REPRESENTATION_CONTEXT(2) 
PARAMETRIC_REPRESENTATION_CONTEXT() REPRESENTATION_CONTEXT('2D SPACE',''
  ) );
#8446 = PCURVE('',#8447,#8464);
#8447 = SURFACE_OF_REVOLUTION('',#8448,#8461);
#8448 = B_SPLINE_CURVE_WITH_KNOTS('',6,(#8449,#8450,#8451,#8452,#8453,
    #8454,#8455,#8456,#8457,#8458,#8459,#8460),.UNSPECIFIED.,.F.,.F.,(7,
    5,7),(0.,0.785398163397,1.570796326795),.UNSPECIFIED.);
#8449 = CARTESIAN_POINT('',(147.98316955566,369.3475036621,66.));
#8450 = CARTESIAN_POINT('',(147.98316955566,369.34750366211,
    65.214601836603));
#8451 = CARTESIAN_POINT('',(148.10653912675,369.3475036621,
    64.429204985035));
#8452 = CARTESIAN_POINT('',(148.35328148292,369.34750366211,
    63.668024005629));
#8453 = CARTESIAN_POINT('',(148.71704452191,369.3475036621,
    62.955314580125));
#8454 = CARTESIAN_POINT('',(149.18516850127,369.3475036621,
    62.312719680151));
#8455 = CARTESIAN_POINT('',(150.29588923581,369.3475036621,
    61.201998945611));
#8456 = CARTESIAN_POINT('',(150.93848413578,369.3475036621,
    60.733874966254));
#8457 = CARTESIAN_POINT('',(151.65119356129,369.34750366211,
    60.37011192726));
#8458 = CARTESIAN_POINT('',(152.41237454069,369.3475036621,
    60.123369571089));
#8459 = CARTESIAN_POINT('',(153.19777139226,369.3475036621,60.));
#8460 = CARTESIAN_POINT('',(153.98316955566,369.3475036621,60.));
#8461 = AXIS1_PLACEMENT('',#8462,#8463);
#8462 = CARTESIAN_POINT('',(157.98316955566,369.3475036621,66.));
#8463 = DIRECTION('',(-0.,-0.,-1.));
#8464 = DEFINITIONAL_REPRESENTATION('',(#8465),#8469);
#8465 = LINE('',#8466,#8467);
#8466 = CARTESIAN_POINT('',(0.,0.));
#8467 = VECTOR('',#8468,1.);
#8468 = DIRECTION('',(1.,0.));
#8469 = ( GEOMETRIC_REPRESENTATION_CONTEXT(2) 
PARAMETRIC_REPRESENTATION_CONTEXT() REPRESENTATION_CONTEXT('2D SPACE',''
  ) );
#8470 = ORIENTED_EDGE('',*,*,#8471,.F.);
#8471 = EDGE_CURVE('',#6982,#8431,#8472,.T.);
#8472 = SURFACE_CURVE('',#8473,(#8477,#8484),.PCURVE_S1.);
#8473 = LINE('',#8474,#8475);
#8474 = CARTESIAN_POINT('',(147.98316955566,369.3475036621,80.));
#8475 = VECTOR('',#8476,1.);
#8476 = DIRECTION('',(-0.,-0.,-1.));
#8477 = PCURVE('',#6998,#8478);
#8478 = DEFINITIONAL_REPRESENTATION('',(#8479),#8483);
#8479 = LINE('',#8480,#8481);
#8480 = CARTESIAN_POINT('',(3.14159265359,0.));
#8481 = VECTOR('',#8482,1.);
#8482 = DIRECTION('',(0.,-1.));
#8483 = ( GEOMETRIC_REPRESENTATION_CONTEXT(2) 
PARAMETRIC_REPRESENTATION_CONTEXT() REPRESENTATION_CONTEXT('2D SPACE',''
  ) );
#8484 = PCURVE('',#7026,#8485);
#8485 = DEFINITIONAL_REPRESENTATION('',(#8486),#8490);
#8486 = LINE('',#8487,#8488);
#8487 = CARTESIAN_POINT('',(14.,0.));
#8488 = VECTOR('',#8489,1.);
#8489 = DIRECTION('',(0.,-1.));
#8490 = ( GEOMETRIC_REPRESENTATION_CONTEXT(2) 
PARAMETRIC_REPRESENTATION_CONTEXT() REPRESENTATION_CONTEXT('2D SPACE',''
  ) );
#8491 = ORIENTED_EDGE('',*,*,#6981,.F.);
#8492 = ADVANCED_FACE('',(#8493),#7167,.T.);
#8493 = FACE_BOUND('',#8494,.T.);
#8494 = EDGE_LOOP('',(#8495,#8518,#8557,#8558));
#8495 = ORIENTED_EDGE('',*,*,#8496,.T.);
#8496 = EDGE_CURVE('',#7125,#8497,#8499,.T.);
#8497 = VERTEX_POINT('',#8498);
#8498 = CARTESIAN_POINT('',(199.98316955566,369.3475036621,66.));
#8499 = SURFACE_CURVE('',#8500,(#8504,#8511),.PCURVE_S1.);
#8500 = LINE('',#8501,#8502);
#8501 = CARTESIAN_POINT('',(199.98316955566,369.3475036621,80.));
#8502 = VECTOR('',#8503,1.);
#8503 = DIRECTION('',(-0.,-0.,-1.));
#8504 = PCURVE('',#7167,#8505);
#8505 = DEFINITIONAL_REPRESENTATION('',(#8506),#8510);
#8506 = LINE('',#8507,#8508);
#8507 = CARTESIAN_POINT('',(0.,0.));
#8508 = VECTOR('',#8509,1.);
#8509 = DIRECTION('',(0.,-1.));
#8510 = ( GEOMETRIC_REPRESENTATION_CONTEXT(2) 
PARAMETRIC_REPRESENTATION_CONTEXT() REPRESENTATION_CONTEXT('2D SPACE',''
  ) );
#8511 = PCURVE('',#7140,#8512);
#8512 = DEFINITIONAL_REPRESENTATION('',(#8513),#8517);
#8513 = LINE('',#8514,#8515);
#8514 = CARTESIAN_POINT('',(0.,0.));
#8515 = VECTOR('',#8516,1.);
#8516 = DIRECTION('',(0.,-1.));
#8517 = ( GEOMETRIC_REPRESENTATION_CONTEXT(2) 
PARAMETRIC_REPRESENTATION_CONTEXT() REPRESENTATION_CONTEXT('2D SPACE',''
  ) );
#8518 = ORIENTED_EDGE('',*,*,#8519,.F.);
#8519 = EDGE_CURVE('',#8377,#8497,#8520,.T.);
#8520 = SURFACE_CURVE('',#8521,(#8526,#8533),.PCURVE_S1.);
#8521 = CIRCLE('',#8522,10.);
#8522 = AXIS2_PLACEMENT_3D('',#8523,#8524,#8525);
#8523 = CARTESIAN_POINT('',(189.98316955566,369.3475036621,66.));
#8524 = DIRECTION('',(0.,0.,-1.));
#8525 = DIRECTION('',(0.,1.,0.));
#8526 = PCURVE('',#7167,#8527);
#8527 = DEFINITIONAL_REPRESENTATION('',(#8528),#8532);
#8528 = LINE('',#8529,#8530);
#8529 = CARTESIAN_POINT('',(1.570796326795,-14.));
#8530 = VECTOR('',#8531,1.);
#8531 = DIRECTION('',(-1.,-0.));
#8532 = ( GEOMETRIC_REPRESENTATION_CONTEXT(2) 
PARAMETRIC_REPRESENTATION_CONTEXT() REPRESENTATION_CONTEXT('2D SPACE',''
  ) );
#8533 = PCURVE('',#8534,#8551);
#8534 = SURFACE_OF_REVOLUTION('',#8535,#8548);
#8535 = B_SPLINE_CURVE_WITH_KNOTS('',6,(#8536,#8537,#8538,#8539,#8540,
    #8541,#8542,#8543,#8544,#8545,#8546,#8547),.UNSPECIFIED.,.F.,.F.,(7,
    5,7),(0.,0.785398163397,1.570796326795),.UNSPECIFIED.);
#8536 = CARTESIAN_POINT('',(189.98316955566,379.3475036621,66.));
#8537 = CARTESIAN_POINT('',(189.98316955566,379.34750366211,
    65.214601836603));
#8538 = CARTESIAN_POINT('',(189.98316955566,379.22413409101,
    64.429204985035));
#8539 = CARTESIAN_POINT('',(189.98316955566,378.97739173485,
    63.668024005629));
#8540 = CARTESIAN_POINT('',(189.98316955566,378.61362869585,
    62.955314580125));
#8541 = CARTESIAN_POINT('',(189.98316955566,378.14550471649,
    62.312719680151));
#8542 = CARTESIAN_POINT('',(189.98316955566,377.03478398195,
    61.201998945611));
#8543 = CARTESIAN_POINT('',(189.98316955566,376.39218908198,
    60.733874966254));
#8544 = CARTESIAN_POINT('',(189.98316955566,375.67947965648,
    60.37011192726));
#8545 = CARTESIAN_POINT('',(189.98316955566,374.91829867707,
    60.123369571089));
#8546 = CARTESIAN_POINT('',(189.98316955566,374.1329018255,60.));
#8547 = CARTESIAN_POINT('',(189.98316955566,373.3475036621,60.));
#8548 = AXIS1_PLACEMENT('',#8549,#8550);
#8549 = CARTESIAN_POINT('',(189.98316955566,369.3475036621,66.));
#8550 = DIRECTION('',(-0.,-0.,-1.));
#8551 = DEFINITIONAL_REPRESENTATION('',(#8552),#8556);
#8552 = LINE('',#8553,#8554);
#8553 = CARTESIAN_POINT('',(0.,0.));
#8554 = VECTOR('',#8555,1.);
#8555 = DIRECTION('',(1.,0.));
#8556 = ( GEOMETRIC_REPRESENTATION_CONTEXT(2) 
PARAMETRIC_REPRESENTATION_CONTEXT() REPRESENTATION_CONTEXT('2D SPACE',''
  ) );
#8557 = ORIENTED_EDGE('',*,*,#8404,.F.);
#8558 = ORIENTED_EDGE('',*,*,#7152,.F.);
#8559 = ADVANCED_FACE('',(#8560),#7140,.F.);
#8560 = FACE_BOUND('',#8561,.F.);
#8561 = EDGE_LOOP('',(#8562,#8563,#8591,#8612));
#8562 = ORIENTED_EDGE('',*,*,#8496,.T.);
#8563 = ORIENTED_EDGE('',*,*,#8564,.T.);
#8564 = EDGE_CURVE('',#8497,#8565,#8567,.T.);
#8565 = VERTEX_POINT('',#8566);
#8566 = CARTESIAN_POINT('',(199.98316955566,355.3475036621,66.));
#8567 = SURFACE_CURVE('',#8568,(#8572,#8579),.PCURVE_S1.);
#8568 = LINE('',#8569,#8570);
#8569 = CARTESIAN_POINT('',(199.98316955566,369.3475036621,66.));
#8570 = VECTOR('',#8571,1.);
#8571 = DIRECTION('',(-1.224646799147E-16,-1.,0.));
#8572 = PCURVE('',#7140,#8573);
#8573 = DEFINITIONAL_REPRESENTATION('',(#8574),#8578);
#8574 = LINE('',#8575,#8576);
#8575 = CARTESIAN_POINT('',(0.,-14.));
#8576 = VECTOR('',#8577,1.);
#8577 = DIRECTION('',(1.,0.));
#8578 = ( GEOMETRIC_REPRESENTATION_CONTEXT(2) 
PARAMETRIC_REPRESENTATION_CONTEXT() REPRESENTATION_CONTEXT('2D SPACE',''
  ) );
#8579 = PCURVE('',#8580,#8585);
#8580 = CYLINDRICAL_SURFACE('',#8581,6.);
#8581 = AXIS2_PLACEMENT_3D('',#8582,#8583,#8584);
#8582 = CARTESIAN_POINT('',(193.98316955566,369.3475036621,66.));
#8583 = DIRECTION('',(-1.224646799147E-16,-1.,0.));
#8584 = DIRECTION('',(1.,-1.224646799147E-16,0.));
#8585 = DEFINITIONAL_REPRESENTATION('',(#8586),#8590);
#8586 = LINE('',#8587,#8588);
#8587 = CARTESIAN_POINT('',(-0.,0.));
#8588 = VECTOR('',#8589,1.);
#8589 = DIRECTION('',(-0.,1.));
#8590 = ( GEOMETRIC_REPRESENTATION_CONTEXT(2) 
PARAMETRIC_REPRESENTATION_CONTEXT() REPRESENTATION_CONTEXT('2D SPACE',''
  ) );
#8591 = ORIENTED_EDGE('',*,*,#8592,.F.);
#8592 = EDGE_CURVE('',#7096,#8565,#8593,.T.);
#8593 = SURFACE_CURVE('',#8594,(#8598,#8605),.PCURVE_S1.);
#8594 = LINE('',#8595,#8596);
#8595 = CARTESIAN_POINT('',(199.98316955566,355.3475036621,80.));
#8596 = VECTOR('',#8597,1.);
#8597 = DIRECTION('',(-0.,-0.,-1.));
#8598 = PCURVE('',#7140,#8599);
#8599 = DEFINITIONAL_REPRESENTATION('',(#8600),#8604);
#8600 = LINE('',#8601,#8602);
#8601 = CARTESIAN_POINT('',(14.,0.));
#8602 = VECTOR('',#8603,1.);
#8603 = DIRECTION('',(0.,-1.));
#8604 = ( GEOMETRIC_REPRESENTATION_CONTEXT(2) 
PARAMETRIC_REPRESENTATION_CONTEXT() REPRESENTATION_CONTEXT('2D SPACE',''
  ) );
#8605 = PCURVE('',#7112,#8606);
#8606 = DEFINITIONAL_REPRESENTATION('',(#8607),#8611);
#8607 = LINE('',#8608,#8609);
#8608 = CARTESIAN_POINT('',(6.28318530718,0.));
#8609 = VECTOR('',#8610,1.);
#8610 = DIRECTION('',(0.,-1.));
#8611 = ( GEOMETRIC_REPRESENTATION_CONTEXT(2) 
PARAMETRIC_REPRESENTATION_CONTEXT() REPRESENTATION_CONTEXT('2D SPACE',''
  ) );
#8612 = ORIENTED_EDGE('',*,*,#7124,.F.);
#8613 = ADVANCED_FACE('',(#8614),#7112,.T.);
#8614 = FACE_BOUND('',#8615,.T.);
#8615 = EDGE_LOOP('',(#8616,#8639,#8678,#8679));
#8616 = ORIENTED_EDGE('',*,*,#8617,.T.);
#8617 = EDGE_CURVE('',#7068,#8618,#8620,.T.);
#8618 = VERTEX_POINT('',#8619);
#8619 = CARTESIAN_POINT('',(189.98316955566,345.3475036621,66.));
#8620 = SURFACE_CURVE('',#8621,(#8625,#8632),.PCURVE_S1.);
#8621 = LINE('',#8622,#8623);
#8622 = CARTESIAN_POINT('',(189.98316955566,345.3475036621,80.));
#8623 = VECTOR('',#8624,1.);
#8624 = DIRECTION('',(-0.,-0.,-1.));
#8625 = PCURVE('',#7112,#8626);
#8626 = DEFINITIONAL_REPRESENTATION('',(#8627),#8631);
#8627 = LINE('',#8628,#8629);
#8628 = CARTESIAN_POINT('',(4.712388980385,0.));
#8629 = VECTOR('',#8630,1.);
#8630 = DIRECTION('',(0.,-1.));
#8631 = ( GEOMETRIC_REPRESENTATION_CONTEXT(2) 
PARAMETRIC_REPRESENTATION_CONTEXT() REPRESENTATION_CONTEXT('2D SPACE',''
  ) );
#8632 = PCURVE('',#7083,#8633);
#8633 = DEFINITIONAL_REPRESENTATION('',(#8634),#8638);
#8634 = LINE('',#8635,#8636);
#8635 = CARTESIAN_POINT('',(0.,0.));
#8636 = VECTOR('',#8637,1.);
#8637 = DIRECTION('',(0.,-1.));
#8638 = ( GEOMETRIC_REPRESENTATION_CONTEXT(2) 
PARAMETRIC_REPRESENTATION_CONTEXT() REPRESENTATION_CONTEXT('2D SPACE',''
  ) );
#8639 = ORIENTED_EDGE('',*,*,#8640,.F.);
#8640 = EDGE_CURVE('',#8565,#8618,#8641,.T.);
#8641 = SURFACE_CURVE('',#8642,(#8647,#8654),.PCURVE_S1.);
#8642 = CIRCLE('',#8643,10.);
#8643 = AXIS2_PLACEMENT_3D('',#8644,#8645,#8646);
#8644 = CARTESIAN_POINT('',(189.98316955566,355.3475036621,66.));
#8645 = DIRECTION('',(0.,0.,-1.));
#8646 = DIRECTION('',(1.,0.,0.));
#8647 = PCURVE('',#7112,#8648);
#8648 = DEFINITIONAL_REPRESENTATION('',(#8649),#8653);
#8649 = LINE('',#8650,#8651);
#8650 = CARTESIAN_POINT('',(6.28318530718,-14.));
#8651 = VECTOR('',#8652,1.);
#8652 = DIRECTION('',(-1.,-0.));
#8653 = ( GEOMETRIC_REPRESENTATION_CONTEXT(2) 
PARAMETRIC_REPRESENTATION_CONTEXT() REPRESENTATION_CONTEXT('2D SPACE',''
  ) );
#8654 = PCURVE('',#8655,#8672);
#8655 = SURFACE_OF_REVOLUTION('',#8656,#8669);
#8656 = B_SPLINE_CURVE_WITH_KNOTS('',6,(#8657,#8658,#8659,#8660,#8661,
    #8662,#8663,#8664,#8665,#8666,#8667,#8668),.UNSPECIFIED.,.F.,.F.,(7,
    5,7),(0.,0.785398163397,1.570796326795),.UNSPECIFIED.);
#8657 = CARTESIAN_POINT('',(199.98316955566,355.3475036621,66.));
#8658 = CARTESIAN_POINT('',(199.98316955566,355.34750366211,
    65.214601836603));
#8659 = CARTESIAN_POINT('',(199.85979998457,355.3475036621,
    64.429204985035));
#8660 = CARTESIAN_POINT('',(199.6130576284,355.34750366211,
    63.668024005629));
#8661 = CARTESIAN_POINT('',(199.2492945894,355.3475036621,
    62.955314580125));
#8662 = CARTESIAN_POINT('',(198.78117061005,355.34750366211,
    62.312719680151));
#8663 = CARTESIAN_POINT('',(197.67044987551,355.34750366211,
    61.201998945611));
#8664 = CARTESIAN_POINT('',(197.02785497553,355.3475036621,
    60.733874966254));
#8665 = CARTESIAN_POINT('',(196.31514555003,355.34750366211,
    60.37011192726));
#8666 = CARTESIAN_POINT('',(195.55396457062,355.3475036621,
    60.123369571089));
#8667 = CARTESIAN_POINT('',(194.76856771906,355.34750366211,60.));
#8668 = CARTESIAN_POINT('',(193.98316955566,355.3475036621,60.));
#8669 = AXIS1_PLACEMENT('',#8670,#8671);
#8670 = CARTESIAN_POINT('',(189.98316955566,355.3475036621,66.));
#8671 = DIRECTION('',(-0.,-0.,-1.));
#8672 = DEFINITIONAL_REPRESENTATION('',(#8673),#8677);
#8673 = LINE('',#8674,#8675);
#8674 = CARTESIAN_POINT('',(0.,0.));
#8675 = VECTOR('',#8676,1.);
#8676 = DIRECTION('',(1.,0.));
#8677 = ( GEOMETRIC_REPRESENTATION_CONTEXT(2) 
PARAMETRIC_REPRESENTATION_CONTEXT() REPRESENTATION_CONTEXT('2D SPACE',''
  ) );
#8678 = ORIENTED_EDGE('',*,*,#8592,.F.);
#8679 = ORIENTED_EDGE('',*,*,#7095,.F.);
#8680 = ADVANCED_FACE('',(#8681),#7083,.F.);
#8681 = FACE_BOUND('',#8682,.F.);
#8682 = EDGE_LOOP('',(#8683,#8684,#8712,#8733));
#8683 = ORIENTED_EDGE('',*,*,#8617,.T.);
#8684 = ORIENTED_EDGE('',*,*,#8685,.T.);
#8685 = EDGE_CURVE('',#8618,#8686,#8688,.T.);
#8686 = VERTEX_POINT('',#8687);
#8687 = CARTESIAN_POINT('',(157.98316955566,345.3475036621,66.));
#8688 = SURFACE_CURVE('',#8689,(#8693,#8700),.PCURVE_S1.);
#8689 = LINE('',#8690,#8691);
#8690 = CARTESIAN_POINT('',(189.98316955566,345.3475036621,66.));
#8691 = VECTOR('',#8692,1.);
#8692 = DIRECTION('',(-1.,6.123233995737E-17,0.));
#8693 = PCURVE('',#7083,#8694);
#8694 = DEFINITIONAL_REPRESENTATION('',(#8695),#8699);
#8695 = LINE('',#8696,#8697);
#8696 = CARTESIAN_POINT('',(0.,-14.));
#8697 = VECTOR('',#8698,1.);
#8698 = DIRECTION('',(1.,0.));
#8699 = ( GEOMETRIC_REPRESENTATION_CONTEXT(2) 
PARAMETRIC_REPRESENTATION_CONTEXT() REPRESENTATION_CONTEXT('2D SPACE',''
  ) );
#8700 = PCURVE('',#8701,#8706);
#8701 = CYLINDRICAL_SURFACE('',#8702,6.);
#8702 = AXIS2_PLACEMENT_3D('',#8703,#8704,#8705);
#8703 = CARTESIAN_POINT('',(189.98316955566,351.3475036621,66.));
#8704 = DIRECTION('',(-1.,6.123233995737E-17,0.));
#8705 = DIRECTION('',(-6.123233995737E-17,-1.,0.));
#8706 = DEFINITIONAL_REPRESENTATION('',(#8707),#8711);
#8707 = LINE('',#8708,#8709);
#8708 = CARTESIAN_POINT('',(-0.,0.));
#8709 = VECTOR('',#8710,1.);
#8710 = DIRECTION('',(-0.,1.));
#8711 = ( GEOMETRIC_REPRESENTATION_CONTEXT(2) 
PARAMETRIC_REPRESENTATION_CONTEXT() REPRESENTATION_CONTEXT('2D SPACE',''
  ) );
#8712 = ORIENTED_EDGE('',*,*,#8713,.F.);
#8713 = EDGE_CURVE('',#7039,#8686,#8714,.T.);
#8714 = SURFACE_CURVE('',#8715,(#8719,#8726),.PCURVE_S1.);
#8715 = LINE('',#8716,#8717);
#8716 = CARTESIAN_POINT('',(157.98316955566,345.3475036621,80.));
#8717 = VECTOR('',#8718,1.);
#8718 = DIRECTION('',(-0.,-0.,-1.));
#8719 = PCURVE('',#7083,#8720);
#8720 = DEFINITIONAL_REPRESENTATION('',(#8721),#8725);
#8721 = LINE('',#8722,#8723);
#8722 = CARTESIAN_POINT('',(32.,0.));
#8723 = VECTOR('',#8724,1.);
#8724 = DIRECTION('',(0.,-1.));
#8725 = ( GEOMETRIC_REPRESENTATION_CONTEXT(2) 
PARAMETRIC_REPRESENTATION_CONTEXT() REPRESENTATION_CONTEXT('2D SPACE',''
  ) );
#8726 = PCURVE('',#7055,#8727);
#8727 = DEFINITIONAL_REPRESENTATION('',(#8728),#8732);
#8728 = LINE('',#8729,#8730);
#8729 = CARTESIAN_POINT('',(4.712388980385,0.));
#8730 = VECTOR('',#8731,1.);
#8731 = DIRECTION('',(0.,-1.));
#8732 = ( GEOMETRIC_REPRESENTATION_CONTEXT(2) 
PARAMETRIC_REPRESENTATION_CONTEXT() REPRESENTATION_CONTEXT('2D SPACE',''
  ) );
#8733 = ORIENTED_EDGE('',*,*,#7067,.F.);
#8734 = ADVANCED_FACE('',(#8735),#7055,.T.);
#8735 = FACE_BOUND('',#8736,.T.);
#8736 = EDGE_LOOP('',(#8737,#8760,#8799,#8800));
#8737 = ORIENTED_EDGE('',*,*,#8738,.T.);
#8738 = EDGE_CURVE('',#7011,#8739,#8741,.T.);
#8739 = VERTEX_POINT('',#8740);
#8740 = CARTESIAN_POINT('',(147.98316955566,355.3475036621,66.));
#8741 = SURFACE_CURVE('',#8742,(#8746,#8753),.PCURVE_S1.);
#8742 = LINE('',#8743,#8744);
#8743 = CARTESIAN_POINT('',(147.98316955566,355.3475036621,80.));
#8744 = VECTOR('',#8745,1.);
#8745 = DIRECTION('',(-0.,-0.,-1.));
#8746 = PCURVE('',#7055,#8747);
#8747 = DEFINITIONAL_REPRESENTATION('',(#8748),#8752);
#8748 = LINE('',#8749,#8750);
#8749 = CARTESIAN_POINT('',(3.14159265359,0.));
#8750 = VECTOR('',#8751,1.);
#8751 = DIRECTION('',(0.,-1.));
#8752 = ( GEOMETRIC_REPRESENTATION_CONTEXT(2) 
PARAMETRIC_REPRESENTATION_CONTEXT() REPRESENTATION_CONTEXT('2D SPACE',''
  ) );
#8753 = PCURVE('',#7026,#8754);
#8754 = DEFINITIONAL_REPRESENTATION('',(#8755),#8759);
#8755 = LINE('',#8756,#8757);
#8756 = CARTESIAN_POINT('',(0.,0.));
#8757 = VECTOR('',#8758,1.);
#8758 = DIRECTION('',(0.,-1.));
#8759 = ( GEOMETRIC_REPRESENTATION_CONTEXT(2) 
PARAMETRIC_REPRESENTATION_CONTEXT() REPRESENTATION_CONTEXT('2D SPACE',''
  ) );
#8760 = ORIENTED_EDGE('',*,*,#8761,.F.);
#8761 = EDGE_CURVE('',#8686,#8739,#8762,.T.);
#8762 = SURFACE_CURVE('',#8763,(#8768,#8775),.PCURVE_S1.);
#8763 = CIRCLE('',#8764,10.);
#8764 = AXIS2_PLACEMENT_3D('',#8765,#8766,#8767);
#8765 = CARTESIAN_POINT('',(157.98316955566,355.3475036621,66.));
#8766 = DIRECTION('',(-0.,-0.,-1.));
#8767 = DIRECTION('',(0.,-1.,0.));
#8768 = PCURVE('',#7055,#8769);
#8769 = DEFINITIONAL_REPRESENTATION('',(#8770),#8774);
#8770 = LINE('',#8771,#8772);
#8771 = CARTESIAN_POINT('',(4.712388980385,-14.));
#8772 = VECTOR('',#8773,1.);
#8773 = DIRECTION('',(-1.,-0.));
#8774 = ( GEOMETRIC_REPRESENTATION_CONTEXT(2) 
PARAMETRIC_REPRESENTATION_CONTEXT() REPRESENTATION_CONTEXT('2D SPACE',''
  ) );
#8775 = PCURVE('',#8776,#8793);
#8776 = SURFACE_OF_REVOLUTION('',#8777,#8790);
#8777 = B_SPLINE_CURVE_WITH_KNOTS('',6,(#8778,#8779,#8780,#8781,#8782,
    #8783,#8784,#8785,#8786,#8787,#8788,#8789),.UNSPECIFIED.,.F.,.F.,(7,
    5,7),(0.,0.785398163397,1.570796326795),.UNSPECIFIED.);
#8778 = CARTESIAN_POINT('',(157.98316955566,345.3475036621,66.));
#8779 = CARTESIAN_POINT('',(157.98316955566,345.34750366211,
    65.214601836603));
#8780 = CARTESIAN_POINT('',(157.98316955566,345.47087323319,
    64.429204985035));
#8781 = CARTESIAN_POINT('',(157.98316955566,345.71761558937,
    63.668024005629));
#8782 = CARTESIAN_POINT('',(157.98316955566,346.08137862836,
    62.955314580125));
#8783 = CARTESIAN_POINT('',(157.98316955566,346.54950260772,
    62.312719680151));
#8784 = CARTESIAN_POINT('',(157.98316955566,347.66022334226,
    61.201998945611));
#8785 = CARTESIAN_POINT('',(157.98316955566,348.30281824223,
    60.733874966254));
#8786 = CARTESIAN_POINT('',(157.98316955566,349.01552766773,
    60.37011192726));
#8787 = CARTESIAN_POINT('',(157.98316955566,349.77670864714,
    60.123369571089));
#8788 = CARTESIAN_POINT('',(157.98316955566,350.56210549871,60.));
#8789 = CARTESIAN_POINT('',(157.98316955566,351.3475036621,60.));
#8790 = AXIS1_PLACEMENT('',#8791,#8792);
#8791 = CARTESIAN_POINT('',(157.98316955566,355.3475036621,66.));
#8792 = DIRECTION('',(-0.,-0.,-1.));
#8793 = DEFINITIONAL_REPRESENTATION('',(#8794),#8798);
#8794 = LINE('',#8795,#8796);
#8795 = CARTESIAN_POINT('',(0.,0.));
#8796 = VECTOR('',#8797,1.);
#8797 = DIRECTION('',(1.,0.));
#8798 = ( GEOMETRIC_REPRESENTATION_CONTEXT(2) 
PARAMETRIC_REPRESENTATION_CONTEXT() REPRESENTATION_CONTEXT('2D SPACE',''
  ) );
#8799 = ORIENTED_EDGE('',*,*,#8713,.F.);
#8800 = ORIENTED_EDGE('',*,*,#7038,.F.);
#8801 = ADVANCED_FACE('',(#8802),#7026,.F.);
#8802 = FACE_BOUND('',#8803,.F.);
#8803 = EDGE_LOOP('',(#8804,#8805,#8831,#8832));
#8804 = ORIENTED_EDGE('',*,*,#8738,.T.);
#8805 = ORIENTED_EDGE('',*,*,#8806,.T.);
#8806 = EDGE_CURVE('',#8739,#8431,#8807,.T.);
#8807 = SURFACE_CURVE('',#8808,(#8812,#8819),.PCURVE_S1.);
#8808 = LINE('',#8809,#8810);
#8809 = CARTESIAN_POINT('',(147.98316955566,355.3475036621,66.));
#8810 = VECTOR('',#8811,1.);
#8811 = DIRECTION('',(2.465190328816E-32,1.,0.));
#8812 = PCURVE('',#7026,#8813);
#8813 = DEFINITIONAL_REPRESENTATION('',(#8814),#8818);
#8814 = LINE('',#8815,#8816);
#8815 = CARTESIAN_POINT('',(0.,-14.));
#8816 = VECTOR('',#8817,1.);
#8817 = DIRECTION('',(1.,0.));
#8818 = ( GEOMETRIC_REPRESENTATION_CONTEXT(2) 
PARAMETRIC_REPRESENTATION_CONTEXT() REPRESENTATION_CONTEXT('2D SPACE',''
  ) );
#8819 = PCURVE('',#8820,#8825);
#8820 = CYLINDRICAL_SURFACE('',#8821,6.);
#8821 = AXIS2_PLACEMENT_3D('',#8822,#8823,#8824);
#8822 = CARTESIAN_POINT('',(153.98316955566,355.3475036621,66.));
#8823 = DIRECTION('',(2.465190328816E-32,1.,0.));
#8824 = DIRECTION('',(-1.,2.465190328816E-32,0.));
#8825 = DEFINITIONAL_REPRESENTATION('',(#8826),#8830);
#8826 = LINE('',#8827,#8828);
#8827 = CARTESIAN_POINT('',(-0.,0.));
#8828 = VECTOR('',#8829,1.);
#8829 = DIRECTION('',(-0.,1.));
#8830 = ( GEOMETRIC_REPRESENTATION_CONTEXT(2) 
PARAMETRIC_REPRESENTATION_CONTEXT() REPRESENTATION_CONTEXT('2D SPACE',''
  ) );
#8831 = ORIENTED_EDGE('',*,*,#8471,.F.);
#8832 = ORIENTED_EDGE('',*,*,#7010,.F.);
#8833 = ADVANCED_FACE('',(#8834),#7221,.T.);
#8834 = FACE_BOUND('',#8835,.T.);
#8835 = EDGE_LOOP('',(#8836,#8858,#8859,#8881));
#8836 = ORIENTED_EDGE('',*,*,#8837,.T.);
#8837 = EDGE_CURVE('',#8838,#7206,#8840,.T.);
#8838 = VERTEX_POINT('',#8839);
#8839 = CARTESIAN_POINT('',(181.98031426747,381.34660769202,88.));
#8840 = SURFACE_CURVE('',#8841,(#8846,#8852),.PCURVE_S1.);
#8841 = CIRCLE('',#8842,0.300000011921);
#8842 = AXIS2_PLACEMENT_3D('',#8843,#8844,#8845);
#8843 = CARTESIAN_POINT('',(181.98031426747,381.34660769202,
    87.699999988079));
#8844 = DIRECTION('',(-0.999913228982,-1.317324965272E-02,0.));
#8845 = DIRECTION('',(-1.317324965272E-02,0.999913228982,0.));
#8846 = PCURVE('',#7221,#8847);
#8847 = DEFINITIONAL_REPRESENTATION('',(#8848),#8851);
#8848 = B_SPLINE_CURVE_WITH_KNOTS('',1,(#8849,#8850),.UNSPECIFIED.,.F.,
  .F.,(2,2),(4.712388980385,6.28318530718),.PIECEWISE_BEZIER_KNOTS.);
#8849 = CARTESIAN_POINT('',(0.,1.42108547152E-14));
#8850 = CARTESIAN_POINT('',(1.570796326795,1.42108547152E-14));
#8851 = ( GEOMETRIC_REPRESENTATION_CONTEXT(2) 
PARAMETRIC_REPRESENTATION_CONTEXT() REPRESENTATION_CONTEXT('2D SPACE',''
  ) );
#8852 = PCURVE('',#7297,#8853);
#8853 = DEFINITIONAL_REPRESENTATION('',(#8854),#8857);
#8854 = B_SPLINE_CURVE_WITH_KNOTS('',1,(#8855,#8856),.UNSPECIFIED.,.F.,
  .F.,(2,2),(4.712388980385,6.28318530718),.PIECEWISE_BEZIER_KNOTS.);
#8855 = CARTESIAN_POINT('',(-3.167939914959,4.712388980385));
#8856 = CARTESIAN_POINT('',(-3.167939914959,6.28318530718));
#8857 = ( GEOMETRIC_REPRESENTATION_CONTEXT(2) 
PARAMETRIC_REPRESENTATION_CONTEXT() REPRESENTATION_CONTEXT('2D SPACE',''
  ) );
#8858 = ORIENTED_EDGE('',*,*,#7205,.T.);
#8859 = ORIENTED_EDGE('',*,*,#8860,.F.);
#8860 = EDGE_CURVE('',#8861,#7183,#8863,.T.);
#8861 = VERTEX_POINT('',#8862);
#8862 = CARTESIAN_POINT('',(172.97519746677,381.227970746,88.));
#8863 = SURFACE_CURVE('',#8864,(#8869,#8875),.PCURVE_S1.);
#8864 = CIRCLE('',#8865,0.300000011921);
#8865 = AXIS2_PLACEMENT_3D('',#8866,#8867,#8868);
#8866 = CARTESIAN_POINT('',(172.97519746677,381.227970746,
    87.699999988079));
#8867 = DIRECTION('',(-0.999913228982,-1.317324965273E-02,0.));
#8868 = DIRECTION('',(-0.,0.,1.));
#8869 = PCURVE('',#7221,#8870);
#8870 = DEFINITIONAL_REPRESENTATION('',(#8871),#8874);
#8871 = B_SPLINE_CURVE_WITH_KNOTS('',1,(#8872,#8873),.UNSPECIFIED.,.F.,
  .F.,(2,2),(0.,1.570796326795),.PIECEWISE_BEZIER_KNOTS.);
#8872 = CARTESIAN_POINT('',(0.,9.005898251654));
#8873 = CARTESIAN_POINT('',(1.570796326795,9.005898251654));
#8874 = ( GEOMETRIC_REPRESENTATION_CONTEXT(2) 
PARAMETRIC_REPRESENTATION_CONTEXT() REPRESENTATION_CONTEXT('2D SPACE',''
  ) );
#8875 = PCURVE('',#7386,#8876);
#8876 = DEFINITIONAL_REPRESENTATION('',(#8877),#8880);
#8877 = B_SPLINE_CURVE_WITH_KNOTS('',1,(#8878,#8879),.UNSPECIFIED.,.F.,
  .F.,(2,2),(0.,1.570796326795),.PIECEWISE_BEZIER_KNOTS.);
#8878 = CARTESIAN_POINT('',(0.,4.712388980385));
#8879 = CARTESIAN_POINT('',(0.,6.28318530718));
#8880 = ( GEOMETRIC_REPRESENTATION_CONTEXT(2) 
PARAMETRIC_REPRESENTATION_CONTEXT() REPRESENTATION_CONTEXT('2D SPACE',''
  ) );
#8881 = ORIENTED_EDGE('',*,*,#8882,.F.);
#8882 = EDGE_CURVE('',#8838,#8861,#8883,.T.);
#8883 = SURFACE_CURVE('',#8884,(#8888,#8895),.PCURVE_S1.);
#8884 = LINE('',#8885,#8886);
#8885 = CARTESIAN_POINT('',(181.98031426747,381.34660769202,88.));
#8886 = VECTOR('',#8887,1.);
#8887 = DIRECTION('',(-0.999913228982,-1.317324965273E-02,-0.));
#8888 = PCURVE('',#7221,#8889);
#8889 = DEFINITIONAL_REPRESENTATION('',(#8890),#8894);
#8890 = LINE('',#8891,#8892);
#8891 = CARTESIAN_POINT('',(0.,0.));
#8892 = VECTOR('',#8893,1.);
#8893 = DIRECTION('',(0.,1.));
#8894 = ( GEOMETRIC_REPRESENTATION_CONTEXT(2) 
PARAMETRIC_REPRESENTATION_CONTEXT() REPRESENTATION_CONTEXT('2D SPACE',''
  ) );
#8895 = PCURVE('',#8896,#8901);
#8896 = PLANE('',#8897);
#8897 = AXIS2_PLACEMENT_3D('',#8898,#8899,#8900);
#8898 = CARTESIAN_POINT('',(172.98247885994,380.6752778608,88.));
#8899 = DIRECTION('',(0.,0.,1.));
#8900 = DIRECTION('',(1.,0.,0.));
#8901 = DEFINITIONAL_REPRESENTATION('',(#8902),#8906);
#8902 = LINE('',#8903,#8904);
#8903 = CARTESIAN_POINT('',(8.997835407524,0.671329831224));
#8904 = VECTOR('',#8905,1.);
#8905 = DIRECTION('',(-0.999913228982,-1.317324965273E-02));
#8906 = ( GEOMETRIC_REPRESENTATION_CONTEXT(2) 
PARAMETRIC_REPRESENTATION_CONTEXT() REPRESENTATION_CONTEXT('2D SPACE',''
  ) );
#8907 = ADVANCED_FACE('',(#8908),#7297,.T.);
#8908 = FACE_BOUND('',#8909,.F.);
#8909 = EDGE_LOOP('',(#8910,#8932,#8954,#8955));
#8910 = ORIENTED_EDGE('',*,*,#8911,.F.);
#8911 = EDGE_CURVE('',#8912,#7260,#8914,.T.);
#8912 = VERTEX_POINT('',#8913);
#8913 = CARTESIAN_POINT('',(181.98031426747,380.00394802957,88.));
#8914 = SURFACE_CURVE('',#8915,(#8920,#8926),.PCURVE_S1.);
#8915 = CIRCLE('',#8916,0.300000011921);
#8916 = AXIS2_PLACEMENT_3D('',#8917,#8918,#8919);
#8917 = CARTESIAN_POINT('',(181.98031426747,380.00394802957,
    87.699999988079));
#8918 = DIRECTION('',(0.999913228982,-1.317324965273E-02,0.));
#8919 = DIRECTION('',(0.,0.,1.));
#8920 = PCURVE('',#7297,#8921);
#8921 = DEFINITIONAL_REPRESENTATION('',(#8922),#8925);
#8922 = B_SPLINE_CURVE_WITH_KNOTS('',1,(#8923,#8924),.UNSPECIFIED.,.F.,
  .F.,(2,2),(0.,1.570796326795),.PIECEWISE_BEZIER_KNOTS.);
#8923 = CARTESIAN_POINT('',(0.,4.712388980385));
#8924 = CARTESIAN_POINT('',(0.,6.28318530718));
#8925 = ( GEOMETRIC_REPRESENTATION_CONTEXT(2) 
PARAMETRIC_REPRESENTATION_CONTEXT() REPRESENTATION_CONTEXT('2D SPACE',''
  ) );
#8926 = PCURVE('',#7351,#8927);
#8927 = DEFINITIONAL_REPRESENTATION('',(#8928),#8931);
#8928 = B_SPLINE_CURVE_WITH_KNOTS('',1,(#8929,#8930),.UNSPECIFIED.,.F.,
  .F.,(2,2),(0.,1.570796326795),.PIECEWISE_BEZIER_KNOTS.);
#8929 = CARTESIAN_POINT('',(0.,9.005898251654));
#8930 = CARTESIAN_POINT('',(1.570796326795,9.005898251654));
#8931 = ( GEOMETRIC_REPRESENTATION_CONTEXT(2) 
PARAMETRIC_REPRESENTATION_CONTEXT() REPRESENTATION_CONTEXT('2D SPACE',''
  ) );
#8932 = ORIENTED_EDGE('',*,*,#8933,.T.);
#8933 = EDGE_CURVE('',#8912,#8838,#8934,.T.);
#8934 = SURFACE_CURVE('',#8935,(#8940,#8947),.PCURVE_S1.);
#8935 = CIRCLE('',#8936,0.671388088252);
#8936 = AXIS2_PLACEMENT_3D('',#8937,#8938,#8939);
#8937 = CARTESIAN_POINT('',(181.98915863037,380.6752778608,88.));
#8938 = DIRECTION('',(0.,0.,1.));
#8939 = DIRECTION('',(-1.317324965272E-02,-0.999913228982,0.));
#8940 = PCURVE('',#7297,#8941);
#8941 = DEFINITIONAL_REPRESENTATION('',(#8942),#8946);
#8942 = LINE('',#8943,#8944);
#8943 = CARTESIAN_POINT('',(-0.,4.712388980385));
#8944 = VECTOR('',#8945,1.);
#8945 = DIRECTION('',(-1.,0.));
#8946 = ( GEOMETRIC_REPRESENTATION_CONTEXT(2) 
PARAMETRIC_REPRESENTATION_CONTEXT() REPRESENTATION_CONTEXT('2D SPACE',''
  ) );
#8947 = PCURVE('',#8896,#8948);
#8948 = DEFINITIONAL_REPRESENTATION('',(#8949),#8953);
#8949 = CIRCLE('',#8950,0.671388088252);
#8950 = AXIS2_PLACEMENT_2D('',#8951,#8952);
#8951 = CARTESIAN_POINT('',(9.006679770424,0.));
#8952 = DIRECTION('',(-1.317324965274E-02,-0.999913228982));
#8953 = ( GEOMETRIC_REPRESENTATION_CONTEXT(2) 
PARAMETRIC_REPRESENTATION_CONTEXT() REPRESENTATION_CONTEXT('2D SPACE',''
  ) );
#8954 = ORIENTED_EDGE('',*,*,#8837,.T.);
#8955 = ORIENTED_EDGE('',*,*,#7282,.F.);
#8956 = ADVANCED_FACE('',(#8957),#7351,.T.);
#8957 = FACE_BOUND('',#8958,.T.);
#8958 = EDGE_LOOP('',(#8959,#8981,#8982,#8983));
#8959 = ORIENTED_EDGE('',*,*,#8960,.T.);
#8960 = EDGE_CURVE('',#8961,#7315,#8963,.T.);
#8961 = VERTEX_POINT('',#8962);
#8962 = CARTESIAN_POINT('',(172.97519746677,380.12258497559,88.));
#8963 = SURFACE_CURVE('',#8964,(#8969,#8975),.PCURVE_S1.);
#8964 = CIRCLE('',#8965,0.300000011921);
#8965 = AXIS2_PLACEMENT_3D('',#8966,#8967,#8968);
#8966 = CARTESIAN_POINT('',(172.97519746677,380.12258497559,
    87.699999988079));
#8967 = DIRECTION('',(0.999913228982,-1.317324965273E-02,0.));
#8968 = DIRECTION('',(0.,0.,1.));
#8969 = PCURVE('',#7351,#8970);
#8970 = DEFINITIONAL_REPRESENTATION('',(#8971),#8974);
#8971 = B_SPLINE_CURVE_WITH_KNOTS('',1,(#8972,#8973),.UNSPECIFIED.,.F.,
  .F.,(2,2),(0.,1.570796326795),.PIECEWISE_BEZIER_KNOTS.);
#8972 = CARTESIAN_POINT('',(0.,0.));
#8973 = CARTESIAN_POINT('',(1.570796326795,0.));
#8974 = ( GEOMETRIC_REPRESENTATION_CONTEXT(2) 
PARAMETRIC_REPRESENTATION_CONTEXT() REPRESENTATION_CONTEXT('2D SPACE',''
  ) );
#8975 = PCURVE('',#7386,#8976);
#8976 = DEFINITIONAL_REPRESENTATION('',(#8977),#8980);
#8977 = B_SPLINE_CURVE_WITH_KNOTS('',1,(#8978,#8979),.UNSPECIFIED.,.F.,
  .F.,(2,2),(0.,1.570796326795),.PIECEWISE_BEZIER_KNOTS.);
#8978 = CARTESIAN_POINT('',(-3.11524539222,4.712388980385));
#8979 = CARTESIAN_POINT('',(-3.11524539222,6.28318530718));
#8980 = ( GEOMETRIC_REPRESENTATION_CONTEXT(2) 
PARAMETRIC_REPRESENTATION_CONTEXT() REPRESENTATION_CONTEXT('2D SPACE',''
  ) );
#8981 = ORIENTED_EDGE('',*,*,#7337,.T.);
#8982 = ORIENTED_EDGE('',*,*,#8911,.F.);
#8983 = ORIENTED_EDGE('',*,*,#8984,.F.);
#8984 = EDGE_CURVE('',#8961,#8912,#8985,.T.);
#8985 = SURFACE_CURVE('',#8986,(#8990,#8997),.PCURVE_S1.);
#8986 = LINE('',#8987,#8988);
#8987 = CARTESIAN_POINT('',(172.97519746677,380.12258497559,88.));
#8988 = VECTOR('',#8989,1.);
#8989 = DIRECTION('',(0.999913228982,-1.317324965273E-02,-0.));
#8990 = PCURVE('',#7351,#8991);
#8991 = DEFINITIONAL_REPRESENTATION('',(#8992),#8996);
#8992 = LINE('',#8993,#8994);
#8993 = CARTESIAN_POINT('',(0.,0.));
#8994 = VECTOR('',#8995,1.);
#8995 = DIRECTION('',(0.,1.));
#8996 = ( GEOMETRIC_REPRESENTATION_CONTEXT(2) 
PARAMETRIC_REPRESENTATION_CONTEXT() REPRESENTATION_CONTEXT('2D SPACE',''
  ) );
#8997 = PCURVE('',#8896,#8998);
#8998 = DEFINITIONAL_REPRESENTATION('',(#8999),#9003);
#8999 = LINE('',#9000,#9001);
#9000 = CARTESIAN_POINT('',(-7.281393172008E-03,-0.552692885208));
#9001 = VECTOR('',#9002,1.);
#9002 = DIRECTION('',(0.999913228982,-1.317324965273E-02));
#9003 = ( GEOMETRIC_REPRESENTATION_CONTEXT(2) 
PARAMETRIC_REPRESENTATION_CONTEXT() REPRESENTATION_CONTEXT('2D SPACE',''
  ) );
#9004 = ADVANCED_FACE('',(#9005),#7386,.T.);
#9005 = FACE_BOUND('',#9006,.F.);
#9006 = EDGE_LOOP('',(#9007,#9008,#9030,#9031));
#9007 = ORIENTED_EDGE('',*,*,#8860,.F.);
#9008 = ORIENTED_EDGE('',*,*,#9009,.T.);
#9009 = EDGE_CURVE('',#8861,#8961,#9010,.T.);
#9010 = SURFACE_CURVE('',#9011,(#9016,#9023),.PCURVE_S1.);
#9011 = CIRCLE('',#9012,0.552740847094);
#9012 = AXIS2_PLACEMENT_3D('',#9013,#9014,#9015);
#9013 = CARTESIAN_POINT('',(172.98247885994,380.6752778608,88.));
#9014 = DIRECTION('',(0.,0.,1.));
#9015 = DIRECTION('',(-1.317324965272E-02,0.999913228982,0.));
#9016 = PCURVE('',#7386,#9017);
#9017 = DEFINITIONAL_REPRESENTATION('',(#9018),#9022);
#9018 = LINE('',#9019,#9020);
#9019 = CARTESIAN_POINT('',(-0.,4.712388980385));
#9020 = VECTOR('',#9021,1.);
#9021 = DIRECTION('',(-1.,0.));
#9022 = ( GEOMETRIC_REPRESENTATION_CONTEXT(2) 
PARAMETRIC_REPRESENTATION_CONTEXT() REPRESENTATION_CONTEXT('2D SPACE',''
  ) );
#9023 = PCURVE('',#8896,#9024);
#9024 = DEFINITIONAL_REPRESENTATION('',(#9025),#9029);
#9025 = CIRCLE('',#9026,0.552740847094);
#9026 = AXIS2_PLACEMENT_2D('',#9027,#9028);
#9027 = CARTESIAN_POINT('',(0.,0.));
#9028 = DIRECTION('',(-1.317324965274E-02,0.999913228982));
#9029 = ( GEOMETRIC_REPRESENTATION_CONTEXT(2) 
PARAMETRIC_REPRESENTATION_CONTEXT() REPRESENTATION_CONTEXT('2D SPACE',''
  ) );
#9030 = ORIENTED_EDGE('',*,*,#8960,.T.);
#9031 = ORIENTED_EDGE('',*,*,#7371,.F.);
#9032 = ADVANCED_FACE('',(#9033),#7465,.T.);
#9033 = FACE_BOUND('',#9034,.T.);
#9034 = EDGE_LOOP('',(#9035));
#9035 = ORIENTED_EDGE('',*,*,#7425,.T.);
#9036 = ADVANCED_FACE('',(#9037),#7546,.T.);
#9037 = FACE_BOUND('',#9038,.T.);
#9038 = EDGE_LOOP('',(#9039,#9040,#9041,#9042));
#9039 = ORIENTED_EDGE('',*,*,#7530,.T.);
#9040 = ORIENTED_EDGE('',*,*,#7655,.T.);
#9041 = ORIENTED_EDGE('',*,*,#7681,.T.);
#9042 = ORIENTED_EDGE('',*,*,#7606,.T.);
#9043 = ADVANCED_FACE('',(#9044),#7745,.T.);
#9044 = FACE_BOUND('',#9045,.T.);
#9045 = EDGE_LOOP('',(#9046,#9047,#9048,#9049));
#9046 = ORIENTED_EDGE('',*,*,#7729,.T.);
#9047 = ORIENTED_EDGE('',*,*,#7854,.T.);
#9048 = ORIENTED_EDGE('',*,*,#7880,.T.);
#9049 = ORIENTED_EDGE('',*,*,#7805,.T.);
#9050 = ADVANCED_FACE('',(#9051),#7944,.T.);
#9051 = FACE_BOUND('',#9052,.T.);
#9052 = EDGE_LOOP('',(#9053,#9054,#9055,#9056));
#9053 = ORIENTED_EDGE('',*,*,#7928,.T.);
#9054 = ORIENTED_EDGE('',*,*,#8053,.T.);
#9055 = ORIENTED_EDGE('',*,*,#8079,.T.);
#9056 = ORIENTED_EDGE('',*,*,#8004,.T.);
#9057 = ADVANCED_FACE('',(#9058),#8143,.T.);
#9058 = FACE_BOUND('',#9059,.T.);
#9059 = EDGE_LOOP('',(#9060,#9061,#9062,#9063));
#9060 = ORIENTED_EDGE('',*,*,#8127,.T.);
#9061 = ORIENTED_EDGE('',*,*,#8252,.T.);
#9062 = ORIENTED_EDGE('',*,*,#8278,.T.);
#9063 = ORIENTED_EDGE('',*,*,#8203,.T.);
#9064 = ADVANCED_FACE('',(#9065),#8328,.T.);
#9065 = FACE_BOUND('',#9066,.T.);
#9066 = EDGE_LOOP('',(#9067,#9089,#9090,#9091));
#9067 = ORIENTED_EDGE('',*,*,#9068,.F.);
#9068 = EDGE_CURVE('',#8312,#9069,#9071,.T.);
#9069 = VERTEX_POINT('',#9070);
#9070 = CARTESIAN_POINT('',(176.62037562814,362.97465461249,60.5));
#9071 = SEAM_CURVE('',#9072,(#9077,#9083),.PCURVE_S1.);
#9072 = CIRCLE('',#9073,0.5);
#9073 = AXIS2_PLACEMENT_3D('',#9074,#9075,#9076);
#9074 = CARTESIAN_POINT('',(177.12037562814,362.97465461249,60.5));
#9075 = DIRECTION('',(0.,-1.,0.));
#9076 = DIRECTION('',(1.,0.,0.));
#9077 = PCURVE('',#8328,#9078);
#9078 = DEFINITIONAL_REPRESENTATION('',(#9079),#9082);
#9079 = B_SPLINE_CURVE_WITH_KNOTS('',1,(#9080,#9081),.UNSPECIFIED.,.F.,
  .F.,(2,2),(1.570796326795,3.14159265359),.PIECEWISE_BEZIER_KNOTS.);
#9080 = CARTESIAN_POINT('',(0.,1.570796326795));
#9081 = CARTESIAN_POINT('',(0.,3.14159265359));
#9082 = ( GEOMETRIC_REPRESENTATION_CONTEXT(2) 
PARAMETRIC_REPRESENTATION_CONTEXT() REPRESENTATION_CONTEXT('2D SPACE',''
  ) );
#9083 = PCURVE('',#8328,#9084);
#9084 = DEFINITIONAL_REPRESENTATION('',(#9085),#9088);
#9085 = B_SPLINE_CURVE_WITH_KNOTS('',1,(#9086,#9087),.UNSPECIFIED.,.F.,
  .F.,(2,2),(1.570796326795,3.14159265359),.PIECEWISE_BEZIER_KNOTS.);
#9086 = CARTESIAN_POINT('',(6.28318530718,1.570796326795));
#9087 = CARTESIAN_POINT('',(6.28318530718,3.14159265359));
#9088 = ( GEOMETRIC_REPRESENTATION_CONTEXT(2) 
PARAMETRIC_REPRESENTATION_CONTEXT() REPRESENTATION_CONTEXT('2D SPACE',''
  ) );
#9089 = ORIENTED_EDGE('',*,*,#8311,.T.);
#9090 = ORIENTED_EDGE('',*,*,#9068,.T.);
#9091 = ORIENTED_EDGE('',*,*,#9092,.F.);
#9092 = EDGE_CURVE('',#9069,#9069,#9093,.T.);
#9093 = SURFACE_CURVE('',#9094,(#9099,#9106),.PCURVE_S1.);
#9094 = CIRCLE('',#9095,1.913161703981);
#9095 = AXIS2_PLACEMENT_3D('',#9096,#9097,#9098);
#9096 = CARTESIAN_POINT('',(174.70721392416,362.97465461249,60.5));
#9097 = DIRECTION('',(0.,0.,1.));
#9098 = DIRECTION('',(1.,0.,-0.));
#9099 = PCURVE('',#8328,#9100);
#9100 = DEFINITIONAL_REPRESENTATION('',(#9101),#9105);
#9101 = LINE('',#9102,#9103);
#9102 = CARTESIAN_POINT('',(0.,3.14159265359));
#9103 = VECTOR('',#9104,1.);
#9104 = DIRECTION('',(1.,0.));
#9105 = ( GEOMETRIC_REPRESENTATION_CONTEXT(2) 
PARAMETRIC_REPRESENTATION_CONTEXT() REPRESENTATION_CONTEXT('2D SPACE',''
  ) );
#9106 = PCURVE('',#9107,#9112);
#9107 = CYLINDRICAL_SURFACE('',#9108,1.913161703981);
#9108 = AXIS2_PLACEMENT_3D('',#9109,#9110,#9111);
#9109 = CARTESIAN_POINT('',(174.70721392416,362.97465461249,61.));
#9110 = DIRECTION('',(0.,-0.,1.));
#9111 = DIRECTION('',(1.,0.,0.));
#9112 = DEFINITIONAL_REPRESENTATION('',(#9113),#9117);
#9113 = LINE('',#9114,#9115);
#9114 = CARTESIAN_POINT('',(0.,-0.5));
#9115 = VECTOR('',#9116,1.);
#9116 = DIRECTION('',(1.,0.));
#9117 = ( GEOMETRIC_REPRESENTATION_CONTEXT(2) 
PARAMETRIC_REPRESENTATION_CONTEXT() REPRESENTATION_CONTEXT('2D SPACE',''
  ) );
#9118 = ADVANCED_FACE('',(#9119),#8392,.T.);
#9119 = FACE_BOUND('',#9120,.F.);
#9120 = EDGE_LOOP('',(#9121,#9143,#9171,#9191));
#9121 = ORIENTED_EDGE('',*,*,#9122,.T.);
#9122 = EDGE_CURVE('',#8354,#9123,#9125,.T.);
#9123 = VERTEX_POINT('',#9124);
#9124 = CARTESIAN_POINT('',(157.98316955566,373.3475036621,60.));
#9125 = SURFACE_CURVE('',#9126,(#9131,#9137),.PCURVE_S1.);
#9126 = CIRCLE('',#9127,6.);
#9127 = AXIS2_PLACEMENT_3D('',#9128,#9129,#9130);
#9128 = CARTESIAN_POINT('',(157.98316955566,373.3475036621,66.));
#9129 = DIRECTION('',(-1.,1.608122649677E-16,0.));
#9130 = DIRECTION('',(1.608122649677E-16,1.,0.));
#9131 = PCURVE('',#8392,#9132);
#9132 = DEFINITIONAL_REPRESENTATION('',(#9133),#9136);
#9133 = B_SPLINE_CURVE_WITH_KNOTS('',1,(#9134,#9135),.UNSPECIFIED.,.F.,
  .F.,(2,2),(0.,1.570796326795),.PIECEWISE_BEZIER_KNOTS.);
#9134 = CARTESIAN_POINT('',(0.,0.));
#9135 = CARTESIAN_POINT('',(-1.570796326795,0.));
#9136 = ( GEOMETRIC_REPRESENTATION_CONTEXT(2) 
PARAMETRIC_REPRESENTATION_CONTEXT() REPRESENTATION_CONTEXT('2D SPACE',''
  ) );
#9137 = PCURVE('',#8447,#9138);
#9138 = DEFINITIONAL_REPRESENTATION('',(#9139),#9142);
#9139 = B_SPLINE_CURVE_WITH_KNOTS('',1,(#9140,#9141),.UNSPECIFIED.,.F.,
  .F.,(2,2),(0.,1.570796326795),.PIECEWISE_BEZIER_KNOTS.);
#9140 = CARTESIAN_POINT('',(1.570796326795,0.));
#9141 = CARTESIAN_POINT('',(1.570796326795,1.570796326795));
#9142 = ( GEOMETRIC_REPRESENTATION_CONTEXT(2) 
PARAMETRIC_REPRESENTATION_CONTEXT() REPRESENTATION_CONTEXT('2D SPACE',''
  ) );
#9143 = ORIENTED_EDGE('',*,*,#9144,.T.);
#9144 = EDGE_CURVE('',#9123,#9145,#9147,.T.);
#9145 = VERTEX_POINT('',#9146);
#9146 = CARTESIAN_POINT('',(189.98316955566,373.3475036621,60.));
#9147 = SURFACE_CURVE('',#9148,(#9152,#9159),.PCURVE_S1.);
#9148 = LINE('',#9149,#9150);
#9149 = CARTESIAN_POINT('',(157.98316955566,373.3475036621,60.));
#9150 = VECTOR('',#9151,1.);
#9151 = DIRECTION('',(1.,-1.836970198721E-16,0.));
#9152 = PCURVE('',#8392,#9153);
#9153 = DEFINITIONAL_REPRESENTATION('',(#9154),#9158);
#9154 = LINE('',#9155,#9156);
#9155 = CARTESIAN_POINT('',(-1.570796326795,0.));
#9156 = VECTOR('',#9157,1.);
#9157 = DIRECTION('',(-0.,1.));
#9158 = ( GEOMETRIC_REPRESENTATION_CONTEXT(2) 
PARAMETRIC_REPRESENTATION_CONTEXT() REPRESENTATION_CONTEXT('2D SPACE',''
  ) );
#9159 = PCURVE('',#9160,#9165);
#9160 = PLANE('',#9161);
#9161 = AXIS2_PLACEMENT_3D('',#9162,#9163,#9164);
#9162 = CARTESIAN_POINT('',(157.98316955566,362.3475036621,60.));
#9163 = DIRECTION('',(0.,0.,1.));
#9164 = DIRECTION('',(1.,0.,0.));
#9165 = DEFINITIONAL_REPRESENTATION('',(#9166),#9170);
#9166 = LINE('',#9167,#9168);
#9167 = CARTESIAN_POINT('',(0.,11.));
#9168 = VECTOR('',#9169,1.);
#9169 = DIRECTION('',(1.,-1.836970198721E-16));
#9170 = ( GEOMETRIC_REPRESENTATION_CONTEXT(2) 
PARAMETRIC_REPRESENTATION_CONTEXT() REPRESENTATION_CONTEXT('2D SPACE',''
  ) );
#9171 = ORIENTED_EDGE('',*,*,#9172,.F.);
#9172 = EDGE_CURVE('',#8377,#9145,#9173,.T.);
#9173 = SURFACE_CURVE('',#9174,(#9179,#9185),.PCURVE_S1.);
#9174 = CIRCLE('',#9175,6.);
#9175 = AXIS2_PLACEMENT_3D('',#9176,#9177,#9178);
#9176 = CARTESIAN_POINT('',(189.98316955566,373.3475036621,66.));
#9177 = DIRECTION('',(-1.,1.836970198721E-16,0.));
#9178 = DIRECTION('',(1.836970198721E-16,1.,0.));
#9179 = PCURVE('',#8392,#9180);
#9180 = DEFINITIONAL_REPRESENTATION('',(#9181),#9184);
#9181 = B_SPLINE_CURVE_WITH_KNOTS('',1,(#9182,#9183),.UNSPECIFIED.,.F.,
  .F.,(2,2),(0.,1.570796326795),.PIECEWISE_BEZIER_KNOTS.);
#9182 = CARTESIAN_POINT('',(0.,32.));
#9183 = CARTESIAN_POINT('',(-1.570796326795,32.));
#9184 = ( GEOMETRIC_REPRESENTATION_CONTEXT(2) 
PARAMETRIC_REPRESENTATION_CONTEXT() REPRESENTATION_CONTEXT('2D SPACE',''
  ) );
#9185 = PCURVE('',#8534,#9186);
#9186 = DEFINITIONAL_REPRESENTATION('',(#9187),#9190);
#9187 = B_SPLINE_CURVE_WITH_KNOTS('',1,(#9188,#9189),.UNSPECIFIED.,.F.,
  .F.,(2,2),(0.,1.570796326795),.PIECEWISE_BEZIER_KNOTS.);
#9188 = CARTESIAN_POINT('',(0.,0.));
#9189 = CARTESIAN_POINT('',(0.,1.570796326795));
#9190 = ( GEOMETRIC_REPRESENTATION_CONTEXT(2) 
PARAMETRIC_REPRESENTATION_CONTEXT() REPRESENTATION_CONTEXT('2D SPACE',''
  ) );
#9191 = ORIENTED_EDGE('',*,*,#8376,.F.);
#9192 = ADVANCED_FACE('',(#9193),#8447,.T.);
#9193 = FACE_BOUND('',#9194,.T.);
#9194 = EDGE_LOOP('',(#9195,#9217,#9218,#9219));
#9195 = ORIENTED_EDGE('',*,*,#9196,.F.);
#9196 = EDGE_CURVE('',#8431,#9197,#9199,.T.);
#9197 = VERTEX_POINT('',#9198);
#9198 = CARTESIAN_POINT('',(153.98316955566,369.3475036621,60.));
#9199 = SURFACE_CURVE('',#9200,(#9205,#9211),.PCURVE_S1.);
#9200 = CIRCLE('',#9201,6.);
#9201 = AXIS2_PLACEMENT_3D('',#9202,#9203,#9204);
#9202 = CARTESIAN_POINT('',(153.98316955566,369.3475036621,66.));
#9203 = DIRECTION('',(-2.465190328816E-32,-1.,-0.));
#9204 = DIRECTION('',(-1.,2.465190328816E-32,0.));
#9205 = PCURVE('',#8447,#9206);
#9206 = DEFINITIONAL_REPRESENTATION('',(#9207),#9210);
#9207 = B_SPLINE_CURVE_WITH_KNOTS('',1,(#9208,#9209),.UNSPECIFIED.,.F.,
  .F.,(2,2),(0.,1.570796326795),.PIECEWISE_BEZIER_KNOTS.);
#9208 = CARTESIAN_POINT('',(0.,0.));
#9209 = CARTESIAN_POINT('',(0.,1.570796326795));
#9210 = ( GEOMETRIC_REPRESENTATION_CONTEXT(2) 
PARAMETRIC_REPRESENTATION_CONTEXT() REPRESENTATION_CONTEXT('2D SPACE',''
  ) );
#9211 = PCURVE('',#8820,#9212);
#9212 = DEFINITIONAL_REPRESENTATION('',(#9213),#9216);
#9213 = B_SPLINE_CURVE_WITH_KNOTS('',1,(#9214,#9215),.UNSPECIFIED.,.F.,
  .F.,(2,2),(0.,1.570796326795),.PIECEWISE_BEZIER_KNOTS.);
#9214 = CARTESIAN_POINT('',(0.,14.));
#9215 = CARTESIAN_POINT('',(-1.570796326795,14.));
#9216 = ( GEOMETRIC_REPRESENTATION_CONTEXT(2) 
PARAMETRIC_REPRESENTATION_CONTEXT() REPRESENTATION_CONTEXT('2D SPACE',''
  ) );
#9217 = ORIENTED_EDGE('',*,*,#8430,.T.);
#9218 = ORIENTED_EDGE('',*,*,#9122,.T.);
#9219 = ORIENTED_EDGE('',*,*,#9220,.F.);
#9220 = EDGE_CURVE('',#9197,#9123,#9221,.T.);
#9221 = SURFACE_CURVE('',#9222,(#9227,#9234),.PCURVE_S1.);
#9222 = CIRCLE('',#9223,4.);
#9223 = AXIS2_PLACEMENT_3D('',#9224,#9225,#9226);
#9224 = CARTESIAN_POINT('',(157.98316955566,369.3475036621,60.));
#9225 = DIRECTION('',(0.,0.,-1.));
#9226 = DIRECTION('',(-1.,0.,0.));
#9227 = PCURVE('',#8447,#9228);
#9228 = DEFINITIONAL_REPRESENTATION('',(#9229),#9233);
#9229 = LINE('',#9230,#9231);
#9230 = CARTESIAN_POINT('',(0.,1.570796326795));
#9231 = VECTOR('',#9232,1.);
#9232 = DIRECTION('',(1.,0.));
#9233 = ( GEOMETRIC_REPRESENTATION_CONTEXT(2) 
PARAMETRIC_REPRESENTATION_CONTEXT() REPRESENTATION_CONTEXT('2D SPACE',''
  ) );
#9234 = PCURVE('',#9160,#9235);
#9235 = DEFINITIONAL_REPRESENTATION('',(#9236),#9244);
#9236 = ( BOUNDED_CURVE() B_SPLINE_CURVE(2,(#9237,#9238,#9239,#9240,
#9241,#9242,#9243),.UNSPECIFIED.,.T.,.F.) B_SPLINE_CURVE_WITH_KNOTS((1,2
    ,2,2,2,1),(-2.094395102393,0.,2.094395102393,4.188790204786,
6.28318530718,8.377580409573),.UNSPECIFIED.) CURVE() 
GEOMETRIC_REPRESENTATION_ITEM() RATIONAL_B_SPLINE_CURVE((1.,0.5,1.,0.5,
1.,0.5,1.)) REPRESENTATION_ITEM('') );
#9237 = CARTESIAN_POINT('',(-4.,7.));
#9238 = CARTESIAN_POINT('',(-4.,13.928203230276));
#9239 = CARTESIAN_POINT('',(2.,10.464101615138));
#9240 = CARTESIAN_POINT('',(8.,7.));
#9241 = CARTESIAN_POINT('',(2.,3.535898384862));
#9242 = CARTESIAN_POINT('',(-4.,7.179676972449E-02));
#9243 = CARTESIAN_POINT('',(-4.,7.));
#9244 = ( GEOMETRIC_REPRESENTATION_CONTEXT(2) 
PARAMETRIC_REPRESENTATION_CONTEXT() REPRESENTATION_CONTEXT('2D SPACE',''
  ) );
#9245 = ADVANCED_FACE('',(#9246),#8534,.T.);
#9246 = FACE_BOUND('',#9247,.T.);
#9247 = EDGE_LOOP('',(#9248,#9249,#9250,#9272));
#9248 = ORIENTED_EDGE('',*,*,#9172,.F.);
#9249 = ORIENTED_EDGE('',*,*,#8519,.T.);
#9250 = ORIENTED_EDGE('',*,*,#9251,.T.);
#9251 = EDGE_CURVE('',#8497,#9252,#9254,.T.);
#9252 = VERTEX_POINT('',#9253);
#9253 = CARTESIAN_POINT('',(193.98316955566,369.3475036621,60.));
#9254 = SURFACE_CURVE('',#9255,(#9260,#9266),.PCURVE_S1.);
#9255 = CIRCLE('',#9256,6.);
#9256 = AXIS2_PLACEMENT_3D('',#9257,#9258,#9259);
#9257 = CARTESIAN_POINT('',(193.98316955566,369.3475036621,66.));
#9258 = DIRECTION('',(-5.053215498074E-16,1.,0.));
#9259 = DIRECTION('',(1.,5.053215498074E-16,0.));
#9260 = PCURVE('',#8534,#9261);
#9261 = DEFINITIONAL_REPRESENTATION('',(#9262),#9265);
#9262 = B_SPLINE_CURVE_WITH_KNOTS('',1,(#9263,#9264),.UNSPECIFIED.,.F.,
  .F.,(2,2),(0.,1.570796326795),.PIECEWISE_BEZIER_KNOTS.);
#9263 = CARTESIAN_POINT('',(1.570796326795,0.));
#9264 = CARTESIAN_POINT('',(1.570796326795,1.570796326795));
#9265 = ( GEOMETRIC_REPRESENTATION_CONTEXT(2) 
PARAMETRIC_REPRESENTATION_CONTEXT() REPRESENTATION_CONTEXT('2D SPACE',''
  ) );
#9266 = PCURVE('',#8580,#9267);
#9267 = DEFINITIONAL_REPRESENTATION('',(#9268),#9271);
#9268 = B_SPLINE_CURVE_WITH_KNOTS('',1,(#9269,#9270),.UNSPECIFIED.,.F.,
  .F.,(2,2),(0.,1.570796326795),.PIECEWISE_BEZIER_KNOTS.);
#9269 = CARTESIAN_POINT('',(0.,0.));
#9270 = CARTESIAN_POINT('',(-1.570796326795,0.));
#9271 = ( GEOMETRIC_REPRESENTATION_CONTEXT(2) 
PARAMETRIC_REPRESENTATION_CONTEXT() REPRESENTATION_CONTEXT('2D SPACE',''
  ) );
#9272 = ORIENTED_EDGE('',*,*,#9273,.F.);
#9273 = EDGE_CURVE('',#9145,#9252,#9274,.T.);
#9274 = SURFACE_CURVE('',#9275,(#9280,#9287),.PCURVE_S1.);
#9275 = CIRCLE('',#9276,4.);
#9276 = AXIS2_PLACEMENT_3D('',#9277,#9278,#9279);
#9277 = CARTESIAN_POINT('',(189.98316955566,369.3475036621,60.));
#9278 = DIRECTION('',(0.,0.,-1.));
#9279 = DIRECTION('',(0.,1.,0.));
#9280 = PCURVE('',#8534,#9281);
#9281 = DEFINITIONAL_REPRESENTATION('',(#9282),#9286);
#9282 = LINE('',#9283,#9284);
#9283 = CARTESIAN_POINT('',(0.,1.570796326795));
#9284 = VECTOR('',#9285,1.);
#9285 = DIRECTION('',(1.,0.));
#9286 = ( GEOMETRIC_REPRESENTATION_CONTEXT(2) 
PARAMETRIC_REPRESENTATION_CONTEXT() REPRESENTATION_CONTEXT('2D SPACE',''
  ) );
#9287 = PCURVE('',#9160,#9288);
#9288 = DEFINITIONAL_REPRESENTATION('',(#9289),#9297);
#9289 = ( BOUNDED_CURVE() B_SPLINE_CURVE(2,(#9290,#9291,#9292,#9293,
#9294,#9295,#9296),.UNSPECIFIED.,.T.,.F.) B_SPLINE_CURVE_WITH_KNOTS((1,2
    ,2,2,2,1),(-2.094395102393,0.,2.094395102393,4.188790204786,
6.28318530718,8.377580409573),.UNSPECIFIED.) CURVE() 
GEOMETRIC_REPRESENTATION_ITEM() RATIONAL_B_SPLINE_CURVE((1.,0.5,1.,0.5,
1.,0.5,1.)) REPRESENTATION_ITEM('') );
#9290 = CARTESIAN_POINT('',(32.,11.));
#9291 = CARTESIAN_POINT('',(38.928203230275,11.));
#9292 = CARTESIAN_POINT('',(35.464101615138,5.));
#9293 = CARTESIAN_POINT('',(32.,-1.));
#9294 = CARTESIAN_POINT('',(28.535898384862,5.));
#9295 = CARTESIAN_POINT('',(25.071796769724,11.));
#9296 = CARTESIAN_POINT('',(32.,11.));
#9297 = ( GEOMETRIC_REPRESENTATION_CONTEXT(2) 
PARAMETRIC_REPRESENTATION_CONTEXT() REPRESENTATION_CONTEXT('2D SPACE',''
  ) );
#9298 = ADVANCED_FACE('',(#9299),#8580,.T.);
#9299 = FACE_BOUND('',#9300,.F.);
#9300 = EDGE_LOOP('',(#9301,#9302,#9325,#9345));
#9301 = ORIENTED_EDGE('',*,*,#9251,.T.);
#9302 = ORIENTED_EDGE('',*,*,#9303,.T.);
#9303 = EDGE_CURVE('',#9252,#9304,#9306,.T.);
#9304 = VERTEX_POINT('',#9305);
#9305 = CARTESIAN_POINT('',(193.98316955566,355.3475036621,60.));
#9306 = SURFACE_CURVE('',#9307,(#9311,#9318),.PCURVE_S1.);
#9307 = LINE('',#9308,#9309);
#9308 = CARTESIAN_POINT('',(193.98316955566,369.3475036621,60.));
#9309 = VECTOR('',#9310,1.);
#9310 = DIRECTION('',(-1.224646799147E-16,-1.,0.));
#9311 = PCURVE('',#8580,#9312);
#9312 = DEFINITIONAL_REPRESENTATION('',(#9313),#9317);
#9313 = LINE('',#9314,#9315);
#9314 = CARTESIAN_POINT('',(-1.570796326795,0.));
#9315 = VECTOR('',#9316,1.);
#9316 = DIRECTION('',(-0.,1.));
#9317 = ( GEOMETRIC_REPRESENTATION_CONTEXT(2) 
PARAMETRIC_REPRESENTATION_CONTEXT() REPRESENTATION_CONTEXT('2D SPACE',''
  ) );
#9318 = PCURVE('',#9160,#9319);
#9319 = DEFINITIONAL_REPRESENTATION('',(#9320),#9324);
#9320 = LINE('',#9321,#9322);
#9321 = CARTESIAN_POINT('',(36.,7.));
#9322 = VECTOR('',#9323,1.);
#9323 = DIRECTION('',(-1.224646799147E-16,-1.));
#9324 = ( GEOMETRIC_REPRESENTATION_CONTEXT(2) 
PARAMETRIC_REPRESENTATION_CONTEXT() REPRESENTATION_CONTEXT('2D SPACE',''
  ) );
#9325 = ORIENTED_EDGE('',*,*,#9326,.F.);
#9326 = EDGE_CURVE('',#8565,#9304,#9327,.T.);
#9327 = SURFACE_CURVE('',#9328,(#9333,#9339),.PCURVE_S1.);
#9328 = CIRCLE('',#9329,6.);
#9329 = AXIS2_PLACEMENT_3D('',#9330,#9331,#9332);
#9330 = CARTESIAN_POINT('',(193.98316955566,355.3475036621,66.));
#9331 = DIRECTION('',(1.224646799147E-16,1.,0.));
#9332 = DIRECTION('',(1.,-1.224646799147E-16,0.));
#9333 = PCURVE('',#8580,#9334);
#9334 = DEFINITIONAL_REPRESENTATION('',(#9335),#9338);
#9335 = B_SPLINE_CURVE_WITH_KNOTS('',1,(#9336,#9337),.UNSPECIFIED.,.F.,
  .F.,(2,2),(0.,1.570796326795),.PIECEWISE_BEZIER_KNOTS.);
#9336 = CARTESIAN_POINT('',(0.,14.));
#9337 = CARTESIAN_POINT('',(-1.570796326795,14.));
#9338 = ( GEOMETRIC_REPRESENTATION_CONTEXT(2) 
PARAMETRIC_REPRESENTATION_CONTEXT() REPRESENTATION_CONTEXT('2D SPACE',''
  ) );
#9339 = PCURVE('',#8655,#9340);
#9340 = DEFINITIONAL_REPRESENTATION('',(#9341),#9344);
#9341 = B_SPLINE_CURVE_WITH_KNOTS('',1,(#9342,#9343),.UNSPECIFIED.,.F.,
  .F.,(2,2),(0.,1.570796326795),.PIECEWISE_BEZIER_KNOTS.);
#9342 = CARTESIAN_POINT('',(0.,0.));
#9343 = CARTESIAN_POINT('',(0.,1.570796326795));
#9344 = ( GEOMETRIC_REPRESENTATION_CONTEXT(2) 
PARAMETRIC_REPRESENTATION_CONTEXT() REPRESENTATION_CONTEXT('2D SPACE',''
  ) );
#9345 = ORIENTED_EDGE('',*,*,#8564,.F.);
#9346 = ADVANCED_FACE('',(#9347),#8655,.T.);
#9347 = FACE_BOUND('',#9348,.T.);
#9348 = EDGE_LOOP('',(#9349,#9350,#9351,#9373));
#9349 = ORIENTED_EDGE('',*,*,#9326,.F.);
#9350 = ORIENTED_EDGE('',*,*,#8640,.T.);
#9351 = ORIENTED_EDGE('',*,*,#9352,.T.);
#9352 = EDGE_CURVE('',#8618,#9353,#9355,.T.);
#9353 = VERTEX_POINT('',#9354);
#9354 = CARTESIAN_POINT('',(189.98316955566,351.3475036621,60.));
#9355 = SURFACE_CURVE('',#9356,(#9361,#9367),.PCURVE_S1.);
#9356 = CIRCLE('',#9357,6.);
#9357 = AXIS2_PLACEMENT_3D('',#9358,#9359,#9360);
#9358 = CARTESIAN_POINT('',(189.98316955566,351.3475036621,66.));
#9359 = DIRECTION('',(1.,-6.123233995737E-17,0.));
#9360 = DIRECTION('',(-6.123233995737E-17,-1.,0.));
#9361 = PCURVE('',#8655,#9362);
#9362 = DEFINITIONAL_REPRESENTATION('',(#9363),#9366);
#9363 = B_SPLINE_CURVE_WITH_KNOTS('',1,(#9364,#9365),.UNSPECIFIED.,.F.,
  .F.,(2,2),(0.,1.570796326795),.PIECEWISE_BEZIER_KNOTS.);
#9364 = CARTESIAN_POINT('',(1.570796326795,0.));
#9365 = CARTESIAN_POINT('',(1.570796326795,1.570796326795));
#9366 = ( GEOMETRIC_REPRESENTATION_CONTEXT(2) 
PARAMETRIC_REPRESENTATION_CONTEXT() REPRESENTATION_CONTEXT('2D SPACE',''
  ) );
#9367 = PCURVE('',#8701,#9368);
#9368 = DEFINITIONAL_REPRESENTATION('',(#9369),#9372);
#9369 = B_SPLINE_CURVE_WITH_KNOTS('',1,(#9370,#9371),.UNSPECIFIED.,.F.,
  .F.,(2,2),(0.,1.570796326795),.PIECEWISE_BEZIER_KNOTS.);
#9370 = CARTESIAN_POINT('',(0.,0.));
#9371 = CARTESIAN_POINT('',(-1.570796326795,0.));
#9372 = ( GEOMETRIC_REPRESENTATION_CONTEXT(2) 
PARAMETRIC_REPRESENTATION_CONTEXT() REPRESENTATION_CONTEXT('2D SPACE',''
  ) );
#9373 = ORIENTED_EDGE('',*,*,#9374,.F.);
#9374 = EDGE_CURVE('',#9304,#9353,#9375,.T.);
#9375 = SURFACE_CURVE('',#9376,(#9381,#9388),.PCURVE_S1.);
#9376 = CIRCLE('',#9377,4.);
#9377 = AXIS2_PLACEMENT_3D('',#9378,#9379,#9380);
#9378 = CARTESIAN_POINT('',(189.98316955566,355.3475036621,60.));
#9379 = DIRECTION('',(0.,0.,-1.));
#9380 = DIRECTION('',(1.,0.,0.));
#9381 = PCURVE('',#8655,#9382);
#9382 = DEFINITIONAL_REPRESENTATION('',(#9383),#9387);
#9383 = LINE('',#9384,#9385);
#9384 = CARTESIAN_POINT('',(0.,1.570796326795));
#9385 = VECTOR('',#9386,1.);
#9386 = DIRECTION('',(1.,0.));
#9387 = ( GEOMETRIC_REPRESENTATION_CONTEXT(2) 
PARAMETRIC_REPRESENTATION_CONTEXT() REPRESENTATION_CONTEXT('2D SPACE',''
  ) );
#9388 = PCURVE('',#9160,#9389);
#9389 = DEFINITIONAL_REPRESENTATION('',(#9390),#9398);
#9390 = ( BOUNDED_CURVE() B_SPLINE_CURVE(2,(#9391,#9392,#9393,#9394,
#9395,#9396,#9397),.UNSPECIFIED.,.T.,.F.) B_SPLINE_CURVE_WITH_KNOTS((1,2
    ,2,2,2,1),(-2.094395102393,0.,2.094395102393,4.188790204786,
6.28318530718,8.377580409573),.UNSPECIFIED.) CURVE() 
GEOMETRIC_REPRESENTATION_ITEM() RATIONAL_B_SPLINE_CURVE((1.,0.5,1.,0.5,
1.,0.5,1.)) REPRESENTATION_ITEM('') );
#9391 = CARTESIAN_POINT('',(36.,-7.));
#9392 = CARTESIAN_POINT('',(36.,-13.92820323027));
#9393 = CARTESIAN_POINT('',(30.,-10.46410161513));
#9394 = CARTESIAN_POINT('',(24.,-7.));
#9395 = CARTESIAN_POINT('',(30.,-3.535898384862));
#9396 = CARTESIAN_POINT('',(36.,-7.179676972449E-02));
#9397 = CARTESIAN_POINT('',(36.,-7.));
#9398 = ( GEOMETRIC_REPRESENTATION_CONTEXT(2) 
PARAMETRIC_REPRESENTATION_CONTEXT() REPRESENTATION_CONTEXT('2D SPACE',''
  ) );
#9399 = ADVANCED_FACE('',(#9400),#8701,.T.);
#9400 = FACE_BOUND('',#9401,.F.);
#9401 = EDGE_LOOP('',(#9402,#9403,#9426,#9446));
#9402 = ORIENTED_EDGE('',*,*,#9352,.T.);
#9403 = ORIENTED_EDGE('',*,*,#9404,.T.);
#9404 = EDGE_CURVE('',#9353,#9405,#9407,.T.);
#9405 = VERTEX_POINT('',#9406);
#9406 = CARTESIAN_POINT('',(157.98316955566,351.3475036621,60.));
#9407 = SURFACE_CURVE('',#9408,(#9412,#9419),.PCURVE_S1.);
#9408 = LINE('',#9409,#9410);
#9409 = CARTESIAN_POINT('',(189.98316955566,351.3475036621,60.));
#9410 = VECTOR('',#9411,1.);
#9411 = DIRECTION('',(-1.,6.123233995737E-17,0.));
#9412 = PCURVE('',#8701,#9413);
#9413 = DEFINITIONAL_REPRESENTATION('',(#9414),#9418);
#9414 = LINE('',#9415,#9416);
#9415 = CARTESIAN_POINT('',(-1.570796326795,0.));
#9416 = VECTOR('',#9417,1.);
#9417 = DIRECTION('',(-0.,1.));
#9418 = ( GEOMETRIC_REPRESENTATION_CONTEXT(2) 
PARAMETRIC_REPRESENTATION_CONTEXT() REPRESENTATION_CONTEXT('2D SPACE',''
  ) );
#9419 = PCURVE('',#9160,#9420);
#9420 = DEFINITIONAL_REPRESENTATION('',(#9421),#9425);
#9421 = LINE('',#9422,#9423);
#9422 = CARTESIAN_POINT('',(32.,-11.));
#9423 = VECTOR('',#9424,1.);
#9424 = DIRECTION('',(-1.,6.123233995737E-17));
#9425 = ( GEOMETRIC_REPRESENTATION_CONTEXT(2) 
PARAMETRIC_REPRESENTATION_CONTEXT() REPRESENTATION_CONTEXT('2D SPACE',''
  ) );
#9426 = ORIENTED_EDGE('',*,*,#9427,.F.);
#9427 = EDGE_CURVE('',#8686,#9405,#9428,.T.);
#9428 = SURFACE_CURVE('',#9429,(#9434,#9440),.PCURVE_S1.);
#9429 = CIRCLE('',#9430,6.);
#9430 = AXIS2_PLACEMENT_3D('',#9431,#9432,#9433);
#9431 = CARTESIAN_POINT('',(157.98316955566,351.3475036621,66.));
#9432 = DIRECTION('',(1.,-6.123233995737E-17,0.));
#9433 = DIRECTION('',(-6.123233995737E-17,-1.,0.));
#9434 = PCURVE('',#8701,#9435);
#9435 = DEFINITIONAL_REPRESENTATION('',(#9436),#9439);
#9436 = B_SPLINE_CURVE_WITH_KNOTS('',1,(#9437,#9438),.UNSPECIFIED.,.F.,
  .F.,(2,2),(0.,1.570796326795),.PIECEWISE_BEZIER_KNOTS.);
#9437 = CARTESIAN_POINT('',(0.,32.));
#9438 = CARTESIAN_POINT('',(-1.570796326795,32.));
#9439 = ( GEOMETRIC_REPRESENTATION_CONTEXT(2) 
PARAMETRIC_REPRESENTATION_CONTEXT() REPRESENTATION_CONTEXT('2D SPACE',''
  ) );
#9440 = PCURVE('',#8776,#9441);
#9441 = DEFINITIONAL_REPRESENTATION('',(#9442),#9445);
#9442 = B_SPLINE_CURVE_WITH_KNOTS('',1,(#9443,#9444),.UNSPECIFIED.,.F.,
  .F.,(2,2),(0.,1.570796326795),.PIECEWISE_BEZIER_KNOTS.);
#9443 = CARTESIAN_POINT('',(0.,0.));
#9444 = CARTESIAN_POINT('',(0.,1.570796326795));
#9445 = ( GEOMETRIC_REPRESENTATION_CONTEXT(2) 
PARAMETRIC_REPRESENTATION_CONTEXT() REPRESENTATION_CONTEXT('2D SPACE',''
  ) );
#9446 = ORIENTED_EDGE('',*,*,#8685,.F.);
#9447 = ADVANCED_FACE('',(#9448),#8776,.T.);
#9448 = FACE_BOUND('',#9449,.T.);
#9449 = EDGE_LOOP('',(#9450,#9451,#9452,#9474));
#9450 = ORIENTED_EDGE('',*,*,#9427,.F.);
#9451 = ORIENTED_EDGE('',*,*,#8761,.T.);
#9452 = ORIENTED_EDGE('',*,*,#9453,.T.);
#9453 = EDGE_CURVE('',#8739,#9454,#9456,.T.);
#9454 = VERTEX_POINT('',#9455);
#9455 = CARTESIAN_POINT('',(153.98316955566,355.3475036621,60.));
#9456 = SURFACE_CURVE('',#9457,(#9462,#9468),.PCURVE_S1.);
#9457 = CIRCLE('',#9458,6.);
#9458 = AXIS2_PLACEMENT_3D('',#9459,#9460,#9461);
#9459 = CARTESIAN_POINT('',(153.98316955566,355.3475036621,66.));
#9460 = DIRECTION('',(6.123233995737E-17,-1.,0.));
#9461 = DIRECTION('',(-1.,-6.123233995737E-17,0.));
#9462 = PCURVE('',#8776,#9463);
#9463 = DEFINITIONAL_REPRESENTATION('',(#9464),#9467);
#9464 = B_SPLINE_CURVE_WITH_KNOTS('',1,(#9465,#9466),.UNSPECIFIED.,.F.,
  .F.,(2,2),(0.,1.570796326795),.PIECEWISE_BEZIER_KNOTS.);
#9465 = CARTESIAN_POINT('',(1.570796326795,0.));
#9466 = CARTESIAN_POINT('',(1.570796326795,1.570796326795));
#9467 = ( GEOMETRIC_REPRESENTATION_CONTEXT(2) 
PARAMETRIC_REPRESENTATION_CONTEXT() REPRESENTATION_CONTEXT('2D SPACE',''
  ) );
#9468 = PCURVE('',#8820,#9469);
#9469 = DEFINITIONAL_REPRESENTATION('',(#9470),#9473);
#9470 = B_SPLINE_CURVE_WITH_KNOTS('',1,(#9471,#9472),.UNSPECIFIED.,.F.,
  .F.,(2,2),(0.,1.570796326795),.PIECEWISE_BEZIER_KNOTS.);
#9471 = CARTESIAN_POINT('',(0.,0.));
#9472 = CARTESIAN_POINT('',(-1.570796326795,0.));
#9473 = ( GEOMETRIC_REPRESENTATION_CONTEXT(2) 
PARAMETRIC_REPRESENTATION_CONTEXT() REPRESENTATION_CONTEXT('2D SPACE',''
  ) );
#9474 = ORIENTED_EDGE('',*,*,#9475,.F.);
#9475 = EDGE_CURVE('',#9405,#9454,#9476,.T.);
#9476 = SURFACE_CURVE('',#9477,(#9482,#9489),.PCURVE_S1.);
#9477 = CIRCLE('',#9478,4.);
#9478 = AXIS2_PLACEMENT_3D('',#9479,#9480,#9481);
#9479 = CARTESIAN_POINT('',(157.98316955566,355.3475036621,60.));
#9480 = DIRECTION('',(-0.,-0.,-1.));
#9481 = DIRECTION('',(0.,-1.,0.));
#9482 = PCURVE('',#8776,#9483);
#9483 = DEFINITIONAL_REPRESENTATION('',(#9484),#9488);
#9484 = LINE('',#9485,#9486);
#9485 = CARTESIAN_POINT('',(0.,1.570796326795));
#9486 = VECTOR('',#9487,1.);
#9487 = DIRECTION('',(1.,0.));
#9488 = ( GEOMETRIC_REPRESENTATION_CONTEXT(2) 
PARAMETRIC_REPRESENTATION_CONTEXT() REPRESENTATION_CONTEXT('2D SPACE',''
  ) );
#9489 = PCURVE('',#9160,#9490);
#9490 = DEFINITIONAL_REPRESENTATION('',(#9491),#9499);
#9491 = ( BOUNDED_CURVE() B_SPLINE_CURVE(2,(#9492,#9493,#9494,#9495,
#9496,#9497,#9498),.UNSPECIFIED.,.T.,.F.) B_SPLINE_CURVE_WITH_KNOTS((1,2
    ,2,2,2,1),(-2.094395102393,0.,2.094395102393,4.188790204786,
6.28318530718,8.377580409573),.UNSPECIFIED.) CURVE() 
GEOMETRIC_REPRESENTATION_ITEM() RATIONAL_B_SPLINE_CURVE((1.,0.5,1.,0.5,
1.,0.5,1.)) REPRESENTATION_ITEM('') );
#9492 = CARTESIAN_POINT('',(0.,-11.));
#9493 = CARTESIAN_POINT('',(-6.928203230276,-11.));
#9494 = CARTESIAN_POINT('',(-3.464101615138,-5.));
#9495 = CARTESIAN_POINT('',(-9.797174393179E-16,1.));
#9496 = CARTESIAN_POINT('',(3.464101615138,-5.));
#9497 = CARTESIAN_POINT('',(6.928203230276,-11.));
#9498 = CARTESIAN_POINT('',(0.,-11.));
#9499 = ( GEOMETRIC_REPRESENTATION_CONTEXT(2) 
PARAMETRIC_REPRESENTATION_CONTEXT() REPRESENTATION_CONTEXT('2D SPACE',''
  ) );
#9500 = ADVANCED_FACE('',(#9501),#8820,.T.);
#9501 = FACE_BOUND('',#9502,.F.);
#9502 = EDGE_LOOP('',(#9503,#9504,#9525,#9526));
#9503 = ORIENTED_EDGE('',*,*,#9453,.T.);
#9504 = ORIENTED_EDGE('',*,*,#9505,.T.);
#9505 = EDGE_CURVE('',#9454,#9197,#9506,.T.);
#9506 = SURFACE_CURVE('',#9507,(#9511,#9518),.PCURVE_S1.);
#9507 = LINE('',#9508,#9509);
#9508 = CARTESIAN_POINT('',(153.98316955566,355.3475036621,60.));
#9509 = VECTOR('',#9510,1.);
#9510 = DIRECTION('',(2.465190328816E-32,1.,0.));
#9511 = PCURVE('',#8820,#9512);
#9512 = DEFINITIONAL_REPRESENTATION('',(#9513),#9517);
#9513 = LINE('',#9514,#9515);
#9514 = CARTESIAN_POINT('',(-1.570796326795,0.));
#9515 = VECTOR('',#9516,1.);
#9516 = DIRECTION('',(-0.,1.));
#9517 = ( GEOMETRIC_REPRESENTATION_CONTEXT(2) 
PARAMETRIC_REPRESENTATION_CONTEXT() REPRESENTATION_CONTEXT('2D SPACE',''
  ) );
#9518 = PCURVE('',#9160,#9519);
#9519 = DEFINITIONAL_REPRESENTATION('',(#9520),#9524);
#9520 = LINE('',#9521,#9522);
#9521 = CARTESIAN_POINT('',(-4.,-7.));
#9522 = VECTOR('',#9523,1.);
#9523 = DIRECTION('',(2.465190328816E-32,1.));
#9524 = ( GEOMETRIC_REPRESENTATION_CONTEXT(2) 
PARAMETRIC_REPRESENTATION_CONTEXT() REPRESENTATION_CONTEXT('2D SPACE',''
  ) );
#9525 = ORIENTED_EDGE('',*,*,#9196,.F.);
#9526 = ORIENTED_EDGE('',*,*,#8806,.F.);
#9527 = ADVANCED_FACE('',(#9528),#8896,.T.);
#9528 = FACE_BOUND('',#9529,.T.);
#9529 = EDGE_LOOP('',(#9530,#9531,#9532,#9533));
#9530 = ORIENTED_EDGE('',*,*,#8984,.T.);
#9531 = ORIENTED_EDGE('',*,*,#8933,.T.);
#9532 = ORIENTED_EDGE('',*,*,#8882,.T.);
#9533 = ORIENTED_EDGE('',*,*,#9009,.T.);
#9534 = ADVANCED_FACE('',(#9535),#9107,.F.);
#9535 = FACE_BOUND('',#9536,.F.);
#9536 = EDGE_LOOP('',(#9537,#9560,#9582,#9583));
#9537 = ORIENTED_EDGE('',*,*,#9538,.T.);
#9538 = EDGE_CURVE('',#9069,#9539,#9541,.T.);
#9539 = VERTEX_POINT('',#9540);
#9540 = CARTESIAN_POINT('',(176.62037562814,362.97465461249,60.));
#9541 = SEAM_CURVE('',#9542,(#9546,#9553),.PCURVE_S1.);
#9542 = LINE('',#9543,#9544);
#9543 = CARTESIAN_POINT('',(176.62037562814,362.97465461249,61.));
#9544 = VECTOR('',#9545,1.);
#9545 = DIRECTION('',(-0.,-0.,-1.));
#9546 = PCURVE('',#9107,#9547);
#9547 = DEFINITIONAL_REPRESENTATION('',(#9548),#9552);
#9548 = LINE('',#9549,#9550);
#9549 = CARTESIAN_POINT('',(0.,0.));
#9550 = VECTOR('',#9551,1.);
#9551 = DIRECTION('',(0.,-1.));
#9552 = ( GEOMETRIC_REPRESENTATION_CONTEXT(2) 
PARAMETRIC_REPRESENTATION_CONTEXT() REPRESENTATION_CONTEXT('2D SPACE',''
  ) );
#9553 = PCURVE('',#9107,#9554);
#9554 = DEFINITIONAL_REPRESENTATION('',(#9555),#9559);
#9555 = LINE('',#9556,#9557);
#9556 = CARTESIAN_POINT('',(6.28318530718,0.));
#9557 = VECTOR('',#9558,1.);
#9558 = DIRECTION('',(0.,-1.));
#9559 = ( GEOMETRIC_REPRESENTATION_CONTEXT(2) 
PARAMETRIC_REPRESENTATION_CONTEXT() REPRESENTATION_CONTEXT('2D SPACE',''
  ) );
#9560 = ORIENTED_EDGE('',*,*,#9561,.T.);
#9561 = EDGE_CURVE('',#9539,#9539,#9562,.T.);
#9562 = SURFACE_CURVE('',#9563,(#9568,#9575),.PCURVE_S1.);
#9563 = CIRCLE('',#9564,1.913161703981);
#9564 = AXIS2_PLACEMENT_3D('',#9565,#9566,#9567);
#9565 = CARTESIAN_POINT('',(174.70721392416,362.97465461249,60.));
#9566 = DIRECTION('',(0.,-0.,1.));
#9567 = DIRECTION('',(0.,-1.,-0.));
#9568 = PCURVE('',#9107,#9569);
#9569 = DEFINITIONAL_REPRESENTATION('',(#9570),#9574);
#9570 = LINE('',#9571,#9572);
#9571 = CARTESIAN_POINT('',(-1.570796326795,-1.));
#9572 = VECTOR('',#9573,1.);
#9573 = DIRECTION('',(1.,0.));
#9574 = ( GEOMETRIC_REPRESENTATION_CONTEXT(2) 
PARAMETRIC_REPRESENTATION_CONTEXT() REPRESENTATION_CONTEXT('2D SPACE',''
  ) );
#9575 = PCURVE('',#9160,#9576);
#9576 = DEFINITIONAL_REPRESENTATION('',(#9577),#9581);
#9577 = CIRCLE('',#9578,1.913161703981);
#9578 = AXIS2_PLACEMENT_2D('',#9579,#9580);
#9579 = CARTESIAN_POINT('',(16.724044368499,0.627150950382));
#9580 = DIRECTION('',(0.,-1.));
#9581 = ( GEOMETRIC_REPRESENTATION_CONTEXT(2) 
PARAMETRIC_REPRESENTATION_CONTEXT() REPRESENTATION_CONTEXT('2D SPACE',''
  ) );
#9582 = ORIENTED_EDGE('',*,*,#9538,.F.);
#9583 = ORIENTED_EDGE('',*,*,#9092,.F.);
#9584 = ADVANCED_FACE('',(#9585,#9595),#9160,.F.);
#9585 = FACE_BOUND('',#9586,.F.);
#9586 = EDGE_LOOP('',(#9587,#9588,#9589,#9590,#9591,#9592,#9593,#9594));
#9587 = ORIENTED_EDGE('',*,*,#9404,.F.);
#9588 = ORIENTED_EDGE('',*,*,#9374,.F.);
#9589 = ORIENTED_EDGE('',*,*,#9303,.F.);
#9590 = ORIENTED_EDGE('',*,*,#9273,.F.);
#9591 = ORIENTED_EDGE('',*,*,#9144,.F.);
#9592 = ORIENTED_EDGE('',*,*,#9220,.F.);
#9593 = ORIENTED_EDGE('',*,*,#9505,.F.);
#9594 = ORIENTED_EDGE('',*,*,#9475,.F.);
#9595 = FACE_BOUND('',#9596,.F.);
#9596 = EDGE_LOOP('',(#9597));
#9597 = ORIENTED_EDGE('',*,*,#9561,.F.);
#9598 = ( GEOMETRIC_REPRESENTATION_CONTEXT(3) 
GLOBAL_UNCERTAINTY_ASSIGNED_CONTEXT((#9602)) 
GLOBAL_UNIT_ASSIGNED_CONTEXT((#9599,#9600,#9601)) REPRESENTATION_CONTEXT
('Context #1','3D Context with UNIT and UNCERTAINTY') );
#9599 = ( LENGTH_UNIT() NAMED_UNIT(*) SI_UNIT(.MILLI.,.METRE.) );
#9600 = ( NAMED_UNIT(*) PLANE_ANGLE_UNIT() SI_UNIT($,.RADIAN.) );
#9601 = ( NAMED_UNIT(*) SI_UNIT($,.STERADIAN.) SOLID_ANGLE_UNIT() );
#9602 = UNCERTAINTY_MEASURE_WITH_UNIT(LENGTH_MEASURE(5.E-03),#9599,
  'distance_accuracy_value','confusion accuracy');
#9603 = CONTEXT_DEPENDENT_SHAPE_REPRESENTATION(#9604,#9606);
#9604 = ( REPRESENTATION_RELATIONSHIP('','',#40,#10) 
REPRESENTATION_RELATIONSHIP_WITH_TRANSFORMATION(#9605) 
SHAPE_REPRESENTATION_RELATIONSHIP() );
#9605 = ITEM_DEFINED_TRANSFORMATION('','',#11,#15);
#9606 = PRODUCT_DEFINITION_SHAPE('Placement','Placement of an item',
  #9607);
#9607 = NEXT_ASSEMBLY_USAGE_OCCURRENCE('1','','',#5,#35,$);
#9608 = PRODUCT_RELATED_PRODUCT_CATEGORY('part',$,(#37));
#9609 = SHAPE_DEFINITION_REPRESENTATION(#9610,#9616);
#9610 = PRODUCT_DEFINITION_SHAPE('','',#9611);
#9611 = PRODUCT_DEFINITION('design','',#9612,#9615);
#9612 = PRODUCT_DEFINITION_FORMATION('','',#9613);
#9613 = PRODUCT('Open CASCADE STEP translator 8.0 1.2',
  'Open CASCADE STEP translator 8.0 1.2','',(#9614));
#9614 = PRODUCT_CONTEXT('',#2,'mechanical');
#9615 = PRODUCT_DEFINITION_CONTEXT('part definition',#2,'design');
#9616 = ADVANCED_BREP_SHAPE_REPRESENTATION('',(#11,#9617),#10615);
#9617 = MANIFOLD_SOLID_BREP('',#9618);
#9618 = CLOSED_SHELL('',(#9619,#9985,#10061,#10110,#10159,#10186,#10257,
    #10311,#10365,#10414,#10463,#10517,#10571,#10598));
#9619 = ADVANCED_FACE('',(#9620,#9739),#9634,.F.);
#9620 = FACE_BOUND('',#9621,.F.);
#9621 = EDGE_LOOP('',(#9622,#9657,#9685,#9713));
#9622 = ORIENTED_EDGE('',*,*,#9623,.T.);
#9623 = EDGE_CURVE('',#9624,#9626,#9628,.T.);
#9624 = VERTEX_POINT('',#9625);
#9625 = CARTESIAN_POINT('',(107.98316955566,387.3475036621,80.));
#9626 = VERTEX_POINT('',#9627);
#9627 = CARTESIAN_POINT('',(207.98316955566,387.3475036621,80.));
#9628 = SURFACE_CURVE('',#9629,(#9633,#9645),.PCURVE_S1.);
#9629 = LINE('',#9630,#9631);
#9630 = CARTESIAN_POINT('',(107.98316955566,387.3475036621,80.));
#9631 = VECTOR('',#9632,1.);
#9632 = DIRECTION('',(1.,1.224646799147E-16,1.224646799147E-16));
#9633 = PCURVE('',#9634,#9639);
#9634 = PLANE('',#9635);
#9635 = AXIS2_PLACEMENT_3D('',#9636,#9637,#9638);
#9636 = CARTESIAN_POINT('',(157.98316955566,363.8475036621,80.));
#9637 = DIRECTION('',(1.224646799147E-16,1.499759782662E-32,-1.));
#9638 = DIRECTION('',(1.,1.224646799147E-16,1.224646799147E-16));
#9639 = DEFINITIONAL_REPRESENTATION('',(#9640),#9644);
#9640 = LINE('',#9641,#9642);
#9641 = CARTESIAN_POINT('',(-50.,-23.5));
#9642 = VECTOR('',#9643,1.);
#9643 = DIRECTION('',(1.,0.));
#9644 = ( GEOMETRIC_REPRESENTATION_CONTEXT(2) 
PARAMETRIC_REPRESENTATION_CONTEXT() REPRESENTATION_CONTEXT('2D SPACE',''
  ) );
#9645 = PCURVE('',#9646,#9651);
#9646 = PLANE('',#9647);
#9647 = AXIS2_PLACEMENT_3D('',#9648,#9649,#9650);
#9648 = CARTESIAN_POINT('',(107.98316955566,387.3475036621,78.));
#9649 = DIRECTION('',(-1.224646799147E-16,1.,0.));
#9650 = DIRECTION('',(1.,1.224646799147E-16,1.224646799147E-16));
#9651 = DEFINITIONAL_REPRESENTATION('',(#9652),#9656);
#9652 = LINE('',#9653,#9654);
#9653 = CARTESIAN_POINT('',(2.449293598295E-16,-2.));
#9654 = VECTOR('',#9655,1.);
#9655 = DIRECTION('',(1.,0.));
#9656 = ( GEOMETRIC_REPRESENTATION_CONTEXT(2) 
PARAMETRIC_REPRESENTATION_CONTEXT() REPRESENTATION_CONTEXT('2D SPACE',''
  ) );
#9657 = ORIENTED_EDGE('',*,*,#9658,.T.);
#9658 = EDGE_CURVE('',#9626,#9659,#9661,.T.);
#9659 = VERTEX_POINT('',#9660);
#9660 = CARTESIAN_POINT('',(207.98316955566,333.3475036621,80.));
#9661 = SURFACE_CURVE('',#9662,(#9666,#9673),.PCURVE_S1.);
#9662 = LINE('',#9663,#9664);
#9663 = CARTESIAN_POINT('',(207.98316955566,387.3475036621,80.));
#9664 = VECTOR('',#9665,1.);
#9665 = DIRECTION('',(1.224646799147E-16,-1.,0.));
#9666 = PCURVE('',#9634,#9667);
#9667 = DEFINITIONAL_REPRESENTATION('',(#9668),#9672);
#9668 = LINE('',#9669,#9670);
#9669 = CARTESIAN_POINT('',(50.,-23.5));
#9670 = VECTOR('',#9671,1.);
#9671 = DIRECTION('',(0.,1.));
#9672 = ( GEOMETRIC_REPRESENTATION_CONTEXT(2) 
PARAMETRIC_REPRESENTATION_CONTEXT() REPRESENTATION_CONTEXT('2D SPACE',''
  ) );
#9673 = PCURVE('',#9674,#9679);
#9674 = PLANE('',#9675);
#9675 = AXIS2_PLACEMENT_3D('',#9676,#9677,#9678);
#9676 = CARTESIAN_POINT('',(207.98316955566,387.3475036621,78.));
#9677 = DIRECTION('',(1.,1.224646799147E-16,1.224646799147E-16));
#9678 = DIRECTION('',(1.224646799147E-16,-1.,0.));
#9679 = DEFINITIONAL_REPRESENTATION('',(#9680),#9684);
#9680 = LINE('',#9681,#9682);
#9681 = CARTESIAN_POINT('',(0.,-2.));
#9682 = VECTOR('',#9683,1.);
#9683 = DIRECTION('',(1.,0.));
#9684 = ( GEOMETRIC_REPRESENTATION_CONTEXT(2) 
PARAMETRIC_REPRESENTATION_CONTEXT() REPRESENTATION_CONTEXT('2D SPACE',''
  ) );
#9685 = ORIENTED_EDGE('',*,*,#9686,.T.);
#9686 = EDGE_CURVE('',#9659,#9687,#9689,.T.);
#9687 = VERTEX_POINT('',#9688);
#9688 = CARTESIAN_POINT('',(107.98316955566,333.3475036621,80.));
#9689 = SURFACE_CURVE('',#9690,(#9694,#9701),.PCURVE_S1.);
#9690 = LINE('',#9691,#9692);
#9691 = CARTESIAN_POINT('',(207.98316955566,333.3475036621,80.));
#9692 = VECTOR('',#9693,1.);
#9693 = DIRECTION('',(-1.,0.,-1.224646799147E-16));
#9694 = PCURVE('',#9634,#9695);
#9695 = DEFINITIONAL_REPRESENTATION('',(#9696),#9700);
#9696 = LINE('',#9697,#9698);
#9697 = CARTESIAN_POINT('',(50.,30.5));
#9698 = VECTOR('',#9699,1.);
#9699 = DIRECTION('',(-1.,-1.224646799147E-16));
#9700 = ( GEOMETRIC_REPRESENTATION_CONTEXT(2) 
PARAMETRIC_REPRESENTATION_CONTEXT() REPRESENTATION_CONTEXT('2D SPACE',''
  ) );
#9701 = PCURVE('',#9702,#9707);
#9702 = PLANE('',#9703);
#9703 = AXIS2_PLACEMENT_3D('',#9704,#9705,#9706);
#9704 = CARTESIAN_POINT('',(207.98316955566,333.3475036621,78.));
#9705 = DIRECTION('',(1.836676017327E-48,-1.,-1.499759782662E-32));
#9706 = DIRECTION('',(-1.,0.,-1.224646799147E-16));
#9707 = DEFINITIONAL_REPRESENTATION('',(#9708),#9712);
#9708 = LINE('',#9709,#9710);
#9709 = CARTESIAN_POINT('',(-2.449293598295E-16,-2.));
#9710 = VECTOR('',#9711,1.);
#9711 = DIRECTION('',(1.,0.));
#9712 = ( GEOMETRIC_REPRESENTATION_CONTEXT(2) 
PARAMETRIC_REPRESENTATION_CONTEXT() REPRESENTATION_CONTEXT('2D SPACE',''
  ) );
#9713 = ORIENTED_EDGE('',*,*,#9714,.T.);
#9714 = EDGE_CURVE('',#9687,#9624,#9715,.T.);
#9715 = SURFACE_CURVE('',#9716,(#9720,#9727),.PCURVE_S1.);
#9716 = LINE('',#9717,#9718);
#9717 = CARTESIAN_POINT('',(107.98316955566,323.10439710539,80.));
#9718 = VECTOR('',#9719,1.);
#9719 = DIRECTION('',(-1.224646799147E-16,1.,0.));
#9720 = PCURVE('',#9634,#9721);
#9721 = DEFINITIONAL_REPRESENTATION('',(#9722),#9726);
#9722 = LINE('',#9723,#9724);
#9723 = CARTESIAN_POINT('',(-50.,40.743106556712));
#9724 = VECTOR('',#9725,1.);
#9725 = DIRECTION('',(0.,-1.));
#9726 = ( GEOMETRIC_REPRESENTATION_CONTEXT(2) 
PARAMETRIC_REPRESENTATION_CONTEXT() REPRESENTATION_CONTEXT('2D SPACE',''
  ) );
#9727 = PCURVE('',#9728,#9733);
#9728 = PLANE('',#9729);
#9729 = AXIS2_PLACEMENT_3D('',#9730,#9731,#9732);
#9730 = CARTESIAN_POINT('',(107.98316955566,333.3475036621,78.));
#9731 = DIRECTION('',(-1.,-1.224646799147E-16,-1.224646799147E-16));
#9732 = DIRECTION('',(-1.224646799147E-16,1.,0.));
#9733 = DEFINITIONAL_REPRESENTATION('',(#9734),#9738);
#9734 = LINE('',#9735,#9736);
#9735 = CARTESIAN_POINT('',(-10.24310655671,-2.));
#9736 = VECTOR('',#9737,1.);
#9737 = DIRECTION('',(1.,0.));
#9738 = ( GEOMETRIC_REPRESENTATION_CONTEXT(2) 
PARAMETRIC_REPRESENTATION_CONTEXT() REPRESENTATION_CONTEXT('2D SPACE',''
  ) );
#9739 = FACE_BOUND('',#9740,.F.);
#9740 = EDGE_LOOP('',(#9741,#9771,#9804,#9832,#9865,#9893,#9926,#9954));
#9741 = ORIENTED_EDGE('',*,*,#9742,.F.);
#9742 = EDGE_CURVE('',#9743,#9745,#9747,.T.);
#9743 = VERTEX_POINT('',#9744);
#9744 = CARTESIAN_POINT('',(157.1258606444,380.16310824723,80.));
#9745 = VERTEX_POINT('',#9746);
#9746 = CARTESIAN_POINT('',(190.65567016601,380.16310824723,80.));
#9747 = SURFACE_CURVE('',#9748,(#9752,#9759),.PCURVE_S1.);
#9748 = LINE('',#9749,#9750);
#9749 = CARTESIAN_POINT('',(147.1258606444,380.16310824723,80.));
#9750 = VECTOR('',#9751,1.);
#9751 = DIRECTION('',(1.,0.,0.));
#9752 = PCURVE('',#9634,#9753);
#9753 = DEFINITIONAL_REPRESENTATION('',(#9754),#9758);
#9754 = LINE('',#9755,#9756);
#9755 = CARTESIAN_POINT('',(-10.85730891126,-16.31560458512));
#9756 = VECTOR('',#9757,1.);
#9757 = DIRECTION('',(1.,1.224646799147E-16));
#9758 = ( GEOMETRIC_REPRESENTATION_CONTEXT(2) 
PARAMETRIC_REPRESENTATION_CONTEXT() REPRESENTATION_CONTEXT('2D SPACE',''
  ) );
#9759 = PCURVE('',#9760,#9765);
#9760 = PLANE('',#9761);
#9761 = AXIS2_PLACEMENT_3D('',#9762,#9763,#9764);
#9762 = CARTESIAN_POINT('',(157.1258606444,380.16310824723,80.));
#9763 = DIRECTION('',(0.,-1.,0.));
#9764 = DIRECTION('',(1.,0.,0.));
#9765 = DEFINITIONAL_REPRESENTATION('',(#9766),#9770);
#9766 = LINE('',#9767,#9768);
#9767 = CARTESIAN_POINT('',(-10.,0.));
#9768 = VECTOR('',#9769,1.);
#9769 = DIRECTION('',(1.,0.));
#9770 = ( GEOMETRIC_REPRESENTATION_CONTEXT(2) 
PARAMETRIC_REPRESENTATION_CONTEXT() REPRESENTATION_CONTEXT('2D SPACE',''
  ) );
#9771 = ORIENTED_EDGE('',*,*,#9772,.T.);
#9772 = EDGE_CURVE('',#9743,#9773,#9775,.T.);
#9773 = VERTEX_POINT('',#9774);
#9774 = CARTESIAN_POINT('',(147.1258606444,370.16310824723,80.));
#9775 = SURFACE_CURVE('',#9776,(#9781,#9792),.PCURVE_S1.);
#9776 = CIRCLE('',#9777,10.);
#9777 = AXIS2_PLACEMENT_3D('',#9778,#9779,#9780);
#9778 = CARTESIAN_POINT('',(157.1258606444,370.16310824723,80.));
#9779 = DIRECTION('',(0.,-0.,1.));
#9780 = DIRECTION('',(1.,0.,0.));
#9781 = PCURVE('',#9634,#9782);
#9782 = DEFINITIONAL_REPRESENTATION('',(#9783),#9791);
#9783 = ( BOUNDED_CURVE() B_SPLINE_CURVE(2,(#9784,#9785,#9786,#9787,
#9788,#9789,#9790),.UNSPECIFIED.,.T.,.F.) B_SPLINE_CURVE_WITH_KNOTS((1,2
    ,2,2,2,1),(-2.094395102393,0.,2.094395102393,4.188790204786,
6.28318530718,8.377580409573),.UNSPECIFIED.) CURVE() 
GEOMETRIC_REPRESENTATION_ITEM() RATIONAL_B_SPLINE_CURVE((1.,0.5,1.,0.5,
1.,0.5,1.)) REPRESENTATION_ITEM('') );
#9784 = CARTESIAN_POINT('',(9.142691088736,-6.315604585126));
#9785 = CARTESIAN_POINT('',(9.142691088736,-23.63611266081));
#9786 = CARTESIAN_POINT('',(-5.857308911264,-14.97585862297));
#9787 = CARTESIAN_POINT('',(-20.85730891126,-6.315604585126));
#9788 = CARTESIAN_POINT('',(-5.857308911264,2.344649452718));
#9789 = CARTESIAN_POINT('',(9.142691088736,11.004903490563));
#9790 = CARTESIAN_POINT('',(9.142691088736,-6.315604585126));
#9791 = ( GEOMETRIC_REPRESENTATION_CONTEXT(2) 
PARAMETRIC_REPRESENTATION_CONTEXT() REPRESENTATION_CONTEXT('2D SPACE',''
  ) );
#9792 = PCURVE('',#9793,#9798);
#9793 = CYLINDRICAL_SURFACE('',#9794,10.);
#9794 = AXIS2_PLACEMENT_3D('',#9795,#9796,#9797);
#9795 = CARTESIAN_POINT('',(157.1258606444,370.16310824723,80.));
#9796 = DIRECTION('',(0.,-0.,1.));
#9797 = DIRECTION('',(1.,0.,0.));
#9798 = DEFINITIONAL_REPRESENTATION('',(#9799),#9803);
#9799 = LINE('',#9800,#9801);
#9800 = CARTESIAN_POINT('',(0.,0.));
#9801 = VECTOR('',#9802,1.);
#9802 = DIRECTION('',(1.,0.));
#9803 = ( GEOMETRIC_REPRESENTATION_CONTEXT(2) 
PARAMETRIC_REPRESENTATION_CONTEXT() REPRESENTATION_CONTEXT('2D SPACE',''
  ) );
#9804 = ORIENTED_EDGE('',*,*,#9805,.F.);
#9805 = EDGE_CURVE('',#9806,#9773,#9808,.T.);
#9806 = VERTEX_POINT('',#9807);
#9807 = CARTESIAN_POINT('',(147.1258606444,354.16751098632,80.));
#9808 = SURFACE_CURVE('',#9809,(#9813,#9820),.PCURVE_S1.);
#9809 = LINE('',#9810,#9811);
#9810 = CARTESIAN_POINT('',(147.1258606444,344.16751098632,80.));
#9811 = VECTOR('',#9812,1.);
#9812 = DIRECTION('',(-0.,1.,0.));
#9813 = PCURVE('',#9634,#9814);
#9814 = DEFINITIONAL_REPRESENTATION('',(#9815),#9819);
#9815 = LINE('',#9816,#9817);
#9816 = CARTESIAN_POINT('',(-10.85730891126,19.679992675781));
#9817 = VECTOR('',#9818,1.);
#9818 = DIRECTION('',(1.224646799147E-16,-1.));
#9819 = ( GEOMETRIC_REPRESENTATION_CONTEXT(2) 
PARAMETRIC_REPRESENTATION_CONTEXT() REPRESENTATION_CONTEXT('2D SPACE',''
  ) );
#9820 = PCURVE('',#9821,#9826);
#9821 = PLANE('',#9822);
#9822 = AXIS2_PLACEMENT_3D('',#9823,#9824,#9825);
#9823 = CARTESIAN_POINT('',(147.1258606444,354.16751098632,80.));
#9824 = DIRECTION('',(1.,0.,-0.));
#9825 = DIRECTION('',(0.,1.,0.));
#9826 = DEFINITIONAL_REPRESENTATION('',(#9827),#9831);
#9827 = LINE('',#9828,#9829);
#9828 = CARTESIAN_POINT('',(-10.,0.));
#9829 = VECTOR('',#9830,1.);
#9830 = DIRECTION('',(1.,0.));
#9831 = ( GEOMETRIC_REPRESENTATION_CONTEXT(2) 
PARAMETRIC_REPRESENTATION_CONTEXT() REPRESENTATION_CONTEXT('2D SPACE',''
  ) );
#9832 = ORIENTED_EDGE('',*,*,#9833,.T.);
#9833 = EDGE_CURVE('',#9806,#9834,#9836,.T.);
#9834 = VERTEX_POINT('',#9835);
#9835 = CARTESIAN_POINT('',(157.1258606444,344.16751098632,80.));
#9836 = SURFACE_CURVE('',#9837,(#9842,#9853),.PCURVE_S1.);
#9837 = CIRCLE('',#9838,10.);
#9838 = AXIS2_PLACEMENT_3D('',#9839,#9840,#9841);
#9839 = CARTESIAN_POINT('',(157.1258606444,354.16751098632,80.));
#9840 = DIRECTION('',(0.,-0.,1.));
#9841 = DIRECTION('',(1.,0.,0.));
#9842 = PCURVE('',#9634,#9843);
#9843 = DEFINITIONAL_REPRESENTATION('',(#9844),#9852);
#9844 = ( BOUNDED_CURVE() B_SPLINE_CURVE(2,(#9845,#9846,#9847,#9848,
#9849,#9850,#9851),.UNSPECIFIED.,.T.,.F.) B_SPLINE_CURVE_WITH_KNOTS((1,2
    ,2,2,2,1),(-2.094395102393,0.,2.094395102393,4.188790204786,
6.28318530718,8.377580409573),.UNSPECIFIED.) CURVE() 
GEOMETRIC_REPRESENTATION_ITEM() RATIONAL_B_SPLINE_CURVE((1.,0.5,1.,0.5,
1.,0.5,1.)) REPRESENTATION_ITEM('') );
#9845 = CARTESIAN_POINT('',(9.142691088736,9.679992675781));
#9846 = CARTESIAN_POINT('',(9.142691088736,-7.640515399908));
#9847 = CARTESIAN_POINT('',(-5.857308911264,1.019738637937));
#9848 = CARTESIAN_POINT('',(-20.85730891126,9.679992675781));
#9849 = CARTESIAN_POINT('',(-5.857308911264,18.340246713626));
#9850 = CARTESIAN_POINT('',(9.142691088736,27.00050075147));
#9851 = CARTESIAN_POINT('',(9.142691088736,9.679992675781));
#9852 = ( GEOMETRIC_REPRESENTATION_CONTEXT(2) 
PARAMETRIC_REPRESENTATION_CONTEXT() REPRESENTATION_CONTEXT('2D SPACE',''
  ) );
#9853 = PCURVE('',#9854,#9859);
#9854 = CYLINDRICAL_SURFACE('',#9855,10.);
#9855 = AXIS2_PLACEMENT_3D('',#9856,#9857,#9858);
#9856 = CARTESIAN_POINT('',(157.1258606444,354.16751098632,80.));
#9857 = DIRECTION('',(0.,-0.,1.));
#9858 = DIRECTION('',(1.,0.,0.));
#9859 = DEFINITIONAL_REPRESENTATION('',(#9860),#9864);
#9860 = LINE('',#9861,#9862);
#9861 = CARTESIAN_POINT('',(0.,0.));
#9862 = VECTOR('',#9863,1.);
#9863 = DIRECTION('',(1.,0.));
#9864 = ( GEOMETRIC_REPRESENTATION_CONTEXT(2) 
PARAMETRIC_REPRESENTATION_CONTEXT() REPRESENTATION_CONTEXT('2D SPACE',''
  ) );
#9865 = ORIENTED_EDGE('',*,*,#9866,.F.);
#9866 = EDGE_CURVE('',#9867,#9834,#9869,.T.);
#9867 = VERTEX_POINT('',#9868);
#9868 = CARTESIAN_POINT('',(190.65567016601,344.16751098632,80.));
#9869 = SURFACE_CURVE('',#9870,(#9874,#9881),.PCURVE_S1.);
#9870 = LINE('',#9871,#9872);
#9871 = CARTESIAN_POINT('',(200.65567016601,344.16751098632,80.));
#9872 = VECTOR('',#9873,1.);
#9873 = DIRECTION('',(-1.,-0.,0.));
#9874 = PCURVE('',#9634,#9875);
#9875 = DEFINITIONAL_REPRESENTATION('',(#9876),#9880);
#9876 = LINE('',#9877,#9878);
#9877 = CARTESIAN_POINT('',(42.672500610352,19.679992675781));
#9878 = VECTOR('',#9879,1.);
#9879 = DIRECTION('',(-1.,-1.224646799147E-16));
#9880 = ( GEOMETRIC_REPRESENTATION_CONTEXT(2) 
PARAMETRIC_REPRESENTATION_CONTEXT() REPRESENTATION_CONTEXT('2D SPACE',''
  ) );
#9881 = PCURVE('',#9882,#9887);
#9882 = PLANE('',#9883);
#9883 = AXIS2_PLACEMENT_3D('',#9884,#9885,#9886);
#9884 = CARTESIAN_POINT('',(190.65567016601,344.16751098632,80.));
#9885 = DIRECTION('',(-0.,1.,0.));
#9886 = DIRECTION('',(-1.,-0.,0.));
#9887 = DEFINITIONAL_REPRESENTATION('',(#9888),#9892);
#9888 = LINE('',#9889,#9890);
#9889 = CARTESIAN_POINT('',(-10.,0.));
#9890 = VECTOR('',#9891,1.);
#9891 = DIRECTION('',(1.,0.));
#9892 = ( GEOMETRIC_REPRESENTATION_CONTEXT(2) 
PARAMETRIC_REPRESENTATION_CONTEXT() REPRESENTATION_CONTEXT('2D SPACE',''
  ) );
#9893 = ORIENTED_EDGE('',*,*,#9894,.T.);
#9894 = EDGE_CURVE('',#9867,#9895,#9897,.T.);
#9895 = VERTEX_POINT('',#9896);
#9896 = CARTESIAN_POINT('',(200.65567016601,354.16751098632,80.));
#9897 = SURFACE_CURVE('',#9898,(#9903,#9914),.PCURVE_S1.);
#9898 = CIRCLE('',#9899,10.);
#9899 = AXIS2_PLACEMENT_3D('',#9900,#9901,#9902);
#9900 = CARTESIAN_POINT('',(190.65567016601,354.16751098632,80.));
#9901 = DIRECTION('',(0.,-0.,1.));
#9902 = DIRECTION('',(1.,0.,0.));
#9903 = PCURVE('',#9634,#9904);
#9904 = DEFINITIONAL_REPRESENTATION('',(#9905),#9913);
#9905 = ( BOUNDED_CURVE() B_SPLINE_CURVE(2,(#9906,#9907,#9908,#9909,
#9910,#9911,#9912),.UNSPECIFIED.,.T.,.F.) B_SPLINE_CURVE_WITH_KNOTS((1,2
    ,2,2,2,1),(-2.094395102393,0.,2.094395102393,4.188790204786,
6.28318530718,8.377580409573),.UNSPECIFIED.) CURVE() 
GEOMETRIC_REPRESENTATION_ITEM() RATIONAL_B_SPLINE_CURVE((1.,0.5,1.,0.5,
1.,0.5,1.)) REPRESENTATION_ITEM('') );
#9906 = CARTESIAN_POINT('',(42.672500610352,9.679992675781));
#9907 = CARTESIAN_POINT('',(42.672500610352,-7.640515399908));
#9908 = CARTESIAN_POINT('',(27.672500610352,1.019738637937));
#9909 = CARTESIAN_POINT('',(12.672500610352,9.679992675781));
#9910 = CARTESIAN_POINT('',(27.672500610352,18.340246713626));
#9911 = CARTESIAN_POINT('',(42.672500610352,27.00050075147));
#9912 = CARTESIAN_POINT('',(42.672500610352,9.679992675781));
#9913 = ( GEOMETRIC_REPRESENTATION_CONTEXT(2) 
PARAMETRIC_REPRESENTATION_CONTEXT() REPRESENTATION_CONTEXT('2D SPACE',''
  ) );
#9914 = PCURVE('',#9915,#9920);
#9915 = CYLINDRICAL_SURFACE('',#9916,10.);
#9916 = AXIS2_PLACEMENT_3D('',#9917,#9918,#9919);
#9917 = CARTESIAN_POINT('',(190.65567016601,354.16751098632,80.));
#9918 = DIRECTION('',(0.,-0.,1.));
#9919 = DIRECTION('',(1.,0.,0.));
#9920 = DEFINITIONAL_REPRESENTATION('',(#9921),#9925);
#9921 = LINE('',#9922,#9923);
#9922 = CARTESIAN_POINT('',(0.,0.));
#9923 = VECTOR('',#9924,1.);
#9924 = DIRECTION('',(1.,0.));
#9925 = ( GEOMETRIC_REPRESENTATION_CONTEXT(2) 
PARAMETRIC_REPRESENTATION_CONTEXT() REPRESENTATION_CONTEXT('2D SPACE',''
  ) );
#9926 = ORIENTED_EDGE('',*,*,#9927,.F.);
#9927 = EDGE_CURVE('',#9928,#9895,#9930,.T.);
#9928 = VERTEX_POINT('',#9929);
#9929 = CARTESIAN_POINT('',(200.65567016601,370.16310824723,80.));
#9930 = SURFACE_CURVE('',#9931,(#9935,#9942),.PCURVE_S1.);
#9931 = LINE('',#9932,#9933);
#9932 = CARTESIAN_POINT('',(200.65567016601,380.16310824723,80.));
#9933 = VECTOR('',#9934,1.);
#9934 = DIRECTION('',(0.,-1.,-0.));
#9935 = PCURVE('',#9634,#9936);
#9936 = DEFINITIONAL_REPRESENTATION('',(#9937),#9941);
#9937 = LINE('',#9938,#9939);
#9938 = CARTESIAN_POINT('',(42.672500610352,-16.31560458512));
#9939 = VECTOR('',#9940,1.);
#9940 = DIRECTION('',(-1.224646799147E-16,1.));
#9941 = ( GEOMETRIC_REPRESENTATION_CONTEXT(2) 
PARAMETRIC_REPRESENTATION_CONTEXT() REPRESENTATION_CONTEXT('2D SPACE',''
  ) );
#9942 = PCURVE('',#9943,#9948);
#9943 = PLANE('',#9944);
#9944 = AXIS2_PLACEMENT_3D('',#9945,#9946,#9947);
#9945 = CARTESIAN_POINT('',(200.65567016601,370.16310824723,80.));
#9946 = DIRECTION('',(-1.,-0.,0.));
#9947 = DIRECTION('',(0.,-1.,-0.));
#9948 = DEFINITIONAL_REPRESENTATION('',(#9949),#9953);
#9949 = LINE('',#9950,#9951);
#9950 = CARTESIAN_POINT('',(-10.,0.));
#9951 = VECTOR('',#9952,1.);
#9952 = DIRECTION('',(1.,0.));
#9953 = ( GEOMETRIC_REPRESENTATION_CONTEXT(2) 
PARAMETRIC_REPRESENTATION_CONTEXT() REPRESENTATION_CONTEXT('2D SPACE',''
  ) );
#9954 = ORIENTED_EDGE('',*,*,#9955,.T.);
#9955 = EDGE_CURVE('',#9928,#9745,#9956,.T.);
#9956 = SURFACE_CURVE('',#9957,(#9962,#9973),.PCURVE_S1.);
#9957 = CIRCLE('',#9958,10.);
#9958 = AXIS2_PLACEMENT_3D('',#9959,#9960,#9961);
#9959 = CARTESIAN_POINT('',(190.65567016601,370.16310824723,80.));
#9960 = DIRECTION('',(0.,-0.,1.));
#9961 = DIRECTION('',(1.,0.,0.));
#9962 = PCURVE('',#9634,#9963);
#9963 = DEFINITIONAL_REPRESENTATION('',(#9964),#9972);
#9964 = ( BOUNDED_CURVE() B_SPLINE_CURVE(2,(#9965,#9966,#9967,#9968,
#9969,#9970,#9971),.UNSPECIFIED.,.T.,.F.) B_SPLINE_CURVE_WITH_KNOTS((1,2
    ,2,2,2,1),(-2.094395102393,0.,2.094395102393,4.188790204786,
6.28318530718,8.377580409573),.UNSPECIFIED.) CURVE() 
GEOMETRIC_REPRESENTATION_ITEM() RATIONAL_B_SPLINE_CURVE((1.,0.5,1.,0.5,
1.,0.5,1.)) REPRESENTATION_ITEM('') );
#9965 = CARTESIAN_POINT('',(42.672500610352,-6.315604585126));
#9966 = CARTESIAN_POINT('',(42.672500610352,-23.63611266081));
#9967 = CARTESIAN_POINT('',(27.672500610352,-14.97585862297));
#9968 = CARTESIAN_POINT('',(12.672500610352,-6.315604585126));
#9969 = CARTESIAN_POINT('',(27.672500610352,2.344649452718));
#9970 = CARTESIAN_POINT('',(42.672500610352,11.004903490563));
#9971 = CARTESIAN_POINT('',(42.672500610352,-6.315604585126));
#9972 = ( GEOMETRIC_REPRESENTATION_CONTEXT(2) 
PARAMETRIC_REPRESENTATION_CONTEXT() REPRESENTATION_CONTEXT('2D SPACE',''
  ) );
#9973 = PCURVE('',#9974,#9979);
#9974 = CYLINDRICAL_SURFACE('',#9975,10.);
#9975 = AXIS2_PLACEMENT_3D('',#9976,#9977,#9978);
#9976 = CARTESIAN_POINT('',(190.65567016601,370.16310824723,80.));
#9977 = DIRECTION('',(0.,-0.,1.));
#9978 = DIRECTION('',(1.,0.,0.));
#9979 = DEFINITIONAL_REPRESENTATION('',(#9980),#9984);
#9980 = LINE('',#9981,#9982);
#9981 = CARTESIAN_POINT('',(0.,0.));
#9982 = VECTOR('',#9983,1.);
#9983 = DIRECTION('',(1.,0.));
#9984 = ( GEOMETRIC_REPRESENTATION_CONTEXT(2) 
PARAMETRIC_REPRESENTATION_CONTEXT() REPRESENTATION_CONTEXT('2D SPACE',''
  ) );
#9985 = ADVANCED_FACE('',(#9986),#9646,.T.);
#9986 = FACE_BOUND('',#9987,.T.);
#9987 = EDGE_LOOP('',(#9988,#10011,#10012,#10035));
#9988 = ORIENTED_EDGE('',*,*,#9989,.T.);
#9989 = EDGE_CURVE('',#9990,#9624,#9992,.T.);
#9990 = VERTEX_POINT('',#9991);
#9991 = CARTESIAN_POINT('',(107.98316955566,387.3475036621,78.));
#9992 = SURFACE_CURVE('',#9993,(#9997,#10004),.PCURVE_S1.);
#9993 = LINE('',#9994,#9995);
#9994 = CARTESIAN_POINT('',(107.98316955566,387.3475036621,78.));
#9995 = VECTOR('',#9996,1.);
#9996 = DIRECTION('',(-1.224646799147E-16,-1.499759782662E-32,1.));
#9997 = PCURVE('',#9646,#9998);
#9998 = DEFINITIONAL_REPRESENTATION('',(#9999),#10003);
#9999 = LINE('',#10000,#10001);
#10000 = CARTESIAN_POINT('',(0.,0.));
#10001 = VECTOR('',#10002,1.);
#10002 = DIRECTION('',(0.,-1.));
#10003 = ( GEOMETRIC_REPRESENTATION_CONTEXT(2) 
PARAMETRIC_REPRESENTATION_CONTEXT() REPRESENTATION_CONTEXT('2D SPACE',''
  ) );
#10004 = PCURVE('',#9728,#10005);
#10005 = DEFINITIONAL_REPRESENTATION('',(#10006),#10010);
#10006 = LINE('',#10007,#10008);
#10007 = CARTESIAN_POINT('',(54.,8.098702826374E-31));
#10008 = VECTOR('',#10009,1.);
#10009 = DIRECTION('',(0.,-1.));
#10010 = ( GEOMETRIC_REPRESENTATION_CONTEXT(2) 
PARAMETRIC_REPRESENTATION_CONTEXT() REPRESENTATION_CONTEXT('2D SPACE',''
  ) );
#10011 = ORIENTED_EDGE('',*,*,#9623,.T.);
#10012 = ORIENTED_EDGE('',*,*,#10013,.F.);
#10013 = EDGE_CURVE('',#10014,#9626,#10016,.T.);
#10014 = VERTEX_POINT('',#10015);
#10015 = CARTESIAN_POINT('',(207.98316955566,387.3475036621,78.));
#10016 = SURFACE_CURVE('',#10017,(#10021,#10028),.PCURVE_S1.);
#10017 = LINE('',#10018,#10019);
#10018 = CARTESIAN_POINT('',(207.98316955566,387.3475036621,78.));
#10019 = VECTOR('',#10020,1.);
#10020 = DIRECTION('',(-1.224646799147E-16,-1.499759782662E-32,1.));
#10021 = PCURVE('',#9646,#10022);
#10022 = DEFINITIONAL_REPRESENTATION('',(#10023),#10027);
#10023 = LINE('',#10024,#10025);
#10024 = CARTESIAN_POINT('',(100.,1.224646799147E-14));
#10025 = VECTOR('',#10026,1.);
#10026 = DIRECTION('',(0.,-1.));
#10027 = ( GEOMETRIC_REPRESENTATION_CONTEXT(2) 
PARAMETRIC_REPRESENTATION_CONTEXT() REPRESENTATION_CONTEXT('2D SPACE',''
  ) );
#10028 = PCURVE('',#9674,#10029);
#10029 = DEFINITIONAL_REPRESENTATION('',(#10030),#10034);
#10030 = LINE('',#10031,#10032);
#10031 = CARTESIAN_POINT('',(0.,0.));
#10032 = VECTOR('',#10033,1.);
#10033 = DIRECTION('',(0.,-1.));
#10034 = ( GEOMETRIC_REPRESENTATION_CONTEXT(2) 
PARAMETRIC_REPRESENTATION_CONTEXT() REPRESENTATION_CONTEXT('2D SPACE',''
  ) );
#10035 = ORIENTED_EDGE('',*,*,#10036,.F.);
#10036 = EDGE_CURVE('',#9990,#10014,#10037,.T.);
#10037 = SURFACE_CURVE('',#10038,(#10042,#10049),.PCURVE_S1.);
#10038 = LINE('',#10039,#10040);
#10039 = CARTESIAN_POINT('',(107.98316955566,387.3475036621,78.));
#10040 = VECTOR('',#10041,1.);
#10041 = DIRECTION('',(1.,1.224646799147E-16,1.224646799147E-16));
#10042 = PCURVE('',#9646,#10043);
#10043 = DEFINITIONAL_REPRESENTATION('',(#10044),#10048);
#10044 = LINE('',#10045,#10046);
#10045 = CARTESIAN_POINT('',(0.,0.));
#10046 = VECTOR('',#10047,1.);
#10047 = DIRECTION('',(1.,0.));
#10048 = ( GEOMETRIC_REPRESENTATION_CONTEXT(2) 
PARAMETRIC_REPRESENTATION_CONTEXT() REPRESENTATION_CONTEXT('2D SPACE',''
  ) );
#10049 = PCURVE('',#10050,#10055);
#10050 = PLANE('',#10051);
#10051 = AXIS2_PLACEMENT_3D('',#10052,#10053,#10054);
#10052 = CARTESIAN_POINT('',(157.98316955566,363.8475036621,78.));
#10053 = DIRECTION('',(1.224646799147E-16,1.499759782662E-32,-1.));
#10054 = DIRECTION('',(1.,1.224646799147E-16,1.224646799147E-16));
#10055 = DEFINITIONAL_REPRESENTATION('',(#10056),#10060);
#10056 = LINE('',#10057,#10058);
#10057 = CARTESIAN_POINT('',(-50.,-23.5));
#10058 = VECTOR('',#10059,1.);
#10059 = DIRECTION('',(1.,0.));
#10060 = ( GEOMETRIC_REPRESENTATION_CONTEXT(2) 
PARAMETRIC_REPRESENTATION_CONTEXT() REPRESENTATION_CONTEXT('2D SPACE',''
  ) );
#10061 = ADVANCED_FACE('',(#10062),#9674,.T.);
#10062 = FACE_BOUND('',#10063,.T.);
#10063 = EDGE_LOOP('',(#10064,#10065,#10066,#10089));
#10064 = ORIENTED_EDGE('',*,*,#10013,.T.);
#10065 = ORIENTED_EDGE('',*,*,#9658,.T.);
#10066 = ORIENTED_EDGE('',*,*,#10067,.F.);
#10067 = EDGE_CURVE('',#10068,#9659,#10070,.T.);
#10068 = VERTEX_POINT('',#10069);
#10069 = CARTESIAN_POINT('',(207.98316955566,333.3475036621,78.));
#10070 = SURFACE_CURVE('',#10071,(#10075,#10082),.PCURVE_S1.);
#10071 = LINE('',#10072,#10073);
#10072 = CARTESIAN_POINT('',(207.98316955566,333.3475036621,78.));
#10073 = VECTOR('',#10074,1.);
#10074 = DIRECTION('',(-1.224646799147E-16,-1.499759782662E-32,1.));
#10075 = PCURVE('',#9674,#10076);
#10076 = DEFINITIONAL_REPRESENTATION('',(#10077),#10081);
#10077 = LINE('',#10078,#10079);
#10078 = CARTESIAN_POINT('',(54.,-8.098702826374E-31));
#10079 = VECTOR('',#10080,1.);
#10080 = DIRECTION('',(0.,-1.));
#10081 = ( GEOMETRIC_REPRESENTATION_CONTEXT(2) 
PARAMETRIC_REPRESENTATION_CONTEXT() REPRESENTATION_CONTEXT('2D SPACE',''
  ) );
#10082 = PCURVE('',#9702,#10083);
#10083 = DEFINITIONAL_REPRESENTATION('',(#10084),#10088);
#10084 = LINE('',#10085,#10086);
#10085 = CARTESIAN_POINT('',(0.,0.));
#10086 = VECTOR('',#10087,1.);
#10087 = DIRECTION('',(0.,-1.));
#10088 = ( GEOMETRIC_REPRESENTATION_CONTEXT(2) 
PARAMETRIC_REPRESENTATION_CONTEXT() REPRESENTATION_CONTEXT('2D SPACE',''
  ) );
#10089 = ORIENTED_EDGE('',*,*,#10090,.F.);
#10090 = EDGE_CURVE('',#10014,#10068,#10091,.T.);
#10091 = SURFACE_CURVE('',#10092,(#10096,#10103),.PCURVE_S1.);
#10092 = LINE('',#10093,#10094);
#10093 = CARTESIAN_POINT('',(207.98316955566,387.3475036621,78.));
#10094 = VECTOR('',#10095,1.);
#10095 = DIRECTION('',(1.224646799147E-16,-1.,0.));
#10096 = PCURVE('',#9674,#10097);
#10097 = DEFINITIONAL_REPRESENTATION('',(#10098),#10102);
#10098 = LINE('',#10099,#10100);
#10099 = CARTESIAN_POINT('',(0.,0.));
#10100 = VECTOR('',#10101,1.);
#10101 = DIRECTION('',(1.,0.));
#10102 = ( GEOMETRIC_REPRESENTATION_CONTEXT(2) 
PARAMETRIC_REPRESENTATION_CONTEXT() REPRESENTATION_CONTEXT('2D SPACE',''
  ) );
#10103 = PCURVE('',#10050,#10104);
#10104 = DEFINITIONAL_REPRESENTATION('',(#10105),#10109);
#10105 = LINE('',#10106,#10107);
#10106 = CARTESIAN_POINT('',(50.,-23.5));
#10107 = VECTOR('',#10108,1.);
#10108 = DIRECTION('',(0.,1.));
#10109 = ( GEOMETRIC_REPRESENTATION_CONTEXT(2) 
PARAMETRIC_REPRESENTATION_CONTEXT() REPRESENTATION_CONTEXT('2D SPACE',''
  ) );
#10110 = ADVANCED_FACE('',(#10111),#9702,.T.);
#10111 = FACE_BOUND('',#10112,.T.);
#10112 = EDGE_LOOP('',(#10113,#10114,#10115,#10138));
#10113 = ORIENTED_EDGE('',*,*,#10067,.T.);
#10114 = ORIENTED_EDGE('',*,*,#9686,.T.);
#10115 = ORIENTED_EDGE('',*,*,#10116,.F.);
#10116 = EDGE_CURVE('',#10117,#9687,#10119,.T.);
#10117 = VERTEX_POINT('',#10118);
#10118 = CARTESIAN_POINT('',(107.98316955566,333.3475036621,78.));
#10119 = SURFACE_CURVE('',#10120,(#10124,#10131),.PCURVE_S1.);
#10120 = LINE('',#10121,#10122);
#10121 = CARTESIAN_POINT('',(107.98316955566,333.3475036621,78.));
#10122 = VECTOR('',#10123,1.);
#10123 = DIRECTION('',(-1.224646799147E-16,-1.499759782662E-32,1.));
#10124 = PCURVE('',#9702,#10125);
#10125 = DEFINITIONAL_REPRESENTATION('',(#10126),#10130);
#10126 = LINE('',#10127,#10128);
#10127 = CARTESIAN_POINT('',(100.,-1.224646799147E-14));
#10128 = VECTOR('',#10129,1.);
#10129 = DIRECTION('',(0.,-1.));
#10130 = ( GEOMETRIC_REPRESENTATION_CONTEXT(2) 
PARAMETRIC_REPRESENTATION_CONTEXT() REPRESENTATION_CONTEXT('2D SPACE',''
  ) );
#10131 = PCURVE('',#9728,#10132);
#10132 = DEFINITIONAL_REPRESENTATION('',(#10133),#10137);
#10133 = LINE('',#10134,#10135);
#10134 = CARTESIAN_POINT('',(0.,0.));
#10135 = VECTOR('',#10136,1.);
#10136 = DIRECTION('',(0.,-1.));
#10137 = ( GEOMETRIC_REPRESENTATION_CONTEXT(2) 
PARAMETRIC_REPRESENTATION_CONTEXT() REPRESENTATION_CONTEXT('2D SPACE',''
  ) );
#10138 = ORIENTED_EDGE('',*,*,#10139,.F.);
#10139 = EDGE_CURVE('',#10068,#10117,#10140,.T.);
#10140 = SURFACE_CURVE('',#10141,(#10145,#10152),.PCURVE_S1.);
#10141 = LINE('',#10142,#10143);
#10142 = CARTESIAN_POINT('',(207.98316955566,333.3475036621,78.));
#10143 = VECTOR('',#10144,1.);
#10144 = DIRECTION('',(-1.,0.,-1.224646799147E-16));
#10145 = PCURVE('',#9702,#10146);
#10146 = DEFINITIONAL_REPRESENTATION('',(#10147),#10151);
#10147 = LINE('',#10148,#10149);
#10148 = CARTESIAN_POINT('',(0.,0.));
#10149 = VECTOR('',#10150,1.);
#10150 = DIRECTION('',(1.,0.));
#10151 = ( GEOMETRIC_REPRESENTATION_CONTEXT(2) 
PARAMETRIC_REPRESENTATION_CONTEXT() REPRESENTATION_CONTEXT('2D SPACE',''
  ) );
#10152 = PCURVE('',#10050,#10153);
#10153 = DEFINITIONAL_REPRESENTATION('',(#10154),#10158);
#10154 = LINE('',#10155,#10156);
#10155 = CARTESIAN_POINT('',(50.,30.5));
#10156 = VECTOR('',#10157,1.);
#10157 = DIRECTION('',(-1.,-1.224646799147E-16));
#10158 = ( GEOMETRIC_REPRESENTATION_CONTEXT(2) 
PARAMETRIC_REPRESENTATION_CONTEXT() REPRESENTATION_CONTEXT('2D SPACE',''
  ) );
#10159 = ADVANCED_FACE('',(#10160),#9728,.T.);
#10160 = FACE_BOUND('',#10161,.T.);
#10161 = EDGE_LOOP('',(#10162,#10163,#10164,#10165));
#10162 = ORIENTED_EDGE('',*,*,#10116,.T.);
#10163 = ORIENTED_EDGE('',*,*,#9714,.T.);
#10164 = ORIENTED_EDGE('',*,*,#9989,.F.);
#10165 = ORIENTED_EDGE('',*,*,#10166,.F.);
#10166 = EDGE_CURVE('',#10117,#9990,#10167,.T.);
#10167 = SURFACE_CURVE('',#10168,(#10172,#10179),.PCURVE_S1.);
#10168 = LINE('',#10169,#10170);
#10169 = CARTESIAN_POINT('',(107.98316955566,323.10439710539,78.));
#10170 = VECTOR('',#10171,1.);
#10171 = DIRECTION('',(-1.224646799147E-16,1.,0.));
#10172 = PCURVE('',#9728,#10173);
#10173 = DEFINITIONAL_REPRESENTATION('',(#10174),#10178);
#10174 = LINE('',#10175,#10176);
#10175 = CARTESIAN_POINT('',(-10.24310655671,-1.536219926328E-31));
#10176 = VECTOR('',#10177,1.);
#10177 = DIRECTION('',(1.,0.));
#10178 = ( GEOMETRIC_REPRESENTATION_CONTEXT(2) 
PARAMETRIC_REPRESENTATION_CONTEXT() REPRESENTATION_CONTEXT('2D SPACE',''
  ) );
#10179 = PCURVE('',#10050,#10180);
#10180 = DEFINITIONAL_REPRESENTATION('',(#10181),#10185);
#10181 = LINE('',#10182,#10183);
#10182 = CARTESIAN_POINT('',(-50.,40.743106556712));
#10183 = VECTOR('',#10184,1.);
#10184 = DIRECTION('',(0.,-1.));
#10185 = ( GEOMETRIC_REPRESENTATION_CONTEXT(2) 
PARAMETRIC_REPRESENTATION_CONTEXT() REPRESENTATION_CONTEXT('2D SPACE',''
  ) );
#10186 = ADVANCED_FACE('',(#10187),#9760,.T.);
#10187 = FACE_BOUND('',#10188,.T.);
#10188 = EDGE_LOOP('',(#10189,#10190,#10213,#10236));
#10189 = ORIENTED_EDGE('',*,*,#9742,.F.);
#10190 = ORIENTED_EDGE('',*,*,#10191,.T.);
#10191 = EDGE_CURVE('',#9743,#10192,#10194,.T.);
#10192 = VERTEX_POINT('',#10193);
#10193 = CARTESIAN_POINT('',(157.1258606444,380.16310824723,78.));
#10194 = SURFACE_CURVE('',#10195,(#10199,#10206),.PCURVE_S1.);
#10195 = LINE('',#10196,#10197);
#10196 = CARTESIAN_POINT('',(157.1258606444,380.16310824723,80.));
#10197 = VECTOR('',#10198,1.);
#10198 = DIRECTION('',(-0.,-0.,-1.));
#10199 = PCURVE('',#9760,#10200);
#10200 = DEFINITIONAL_REPRESENTATION('',(#10201),#10205);
#10201 = LINE('',#10202,#10203);
#10202 = CARTESIAN_POINT('',(0.,0.));
#10203 = VECTOR('',#10204,1.);
#10204 = DIRECTION('',(0.,-1.));
#10205 = ( GEOMETRIC_REPRESENTATION_CONTEXT(2) 
PARAMETRIC_REPRESENTATION_CONTEXT() REPRESENTATION_CONTEXT('2D SPACE',''
  ) );
#10206 = PCURVE('',#9793,#10207);
#10207 = DEFINITIONAL_REPRESENTATION('',(#10208),#10212);
#10208 = LINE('',#10209,#10210);
#10209 = CARTESIAN_POINT('',(1.570796326795,0.));
#10210 = VECTOR('',#10211,1.);
#10211 = DIRECTION('',(0.,-1.));
#10212 = ( GEOMETRIC_REPRESENTATION_CONTEXT(2) 
PARAMETRIC_REPRESENTATION_CONTEXT() REPRESENTATION_CONTEXT('2D SPACE',''
  ) );
#10213 = ORIENTED_EDGE('',*,*,#10214,.F.);
#10214 = EDGE_CURVE('',#10215,#10192,#10217,.T.);
#10215 = VERTEX_POINT('',#10216);
#10216 = CARTESIAN_POINT('',(190.65567016601,380.16310824723,78.));
#10217 = SURFACE_CURVE('',#10218,(#10222,#10229),.PCURVE_S1.);
#10218 = LINE('',#10219,#10220);
#10219 = CARTESIAN_POINT('',(157.55451510003,380.16310824723,78.));
#10220 = VECTOR('',#10221,1.);
#10221 = DIRECTION('',(-1.,-0.,-1.224646799147E-16));
#10222 = PCURVE('',#9760,#10223);
#10223 = DEFINITIONAL_REPRESENTATION('',(#10224),#10228);
#10224 = LINE('',#10225,#10226);
#10225 = CARTESIAN_POINT('',(0.428654455632,-2.));
#10226 = VECTOR('',#10227,1.);
#10227 = DIRECTION('',(-1.,-1.224646799147E-16));
#10228 = ( GEOMETRIC_REPRESENTATION_CONTEXT(2) 
PARAMETRIC_REPRESENTATION_CONTEXT() REPRESENTATION_CONTEXT('2D SPACE',''
  ) );
#10229 = PCURVE('',#10050,#10230);
#10230 = DEFINITIONAL_REPRESENTATION('',(#10231),#10235);
#10231 = LINE('',#10232,#10233);
#10232 = CARTESIAN_POINT('',(-0.428654455632,-16.31560458512));
#10233 = VECTOR('',#10234,1.);
#10234 = DIRECTION('',(-1.,-1.224646799147E-16));
#10235 = ( GEOMETRIC_REPRESENTATION_CONTEXT(2) 
PARAMETRIC_REPRESENTATION_CONTEXT() REPRESENTATION_CONTEXT('2D SPACE',''
  ) );
#10236 = ORIENTED_EDGE('',*,*,#10237,.F.);
#10237 = EDGE_CURVE('',#9745,#10215,#10238,.T.);
#10238 = SURFACE_CURVE('',#10239,(#10243,#10250),.PCURVE_S1.);
#10239 = LINE('',#10240,#10241);
#10240 = CARTESIAN_POINT('',(190.65567016601,380.16310824723,80.));
#10241 = VECTOR('',#10242,1.);
#10242 = DIRECTION('',(-0.,-0.,-1.));
#10243 = PCURVE('',#9760,#10244);
#10244 = DEFINITIONAL_REPRESENTATION('',(#10245),#10249);
#10245 = LINE('',#10246,#10247);
#10246 = CARTESIAN_POINT('',(33.529809521616,0.));
#10247 = VECTOR('',#10248,1.);
#10248 = DIRECTION('',(0.,-1.));
#10249 = ( GEOMETRIC_REPRESENTATION_CONTEXT(2) 
PARAMETRIC_REPRESENTATION_CONTEXT() REPRESENTATION_CONTEXT('2D SPACE',''
  ) );
#10250 = PCURVE('',#9974,#10251);
#10251 = DEFINITIONAL_REPRESENTATION('',(#10252),#10256);
#10252 = LINE('',#10253,#10254);
#10253 = CARTESIAN_POINT('',(1.570796326795,0.));
#10254 = VECTOR('',#10255,1.);
#10255 = DIRECTION('',(0.,-1.));
#10256 = ( GEOMETRIC_REPRESENTATION_CONTEXT(2) 
PARAMETRIC_REPRESENTATION_CONTEXT() REPRESENTATION_CONTEXT('2D SPACE',''
  ) );
#10257 = ADVANCED_FACE('',(#10258),#9793,.F.);
#10258 = FACE_BOUND('',#10259,.F.);
#10259 = EDGE_LOOP('',(#10260,#10261,#10262,#10290));
#10260 = ORIENTED_EDGE('',*,*,#9772,.F.);
#10261 = ORIENTED_EDGE('',*,*,#10191,.T.);
#10262 = ORIENTED_EDGE('',*,*,#10263,.T.);
#10263 = EDGE_CURVE('',#10192,#10264,#10266,.T.);
#10264 = VERTEX_POINT('',#10265);
#10265 = CARTESIAN_POINT('',(147.1258606444,370.16310824723,78.));
#10266 = SURFACE_CURVE('',#10267,(#10272,#10279),.PCURVE_S1.);
#10267 = CIRCLE('',#10268,10.);
#10268 = AXIS2_PLACEMENT_3D('',#10269,#10270,#10271);
#10269 = CARTESIAN_POINT('',(157.1258606444,370.16310824723,78.));
#10270 = DIRECTION('',(0.,-0.,1.));
#10271 = DIRECTION('',(0.,-1.,-0.));
#10272 = PCURVE('',#9793,#10273);
#10273 = DEFINITIONAL_REPRESENTATION('',(#10274),#10278);
#10274 = LINE('',#10275,#10276);
#10275 = CARTESIAN_POINT('',(-1.570796326795,-2.));
#10276 = VECTOR('',#10277,1.);
#10277 = DIRECTION('',(1.,0.));
#10278 = ( GEOMETRIC_REPRESENTATION_CONTEXT(2) 
PARAMETRIC_REPRESENTATION_CONTEXT() REPRESENTATION_CONTEXT('2D SPACE',''
  ) );
#10279 = PCURVE('',#10050,#10280);
#10280 = DEFINITIONAL_REPRESENTATION('',(#10281),#10289);
#10281 = ( BOUNDED_CURVE() B_SPLINE_CURVE(2,(#10282,#10283,#10284,#10285
    ,#10286,#10287,#10288),.UNSPECIFIED.,.T.,.F.) 
B_SPLINE_CURVE_WITH_KNOTS((1,2,2,2,2,1),(-2.094395102393,0.,
    2.094395102393,4.188790204786,6.28318530718,8.377580409573),
.UNSPECIFIED.) CURVE() GEOMETRIC_REPRESENTATION_ITEM() 
RATIONAL_B_SPLINE_CURVE((1.,0.5,1.,0.5,1.,0.5,1.)) REPRESENTATION_ITEM(
  '') );
#10282 = CARTESIAN_POINT('',(-0.857308911264,3.684395414874));
#10283 = CARTESIAN_POINT('',(16.463199164425,3.684395414874));
#10284 = CARTESIAN_POINT('',(7.80294512658,-11.31560458512));
#10285 = CARTESIAN_POINT('',(-0.857308911264,-26.31560458512));
#10286 = CARTESIAN_POINT('',(-9.517562949108,-11.31560458512));
#10287 = CARTESIAN_POINT('',(-18.17781698695,3.684395414874));
#10288 = CARTESIAN_POINT('',(-0.857308911264,3.684395414874));
#10289 = ( GEOMETRIC_REPRESENTATION_CONTEXT(2) 
PARAMETRIC_REPRESENTATION_CONTEXT() REPRESENTATION_CONTEXT('2D SPACE',''
  ) );
#10290 = ORIENTED_EDGE('',*,*,#10291,.F.);
#10291 = EDGE_CURVE('',#9773,#10264,#10292,.T.);
#10292 = SURFACE_CURVE('',#10293,(#10297,#10304),.PCURVE_S1.);
#10293 = LINE('',#10294,#10295);
#10294 = CARTESIAN_POINT('',(147.1258606444,370.16310824723,80.));
#10295 = VECTOR('',#10296,1.);
#10296 = DIRECTION('',(-0.,-0.,-1.));
#10297 = PCURVE('',#9793,#10298);
#10298 = DEFINITIONAL_REPRESENTATION('',(#10299),#10303);
#10299 = LINE('',#10300,#10301);
#10300 = CARTESIAN_POINT('',(3.14159265359,0.));
#10301 = VECTOR('',#10302,1.);
#10302 = DIRECTION('',(0.,-1.));
#10303 = ( GEOMETRIC_REPRESENTATION_CONTEXT(2) 
PARAMETRIC_REPRESENTATION_CONTEXT() REPRESENTATION_CONTEXT('2D SPACE',''
  ) );
#10304 = PCURVE('',#9821,#10305);
#10305 = DEFINITIONAL_REPRESENTATION('',(#10306),#10310);
#10306 = LINE('',#10307,#10308);
#10307 = CARTESIAN_POINT('',(15.995597260907,0.));
#10308 = VECTOR('',#10309,1.);
#10309 = DIRECTION('',(-0.,-1.));
#10310 = ( GEOMETRIC_REPRESENTATION_CONTEXT(2) 
PARAMETRIC_REPRESENTATION_CONTEXT() REPRESENTATION_CONTEXT('2D SPACE',''
  ) );
#10311 = ADVANCED_FACE('',(#10312),#9974,.F.);
#10312 = FACE_BOUND('',#10313,.F.);
#10313 = EDGE_LOOP('',(#10314,#10315,#10338,#10364));
#10314 = ORIENTED_EDGE('',*,*,#9955,.F.);
#10315 = ORIENTED_EDGE('',*,*,#10316,.T.);
#10316 = EDGE_CURVE('',#9928,#10317,#10319,.T.);
#10317 = VERTEX_POINT('',#10318);
#10318 = CARTESIAN_POINT('',(200.65567016601,370.16310824723,78.));
#10319 = SURFACE_CURVE('',#10320,(#10324,#10331),.PCURVE_S1.);
#10320 = LINE('',#10321,#10322);
#10321 = CARTESIAN_POINT('',(200.65567016601,370.16310824723,80.));
#10322 = VECTOR('',#10323,1.);
#10323 = DIRECTION('',(-0.,-0.,-1.));
#10324 = PCURVE('',#9974,#10325);
#10325 = DEFINITIONAL_REPRESENTATION('',(#10326),#10330);
#10326 = LINE('',#10327,#10328);
#10327 = CARTESIAN_POINT('',(0.,0.));
#10328 = VECTOR('',#10329,1.);
#10329 = DIRECTION('',(0.,-1.));
#10330 = ( GEOMETRIC_REPRESENTATION_CONTEXT(2) 
PARAMETRIC_REPRESENTATION_CONTEXT() REPRESENTATION_CONTEXT('2D SPACE',''
  ) );
#10331 = PCURVE('',#9943,#10332);
#10332 = DEFINITIONAL_REPRESENTATION('',(#10333),#10337);
#10333 = LINE('',#10334,#10335);
#10334 = CARTESIAN_POINT('',(0.,0.));
#10335 = VECTOR('',#10336,1.);
#10336 = DIRECTION('',(0.,-1.));
#10337 = ( GEOMETRIC_REPRESENTATION_CONTEXT(2) 
PARAMETRIC_REPRESENTATION_CONTEXT() REPRESENTATION_CONTEXT('2D SPACE',''
  ) );
#10338 = ORIENTED_EDGE('',*,*,#10339,.T.);
#10339 = EDGE_CURVE('',#10317,#10215,#10340,.T.);
#10340 = SURFACE_CURVE('',#10341,(#10346,#10353),.PCURVE_S1.);
#10341 = CIRCLE('',#10342,10.);
#10342 = AXIS2_PLACEMENT_3D('',#10343,#10344,#10345);
#10343 = CARTESIAN_POINT('',(190.65567016601,370.16310824723,78.));
#10344 = DIRECTION('',(0.,-0.,1.));
#10345 = DIRECTION('',(0.,-1.,-0.));
#10346 = PCURVE('',#9974,#10347);
#10347 = DEFINITIONAL_REPRESENTATION('',(#10348),#10352);
#10348 = LINE('',#10349,#10350);
#10349 = CARTESIAN_POINT('',(-1.570796326795,-2.));
#10350 = VECTOR('',#10351,1.);
#10351 = DIRECTION('',(1.,0.));
#10352 = ( GEOMETRIC_REPRESENTATION_CONTEXT(2) 
PARAMETRIC_REPRESENTATION_CONTEXT() REPRESENTATION_CONTEXT('2D SPACE',''
  ) );
#10353 = PCURVE('',#10050,#10354);
#10354 = DEFINITIONAL_REPRESENTATION('',(#10355),#10363);
#10355 = ( BOUNDED_CURVE() B_SPLINE_CURVE(2,(#10356,#10357,#10358,#10359
    ,#10360,#10361,#10362),.UNSPECIFIED.,.T.,.F.) 
B_SPLINE_CURVE_WITH_KNOTS((1,2,2,2,2,1),(-2.094395102393,0.,
    2.094395102393,4.188790204786,6.28318530718,8.377580409573),
.UNSPECIFIED.) CURVE() GEOMETRIC_REPRESENTATION_ITEM() 
RATIONAL_B_SPLINE_CURVE((1.,0.5,1.,0.5,1.,0.5,1.)) REPRESENTATION_ITEM(
  '') );
#10356 = CARTESIAN_POINT('',(32.672500610352,3.684395414874));
#10357 = CARTESIAN_POINT('',(49.99300868604,3.684395414874));
#10358 = CARTESIAN_POINT('',(41.332754648196,-11.31560458512));
#10359 = CARTESIAN_POINT('',(32.672500610352,-26.31560458512));
#10360 = CARTESIAN_POINT('',(24.012246572507,-11.31560458512));
#10361 = CARTESIAN_POINT('',(15.351992534663,3.684395414874));
#10362 = CARTESIAN_POINT('',(32.672500610352,3.684395414874));
#10363 = ( GEOMETRIC_REPRESENTATION_CONTEXT(2) 
PARAMETRIC_REPRESENTATION_CONTEXT() REPRESENTATION_CONTEXT('2D SPACE',''
  ) );
#10364 = ORIENTED_EDGE('',*,*,#10237,.F.);
#10365 = ADVANCED_FACE('',(#10366),#9821,.T.);
#10366 = FACE_BOUND('',#10367,.T.);
#10367 = EDGE_LOOP('',(#10368,#10369,#10392,#10413));
#10368 = ORIENTED_EDGE('',*,*,#9805,.F.);
#10369 = ORIENTED_EDGE('',*,*,#10370,.T.);
#10370 = EDGE_CURVE('',#9806,#10371,#10373,.T.);
#10371 = VERTEX_POINT('',#10372);
#10372 = CARTESIAN_POINT('',(147.1258606444,354.16751098632,78.));
#10373 = SURFACE_CURVE('',#10374,(#10378,#10385),.PCURVE_S1.);
#10374 = LINE('',#10375,#10376);
#10375 = CARTESIAN_POINT('',(147.1258606444,354.16751098632,80.));
#10376 = VECTOR('',#10377,1.);
#10377 = DIRECTION('',(-0.,-0.,-1.));
#10378 = PCURVE('',#9821,#10379);
#10379 = DEFINITIONAL_REPRESENTATION('',(#10380),#10384);
#10380 = LINE('',#10381,#10382);
#10381 = CARTESIAN_POINT('',(0.,0.));
#10382 = VECTOR('',#10383,1.);
#10383 = DIRECTION('',(-0.,-1.));
#10384 = ( GEOMETRIC_REPRESENTATION_CONTEXT(2) 
PARAMETRIC_REPRESENTATION_CONTEXT() REPRESENTATION_CONTEXT('2D SPACE',''
  ) );
#10385 = PCURVE('',#9854,#10386);
#10386 = DEFINITIONAL_REPRESENTATION('',(#10387),#10391);
#10387 = LINE('',#10388,#10389);
#10388 = CARTESIAN_POINT('',(3.14159265359,0.));
#10389 = VECTOR('',#10390,1.);
#10390 = DIRECTION('',(0.,-1.));
#10391 = ( GEOMETRIC_REPRESENTATION_CONTEXT(2) 
PARAMETRIC_REPRESENTATION_CONTEXT() REPRESENTATION_CONTEXT('2D SPACE',''
  ) );
#10392 = ORIENTED_EDGE('',*,*,#10393,.F.);
#10393 = EDGE_CURVE('',#10264,#10371,#10394,.T.);
#10394 = SURFACE_CURVE('',#10395,(#10399,#10406),.PCURVE_S1.);
#10395 = LINE('',#10396,#10397);
#10396 = CARTESIAN_POINT('',(147.1258606444,359.00750732421,78.));
#10397 = VECTOR('',#10398,1.);
#10398 = DIRECTION('',(0.,-1.,-1.499759782662E-32));
#10399 = PCURVE('',#9821,#10400);
#10400 = DEFINITIONAL_REPRESENTATION('',(#10401),#10405);
#10401 = LINE('',#10402,#10403);
#10402 = CARTESIAN_POINT('',(4.839996337891,-2.));
#10403 = VECTOR('',#10404,1.);
#10404 = DIRECTION('',(-1.,-1.499759782662E-32));
#10405 = ( GEOMETRIC_REPRESENTATION_CONTEXT(2) 
PARAMETRIC_REPRESENTATION_CONTEXT() REPRESENTATION_CONTEXT('2D SPACE',''
  ) );
#10406 = PCURVE('',#10050,#10407);
#10407 = DEFINITIONAL_REPRESENTATION('',(#10408),#10412);
#10408 = LINE('',#10409,#10410);
#10409 = CARTESIAN_POINT('',(-10.85730891126,4.839996337891));
#10410 = VECTOR('',#10411,1.);
#10411 = DIRECTION('',(-1.224646799147E-16,1.));
#10412 = ( GEOMETRIC_REPRESENTATION_CONTEXT(2) 
PARAMETRIC_REPRESENTATION_CONTEXT() REPRESENTATION_CONTEXT('2D SPACE',''
  ) );
#10413 = ORIENTED_EDGE('',*,*,#10291,.F.);
#10414 = ADVANCED_FACE('',(#10415),#9943,.T.);
#10415 = FACE_BOUND('',#10416,.T.);
#10416 = EDGE_LOOP('',(#10417,#10418,#10419,#10442));
#10417 = ORIENTED_EDGE('',*,*,#9927,.F.);
#10418 = ORIENTED_EDGE('',*,*,#10316,.T.);
#10419 = ORIENTED_EDGE('',*,*,#10420,.F.);
#10420 = EDGE_CURVE('',#10421,#10317,#10423,.T.);
#10421 = VERTEX_POINT('',#10422);
#10422 = CARTESIAN_POINT('',(200.65567016601,354.16751098632,78.));
#10423 = SURFACE_CURVE('',#10424,(#10428,#10435),.PCURVE_S1.);
#10424 = LINE('',#10425,#10426);
#10425 = CARTESIAN_POINT('',(200.65567016601,367.00530595467,78.));
#10426 = VECTOR('',#10427,1.);
#10427 = DIRECTION('',(0.,1.,1.499759782662E-32));
#10428 = PCURVE('',#9943,#10429);
#10429 = DEFINITIONAL_REPRESENTATION('',(#10430),#10434);
#10430 = LINE('',#10431,#10432);
#10431 = CARTESIAN_POINT('',(3.157802292563,-2.));
#10432 = VECTOR('',#10433,1.);
#10433 = DIRECTION('',(-1.,1.499759782662E-32));
#10434 = ( GEOMETRIC_REPRESENTATION_CONTEXT(2) 
PARAMETRIC_REPRESENTATION_CONTEXT() REPRESENTATION_CONTEXT('2D SPACE',''
  ) );
#10435 = PCURVE('',#10050,#10436);
#10436 = DEFINITIONAL_REPRESENTATION('',(#10437),#10441);
#10437 = LINE('',#10438,#10439);
#10438 = CARTESIAN_POINT('',(42.672500610352,-3.157802292563));
#10439 = VECTOR('',#10440,1.);
#10440 = DIRECTION('',(1.224646799147E-16,-1.));
#10441 = ( GEOMETRIC_REPRESENTATION_CONTEXT(2) 
PARAMETRIC_REPRESENTATION_CONTEXT() REPRESENTATION_CONTEXT('2D SPACE',''
  ) );
#10442 = ORIENTED_EDGE('',*,*,#10443,.F.);
#10443 = EDGE_CURVE('',#9895,#10421,#10444,.T.);
#10444 = SURFACE_CURVE('',#10445,(#10449,#10456),.PCURVE_S1.);
#10445 = LINE('',#10446,#10447);
#10446 = CARTESIAN_POINT('',(200.65567016601,354.16751098632,80.));
#10447 = VECTOR('',#10448,1.);
#10448 = DIRECTION('',(-0.,-0.,-1.));
#10449 = PCURVE('',#9943,#10450);
#10450 = DEFINITIONAL_REPRESENTATION('',(#10451),#10455);
#10451 = LINE('',#10452,#10453);
#10452 = CARTESIAN_POINT('',(15.995597260907,0.));
#10453 = VECTOR('',#10454,1.);
#10454 = DIRECTION('',(0.,-1.));
#10455 = ( GEOMETRIC_REPRESENTATION_CONTEXT(2) 
PARAMETRIC_REPRESENTATION_CONTEXT() REPRESENTATION_CONTEXT('2D SPACE',''
  ) );
#10456 = PCURVE('',#9915,#10457);
#10457 = DEFINITIONAL_REPRESENTATION('',(#10458),#10462);
#10458 = LINE('',#10459,#10460);
#10459 = CARTESIAN_POINT('',(6.28318530718,0.));
#10460 = VECTOR('',#10461,1.);
#10461 = DIRECTION('',(0.,-1.));
#10462 = ( GEOMETRIC_REPRESENTATION_CONTEXT(2) 
PARAMETRIC_REPRESENTATION_CONTEXT() REPRESENTATION_CONTEXT('2D SPACE',''
  ) );
#10463 = ADVANCED_FACE('',(#10464),#9854,.F.);
#10464 = FACE_BOUND('',#10465,.F.);
#10465 = EDGE_LOOP('',(#10466,#10467,#10468,#10496));
#10466 = ORIENTED_EDGE('',*,*,#9833,.F.);
#10467 = ORIENTED_EDGE('',*,*,#10370,.T.);
#10468 = ORIENTED_EDGE('',*,*,#10469,.T.);
#10469 = EDGE_CURVE('',#10371,#10470,#10472,.T.);
#10470 = VERTEX_POINT('',#10471);
#10471 = CARTESIAN_POINT('',(157.1258606444,344.16751098632,78.));
#10472 = SURFACE_CURVE('',#10473,(#10478,#10485),.PCURVE_S1.);
#10473 = CIRCLE('',#10474,10.);
#10474 = AXIS2_PLACEMENT_3D('',#10475,#10476,#10477);
#10475 = CARTESIAN_POINT('',(157.1258606444,354.16751098632,78.));
#10476 = DIRECTION('',(0.,-0.,1.));
#10477 = DIRECTION('',(0.,-1.,-0.));
#10478 = PCURVE('',#9854,#10479);
#10479 = DEFINITIONAL_REPRESENTATION('',(#10480),#10484);
#10480 = LINE('',#10481,#10482);
#10481 = CARTESIAN_POINT('',(-1.570796326795,-2.));
#10482 = VECTOR('',#10483,1.);
#10483 = DIRECTION('',(1.,0.));
#10484 = ( GEOMETRIC_REPRESENTATION_CONTEXT(2) 
PARAMETRIC_REPRESENTATION_CONTEXT() REPRESENTATION_CONTEXT('2D SPACE',''
  ) );
#10485 = PCURVE('',#10050,#10486);
#10486 = DEFINITIONAL_REPRESENTATION('',(#10487),#10495);
#10487 = ( BOUNDED_CURVE() B_SPLINE_CURVE(2,(#10488,#10489,#10490,#10491
    ,#10492,#10493,#10494),.UNSPECIFIED.,.T.,.F.) 
B_SPLINE_CURVE_WITH_KNOTS((1,2,2,2,2,1),(-2.094395102393,0.,
    2.094395102393,4.188790204786,6.28318530718,8.377580409573),
.UNSPECIFIED.) CURVE() GEOMETRIC_REPRESENTATION_ITEM() 
RATIONAL_B_SPLINE_CURVE((1.,0.5,1.,0.5,1.,0.5,1.)) REPRESENTATION_ITEM(
  '') );
#10488 = CARTESIAN_POINT('',(-0.857308911264,19.679992675781));
#10489 = CARTESIAN_POINT('',(16.463199164425,19.679992675781));
#10490 = CARTESIAN_POINT('',(7.80294512658,4.679992675781));
#10491 = CARTESIAN_POINT('',(-0.857308911264,-10.32000732421));
#10492 = CARTESIAN_POINT('',(-9.517562949108,4.679992675781));
#10493 = CARTESIAN_POINT('',(-18.17781698695,19.679992675781));
#10494 = CARTESIAN_POINT('',(-0.857308911264,19.679992675781));
#10495 = ( GEOMETRIC_REPRESENTATION_CONTEXT(2) 
PARAMETRIC_REPRESENTATION_CONTEXT() REPRESENTATION_CONTEXT('2D SPACE',''
  ) );
#10496 = ORIENTED_EDGE('',*,*,#10497,.F.);
#10497 = EDGE_CURVE('',#9834,#10470,#10498,.T.);
#10498 = SURFACE_CURVE('',#10499,(#10503,#10510),.PCURVE_S1.);
#10499 = LINE('',#10500,#10501);
#10500 = CARTESIAN_POINT('',(157.1258606444,344.16751098632,80.));
#10501 = VECTOR('',#10502,1.);
#10502 = DIRECTION('',(-0.,-0.,-1.));
#10503 = PCURVE('',#9854,#10504);
#10504 = DEFINITIONAL_REPRESENTATION('',(#10505),#10509);
#10505 = LINE('',#10506,#10507);
#10506 = CARTESIAN_POINT('',(4.712388980385,0.));
#10507 = VECTOR('',#10508,1.);
#10508 = DIRECTION('',(0.,-1.));
#10509 = ( GEOMETRIC_REPRESENTATION_CONTEXT(2) 
PARAMETRIC_REPRESENTATION_CONTEXT() REPRESENTATION_CONTEXT('2D SPACE',''
  ) );
#10510 = PCURVE('',#9882,#10511);
#10511 = DEFINITIONAL_REPRESENTATION('',(#10512),#10516);
#10512 = LINE('',#10513,#10514);
#10513 = CARTESIAN_POINT('',(33.529809521616,0.));
#10514 = VECTOR('',#10515,1.);
#10515 = DIRECTION('',(0.,-1.));
#10516 = ( GEOMETRIC_REPRESENTATION_CONTEXT(2) 
PARAMETRIC_REPRESENTATION_CONTEXT() REPRESENTATION_CONTEXT('2D SPACE',''
  ) );
#10517 = ADVANCED_FACE('',(#10518),#9915,.F.);
#10518 = FACE_BOUND('',#10519,.F.);
#10519 = EDGE_LOOP('',(#10520,#10521,#10544,#10570));
#10520 = ORIENTED_EDGE('',*,*,#9894,.F.);
#10521 = ORIENTED_EDGE('',*,*,#10522,.T.);
#10522 = EDGE_CURVE('',#9867,#10523,#10525,.T.);
#10523 = VERTEX_POINT('',#10524);
#10524 = CARTESIAN_POINT('',(190.65567016601,344.16751098632,78.));
#10525 = SURFACE_CURVE('',#10526,(#10530,#10537),.PCURVE_S1.);
#10526 = LINE('',#10527,#10528);
#10527 = CARTESIAN_POINT('',(190.65567016601,344.16751098632,80.));
#10528 = VECTOR('',#10529,1.);
#10529 = DIRECTION('',(-0.,-0.,-1.));
#10530 = PCURVE('',#9915,#10531);
#10531 = DEFINITIONAL_REPRESENTATION('',(#10532),#10536);
#10532 = LINE('',#10533,#10534);
#10533 = CARTESIAN_POINT('',(4.712388980385,0.));
#10534 = VECTOR('',#10535,1.);
#10535 = DIRECTION('',(0.,-1.));
#10536 = ( GEOMETRIC_REPRESENTATION_CONTEXT(2) 
PARAMETRIC_REPRESENTATION_CONTEXT() REPRESENTATION_CONTEXT('2D SPACE',''
  ) );
#10537 = PCURVE('',#9882,#10538);
#10538 = DEFINITIONAL_REPRESENTATION('',(#10539),#10543);
#10539 = LINE('',#10540,#10541);
#10540 = CARTESIAN_POINT('',(0.,0.));
#10541 = VECTOR('',#10542,1.);
#10542 = DIRECTION('',(0.,-1.));
#10543 = ( GEOMETRIC_REPRESENTATION_CONTEXT(2) 
PARAMETRIC_REPRESENTATION_CONTEXT() REPRESENTATION_CONTEXT('2D SPACE',''
  ) );
#10544 = ORIENTED_EDGE('',*,*,#10545,.T.);
#10545 = EDGE_CURVE('',#10523,#10421,#10546,.T.);
#10546 = SURFACE_CURVE('',#10547,(#10552,#10559),.PCURVE_S1.);
#10547 = CIRCLE('',#10548,10.);
#10548 = AXIS2_PLACEMENT_3D('',#10549,#10550,#10551);
#10549 = CARTESIAN_POINT('',(190.65567016601,354.16751098632,78.));
#10550 = DIRECTION('',(0.,-0.,1.));
#10551 = DIRECTION('',(0.,-1.,-0.));
#10552 = PCURVE('',#9915,#10553);
#10553 = DEFINITIONAL_REPRESENTATION('',(#10554),#10558);
#10554 = LINE('',#10555,#10556);
#10555 = CARTESIAN_POINT('',(4.712388980385,-2.));
#10556 = VECTOR('',#10557,1.);
#10557 = DIRECTION('',(1.,0.));
#10558 = ( GEOMETRIC_REPRESENTATION_CONTEXT(2) 
PARAMETRIC_REPRESENTATION_CONTEXT() REPRESENTATION_CONTEXT('2D SPACE',''
  ) );
#10559 = PCURVE('',#10050,#10560);
#10560 = DEFINITIONAL_REPRESENTATION('',(#10561),#10569);
#10561 = ( BOUNDED_CURVE() B_SPLINE_CURVE(2,(#10562,#10563,#10564,#10565
    ,#10566,#10567,#10568),.UNSPECIFIED.,.T.,.F.) 
B_SPLINE_CURVE_WITH_KNOTS((1,2,2,2,2,1),(-2.094395102393,0.,
    2.094395102393,4.188790204786,6.28318530718,8.377580409573),
.UNSPECIFIED.) CURVE() GEOMETRIC_REPRESENTATION_ITEM() 
RATIONAL_B_SPLINE_CURVE((1.,0.5,1.,0.5,1.,0.5,1.)) REPRESENTATION_ITEM(
  '') );
#10562 = CARTESIAN_POINT('',(32.672500610352,19.679992675781));
#10563 = CARTESIAN_POINT('',(49.99300868604,19.679992675781));
#10564 = CARTESIAN_POINT('',(41.332754648196,4.679992675781));
#10565 = CARTESIAN_POINT('',(32.672500610352,-10.32000732421));
#10566 = CARTESIAN_POINT('',(24.012246572507,4.679992675781));
#10567 = CARTESIAN_POINT('',(15.351992534663,19.679992675781));
#10568 = CARTESIAN_POINT('',(32.672500610352,19.679992675781));
#10569 = ( GEOMETRIC_REPRESENTATION_CONTEXT(2) 
PARAMETRIC_REPRESENTATION_CONTEXT() REPRESENTATION_CONTEXT('2D SPACE',''
  ) );
#10570 = ORIENTED_EDGE('',*,*,#10443,.F.);
#10571 = ADVANCED_FACE('',(#10572),#9882,.T.);
#10572 = FACE_BOUND('',#10573,.T.);
#10573 = EDGE_LOOP('',(#10574,#10575,#10576,#10597));
#10574 = ORIENTED_EDGE('',*,*,#9866,.F.);
#10575 = ORIENTED_EDGE('',*,*,#10522,.T.);
#10576 = ORIENTED_EDGE('',*,*,#10577,.F.);
#10577 = EDGE_CURVE('',#10470,#10523,#10578,.T.);
#10578 = SURFACE_CURVE('',#10579,(#10583,#10590),.PCURVE_S1.);
#10579 = LINE('',#10580,#10581);
#10580 = CARTESIAN_POINT('',(174.31941986084,344.16751098632,78.));
#10581 = VECTOR('',#10582,1.);
#10582 = DIRECTION('',(1.,0.,1.224646799147E-16));
#10583 = PCURVE('',#9882,#10584);
#10584 = DEFINITIONAL_REPRESENTATION('',(#10585),#10589);
#10585 = LINE('',#10586,#10587);
#10586 = CARTESIAN_POINT('',(16.336250305176,-2.));
#10587 = VECTOR('',#10588,1.);
#10588 = DIRECTION('',(-1.,1.224646799147E-16));
#10589 = ( GEOMETRIC_REPRESENTATION_CONTEXT(2) 
PARAMETRIC_REPRESENTATION_CONTEXT() REPRESENTATION_CONTEXT('2D SPACE',''
  ) );
#10590 = PCURVE('',#10050,#10591);
#10591 = DEFINITIONAL_REPRESENTATION('',(#10592),#10596);
#10592 = LINE('',#10593,#10594);
#10593 = CARTESIAN_POINT('',(16.336250305176,19.679992675781));
#10594 = VECTOR('',#10595,1.);
#10595 = DIRECTION('',(1.,1.224646799147E-16));
#10596 = ( GEOMETRIC_REPRESENTATION_CONTEXT(2) 
PARAMETRIC_REPRESENTATION_CONTEXT() REPRESENTATION_CONTEXT('2D SPACE',''
  ) );
#10597 = ORIENTED_EDGE('',*,*,#10497,.F.);
#10598 = ADVANCED_FACE('',(#10599,#10605),#10050,.T.);
#10599 = FACE_BOUND('',#10600,.T.);
#10600 = EDGE_LOOP('',(#10601,#10602,#10603,#10604));
#10601 = ORIENTED_EDGE('',*,*,#10036,.T.);
#10602 = ORIENTED_EDGE('',*,*,#10090,.T.);
#10603 = ORIENTED_EDGE('',*,*,#10139,.T.);
#10604 = ORIENTED_EDGE('',*,*,#10166,.T.);
#10605 = FACE_BOUND('',#10606,.T.);
#10606 = EDGE_LOOP('',(#10607,#10608,#10609,#10610,#10611,#10612,#10613,
    #10614));
#10607 = ORIENTED_EDGE('',*,*,#10214,.T.);
#10608 = ORIENTED_EDGE('',*,*,#10263,.T.);
#10609 = ORIENTED_EDGE('',*,*,#10393,.T.);
#10610 = ORIENTED_EDGE('',*,*,#10469,.T.);
#10611 = ORIENTED_EDGE('',*,*,#10577,.T.);
#10612 = ORIENTED_EDGE('',*,*,#10545,.T.);
#10613 = ORIENTED_EDGE('',*,*,#10420,.T.);
#10614 = ORIENTED_EDGE('',*,*,#10339,.T.);
#10615 = ( GEOMETRIC_REPRESENTATION_CONTEXT(3) 
GLOBAL_UNCERTAINTY_ASSIGNED_CONTEXT((#10619)) 
GLOBAL_UNIT_ASSIGNED_CONTEXT((#10616,#10617,#10618)) 
REPRESENTATION_CONTEXT('Context #1',
  '3D Context with UNIT and UNCERTAINTY') );
#10616 = ( LENGTH_UNIT() NAMED_UNIT(*) SI_UNIT(.MILLI.,.METRE.) );
#10617 = ( NAMED_UNIT(*) PLANE_ANGLE_UNIT() SI_UNIT($,.RADIAN.) );
#10618 = ( NAMED_UNIT(*) SI_UNIT($,.STERADIAN.) SOLID_ANGLE_UNIT() );
#10619 = UNCERTAINTY_MEASURE_WITH_UNIT(LENGTH_MEASURE(2.E-06),#10616,
  'distance_accuracy_value','confusion accuracy');
#10620 = CONTEXT_DEPENDENT_SHAPE_REPRESENTATION(#10621,#10623);
#10621 = ( REPRESENTATION_RELATIONSHIP('','',#9616,#10) 
REPRESENTATION_RELATIONSHIP_WITH_TRANSFORMATION(#10622) 
SHAPE_REPRESENTATION_RELATIONSHIP() );
#10622 = ITEM_DEFINED_TRANSFORMATION('','',#11,#19);
#10623 = PRODUCT_DEFINITION_SHAPE('Placement','Placement of an item',
  #10624);
#10624 = NEXT_ASSEMBLY_USAGE_OCCURRENCE('2','','',#5,#9611,$);
#10625 = PRODUCT_RELATED_PRODUCT_CATEGORY('part',$,(#9613));
#10626 = SHAPE_DEFINITION_REPRESENTATION(#10627,#10633);
#10627 = PRODUCT_DEFINITION_SHAPE('','',#10628);
#10628 = PRODUCT_DEFINITION('design','',#10629,#10632);
#10629 = PRODUCT_DEFINITION_FORMATION('','',#10630);
#10630 = PRODUCT('Open CASCADE STEP translator 8.0 1.3',
  'Open CASCADE STEP translator 8.0 1.3','',(#10631));
#10631 = PRODUCT_CONTEXT('',#2,'mechanical');
#10632 = PRODUCT_DEFINITION_CONTEXT('part definition',#2,'design');
#10633 = ADVANCED_BREP_SHAPE_REPRESENTATION('',(#11,#10634),#11432);
#10634 = MANIFOLD_SOLID_BREP('',#10635);
#10635 = CLOSED_SHELL('',(#10636,#10863,#11012,#11061,#11166,#11215,
    #11264,#11291,#11364,#11371,#11398,#11425));
#10636 = ADVANCED_FACE('',(#10637),#10651,.T.);
#10637 = FACE_BOUND('',#10638,.T.);
#10638 = EDGE_LOOP('',(#10639,#10674,#10702,#10730,#10758,#10781,#10809,
    #10837));
#10639 = ORIENTED_EDGE('',*,*,#10640,.F.);
#10640 = EDGE_CURVE('',#10641,#10643,#10645,.T.);
#10641 = VERTEX_POINT('',#10642);
#10642 = CARTESIAN_POINT('',(107.98316955566,340.3475036621,78.));
#10643 = VERTEX_POINT('',#10644);
#10644 = CARTESIAN_POINT('',(109.98316955566,340.3475036621,78.));
#10645 = SURFACE_CURVE('',#10646,(#10650,#10662),.PCURVE_S1.);
#10646 = LINE('',#10647,#10648);
#10647 = CARTESIAN_POINT('',(110.42036610175,340.3475036621,78.));
#10648 = VECTOR('',#10649,1.);
#10649 = DIRECTION('',(1.,1.224646799147E-16,1.224646799147E-16));
#10650 = PCURVE('',#10651,#10656);
#10651 = PLANE('',#10652);
#10652 = AXIS2_PLACEMENT_3D('',#10653,#10654,#10655);
#10653 = CARTESIAN_POINT('',(157.98316955566,340.3475036621,40.));
#10654 = DIRECTION('',(1.224646799147E-16,-1.,0.));
#10655 = DIRECTION('',(-1.,-1.224646799147E-16,0.));
#10656 = DEFINITIONAL_REPRESENTATION('',(#10657),#10661);
#10657 = LINE('',#10658,#10659);
#10658 = CARTESIAN_POINT('',(47.562803453907,-38.));
#10659 = VECTOR('',#10660,1.);
#10660 = DIRECTION('',(-1.,-1.224646799147E-16));
#10661 = ( GEOMETRIC_REPRESENTATION_CONTEXT(2) 
PARAMETRIC_REPRESENTATION_CONTEXT() REPRESENTATION_CONTEXT('2D SPACE',''
  ) );
#10662 = PCURVE('',#10663,#10668);
#10663 = PLANE('',#10664);
#10664 = AXIS2_PLACEMENT_3D('',#10665,#10666,#10667);
#10665 = CARTESIAN_POINT('',(107.98316955566,337.3475036621,78.));
#10666 = DIRECTION('',(1.224646799147E-16,1.499759782662E-32,-1.));
#10667 = DIRECTION('',(1.,1.224646799147E-16,1.224646799147E-16));
#10668 = DEFINITIONAL_REPRESENTATION('',(#10669),#10673);
#10669 = LINE('',#10670,#10671);
#10670 = CARTESIAN_POINT('',(2.437196546093,-3.));
#10671 = VECTOR('',#10672,1.);
#10672 = DIRECTION('',(1.,0.));
#10673 = ( GEOMETRIC_REPRESENTATION_CONTEXT(2) 
PARAMETRIC_REPRESENTATION_CONTEXT() REPRESENTATION_CONTEXT('2D SPACE',''
  ) );
#10674 = ORIENTED_EDGE('',*,*,#10675,.F.);
#10675 = EDGE_CURVE('',#10676,#10641,#10678,.T.);
#10676 = VERTEX_POINT('',#10677);
#10677 = CARTESIAN_POINT('',(107.98316955566,340.3475036621,5.));
#10678 = SURFACE_CURVE('',#10679,(#10683,#10690),.PCURVE_S1.);
#10679 = LINE('',#10680,#10681);
#10680 = CARTESIAN_POINT('',(107.98316955566,340.3475036621,
    5.227204689519));
#10681 = VECTOR('',#10682,1.);
#10682 = DIRECTION('',(-3.061616997868E-16,-3.749399456655E-32,1.));
#10683 = PCURVE('',#10651,#10684);
#10684 = DEFINITIONAL_REPRESENTATION('',(#10685),#10689);
#10685 = LINE('',#10686,#10687);
#10686 = CARTESIAN_POINT('',(50.,34.772795310481));
#10687 = VECTOR('',#10688,1.);
#10688 = DIRECTION('',(3.061616997868E-16,-1.));
#10689 = ( GEOMETRIC_REPRESENTATION_CONTEXT(2) 
PARAMETRIC_REPRESENTATION_CONTEXT() REPRESENTATION_CONTEXT('2D SPACE',''
  ) );
#10690 = PCURVE('',#10691,#10696);
#10691 = PLANE('',#10692);
#10692 = AXIS2_PLACEMENT_3D('',#10693,#10694,#10695);
#10693 = CARTESIAN_POINT('',(107.98316955566,337.3475036621,0.));
#10694 = DIRECTION('',(-1.,0.,0.));
#10695 = DIRECTION('',(0.,1.,0.));
#10696 = DEFINITIONAL_REPRESENTATION('',(#10697),#10701);
#10697 = LINE('',#10698,#10699);
#10698 = CARTESIAN_POINT('',(3.,-5.227204689519));
#10699 = VECTOR('',#10700,1.);
#10700 = DIRECTION('',(-3.749399456655E-32,-1.));
#10701 = ( GEOMETRIC_REPRESENTATION_CONTEXT(2) 
PARAMETRIC_REPRESENTATION_CONTEXT() REPRESENTATION_CONTEXT('2D SPACE',''
  ) );
#10702 = ORIENTED_EDGE('',*,*,#10703,.F.);
#10703 = EDGE_CURVE('',#10704,#10676,#10706,.T.);
#10704 = VERTEX_POINT('',#10705);
#10705 = CARTESIAN_POINT('',(207.98316955566,340.3475036621,5.));
#10706 = SURFACE_CURVE('',#10707,(#10711,#10718),.PCURVE_S1.);
#10707 = LINE('',#10708,#10709);
#10708 = CARTESIAN_POINT('',(202.98316955566,340.3475036621,5.));
#10709 = VECTOR('',#10710,1.);
#10710 = DIRECTION('',(-1.,-1.224646799147E-16,-1.836970198721E-16));
#10711 = PCURVE('',#10651,#10712);
#10712 = DEFINITIONAL_REPRESENTATION('',(#10713),#10717);
#10713 = LINE('',#10714,#10715);
#10714 = CARTESIAN_POINT('',(-45.,35.));
#10715 = VECTOR('',#10716,1.);
#10716 = DIRECTION('',(1.,1.836970198721E-16));
#10717 = ( GEOMETRIC_REPRESENTATION_CONTEXT(2) 
PARAMETRIC_REPRESENTATION_CONTEXT() REPRESENTATION_CONTEXT('2D SPACE',''
  ) );
#10718 = PCURVE('',#10719,#10724);
#10719 = PLANE('',#10720);
#10720 = AXIS2_PLACEMENT_3D('',#10721,#10722,#10723);
#10721 = CARTESIAN_POINT('',(207.98316955566,337.3475036621,5.));
#10722 = DIRECTION('',(-1.836970198721E-16,-2.249639673993E-32,1.));
#10723 = DIRECTION('',(-1.,-1.224646799147E-16,-1.836970198721E-16));
#10724 = DEFINITIONAL_REPRESENTATION('',(#10725),#10729);
#10725 = LINE('',#10726,#10727);
#10726 = CARTESIAN_POINT('',(5.,-3.));
#10727 = VECTOR('',#10728,1.);
#10728 = DIRECTION('',(1.,0.));
#10729 = ( GEOMETRIC_REPRESENTATION_CONTEXT(2) 
PARAMETRIC_REPRESENTATION_CONTEXT() REPRESENTATION_CONTEXT('2D SPACE',''
  ) );
#10730 = ORIENTED_EDGE('',*,*,#10731,.F.);
#10731 = EDGE_CURVE('',#10732,#10704,#10734,.T.);
#10732 = VERTEX_POINT('',#10733);
#10733 = CARTESIAN_POINT('',(207.98316955566,340.3475036621,78.));
#10734 = SURFACE_CURVE('',#10735,(#10739,#10746),.PCURVE_S1.);
#10735 = LINE('',#10736,#10737);
#10736 = CARTESIAN_POINT('',(207.98316955566,340.3475036621,
    74.42614550478));
#10737 = VECTOR('',#10738,1.);
#10738 = DIRECTION('',(-1.224646799147E-16,-1.499759782662E-32,-1.));
#10739 = PCURVE('',#10651,#10740);
#10740 = DEFINITIONAL_REPRESENTATION('',(#10741),#10745);
#10741 = LINE('',#10742,#10743);
#10742 = CARTESIAN_POINT('',(-50.,-34.42614550478));
#10743 = VECTOR('',#10744,1.);
#10744 = DIRECTION('',(1.224646799147E-16,1.));
#10745 = ( GEOMETRIC_REPRESENTATION_CONTEXT(2) 
PARAMETRIC_REPRESENTATION_CONTEXT() REPRESENTATION_CONTEXT('2D SPACE',''
  ) );
#10746 = PCURVE('',#10747,#10752);
#10747 = PLANE('',#10748);
#10748 = AXIS2_PLACEMENT_3D('',#10749,#10750,#10751);
#10749 = CARTESIAN_POINT('',(207.98316955566,387.3475036621,0.));
#10750 = DIRECTION('',(1.,6.123233995737E-17,0.));
#10751 = DIRECTION('',(6.123233995737E-17,-1.,0.));
#10752 = DEFINITIONAL_REPRESENTATION('',(#10753),#10757);
#10753 = LINE('',#10754,#10755);
#10754 = CARTESIAN_POINT('',(47.,-74.42614550478));
#10755 = VECTOR('',#10756,1.);
#10756 = DIRECTION('',(7.498798913309E-33,1.));
#10757 = ( GEOMETRIC_REPRESENTATION_CONTEXT(2) 
PARAMETRIC_REPRESENTATION_CONTEXT() REPRESENTATION_CONTEXT('2D SPACE',''
  ) );
#10758 = ORIENTED_EDGE('',*,*,#10759,.F.);
#10759 = EDGE_CURVE('',#10760,#10732,#10762,.T.);
#10760 = VERTEX_POINT('',#10761);
#10761 = CARTESIAN_POINT('',(205.49593449884,340.3475036621,78.));
#10762 = SURFACE_CURVE('',#10763,(#10767,#10774),.PCURVE_S1.);
#10763 = LINE('',#10764,#10765);
#10764 = CARTESIAN_POINT('',(110.42036610175,340.3475036621,78.));
#10765 = VECTOR('',#10766,1.);
#10766 = DIRECTION('',(1.,1.224646799147E-16,1.224646799147E-16));
#10767 = PCURVE('',#10651,#10768);
#10768 = DEFINITIONAL_REPRESENTATION('',(#10769),#10773);
#10769 = LINE('',#10770,#10771);
#10770 = CARTESIAN_POINT('',(47.562803453907,-38.));
#10771 = VECTOR('',#10772,1.);
#10772 = DIRECTION('',(-1.,-1.224646799147E-16));
#10773 = ( GEOMETRIC_REPRESENTATION_CONTEXT(2) 
PARAMETRIC_REPRESENTATION_CONTEXT() REPRESENTATION_CONTEXT('2D SPACE',''
  ) );
#10774 = PCURVE('',#10663,#10775);
#10775 = DEFINITIONAL_REPRESENTATION('',(#10776),#10780);
#10776 = LINE('',#10777,#10778);
#10777 = CARTESIAN_POINT('',(2.437196546093,-3.));
#10778 = VECTOR('',#10779,1.);
#10779 = DIRECTION('',(1.,0.));
#10780 = ( GEOMETRIC_REPRESENTATION_CONTEXT(2) 
PARAMETRIC_REPRESENTATION_CONTEXT() REPRESENTATION_CONTEXT('2D SPACE',''
  ) );
#10781 = ORIENTED_EDGE('',*,*,#10782,.F.);
#10782 = EDGE_CURVE('',#10783,#10760,#10785,.T.);
#10783 = VERTEX_POINT('',#10784);
#10784 = CARTESIAN_POINT('',(205.49593449884,340.3475036621,7.));
#10785 = SURFACE_CURVE('',#10786,(#10790,#10797),.PCURVE_S1.);
#10786 = LINE('',#10787,#10788);
#10787 = CARTESIAN_POINT('',(205.49593449884,340.3475036621,
    7.448188043396));
#10788 = VECTOR('',#10789,1.);
#10789 = DIRECTION('',(0.,0.,1.));
#10790 = PCURVE('',#10651,#10791);
#10791 = DEFINITIONAL_REPRESENTATION('',(#10792),#10796);
#10792 = LINE('',#10793,#10794);
#10793 = CARTESIAN_POINT('',(-47.51276494318,32.551811956604));
#10794 = VECTOR('',#10795,1.);
#10795 = DIRECTION('',(0.,-1.));
#10796 = ( GEOMETRIC_REPRESENTATION_CONTEXT(2) 
PARAMETRIC_REPRESENTATION_CONTEXT() REPRESENTATION_CONTEXT('2D SPACE',''
  ) );
#10797 = PCURVE('',#10798,#10803);
#10798 = PLANE('',#10799);
#10799 = AXIS2_PLACEMENT_3D('',#10800,#10801,#10802);
#10800 = CARTESIAN_POINT('',(205.49593449884,340.3475036621,7.));
#10801 = DIRECTION('',(1.,1.224646799147E-16,-0.));
#10802 = DIRECTION('',(0.,0.,1.));
#10803 = DEFINITIONAL_REPRESENTATION('',(#10804),#10808);
#10804 = LINE('',#10805,#10806);
#10805 = CARTESIAN_POINT('',(0.448188043396,0.));
#10806 = VECTOR('',#10807,1.);
#10807 = DIRECTION('',(1.,0.));
#10808 = ( GEOMETRIC_REPRESENTATION_CONTEXT(2) 
PARAMETRIC_REPRESENTATION_CONTEXT() REPRESENTATION_CONTEXT('2D SPACE',''
  ) );
#10809 = ORIENTED_EDGE('',*,*,#10810,.F.);
#10810 = EDGE_CURVE('',#10811,#10783,#10813,.T.);
#10811 = VERTEX_POINT('',#10812);
#10812 = CARTESIAN_POINT('',(109.98316955566,340.3475036621,7.));
#10813 = SURFACE_CURVE('',#10814,(#10818,#10825),.PCURVE_S1.);
#10814 = LINE('',#10815,#10816);
#10815 = CARTESIAN_POINT('',(110.0262208111,340.3475036621,7.));
#10816 = VECTOR('',#10817,1.);
#10817 = DIRECTION('',(1.,1.224646799147E-16,3.061616997868E-16));
#10818 = PCURVE('',#10651,#10819);
#10819 = DEFINITIONAL_REPRESENTATION('',(#10820),#10824);
#10820 = LINE('',#10821,#10822);
#10821 = CARTESIAN_POINT('',(47.95694874456,33.));
#10822 = VECTOR('',#10823,1.);
#10823 = DIRECTION('',(-1.,-3.061616997868E-16));
#10824 = ( GEOMETRIC_REPRESENTATION_CONTEXT(2) 
PARAMETRIC_REPRESENTATION_CONTEXT() REPRESENTATION_CONTEXT('2D SPACE',''
  ) );
#10825 = PCURVE('',#10826,#10831);
#10826 = PLANE('',#10827);
#10827 = AXIS2_PLACEMENT_3D('',#10828,#10829,#10830);
#10828 = CARTESIAN_POINT('',(109.98316955566,340.3475036621,7.));
#10829 = DIRECTION('',(3.061616997868E-16,3.749399456655E-32,-1.));
#10830 = DIRECTION('',(1.,1.224646799147E-16,3.061616997868E-16));
#10831 = DEFINITIONAL_REPRESENTATION('',(#10832),#10836);
#10832 = LINE('',#10833,#10834);
#10833 = CARTESIAN_POINT('',(4.305125544043E-02,5.27225821744E-18));
#10834 = VECTOR('',#10835,1.);
#10835 = DIRECTION('',(1.,0.));
#10836 = ( GEOMETRIC_REPRESENTATION_CONTEXT(2) 
PARAMETRIC_REPRESENTATION_CONTEXT() REPRESENTATION_CONTEXT('2D SPACE',''
  ) );
#10837 = ORIENTED_EDGE('',*,*,#10838,.F.);
#10838 = EDGE_CURVE('',#10643,#10811,#10839,.T.);
#10839 = SURFACE_CURVE('',#10840,(#10844,#10851),.PCURVE_S1.);
#10840 = LINE('',#10841,#10842);
#10841 = CARTESIAN_POINT('',(109.98316955566,340.3475036621,
    93.107539476954));
#10842 = VECTOR('',#10843,1.);
#10843 = DIRECTION('',(3.673940397442E-16,4.499279347986E-32,-1.));
#10844 = PCURVE('',#10651,#10845);
#10845 = DEFINITIONAL_REPRESENTATION('',(#10846),#10850);
#10846 = LINE('',#10847,#10848);
#10847 = CARTESIAN_POINT('',(48.,-53.10753947695));
#10848 = VECTOR('',#10849,1.);
#10849 = DIRECTION('',(-3.673940397442E-16,1.));
#10850 = ( GEOMETRIC_REPRESENTATION_CONTEXT(2) 
PARAMETRIC_REPRESENTATION_CONTEXT() REPRESENTATION_CONTEXT('2D SPACE',''
  ) );
#10851 = PCURVE('',#10852,#10857);
#10852 = PLANE('',#10853);
#10853 = AXIS2_PLACEMENT_3D('',#10854,#10855,#10856);
#10854 = CARTESIAN_POINT('',(109.98316955566,340.3475036621,
    93.107539476954));
#10855 = DIRECTION('',(-1.,-1.224646799147E-16,-3.673940397442E-16));
#10856 = DIRECTION('',(3.673940397442E-16,4.499279347986E-32,-1.));
#10857 = DEFINITIONAL_REPRESENTATION('',(#10858),#10862);
#10858 = LINE('',#10859,#10860);
#10859 = CARTESIAN_POINT('',(-4.263256414561E-14,0.));
#10860 = VECTOR('',#10861,1.);
#10861 = DIRECTION('',(1.,0.));
#10862 = ( GEOMETRIC_REPRESENTATION_CONTEXT(2) 
PARAMETRIC_REPRESENTATION_CONTEXT() REPRESENTATION_CONTEXT('2D SPACE',''
  ) );
#10863 = ADVANCED_FACE('',(#10864),#10663,.F.);
#10864 = FACE_BOUND('',#10865,.F.);
#10865 = EDGE_LOOP('',(#10866,#10867,#10890,#10918,#10939,#10940,#10963,
    #10991));
#10866 = ORIENTED_EDGE('',*,*,#10640,.F.);
#10867 = ORIENTED_EDGE('',*,*,#10868,.T.);
#10868 = EDGE_CURVE('',#10641,#10869,#10871,.T.);
#10869 = VERTEX_POINT('',#10870);
#10870 = CARTESIAN_POINT('',(107.98316955566,387.3475036621,78.));
#10871 = SURFACE_CURVE('',#10872,(#10876,#10883),.PCURVE_S1.);
#10872 = LINE('',#10873,#10874);
#10873 = CARTESIAN_POINT('',(107.98316955566,349.8475036621,78.));
#10874 = VECTOR('',#10875,1.);
#10875 = DIRECTION('',(-0.,1.,0.));
#10876 = PCURVE('',#10663,#10877);
#10877 = DEFINITIONAL_REPRESENTATION('',(#10878),#10882);
#10878 = LINE('',#10879,#10880);
#10879 = CARTESIAN_POINT('',(2.995251792934E-14,-12.5));
#10880 = VECTOR('',#10881,1.);
#10881 = DIRECTION('',(1.224646799147E-16,-1.));
#10882 = ( GEOMETRIC_REPRESENTATION_CONTEXT(2) 
PARAMETRIC_REPRESENTATION_CONTEXT() REPRESENTATION_CONTEXT('2D SPACE',''
  ) );
#10883 = PCURVE('',#10691,#10884);
#10884 = DEFINITIONAL_REPRESENTATION('',(#10885),#10889);
#10885 = LINE('',#10886,#10887);
#10886 = CARTESIAN_POINT('',(12.5,-78.));
#10887 = VECTOR('',#10888,1.);
#10888 = DIRECTION('',(1.,0.));
#10889 = ( GEOMETRIC_REPRESENTATION_CONTEXT(2) 
PARAMETRIC_REPRESENTATION_CONTEXT() REPRESENTATION_CONTEXT('2D SPACE',''
  ) );
#10890 = ORIENTED_EDGE('',*,*,#10891,.T.);
#10891 = EDGE_CURVE('',#10869,#10892,#10894,.T.);
#10892 = VERTEX_POINT('',#10893);
#10893 = CARTESIAN_POINT('',(207.98316955566,387.3475036621,78.));
#10894 = SURFACE_CURVE('',#10895,(#10899,#10906),.PCURVE_S1.);
#10895 = LINE('',#10896,#10897);
#10896 = CARTESIAN_POINT('',(132.98316955566,387.3475036621,78.));
#10897 = VECTOR('',#10898,1.);
#10898 = DIRECTION('',(1.,0.,0.));
#10899 = PCURVE('',#10663,#10900);
#10900 = DEFINITIONAL_REPRESENTATION('',(#10901),#10905);
#10901 = LINE('',#10902,#10903);
#10902 = CARTESIAN_POINT('',(25.,-50.));
#10903 = VECTOR('',#10904,1.);
#10904 = DIRECTION('',(1.,1.224646799147E-16));
#10905 = ( GEOMETRIC_REPRESENTATION_CONTEXT(2) 
PARAMETRIC_REPRESENTATION_CONTEXT() REPRESENTATION_CONTEXT('2D SPACE',''
  ) );
#10906 = PCURVE('',#10907,#10912);
#10907 = PLANE('',#10908);
#10908 = AXIS2_PLACEMENT_3D('',#10909,#10910,#10911);
#10909 = CARTESIAN_POINT('',(107.98316955566,387.3475036621,0.));
#10910 = DIRECTION('',(0.,1.,0.));
#10911 = DIRECTION('',(1.,0.,0.));
#10912 = DEFINITIONAL_REPRESENTATION('',(#10913),#10917);
#10913 = LINE('',#10914,#10915);
#10914 = CARTESIAN_POINT('',(25.,-78.));
#10915 = VECTOR('',#10916,1.);
#10916 = DIRECTION('',(1.,0.));
#10917 = ( GEOMETRIC_REPRESENTATION_CONTEXT(2) 
PARAMETRIC_REPRESENTATION_CONTEXT() REPRESENTATION_CONTEXT('2D SPACE',''
  ) );
#10918 = ORIENTED_EDGE('',*,*,#10919,.T.);
#10919 = EDGE_CURVE('',#10892,#10732,#10920,.T.);
#10920 = SURFACE_CURVE('',#10921,(#10925,#10932),.PCURVE_S1.);
#10921 = LINE('',#10922,#10923);
#10922 = CARTESIAN_POINT('',(207.98316955566,374.8475036621,78.));
#10923 = VECTOR('',#10924,1.);
#10924 = DIRECTION('',(6.123233995737E-17,-1.,0.));
#10925 = PCURVE('',#10663,#10926);
#10926 = DEFINITIONAL_REPRESENTATION('',(#10927),#10931);
#10927 = LINE('',#10928,#10929);
#10928 = CARTESIAN_POINT('',(100.,-37.5));
#10929 = VECTOR('',#10930,1.);
#10930 = DIRECTION('',(-6.123233995737E-17,1.));
#10931 = ( GEOMETRIC_REPRESENTATION_CONTEXT(2) 
PARAMETRIC_REPRESENTATION_CONTEXT() REPRESENTATION_CONTEXT('2D SPACE',''
  ) );
#10932 = PCURVE('',#10747,#10933);
#10933 = DEFINITIONAL_REPRESENTATION('',(#10934),#10938);
#10934 = LINE('',#10935,#10936);
#10935 = CARTESIAN_POINT('',(12.5,-78.));
#10936 = VECTOR('',#10937,1.);
#10937 = DIRECTION('',(1.,0.));
#10938 = ( GEOMETRIC_REPRESENTATION_CONTEXT(2) 
PARAMETRIC_REPRESENTATION_CONTEXT() REPRESENTATION_CONTEXT('2D SPACE',''
  ) );
#10939 = ORIENTED_EDGE('',*,*,#10759,.F.);
#10940 = ORIENTED_EDGE('',*,*,#10941,.F.);
#10941 = EDGE_CURVE('',#10942,#10760,#10944,.T.);
#10942 = VERTEX_POINT('',#10943);
#10943 = CARTESIAN_POINT('',(205.49593449884,385.3475036621,78.));
#10944 = SURFACE_CURVE('',#10945,(#10949,#10956),.PCURVE_S1.);
#10945 = LINE('',#10946,#10947);
#10946 = CARTESIAN_POINT('',(205.49593449884,338.8475036621,78.));
#10947 = VECTOR('',#10948,1.);
#10948 = DIRECTION('',(1.224646799147E-16,-1.,0.));
#10949 = PCURVE('',#10663,#10950);
#10950 = DEFINITIONAL_REPRESENTATION('',(#10951),#10955);
#10951 = LINE('',#10952,#10953);
#10952 = CARTESIAN_POINT('',(97.512764943183,-1.5));
#10953 = VECTOR('',#10954,1.);
#10954 = DIRECTION('',(0.,1.));
#10955 = ( GEOMETRIC_REPRESENTATION_CONTEXT(2) 
PARAMETRIC_REPRESENTATION_CONTEXT() REPRESENTATION_CONTEXT('2D SPACE',''
  ) );
#10956 = PCURVE('',#10798,#10957);
#10957 = DEFINITIONAL_REPRESENTATION('',(#10958),#10962);
#10958 = LINE('',#10959,#10960);
#10959 = CARTESIAN_POINT('',(71.,1.5));
#10960 = VECTOR('',#10961,1.);
#10961 = DIRECTION('',(0.,1.));
#10962 = ( GEOMETRIC_REPRESENTATION_CONTEXT(2) 
PARAMETRIC_REPRESENTATION_CONTEXT() REPRESENTATION_CONTEXT('2D SPACE',''
  ) );
#10963 = ORIENTED_EDGE('',*,*,#10964,.T.);
#10964 = EDGE_CURVE('',#10942,#10965,#10967,.T.);
#10965 = VERTEX_POINT('',#10966);
#10966 = CARTESIAN_POINT('',(109.98316955566,385.3475036621,78.));
#10967 = SURFACE_CURVE('',#10968,(#10972,#10979),.PCURVE_S1.);
#10968 = LINE('',#10969,#10970);
#10969 = CARTESIAN_POINT('',(132.98316955566,385.3475036621,78.));
#10970 = VECTOR('',#10971,1.);
#10971 = DIRECTION('',(-1.,-1.224646799147E-16,-1.224646799147E-16));
#10972 = PCURVE('',#10663,#10973);
#10973 = DEFINITIONAL_REPRESENTATION('',(#10974),#10978);
#10974 = LINE('',#10975,#10976);
#10975 = CARTESIAN_POINT('',(25.,-48.));
#10976 = VECTOR('',#10977,1.);
#10977 = DIRECTION('',(-1.,0.));
#10978 = ( GEOMETRIC_REPRESENTATION_CONTEXT(2) 
PARAMETRIC_REPRESENTATION_CONTEXT() REPRESENTATION_CONTEXT('2D SPACE',''
  ) );
#10979 = PCURVE('',#10980,#10985);
#10980 = PLANE('',#10981);
#10981 = AXIS2_PLACEMENT_3D('',#10982,#10983,#10984);
#10982 = CARTESIAN_POINT('',(157.98316955566,385.3475036621,41.5));
#10983 = DIRECTION('',(1.224646799147E-16,-1.,0.));
#10984 = DIRECTION('',(-1.,-1.224646799147E-16,0.));
#10985 = DEFINITIONAL_REPRESENTATION('',(#10986),#10990);
#10986 = LINE('',#10987,#10988);
#10987 = CARTESIAN_POINT('',(25.,-36.5));
#10988 = VECTOR('',#10989,1.);
#10989 = DIRECTION('',(1.,1.224646799147E-16));
#10990 = ( GEOMETRIC_REPRESENTATION_CONTEXT(2) 
PARAMETRIC_REPRESENTATION_CONTEXT() REPRESENTATION_CONTEXT('2D SPACE',''
  ) );
#10991 = ORIENTED_EDGE('',*,*,#10992,.F.);
#10992 = EDGE_CURVE('',#10643,#10965,#10993,.T.);
#10993 = SURFACE_CURVE('',#10994,(#10998,#11005),.PCURVE_S1.);
#10994 = LINE('',#10995,#10996);
#10995 = CARTESIAN_POINT('',(109.98316955566,338.8475036621,78.));
#10996 = VECTOR('',#10997,1.);
#10997 = DIRECTION('',(-1.224646799147E-16,1.,0.));
#10998 = PCURVE('',#10663,#10999);
#10999 = DEFINITIONAL_REPRESENTATION('',(#11000),#11004);
#11000 = LINE('',#11001,#11002);
#11001 = CARTESIAN_POINT('',(2.,-1.5));
#11002 = VECTOR('',#11003,1.);
#11003 = DIRECTION('',(0.,-1.));
#11004 = ( GEOMETRIC_REPRESENTATION_CONTEXT(2) 
PARAMETRIC_REPRESENTATION_CONTEXT() REPRESENTATION_CONTEXT('2D SPACE',''
  ) );
#11005 = PCURVE('',#10852,#11006);
#11006 = DEFINITIONAL_REPRESENTATION('',(#11007),#11011);
#11007 = LINE('',#11008,#11009);
#11008 = CARTESIAN_POINT('',(15.107539476954,1.5));
#11009 = VECTOR('',#11010,1.);
#11010 = DIRECTION('',(0.,-1.));
#11011 = ( GEOMETRIC_REPRESENTATION_CONTEXT(2) 
PARAMETRIC_REPRESENTATION_CONTEXT() REPRESENTATION_CONTEXT('2D SPACE',''
  ) );
#11012 = ADVANCED_FACE('',(#11013),#10852,.F.);
#11013 = FACE_BOUND('',#11014,.F.);
#11014 = EDGE_LOOP('',(#11015,#11016,#11017,#11040));
#11015 = ORIENTED_EDGE('',*,*,#10838,.F.);
#11016 = ORIENTED_EDGE('',*,*,#10992,.T.);
#11017 = ORIENTED_EDGE('',*,*,#11018,.T.);
#11018 = EDGE_CURVE('',#10965,#11019,#11021,.T.);
#11019 = VERTEX_POINT('',#11020);
#11020 = CARTESIAN_POINT('',(109.98316955566,385.3475036621,7.));
#11021 = SURFACE_CURVE('',#11022,(#11026,#11033),.PCURVE_S1.);
#11022 = LINE('',#11023,#11024);
#11023 = CARTESIAN_POINT('',(109.98316955566,385.3475036621,
    93.107539476954));
#11024 = VECTOR('',#11025,1.);
#11025 = DIRECTION('',(3.673940397442E-16,4.499279347986E-32,-1.));
#11026 = PCURVE('',#10852,#11027);
#11027 = DEFINITIONAL_REPRESENTATION('',(#11028),#11032);
#11028 = LINE('',#11029,#11030);
#11029 = CARTESIAN_POINT('',(-4.263256414561E-14,-45.));
#11030 = VECTOR('',#11031,1.);
#11031 = DIRECTION('',(1.,0.));
#11032 = ( GEOMETRIC_REPRESENTATION_CONTEXT(2) 
PARAMETRIC_REPRESENTATION_CONTEXT() REPRESENTATION_CONTEXT('2D SPACE',''
  ) );
#11033 = PCURVE('',#10980,#11034);
#11034 = DEFINITIONAL_REPRESENTATION('',(#11035),#11039);
#11035 = LINE('',#11036,#11037);
#11036 = CARTESIAN_POINT('',(48.,-51.60753947695));
#11037 = VECTOR('',#11038,1.);
#11038 = DIRECTION('',(-3.673940397442E-16,1.));
#11039 = ( GEOMETRIC_REPRESENTATION_CONTEXT(2) 
PARAMETRIC_REPRESENTATION_CONTEXT() REPRESENTATION_CONTEXT('2D SPACE',''
  ) );
#11040 = ORIENTED_EDGE('',*,*,#11041,.F.);
#11041 = EDGE_CURVE('',#10811,#11019,#11042,.T.);
#11042 = SURFACE_CURVE('',#11043,(#11047,#11054),.PCURVE_S1.);
#11043 = LINE('',#11044,#11045);
#11044 = CARTESIAN_POINT('',(109.98316955566,340.3475036621,7.));
#11045 = VECTOR('',#11046,1.);
#11046 = DIRECTION('',(-1.224646799147E-16,1.,-0.));
#11047 = PCURVE('',#10852,#11048);
#11048 = DEFINITIONAL_REPRESENTATION('',(#11049),#11053);
#11049 = LINE('',#11050,#11051);
#11050 = CARTESIAN_POINT('',(86.107539476954,3.480655548024E-30));
#11051 = VECTOR('',#11052,1.);
#11052 = DIRECTION('',(0.,-1.));
#11053 = ( GEOMETRIC_REPRESENTATION_CONTEXT(2) 
PARAMETRIC_REPRESENTATION_CONTEXT() REPRESENTATION_CONTEXT('2D SPACE',''
  ) );
#11054 = PCURVE('',#10826,#11055);
#11055 = DEFINITIONAL_REPRESENTATION('',(#11056),#11060);
#11056 = LINE('',#11057,#11058);
#11057 = CARTESIAN_POINT('',(0.,0.));
#11058 = VECTOR('',#11059,1.);
#11059 = DIRECTION('',(0.,-1.));
#11060 = ( GEOMETRIC_REPRESENTATION_CONTEXT(2) 
PARAMETRIC_REPRESENTATION_CONTEXT() REPRESENTATION_CONTEXT('2D SPACE',''
  ) );
#11061 = ADVANCED_FACE('',(#11062),#10691,.T.);
#11062 = FACE_BOUND('',#11063,.T.);
#11063 = EDGE_LOOP('',(#11064,#11087,#11115,#11143,#11164,#11165));
#11064 = ORIENTED_EDGE('',*,*,#11065,.F.);
#11065 = EDGE_CURVE('',#11066,#10869,#11068,.T.);
#11066 = VERTEX_POINT('',#11067);
#11067 = CARTESIAN_POINT('',(107.98316955566,387.3475036621,0.));
#11068 = SURFACE_CURVE('',#11069,(#11073,#11080),.PCURVE_S1.);
#11069 = LINE('',#11070,#11071);
#11070 = CARTESIAN_POINT('',(107.98316955566,387.3475036621,0.));
#11071 = VECTOR('',#11072,1.);
#11072 = DIRECTION('',(0.,0.,1.));
#11073 = PCURVE('',#10691,#11074);
#11074 = DEFINITIONAL_REPRESENTATION('',(#11075),#11079);
#11075 = LINE('',#11076,#11077);
#11076 = CARTESIAN_POINT('',(50.,0.));
#11077 = VECTOR('',#11078,1.);
#11078 = DIRECTION('',(0.,-1.));
#11079 = ( GEOMETRIC_REPRESENTATION_CONTEXT(2) 
PARAMETRIC_REPRESENTATION_CONTEXT() REPRESENTATION_CONTEXT('2D SPACE',''
  ) );
#11080 = PCURVE('',#10907,#11081);
#11081 = DEFINITIONAL_REPRESENTATION('',(#11082),#11086);
#11082 = LINE('',#11083,#11084);
#11083 = CARTESIAN_POINT('',(0.,0.));
#11084 = VECTOR('',#11085,1.);
#11085 = DIRECTION('',(0.,-1.));
#11086 = ( GEOMETRIC_REPRESENTATION_CONTEXT(2) 
PARAMETRIC_REPRESENTATION_CONTEXT() REPRESENTATION_CONTEXT('2D SPACE',''
  ) );
#11087 = ORIENTED_EDGE('',*,*,#11088,.F.);
#11088 = EDGE_CURVE('',#11089,#11066,#11091,.T.);
#11089 = VERTEX_POINT('',#11090);
#11090 = CARTESIAN_POINT('',(107.98316955566,342.3475036621,0.));
#11091 = SURFACE_CURVE('',#11092,(#11096,#11103),.PCURVE_S1.);
#11092 = LINE('',#11093,#11094);
#11093 = CARTESIAN_POINT('',(107.98316955566,321.20077514648,0.));
#11094 = VECTOR('',#11095,1.);
#11095 = DIRECTION('',(0.,1.,0.));
#11096 = PCURVE('',#10691,#11097);
#11097 = DEFINITIONAL_REPRESENTATION('',(#11098),#11102);
#11098 = LINE('',#11099,#11100);
#11099 = CARTESIAN_POINT('',(-16.14672851562,-0.));
#11100 = VECTOR('',#11101,1.);
#11101 = DIRECTION('',(1.,0.));
#11102 = ( GEOMETRIC_REPRESENTATION_CONTEXT(2) 
PARAMETRIC_REPRESENTATION_CONTEXT() REPRESENTATION_CONTEXT('2D SPACE',''
  ) );
#11103 = PCURVE('',#11104,#11109);
#11104 = PLANE('',#11105);
#11105 = AXIS2_PLACEMENT_3D('',#11106,#11107,#11108);
#11106 = CARTESIAN_POINT('',(0.,0.,0.));
#11107 = DIRECTION('',(0.,0.,1.));
#11108 = DIRECTION('',(1.,0.,0.));
#11109 = DEFINITIONAL_REPRESENTATION('',(#11110),#11114);
#11110 = LINE('',#11111,#11112);
#11111 = CARTESIAN_POINT('',(107.98316955566,321.20077514648));
#11112 = VECTOR('',#11113,1.);
#11113 = DIRECTION('',(0.,1.));
#11114 = ( GEOMETRIC_REPRESENTATION_CONTEXT(2) 
PARAMETRIC_REPRESENTATION_CONTEXT() REPRESENTATION_CONTEXT('2D SPACE',''
  ) );
#11115 = ORIENTED_EDGE('',*,*,#11116,.T.);
#11116 = EDGE_CURVE('',#11089,#11117,#11119,.T.);
#11117 = VERTEX_POINT('',#11118);
#11118 = CARTESIAN_POINT('',(107.98316955566,342.3475036621,5.));
#11119 = SURFACE_CURVE('',#11120,(#11124,#11131),.PCURVE_S1.);
#11120 = LINE('',#11121,#11122);
#11121 = CARTESIAN_POINT('',(107.98316955566,342.3475036621,0.));
#11122 = VECTOR('',#11123,1.);
#11123 = DIRECTION('',(0.,0.,1.));
#11124 = PCURVE('',#10691,#11125);
#11125 = DEFINITIONAL_REPRESENTATION('',(#11126),#11130);
#11126 = LINE('',#11127,#11128);
#11127 = CARTESIAN_POINT('',(5.,0.));
#11128 = VECTOR('',#11129,1.);
#11129 = DIRECTION('',(0.,-1.));
#11130 = ( GEOMETRIC_REPRESENTATION_CONTEXT(2) 
PARAMETRIC_REPRESENTATION_CONTEXT() REPRESENTATION_CONTEXT('2D SPACE',''
  ) );
#11131 = PCURVE('',#11132,#11137);
#11132 = PLANE('',#11133);
#11133 = AXIS2_PLACEMENT_3D('',#11134,#11135,#11136);
#11134 = CARTESIAN_POINT('',(157.98316955566,342.3475036621,40.));
#11135 = DIRECTION('',(1.224646799147E-16,-1.,0.));
#11136 = DIRECTION('',(-1.,-1.224646799147E-16,0.));
#11137 = DEFINITIONAL_REPRESENTATION('',(#11138),#11142);
#11138 = LINE('',#11139,#11140);
#11139 = CARTESIAN_POINT('',(50.,40.));
#11140 = VECTOR('',#11141,1.);
#11141 = DIRECTION('',(0.,-1.));
#11142 = ( GEOMETRIC_REPRESENTATION_CONTEXT(2) 
PARAMETRIC_REPRESENTATION_CONTEXT() REPRESENTATION_CONTEXT('2D SPACE',''
  ) );
#11143 = ORIENTED_EDGE('',*,*,#11144,.F.);
#11144 = EDGE_CURVE('',#10676,#11117,#11145,.T.);
#11145 = SURFACE_CURVE('',#11146,(#11150,#11157),.PCURVE_S1.);
#11146 = LINE('',#11147,#11148);
#11147 = CARTESIAN_POINT('',(107.98316955566,337.3475036621,5.));
#11148 = VECTOR('',#11149,1.);
#11149 = DIRECTION('',(-1.224646799147E-16,1.,-0.));
#11150 = PCURVE('',#10691,#11151);
#11151 = DEFINITIONAL_REPRESENTATION('',(#11152),#11156);
#11152 = LINE('',#11153,#11154);
#11153 = CARTESIAN_POINT('',(0.,-5.));
#11154 = VECTOR('',#11155,1.);
#11155 = DIRECTION('',(1.,0.));
#11156 = ( GEOMETRIC_REPRESENTATION_CONTEXT(2) 
PARAMETRIC_REPRESENTATION_CONTEXT() REPRESENTATION_CONTEXT('2D SPACE',''
  ) );
#11157 = PCURVE('',#10719,#11158);
#11158 = DEFINITIONAL_REPRESENTATION('',(#11159),#11163);
#11159 = LINE('',#11160,#11161);
#11160 = CARTESIAN_POINT('',(100.,-1.224646799147E-14));
#11161 = VECTOR('',#11162,1.);
#11162 = DIRECTION('',(0.,-1.));
#11163 = ( GEOMETRIC_REPRESENTATION_CONTEXT(2) 
PARAMETRIC_REPRESENTATION_CONTEXT() REPRESENTATION_CONTEXT('2D SPACE',''
  ) );
#11164 = ORIENTED_EDGE('',*,*,#10675,.T.);
#11165 = ORIENTED_EDGE('',*,*,#10868,.T.);
#11166 = ADVANCED_FACE('',(#11167),#10826,.F.);
#11167 = FACE_BOUND('',#11168,.F.);
#11168 = EDGE_LOOP('',(#11169,#11170,#11171,#11194));
#11169 = ORIENTED_EDGE('',*,*,#10810,.F.);
#11170 = ORIENTED_EDGE('',*,*,#11041,.T.);
#11171 = ORIENTED_EDGE('',*,*,#11172,.T.);
#11172 = EDGE_CURVE('',#11019,#11173,#11175,.T.);
#11173 = VERTEX_POINT('',#11174);
#11174 = CARTESIAN_POINT('',(205.49593449884,385.3475036621,7.));
#11175 = SURFACE_CURVE('',#11176,(#11180,#11187),.PCURVE_S1.);
#11176 = LINE('',#11177,#11178);
#11177 = CARTESIAN_POINT('',(110.0262208111,385.3475036621,7.));
#11178 = VECTOR('',#11179,1.);
#11179 = DIRECTION('',(1.,1.224646799147E-16,3.061616997868E-16));
#11180 = PCURVE('',#10826,#11181);
#11181 = DEFINITIONAL_REPRESENTATION('',(#11182),#11186);
#11182 = LINE('',#11183,#11184);
#11183 = CARTESIAN_POINT('',(4.305125544044E-02,-45.));
#11184 = VECTOR('',#11185,1.);
#11185 = DIRECTION('',(1.,0.));
#11186 = ( GEOMETRIC_REPRESENTATION_CONTEXT(2) 
PARAMETRIC_REPRESENTATION_CONTEXT() REPRESENTATION_CONTEXT('2D SPACE',''
  ) );
#11187 = PCURVE('',#10980,#11188);
#11188 = DEFINITIONAL_REPRESENTATION('',(#11189),#11193);
#11189 = LINE('',#11190,#11191);
#11190 = CARTESIAN_POINT('',(47.95694874456,34.5));
#11191 = VECTOR('',#11192,1.);
#11192 = DIRECTION('',(-1.,-3.061616997868E-16));
#11193 = ( GEOMETRIC_REPRESENTATION_CONTEXT(2) 
PARAMETRIC_REPRESENTATION_CONTEXT() REPRESENTATION_CONTEXT('2D SPACE',''
  ) );
#11194 = ORIENTED_EDGE('',*,*,#11195,.F.);
#11195 = EDGE_CURVE('',#10783,#11173,#11196,.T.);
#11196 = SURFACE_CURVE('',#11197,(#11201,#11208),.PCURVE_S1.);
#11197 = LINE('',#11198,#11199);
#11198 = CARTESIAN_POINT('',(205.49593449884,340.3475036621,7.));
#11199 = VECTOR('',#11200,1.);
#11200 = DIRECTION('',(-1.224646799147E-16,1.,-0.));
#11201 = PCURVE('',#10826,#11202);
#11202 = DEFINITIONAL_REPRESENTATION('',(#11203),#11207);
#11203 = LINE('',#11204,#11205);
#11204 = CARTESIAN_POINT('',(95.512764943183,1.169694018654E-14));
#11205 = VECTOR('',#11206,1.);
#11206 = DIRECTION('',(0.,-1.));
#11207 = ( GEOMETRIC_REPRESENTATION_CONTEXT(2) 
PARAMETRIC_REPRESENTATION_CONTEXT() REPRESENTATION_CONTEXT('2D SPACE',''
  ) );
#11208 = PCURVE('',#10798,#11209);
#11209 = DEFINITIONAL_REPRESENTATION('',(#11210),#11214);
#11210 = LINE('',#11211,#11212);
#11211 = CARTESIAN_POINT('',(0.,0.));
#11212 = VECTOR('',#11213,1.);
#11213 = DIRECTION('',(0.,-1.));
#11214 = ( GEOMETRIC_REPRESENTATION_CONTEXT(2) 
PARAMETRIC_REPRESENTATION_CONTEXT() REPRESENTATION_CONTEXT('2D SPACE',''
  ) );
#11215 = ADVANCED_FACE('',(#11216),#10719,.F.);
#11216 = FACE_BOUND('',#11217,.F.);
#11217 = EDGE_LOOP('',(#11218,#11241,#11242,#11243));
#11218 = ORIENTED_EDGE('',*,*,#11219,.F.);
#11219 = EDGE_CURVE('',#11117,#11220,#11222,.T.);
#11220 = VERTEX_POINT('',#11221);
#11221 = CARTESIAN_POINT('',(207.98316955566,342.3475036621,5.));
#11222 = SURFACE_CURVE('',#11223,(#11227,#11234),.PCURVE_S1.);
#11223 = LINE('',#11224,#11225);
#11224 = CARTESIAN_POINT('',(107.98316955566,342.3475036621,5.));
#11225 = VECTOR('',#11226,1.);
#11226 = DIRECTION('',(1.,1.224646799147E-16,0.));
#11227 = PCURVE('',#10719,#11228);
#11228 = DEFINITIONAL_REPRESENTATION('',(#11229),#11233);
#11229 = LINE('',#11230,#11231);
#11230 = CARTESIAN_POINT('',(100.,-5.));
#11231 = VECTOR('',#11232,1.);
#11232 = DIRECTION('',(-1.,0.));
#11233 = ( GEOMETRIC_REPRESENTATION_CONTEXT(2) 
PARAMETRIC_REPRESENTATION_CONTEXT() REPRESENTATION_CONTEXT('2D SPACE',''
  ) );
#11234 = PCURVE('',#11132,#11235);
#11235 = DEFINITIONAL_REPRESENTATION('',(#11236),#11240);
#11236 = LINE('',#11237,#11238);
#11237 = CARTESIAN_POINT('',(50.,35.));
#11238 = VECTOR('',#11239,1.);
#11239 = DIRECTION('',(-1.,0.));
#11240 = ( GEOMETRIC_REPRESENTATION_CONTEXT(2) 
PARAMETRIC_REPRESENTATION_CONTEXT() REPRESENTATION_CONTEXT('2D SPACE',''
  ) );
#11241 = ORIENTED_EDGE('',*,*,#11144,.F.);
#11242 = ORIENTED_EDGE('',*,*,#10703,.F.);
#11243 = ORIENTED_EDGE('',*,*,#11244,.T.);
#11244 = EDGE_CURVE('',#10704,#11220,#11245,.T.);
#11245 = SURFACE_CURVE('',#11246,(#11250,#11257),.PCURVE_S1.);
#11246 = LINE('',#11247,#11248);
#11247 = CARTESIAN_POINT('',(207.98316955566,337.3475036621,5.));
#11248 = VECTOR('',#11249,1.);
#11249 = DIRECTION('',(-1.224646799147E-16,1.,-0.));
#11250 = PCURVE('',#10719,#11251);
#11251 = DEFINITIONAL_REPRESENTATION('',(#11252),#11256);
#11252 = LINE('',#11253,#11254);
#11253 = CARTESIAN_POINT('',(-0.,0.));
#11254 = VECTOR('',#11255,1.);
#11255 = DIRECTION('',(0.,-1.));
#11256 = ( GEOMETRIC_REPRESENTATION_CONTEXT(2) 
PARAMETRIC_REPRESENTATION_CONTEXT() REPRESENTATION_CONTEXT('2D SPACE',''
  ) );
#11257 = PCURVE('',#10747,#11258);
#11258 = DEFINITIONAL_REPRESENTATION('',(#11259),#11263);
#11259 = LINE('',#11260,#11261);
#11260 = CARTESIAN_POINT('',(50.,-5.));
#11261 = VECTOR('',#11262,1.);
#11262 = DIRECTION('',(-1.,-0.));
#11263 = ( GEOMETRIC_REPRESENTATION_CONTEXT(2) 
PARAMETRIC_REPRESENTATION_CONTEXT() REPRESENTATION_CONTEXT('2D SPACE',''
  ) );
#11264 = ADVANCED_FACE('',(#11265),#10798,.F.);
#11265 = FACE_BOUND('',#11266,.F.);
#11266 = EDGE_LOOP('',(#11267,#11268,#11269,#11290));
#11267 = ORIENTED_EDGE('',*,*,#10782,.F.);
#11268 = ORIENTED_EDGE('',*,*,#11195,.T.);
#11269 = ORIENTED_EDGE('',*,*,#11270,.T.);
#11270 = EDGE_CURVE('',#11173,#10942,#11271,.T.);
#11271 = SURFACE_CURVE('',#11272,(#11276,#11283),.PCURVE_S1.);
#11272 = LINE('',#11273,#11274);
#11273 = CARTESIAN_POINT('',(205.49593449884,385.3475036621,
    7.448188043396));
#11274 = VECTOR('',#11275,1.);
#11275 = DIRECTION('',(0.,0.,1.));
#11276 = PCURVE('',#10798,#11277);
#11277 = DEFINITIONAL_REPRESENTATION('',(#11278),#11282);
#11278 = LINE('',#11279,#11280);
#11279 = CARTESIAN_POINT('',(0.448188043396,-45.));
#11280 = VECTOR('',#11281,1.);
#11281 = DIRECTION('',(1.,0.));
#11282 = ( GEOMETRIC_REPRESENTATION_CONTEXT(2) 
PARAMETRIC_REPRESENTATION_CONTEXT() REPRESENTATION_CONTEXT('2D SPACE',''
  ) );
#11283 = PCURVE('',#10980,#11284);
#11284 = DEFINITIONAL_REPRESENTATION('',(#11285),#11289);
#11285 = LINE('',#11286,#11287);
#11286 = CARTESIAN_POINT('',(-47.51276494318,34.051811956604));
#11287 = VECTOR('',#11288,1.);
#11288 = DIRECTION('',(0.,-1.));
#11289 = ( GEOMETRIC_REPRESENTATION_CONTEXT(2) 
PARAMETRIC_REPRESENTATION_CONTEXT() REPRESENTATION_CONTEXT('2D SPACE',''
  ) );
#11290 = ORIENTED_EDGE('',*,*,#10941,.T.);
#11291 = ADVANCED_FACE('',(#11292),#10747,.T.);
#11292 = FACE_BOUND('',#11293,.T.);
#11293 = EDGE_LOOP('',(#11294,#11317,#11318,#11319,#11320,#11343));
#11294 = ORIENTED_EDGE('',*,*,#11295,.T.);
#11295 = EDGE_CURVE('',#11296,#10892,#11298,.T.);
#11296 = VERTEX_POINT('',#11297);
#11297 = CARTESIAN_POINT('',(207.98316955566,387.3475036621,0.));
#11298 = SURFACE_CURVE('',#11299,(#11303,#11310),.PCURVE_S1.);
#11299 = LINE('',#11300,#11301);
#11300 = CARTESIAN_POINT('',(207.98316955566,387.3475036621,0.));
#11301 = VECTOR('',#11302,1.);
#11302 = DIRECTION('',(0.,0.,1.));
#11303 = PCURVE('',#10747,#11304);
#11304 = DEFINITIONAL_REPRESENTATION('',(#11305),#11309);
#11305 = LINE('',#11306,#11307);
#11306 = CARTESIAN_POINT('',(0.,0.));
#11307 = VECTOR('',#11308,1.);
#11308 = DIRECTION('',(0.,-1.));
#11309 = ( GEOMETRIC_REPRESENTATION_CONTEXT(2) 
PARAMETRIC_REPRESENTATION_CONTEXT() REPRESENTATION_CONTEXT('2D SPACE',''
  ) );
#11310 = PCURVE('',#10907,#11311);
#11311 = DEFINITIONAL_REPRESENTATION('',(#11312),#11316);
#11312 = LINE('',#11313,#11314);
#11313 = CARTESIAN_POINT('',(100.,0.));
#11314 = VECTOR('',#11315,1.);
#11315 = DIRECTION('',(0.,-1.));
#11316 = ( GEOMETRIC_REPRESENTATION_CONTEXT(2) 
PARAMETRIC_REPRESENTATION_CONTEXT() REPRESENTATION_CONTEXT('2D SPACE',''
  ) );
#11317 = ORIENTED_EDGE('',*,*,#10919,.T.);
#11318 = ORIENTED_EDGE('',*,*,#10731,.T.);
#11319 = ORIENTED_EDGE('',*,*,#11244,.T.);
#11320 = ORIENTED_EDGE('',*,*,#11321,.T.);
#11321 = EDGE_CURVE('',#11220,#11322,#11324,.T.);
#11322 = VERTEX_POINT('',#11323);
#11323 = CARTESIAN_POINT('',(207.98316955566,342.3475036621,0.));
#11324 = SURFACE_CURVE('',#11325,(#11329,#11336),.PCURVE_S1.);
#11325 = LINE('',#11326,#11327);
#11326 = CARTESIAN_POINT('',(207.98316955566,342.3475036621,5.));
#11327 = VECTOR('',#11328,1.);
#11328 = DIRECTION('',(0.,0.,-1.));
#11329 = PCURVE('',#10747,#11330);
#11330 = DEFINITIONAL_REPRESENTATION('',(#11331),#11335);
#11331 = LINE('',#11332,#11333);
#11332 = CARTESIAN_POINT('',(45.,-5.));
#11333 = VECTOR('',#11334,1.);
#11334 = DIRECTION('',(0.,1.));
#11335 = ( GEOMETRIC_REPRESENTATION_CONTEXT(2) 
PARAMETRIC_REPRESENTATION_CONTEXT() REPRESENTATION_CONTEXT('2D SPACE',''
  ) );
#11336 = PCURVE('',#11132,#11337);
#11337 = DEFINITIONAL_REPRESENTATION('',(#11338),#11342);
#11338 = LINE('',#11339,#11340);
#11339 = CARTESIAN_POINT('',(-50.,35.));
#11340 = VECTOR('',#11341,1.);
#11341 = DIRECTION('',(-0.,1.));
#11342 = ( GEOMETRIC_REPRESENTATION_CONTEXT(2) 
PARAMETRIC_REPRESENTATION_CONTEXT() REPRESENTATION_CONTEXT('2D SPACE',''
  ) );
#11343 = ORIENTED_EDGE('',*,*,#11344,.F.);
#11344 = EDGE_CURVE('',#11296,#11322,#11345,.T.);
#11345 = SURFACE_CURVE('',#11346,(#11350,#11357),.PCURVE_S1.);
#11346 = LINE('',#11347,#11348);
#11347 = CARTESIAN_POINT('',(207.98316955566,387.3475036621,0.));
#11348 = VECTOR('',#11349,1.);
#11349 = DIRECTION('',(6.123233995737E-17,-1.,0.));
#11350 = PCURVE('',#10747,#11351);
#11351 = DEFINITIONAL_REPRESENTATION('',(#11352),#11356);
#11352 = LINE('',#11353,#11354);
#11353 = CARTESIAN_POINT('',(0.,0.));
#11354 = VECTOR('',#11355,1.);
#11355 = DIRECTION('',(1.,0.));
#11356 = ( GEOMETRIC_REPRESENTATION_CONTEXT(2) 
PARAMETRIC_REPRESENTATION_CONTEXT() REPRESENTATION_CONTEXT('2D SPACE',''
  ) );
#11357 = PCURVE('',#11104,#11358);
#11358 = DEFINITIONAL_REPRESENTATION('',(#11359),#11363);
#11359 = LINE('',#11360,#11361);
#11360 = CARTESIAN_POINT('',(207.98316955566,387.3475036621));
#11361 = VECTOR('',#11362,1.);
#11362 = DIRECTION('',(6.123233995737E-17,-1.));
#11363 = ( GEOMETRIC_REPRESENTATION_CONTEXT(2) 
PARAMETRIC_REPRESENTATION_CONTEXT() REPRESENTATION_CONTEXT('2D SPACE',''
  ) );
#11364 = ADVANCED_FACE('',(#11365),#10980,.T.);
#11365 = FACE_BOUND('',#11366,.T.);
#11366 = EDGE_LOOP('',(#11367,#11368,#11369,#11370));
#11367 = ORIENTED_EDGE('',*,*,#11270,.T.);
#11368 = ORIENTED_EDGE('',*,*,#10964,.T.);
#11369 = ORIENTED_EDGE('',*,*,#11018,.T.);
#11370 = ORIENTED_EDGE('',*,*,#11172,.T.);
#11371 = ADVANCED_FACE('',(#11372),#10907,.T.);
#11372 = FACE_BOUND('',#11373,.T.);
#11373 = EDGE_LOOP('',(#11374,#11375,#11376,#11377));
#11374 = ORIENTED_EDGE('',*,*,#11065,.T.);
#11375 = ORIENTED_EDGE('',*,*,#10891,.T.);
#11376 = ORIENTED_EDGE('',*,*,#11295,.F.);
#11377 = ORIENTED_EDGE('',*,*,#11378,.F.);
#11378 = EDGE_CURVE('',#11066,#11296,#11379,.T.);
#11379 = SURFACE_CURVE('',#11380,(#11384,#11391),.PCURVE_S1.);
#11380 = LINE('',#11381,#11382);
#11381 = CARTESIAN_POINT('',(107.98316955566,387.3475036621,0.));
#11382 = VECTOR('',#11383,1.);
#11383 = DIRECTION('',(1.,0.,0.));
#11384 = PCURVE('',#10907,#11385);
#11385 = DEFINITIONAL_REPRESENTATION('',(#11386),#11390);
#11386 = LINE('',#11387,#11388);
#11387 = CARTESIAN_POINT('',(0.,0.));
#11388 = VECTOR('',#11389,1.);
#11389 = DIRECTION('',(1.,0.));
#11390 = ( GEOMETRIC_REPRESENTATION_CONTEXT(2) 
PARAMETRIC_REPRESENTATION_CONTEXT() REPRESENTATION_CONTEXT('2D SPACE',''
  ) );
#11391 = PCURVE('',#11104,#11392);
#11392 = DEFINITIONAL_REPRESENTATION('',(#11393),#11397);
#11393 = LINE('',#11394,#11395);
#11394 = CARTESIAN_POINT('',(107.98316955566,387.3475036621));
#11395 = VECTOR('',#11396,1.);
#11396 = DIRECTION('',(1.,0.));
#11397 = ( GEOMETRIC_REPRESENTATION_CONTEXT(2) 
PARAMETRIC_REPRESENTATION_CONTEXT() REPRESENTATION_CONTEXT('2D SPACE',''
  ) );
#11398 = ADVANCED_FACE('',(#11399),#11104,.F.);
#11399 = FACE_BOUND('',#11400,.F.);
#11400 = EDGE_LOOP('',(#11401,#11402,#11403,#11404));
#11401 = ORIENTED_EDGE('',*,*,#11344,.F.);
#11402 = ORIENTED_EDGE('',*,*,#11378,.F.);
#11403 = ORIENTED_EDGE('',*,*,#11088,.F.);
#11404 = ORIENTED_EDGE('',*,*,#11405,.F.);
#11405 = EDGE_CURVE('',#11322,#11089,#11406,.T.);
#11406 = SURFACE_CURVE('',#11407,(#11411,#11418),.PCURVE_S1.);
#11407 = LINE('',#11408,#11409);
#11408 = CARTESIAN_POINT('',(207.98316955566,342.3475036621,0.));
#11409 = VECTOR('',#11410,1.);
#11410 = DIRECTION('',(-1.,-1.224646799147E-16,0.));
#11411 = PCURVE('',#11104,#11412);
#11412 = DEFINITIONAL_REPRESENTATION('',(#11413),#11417);
#11413 = LINE('',#11414,#11415);
#11414 = CARTESIAN_POINT('',(207.98316955566,342.3475036621));
#11415 = VECTOR('',#11416,1.);
#11416 = DIRECTION('',(-1.,-1.224646799147E-16));
#11417 = ( GEOMETRIC_REPRESENTATION_CONTEXT(2) 
PARAMETRIC_REPRESENTATION_CONTEXT() REPRESENTATION_CONTEXT('2D SPACE',''
  ) );
#11418 = PCURVE('',#11132,#11419);
#11419 = DEFINITIONAL_REPRESENTATION('',(#11420),#11424);
#11420 = LINE('',#11421,#11422);
#11421 = CARTESIAN_POINT('',(-50.,40.));
#11422 = VECTOR('',#11423,1.);
#11423 = DIRECTION('',(1.,0.));
#11424 = ( GEOMETRIC_REPRESENTATION_CONTEXT(2) 
PARAMETRIC_REPRESENTATION_CONTEXT() REPRESENTATION_CONTEXT('2D SPACE',''
  ) );
#11425 = ADVANCED_FACE('',(#11426),#11132,.T.);
#11426 = FACE_BOUND('',#11427,.T.);
#11427 = EDGE_LOOP('',(#11428,#11429,#11430,#11431));
#11428 = ORIENTED_EDGE('',*,*,#11321,.F.);
#11429 = ORIENTED_EDGE('',*,*,#11219,.F.);
#11430 = ORIENTED_EDGE('',*,*,#11116,.F.);
#11431 = ORIENTED_EDGE('',*,*,#11405,.F.);
#11432 = ( GEOMETRIC_REPRESENTATION_CONTEXT(3) 
GLOBAL_UNCERTAINTY_ASSIGNED_CONTEXT((#11436)) 
GLOBAL_UNIT_ASSIGNED_CONTEXT((#11433,#11434,#11435)) 
REPRESENTATION_CONTEXT('Context #1',
  '3D Context with UNIT and UNCERTAINTY') );
#11433 = ( LENGTH_UNIT() NAMED_UNIT(*) SI_UNIT(.MILLI.,.METRE.) );
#11434 = ( NAMED_UNIT(*) PLANE_ANGLE_UNIT() SI_UNIT($,.RADIAN.) );
#11435 = ( NAMED_UNIT(*) SI_UNIT($,.STERADIAN.) SOLID_ANGLE_UNIT() );
#11436 = UNCERTAINTY_MEASURE_WITH_UNIT(LENGTH_MEASURE(2.E-06),#11433,
  'distance_accuracy_value','confusion accuracy');
#11437 = CONTEXT_DEPENDENT_SHAPE_REPRESENTATION(#11438,#11440);
#11438 = ( REPRESENTATION_RELATIONSHIP('','',#10633,#10) 
REPRESENTATION_RELATIONSHIP_WITH_TRANSFORMATION(#11439) 
SHAPE_REPRESENTATION_RELATIONSHIP() );
#11439 = ITEM_DEFINED_TRANSFORMATION('','',#11,#23);
#11440 = PRODUCT_DEFINITION_SHAPE('Placement','Placement of an item',
  #11441);
#11441 = NEXT_ASSEMBLY_USAGE_OCCURRENCE('3','','',#5,#10628,$);
#11442 = PRODUCT_RELATED_PRODUCT_CATEGORY('part',$,(#10630));
ENDSEC;
END-ISO-10303-21;
