ISO-10303-21;
HEADER;
FILE_DESCRIPTION(('Open CASCADE Model'),'2;1');
FILE_NAME('Open CASCADE Shape Model','2026-07-16T16:48:35',('Author'),(
    'Open CASCADE'),'Open CASCADE STEP processor 8.0','Open CASCADE 8.0'
  ,'Unknown');
FILE_SCHEMA(('AUTOMOTIVE_DESIGN { 1 0 10303 214 1 1 1 1 }'));
ENDSEC;
DATA;
#1 = APPLICATION_PROTOCOL_DEFINITION('international standard',
  'automotive_design',2000,#2);
#2 = APPLICATION_CONTEXT(
  'core data for automotive mechanical design processes');
#3 = SHAPE_DEFINITION_REPRESENTATION(#4,#10);
#4 = PRODUCT_DEFINITION_SHAPE('','',#5);
#5 = PRODUCT_DEFINITION('design','',#6,#9);
#6 = PRODUCT_DEFINITION_FORMATION('','',#7);
#7 = PRODUCT('Open CASCADE STEP translator 8.0 2',
  'Open CASCADE STEP translator 8.0 2','',(#8));
#8 = PRODUCT_CONTEXT('',#2,'mechanical');
#9 = PRODUCT_DEFINITION_CONTEXT('part definition',#2,'design');
#10 = SHAPE_REPRESENTATION('',(#11,#15,#19),#23);
#11 = AXIS2_PLACEMENT_3D('',#12,#13,#14);
#12 = CARTESIAN_POINT('',(0.,0.,0.));
#13 = DIRECTION('',(0.,0.,1.));
#14 = DIRECTION('',(1.,0.,-0.));
#15 = AXIS2_PLACEMENT_3D('',#16,#17,#18);
#16 = CARTESIAN_POINT('',(0.,0.,0.));
#17 = DIRECTION('',(0.,0.,1.));
#18 = DIRECTION('',(1.,0.,-0.));
#19 = AXIS2_PLACEMENT_3D('',#20,#21,#22);
#20 = CARTESIAN_POINT('',(0.,0.,0.));
#21 = DIRECTION('',(0.,0.,1.));
#22 = DIRECTION('',(1.,0.,-0.));
#23 = ( GEOMETRIC_REPRESENTATION_CONTEXT(3) 
GLOBAL_UNCERTAINTY_ASSIGNED_CONTEXT((#27)) GLOBAL_UNIT_ASSIGNED_CONTEXT(
(#24,#25,#26)) REPRESENTATION_CONTEXT('Context #1',
  '3D Context with UNIT and UNCERTAINTY') );
#24 = ( LENGTH_UNIT() NAMED_UNIT(*) SI_UNIT(.MILLI.,.METRE.) );
#25 = ( NAMED_UNIT(*) PLANE_ANGLE_UNIT() SI_UNIT($,.RADIAN.) );
#26 = ( NAMED_UNIT(*) SI_UNIT($,.STERADIAN.) SOLID_ANGLE_UNIT() );
#27 = UNCERTAINTY_MEASURE_WITH_UNIT(LENGTH_MEASURE(2.E-03),#24,
  'distance_accuracy_value','confusion accuracy');
#28 = PRODUCT_RELATED_PRODUCT_CATEGORY('part',$,(#7));
#29 = SHAPE_DEFINITION_REPRESENTATION(#30,#36);
#30 = PRODUCT_DEFINITION_SHAPE('','',#31);
#31 = PRODUCT_DEFINITION('design','',#32,#35);
#32 = PRODUCT_DEFINITION_FORMATION('','',#33);
#33 = PRODUCT('Open CASCADE STEP translator 8.0 2.1',
  'Open CASCADE STEP translator 8.0 2.1','',(#34));
#34 = PRODUCT_CONTEXT('',#2,'mechanical');
#35 = PRODUCT_DEFINITION_CONTEXT('part definition',#2,'design');
#36 = ADVANCED_BREP_SHAPE_REPRESENTATION('',(#11,#37),#219);
#37 = MANIFOLD_SOLID_BREP('',#38);
#38 = CLOSED_SHELL('',(#39,#107,#162,#212));
#39 = ADVANCED_FACE('',(#40,#76),#53,.T.);
#40 = FACE_BOUND('',#41,.T.);
#41 = EDGE_LOOP('',(#42));
#42 = ORIENTED_EDGE('',*,*,#43,.T.);
#43 = EDGE_CURVE('',#44,#44,#46,.T.);
#44 = VERTEX_POINT('',#45);
#45 = CARTESIAN_POINT('',(206.49749702589,-2.498196961798E-15,
    -69.51236981072));
#46 = SURFACE_CURVE('',#47,(#52,#64),.PCURVE_S1.);
#47 = CIRCLE('',#48,10.2);
#48 = AXIS2_PLACEMENT_3D('',#49,#50,#51);
#49 = CARTESIAN_POINT('',(196.29749702589,0.,-69.51236981072));
#50 = DIRECTION('',(0.,0.,1.));
#51 = DIRECTION('',(1.,0.,0.));
#52 = PCURVE('',#53,#58);
#53 = PLANE('',#54);
#54 = AXIS2_PLACEMENT_3D('',#55,#56,#57);
#55 = CARTESIAN_POINT('',(196.29749702589,0.,-69.51236981072));
#56 = DIRECTION('',(0.,0.,1.));
#57 = DIRECTION('',(1.,0.,0.));
#58 = DEFINITIONAL_REPRESENTATION('',(#59),#63);
#59 = CIRCLE('',#60,10.2);
#60 = AXIS2_PLACEMENT_2D('',#61,#62);
#61 = CARTESIAN_POINT('',(0.,0.));
#62 = DIRECTION('',(1.,0.));
#63 = ( GEOMETRIC_REPRESENTATION_CONTEXT(2) 
PARAMETRIC_REPRESENTATION_CONTEXT() REPRESENTATION_CONTEXT('2D SPACE',''
  ) );
#64 = PCURVE('',#65,#70);
#65 = CYLINDRICAL_SURFACE('',#66,10.2);
#66 = AXIS2_PLACEMENT_3D('',#67,#68,#69);
#67 = CARTESIAN_POINT('',(196.29749702589,0.,-141.5123698107));
#68 = DIRECTION('',(0.,0.,1.));
#69 = DIRECTION('',(1.,0.,0.));
#70 = DEFINITIONAL_REPRESENTATION('',(#71),#75);
#71 = LINE('',#72,#73);
#72 = CARTESIAN_POINT('',(0.,72.));
#73 = VECTOR('',#74,1.);
#74 = DIRECTION('',(1.,0.));
#75 = ( GEOMETRIC_REPRESENTATION_CONTEXT(2) 
PARAMETRIC_REPRESENTATION_CONTEXT() REPRESENTATION_CONTEXT('2D SPACE',''
  ) );
#76 = FACE_BOUND('',#77,.T.);
#77 = EDGE_LOOP('',(#78));
#78 = ORIENTED_EDGE('',*,*,#79,.F.);
#79 = EDGE_CURVE('',#80,#80,#82,.T.);
#80 = VERTEX_POINT('',#81);
#81 = CARTESIAN_POINT('',(202.29749702589,0.,-69.51236981072));
#82 = SURFACE_CURVE('',#83,(#88,#95),.PCURVE_S1.);
#83 = CIRCLE('',#84,6.);
#84 = AXIS2_PLACEMENT_3D('',#85,#86,#87);
#85 = CARTESIAN_POINT('',(196.29749702589,0.,-69.51236981072));
#86 = DIRECTION('',(-0.,0.,1.));
#87 = DIRECTION('',(0.,-1.,0.));
#88 = PCURVE('',#53,#89);
#89 = DEFINITIONAL_REPRESENTATION('',(#90),#94);
#90 = CIRCLE('',#91,6.);
#91 = AXIS2_PLACEMENT_2D('',#92,#93);
#92 = CARTESIAN_POINT('',(0.,0.));
#93 = DIRECTION('',(0.,-1.));
#94 = ( GEOMETRIC_REPRESENTATION_CONTEXT(2) 
PARAMETRIC_REPRESENTATION_CONTEXT() REPRESENTATION_CONTEXT('2D SPACE',''
  ) );
#95 = PCURVE('',#96,#101);
#96 = CYLINDRICAL_SURFACE('',#97,6.);
#97 = AXIS2_PLACEMENT_3D('',#98,#99,#100);
#98 = CARTESIAN_POINT('',(196.29749702589,0.,-151.5123698107));
#99 = DIRECTION('',(0.,0.,1.));
#100 = DIRECTION('',(1.,0.,0.));
#101 = DEFINITIONAL_REPRESENTATION('',(#102),#106);
#102 = LINE('',#103,#104);
#103 = CARTESIAN_POINT('',(-1.570796326795,82.));
#104 = VECTOR('',#105,1.);
#105 = DIRECTION('',(1.,0.));
#106 = ( GEOMETRIC_REPRESENTATION_CONTEXT(2) 
PARAMETRIC_REPRESENTATION_CONTEXT() REPRESENTATION_CONTEXT('2D SPACE',''
  ) );
#107 = ADVANCED_FACE('',(#108),#65,.T.);
#108 = FACE_BOUND('',#109,.T.);
#109 = EDGE_LOOP('',(#110,#111,#134,#161));
#110 = ORIENTED_EDGE('',*,*,#43,.F.);
#111 = ORIENTED_EDGE('',*,*,#112,.F.);
#112 = EDGE_CURVE('',#113,#44,#115,.T.);
#113 = VERTEX_POINT('',#114);
#114 = CARTESIAN_POINT('',(206.49749702589,-2.498196961798E-15,
    -141.5123698107));
#115 = SEAM_CURVE('',#116,(#120,#127),.PCURVE_S1.);
#116 = LINE('',#117,#118);
#117 = CARTESIAN_POINT('',(206.49749702589,-2.498196961798E-15,
    -141.5123698107));
#118 = VECTOR('',#119,1.);
#119 = DIRECTION('',(0.,0.,1.));
#120 = PCURVE('',#65,#121);
#121 = DEFINITIONAL_REPRESENTATION('',(#122),#126);
#122 = LINE('',#123,#124);
#123 = CARTESIAN_POINT('',(6.28318530718,0.));
#124 = VECTOR('',#125,1.);
#125 = DIRECTION('',(0.,1.));
#126 = ( GEOMETRIC_REPRESENTATION_CONTEXT(2) 
PARAMETRIC_REPRESENTATION_CONTEXT() REPRESENTATION_CONTEXT('2D SPACE',''
  ) );
#127 = PCURVE('',#65,#128);
#128 = DEFINITIONAL_REPRESENTATION('',(#129),#133);
#129 = LINE('',#130,#131);
#130 = CARTESIAN_POINT('',(0.,0.));
#131 = VECTOR('',#132,1.);
#132 = DIRECTION('',(0.,1.));
#133 = ( GEOMETRIC_REPRESENTATION_CONTEXT(2) 
PARAMETRIC_REPRESENTATION_CONTEXT() REPRESENTATION_CONTEXT('2D SPACE',''
  ) );
#134 = ORIENTED_EDGE('',*,*,#135,.T.);
#135 = EDGE_CURVE('',#113,#113,#136,.T.);
#136 = SURFACE_CURVE('',#137,(#142,#149),.PCURVE_S1.);
#137 = CIRCLE('',#138,10.2);
#138 = AXIS2_PLACEMENT_3D('',#139,#140,#141);
#139 = CARTESIAN_POINT('',(196.29749702589,0.,-141.5123698107));
#140 = DIRECTION('',(0.,0.,1.));
#141 = DIRECTION('',(1.,0.,0.));
#142 = PCURVE('',#65,#143);
#143 = DEFINITIONAL_REPRESENTATION('',(#144),#148);
#144 = LINE('',#145,#146);
#145 = CARTESIAN_POINT('',(0.,0.));
#146 = VECTOR('',#147,1.);
#147 = DIRECTION('',(1.,0.));
#148 = ( GEOMETRIC_REPRESENTATION_CONTEXT(2) 
PARAMETRIC_REPRESENTATION_CONTEXT() REPRESENTATION_CONTEXT('2D SPACE',''
  ) );
#149 = PCURVE('',#150,#155);
#150 = PLANE('',#151);
#151 = AXIS2_PLACEMENT_3D('',#152,#153,#154);
#152 = CARTESIAN_POINT('',(196.29749702589,0.,-141.5123698107));
#153 = DIRECTION('',(0.,0.,1.));
#154 = DIRECTION('',(1.,0.,0.));
#155 = DEFINITIONAL_REPRESENTATION('',(#156),#160);
#156 = CIRCLE('',#157,10.2);
#157 = AXIS2_PLACEMENT_2D('',#158,#159);
#158 = CARTESIAN_POINT('',(0.,0.));
#159 = DIRECTION('',(1.,0.));
#160 = ( GEOMETRIC_REPRESENTATION_CONTEXT(2) 
PARAMETRIC_REPRESENTATION_CONTEXT() REPRESENTATION_CONTEXT('2D SPACE',''
  ) );
#161 = ORIENTED_EDGE('',*,*,#112,.T.);
#162 = ADVANCED_FACE('',(#163),#96,.F.);
#163 = FACE_BOUND('',#164,.F.);
#164 = EDGE_LOOP('',(#165,#188,#189,#190));
#165 = ORIENTED_EDGE('',*,*,#166,.T.);
#166 = EDGE_CURVE('',#167,#80,#169,.T.);
#167 = VERTEX_POINT('',#168);
#168 = CARTESIAN_POINT('',(202.29749702589,0.,-141.5123698107));
#169 = SEAM_CURVE('',#170,(#174,#181),.PCURVE_S1.);
#170 = LINE('',#171,#172);
#171 = CARTESIAN_POINT('',(202.29749702589,-1.469527624587E-15,
    -151.5123698107));
#172 = VECTOR('',#173,1.);
#173 = DIRECTION('',(0.,0.,1.));
#174 = PCURVE('',#96,#175);
#175 = DEFINITIONAL_REPRESENTATION('',(#176),#180);
#176 = LINE('',#177,#178);
#177 = CARTESIAN_POINT('',(6.28318530718,0.));
#178 = VECTOR('',#179,1.);
#179 = DIRECTION('',(0.,1.));
#180 = ( GEOMETRIC_REPRESENTATION_CONTEXT(2) 
PARAMETRIC_REPRESENTATION_CONTEXT() REPRESENTATION_CONTEXT('2D SPACE',''
  ) );
#181 = PCURVE('',#96,#182);
#182 = DEFINITIONAL_REPRESENTATION('',(#183),#187);
#183 = LINE('',#184,#185);
#184 = CARTESIAN_POINT('',(0.,0.));
#185 = VECTOR('',#186,1.);
#186 = DIRECTION('',(0.,1.));
#187 = ( GEOMETRIC_REPRESENTATION_CONTEXT(2) 
PARAMETRIC_REPRESENTATION_CONTEXT() REPRESENTATION_CONTEXT('2D SPACE',''
  ) );
#188 = ORIENTED_EDGE('',*,*,#79,.F.);
#189 = ORIENTED_EDGE('',*,*,#166,.F.);
#190 = ORIENTED_EDGE('',*,*,#191,.T.);
#191 = EDGE_CURVE('',#167,#167,#192,.T.);
#192 = SURFACE_CURVE('',#193,(#198,#205),.PCURVE_S1.);
#193 = CIRCLE('',#194,6.);
#194 = AXIS2_PLACEMENT_3D('',#195,#196,#197);
#195 = CARTESIAN_POINT('',(196.29749702589,0.,-141.5123698107));
#196 = DIRECTION('',(-0.,0.,1.));
#197 = DIRECTION('',(0.,-1.,0.));
#198 = PCURVE('',#96,#199);
#199 = DEFINITIONAL_REPRESENTATION('',(#200),#204);
#200 = LINE('',#201,#202);
#201 = CARTESIAN_POINT('',(-1.570796326795,10.));
#202 = VECTOR('',#203,1.);
#203 = DIRECTION('',(1.,0.));
#204 = ( GEOMETRIC_REPRESENTATION_CONTEXT(2) 
PARAMETRIC_REPRESENTATION_CONTEXT() REPRESENTATION_CONTEXT('2D SPACE',''
  ) );
#205 = PCURVE('',#150,#206);
#206 = DEFINITIONAL_REPRESENTATION('',(#207),#211);
#207 = CIRCLE('',#208,6.);
#208 = AXIS2_PLACEMENT_2D('',#209,#210);
#209 = CARTESIAN_POINT('',(0.,0.));
#210 = DIRECTION('',(0.,-1.));
#211 = ( GEOMETRIC_REPRESENTATION_CONTEXT(2) 
PARAMETRIC_REPRESENTATION_CONTEXT() REPRESENTATION_CONTEXT('2D SPACE',''
  ) );
#212 = ADVANCED_FACE('',(#213,#216),#150,.F.);
#213 = FACE_BOUND('',#214,.T.);
#214 = EDGE_LOOP('',(#215));
#215 = ORIENTED_EDGE('',*,*,#135,.F.);
#216 = FACE_BOUND('',#217,.F.);
#217 = EDGE_LOOP('',(#218));
#218 = ORIENTED_EDGE('',*,*,#191,.F.);
#219 = ( GEOMETRIC_REPRESENTATION_CONTEXT(3) 
GLOBAL_UNCERTAINTY_ASSIGNED_CONTEXT((#223)) GLOBAL_UNIT_ASSIGNED_CONTEXT
((#220,#221,#222)) REPRESENTATION_CONTEXT('Context #1',
  '3D Context with UNIT and UNCERTAINTY') );
#220 = ( LENGTH_UNIT() NAMED_UNIT(*) SI_UNIT(.MILLI.,.METRE.) );
#221 = ( NAMED_UNIT(*) PLANE_ANGLE_UNIT() SI_UNIT($,.RADIAN.) );
#222 = ( NAMED_UNIT(*) SI_UNIT($,.STERADIAN.) SOLID_ANGLE_UNIT() );
#223 = UNCERTAINTY_MEASURE_WITH_UNIT(LENGTH_MEASURE(2.E-06),#220,
  'distance_accuracy_value','confusion accuracy');
#224 = CONTEXT_DEPENDENT_SHAPE_REPRESENTATION(#225,#227);
#225 = ( REPRESENTATION_RELATIONSHIP('','',#36,#10) 
REPRESENTATION_RELATIONSHIP_WITH_TRANSFORMATION(#226) 
SHAPE_REPRESENTATION_RELATIONSHIP() );
#226 = ITEM_DEFINED_TRANSFORMATION('','',#11,#15);
#227 = PRODUCT_DEFINITION_SHAPE('Placement','Placement of an item',#228
  );
#228 = NEXT_ASSEMBLY_USAGE_OCCURRENCE('3','','',#5,#31,$);
#229 = PRODUCT_RELATED_PRODUCT_CATEGORY('part',$,(#33));
#230 = SHAPE_DEFINITION_REPRESENTATION(#231,#237);
#231 = PRODUCT_DEFINITION_SHAPE('','',#232);
#232 = PRODUCT_DEFINITION('design','',#233,#236);
#233 = PRODUCT_DEFINITION_FORMATION('','',#234);
#234 = PRODUCT('Open CASCADE STEP translator 8.0 2.2',
  'Open CASCADE STEP translator 8.0 2.2','',(#235));
#235 = PRODUCT_CONTEXT('',#2,'mechanical');
#236 = PRODUCT_DEFINITION_CONTEXT('part definition',#2,'design');
#237 = ADVANCED_BREP_SHAPE_REPRESENTATION('',(#11,#238),#6158);
#238 = MANIFOLD_SOLID_BREP('',#239);
#239 = CLOSED_SHELL('',(#240,#1174,#1209,#1244,#1330,#1407,#1484,#1543,
    #1625,#1749,#1774,#1826,#1936,#2042,#2106,#2155,#2301,#2383,#2421,
    #2475,#2525,#2575,#2630,#2680,#2929,#3464,#3985,#4019,#4054,#4090,
    #4096,#4131,#4137,#4280,#4287,#4349,#4374,#4415,#4477,#4966,#5420,
    #5446,#5452,#5507,#5542,#5580,#6029,#6078,#6127));
#240 = ADVANCED_FACE('',(#241,#328),#255,.T.);
#241 = FACE_BOUND('',#242,.T.);
#242 = EDGE_LOOP('',(#243,#273,#300,#301));
#243 = ORIENTED_EDGE('',*,*,#244,.T.);
#244 = EDGE_CURVE('',#245,#247,#249,.T.);
#245 = VERTEX_POINT('',#246);
#246 = CARTESIAN_POINT('',(76.218232089857,20.41215859584,
    -116.0123698107));
#247 = VERTEX_POINT('',#248);
#248 = CARTESIAN_POINT('',(76.218232089857,20.41215859584,
    -96.61236981072));
#249 = SEAM_CURVE('',#250,(#254,#266),.PCURVE_S1.);
#250 = LINE('',#251,#252);
#251 = CARTESIAN_POINT('',(76.218232089857,20.41215859584,
    -116.8498491505));
#252 = VECTOR('',#253,1.);
#253 = DIRECTION('',(0.,0.,1.));
#254 = PCURVE('',#255,#260);
#255 = CYLINDRICAL_SURFACE('',#256,20.41215859584);
#256 = AXIS2_PLACEMENT_3D('',#257,#258,#259);
#257 = CARTESIAN_POINT('',(76.218232089857,1.331017645947E-14,
    -116.8498491505));
#258 = DIRECTION('',(0.,0.,1.));
#259 = DIRECTION('',(1.110223024625E-16,1.,0.));
#260 = DEFINITIONAL_REPRESENTATION('',(#261),#265);
#261 = LINE('',#262,#263);
#262 = CARTESIAN_POINT('',(6.28318530718,0.));
#263 = VECTOR('',#264,1.);
#264 = DIRECTION('',(0.,1.));
#265 = ( GEOMETRIC_REPRESENTATION_CONTEXT(2) 
PARAMETRIC_REPRESENTATION_CONTEXT() REPRESENTATION_CONTEXT('2D SPACE',''
  ) );
#266 = PCURVE('',#255,#267);
#267 = DEFINITIONAL_REPRESENTATION('',(#268),#272);
#268 = LINE('',#269,#270);
#269 = CARTESIAN_POINT('',(0.,0.));
#270 = VECTOR('',#271,1.);
#271 = DIRECTION('',(0.,1.));
#272 = ( GEOMETRIC_REPRESENTATION_CONTEXT(2) 
PARAMETRIC_REPRESENTATION_CONTEXT() REPRESENTATION_CONTEXT('2D SPACE',''
  ) );
#273 = ORIENTED_EDGE('',*,*,#274,.F.);
#274 = EDGE_CURVE('',#247,#247,#275,.T.);
#275 = SURFACE_CURVE('',#276,(#281,#288),.PCURVE_S1.);
#276 = CIRCLE('',#277,20.41215859584);
#277 = AXIS2_PLACEMENT_3D('',#278,#279,#280);
#278 = CARTESIAN_POINT('',(76.218232089857,1.331017645947E-14,
    -96.61236981072));
#279 = DIRECTION('',(0.,0.,1.));
#280 = DIRECTION('',(0.,-1.,0.));
#281 = PCURVE('',#255,#282);
#282 = DEFINITIONAL_REPRESENTATION('',(#283),#287);
#283 = LINE('',#284,#285);
#284 = CARTESIAN_POINT('',(-3.14159265359,20.237479339776));
#285 = VECTOR('',#286,1.);
#286 = DIRECTION('',(1.,0.));
#287 = ( GEOMETRIC_REPRESENTATION_CONTEXT(2) 
PARAMETRIC_REPRESENTATION_CONTEXT() REPRESENTATION_CONTEXT('2D SPACE',''
  ) );
#288 = PCURVE('',#289,#294);
#289 = PLANE('',#290);
#290 = AXIS2_PLACEMENT_3D('',#291,#292,#293);
#291 = CARTESIAN_POINT('',(51.297497025899,-30.,-96.61236981072));
#292 = DIRECTION('',(0.,0.,1.));
#293 = DIRECTION('',(1.,0.,0.));
#294 = DEFINITIONAL_REPRESENTATION('',(#295),#299);
#295 = CIRCLE('',#296,20.41215859584);
#296 = AXIS2_PLACEMENT_2D('',#297,#298);
#297 = CARTESIAN_POINT('',(24.920735063958,30.));
#298 = DIRECTION('',(0.,-1.));
#299 = ( GEOMETRIC_REPRESENTATION_CONTEXT(2) 
PARAMETRIC_REPRESENTATION_CONTEXT() REPRESENTATION_CONTEXT('2D SPACE',''
  ) );
#300 = ORIENTED_EDGE('',*,*,#244,.F.);
#301 = ORIENTED_EDGE('',*,*,#302,.T.);
#302 = EDGE_CURVE('',#245,#245,#303,.T.);
#303 = SURFACE_CURVE('',#304,(#309,#316),.PCURVE_S1.);
#304 = CIRCLE('',#305,20.41215859584);
#305 = AXIS2_PLACEMENT_3D('',#306,#307,#308);
#306 = CARTESIAN_POINT('',(76.218232089857,1.331017645947E-14,
    -116.0123698107));
#307 = DIRECTION('',(0.,0.,1.));
#308 = DIRECTION('',(0.,-1.,0.));
#309 = PCURVE('',#255,#310);
#310 = DEFINITIONAL_REPRESENTATION('',(#311),#315);
#311 = LINE('',#312,#313);
#312 = CARTESIAN_POINT('',(-3.14159265359,0.837479339776));
#313 = VECTOR('',#314,1.);
#314 = DIRECTION('',(1.,0.));
#315 = ( GEOMETRIC_REPRESENTATION_CONTEXT(2) 
PARAMETRIC_REPRESENTATION_CONTEXT() REPRESENTATION_CONTEXT('2D SPACE',''
  ) );
#316 = PCURVE('',#317,#322);
#317 = PLANE('',#318);
#318 = AXIS2_PLACEMENT_3D('',#319,#320,#321);
#319 = CARTESIAN_POINT('',(51.297497025899,-30.,-116.0123698107));
#320 = DIRECTION('',(0.,0.,1.));
#321 = DIRECTION('',(1.,0.,0.));
#322 = DEFINITIONAL_REPRESENTATION('',(#323),#327);
#323 = CIRCLE('',#324,20.41215859584);
#324 = AXIS2_PLACEMENT_2D('',#325,#326);
#325 = CARTESIAN_POINT('',(24.920735063958,30.));
#326 = DIRECTION('',(0.,-1.));
#327 = ( GEOMETRIC_REPRESENTATION_CONTEXT(2) 
PARAMETRIC_REPRESENTATION_CONTEXT() REPRESENTATION_CONTEXT('2D SPACE',''
  ) );
#328 = FACE_BOUND('',#329,.T.);
#329 = EDGE_LOOP('',(#330,#360,#389,#417,#507,#570,#599,#680,#764,#792,
    #821,#849,#878,#906,#987,#1020,#1119,#1147));
#330 = ORIENTED_EDGE('',*,*,#331,.T.);
#331 = EDGE_CURVE('',#332,#334,#336,.T.);
#332 = VERTEX_POINT('',#333);
#333 = CARTESIAN_POINT('',(89.94558937426,15.106815697826,
    -97.25417741764));
#334 = VERTEX_POINT('',#335);
#335 = CARTESIAN_POINT('',(89.94558937426,15.106815697826,
    -114.6725517145));
#336 = SURFACE_CURVE('',#337,(#341,#348),.PCURVE_S1.);
#337 = LINE('',#338,#339);
#338 = CARTESIAN_POINT('',(89.94558937426,15.106815697826,
    -1.371406909513E+04));
#339 = VECTOR('',#340,1.);
#340 = DIRECTION('',(0.,0.,-1.));
#341 = PCURVE('',#255,#342);
#342 = DEFINITIONAL_REPRESENTATION('',(#343),#347);
#343 = LINE('',#344,#345);
#344 = CARTESIAN_POINT('',(5.545591789886,-1.359721924598E+04));
#345 = VECTOR('',#346,1.);
#346 = DIRECTION('',(0.,-1.));
#347 = ( GEOMETRIC_REPRESENTATION_CONTEXT(2) 
PARAMETRIC_REPRESENTATION_CONTEXT() REPRESENTATION_CONTEXT('2D SPACE',''
  ) );
#348 = PCURVE('',#349,#354);
#349 = CYLINDRICAL_SURFACE('',#350,21.636887592482);
#350 = AXIS2_PLACEMENT_3D('',#351,#352,#353);
#351 = CARTESIAN_POINT('',(99.066242338219,34.727432257984,
    -1.371406909513E+04));
#352 = DIRECTION('',(0.,0.,-1.));
#353 = DIRECTION('',(1.110223024625E-16,1.,0.));
#354 = DEFINITIONAL_REPRESENTATION('',(#355),#359);
#355 = LINE('',#356,#357);
#356 = CARTESIAN_POINT('',(-2.706457928133,0.));
#357 = VECTOR('',#358,1.);
#358 = DIRECTION('',(-0.,1.));
#359 = ( GEOMETRIC_REPRESENTATION_CONTEXT(2) 
PARAMETRIC_REPRESENTATION_CONTEXT() REPRESENTATION_CONTEXT('2D SPACE',''
  ) );
#360 = ORIENTED_EDGE('',*,*,#361,.F.);
#361 = EDGE_CURVE('',#362,#334,#364,.T.);
#362 = VERTEX_POINT('',#363);
#363 = CARTESIAN_POINT('',(93.911680106983,10.178315961231,
    -114.6725517145));
#364 = SURFACE_CURVE('',#365,(#370,#377),.PCURVE_S1.);
#365 = CIRCLE('',#366,20.41215859584);
#366 = AXIS2_PLACEMENT_3D('',#367,#368,#369);
#367 = CARTESIAN_POINT('',(76.218232089857,1.331017645947E-14,
    -114.6725517145));
#368 = DIRECTION('',(-0.,0.,1.));
#369 = DIRECTION('',(1.,-1.110223024625E-16,0.));
#370 = PCURVE('',#255,#371);
#371 = DEFINITIONAL_REPRESENTATION('',(#372),#376);
#372 = LINE('',#373,#374);
#373 = CARTESIAN_POINT('',(4.712388980385,2.177297435998));
#374 = VECTOR('',#375,1.);
#375 = DIRECTION('',(1.,0.));
#376 = ( GEOMETRIC_REPRESENTATION_CONTEXT(2) 
PARAMETRIC_REPRESENTATION_CONTEXT() REPRESENTATION_CONTEXT('2D SPACE',''
  ) );
#377 = PCURVE('',#378,#383);
#378 = PLANE('',#379);
#379 = AXIS2_PLACEMENT_3D('',#380,#381,#382);
#380 = CARTESIAN_POINT('',(-1.341200008698E+04,-32.33285952727,
    -114.6725517145));
#381 = DIRECTION('',(0.,0.,1.));
#382 = DIRECTION('',(1.110223024625E-16,1.,0.));
#383 = DEFINITIONAL_REPRESENTATION('',(#384),#388);
#384 = CIRCLE('',#385,20.41215859584);
#385 = AXIS2_PLACEMENT_2D('',#386,#387);
#386 = CARTESIAN_POINT('',(32.332859527275,-1.348821831907E+04));
#387 = DIRECTION('',(0.,-1.));
#388 = ( GEOMETRIC_REPRESENTATION_CONTEXT(2) 
PARAMETRIC_REPRESENTATION_CONTEXT() REPRESENTATION_CONTEXT('2D SPACE',''
  ) );
#389 = ORIENTED_EDGE('',*,*,#390,.T.);
#390 = EDGE_CURVE('',#362,#391,#393,.T.);
#391 = VERTEX_POINT('',#392);
#392 = CARTESIAN_POINT('',(93.911680106993,10.178315961231,
    -114.4593188044));
#393 = SURFACE_CURVE('',#394,(#398,#405),.PCURVE_S1.);
#394 = LINE('',#395,#396);
#395 = CARTESIAN_POINT('',(93.911680106993,10.178315961231,
    -116.8498491505));
#396 = VECTOR('',#397,1.);
#397 = DIRECTION('',(0.,0.,1.));
#398 = PCURVE('',#255,#399);
#399 = DEFINITIONAL_REPRESENTATION('',(#400),#404);
#400 = LINE('',#401,#402);
#401 = CARTESIAN_POINT('',(5.234417915566,1.208642584288E-15));
#402 = VECTOR('',#403,1.);
#403 = DIRECTION('',(0.,1.));
#404 = ( GEOMETRIC_REPRESENTATION_CONTEXT(2) 
PARAMETRIC_REPRESENTATION_CONTEXT() REPRESENTATION_CONTEXT('2D SPACE',''
  ) );
#405 = PCURVE('',#406,#411);
#406 = PLANE('',#407);
#407 = AXIS2_PLACEMENT_3D('',#408,#409,#410);
#408 = CARTESIAN_POINT('',(63.855061680884,11.509508299679,
    -1.371406909513E+04));
#409 = DIRECTION('',(4.424611681352E-02,0.999020661021,
    1.223447454801E-16));
#410 = DIRECTION('',(0.999020661021,-4.424611681352E-02,
    -5.418586533038E-18));
#411 = DEFINITIONAL_REPRESENTATION('',(#412),#416);
#412 = LINE('',#413,#414);
#413 = CARTESIAN_POINT('',(30.086082899817,-1.359721924598E+04));
#414 = VECTOR('',#415,1.);
#415 = DIRECTION('',(-5.418586533038E-18,-1.));
#416 = ( GEOMETRIC_REPRESENTATION_CONTEXT(2) 
PARAMETRIC_REPRESENTATION_CONTEXT() REPRESENTATION_CONTEXT('2D SPACE',''
  ) );
#417 = ORIENTED_EDGE('',*,*,#418,.T.);
#418 = EDGE_CURVE('',#391,#419,#421,.T.);
#419 = VERTEX_POINT('',#420);
#420 = CARTESIAN_POINT('',(95.187175443789,7.538926089109,-108.954295679
    ));
#421 = SURFACE_CURVE('',#422,(#439,#459),.PCURVE_S1.);
#422 = B_SPLINE_CURVE_WITH_KNOTS('',8,(#423,#424,#425,#426,#427,#428,
    #429,#430,#431,#432,#433,#434,#435,#436,#437,#438),.UNSPECIFIED.,.F.
  ,.F.,(9,7,9),(0.,0.430343372683,1.),.UNSPECIFIED.);
#423 = CARTESIAN_POINT('',(93.911680106993,10.178315961231,
    -114.4593188044));
#424 = CARTESIAN_POINT('',(93.911680128126,10.178315924495,
    -114.0250419001));
#425 = CARTESIAN_POINT('',(93.92765608363,10.150541078963,-113.592328067
    ));
#426 = CARTESIAN_POINT('',(93.959555003538,10.095103330146,
    -113.172102674));
#427 = CARTESIAN_POINT('',(94.005234134275,10.015104981823,
    -112.7707585443));
#428 = CARTESIAN_POINT('',(94.061908445565,9.914368929867,
    -112.3916173235));
#429 = CARTESIAN_POINT('',(94.126941530499,9.796505185384,
    -112.0358395961));
#430 = CARTESIAN_POINT('',(94.198207510876,9.664537521845,-111.702987513
    ));
#431 = CARTESIAN_POINT('',(94.374913030022,9.329401697493,
    -110.9790450945));
#432 = CARTESIAN_POINT('',(94.484034159632,9.116853221623,
    -110.6036267728));
#433 = CARTESIAN_POINT('',(94.59849028285,8.886501820913,-110.2606758833
    ));
#434 = CARTESIAN_POINT('',(94.716022193076,8.640924071079,
    -109.9476588224));
#435 = CARTESIAN_POINT('',(94.834823837397,8.382202026825,
    -109.6622555521));
#436 = CARTESIAN_POINT('',(94.953565413727,8.111786204969,
    -109.4026195188));
#437 = CARTESIAN_POINT('',(95.071252781758,7.830602959625,
    -109.1670743683));
#438 = CARTESIAN_POINT('',(95.187175443789,7.538926089109,-108.954295679
    ));
#439 = PCURVE('',#255,#440);
#440 = DEFINITIONAL_REPRESENTATION('',(#441),#458);
#441 = B_SPLINE_CURVE_WITH_KNOTS('',8,(#442,#443,#444,#445,#446,#447,
    #448,#449,#450,#451,#452,#453,#454,#455,#456,#457),.UNSPECIFIED.,.F.
  ,.F.,(9,7,9),(0.,0.430343372683,1.),.UNSPECIFIED.);
#442 = CARTESIAN_POINT('',(5.234417915566,2.390530346011));
#443 = CARTESIAN_POINT('',(5.23441791349,2.824807250325));
#444 = CARTESIAN_POINT('',(5.232848180455,3.257521083415));
#445 = CARTESIAN_POINT('',(5.229714732011,3.677746476466));
#446 = CARTESIAN_POINT('',(5.225201732894,4.079090606158));
#447 = CARTESIAN_POINT('',(5.219539457356,4.458231826947));
#448 = CARTESIAN_POINT('',(5.212945060216,4.814009554325));
#449 = CARTESIAN_POINT('',(5.205597783955,5.146861637446));
#450 = CARTESIAN_POINT('',(5.18703689212,5.870804055921));
#451 = CARTESIAN_POINT('',(5.175332646168,6.246222377672));
#452 = CARTESIAN_POINT('',(5.162733199021,6.589173267188));
#453 = CARTESIAN_POINT('',(5.149398408633,6.902190328101));
#454 = CARTESIAN_POINT('',(5.135454820782,7.187593598387));
#455 = CARTESIAN_POINT('',(5.120989670234,7.44722963168));
#456 = CARTESIAN_POINT('',(5.106058930958,7.682774782146));
#457 = CARTESIAN_POINT('',(5.090682382786,7.895553471415));
#458 = ( GEOMETRIC_REPRESENTATION_CONTEXT(2) 
PARAMETRIC_REPRESENTATION_CONTEXT() REPRESENTATION_CONTEXT('2D SPACE',''
  ) );
#459 = PCURVE('',#460,#488);
#460 = ( BOUNDED_SURFACE() B_SPLINE_SURFACE(2,8,(
    (#461,#462,#463,#464,#465,#466,#467,#468,#469)
    ,(#470,#471,#472,#473,#474,#475,#476,#477,#478)
    ,(#479,#480,#481,#482,#483,#484,#485,#486,#487
)),.UNSPECIFIED.,.F.,.F.,.F.) B_SPLINE_SURFACE_WITH_KNOTS((3,3),(9,9),(
    0.,1.483444753801),(8.507251221652E-17,1.483444753801),
.PIECEWISE_BEZIER_KNOTS.) GEOMETRIC_REPRESENTATION_ITEM() 
RATIONAL_B_SPLINE_SURFACE((
    (1.,1.,1.,1.,1.,1.,1.,1.,1.)
    ,(0.691347326967,0.691602628477,0.692468495683,0.693933930984
      ,0.695961361136,0.698469051408,0.701277310536,0.704209018434
      ,0.707106781187)
,(1.,1.,1.,1.,1.,1.,1.,1.,1.))) REPRESENTATION_ITEM('') SURFACE() );
#461 = CARTESIAN_POINT('',(92.475503551821,10.241923490188,
    -120.3583690383));
#462 = CARTESIAN_POINT('',(92.521392357186,10.239891098345,
    -119.8338575776));
#463 = CARTESIAN_POINT('',(92.278142393508,10.25066451548,
    -119.2838773086));
#464 = CARTESIAN_POINT('',(91.902303516181,10.267310228145,
    -118.4514484237));
#465 = CARTESIAN_POINT('',(91.709478645656,10.275850343559,
    -117.2475569306));
#466 = CARTESIAN_POINT('',(92.02200732141,10.262008607512,-115.87549017)
  );
#467 = CARTESIAN_POINT('',(92.886200053816,10.223733951062,
    -114.7217597853));
#468 = CARTESIAN_POINT('',(94.093767879127,10.170251386442,
    -114.0874034016));
#469 = CARTESIAN_POINT('',(95.301346765218,10.116768331947,
    -114.0874034016));
#470 = CARTESIAN_POINT('',(82.14334312108,10.699529619062,
    -119.4526490122));
#471 = CARTESIAN_POINT('',(82.364242865243,10.689746081778,
    -117.0119027614));
#472 = CARTESIAN_POINT('',(83.112347725507,10.656612898124,
    -114.6245744056));
#473 = CARTESIAN_POINT('',(84.371793440306,10.600832688173,
    -112.4240435906));
#474 = CARTESIAN_POINT('',(86.086874643852,10.524872614235,
    -110.5378794284));
#475 = CARTESIAN_POINT('',(88.162391811195,10.432949014836,
    -109.072365271));
#476 = CARTESIAN_POINT('',(90.476989464763,10.330436662337,
    -108.0961826023));
#477 = CARTESIAN_POINT('',(92.899106095163,10.223162349056,
    -107.6389574981));
#478 = CARTESIAN_POINT('',(95.301346765218,10.116768331947,
    -107.6915939678));
#479 = CARTESIAN_POINT('',(82.139850390169,0.317734719891,
    -119.4925711103));
#480 = CARTESIAN_POINT('',(82.346129753204,0.315619012949,
    -117.1347871329));
#481 = CARTESIAN_POINT('',(83.045872198085,0.704633814028,
    -114.8184292055));
#482 = CARTESIAN_POINT('',(84.231064810027,1.351619848447,
    -112.6506462598));
#483 = CARTESIAN_POINT('',(85.87364279512,2.117559556866,-110.7415000475
    ));
#484 = CARTESIAN_POINT('',(87.914155640811,2.861940552718,
    -109.2244655689));
#485 = CARTESIAN_POINT('',(90.212105976695,3.455308697834,
    -108.1986561685));
#486 = CARTESIAN_POINT('',(92.623641463967,3.780811147265,
    -107.6915939678));
#487 = CARTESIAN_POINT('',(95.018357033893,3.727222563618,
    -107.6915939678));
#488 = DEFINITIONAL_REPRESENTATION('',(#489),#506);
#489 = B_SPLINE_CURVE_WITH_KNOTS('',8,(#490,#491,#492,#493,#494,#495,
    #496,#497,#498,#499,#500,#501,#502,#503,#504,#505),.UNSPECIFIED.,.F.
  ,.F.,(9,7,9),(0.,0.430343372683,1.),.UNSPECIFIED.);
#490 = CARTESIAN_POINT('',(0.,1.260890769279));
#491 = CARTESIAN_POINT('',(6.244734929225E-02,1.276100429564));
#492 = CARTESIAN_POINT('',(0.123393981407,1.291579251463));
#493 = CARTESIAN_POINT('',(0.181938564856,1.306902515371));
#494 = CARTESIAN_POINT('',(0.237869988889,1.321809996506));
#495 = CARTESIAN_POINT('',(0.291192020141,1.336152309605));
#496 = CARTESIAN_POINT('',(0.342007071306,1.349858485257));
#497 = CARTESIAN_POINT('',(0.390550419858,1.362918837914));
#498 = CARTESIAN_POINT('',(0.498872745689,1.391868622058));
#499 = CARTESIAN_POINT('',(0.55725655878,1.407319395371));
#500 = CARTESIAN_POINT('',(0.613246697798,1.421862557059));
#501 = CARTESIAN_POINT('',(0.667349805937,1.435573703784));
#502 = CARTESIAN_POINT('',(0.720005146177,1.44852488878));
#503 = CARTESIAN_POINT('',(0.771566493371,1.460778601271));
#504 = CARTESIAN_POINT('',(0.822389486326,1.47239797624));
#505 = CARTESIAN_POINT('',(0.872853309675,1.483444753801));
#506 = ( GEOMETRIC_REPRESENTATION_CONTEXT(2) 
PARAMETRIC_REPRESENTATION_CONTEXT() REPRESENTATION_CONTEXT('2D SPACE',''
  ) );
#507 = ORIENTED_EDGE('',*,*,#508,.T.);
#508 = EDGE_CURVE('',#419,#509,#511,.T.);
#509 = VERTEX_POINT('',#510);
#510 = CARTESIAN_POINT('',(96.297654011154,3.670563151362,
    -107.6915939678));
#511 = SURFACE_CURVE('',#512,(#527,#545),.PCURVE_S1.);
#512 = B_SPLINE_CURVE_WITH_KNOTS('',7,(#513,#514,#515,#516,#517,#518,
    #519,#520,#521,#522,#523,#524,#525,#526),.UNSPECIFIED.,.F.,.F.,(8,6,
    8),(0.,0.599351370714,1.),.UNSPECIFIED.);
#513 = CARTESIAN_POINT('',(95.187175443789,7.538926089109,-108.954295679
    ));
#514 = CARTESIAN_POINT('',(95.275574394502,7.316502541128,
    -108.7920373949));
#515 = CARTESIAN_POINT('',(95.366351026252,7.079234064756,
    -108.6356444258));
#516 = CARTESIAN_POINT('',(95.459563919748,6.824996169086,
    -108.4854199755));
#517 = CARTESIAN_POINT('',(95.555097078489,6.551562971376,
    -108.3423368106));
#518 = CARTESIAN_POINT('',(95.65260933774,6.256241734529,-108.208232625)
  );
#519 = CARTESIAN_POINT('',(95.75149812483,5.936320482133,-108.0855706374
    ));
#520 = CARTESIAN_POINT('',(95.917509833605,5.35291816575,-107.9071015672
    ));
#521 = CARTESIAN_POINT('',(95.984216189536,5.106163718469,
    -107.8426986054));
#522 = CARTESIAN_POINT('',(96.050867346949,4.844975105573,
    -107.7866580881));
#523 = CARTESIAN_POINT('',(96.116769198759,4.568900667826,
    -107.7410617566));
#524 = CARTESIAN_POINT('',(96.180821060121,4.278784314766,
    -107.7084454884));
#525 = CARTESIAN_POINT('',(96.241585024516,3.977282526416,
    -107.6915939684));
#526 = CARTESIAN_POINT('',(96.297654011162,3.670563151352,
    -107.6915939678));
#527 = PCURVE('',#255,#528);
#528 = DEFINITIONAL_REPRESENTATION('',(#529),#544);
#529 = B_SPLINE_CURVE_WITH_KNOTS('',7,(#530,#531,#532,#533,#534,#535,
    #536,#537,#538,#539,#540,#541,#542,#543),.UNSPECIFIED.,.F.,.F.,(8,6,
    8),(0.,0.599351370714,1.),.UNSPECIFIED.);
#530 = CARTESIAN_POINT('',(5.090682382786,7.895553471415));
#531 = CARTESIAN_POINT('',(5.078956713948,8.057811755593));
#532 = CARTESIAN_POINT('',(5.066512193036,8.214204724641));
#533 = CARTESIAN_POINT('',(5.053248345894,8.364429175005));
#534 = CARTESIAN_POINT('',(5.039062048594,8.507512339867));
#535 = CARTESIAN_POINT('',(5.023829899142,8.64161652548));
#536 = CARTESIAN_POINT('',(5.00742932999,8.764278513094));
#537 = CARTESIAN_POINT('',(4.977713581593,8.942747583251));
#538 = CARTESIAN_POINT('',(4.965192134093,9.007150545073));
#539 = CARTESIAN_POINT('',(4.951988554081,9.063191062342));
#540 = CARTESIAN_POINT('',(4.938086746423,9.108787393874));
#541 = CARTESIAN_POINT('',(4.923535407301,9.141403662068));
#542 = CARTESIAN_POINT('',(4.908470184883,9.158255182079));
#543 = CARTESIAN_POINT('',(4.893194875848,9.158255182622));
#544 = ( GEOMETRIC_REPRESENTATION_CONTEXT(2) 
PARAMETRIC_REPRESENTATION_CONTEXT() REPRESENTATION_CONTEXT('2D SPACE',''
  ) );
#545 = PCURVE('',#546,#553);
#546 = ( BOUNDED_SURFACE() B_SPLINE_SURFACE(2,1,(
    (#547,#548)
    ,(#549,#550)
,(#551,#552
    )),.UNSPECIFIED.,.F.,.F.,.F.) B_SPLINE_SURFACE_WITH_KNOTS((3,3),(2,2
    ),(0.,79.158389567628),(-3.091272777704,76.067116789924),
.PIECEWISE_BEZIER_KNOTS.) GEOMETRIC_REPRESENTATION_ITEM() 
RATIONAL_B_SPLINE_SURFACE((
    (1.,1.)
    ,(0.707106781187,0.707106781187)
,(1.,1.))) REPRESENTATION_ITEM('') SURFACE() );
#547 = CARTESIAN_POINT('',(78.686795390325,4.450539119945,
    -107.6915939678));
#548 = CARTESIAN_POINT('',(186.30087488294,-0.3156337109,-107.6915939678
    ));
#549 = CARTESIAN_POINT('',(78.96978512165,10.840084888273,
    -107.6915939678));
#550 = CARTESIAN_POINT('',(186.58386461426,6.073912057429,
    -107.6915939678));
#551 = CARTESIAN_POINT('',(78.96978512165,10.840084888273,
    -114.0874034016));
#552 = CARTESIAN_POINT('',(186.58386461426,6.073912057429,
    -114.0874034016));
#553 = DEFINITIONAL_REPRESENTATION('',(#554),#569);
#554 = B_SPLINE_CURVE_WITH_KNOTS('',7,(#555,#556,#557,#558,#559,#560,
    #561,#562,#563,#564,#565,#566,#567,#568),.UNSPECIFIED.,.F.,.F.,(8,6,
    8),(0.,0.599351370714,1.),.UNSPECIFIED.);
#555 = CARTESIAN_POINT('',(32.581891086243,8.921840422023));
#556 = CARTESIAN_POINT('',(30.539223916298,8.993969312262));
#557 = CARTESIAN_POINT('',(28.426684689841,9.068326420725));
#558 = CARTESIAN_POINT('',(26.22275815059,9.14502383047));
#559 = CARTESIAN_POINT('',(23.906065531595,9.224048757767));
#560 = CARTESIAN_POINT('',(21.448908352026,9.305238294228));
#561 = CARTESIAN_POINT('',(18.820969651493,9.388238247923));
#562 = CARTESIAN_POINT('',(14.045117328756,9.529082549013));
#563 = CARTESIAN_POINT('',(12.029133135514,9.58607722221));
#564 = CARTESIAN_POINT('',(9.892574347784,9.64350069228));
#565 = CARTESIAN_POINT('',(7.622108652865,9.700858075391));
#566 = CARTESIAN_POINT('',(5.211342812347,9.75731387934));
#567 = CARTESIAN_POINT('',(2.659938917796,9.811726110321));
#568 = CARTESIAN_POINT('',(0.,9.862861234326));
#569 = ( GEOMETRIC_REPRESENTATION_CONTEXT(2) 
PARAMETRIC_REPRESENTATION_CONTEXT() REPRESENTATION_CONTEXT('2D SPACE',''
  ) );
#570 = ORIENTED_EDGE('',*,*,#571,.F.);
#571 = EDGE_CURVE('',#572,#509,#574,.T.);
#572 = VERTEX_POINT('',#573);
#573 = CARTESIAN_POINT('',(96.321059949715,-3.540131435208,
    -107.6915939678));
#574 = SURFACE_CURVE('',#575,(#580,#587),.PCURVE_S1.);
#575 = CIRCLE('',#576,20.41215859584);
#576 = AXIS2_PLACEMENT_3D('',#577,#578,#579);
#577 = CARTESIAN_POINT('',(76.218232089857,1.331017645947E-14,
    -107.6915939678));
#578 = DIRECTION('',(-0.,0.,1.));
#579 = DIRECTION('',(1.,-1.110223024625E-16,0.));
#580 = PCURVE('',#255,#581);
#581 = DEFINITIONAL_REPRESENTATION('',(#582),#586);
#582 = LINE('',#583,#584);
#583 = CARTESIAN_POINT('',(-1.570796326795,9.158255182622));
#584 = VECTOR('',#585,1.);
#585 = DIRECTION('',(1.,0.));
#586 = ( GEOMETRIC_REPRESENTATION_CONTEXT(2) 
PARAMETRIC_REPRESENTATION_CONTEXT() REPRESENTATION_CONTEXT('2D SPACE',''
  ) );
#587 = PCURVE('',#588,#593);
#588 = PLANE('',#589);
#589 = AXIS2_PLACEMENT_3D('',#590,#591,#592);
#590 = CARTESIAN_POINT('',(182.38134765743,-1.360810573056E+04,
    -107.6915939678));
#591 = DIRECTION('',(-1.359631073447E-32,-1.224646799147E-16,1.));
#592 = DIRECTION('',(-1.,1.110223024625E-16,0.));
#593 = DEFINITIONAL_REPRESENTATION('',(#594),#598);
#594 = CIRCLE('',#595,20.41215859584);
#595 = AXIS2_PLACEMENT_2D('',#596,#597);
#596 = CARTESIAN_POINT('',(106.16311556758,-1.360810573056E+04));
#597 = DIRECTION('',(-1.,0.));
#598 = ( GEOMETRIC_REPRESENTATION_CONTEXT(2) 
PARAMETRIC_REPRESENTATION_CONTEXT() REPRESENTATION_CONTEXT('2D SPACE',''
  ) );
#599 = ORIENTED_EDGE('',*,*,#600,.F.);
#600 = EDGE_CURVE('',#601,#572,#603,.T.);
#601 = VERTEX_POINT('',#602);
#602 = CARTESIAN_POINT('',(95.192379162104,-7.525819651204,
    -109.0098548998));
#603 = SURFACE_CURVE('',#604,(#619,#637),.PCURVE_S1.);
#604 = B_SPLINE_CURVE_WITH_KNOTS('',7,(#605,#606,#607,#608,#609,#610,
    #611,#612,#613,#614,#615,#616,#617,#618),.UNSPECIFIED.,.F.,.F.,(8,6,
    8),(0.,0.594444323964,1.),.UNSPECIFIED.);
#605 = CARTESIAN_POINT('',(95.192379162105,-7.525819651204,
    -109.0098548998));
#606 = CARTESIAN_POINT('',(95.282122228469,-7.299558829269,
    -108.8421066973));
#607 = CARTESIAN_POINT('',(95.374229134653,-7.058156573672,
    -108.6803611798));
#608 = CARTESIAN_POINT('',(95.468730560925,-6.79948382236,
    -108.5249210218));
#609 = CARTESIAN_POINT('',(95.565483544265,-6.521297858213,
    -108.3767557645));
#610 = CARTESIAN_POINT('',(95.664117299981,-6.220863735356,
    -108.237698929));
#611 = CARTESIAN_POINT('',(95.764000295922,-5.895405387583,
    -108.1102079273));
#612 = CARTESIAN_POINT('',(95.932760835856,-5.296902414633,
    -107.9223659813));
#613 = CARTESIAN_POINT('',(96.001318500015,-5.040370346636,
    -107.8536522372));
#614 = CARTESIAN_POINT('',(96.069732645854,-4.768408826119,
    -107.7937252014));
#615 = CARTESIAN_POINT('',(96.137252797538,-4.480427929181,
    -107.7448359077));
#616 = CARTESIAN_POINT('',(96.202682830652,-4.177233327212,
    -107.7097550226));
#617 = CARTESIAN_POINT('',(96.264452316736,-3.861580940199,
    -107.6915939684));
#618 = CARTESIAN_POINT('',(96.321059949716,-3.540131435208,
    -107.6915939678));
#619 = PCURVE('',#255,#620);
#620 = DEFINITIONAL_REPRESENTATION('',(#621),#636);
#621 = B_SPLINE_CURVE_WITH_KNOTS('',7,(#622,#623,#624,#625,#626,#627,
    #628,#629,#630,#631,#632,#633,#634,#635),.UNSPECIFIED.,.F.,.F.,(8,6,
    8),(0.,0.594444323964,1.),.UNSPECIFIED.);
#622 = CARTESIAN_POINT('',(4.334786425104,7.839994250608));
#623 = CARTESIAN_POINT('',(4.346711115108,8.007742453171));
#624 = CARTESIAN_POINT('',(4.359368019805,8.169487970618));
#625 = CARTESIAN_POINT('',(4.372857482612,8.324928128644));
#626 = CARTESIAN_POINT('',(4.387283139109,8.473093385999));
#627 = CARTESIAN_POINT('',(4.402770187101,8.612150221461));
#628 = CARTESIAN_POINT('',(4.419444126013,8.739641223201));
#629 = CARTESIAN_POINT('',(4.449908359142,8.927483169134));
#630 = CARTESIAN_POINT('',(4.462915814001,8.996196913258));
#631 = CARTESIAN_POINT('',(4.47665194233,9.05612394901));
#632 = CARTESIAN_POINT('',(4.491139232302,9.105013242761));
#633 = CARTESIAN_POINT('',(4.506330387326,9.140094127886));
#634 = CARTESIAN_POINT('',(4.522084805733,9.158255182053));
#635 = CARTESIAN_POINT('',(4.538075068758,9.158255182622));
#636 = ( GEOMETRIC_REPRESENTATION_CONTEXT(2) 
PARAMETRIC_REPRESENTATION_CONTEXT() REPRESENTATION_CONTEXT('2D SPACE',''
  ) );
#637 = PCURVE('',#638,#663);
#638 = ( BOUNDED_SURFACE() B_SPLINE_SURFACE(2,3,(
    (#639,#640,#641,#642,#643,#644,#645,#646)
    ,(#647,#648,#649,#650,#651,#652,#653,#654)
    ,(#655,#656,#657,#658,#659,#660,#661,#662
)),.UNSPECIFIED.,.F.,.F.,.F.) B_SPLINE_SURFACE_WITH_KNOTS((3,3),(4,2,2,4
    ),(0.,79.167147043637),(-3.100030253713,0.,72.975844012219,
76.067116789924),.UNSPECIFIED.) GEOMETRIC_REPRESENTATION_ITEM() 
RATIONAL_B_SPLINE_SURFACE((
    (1.,1.,1.,1.,1.,1.,1.,1.)
    ,(0.707106781187,0.707106781187,0.707106781187,0.707106781187
      ,0.707106781187,0.707106781187,0.707106781187,0.707106781187)
,(1.,1.,1.,1.,1.,1.,1.,1.))) REPRESENTATION_ITEM('') SURFACE() );
#639 = CARTESIAN_POINT('',(78.957879526747,-10.84061218101,
    -114.2234849781));
#640 = CARTESIAN_POINT('',(80.362687043992,-10.77839397078,
    -114.2234849781));
#641 = CARTESIAN_POINT('',(81.767494561235,-10.71617576055,
    -114.2234849781));
#642 = CARTESIAN_POINT('',(116.24198393813,-9.189318165342,
    -114.2234849781));
#643 = CARTESIAN_POINT('',(149.31166579778,-7.724678780354,
    -114.0874034016));
#644 = CARTESIAN_POINT('',(183.78218664304,-6.197996949386,
    -114.0874034016));
#645 = CARTESIAN_POINT('',(185.18302562865,-6.135954503406,
    -114.0874034016));
#646 = CARTESIAN_POINT('',(186.58386461426,-6.073912057426,
    -114.0874034016));
#647 = CARTESIAN_POINT('',(78.957879526747,-10.84061218101,
    -107.6915939678));
#648 = CARTESIAN_POINT('',(80.362687043992,-10.77839397078,
    -107.6915939678));
#649 = CARTESIAN_POINT('',(81.767494561235,-10.71617576055,
    -107.6915939678));
#650 = CARTESIAN_POINT('',(116.24198393813,-9.189318165342,
    -107.6915939678));
#651 = CARTESIAN_POINT('',(149.31166579778,-7.724678780355,
    -107.6915939678));
#652 = CARTESIAN_POINT('',(183.78218664304,-6.197996949387,
    -107.6915939678));
#653 = CARTESIAN_POINT('',(185.18302562865,-6.135954503406,
    -107.6915939678));
#654 = CARTESIAN_POINT('',(186.58386461426,-6.073912057426,
    -107.6915939678));
#655 = CARTESIAN_POINT('',(78.668868714096,-4.315118106261,
    -107.6915939678));
#656 = CARTESIAN_POINT('',(80.07367623134,-4.252899896034,
    -107.6915939678));
#657 = CARTESIAN_POINT('',(81.478483748584,-4.190681685806,
    -107.6915939678));
#658 = CARTESIAN_POINT('',(115.95297312548,-2.663824090591,
    -107.6915939678));
#659 = CARTESIAN_POINT('',(149.02867606646,-1.335133012027,
    -107.6915939678));
#660 = CARTESIAN_POINT('',(183.49919691172,0.191548818941,
    -107.6915939678));
#661 = CARTESIAN_POINT('',(184.90003589733,0.253591264922,
    -107.6915939678));
#662 = CARTESIAN_POINT('',(186.30087488294,0.315633710903,
    -107.6915939678));
#663 = DEFINITIONAL_REPRESENTATION('',(#664),#679);
#664 = B_SPLINE_CURVE_WITH_KNOTS('',7,(#665,#666,#667,#668,#669,#670,
    #671,#672,#673,#674,#675,#676,#677,#678),.UNSPECIFIED.,.F.,.F.,(8,6,
    8),(0.,0.594444323964,1.),.UNSPECIFIED.);
#665 = CARTESIAN_POINT('',(46.215921731554,8.926086811056));
#666 = CARTESIAN_POINT('',(48.263450934066,8.999327232767));
#667 = CARTESIAN_POINT('',(50.379670755519,9.074795352088));
#668 = CARTESIAN_POINT('',(52.585839595114,9.152582917976));
#669 = CARTESIAN_POINT('',(54.903132284616,9.232657896959));
#670 = CARTESIAN_POINT('',(57.359078548873,9.314837007956));
#671 = CARTESIAN_POINT('',(59.983883867947,9.398746882676));
#672 = CARTESIAN_POINT('',(64.790413884042,9.542100191709));
#673 = CARTESIAN_POINT('',(66.845471864669,9.600771892527));
#674 = CARTESIAN_POINT('',(69.025940470918,9.659839912718));
#675 = CARTESIAN_POINT('',(71.346634625462,9.718772481704));
#676 = CARTESIAN_POINT('',(73.815053869829,9.776665284911));
#677 = CARTESIAN_POINT('',(76.432987371758,9.8322758061));
#678 = CARTESIAN_POINT('',(79.167147043637,9.884285313277));
#679 = ( GEOMETRIC_REPRESENTATION_CONTEXT(2) 
PARAMETRIC_REPRESENTATION_CONTEXT() REPRESENTATION_CONTEXT('2D SPACE',''
  ) );
#680 = ORIENTED_EDGE('',*,*,#681,.F.);
#681 = EDGE_CURVE('',#682,#601,#684,.T.);
#682 = VERTEX_POINT('',#683);
#683 = CARTESIAN_POINT('',(93.911680106994,-10.17831596122,
    -114.5970331172));
#684 = SURFACE_CURVE('',#685,(#700,#718),.PCURVE_S1.);
#685 = B_SPLINE_CURVE_WITH_KNOTS('',7,(#686,#687,#688,#689,#690,#691,
    #692,#693,#694,#695,#696,#697,#698,#699),.UNSPECIFIED.,.F.,.F.,(8,6,
    8),(0.,0.434945176506,1.),.UNSPECIFIED.);
#686 = CARTESIAN_POINT('',(93.911680106995,-10.17831596122,
    -114.5970331172));
#687 = CARTESIAN_POINT('',(93.911680131318,-10.17831591894,
    -114.0911919267));
#688 = CARTESIAN_POINT('',(93.933212957351,-10.14087984488,
    -113.5863750929));
#689 = CARTESIAN_POINT('',(93.976502647464,-10.0656532129,
    -113.1011821516));
#690 = CARTESIAN_POINT('',(94.037203179437,-9.958900961988,
    -112.6445038619));
#691 = CARTESIAN_POINT('',(94.110582297122,-9.826860129687,
    -112.219798829));
#692 = CARTESIAN_POINT('',(94.192828683155,-9.675036553446,
    -111.8269583748));
#693 = CARTESIAN_POINT('',(94.396661394555,-9.287738433443,
    -110.9911609154));
#694 = CARTESIAN_POINT('',(94.522848781339,-9.040466880576,
    -110.567567056));
#695 = CARTESIAN_POINT('',(94.655172022781,-8.770722944061,
    -110.1856838776));
#696 = CARTESIAN_POINT('',(94.790381889963,-8.48212919512,
    -109.8420484094));
#697 = CARTESIAN_POINT('',(94.925995164504,-8.177556357054,
    -109.5332104801));
#698 = CARTESIAN_POINT('',(95.060375617068,-7.858627869536,
    -109.2565316486));
#699 = CARTESIAN_POINT('',(95.192379162105,-7.525819651204,
    -109.0098548998));
#700 = PCURVE('',#255,#701);
#701 = DEFINITIONAL_REPRESENTATION('',(#702),#717);
#702 = B_SPLINE_CURVE_WITH_KNOTS('',7,(#703,#704,#705,#706,#707,#708,
    #709,#710,#711,#712,#713,#714,#715,#716),.UNSPECIFIED.,.F.,.F.,(8,6,
    8),(0.,0.434945176506,1.),.UNSPECIFIED.);
#703 = CARTESIAN_POINT('',(4.190360045203,2.252816033216));
#704 = CARTESIAN_POINT('',(4.190360047593,2.75865722378));
#705 = CARTESIAN_POINT('',(4.192475792278,3.263474057571));
#706 = CARTESIAN_POINT('',(4.196727859824,3.748666998895));
#707 = CARTESIAN_POINT('',(4.202743858688,4.205345288537));
#708 = CARTESIAN_POINT('',(4.210143724082,4.630050321505));
#709 = CARTESIAN_POINT('',(4.218602290466,5.022890775667));
#710 = CARTESIAN_POINT('',(4.24004350748,5.858688235034));
#711 = CARTESIAN_POINT('',(4.253642583565,6.282282094407));
#712 = CARTESIAN_POINT('',(4.268358801916,6.664165272838));
#713 = CARTESIAN_POINT('',(4.28396709778,7.007800741029));
#714 = CARTESIAN_POINT('',(4.300295385388,7.316638670388));
#715 = CARTESIAN_POINT('',(4.317246336586,7.59331750184));
#716 = CARTESIAN_POINT('',(4.334786425104,7.839994250608));
#717 = ( GEOMETRIC_REPRESENTATION_CONTEXT(2) 
PARAMETRIC_REPRESENTATION_CONTEXT() REPRESENTATION_CONTEXT('2D SPACE',''
  ) );
#718 = PCURVE('',#719,#747);
#719 = ( BOUNDED_SURFACE() B_SPLINE_SURFACE(2,8,(
    (#720,#721,#722,#723,#724,#725,#726,#727,#728)
    ,(#729,#730,#731,#732,#733,#734,#735,#736,#737)
    ,(#738,#739,#740,#741,#742,#743,#744,#745,#746
)),.UNSPECIFIED.,.F.,.F.,.F.) B_SPLINE_SURFACE_WITH_KNOTS((3,3),(9,9),(
    0.,1.483444753801),(-1.308682296485E-15,1.483444753801),
.PIECEWISE_BEZIER_KNOTS.) GEOMETRIC_REPRESENTATION_ITEM() 
RATIONAL_B_SPLINE_SURFACE((
    (1.,1.,1.,1.,1.,1.,1.,1.,1.)
    ,(0.691347326967,0.691602744503,0.692469282521,0.693935819988
      ,0.695963850448,0.698470600622,0.701277718124,0.704208847573
      ,0.707106781187)
,(1.,1.,1.,1.,1.,1.,1.,1.,1.))) REPRESENTATION_ITEM('') SURFACE() );
#720 = CARTESIAN_POINT('',(92.475503551821,-10.24192349018,
    -120.3583690383));
#721 = CARTESIAN_POINT('',(92.521486102725,-10.2398869464,
    -119.8327860611));
#722 = CARTESIAN_POINT('',(92.29332017165,-10.2499922994,-119.2830530489
    ));
#723 = CARTESIAN_POINT('',(91.941685217256,-10.26556603263,
    -118.4627389369));
#724 = CARTESIAN_POINT('',(91.770150927508,-10.27316319906,
    -117.2871622743));
#725 = CARTESIAN_POINT('',(92.088411648094,-10.25906759366,
    -115.9530207296));
#726 = CARTESIAN_POINT('',(92.940124402045,-10.22134566911,
    -114.8331698216));
#727 = CARTESIAN_POINT('',(94.123616781411,-10.16892939374,
    -114.2178752344));
#728 = CARTESIAN_POINT('',(95.307119637171,-10.11651265438,
    -114.2178752344));
#729 = CARTESIAN_POINT('',(82.14334312108,-10.69952961905,
    -119.4526490122));
#730 = CARTESIAN_POINT('',(82.36433985946,-10.68974178595,
    -117.0108323412));
#731 = CARTESIAN_POINT('',(83.113003438204,-10.65658385693,
    -114.6224805043));
#732 = CARTESIAN_POINT('',(84.37344684284,-10.60075945981,
    -112.4212036913));
#733 = CARTESIAN_POINT('',(86.089765638064,-10.52474457356,
    -110.5347535958));
#734 = CARTESIAN_POINT('',(88.166545091372,-10.43276506816,
    -109.0694950554));
#735 = CARTESIAN_POINT('',(90.482120533516,-10.33020940991,
    -108.0940769585));
#736 = CARTESIAN_POINT('',(92.904784252945,-10.22291086633,
    -107.6378805562));
#737 = CARTESIAN_POINT('',(95.307119637171,-10.11651265438,
    -107.6915939678));
#738 = CARTESIAN_POINT('',(82.139850390169,-0.317734719888,
    -119.4925711103));
#739 = CARTESIAN_POINT('',(82.346223499817,-0.315618051433,
    -117.1337156042));
#740 = CARTESIAN_POINT('',(83.046503885826,-0.690016967852,
    -114.8163854174));
#741 = CARTESIAN_POINT('',(84.232572569828,-1.312689604393,
    -112.6483726221));
#742 = CARTESIAN_POINT('',(85.875666844699,-2.049742934114,
    -110.7401652088));
#743 = CARTESIAN_POINT('',(87.915432737056,-2.765905485882,
    -109.2242061003));
#744 = CARTESIAN_POINT('',(90.21244340444,-3.336546920093,-108.198712025
    ));
#745 = CARTESIAN_POINT('',(92.623500263779,-3.649144099846,
    -107.6915939678));
#746 = CARTESIAN_POINT('',(95.018357033893,-3.596622829445,
    -107.6915939678));
#747 = DEFINITIONAL_REPRESENTATION('',(#748),#763);
#748 = B_SPLINE_CURVE_WITH_KNOTS('',7,(#749,#750,#751,#752,#753,#754,
    #755,#756,#757,#758,#759,#760,#761,#762),.UNSPECIFIED.,.F.,.F.,(8,6,
    8),(0.,0.434945176506,1.),.UNSPECIFIED.);
#749 = CARTESIAN_POINT('',(0.,1.255068651176));
#750 = CARTESIAN_POINT('',(7.103660836485E-02,1.273630268057));
#751 = CARTESIAN_POINT('',(0.140388415893,1.292353398456));
#752 = CARTESIAN_POINT('',(0.206395254386,1.310595539002));
#753 = CARTESIAN_POINT('',(0.268936374333,1.328043131611));
#754 = CARTESIAN_POINT('',(0.328031183265,1.344549569144));
#755 = CARTESIAN_POINT('',(0.383989366667,1.36009524121));
#756 = CARTESIAN_POINT('',(0.506650665447,1.393814008377));
#757 = CARTESIAN_POINT('',(0.571679742761,1.411414209086));
#758 = CARTESIAN_POINT('',(0.633821801367,1.42779859143));
#759 = CARTESIAN_POINT('',(0.69373620297,1.443081518197));
#760 = CARTESIAN_POINT('',(0.752049474926,1.45738286261));
#761 = CARTESIAN_POINT('',(0.809274592167,1.470803286159));
#762 = CARTESIAN_POINT('',(0.866000218461,1.483444753801));
#763 = ( GEOMETRIC_REPRESENTATION_CONTEXT(2) 
PARAMETRIC_REPRESENTATION_CONTEXT() REPRESENTATION_CONTEXT('2D SPACE',''
  ) );
#764 = ORIENTED_EDGE('',*,*,#765,.F.);
#765 = EDGE_CURVE('',#766,#682,#768,.T.);
#766 = VERTEX_POINT('',#767);
#767 = CARTESIAN_POINT('',(93.911680106998,-10.17831596122,
    -114.6725517145));
#768 = SURFACE_CURVE('',#769,(#773,#780),.PCURVE_S1.);
#769 = LINE('',#770,#771);
#770 = CARTESIAN_POINT('',(93.911680106995,-10.17831596122,
    -116.8498491505));
#771 = VECTOR('',#772,1.);
#772 = DIRECTION('',(0.,0.,1.));
#773 = PCURVE('',#255,#774);
#774 = DEFINITIONAL_REPRESENTATION('',(#775),#779);
#775 = LINE('',#776,#777);
#776 = CARTESIAN_POINT('',(4.190360045203,-2.417285168576E-15));
#777 = VECTOR('',#778,1.);
#778 = DIRECTION('',(0.,1.));
#779 = ( GEOMETRIC_REPRESENTATION_CONTEXT(2) 
PARAMETRIC_REPRESENTATION_CONTEXT() REPRESENTATION_CONTEXT('2D SPACE',''
  ) );
#780 = PCURVE('',#781,#786);
#781 = PLANE('',#782);
#782 = AXIS2_PLACEMENT_3D('',#783,#784,#785);
#783 = CARTESIAN_POINT('',(63.855061680884,-11.50950829967,
    -1.371406909513E+04));
#784 = DIRECTION('',(-4.424611681352E-02,0.999020661021,
    1.223447454801E-16));
#785 = DIRECTION('',(0.999020661021,4.424611681352E-02,
    5.418586533038E-18));
#786 = DEFINITIONAL_REPRESENTATION('',(#787),#791);
#787 = LINE('',#788,#789);
#788 = CARTESIAN_POINT('',(30.086082899819,-1.359721924598E+04));
#789 = VECTOR('',#790,1.);
#790 = DIRECTION('',(5.418586533038E-18,-1.));
#791 = ( GEOMETRIC_REPRESENTATION_CONTEXT(2) 
PARAMETRIC_REPRESENTATION_CONTEXT() REPRESENTATION_CONTEXT('2D SPACE',''
  ) );
#792 = ORIENTED_EDGE('',*,*,#793,.F.);
#793 = EDGE_CURVE('',#794,#766,#796,.T.);
#794 = VERTEX_POINT('',#795);
#795 = CARTESIAN_POINT('',(89.94558937426,-15.10681569782,
    -114.6725517145));
#796 = SURFACE_CURVE('',#797,(#802,#809),.PCURVE_S1.);
#797 = CIRCLE('',#798,20.41215859584);
#798 = AXIS2_PLACEMENT_3D('',#799,#800,#801);
#799 = CARTESIAN_POINT('',(76.218232089857,1.331017645947E-14,
    -114.6725517145));
#800 = DIRECTION('',(-0.,0.,1.));
#801 = DIRECTION('',(1.,-1.110223024625E-16,0.));
#802 = PCURVE('',#255,#803);
#803 = DEFINITIONAL_REPRESENTATION('',(#804),#808);
#804 = LINE('',#805,#806);
#805 = CARTESIAN_POINT('',(-1.570796326795,2.177297435998));
#806 = VECTOR('',#807,1.);
#807 = DIRECTION('',(1.,0.));
#808 = ( GEOMETRIC_REPRESENTATION_CONTEXT(2) 
PARAMETRIC_REPRESENTATION_CONTEXT() REPRESENTATION_CONTEXT('2D SPACE',''
  ) );
#809 = PCURVE('',#810,#815);
#810 = PLANE('',#811);
#811 = AXIS2_PLACEMENT_3D('',#812,#813,#814);
#812 = CARTESIAN_POINT('',(-1.341200008698E+04,-32.33285952727,
    -114.6725517145));
#813 = DIRECTION('',(0.,0.,1.));
#814 = DIRECTION('',(1.110223024625E-16,1.,0.));
#815 = DEFINITIONAL_REPRESENTATION('',(#816),#820);
#816 = CIRCLE('',#817,20.41215859584);
#817 = AXIS2_PLACEMENT_2D('',#818,#819);
#818 = CARTESIAN_POINT('',(32.332859527275,-1.348821831907E+04));
#819 = DIRECTION('',(0.,-1.));
#820 = ( GEOMETRIC_REPRESENTATION_CONTEXT(2) 
PARAMETRIC_REPRESENTATION_CONTEXT() REPRESENTATION_CONTEXT('2D SPACE',''
  ) );
#821 = ORIENTED_EDGE('',*,*,#822,.F.);
#822 = EDGE_CURVE('',#823,#794,#825,.T.);
#823 = VERTEX_POINT('',#824);
#824 = CARTESIAN_POINT('',(89.945589374257,-15.10681569782,
    -97.2541774176));
#825 = SURFACE_CURVE('',#826,(#830,#837),.PCURVE_S1.);
#826 = LINE('',#827,#828);
#827 = CARTESIAN_POINT('',(89.94558937426,-15.10681569782,
    -1.371406909513E+04));
#828 = VECTOR('',#829,1.);
#829 = DIRECTION('',(0.,0.,-1.));
#830 = PCURVE('',#255,#831);
#831 = DEFINITIONAL_REPRESENTATION('',(#832),#836);
#832 = LINE('',#833,#834);
#833 = CARTESIAN_POINT('',(3.879186170883,-1.359721924598E+04));
#834 = VECTOR('',#835,1.);
#835 = DIRECTION('',(0.,-1.));
#836 = ( GEOMETRIC_REPRESENTATION_CONTEXT(2) 
PARAMETRIC_REPRESENTATION_CONTEXT() REPRESENTATION_CONTEXT('2D SPACE',''
  ) );
#837 = PCURVE('',#838,#843);
#838 = CYLINDRICAL_SURFACE('',#839,21.636887592482);
#839 = AXIS2_PLACEMENT_3D('',#840,#841,#842);
#840 = CARTESIAN_POINT('',(99.066242338219,-34.72743225798,
    -1.371406909513E+04));
#841 = DIRECTION('',(0.,0.,-1.));
#842 = DIRECTION('',(1.110223024625E-16,1.,0.));
#843 = DEFINITIONAL_REPRESENTATION('',(#844),#848);
#844 = LINE('',#845,#846);
#845 = CARTESIAN_POINT('',(-0.435134725456,0.));
#846 = VECTOR('',#847,1.);
#847 = DIRECTION('',(-0.,1.));
#848 = ( GEOMETRIC_REPRESENTATION_CONTEXT(2) 
PARAMETRIC_REPRESENTATION_CONTEXT() REPRESENTATION_CONTEXT('2D SPACE',''
  ) );
#849 = ORIENTED_EDGE('',*,*,#850,.T.);
#850 = EDGE_CURVE('',#823,#851,#853,.T.);
#851 = VERTEX_POINT('',#852);
#852 = CARTESIAN_POINT('',(93.911680106975,-10.17831596123,
    -97.2541774176));
#853 = SURFACE_CURVE('',#854,(#859,#866),.PCURVE_S1.);
#854 = CIRCLE('',#855,20.41215859584);
#855 = AXIS2_PLACEMENT_3D('',#856,#857,#858);
#856 = CARTESIAN_POINT('',(76.218232089857,1.331017645947E-14,
    -97.2541774176));
#857 = DIRECTION('',(-0.,0.,1.));
#858 = DIRECTION('',(1.,-1.110223024625E-16,0.));
#859 = PCURVE('',#255,#860);
#860 = DEFINITIONAL_REPRESENTATION('',(#861),#865);
#861 = LINE('',#862,#863);
#862 = CARTESIAN_POINT('',(-1.570796326795,19.595671732898));
#863 = VECTOR('',#864,1.);
#864 = DIRECTION('',(1.,0.));
#865 = ( GEOMETRIC_REPRESENTATION_CONTEXT(2) 
PARAMETRIC_REPRESENTATION_CONTEXT() REPRESENTATION_CONTEXT('2D SPACE',''
  ) );
#866 = PCURVE('',#867,#872);
#867 = PLANE('',#868);
#868 = AXIS2_PLACEMENT_3D('',#869,#870,#871);
#869 = CARTESIAN_POINT('',(-1.341200008698E+04,-32.33285952727,
    -97.2541774176));
#870 = DIRECTION('',(0.,0.,1.));
#871 = DIRECTION('',(1.110223024625E-16,1.,0.));
#872 = DEFINITIONAL_REPRESENTATION('',(#873),#877);
#873 = CIRCLE('',#874,20.41215859584);
#874 = AXIS2_PLACEMENT_2D('',#875,#876);
#875 = CARTESIAN_POINT('',(32.332859527275,-1.348821831907E+04));
#876 = DIRECTION('',(0.,-1.));
#877 = ( GEOMETRIC_REPRESENTATION_CONTEXT(2) 
PARAMETRIC_REPRESENTATION_CONTEXT() REPRESENTATION_CONTEXT('2D SPACE',''
  ) );
#878 = ORIENTED_EDGE('',*,*,#879,.F.);
#879 = EDGE_CURVE('',#880,#851,#882,.T.);
#880 = VERTEX_POINT('',#881);
#881 = CARTESIAN_POINT('',(93.911680106992,-10.17831596123,
    -97.83932573042));
#882 = SURFACE_CURVE('',#883,(#887,#894),.PCURVE_S1.);
#883 = LINE('',#884,#885);
#884 = CARTESIAN_POINT('',(93.911680106993,-10.17831596123,
    -116.8498491505));
#885 = VECTOR('',#886,1.);
#886 = DIRECTION('',(0.,0.,1.));
#887 = PCURVE('',#255,#888);
#888 = DEFINITIONAL_REPRESENTATION('',(#889),#893);
#889 = LINE('',#890,#891);
#890 = CARTESIAN_POINT('',(4.190360045203,0.));
#891 = VECTOR('',#892,1.);
#892 = DIRECTION('',(0.,1.));
#893 = ( GEOMETRIC_REPRESENTATION_CONTEXT(2) 
PARAMETRIC_REPRESENTATION_CONTEXT() REPRESENTATION_CONTEXT('2D SPACE',''
  ) );
#894 = PCURVE('',#895,#900);
#895 = PLANE('',#896);
#896 = AXIS2_PLACEMENT_3D('',#897,#898,#899);
#897 = CARTESIAN_POINT('',(63.855061680884,-11.50950829967,
    1.350214236599E+04));
#898 = DIRECTION('',(4.424611681352E-02,-0.999020661021,0.));
#899 = DIRECTION('',(0.999020661021,4.424611681352E-02,0.));
#900 = DEFINITIONAL_REPRESENTATION('',(#901),#905);
#901 = LINE('',#902,#903);
#902 = CARTESIAN_POINT('',(30.086082899817,-1.361899221514E+04));
#903 = VECTOR('',#904,1.);
#904 = DIRECTION('',(0.,1.));
#905 = ( GEOMETRIC_REPRESENTATION_CONTEXT(2) 
PARAMETRIC_REPRESENTATION_CONTEXT() REPRESENTATION_CONTEXT('2D SPACE',''
  ) );
#906 = ORIENTED_EDGE('',*,*,#907,.T.);
#907 = EDGE_CURVE('',#880,#908,#910,.T.);
#908 = VERTEX_POINT('',#909);
#909 = CARTESIAN_POINT('',(96.297654011118,-3.670563151354,
    -104.2351351642));
#910 = SURFACE_CURVE('',#911,(#932,#956),.PCURVE_S1.);
#911 = B_SPLINE_CURVE_WITH_KNOTS('',7,(#912,#913,#914,#915,#916,#917,
    #918,#919,#920,#921,#922,#923,#924,#925,#926,#927,#928,#929,#930,
    #931),.UNSPECIFIED.,.F.,.F.,(8,6,6,8),(0.,0.290237842009,
    0.658725760119,1.),.UNSPECIFIED.);
#912 = CARTESIAN_POINT('',(93.911680106993,-10.17831596123,
    -97.83932573042));
#913 = CARTESIAN_POINT('',(93.911680107502,-10.17831596034,
    -98.32162048283));
#914 = CARTESIAN_POINT('',(93.936748559713,-10.13473227426,
    -98.80737261964));
#915 = CARTESIAN_POINT('',(93.98755392628,-10.04644911149,
    -99.27869838082));
#916 = CARTESIAN_POINT('',(94.059206807465,-9.920222616587,
    -99.72651022577));
#917 = CARTESIAN_POINT('',(94.14614214184,-9.762871508265,
    -100.1466651495));
#918 = CARTESIAN_POINT('',(94.243831464094,-9.580534964571,
    -100.5382809837));
#919 = CARTESIAN_POINT('',(94.483091547203,-9.117895451478,
    -101.3658804218));
#920 = CARTESIAN_POINT('',(94.629713279505,-8.823822139828,
    -101.7864725066));
#921 = CARTESIAN_POINT('',(94.783911991087,-8.499677068281,
    -102.1703663535));
#922 = CARTESIAN_POINT('',(94.94222926841,-8.14788823052,-102.5194181365
    ));
#923 = CARTESIAN_POINT('',(95.101793928614,-7.769996501076,
    -102.8348890958));
#924 = CARTESIAN_POINT('',(95.260461882794,-7.366159676018,
    -103.1169849692));
#925 = CARTESIAN_POINT('',(95.560760101624,-6.534789612307,
    -103.593550717));
#926 = CARTESIAN_POINT('',(95.702385616088,-6.112309228781,
    -103.7923159039));
#927 = CARTESIAN_POINT('',(95.839608991247,-5.666366968403,
    -103.959644148));
#928 = CARTESIAN_POINT('',(95.970333287687,-5.196952599446,
    -104.0923087227));
#929 = CARTESIAN_POINT('',(96.09203243153,-4.705279326848,
    -104.1859931574));
#930 = CARTESIAN_POINT('',(96.201905633939,-4.194344374599,
    -104.2351351633));
#931 = CARTESIAN_POINT('',(96.297654011118,-3.670563151354,
    -104.2351351642));
#932 = PCURVE('',#255,#933);
#933 = DEFINITIONAL_REPRESENTATION('',(#934),#955);
#934 = B_SPLINE_CURVE_WITH_KNOTS('',7,(#935,#936,#937,#938,#939,#940,
    #941,#942,#943,#944,#945,#946,#947,#948,#949,#950,#951,#952,#953,
    #954),.UNSPECIFIED.,.F.,.F.,(8,6,6,8),(0.,0.290237842009,
    0.658725760119,1.),.UNSPECIFIED.);
#935 = CARTESIAN_POINT('',(4.190360045203,19.010523420083));
#936 = CARTESIAN_POINT('',(4.190360045253,18.528228667673));
#937 = CARTESIAN_POINT('',(4.192823216804,18.042476530865));
#938 = CARTESIAN_POINT('',(4.197813351659,17.571150769677));
#939 = CARTESIAN_POINT('',(4.204923832007,17.123338924726));
#940 = CARTESIAN_POINT('',(4.213729726172,16.703184000959));
#941 = CARTESIAN_POINT('',(4.223862678227,16.31156816673));
#942 = CARTESIAN_POINT('',(4.249379143928,15.483968728675));
#943 = CARTESIAN_POINT('',(4.26547556457,15.063376643848));
#944 = CARTESIAN_POINT('',(4.283055870461,14.679482796995));
#945 = CARTESIAN_POINT('',(4.301946667642,14.330431013915));
#946 = CARTESIAN_POINT('',(4.322032876689,14.014960054668));
#947 = CARTESIAN_POINT('',(4.343281102417,13.732864181267));
#948 = CARTESIAN_POINT('',(4.386585830929,13.256298433436));
#949 = CARTESIAN_POINT('',(4.408409449996,13.057533246506));
#950 = CARTESIAN_POINT('',(4.431255541076,12.890205002488));
#951 = CARTESIAN_POINT('',(4.455111021275,12.757540427749));
#952 = CARTESIAN_POINT('',(4.479906796384,12.663855993044));
#953 = CARTESIAN_POINT('',(4.505497611676,12.614713987201));
#954 = CARTESIAN_POINT('',(4.531583084921,12.614713986274));
#955 = ( GEOMETRIC_REPRESENTATION_CONTEXT(2) 
PARAMETRIC_REPRESENTATION_CONTEXT() REPRESENTATION_CONTEXT('2D SPACE',''
  ) );
#956 = PCURVE('',#957,#964);
#957 = ( BOUNDED_SURFACE() B_SPLINE_SURFACE(2,1,(
    (#958,#959)
    ,(#960,#961)
,(#962,#963
    )),.UNSPECIFIED.,.F.,.F.,.F.) B_SPLINE_SURFACE_WITH_KNOTS((3,3),(2,2
    ),(0.,79.158389567628),(-3.091272777704,76.067116789924),
.PIECEWISE_BEZIER_KNOTS.) GEOMETRIC_REPRESENTATION_ITEM() 
RATIONAL_B_SPLINE_SURFACE((
    (1.,1.)
    ,(0.707106781187,0.707106781187)
,(1.,1.))) REPRESENTATION_ITEM('') SURFACE() );
#958 = CARTESIAN_POINT('',(78.686795390325,-4.450539119945,
    -104.2351351642));
#959 = CARTESIAN_POINT('',(186.30087488294,0.3156337109,-104.2351351642)
  );
#960 = CARTESIAN_POINT('',(78.96978512165,-10.84008488827,
    -104.2351351642));
#961 = CARTESIAN_POINT('',(186.58386461426,-6.073912057429,
    -104.2351351642));
#962 = CARTESIAN_POINT('',(78.96978512165,-10.84008488827,
    -97.83932573042));
#963 = CARTESIAN_POINT('',(186.58386461426,-6.073912057429,
    -97.83932573042));
#964 = DEFINITIONAL_REPRESENTATION('',(#965),#986);
#965 = B_SPLINE_CURVE_WITH_KNOTS('',7,(#966,#967,#968,#969,#970,#971,
    #972,#973,#974,#975,#976,#977,#978,#979,#980,#981,#982,#983,#984,
    #985),.UNSPECIFIED.,.F.,.F.,(8,6,6,8),(0.,0.290237842009,
    0.658725760119,1.),.UNSPECIFIED.);
#966 = CARTESIAN_POINT('',(79.158389567628,7.899634264431));
#967 = CARTESIAN_POINT('',(74.937548753556,7.899634264833));
#968 = CARTESIAN_POINT('',(70.840351979201,7.919455032762));
#969 = CARTESIAN_POINT('',(66.957697948556,7.959623590464));
#970 = CARTESIAN_POINT('',(63.282142924754,8.016330778438));
#971 = CARTESIAN_POINT('',(59.803882271839,8.085269374736));
#972 = CARTESIAN_POINT('',(56.498652345228,8.162915255357));
#973 = CARTESIAN_POINT('',(49.310147159879,8.353607313062));
#974 = CARTESIAN_POINT('',(45.501469089502,8.470809328671));
#975 = CARTESIAN_POINT('',(41.80966507022,8.594551650201));
#976 = CARTESIAN_POINT('',(38.184787718644,8.722216385097));
#977 = CARTESIAN_POINT('',(34.576632872508,8.851645592514));
#978 = CARTESIAN_POINT('',(30.939696422141,8.981260087944));
#979 = CARTESIAN_POINT('',(23.754191792734,9.228751567436));
#980 = CARTESIAN_POINT('',(20.228468556609,9.346460773001));
#981 = CARTESIAN_POINT('',(16.586206318592,9.461701059495));
#982 = CARTESIAN_POINT('',(12.786744981351,9.572933319915));
#983 = CARTESIAN_POINT('',(8.788741272323,9.678263624528));
#984 = CARTESIAN_POINT('',(4.542347739944,9.775538358794));
#985 = CARTESIAN_POINT('',(0.,9.862861234294));
#986 = ( GEOMETRIC_REPRESENTATION_CONTEXT(2) 
PARAMETRIC_REPRESENTATION_CONTEXT() REPRESENTATION_CONTEXT('2D SPACE',''
  ) );
#987 = ORIENTED_EDGE('',*,*,#988,.T.);
#988 = EDGE_CURVE('',#908,#989,#991,.T.);
#989 = VERTEX_POINT('',#990);
#990 = CARTESIAN_POINT('',(96.321059949753,3.540131435206,
    -104.2351351642));
#991 = SURFACE_CURVE('',#992,(#997,#1004),.PCURVE_S1.);
#992 = CIRCLE('',#993,20.41215859584);
#993 = AXIS2_PLACEMENT_3D('',#994,#995,#996);
#994 = CARTESIAN_POINT('',(76.218232089857,1.331017645947E-14,
    -104.2351351642));
#995 = DIRECTION('',(-0.,0.,1.));
#996 = DIRECTION('',(1.,-1.110223024625E-16,0.));
#997 = PCURVE('',#255,#998);
#998 = DEFINITIONAL_REPRESENTATION('',(#999),#1003);
#999 = LINE('',#1000,#1001);
#1000 = CARTESIAN_POINT('',(-1.570796326795,12.614713986274));
#1001 = VECTOR('',#1002,1.);
#1002 = DIRECTION('',(1.,0.));
#1003 = ( GEOMETRIC_REPRESENTATION_CONTEXT(2) 
PARAMETRIC_REPRESENTATION_CONTEXT() REPRESENTATION_CONTEXT('2D SPACE',''
  ) );
#1004 = PCURVE('',#1005,#1010);
#1005 = PLANE('',#1006);
#1006 = AXIS2_PLACEMENT_3D('',#1007,#1008,#1009);
#1007 = CARTESIAN_POINT('',(182.38134765744,1.360810573056E+04,
    -104.2351351642));
#1008 = DIRECTION('',(0.,0.,-1.));
#1009 = DIRECTION('',(-1.,1.110223024625E-16,0.));
#1010 = DEFINITIONAL_REPRESENTATION('',(#1011),#1019);
#1011 = ( BOUNDED_CURVE() B_SPLINE_CURVE(2,(#1012,#1013,#1014,#1015,
#1016,#1017,#1018),.UNSPECIFIED.,.T.,.F.) B_SPLINE_CURVE_WITH_KNOTS((1,2
    ,2,2,2,1),(-2.094395102393,0.,2.094395102393,4.188790204786,
6.28318530718,8.377580409573),.UNSPECIFIED.) CURVE() 
GEOMETRIC_REPRESENTATION_ITEM() RATIONAL_B_SPLINE_CURVE((1.,0.5,1.,0.5,
1.,0.5,1.)) REPRESENTATION_ITEM('') );
#1012 = CARTESIAN_POINT('',(85.750956971743,-1.360810573056E+04));
#1013 = CARTESIAN_POINT('',(85.750956971743,-1.357275083478E+04));
#1014 = CARTESIAN_POINT('',(116.3691948655,-1.359042828267E+04));
#1015 = CARTESIAN_POINT('',(146.98743275926,-1.360810573056E+04));
#1016 = CARTESIAN_POINT('',(116.3691948655,-1.362578317845E+04));
#1017 = CARTESIAN_POINT('',(85.750956971743,-1.364346062634E+04));
#1018 = CARTESIAN_POINT('',(85.750956971743,-1.360810573056E+04));
#1019 = ( GEOMETRIC_REPRESENTATION_CONTEXT(2) 
PARAMETRIC_REPRESENTATION_CONTEXT() REPRESENTATION_CONTEXT('2D SPACE',''
  ) );
#1020 = ORIENTED_EDGE('',*,*,#1021,.F.);
#1021 = EDGE_CURVE('',#1022,#989,#1024,.T.);
#1022 = VERTEX_POINT('',#1023);
#1023 = CARTESIAN_POINT('',(93.911680106994,10.178315961228,
    -97.70768275675));
#1024 = SURFACE_CURVE('',#1025,(#1046,#1070),.PCURVE_S1.);
#1025 = B_SPLINE_CURVE_WITH_KNOTS('',7,(#1026,#1027,#1028,#1029,#1030,
    #1031,#1032,#1033,#1034,#1035,#1036,#1037,#1038,#1039,#1040,#1041,
    #1042,#1043,#1044,#1045),.UNSPECIFIED.,.F.,.F.,(8,6,6,8),(0.,
    0.290591086035,0.659633906559,1.),.UNSPECIFIED.);
#1026 = CARTESIAN_POINT('',(93.911680106994,10.178315961228,
    -97.70768275675));
#1027 = CARTESIAN_POINT('',(93.911680107515,10.178315960324,
    -98.20054441335));
#1028 = CARTESIAN_POINT('',(93.937331056668,10.133719263291,
    -98.69683697745));
#1029 = CARTESIAN_POINT('',(93.989294169789,10.043426045872,
    -99.1780788897));
#1030 = CARTESIAN_POINT('',(94.062457669456,9.914491972916,
    -99.63502314467));
#1031 = CARTESIAN_POINT('',(94.151079679333,9.753933752807,
    -100.0635191203));
#1032 = CARTESIAN_POINT('',(94.250525135923,9.568034739934,
    -100.4627796577));
#1033 = CARTESIAN_POINT('',(94.493894328884,9.096403137975,
    -101.3066709259));
#1034 = CARTESIAN_POINT('',(94.642896397716,8.796660060946,
    -101.7355569114));
#1035 = CARTESIAN_POINT('',(94.799446933135,8.466263626639,
    -102.1271502214));
#1036 = CARTESIAN_POINT('',(94.960041293453,8.107583816691,
    -102.4833703356));
#1037 = CARTESIAN_POINT('',(95.121752373728,7.722090841661,
    -102.8055101778));
#1038 = CARTESIAN_POINT('',(95.282382196564,7.309839462954,
    -103.0937468619));
#1039 = CARTESIAN_POINT('',(95.585341560095,6.46203353938,
    -103.5799489647));
#1040 = CARTESIAN_POINT('',(95.727717728838,6.031913061283,
    -103.7825309152));
#1041 = CARTESIAN_POINT('',(95.865443563364,5.577576379831,
    -103.9533112803));
#1042 = CARTESIAN_POINT('',(95.996344423967,5.098921835219,
    -104.0889074492));
#1043 = CARTESIAN_POINT('',(96.117782394601,4.597139239039,
    -104.1847977181));
#1044 = CARTESIAN_POINT('',(96.22681612094,4.075300113451,
    -104.2351351632));
#1045 = CARTESIAN_POINT('',(96.321059949753,3.540131435206,
    -104.2351351642));
#1046 = PCURVE('',#255,#1047);
#1047 = DEFINITIONAL_REPRESENTATION('',(#1048),#1069);
#1048 = B_SPLINE_CURVE_WITH_KNOTS('',7,(#1049,#1050,#1051,#1052,#1053,
    #1054,#1055,#1056,#1057,#1058,#1059,#1060,#1061,#1062,#1063,#1064,
    #1065,#1066,#1067,#1068),.UNSPECIFIED.,.F.,.F.,(8,6,6,8),(0.,
    0.290591086035,0.659633906559,1.),.UNSPECIFIED.);
#1049 = CARTESIAN_POINT('',(5.234417915566,19.14216639375));
#1050 = CARTESIAN_POINT('',(5.234417915515,18.649304737148));
#1051 = CARTESIAN_POINT('',(5.231897497493,18.153012173054));
#1052 = CARTESIAN_POINT('',(5.226793717714,17.671770260798));
#1053 = CARTESIAN_POINT('',(5.219531371031,17.214826005832));
#1054 = CARTESIAN_POINT('',(5.210548057368,16.786330030173));
#1055 = CARTESIAN_POINT('',(5.200220694544,16.387069492764));
#1056 = CARTESIAN_POINT('',(5.174220448617,15.543178224572));
#1057 = CARTESIAN_POINT('',(5.157823506807,15.114292239037));
#1058 = CARTESIAN_POINT('',(5.13991740491,14.722698929078));
#1059 = CARTESIAN_POINT('',(5.120673403999,14.366478814881));
#1060 = CARTESIAN_POINT('',(5.100203729249,14.044338972654));
#1061 = CARTESIAN_POINT('',(5.078537111023,13.756102288598));
#1062 = CARTESIAN_POINT('',(5.03443052415,13.269900185793));
#1063 = CARTESIAN_POINT('',(5.012240462372,13.067318235272));
#1064 = CARTESIAN_POINT('',(4.988994471127,12.89653787018));
#1065 = CARTESIAN_POINT('',(4.964701210941,12.760941701214));
#1066 = CARTESIAN_POINT('',(4.939428547117,12.66505143234));
#1067 = CARTESIAN_POINT('',(4.913324454014,12.614713987221));
#1068 = CARTESIAN_POINT('',(4.886702892011,12.614713986274));
#1069 = ( GEOMETRIC_REPRESENTATION_CONTEXT(2) 
PARAMETRIC_REPRESENTATION_CONTEXT() REPRESENTATION_CONTEXT('2D SPACE',''
  ) );
#1070 = PCURVE('',#1071,#1096);
#1071 = ( BOUNDED_SURFACE() B_SPLINE_SURFACE(2,3,(
    (#1072,#1073,#1074,#1075,#1076,#1077,#1078,#1079)
    ,(#1080,#1081,#1082,#1083,#1084,#1085,#1086,#1087)
    ,(#1088,#1089,#1090,#1091,#1092,#1093,#1094,#1095
)),.UNSPECIFIED.,.F.,.F.,.F.) B_SPLINE_SURFACE_WITH_KNOTS((3,3),(4,2,2,4
    ),(0.,79.167147043637),(-3.100030253713,0.,72.975844012219,
76.067116789924),.UNSPECIFIED.) GEOMETRIC_REPRESENTATION_ITEM() 
RATIONAL_B_SPLINE_SURFACE((
    (1.,1.,1.,1.,1.,1.,1.,1.)
    ,(0.707106781187,0.707106781187,0.707106781187,0.707106781187
      ,0.707106781187,0.707106781187,0.707106781187,0.707106781187)
,(1.,1.,1.,1.,1.,1.,1.,1.))) REPRESENTATION_ITEM('') SURFACE() );
#1072 = CARTESIAN_POINT('',(78.957879526747,10.840612181011,
    -97.703244154));
#1073 = CARTESIAN_POINT('',(80.362687043991,10.778393970784,
    -97.703244154));
#1074 = CARTESIAN_POINT('',(81.767494561235,10.716175760557,
    -97.703244154));
#1075 = CARTESIAN_POINT('',(116.24198393813,9.189318165342,-97.703244154
    ));
#1076 = CARTESIAN_POINT('',(149.31166579778,7.724678780354,
    -97.83932573042));
#1077 = CARTESIAN_POINT('',(183.78218664304,6.197996949386,
    -97.83932573042));
#1078 = CARTESIAN_POINT('',(185.18302562865,6.135954503406,
    -97.83932573042));
#1079 = CARTESIAN_POINT('',(186.58386461426,6.073912057426,
    -97.83932573042));
#1080 = CARTESIAN_POINT('',(78.957879526748,10.840612181011,
    -104.2351351642));
#1081 = CARTESIAN_POINT('',(80.362687043992,10.778393970784,
    -104.2351351642));
#1082 = CARTESIAN_POINT('',(81.767494561235,10.716175760557,
    -104.2351351642));
#1083 = CARTESIAN_POINT('',(116.24198393813,9.189318165342,
    -104.2351351642));
#1084 = CARTESIAN_POINT('',(149.31166579778,7.724678780355,
    -104.2351351642));
#1085 = CARTESIAN_POINT('',(183.78218664304,6.197996949387,
    -104.2351351642));
#1086 = CARTESIAN_POINT('',(185.18302562865,6.135954503406,
    -104.2351351642));
#1087 = CARTESIAN_POINT('',(186.58386461426,6.073912057426,
    -104.2351351642));
#1088 = CARTESIAN_POINT('',(78.668868714096,4.315118106261,
    -104.2351351642));
#1089 = CARTESIAN_POINT('',(80.07367623134,4.252899896034,
    -104.2351351642));
#1090 = CARTESIAN_POINT('',(81.478483748584,4.190681685807,
    -104.2351351642));
#1091 = CARTESIAN_POINT('',(115.95297312548,2.663824090591,
    -104.2351351642));
#1092 = CARTESIAN_POINT('',(149.02867606646,1.335133012027,
    -104.2351351642));
#1093 = CARTESIAN_POINT('',(183.49919691172,-0.191548818941,
    -104.2351351642));
#1094 = CARTESIAN_POINT('',(184.90003589733,-0.253591264922,
    -104.2351351642));
#1095 = CARTESIAN_POINT('',(186.30087488294,-0.315633710903,
    -104.2351351642));
#1096 = DEFINITIONAL_REPRESENTATION('',(#1097),#1118);
#1097 = B_SPLINE_CURVE_WITH_KNOTS('',7,(#1098,#1099,#1100,#1101,#1102,
    #1103,#1104,#1105,#1106,#1107,#1108,#1109,#1110,#1111,#1112,#1113,
    #1114,#1115,#1116,#1117),.UNSPECIFIED.,.F.,.F.,(8,6,6,8),(0.,
    0.290591086035,0.659633906559,1.),.UNSPECIFIED.);
#1098 = CARTESIAN_POINT('',(0.,7.899634264432));
#1099 = CARTESIAN_POINT('',(4.226796263034,7.899634264843));
#1100 = CARTESIAN_POINT('',(8.328504977137,7.919915602593));
#1101 = CARTESIAN_POINT('',(12.212734539202,7.960999460237));
#1102 = CARTESIAN_POINT('',(15.887784235298,8.018903683951));
#1103 = CARTESIAN_POINT('',(19.363791995115,8.089184807968));
#1104 = CARTESIAN_POINT('',(22.665772410585,8.168235762854));
#1105 = CARTESIAN_POINT('',(29.848217121707,8.362236841478));
#1106 = CARTESIAN_POINT('',(33.653761983474,8.481370698687));
#1107 = CARTESIAN_POINT('',(37.343458659531,8.607042839976));
#1108 = CARTESIAN_POINT('',(40.967579711877,8.736603321252));
#1109 = CARTESIAN_POINT('',(44.576902587828,8.867855444841));
#1110 = CARTESIAN_POINT('',(48.217382129605,8.999183814848));
#1111 = CARTESIAN_POINT('',(55.402074498478,9.249163341964));
#1112 = CARTESIAN_POINT('',(58.922150879806,9.367672044292));
#1113 = CARTESIAN_POINT('',(62.561401465304,9.48355414519));
#1114 = CARTESIAN_POINT('',(66.36084650211,9.595216467772));
#1115 = CARTESIAN_POINT('',(70.36200079381,9.700683735519));
#1116 = CARTESIAN_POINT('',(74.615151800257,9.797696723868));
#1117 = CARTESIAN_POINT('',(79.167147043637,9.884285313304));
#1118 = ( GEOMETRIC_REPRESENTATION_CONTEXT(2) 
PARAMETRIC_REPRESENTATION_CONTEXT() REPRESENTATION_CONTEXT('2D SPACE',''
  ) );
#1119 = ORIENTED_EDGE('',*,*,#1120,.T.);
#1120 = EDGE_CURVE('',#1022,#1121,#1123,.T.);
#1121 = VERTEX_POINT('',#1122);
#1122 = CARTESIAN_POINT('',(93.911680107012,10.178315961227,
    -97.2541774176));
#1123 = SURFACE_CURVE('',#1124,(#1128,#1135),.PCURVE_S1.);
#1124 = LINE('',#1125,#1126);
#1125 = CARTESIAN_POINT('',(93.911680106995,10.178315961228,
    -116.8498491505));
#1126 = VECTOR('',#1127,1.);
#1127 = DIRECTION('',(0.,0.,1.));
#1128 = PCURVE('',#255,#1129);
#1129 = DEFINITIONAL_REPRESENTATION('',(#1130),#1134);
#1130 = LINE('',#1131,#1132);
#1131 = CARTESIAN_POINT('',(5.234417915566,0.));
#1132 = VECTOR('',#1133,1.);
#1133 = DIRECTION('',(0.,1.));
#1134 = ( GEOMETRIC_REPRESENTATION_CONTEXT(2) 
PARAMETRIC_REPRESENTATION_CONTEXT() REPRESENTATION_CONTEXT('2D SPACE',''
  ) );
#1135 = PCURVE('',#1136,#1141);
#1136 = PLANE('',#1137);
#1137 = AXIS2_PLACEMENT_3D('',#1138,#1139,#1140);
#1138 = CARTESIAN_POINT('',(63.855061680884,11.509508299675,
    1.350214236599E+04));
#1139 = DIRECTION('',(-4.424611681352E-02,-0.999020661021,0.));
#1140 = DIRECTION('',(0.999020661021,-4.424611681352E-02,0.));
#1141 = DEFINITIONAL_REPRESENTATION('',(#1142),#1146);
#1142 = LINE('',#1143,#1144);
#1143 = CARTESIAN_POINT('',(30.086082899819,-1.361899221514E+04));
#1144 = VECTOR('',#1145,1.);
#1145 = DIRECTION('',(0.,1.));
#1146 = ( GEOMETRIC_REPRESENTATION_CONTEXT(2) 
PARAMETRIC_REPRESENTATION_CONTEXT() REPRESENTATION_CONTEXT('2D SPACE',''
  ) );
#1147 = ORIENTED_EDGE('',*,*,#1148,.T.);
#1148 = EDGE_CURVE('',#1121,#332,#1149,.T.);
#1149 = SURFACE_CURVE('',#1150,(#1155,#1162),.PCURVE_S1.);
#1150 = CIRCLE('',#1151,20.41215859584);
#1151 = AXIS2_PLACEMENT_3D('',#1152,#1153,#1154);
#1152 = CARTESIAN_POINT('',(76.218232089857,1.331017645947E-14,
    -97.2541774176));
#1153 = DIRECTION('',(-0.,0.,1.));
#1154 = DIRECTION('',(1.,-1.110223024625E-16,0.));
#1155 = PCURVE('',#255,#1156);
#1156 = DEFINITIONAL_REPRESENTATION('',(#1157),#1161);
#1157 = LINE('',#1158,#1159);
#1158 = CARTESIAN_POINT('',(4.712388980385,19.595671732898));
#1159 = VECTOR('',#1160,1.);
#1160 = DIRECTION('',(1.,0.));
#1161 = ( GEOMETRIC_REPRESENTATION_CONTEXT(2) 
PARAMETRIC_REPRESENTATION_CONTEXT() REPRESENTATION_CONTEXT('2D SPACE',''
  ) );
#1162 = PCURVE('',#1163,#1168);
#1163 = PLANE('',#1164);
#1164 = AXIS2_PLACEMENT_3D('',#1165,#1166,#1167);
#1165 = CARTESIAN_POINT('',(-1.341200008698E+04,-32.33285952727,
    -97.2541774176));
#1166 = DIRECTION('',(0.,0.,1.));
#1167 = DIRECTION('',(1.110223024625E-16,1.,0.));
#1168 = DEFINITIONAL_REPRESENTATION('',(#1169),#1173);
#1169 = CIRCLE('',#1170,20.41215859584);
#1170 = AXIS2_PLACEMENT_2D('',#1171,#1172);
#1171 = CARTESIAN_POINT('',(32.332859527275,-1.348821831907E+04));
#1172 = DIRECTION('',(0.,-1.));
#1173 = ( GEOMETRIC_REPRESENTATION_CONTEXT(2) 
PARAMETRIC_REPRESENTATION_CONTEXT() REPRESENTATION_CONTEXT('2D SPACE',''
  ) );
#1174 = ADVANCED_FACE('',(#1175,#1178),#289,.T.);
#1175 = FACE_BOUND('',#1176,.T.);
#1176 = EDGE_LOOP('',(#1177));
#1177 = ORIENTED_EDGE('',*,*,#274,.T.);
#1178 = FACE_BOUND('',#1179,.T.);
#1179 = EDGE_LOOP('',(#1180));
#1180 = ORIENTED_EDGE('',*,*,#1181,.F.);
#1181 = EDGE_CURVE('',#1182,#1182,#1184,.T.);
#1182 = VERTEX_POINT('',#1183);
#1183 = CARTESIAN_POINT('',(76.218232089857,13.60810573056,
    -96.61236981072));
#1184 = SURFACE_CURVE('',#1185,(#1190,#1197),.PCURVE_S1.);
#1185 = CIRCLE('',#1186,13.60810573056);
#1186 = AXIS2_PLACEMENT_3D('',#1187,#1188,#1189);
#1187 = CARTESIAN_POINT('',(76.218232089857,1.331017645947E-14,
    -96.61236981072));
#1188 = DIRECTION('',(0.,0.,1.));
#1189 = DIRECTION('',(0.,-1.,0.));
#1190 = PCURVE('',#289,#1191);
#1191 = DEFINITIONAL_REPRESENTATION('',(#1192),#1196);
#1192 = CIRCLE('',#1193,13.60810573056);
#1193 = AXIS2_PLACEMENT_2D('',#1194,#1195);
#1194 = CARTESIAN_POINT('',(24.920735063958,30.));
#1195 = DIRECTION('',(0.,-1.));
#1196 = ( GEOMETRIC_REPRESENTATION_CONTEXT(2) 
PARAMETRIC_REPRESENTATION_CONTEXT() REPRESENTATION_CONTEXT('2D SPACE',''
  ) );
#1197 = PCURVE('',#1198,#1203);
#1198 = CYLINDRICAL_SURFACE('',#1199,13.60810573056);
#1199 = AXIS2_PLACEMENT_3D('',#1200,#1201,#1202);
#1200 = CARTESIAN_POINT('',(76.218232089857,1.331017645947E-14,
    -133.1795760271));
#1201 = DIRECTION('',(0.,0.,1.));
#1202 = DIRECTION('',(1.110223024625E-16,1.,0.));
#1203 = DEFINITIONAL_REPRESENTATION('',(#1204),#1208);
#1204 = LINE('',#1205,#1206);
#1205 = CARTESIAN_POINT('',(-3.14159265359,36.567206216448));
#1206 = VECTOR('',#1207,1.);
#1207 = DIRECTION('',(1.,0.));
#1208 = ( GEOMETRIC_REPRESENTATION_CONTEXT(2) 
PARAMETRIC_REPRESENTATION_CONTEXT() REPRESENTATION_CONTEXT('2D SPACE',''
  ) );
#1209 = ADVANCED_FACE('',(#1210,#1213),#317,.F.);
#1210 = FACE_BOUND('',#1211,.F.);
#1211 = EDGE_LOOP('',(#1212));
#1212 = ORIENTED_EDGE('',*,*,#302,.T.);
#1213 = FACE_BOUND('',#1214,.F.);
#1214 = EDGE_LOOP('',(#1215));
#1215 = ORIENTED_EDGE('',*,*,#1216,.F.);
#1216 = EDGE_CURVE('',#1217,#1217,#1219,.T.);
#1217 = VERTEX_POINT('',#1218);
#1218 = CARTESIAN_POINT('',(87.297497025899,3.63857164884E-14,
    -116.0123698107));
#1219 = SURFACE_CURVE('',#1220,(#1225,#1232),.PCURVE_S1.);
#1220 = CIRCLE('',#1221,11.);
#1221 = AXIS2_PLACEMENT_3D('',#1222,#1223,#1224);
#1222 = CARTESIAN_POINT('',(76.297497025899,0.,-116.0123698107));
#1223 = DIRECTION('',(0.,0.,1.));
#1224 = DIRECTION('',(0.,-1.,0.));
#1225 = PCURVE('',#317,#1226);
#1226 = DEFINITIONAL_REPRESENTATION('',(#1227),#1231);
#1227 = CIRCLE('',#1228,11.);
#1228 = AXIS2_PLACEMENT_2D('',#1229,#1230);
#1229 = CARTESIAN_POINT('',(25.,30.));
#1230 = DIRECTION('',(0.,-1.));
#1231 = ( GEOMETRIC_REPRESENTATION_CONTEXT(2) 
PARAMETRIC_REPRESENTATION_CONTEXT() REPRESENTATION_CONTEXT('2D SPACE',''
  ) );
#1232 = PCURVE('',#1233,#1238);
#1233 = CYLINDRICAL_SURFACE('',#1234,11.);
#1234 = AXIS2_PLACEMENT_3D('',#1235,#1236,#1237);
#1235 = CARTESIAN_POINT('',(76.297497025899,0.,-127.5123698107));
#1236 = DIRECTION('',(0.,0.,1.));
#1237 = DIRECTION('',(1.,0.,0.));
#1238 = DEFINITIONAL_REPRESENTATION('',(#1239),#1243);
#1239 = LINE('',#1240,#1241);
#1240 = CARTESIAN_POINT('',(-1.570796326795,11.5));
#1241 = VECTOR('',#1242,1.);
#1242 = DIRECTION('',(1.,0.));
#1243 = ( GEOMETRIC_REPRESENTATION_CONTEXT(2) 
PARAMETRIC_REPRESENTATION_CONTEXT() REPRESENTATION_CONTEXT('2D SPACE',''
  ) );
#1244 = ADVANCED_FACE('',(#1245),#349,.F.);
#1245 = FACE_BOUND('',#1246,.T.);
#1246 = EDGE_LOOP('',(#1247,#1275,#1276,#1304));
#1247 = ORIENTED_EDGE('',*,*,#1248,.T.);
#1248 = EDGE_CURVE('',#1249,#334,#1251,.T.);
#1249 = VERTEX_POINT('',#1250);
#1250 = CARTESIAN_POINT('',(98.10889408232,13.111734512904,
    -114.6725517145));
#1251 = SURFACE_CURVE('',#1252,(#1257,#1264),.PCURVE_S1.);
#1252 = CIRCLE('',#1253,21.636887592482);
#1253 = AXIS2_PLACEMENT_3D('',#1254,#1255,#1256);
#1254 = CARTESIAN_POINT('',(99.066242338219,34.727432257984,
    -114.6725517145));
#1255 = DIRECTION('',(0.,0.,-1.));
#1256 = DIRECTION('',(-1.,1.110223024625E-16,0.));
#1257 = PCURVE('',#349,#1258);
#1258 = DEFINITIONAL_REPRESENTATION('',(#1259),#1263);
#1259 = LINE('',#1260,#1261);
#1260 = CARTESIAN_POINT('',(-7.853981633974,-1.359939654341E+04));
#1261 = VECTOR('',#1262,1.);
#1262 = DIRECTION('',(1.,-0.));
#1263 = ( GEOMETRIC_REPRESENTATION_CONTEXT(2) 
PARAMETRIC_REPRESENTATION_CONTEXT() REPRESENTATION_CONTEXT('2D SPACE',''
  ) );
#1264 = PCURVE('',#378,#1265);
#1265 = DEFINITIONAL_REPRESENTATION('',(#1266),#1274);
#1266 = ( BOUNDED_CURVE() B_SPLINE_CURVE(2,(#1267,#1268,#1269,#1270,
#1271,#1272,#1273),.UNSPECIFIED.,.T.,.F.) B_SPLINE_CURVE_WITH_KNOTS((1,2
    ,2,2,2,1),(-2.094395102393,0.,2.094395102393,4.188790204786,
6.28318530718,8.377580409573),.UNSPECIFIED.) CURVE() 
GEOMETRIC_REPRESENTATION_ITEM() RATIONAL_B_SPLINE_CURVE((1.,0.5,1.,0.5,
1.,0.5,1.)) REPRESENTATION_ITEM('') );
#1267 = CARTESIAN_POINT('',(67.060291785259,-1.348942944173E+04));
#1268 = CARTESIAN_POINT('',(104.53648041309,-1.348942944173E+04));
#1269 = CARTESIAN_POINT('',(85.798386099177,-1.352188477312E+04));
#1270 = CARTESIAN_POINT('',(67.060291785259,-1.355434010451E+04));
#1271 = CARTESIAN_POINT('',(48.322197471341,-1.352188477312E+04));
#1272 = CARTESIAN_POINT('',(29.584103157423,-1.348942944173E+04));
#1273 = CARTESIAN_POINT('',(67.060291785259,-1.348942944173E+04));
#1274 = ( GEOMETRIC_REPRESENTATION_CONTEXT(2) 
PARAMETRIC_REPRESENTATION_CONTEXT() REPRESENTATION_CONTEXT('2D SPACE',''
  ) );
#1275 = ORIENTED_EDGE('',*,*,#331,.F.);
#1276 = ORIENTED_EDGE('',*,*,#1277,.F.);
#1277 = EDGE_CURVE('',#1278,#332,#1280,.T.);
#1278 = VERTEX_POINT('',#1279);
#1279 = CARTESIAN_POINT('',(98.10889408232,13.111734512904,
    -97.2541774176));
#1280 = SURFACE_CURVE('',#1281,(#1286,#1293),.PCURVE_S1.);
#1281 = CIRCLE('',#1282,21.636887592482);
#1282 = AXIS2_PLACEMENT_3D('',#1283,#1284,#1285);
#1283 = CARTESIAN_POINT('',(99.066242338219,34.727432257984,
    -97.2541774176));
#1284 = DIRECTION('',(0.,0.,-1.));
#1285 = DIRECTION('',(-1.,1.110223024625E-16,0.));
#1286 = PCURVE('',#349,#1287);
#1287 = DEFINITIONAL_REPRESENTATION('',(#1288),#1292);
#1288 = LINE('',#1289,#1290);
#1289 = CARTESIAN_POINT('',(-7.853981633974,-1.361681491771E+04));
#1290 = VECTOR('',#1291,1.);
#1291 = DIRECTION('',(1.,-0.));
#1292 = ( GEOMETRIC_REPRESENTATION_CONTEXT(2) 
PARAMETRIC_REPRESENTATION_CONTEXT() REPRESENTATION_CONTEXT('2D SPACE',''
  ) );
#1293 = PCURVE('',#1163,#1294);
#1294 = DEFINITIONAL_REPRESENTATION('',(#1295),#1303);
#1295 = ( BOUNDED_CURVE() B_SPLINE_CURVE(2,(#1296,#1297,#1298,#1299,
#1300,#1301,#1302),.UNSPECIFIED.,.T.,.F.) B_SPLINE_CURVE_WITH_KNOTS((1,2
    ,2,2,2,1),(-2.094395102393,0.,2.094395102393,4.188790204786,
6.28318530718,8.377580409573),.UNSPECIFIED.) CURVE() 
GEOMETRIC_REPRESENTATION_ITEM() RATIONAL_B_SPLINE_CURVE((1.,0.5,1.,0.5,
1.,0.5,1.)) REPRESENTATION_ITEM('') );
#1296 = CARTESIAN_POINT('',(67.060291785259,-1.348942944173E+04));
#1297 = CARTESIAN_POINT('',(104.53648041309,-1.348942944173E+04));
#1298 = CARTESIAN_POINT('',(85.798386099177,-1.352188477312E+04));
#1299 = CARTESIAN_POINT('',(67.060291785259,-1.355434010451E+04));
#1300 = CARTESIAN_POINT('',(48.322197471341,-1.352188477312E+04));
#1301 = CARTESIAN_POINT('',(29.584103157423,-1.348942944173E+04));
#1302 = CARTESIAN_POINT('',(67.060291785259,-1.348942944173E+04));
#1303 = ( GEOMETRIC_REPRESENTATION_CONTEXT(2) 
PARAMETRIC_REPRESENTATION_CONTEXT() REPRESENTATION_CONTEXT('2D SPACE',''
  ) );
#1304 = ORIENTED_EDGE('',*,*,#1305,.F.);
#1305 = EDGE_CURVE('',#1249,#1278,#1306,.T.);
#1306 = SURFACE_CURVE('',#1307,(#1311,#1318),.PCURVE_S1.);
#1307 = LINE('',#1308,#1309);
#1308 = CARTESIAN_POINT('',(98.108894082321,13.111734512904,
    -1.371406909513E+04));
#1309 = VECTOR('',#1310,1.);
#1310 = DIRECTION('',(0.,0.,1.));
#1311 = PCURVE('',#349,#1312);
#1312 = DEFINITIONAL_REPRESENTATION('',(#1313),#1317);
#1313 = LINE('',#1314,#1315);
#1314 = CARTESIAN_POINT('',(-3.097332087133,0.));
#1315 = VECTOR('',#1316,1.);
#1316 = DIRECTION('',(-0.,-1.));
#1317 = ( GEOMETRIC_REPRESENTATION_CONTEXT(2) 
PARAMETRIC_REPRESENTATION_CONTEXT() REPRESENTATION_CONTEXT('2D SPACE',''
  ) );
#1318 = PCURVE('',#1319,#1324);
#1319 = PLANE('',#1320);
#1320 = AXIS2_PLACEMENT_3D('',#1321,#1322,#1323);
#1321 = CARTESIAN_POINT('',(98.108894082321,13.111734512904,
    -1.371406909513E+04));
#1322 = DIRECTION('',(4.424611681352E-02,0.999020661021,0.));
#1323 = DIRECTION('',(0.999020661021,-4.424611681352E-02,0.));
#1324 = DEFINITIONAL_REPRESENTATION('',(#1325),#1329);
#1325 = LINE('',#1326,#1327);
#1326 = CARTESIAN_POINT('',(0.,0.));
#1327 = VECTOR('',#1328,1.);
#1328 = DIRECTION('',(0.,-1.));
#1329 = ( GEOMETRIC_REPRESENTATION_CONTEXT(2) 
PARAMETRIC_REPRESENTATION_CONTEXT() REPRESENTATION_CONTEXT('2D SPACE',''
  ) );
#1330 = ADVANCED_FACE('',(#1331),#1163,.T.);
#1331 = FACE_BOUND('',#1332,.T.);
#1332 = EDGE_LOOP('',(#1333,#1334,#1335,#1358,#1386));
#1333 = ORIENTED_EDGE('',*,*,#1277,.T.);
#1334 = ORIENTED_EDGE('',*,*,#1148,.F.);
#1335 = ORIENTED_EDGE('',*,*,#1336,.T.);
#1336 = EDGE_CURVE('',#1121,#1337,#1339,.T.);
#1337 = VERTEX_POINT('',#1338);
#1338 = CARTESIAN_POINT('',(100.00774428111,9.908324380399,
    -97.25417741761));
#1339 = SURFACE_CURVE('',#1340,(#1344,#1351),.PCURVE_S1.);
#1340 = LINE('',#1341,#1342);
#1341 = CARTESIAN_POINT('',(-6.659912567432E+03,309.3017558,
    -97.2541774176));
#1342 = VECTOR('',#1343,1.);
#1343 = DIRECTION('',(0.999020661021,-4.424611681352E-02,0.));
#1344 = PCURVE('',#1163,#1345);
#1345 = DEFINITIONAL_REPRESENTATION('',(#1346),#1350);
#1346 = LINE('',#1347,#1348);
#1347 = CARTESIAN_POINT('',(341.63461532727,-6.752087519552E+03));
#1348 = VECTOR('',#1349,1.);
#1349 = DIRECTION('',(-4.424611681352E-02,-0.999020661021));
#1350 = ( GEOMETRIC_REPRESENTATION_CONTEXT(2) 
PARAMETRIC_REPRESENTATION_CONTEXT() REPRESENTATION_CONTEXT('2D SPACE',''
  ) );
#1351 = PCURVE('',#1136,#1352);
#1352 = DEFINITIONAL_REPRESENTATION('',(#1353),#1357);
#1353 = LINE('',#1354,#1355);
#1354 = CARTESIAN_POINT('',(-6.730358931957E+03,-1.359939654341E+04));
#1355 = VECTOR('',#1356,1.);
#1356 = DIRECTION('',(1.,0.));
#1357 = ( GEOMETRIC_REPRESENTATION_CONTEXT(2) 
PARAMETRIC_REPRESENTATION_CONTEXT() REPRESENTATION_CONTEXT('2D SPACE',''
  ) );
#1358 = ORIENTED_EDGE('',*,*,#1359,.T.);
#1359 = EDGE_CURVE('',#1337,#1360,#1362,.T.);
#1360 = VERTEX_POINT('',#1361);
#1361 = CARTESIAN_POINT('',(100.00774428085,13.02763540367,
    -97.2541774176));
#1362 = SURFACE_CURVE('',#1363,(#1367,#1374),.PCURVE_S1.);
#1363 = LINE('',#1364,#1365);
#1364 = CARTESIAN_POINT('',(100.00774428111,6.787886435516E+03,
    -97.2541774176));
#1365 = VECTOR('',#1366,1.);
#1366 = DIRECTION('',(1.110223024625E-16,1.,0.));
#1367 = PCURVE('',#1163,#1368);
#1368 = DEFINITIONAL_REPRESENTATION('',(#1369),#1373);
#1369 = LINE('',#1370,#1371);
#1370 = CARTESIAN_POINT('',(6.820219295044E+03,-1.351200783127E+04));
#1371 = VECTOR('',#1372,1.);
#1372 = DIRECTION('',(1.,0.));
#1373 = ( GEOMETRIC_REPRESENTATION_CONTEXT(2) 
PARAMETRIC_REPRESENTATION_CONTEXT() REPRESENTATION_CONTEXT('2D SPACE',''
  ) );
#1374 = PCURVE('',#1375,#1380);
#1375 = PLANE('',#1376);
#1376 = AXIS2_PLACEMENT_3D('',#1377,#1378,#1379);
#1377 = CARTESIAN_POINT('',(199.04114140463,1.360810573056E+04,
    -100.2404831154));
#1378 = DIRECTION('',(-3.014083119581E-02,3.346304477493E-18,
    -0.999545661936));
#1379 = DIRECTION('',(-0.999545661936,1.109718608045E-16,
    3.014083119581E-02));
#1380 = DEFINITIONAL_REPRESENTATION('',(#1381),#1385);
#1381 = LINE('',#1382,#1383);
#1382 = CARTESIAN_POINT('',(99.078412217525,-6.820219295044E+03));
#1383 = VECTOR('',#1384,1.);
#1384 = DIRECTION('',(0.,1.));
#1385 = ( GEOMETRIC_REPRESENTATION_CONTEXT(2) 
PARAMETRIC_REPRESENTATION_CONTEXT() REPRESENTATION_CONTEXT('2D SPACE',''
  ) );
#1386 = ORIENTED_EDGE('',*,*,#1387,.F.);
#1387 = EDGE_CURVE('',#1278,#1360,#1388,.T.);
#1388 = SURFACE_CURVE('',#1389,(#1393,#1400),.PCURVE_S1.);
#1389 = LINE('',#1390,#1391);
#1390 = CARTESIAN_POINT('',(-6.642716710114E+03,311.65947105125,
    -97.2541774176));
#1391 = VECTOR('',#1392,1.);
#1392 = DIRECTION('',(0.999020661021,-4.424611681352E-02,0.));
#1393 = PCURVE('',#1163,#1394);
#1394 = DEFINITIONAL_REPRESENTATION('',(#1395),#1399);
#1395 = LINE('',#1396,#1397);
#1396 = CARTESIAN_POINT('',(343.99233057852,-6.76928337687E+03));
#1397 = VECTOR('',#1398,1.);
#1398 = DIRECTION('',(-4.424611681352E-02,-0.999020661021));
#1399 = ( GEOMETRIC_REPRESENTATION_CONTEXT(2) 
PARAMETRIC_REPRESENTATION_CONTEXT() REPRESENTATION_CONTEXT('2D SPACE',''
  ) );
#1400 = PCURVE('',#1319,#1401);
#1401 = DEFINITIONAL_REPRESENTATION('',(#1402),#1406);
#1402 = LINE('',#1403,#1404);
#1403 = CARTESIAN_POINT('',(-6.747433628957E+03,-1.361681491771E+04));
#1404 = VECTOR('',#1405,1.);
#1405 = DIRECTION('',(1.,-0.));
#1406 = ( GEOMETRIC_REPRESENTATION_CONTEXT(2) 
PARAMETRIC_REPRESENTATION_CONTEXT() REPRESENTATION_CONTEXT('2D SPACE',''
  ) );
#1407 = ADVANCED_FACE('',(#1408),#378,.F.);
#1408 = FACE_BOUND('',#1409,.F.);
#1409 = EDGE_LOOP('',(#1410,#1411,#1412,#1435,#1463));
#1410 = ORIENTED_EDGE('',*,*,#1248,.T.);
#1411 = ORIENTED_EDGE('',*,*,#361,.F.);
#1412 = ORIENTED_EDGE('',*,*,#1413,.F.);
#1413 = EDGE_CURVE('',#1414,#362,#1416,.T.);
#1414 = VERTEX_POINT('',#1415);
#1415 = CARTESIAN_POINT('',(100.00774428111,9.908324380401,
    -114.6725517145));
#1416 = SURFACE_CURVE('',#1417,(#1421,#1428),.PCURVE_S1.);
#1417 = LINE('',#1418,#1419);
#1418 = CARTESIAN_POINT('',(-6.659912567432E+03,309.3017558,
    -114.6725517145));
#1419 = VECTOR('',#1420,1.);
#1420 = DIRECTION('',(-0.999020661021,4.424611681352E-02,0.));
#1421 = PCURVE('',#378,#1422);
#1422 = DEFINITIONAL_REPRESENTATION('',(#1423),#1427);
#1423 = LINE('',#1424,#1425);
#1424 = CARTESIAN_POINT('',(341.63461532728,-6.752087519552E+03));
#1425 = VECTOR('',#1426,1.);
#1426 = DIRECTION('',(4.424611681352E-02,0.999020661021));
#1427 = ( GEOMETRIC_REPRESENTATION_CONTEXT(2) 
PARAMETRIC_REPRESENTATION_CONTEXT() REPRESENTATION_CONTEXT('2D SPACE',''
  ) );
#1428 = PCURVE('',#406,#1429);
#1429 = DEFINITIONAL_REPRESENTATION('',(#1430),#1434);
#1430 = LINE('',#1431,#1432);
#1431 = CARTESIAN_POINT('',(-6.730358931957E+03,-1.359939654341E+04));
#1432 = VECTOR('',#1433,1.);
#1433 = DIRECTION('',(-1.,5.418586533038E-18));
#1434 = ( GEOMETRIC_REPRESENTATION_CONTEXT(2) 
PARAMETRIC_REPRESENTATION_CONTEXT() REPRESENTATION_CONTEXT('2D SPACE',''
  ) );
#1435 = ORIENTED_EDGE('',*,*,#1436,.F.);
#1436 = EDGE_CURVE('',#1437,#1414,#1439,.T.);
#1437 = VERTEX_POINT('',#1438);
#1438 = CARTESIAN_POINT('',(100.0077442809,13.02763540367,
    -114.6725517145));
#1439 = SURFACE_CURVE('',#1440,(#1444,#1451),.PCURVE_S1.);
#1440 = LINE('',#1441,#1442);
#1441 = CARTESIAN_POINT('',(100.00774428111,6.787886435516E+03,
    -114.6725517145));
#1442 = VECTOR('',#1443,1.);
#1443 = DIRECTION('',(-1.110223024625E-16,-1.,0.));
#1444 = PCURVE('',#378,#1445);
#1445 = DEFINITIONAL_REPRESENTATION('',(#1446),#1450);
#1446 = LINE('',#1447,#1448);
#1447 = CARTESIAN_POINT('',(6.820219295044E+03,-1.351200783127E+04));
#1448 = VECTOR('',#1449,1.);
#1449 = DIRECTION('',(-1.,0.));
#1450 = ( GEOMETRIC_REPRESENTATION_CONTEXT(2) 
PARAMETRIC_REPRESENTATION_CONTEXT() REPRESENTATION_CONTEXT('2D SPACE',''
  ) );
#1451 = PCURVE('',#1452,#1457);
#1452 = PLANE('',#1453);
#1453 = AXIS2_PLACEMENT_3D('',#1454,#1455,#1456);
#1454 = CARTESIAN_POINT('',(199.04114140463,1.360810573056E+04,
    -111.6862460167));
#1455 = DIRECTION('',(-3.014083119581E-02,3.346304477493E-18,
    0.999545661936));
#1456 = DIRECTION('',(0.999545661936,-1.109718608045E-16,
    3.014083119581E-02));
#1457 = DEFINITIONAL_REPRESENTATION('',(#1458),#1462);
#1458 = LINE('',#1459,#1460);
#1459 = CARTESIAN_POINT('',(-99.07841221752,-6.820219295044E+03));
#1460 = VECTOR('',#1461,1.);
#1461 = DIRECTION('',(-0.,-1.));
#1462 = ( GEOMETRIC_REPRESENTATION_CONTEXT(2) 
PARAMETRIC_REPRESENTATION_CONTEXT() REPRESENTATION_CONTEXT('2D SPACE',''
  ) );
#1463 = ORIENTED_EDGE('',*,*,#1464,.F.);
#1464 = EDGE_CURVE('',#1249,#1437,#1465,.T.);
#1465 = SURFACE_CURVE('',#1466,(#1470,#1477),.PCURVE_S1.);
#1466 = LINE('',#1467,#1468);
#1467 = CARTESIAN_POINT('',(-6.642716710114E+03,311.65947105125,
    -114.6725517145));
#1468 = VECTOR('',#1469,1.);
#1469 = DIRECTION('',(0.999020661021,-4.424611681352E-02,0.));
#1470 = PCURVE('',#378,#1471);
#1471 = DEFINITIONAL_REPRESENTATION('',(#1472),#1476);
#1472 = LINE('',#1473,#1474);
#1473 = CARTESIAN_POINT('',(343.99233057852,-6.76928337687E+03));
#1474 = VECTOR('',#1475,1.);
#1475 = DIRECTION('',(-4.424611681352E-02,-0.999020661021));
#1476 = ( GEOMETRIC_REPRESENTATION_CONTEXT(2) 
PARAMETRIC_REPRESENTATION_CONTEXT() REPRESENTATION_CONTEXT('2D SPACE',''
  ) );
#1477 = PCURVE('',#1319,#1478);
#1478 = DEFINITIONAL_REPRESENTATION('',(#1479),#1483);
#1479 = LINE('',#1480,#1481);
#1480 = CARTESIAN_POINT('',(-6.747433628957E+03,-1.359939654341E+04));
#1481 = VECTOR('',#1482,1.);
#1482 = DIRECTION('',(1.,-0.));
#1483 = ( GEOMETRIC_REPRESENTATION_CONTEXT(2) 
PARAMETRIC_REPRESENTATION_CONTEXT() REPRESENTATION_CONTEXT('2D SPACE',''
  ) );
#1484 = ADVANCED_FACE('',(#1485),#1136,.T.);
#1485 = FACE_BOUND('',#1486,.T.);
#1486 = EDGE_LOOP('',(#1487,#1488,#1489,#1522));
#1487 = ORIENTED_EDGE('',*,*,#1336,.F.);
#1488 = ORIENTED_EDGE('',*,*,#1120,.F.);
#1489 = ORIENTED_EDGE('',*,*,#1490,.T.);
#1490 = EDGE_CURVE('',#1022,#1491,#1493,.T.);
#1491 = VERTEX_POINT('',#1492);
#1492 = CARTESIAN_POINT('',(116.05881842696,9.197430472645,
    -97.73819003931));
#1493 = SURFACE_CURVE('',#1494,(#1503,#1515),.PCURVE_S1.);
#1494 = B_SPLINE_CURVE_WITH_KNOTS('',3,(#1495,#1496,#1497,#1498,#1499,
    #1500,#1501,#1502),.UNSPECIFIED.,.F.,.F.,(4,2,2,4),(-3.100030253713,
    0.,72.975844012219,76.067116789924),.UNSPECIFIED.);
#1495 = CARTESIAN_POINT('',(78.957879526747,10.840612181011,
    -97.703244154));
#1496 = CARTESIAN_POINT('',(80.362687043991,10.778393970784,
    -97.703244154));
#1497 = CARTESIAN_POINT('',(81.767494561235,10.716175760557,
    -97.703244154));
#1498 = CARTESIAN_POINT('',(116.24198393813,9.189318165342,-97.703244154
    ));
#1499 = CARTESIAN_POINT('',(149.31166579778,7.724678780354,
    -97.83932573042));
#1500 = CARTESIAN_POINT('',(183.78218664304,6.197996949386,
    -97.83932573042));
#1501 = CARTESIAN_POINT('',(185.18302562865,6.135954503406,
    -97.83932573042));
#1502 = CARTESIAN_POINT('',(186.58386461426,6.073912057426,
    -97.83932573042));
#1503 = PCURVE('',#1136,#1504);
#1504 = DEFINITIONAL_REPRESENTATION('',(#1505),#1514);
#1505 = B_SPLINE_CURVE_WITH_KNOTS('',3,(#1506,#1507,#1508,#1509,#1510,
    #1511,#1512,#1513),.UNSPECIFIED.,.F.,.F.,(4,2,2,4),(-3.100030253713,
    0.,72.975844012219,76.067116789924),.UNSPECIFIED.);
#1506 = CARTESIAN_POINT('',(15.117623123457,-1.359984561015E+04));
#1507 = CARTESIAN_POINT('',(16.523807772139,-1.359984561015E+04));
#1508 = CARTESIAN_POINT('',(17.929992420821,-1.359984561015E+04));
#1509 = CARTESIAN_POINT('',(52.438277106008,-1.359984561015E+04));
#1510 = CARTESIAN_POINT('',(85.540377142513,-1.359998169172E+04));
#1511 = CARTESIAN_POINT('',(120.04468940571,-1.359998169172E+04));
#1512 = CARTESIAN_POINT('',(121.44690163241,-1.359998169172E+04));
#1513 = CARTESIAN_POINT('',(122.84911385911,-1.359998169172E+04));
#1514 = ( GEOMETRIC_REPRESENTATION_CONTEXT(2) 
PARAMETRIC_REPRESENTATION_CONTEXT() REPRESENTATION_CONTEXT('2D SPACE',''
  ) );
#1515 = PCURVE('',#1071,#1516);
#1516 = DEFINITIONAL_REPRESENTATION('',(#1517),#1521);
#1517 = LINE('',#1518,#1519);
#1518 = CARTESIAN_POINT('',(0.,0.));
#1519 = VECTOR('',#1520,1.);
#1520 = DIRECTION('',(0.,1.));
#1521 = ( GEOMETRIC_REPRESENTATION_CONTEXT(2) 
PARAMETRIC_REPRESENTATION_CONTEXT() REPRESENTATION_CONTEXT('2D SPACE',''
  ) );
#1522 = ORIENTED_EDGE('',*,*,#1523,.T.);
#1523 = EDGE_CURVE('',#1491,#1337,#1524,.T.);
#1524 = SURFACE_CURVE('',#1525,(#1529,#1536),.PCURVE_S1.);
#1525 = LINE('',#1526,#1527);
#1526 = CARTESIAN_POINT('',(-373.3537174028,30.873262690366,
    -82.98018428799));
#1527 = VECTOR('',#1528,1.);
#1528 = DIRECTION('',(-0.998567655899,4.422605344713E-02,
    3.011133988191E-02));
#1529 = PCURVE('',#1136,#1530);
#1530 = DEFINITIONAL_REPRESENTATION('',(#1531),#1535);
#1531 = LINE('',#1532,#1533);
#1532 = CARTESIAN_POINT('',(-437.6373744231,-1.358512255028E+04));
#1533 = VECTOR('',#1534,1.);
#1534 = DIRECTION('',(-0.999546550797,3.011133988191E-02));
#1535 = ( GEOMETRIC_REPRESENTATION_CONTEXT(2) 
PARAMETRIC_REPRESENTATION_CONTEXT() REPRESENTATION_CONTEXT('2D SPACE',''
  ) );
#1536 = PCURVE('',#1375,#1537);
#1537 = DEFINITIONAL_REPRESENTATION('',(#1538),#1542);
#1538 = LINE('',#1539,#1540);
#1539 = CARTESIAN_POINT('',(572.6550377888,-1.357723246787E+04));
#1540 = VECTOR('',#1541,1.);
#1541 = DIRECTION('',(0.999021549415,4.422605344713E-02));
#1542 = ( GEOMETRIC_REPRESENTATION_CONTEXT(2) 
PARAMETRIC_REPRESENTATION_CONTEXT() REPRESENTATION_CONTEXT('2D SPACE',''
  ) );
#1543 = ADVANCED_FACE('',(#1544),#406,.F.);
#1544 = FACE_BOUND('',#1545,.F.);
#1545 = EDGE_LOOP('',(#1546,#1581,#1602,#1623,#1624));
#1546 = ORIENTED_EDGE('',*,*,#1547,.T.);
#1547 = EDGE_CURVE('',#391,#1548,#1550,.T.);
#1548 = VERTEX_POINT('',#1549);
#1549 = CARTESIAN_POINT('',(95.301346765218,10.116768331947,
    -114.0874034016));
#1550 = SURFACE_CURVE('',#1551,(#1561,#1574),.PCURVE_S1.);
#1551 = ( BOUNDED_CURVE() B_SPLINE_CURVE(8,(#1552,#1553,#1554,#1555,
    #1556,#1557,#1558,#1559,#1560),.UNSPECIFIED.,.F.,.F.) 
B_SPLINE_CURVE_WITH_KNOTS((9,9),(8.507251221652E-17,1.483444753801),
.PIECEWISE_BEZIER_KNOTS.) CURVE() GEOMETRIC_REPRESENTATION_ITEM() 
RATIONAL_B_SPLINE_CURVE((1.,1.,1.,1.,1.,1.,1.,1.,1.)) 
REPRESENTATION_ITEM('') );
#1552 = CARTESIAN_POINT('',(92.475503551821,10.241923490188,
    -120.3583690383));
#1553 = CARTESIAN_POINT('',(92.521392357186,10.239891098345,
    -119.8338575776));
#1554 = CARTESIAN_POINT('',(92.278142393508,10.25066451548,
    -119.2838773086));
#1555 = CARTESIAN_POINT('',(91.902303516181,10.267310228145,
    -118.4514484237));
#1556 = CARTESIAN_POINT('',(91.709478645656,10.275850343559,
    -117.2475569306));
#1557 = CARTESIAN_POINT('',(92.02200732141,10.262008607512,-115.87549017
    ));
#1558 = CARTESIAN_POINT('',(92.886200053816,10.223733951062,
    -114.7217597853));
#1559 = CARTESIAN_POINT('',(94.093767879127,10.170251386442,
    -114.0874034016));
#1560 = CARTESIAN_POINT('',(95.301346765218,10.116768331947,
    -114.0874034016));
#1561 = PCURVE('',#406,#1562);
#1562 = DEFINITIONAL_REPRESENTATION('',(#1563),#1573);
#1563 = ( BOUNDED_CURVE() B_SPLINE_CURVE(8,(#1564,#1565,#1566,#1567,
    #1568,#1569,#1570,#1571,#1572),.UNSPECIFIED.,.F.,.F.) 
B_SPLINE_CURVE_WITH_KNOTS((9,9),(8.507251221652E-17,1.483444753801),
.PIECEWISE_BEZIER_KNOTS.) CURVE() GEOMETRIC_REPRESENTATION_ITEM() 
RATIONAL_B_SPLINE_CURVE((1.,1.,1.,1.,1.,1.,1.,1.,1.)) 
REPRESENTATION_ITEM('') );
#1564 = CARTESIAN_POINT('',(28.64849846217,-1.359371072609E+04));
#1565 = CARTESIAN_POINT('',(28.694432252286,-1.359423523755E+04));
#1566 = CARTESIAN_POINT('',(28.450943830906,-1.359478521782E+04));
#1567 = CARTESIAN_POINT('',(28.074736519094,-1.35956176467E+04));
#1568 = CARTESIAN_POINT('',(27.881722622537,-1.35968215382E+04));
#1569 = CARTESIAN_POINT('',(28.194557669847,-1.359819360496E+04));
#1570 = CARTESIAN_POINT('',(29.059597569545,-1.359934733534E+04));
#1571 = CARTESIAN_POINT('',(30.268349172416,-1.359998169172E+04));
#1572 = CARTESIAN_POINT('',(31.477111846911,-1.359998169172E+04));
#1573 = ( GEOMETRIC_REPRESENTATION_CONTEXT(2) 
PARAMETRIC_REPRESENTATION_CONTEXT() REPRESENTATION_CONTEXT('2D SPACE',''
  ) );
#1574 = PCURVE('',#460,#1575);
#1575 = DEFINITIONAL_REPRESENTATION('',(#1576),#1580);
#1576 = LINE('',#1577,#1578);
#1577 = CARTESIAN_POINT('',(0.,0.));
#1578 = VECTOR('',#1579,1.);
#1579 = DIRECTION('',(0.,1.));
#1580 = ( GEOMETRIC_REPRESENTATION_CONTEXT(2) 
PARAMETRIC_REPRESENTATION_CONTEXT() REPRESENTATION_CONTEXT('2D SPACE',''
  ) );
#1581 = ORIENTED_EDGE('',*,*,#1582,.T.);
#1582 = EDGE_CURVE('',#1548,#1583,#1585,.T.);
#1583 = VERTEX_POINT('',#1584);
#1584 = CARTESIAN_POINT('',(119.41273194905,9.048887349096,
    -114.0874034016));
#1585 = SURFACE_CURVE('',#1586,(#1589,#1595),.PCURVE_S1.);
#1586 = B_SPLINE_CURVE_WITH_KNOTS('',1,(#1587,#1588),.UNSPECIFIED.,.F.,
  .F.,(2,2),(-3.091272777704,76.067116789924),.PIECEWISE_BEZIER_KNOTS.);
#1587 = CARTESIAN_POINT('',(78.96978512165,10.840084888273,
    -114.0874034016));
#1588 = CARTESIAN_POINT('',(186.58386461426,6.073912057429,
    -114.0874034016));
#1589 = PCURVE('',#406,#1590);
#1590 = DEFINITIONAL_REPRESENTATION('',(#1591),#1594);
#1591 = B_SPLINE_CURVE_WITH_KNOTS('',1,(#1592,#1593),.UNSPECIFIED.,.F.,
  .F.,(2,2),(-3.091272777704,76.067116789924),.PIECEWISE_BEZIER_KNOTS.);
#1592 = CARTESIAN_POINT('',(15.129540389403,-1.359998169172E+04));
#1593 = CARTESIAN_POINT('',(122.84911385911,-1.359998169172E+04));
#1594 = ( GEOMETRIC_REPRESENTATION_CONTEXT(2) 
PARAMETRIC_REPRESENTATION_CONTEXT() REPRESENTATION_CONTEXT('2D SPACE',''
  ) );
#1595 = PCURVE('',#546,#1596);
#1596 = DEFINITIONAL_REPRESENTATION('',(#1597),#1601);
#1597 = LINE('',#1598,#1599);
#1598 = CARTESIAN_POINT('',(79.158389567628,0.));
#1599 = VECTOR('',#1600,1.);
#1600 = DIRECTION('',(0.,1.));
#1601 = ( GEOMETRIC_REPRESENTATION_CONTEXT(2) 
PARAMETRIC_REPRESENTATION_CONTEXT() REPRESENTATION_CONTEXT('2D SPACE',''
  ) );
#1602 = ORIENTED_EDGE('',*,*,#1603,.F.);
#1603 = EDGE_CURVE('',#1414,#1583,#1604,.T.);
#1604 = SURFACE_CURVE('',#1605,(#1609,#1616),.PCURVE_S1.);
#1605 = LINE('',#1606,#1607);
#1606 = CARTESIAN_POINT('',(-373.3537174028,30.873262690369,
    -128.9465448441));
#1607 = VECTOR('',#1608,1.);
#1608 = DIRECTION('',(0.998567655899,-4.422605344713E-02,
    3.011133988191E-02));
#1609 = PCURVE('',#406,#1610);
#1610 = DEFINITIONAL_REPRESENTATION('',(#1611),#1615);
#1611 = LINE('',#1612,#1613);
#1612 = CARTESIAN_POINT('',(-437.6373744231,-1.358512255028E+04));
#1613 = VECTOR('',#1614,1.);
#1614 = DIRECTION('',(0.999546550797,-3.011133988191E-02));
#1615 = ( GEOMETRIC_REPRESENTATION_CONTEXT(2) 
PARAMETRIC_REPRESENTATION_CONTEXT() REPRESENTATION_CONTEXT('2D SPACE',''
  ) );
#1616 = PCURVE('',#1452,#1617);
#1617 = DEFINITIONAL_REPRESENTATION('',(#1618),#1622);
#1618 = LINE('',#1619,#1620);
#1619 = CARTESIAN_POINT('',(-572.6550377888,-1.357723246787E+04));
#1620 = VECTOR('',#1621,1.);
#1621 = DIRECTION('',(0.999021549415,-4.422605344713E-02));
#1622 = ( GEOMETRIC_REPRESENTATION_CONTEXT(2) 
PARAMETRIC_REPRESENTATION_CONTEXT() REPRESENTATION_CONTEXT('2D SPACE',''
  ) );
#1623 = ORIENTED_EDGE('',*,*,#1413,.T.);
#1624 = ORIENTED_EDGE('',*,*,#390,.T.);
#1625 = ADVANCED_FACE('',(#1626),#1071,.T.);
#1626 = FACE_BOUND('',#1627,.T.);
#1627 = EDGE_LOOP('',(#1628,#1629,#1630,#1663,#1707));
#1628 = ORIENTED_EDGE('',*,*,#1490,.F.);
#1629 = ORIENTED_EDGE('',*,*,#1021,.T.);
#1630 = ORIENTED_EDGE('',*,*,#1631,.T.);
#1631 = EDGE_CURVE('',#989,#1632,#1634,.T.);
#1632 = VERTEX_POINT('',#1633);
#1633 = CARTESIAN_POINT('',(174.27615216163,0.214528337754,
    -104.2351351642));
#1634 = SURFACE_CURVE('',#1635,(#1644,#1651),.PCURVE_S1.);
#1635 = B_SPLINE_CURVE_WITH_KNOTS('',3,(#1636,#1637,#1638,#1639,#1640,
    #1641,#1642,#1643),.UNSPECIFIED.,.F.,.F.,(4,2,2,4),(-3.100030253713,
    0.,72.975844012219,76.067116789924),.UNSPECIFIED.);
#1636 = CARTESIAN_POINT('',(78.668868714096,4.315118106261,
    -104.2351351642));
#1637 = CARTESIAN_POINT('',(80.07367623134,4.252899896034,
    -104.2351351642));
#1638 = CARTESIAN_POINT('',(81.478483748584,4.190681685807,
    -104.2351351642));
#1639 = CARTESIAN_POINT('',(115.95297312548,2.663824090591,
    -104.2351351642));
#1640 = CARTESIAN_POINT('',(149.02867606646,1.335133012027,
    -104.2351351642));
#1641 = CARTESIAN_POINT('',(183.49919691172,-0.191548818941,
    -104.2351351642));
#1642 = CARTESIAN_POINT('',(184.90003589733,-0.253591264922,
    -104.2351351642));
#1643 = CARTESIAN_POINT('',(186.30087488294,-0.315633710903,
    -104.2351351642));
#1644 = PCURVE('',#1071,#1645);
#1645 = DEFINITIONAL_REPRESENTATION('',(#1646),#1650);
#1646 = LINE('',#1647,#1648);
#1647 = CARTESIAN_POINT('',(79.167147043637,0.));
#1648 = VECTOR('',#1649,1.);
#1649 = DIRECTION('',(0.,1.));
#1650 = ( GEOMETRIC_REPRESENTATION_CONTEXT(2) 
PARAMETRIC_REPRESENTATION_CONTEXT() REPRESENTATION_CONTEXT('2D SPACE',''
  ) );
#1651 = PCURVE('',#1005,#1652);
#1652 = DEFINITIONAL_REPRESENTATION('',(#1653),#1662);
#1653 = B_SPLINE_CURVE_WITH_KNOTS('',3,(#1654,#1655,#1656,#1657,#1658,
    #1659,#1660,#1661),.UNSPECIFIED.,.F.,.F.,(4,2,2,4),(-3.100030253713,
    0.,72.975844012219,76.067116789924),.UNSPECIFIED.);
#1654 = CARTESIAN_POINT('',(103.71247894334,-1.360379061245E+04));
#1655 = CARTESIAN_POINT('',(102.3076714261,-1.360385283066E+04));
#1656 = CARTESIAN_POINT('',(100.90286390885,-1.360391504887E+04));
#1657 = CARTESIAN_POINT('',(66.428374531958,-1.360544190647E+04));
#1658 = CARTESIAN_POINT('',(33.352671590979,-1.360677059755E+04));
#1659 = CARTESIAN_POINT('',(-1.117849254284,-1.360829727938E+04));
#1660 = CARTESIAN_POINT('',(-2.518688239894,-1.360835932182E+04));
#1661 = CARTESIAN_POINT('',(-3.919527225504,-1.360842136427E+04));
#1662 = ( GEOMETRIC_REPRESENTATION_CONTEXT(2) 
PARAMETRIC_REPRESENTATION_CONTEXT() REPRESENTATION_CONTEXT('2D SPACE',''
  ) );
#1663 = ORIENTED_EDGE('',*,*,#1664,.F.);
#1664 = EDGE_CURVE('',#1665,#1632,#1667,.T.);
#1665 = VERTEX_POINT('',#1666);
#1666 = CARTESIAN_POINT('',(174.54949442834,6.386246708577,
    -99.50194897402));
#1667 = SURFACE_CURVE('',#1668,(#1672,#1678),.PCURVE_S1.);
#1668 = ( BOUNDED_CURVE() B_SPLINE_CURVE(2,(#1669,#1670,#1671),
.UNSPECIFIED.,.F.,.F.) B_SPLINE_CURVE_WITH_KNOTS((3,3),(0.,
1.483444753801),.PIECEWISE_BEZIER_KNOTS.) CURVE() 
GEOMETRIC_REPRESENTATION_ITEM() RATIONAL_B_SPLINE_CURVE((1.,
0.707106781187,1.)) REPRESENTATION_ITEM('') );
#1669 = CARTESIAN_POINT('',(174.55924828034,6.606476197196,
    -97.83692128454));
#1670 = CARTESIAN_POINT('',(174.55924828034,6.606476197196,
    -104.2351351642));
#1671 = CARTESIAN_POINT('',(174.27615216163,0.214528337754,
    -104.2351351642));
#1672 = PCURVE('',#1071,#1673);
#1673 = DEFINITIONAL_REPRESENTATION('',(#1674),#1677);
#1674 = B_SPLINE_CURVE_WITH_KNOTS('',1,(#1675,#1676),.UNSPECIFIED.,.F.,
  .F.,(2,2),(0.,1.483444753801),.PIECEWISE_BEZIER_KNOTS.);
#1675 = CARTESIAN_POINT('',(0.,67.222091411744));
#1676 = CARTESIAN_POINT('',(79.167147043637,67.222091411744));
#1677 = ( GEOMETRIC_REPRESENTATION_CONTEXT(2) 
PARAMETRIC_REPRESENTATION_CONTEXT() REPRESENTATION_CONTEXT('2D SPACE',''
  ) );
#1678 = PCURVE('',#1679,#1701);
#1679 = ( BOUNDED_SURFACE() B_SPLINE_SURFACE(2,6,(
    (#1680,#1681,#1682,#1683,#1684,#1685,#1686)
    ,(#1687,#1688,#1689,#1690,#1691,#1692,#1693)
    ,(#1694,#1695,#1696,#1697,#1698,#1699,#1700
)),.UNSPECIFIED.,.F.,.F.,.F.) B_SPLINE_SURFACE_WITH_KNOTS((3,3),(7,7),(
    0.,1.483444753801),(0.,1.483444753801),.PIECEWISE_BEZIER_KNOTS.) 
GEOMETRIC_REPRESENTATION_ITEM() RATIONAL_B_SPLINE_SURFACE((
    (1.,1.,1.,1.,1.,1.,1.)
    ,(0.722522576461,0.72219285228,0.720745342406,0.718213826641
      ,0.714820700767,0.710976299711,0.707106781187)
,(1.,1.,1.,1.,1.,1.,1.))) REPRESENTATION_ITEM('') SURFACE() );
#1680 = CARTESIAN_POINT('',(177.01697337825,6.497624803005,
    -95.60497077278));
#1681 = CARTESIAN_POINT('',(176.963758787,6.499981650178,-96.21321635184
    ));
#1682 = CARTESIAN_POINT('',(176.72606823211,6.510508843926,
    -96.80527860896));
#1683 = CARTESIAN_POINT('',(176.31158952001,6.528865895214,
    -97.30969740841));
#1684 = CARTESIAN_POINT('',(175.76817161483,6.552933597765,
    -97.66190555288));
#1685 = CARTESIAN_POINT('',(175.16375165664,6.579703050207,
    -97.83692128454));
#1686 = CARTESIAN_POINT('',(174.55924828034,6.606476197196,
    -97.83692128454));
#1687 = CARTESIAN_POINT('',(183.08981486168,6.228661743331,
    -96.1373177281));
#1688 = CARTESIAN_POINT('',(182.91082787913,6.236588985726,
    -98.24996170739));
#1689 = CARTESIAN_POINT('',(182.12316782154,6.271474048946,
    -100.3188249433));
#1690 = CARTESIAN_POINT('',(180.73808160977,6.332818812587,
    -102.1269115003));
#1691 = CARTESIAN_POINT('',(178.86908648537,6.415595655774,
    -103.4551838414));
#1692 = CARTESIAN_POINT('',(176.73221075164,6.510236794861,
    -104.1654900659));
#1693 = CARTESIAN_POINT('',(174.55924828034,6.606476197196,
    -104.2351351642));
#1694 = CARTESIAN_POINT('',(183.08776197049,0.126647052524,
    -96.16078238251));
#1695 = CARTESIAN_POINT('',(182.89726061009,0.129001239242,
    -98.33822295934));
#1696 = CARTESIAN_POINT('',(182.06115257564,0.135314874109,
    -100.4591505749));
#1697 = CARTESIAN_POINT('',(180.59959913254,0.147342387326,
    -102.285987399));
#1698 = CARTESIAN_POINT('',(178.65211649671,0.165114457034,
    -103.5858425333));
#1699 = CARTESIAN_POINT('',(176.46410417929,0.187719921592,
    -104.2351351642));
#1700 = CARTESIAN_POINT('',(174.27615216163,0.214528337754,
    -104.2351351642));
#1701 = DEFINITIONAL_REPRESENTATION('',(#1702),#1706);
#1702 = LINE('',#1703,#1704);
#1703 = CARTESIAN_POINT('',(0.,1.483444753801));
#1704 = VECTOR('',#1705,1.);
#1705 = DIRECTION('',(1.,0.));
#1706 = ( GEOMETRIC_REPRESENTATION_CONTEXT(2) 
PARAMETRIC_REPRESENTATION_CONTEXT() REPRESENTATION_CONTEXT('2D SPACE',''
  ) );
#1707 = ORIENTED_EDGE('',*,*,#1708,.F.);
#1708 = EDGE_CURVE('',#1491,#1665,#1709,.T.);
#1709 = SURFACE_CURVE('',#1710,(#1721,#1735),.PCURVE_S1.);
#1710 = B_SPLINE_CURVE_WITH_KNOTS('',5,(#1711,#1712,#1713,#1714,#1715,
    #1716,#1717,#1718,#1719,#1720),.UNSPECIFIED.,.F.,.F.,(6,4,6),(0.,
    0.497757129174,1.),.UNSPECIFIED.);
#1711 = CARTESIAN_POINT('',(116.05881842701,9.197430472642,
    -97.73819003931));
#1712 = CARTESIAN_POINT('',(121.94389077942,8.936783612222,
    -97.91565163922));
#1713 = CARTESIAN_POINT('',(127.83179388622,8.670657755262,
    -98.0931985992));
#1714 = CARTESIAN_POINT('',(133.71191149767,8.399624262627,
    -98.27051079122));
#1715 = CARTESIAN_POINT('',(139.57528464358,8.124011302979,
    -98.44731806172));
#1716 = CARTESIAN_POINT('',(151.30596549658,7.561360369584,
    -98.80105124757));
#1717 = CARTESIAN_POINT('',(157.17275559396,7.274245521335,
    -98.97796155464));
#1718 = CARTESIAN_POINT('',(163.00679856738,6.982739988075,
    -99.15388438753));
#1719 = CARTESIAN_POINT('',(168.80113425027,6.686798162981,
    -99.32860986568));
#1720 = CARTESIAN_POINT('',(174.54949442834,6.386246708577,
    -99.50194897402));
#1721 = PCURVE('',#1071,#1722);
#1722 = DEFINITIONAL_REPRESENTATION('',(#1723),#1734);
#1723 = B_SPLINE_CURVE_WITH_KNOTS('',5,(#1724,#1725,#1726,#1727,#1728,
    #1729,#1730,#1731,#1732,#1733),.UNSPECIFIED.,.F.,.F.,(6,4,6),(0.,
    0.497757129174,1.),.UNSPECIFIED.);
#1724 = CARTESIAN_POINT('',(0.,24.190549089052));
#1725 = CARTESIAN_POINT('',(1.436582228278,28.519470101087));
#1726 = CARTESIAN_POINT('',(2.850268058302,32.85064742013));
#1727 = CARTESIAN_POINT('',(4.249539390569,37.176268692621));
#1728 = CARTESIAN_POINT('',(5.640978440683,41.489746141633));
#1729 = CARTESIAN_POINT('',(8.430929035877,50.119961023447));
#1730 = CARTESIAN_POINT('',(9.829372506735,54.436320959627));
#1731 = CARTESIAN_POINT('',(11.230257646667,58.728782799106));
#1732 = CARTESIAN_POINT('',(12.637163064269,62.992238312712));
#1733 = CARTESIAN_POINT('',(14.0524681328,67.222091411744));
#1734 = ( GEOMETRIC_REPRESENTATION_CONTEXT(2) 
PARAMETRIC_REPRESENTATION_CONTEXT() REPRESENTATION_CONTEXT('2D SPACE',''
  ) );
#1735 = PCURVE('',#1375,#1736);
#1736 = DEFINITIONAL_REPRESENTATION('',(#1737),#1748);
#1737 = B_SPLINE_CURVE_WITH_KNOTS('',5,(#1738,#1739,#1740,#1741,#1742,
    #1743,#1744,#1745,#1746,#1747),.UNSPECIFIED.,.F.,.F.,(6,4,6),(0.,
    0.497757129174,1.),.UNSPECIFIED.);
#1738 = CARTESIAN_POINT('',(83.020042142851,-1.359890830009E+04));
#1739 = CARTESIAN_POINT('',(77.132294762687,-1.359916894695E+04));
#1740 = CARTESIAN_POINT('',(71.241715341439,-1.35994350728E+04));
#1741 = CARTESIAN_POINT('',(65.358924954399,-1.35997061063E+04));
#1742 = CARTESIAN_POINT('',(59.492886643994,-1.359998171926E+04));
#1743 = CARTESIAN_POINT('',(47.756873673577,-1.360054437019E+04));
#1744 = CARTESIAN_POINT('',(41.887416858551,-1.360083148504E+04));
#1745 = CARTESIAN_POINT('',(36.050722052517,-1.360112299057E+04));
#1746 = CARTESIAN_POINT('',(30.253752585736,-1.36014189324E+04));
#1747 = CARTESIAN_POINT('',(24.502779521703,-1.360171948385E+04));
#1748 = ( GEOMETRIC_REPRESENTATION_CONTEXT(2) 
PARAMETRIC_REPRESENTATION_CONTEXT() REPRESENTATION_CONTEXT('2D SPACE',''
  ) );
#1749 = ADVANCED_FACE('',(#1750),#460,.F.);
#1750 = FACE_BOUND('',#1751,.F.);
#1751 = EDGE_LOOP('',(#1752,#1753,#1754));
#1752 = ORIENTED_EDGE('',*,*,#1547,.F.);
#1753 = ORIENTED_EDGE('',*,*,#418,.T.);
#1754 = ORIENTED_EDGE('',*,*,#1755,.F.);
#1755 = EDGE_CURVE('',#1548,#419,#1756,.T.);
#1756 = SURFACE_CURVE('',#1757,(#1761,#1768),.PCURVE_S1.);
#1757 = ( BOUNDED_CURVE() B_SPLINE_CURVE(2,(#1758,#1759,#1760),
.UNSPECIFIED.,.F.,.F.) B_SPLINE_CURVE_WITH_KNOTS((3,3),(0.,
1.483444753801),.PIECEWISE_BEZIER_KNOTS.) CURVE() 
GEOMETRIC_REPRESENTATION_ITEM() RATIONAL_B_SPLINE_CURVE((1.,
0.707106781187,1.)) REPRESENTATION_ITEM('') );
#1758 = CARTESIAN_POINT('',(95.301346765218,10.116768331947,
    -114.0874034016));
#1759 = CARTESIAN_POINT('',(95.301346765218,10.116768331947,
    -107.6915939678));
#1760 = CARTESIAN_POINT('',(95.018357033893,3.727222563618,
    -107.6915939678));
#1761 = PCURVE('',#460,#1762);
#1762 = DEFINITIONAL_REPRESENTATION('',(#1763),#1767);
#1763 = LINE('',#1764,#1765);
#1764 = CARTESIAN_POINT('',(0.,1.483444753801));
#1765 = VECTOR('',#1766,1.);
#1766 = DIRECTION('',(1.,0.));
#1767 = ( GEOMETRIC_REPRESENTATION_CONTEXT(2) 
PARAMETRIC_REPRESENTATION_CONTEXT() REPRESENTATION_CONTEXT('2D SPACE',''
  ) );
#1768 = PCURVE('',#546,#1769);
#1769 = DEFINITIONAL_REPRESENTATION('',(#1770),#1773);
#1770 = B_SPLINE_CURVE_WITH_KNOTS('',1,(#1771,#1772),.UNSPECIFIED.,.F.,
  .F.,(2,2),(0.,1.483444753801),.PIECEWISE_BEZIER_KNOTS.);
#1771 = CARTESIAN_POINT('',(79.158389567628,8.921840422023));
#1772 = CARTESIAN_POINT('',(0.,8.921840422023));
#1773 = ( GEOMETRIC_REPRESENTATION_CONTEXT(2) 
PARAMETRIC_REPRESENTATION_CONTEXT() REPRESENTATION_CONTEXT('2D SPACE',''
  ) );
#1774 = ADVANCED_FACE('',(#1775),#1005,.F.);
#1775 = FACE_BOUND('',#1776,.F.);
#1776 = EDGE_LOOP('',(#1777,#1778,#1806,#1825));
#1777 = ORIENTED_EDGE('',*,*,#1631,.T.);
#1778 = ORIENTED_EDGE('',*,*,#1779,.T.);
#1779 = EDGE_CURVE('',#1632,#1780,#1782,.T.);
#1780 = VERTEX_POINT('',#1781);
#1781 = CARTESIAN_POINT('',(174.27615216163,-0.216935140713,
    -104.2351351642));
#1782 = SURFACE_CURVE('',#1783,(#1787,#1794),.PCURVE_S1.);
#1783 = LINE('',#1784,#1785);
#1784 = CARTESIAN_POINT('',(174.27615216163,6.260039395365,
    -104.2351351642));
#1785 = VECTOR('',#1786,1.);
#1786 = DIRECTION('',(-1.110223024625E-16,-1.,0.));
#1787 = PCURVE('',#1005,#1788);
#1788 = DEFINITIONAL_REPRESENTATION('',(#1789),#1793);
#1789 = LINE('',#1790,#1791);
#1790 = CARTESIAN_POINT('',(8.105195495809,-1.360184569116E+04));
#1791 = VECTOR('',#1792,1.);
#1792 = DIRECTION('',(0.,-1.));
#1793 = ( GEOMETRIC_REPRESENTATION_CONTEXT(2) 
PARAMETRIC_REPRESENTATION_CONTEXT() REPRESENTATION_CONTEXT('2D SPACE',''
  ) );
#1794 = PCURVE('',#1795,#1800);
#1795 = CYLINDRICAL_SURFACE('',#1796,8.845268724864);
#1796 = AXIS2_PLACEMENT_3D('',#1797,#1798,#1799);
#1797 = CARTESIAN_POINT('',(174.27615216163,6.260039395365,
    -95.38986643936));
#1798 = DIRECTION('',(-1.110223024625E-16,-1.,0.));
#1799 = DIRECTION('',(0.996194698313,-1.105998291077E-16,
    -8.715574021868E-02));
#1800 = DEFINITIONAL_REPRESENTATION('',(#1801),#1805);
#1801 = LINE('',#1802,#1803);
#1802 = CARTESIAN_POINT('',(-1.483529866734,0.));
#1803 = VECTOR('',#1804,1.);
#1804 = DIRECTION('',(-0.,1.));
#1805 = ( GEOMETRIC_REPRESENTATION_CONTEXT(2) 
PARAMETRIC_REPRESENTATION_CONTEXT() REPRESENTATION_CONTEXT('2D SPACE',''
  ) );
#1806 = ORIENTED_EDGE('',*,*,#1807,.F.);
#1807 = EDGE_CURVE('',#908,#1780,#1808,.T.);
#1808 = SURFACE_CURVE('',#1809,(#1812,#1818),.PCURVE_S1.);
#1809 = B_SPLINE_CURVE_WITH_KNOTS('',1,(#1810,#1811),.UNSPECIFIED.,.F.,
  .F.,(2,2),(-3.091272777704,76.067116789924),.PIECEWISE_BEZIER_KNOTS.);
#1810 = CARTESIAN_POINT('',(78.686795390325,-4.450539119945,
    -104.2351351642));
#1811 = CARTESIAN_POINT('',(186.30087488294,0.3156337109,-104.2351351642
    ));
#1812 = PCURVE('',#1005,#1813);
#1813 = DEFINITIONAL_REPRESENTATION('',(#1814),#1817);
#1814 = B_SPLINE_CURVE_WITH_KNOTS('',1,(#1815,#1816),.UNSPECIFIED.,.F.,
  .F.,(2,2),(-3.091272777704,76.067116789924),.PIECEWISE_BEZIER_KNOTS.);
#1815 = CARTESIAN_POINT('',(103.69455226711,-1.361255626968E+04));
#1816 = CARTESIAN_POINT('',(-3.919527225504,-1.360779009685E+04));
#1817 = ( GEOMETRIC_REPRESENTATION_CONTEXT(2) 
PARAMETRIC_REPRESENTATION_CONTEXT() REPRESENTATION_CONTEXT('2D SPACE',''
  ) );
#1818 = PCURVE('',#957,#1819);
#1819 = DEFINITIONAL_REPRESENTATION('',(#1820),#1824);
#1820 = LINE('',#1821,#1822);
#1821 = CARTESIAN_POINT('',(0.,0.));
#1822 = VECTOR('',#1823,1.);
#1823 = DIRECTION('',(0.,1.));
#1824 = ( GEOMETRIC_REPRESENTATION_CONTEXT(2) 
PARAMETRIC_REPRESENTATION_CONTEXT() REPRESENTATION_CONTEXT('2D SPACE',''
  ) );
#1825 = ORIENTED_EDGE('',*,*,#988,.T.);
#1826 = ADVANCED_FACE('',(#1827),#546,.T.);
#1827 = FACE_BOUND('',#1828,.T.);
#1828 = EDGE_LOOP('',(#1829,#1830,#1831,#1869,#1916,#1935));
#1829 = ORIENTED_EDGE('',*,*,#1755,.F.);
#1830 = ORIENTED_EDGE('',*,*,#1582,.T.);
#1831 = ORIENTED_EDGE('',*,*,#1832,.T.);
#1832 = EDGE_CURVE('',#1583,#1833,#1835,.T.);
#1833 = VERTEX_POINT('',#1834);
#1834 = CARTESIAN_POINT('',(170.80984805641,6.581724240229,
    -112.5375474425));
#1835 = SURFACE_CURVE('',#1836,(#1845,#1857),.PCURVE_S1.);
#1836 = B_SPLINE_CURVE_WITH_KNOTS('',4,(#1837,#1838,#1839,#1840,#1841,
    #1842,#1843,#1844),.UNSPECIFIED.,.F.,.F.,(5,3,5),(0.,0.49747932826,
    1.),.UNSPECIFIED.);
#1837 = CARTESIAN_POINT('',(119.41273194905,9.048887349096,
    -114.0874034016));
#1838 = CARTESIAN_POINT('',(125.84352334879,8.7640708697,-113.8934858995
    ));
#1839 = CARTESIAN_POINT('',(132.27130074655,8.471540580783,
    -113.6996592832));
#1840 = CARTESIAN_POINT('',(138.68842662802,8.171653105885,
    -113.5061538583));
#1841 = CARTESIAN_POINT('',(151.55248062821,7.554559167218,
    -113.1182443362));
#1842 = CARTESIAN_POINT('',(157.99901445418,7.23720900678,
    -112.9238521285));
#1843 = CARTESIAN_POINT('',(164.42054281002,6.912872396899,
    -112.7302139492));
#1844 = CARTESIAN_POINT('',(170.80984805641,6.581724240229,
    -112.5375474425));
#1845 = PCURVE('',#546,#1846);
#1846 = DEFINITIONAL_REPRESENTATION('',(#1847),#1856);
#1847 = B_SPLINE_CURVE_WITH_KNOTS('',4,(#1848,#1849,#1850,#1851,#1852,
    #1853,#1854,#1855),.UNSPECIFIED.,.F.,.F.,(5,3,5),(0.,0.49747932826,
    1.),.UNSPECIFIED.);
#1848 = CARTESIAN_POINT('',(79.158389567628,26.657609109501));
#1849 = CARTESIAN_POINT('',(77.461305151861,31.387948236584));
#1850 = CARTESIAN_POINT('',(75.793424288222,36.116325485807));
#1851 = CARTESIAN_POINT('',(74.149448864627,40.837122283989));
#1852 = CARTESIAN_POINT('',(70.883298513546,50.301157908178));
#1853 = CARTESIAN_POINT('',(69.261503198658,55.044111941733));
#1854 = CARTESIAN_POINT('',(67.654304936486,59.768935709013));
#1855 = CARTESIAN_POINT('',(66.056980170071,64.470324790945));
#1856 = ( GEOMETRIC_REPRESENTATION_CONTEXT(2) 
PARAMETRIC_REPRESENTATION_CONTEXT() REPRESENTATION_CONTEXT('2D SPACE',''
  ) );
#1857 = PCURVE('',#1452,#1858);
#1858 = DEFINITIONAL_REPRESENTATION('',(#1859),#1868);
#1859 = B_SPLINE_CURVE_WITH_KNOTS('',4,(#1860,#1861,#1862,#1863,#1864,
    #1865,#1866,#1867),.UNSPECIFIED.,.F.,.F.,(5,3,5),(0.,0.49747932826,
    1.),.UNSPECIFIED.);
#1860 = CARTESIAN_POINT('',(-79.66460411759,-1.359905684321E+04));
#1861 = CARTESIAN_POINT('',(-73.23088963647,-1.359934165969E+04));
#1862 = CARTESIAN_POINT('',(-66.80019052732,-1.359963418998E+04));
#1863 = CARTESIAN_POINT('',(-60.38014777605,-1.359993407745E+04));
#1864 = CARTESIAN_POINT('',(-47.51024648983,-1.360055117139E+04));
#1865 = CARTESIAN_POINT('',(-41.06078242684,-1.360086852155E+04));
#1866 = CARTESIAN_POINT('',(-34.63633520009,-1.360119285816E+04));
#1867 = CARTESIAN_POINT('',(-28.24412572962,-1.360152400632E+04));
#1868 = ( GEOMETRIC_REPRESENTATION_CONTEXT(2) 
PARAMETRIC_REPRESENTATION_CONTEXT() REPRESENTATION_CONTEXT('2D SPACE',''
  ) );
#1869 = ORIENTED_EDGE('',*,*,#1870,.T.);
#1870 = EDGE_CURVE('',#1833,#1871,#1873,.T.);
#1871 = VERTEX_POINT('',#1872);
#1872 = CARTESIAN_POINT('',(170.53529270202,0.382615902974,
    -107.6915939678));
#1873 = SURFACE_CURVE('',#1874,(#1878,#1884),.PCURVE_S1.);
#1874 = ( BOUNDED_CURVE() B_SPLINE_CURVE(2,(#1875,#1876,#1877),
.UNSPECIFIED.,.F.,.F.) B_SPLINE_CURVE_WITH_KNOTS((3,3),(0.,
1.483444753801),.PIECEWISE_BEZIER_KNOTS.) CURVE() 
GEOMETRIC_REPRESENTATION_ITEM() RATIONAL_B_SPLINE_CURVE((1.,
0.707106781187,1.)) REPRESENTATION_ITEM('') );
#1875 = CARTESIAN_POINT('',(170.81828243335,6.772161671303,
    -114.0874034016));
#1876 = CARTESIAN_POINT('',(170.81828243335,6.772161671303,
    -107.6915939678));
#1877 = CARTESIAN_POINT('',(170.53529270202,0.382615902974,
    -107.6915939678));
#1878 = PCURVE('',#546,#1879);
#1879 = DEFINITIONAL_REPRESENTATION('',(#1880),#1883);
#1880 = B_SPLINE_CURVE_WITH_KNOTS('',1,(#1881,#1882),.UNSPECIFIED.,.F.,
  .F.,(2,2),(0.,1.483444753801),.PIECEWISE_BEZIER_KNOTS.);
#1881 = CARTESIAN_POINT('',(79.158389567628,64.470324790945));
#1882 = CARTESIAN_POINT('',(0.,64.470324790945));
#1883 = ( GEOMETRIC_REPRESENTATION_CONTEXT(2) 
PARAMETRIC_REPRESENTATION_CONTEXT() REPRESENTATION_CONTEXT('2D SPACE',''
  ) );
#1884 = PCURVE('',#1885,#1910);
#1885 = ( BOUNDED_SURFACE() B_SPLINE_SURFACE(2,7,(
    (#1886,#1887,#1888,#1889,#1890,#1891,#1892,#1893)
    ,(#1894,#1895,#1896,#1897,#1898,#1899,#1900,#1901)
    ,(#1902,#1903,#1904,#1905,#1906,#1907,#1908,#1909
)),.UNSPECIFIED.,.F.,.F.,.F.) B_SPLINE_SURFACE_WITH_KNOTS((3,3),(8,8),(
    0.,1.483444753801),(2.241522952521E-16,1.483444753801),
.PIECEWISE_BEZIER_KNOTS.) GEOMETRIC_REPRESENTATION_ITEM() 
RATIONAL_B_SPLINE_SURFACE((
    (1.,1.,1.,1.,1.,1.,1.,1.)
    ,(0.722522576461,0.72223986476,0.721158225256,0.719297069618
      ,0.716756945095,0.713719822418,0.710422119527,0.707106781187)
,(1.,1.,1.,1.,1.,1.,1.,1.))) REPRESENTATION_ITEM('') SURFACE() );
#1886 = CARTESIAN_POINT('',(177.39008895951,6.481099703741,
    -120.0440724706));
#1887 = CARTESIAN_POINT('',(177.26812390734,6.48650147385,
    -118.6500055044));
#1888 = CARTESIAN_POINT('',(176.79205956107,6.507586121543,
    -117.2870003318));
#1889 = CARTESIAN_POINT('',(175.97532065157,6.54375907232,
    -116.0655357708));
#1890 = CARTESIAN_POINT('',(174.87520675442,6.592482557129,
    -115.0874082799));
#1891 = CARTESIAN_POINT('',(173.58442889817,6.649650451684,
    -114.4193648861));
#1892 = CARTESIAN_POINT('',(172.20135257977,6.710906198171,
    -114.0874034016));
#1893 = CARTESIAN_POINT('',(170.81828243335,6.772161671303,
    -114.0874034016));
#1894 = CARTESIAN_POINT('',(183.41583631702,6.214222418944,
    -119.5158537993));
#1895 = CARTESIAN_POINT('',(183.18688384281,6.224362607545,
    -116.8420759034));
#1896 = CARTESIAN_POINT('',(182.30938701313,6.263226495694,
    -114.2170795433));
#1897 = CARTESIAN_POINT('',(180.79456587445,6.330317153244,
    -111.8298323398));
#1898 = CARTESIAN_POINT('',(178.72230089578,6.422096714861,
    -109.8678414059));
#1899 = CARTESIAN_POINT('',(176.24216473807,6.531940683489,
    -108.4809552024));
#1900 = CARTESIAN_POINT('',(173.54265597015,6.651500553414,
    -107.7512888215));
#1901 = CARTESIAN_POINT('',(170.81828243335,6.772161671303,
    -107.6915939678));
#1902 = CARTESIAN_POINT('',(183.41379934574,0.159528088623,
    -119.4925711103));
#1903 = CARTESIAN_POINT('',(183.1750724695,0.164925930698,-116.763910349
    ));
#1904 = CARTESIAN_POINT('',(182.26182149453,0.176274192154,
    -114.0941783092));
#1905 = CARTESIAN_POINT('',(180.69157709632,0.196866572893,
    -111.6830288384));
#1906 = CARTESIAN_POINT('',(178.55487261262,0.228071276595,
    -109.7242057639));
#1907 = CARTESIAN_POINT('',(176.01530668356,0.269714087743,
    -108.3690341704));
#1908 = CARTESIAN_POINT('',(173.2750933762,0.32130505694,-107.6915939678
    ));
#1909 = CARTESIAN_POINT('',(170.53529270202,0.382615902974,
    -107.6915939678));
#1910 = DEFINITIONAL_REPRESENTATION('',(#1911),#1915);
#1911 = LINE('',#1912,#1913);
#1912 = CARTESIAN_POINT('',(0.,1.483444753801));
#1913 = VECTOR('',#1914,1.);
#1914 = DIRECTION('',(1.,0.));
#1915 = ( GEOMETRIC_REPRESENTATION_CONTEXT(2) 
PARAMETRIC_REPRESENTATION_CONTEXT() REPRESENTATION_CONTEXT('2D SPACE',''
  ) );
#1916 = ORIENTED_EDGE('',*,*,#1917,.F.);
#1917 = EDGE_CURVE('',#509,#1871,#1918,.T.);
#1918 = SURFACE_CURVE('',#1919,(#1922,#1929),.PCURVE_S1.);
#1919 = B_SPLINE_CURVE_WITH_KNOTS('',1,(#1920,#1921),.UNSPECIFIED.,.F.,
  .F.,(2,2),(-3.091272777704,76.067116789924),.PIECEWISE_BEZIER_KNOTS.);
#1920 = CARTESIAN_POINT('',(78.686795390325,4.450539119945,
    -107.6915939678));
#1921 = CARTESIAN_POINT('',(186.30087488294,-0.3156337109,
    -107.6915939678));
#1922 = PCURVE('',#546,#1923);
#1923 = DEFINITIONAL_REPRESENTATION('',(#1924),#1928);
#1924 = LINE('',#1925,#1926);
#1925 = CARTESIAN_POINT('',(0.,0.));
#1926 = VECTOR('',#1927,1.);
#1927 = DIRECTION('',(0.,1.));
#1928 = ( GEOMETRIC_REPRESENTATION_CONTEXT(2) 
PARAMETRIC_REPRESENTATION_CONTEXT() REPRESENTATION_CONTEXT('2D SPACE',''
  ) );
#1929 = PCURVE('',#588,#1930);
#1930 = DEFINITIONAL_REPRESENTATION('',(#1931),#1934);
#1931 = B_SPLINE_CURVE_WITH_KNOTS('',1,(#1932,#1933),.UNSPECIFIED.,.F.,
  .F.,(2,2),(-3.091272777704,76.067116789924),.PIECEWISE_BEZIER_KNOTS.);
#1932 = CARTESIAN_POINT('',(103.69455226711,-1.361255626968E+04));
#1933 = CARTESIAN_POINT('',(-3.919527225504,-1.360779009685E+04));
#1934 = ( GEOMETRIC_REPRESENTATION_CONTEXT(2) 
PARAMETRIC_REPRESENTATION_CONTEXT() REPRESENTATION_CONTEXT('2D SPACE',''
  ) );
#1935 = ORIENTED_EDGE('',*,*,#508,.F.);
#1936 = ADVANCED_FACE('',(#1937),#957,.T.);
#1937 = FACE_BOUND('',#1938,.T.);
#1938 = EDGE_LOOP('',(#1939,#1960,#1998,#2040,#2041));
#1939 = ORIENTED_EDGE('',*,*,#1940,.T.);
#1940 = EDGE_CURVE('',#880,#1941,#1943,.T.);
#1941 = VERTEX_POINT('',#1942);
#1942 = CARTESIAN_POINT('',(119.41273194905,-9.048887349096,
    -97.83932573042));
#1943 = SURFACE_CURVE('',#1944,(#1947,#1954),.PCURVE_S1.);
#1944 = B_SPLINE_CURVE_WITH_KNOTS('',1,(#1945,#1946),.UNSPECIFIED.,.F.,
  .F.,(2,2),(-3.091272777704,76.067116789924),.PIECEWISE_BEZIER_KNOTS.);
#1945 = CARTESIAN_POINT('',(78.96978512165,-10.84008488827,
    -97.83932573042));
#1946 = CARTESIAN_POINT('',(186.58386461426,-6.073912057429,
    -97.83932573042));
#1947 = PCURVE('',#957,#1948);
#1948 = DEFINITIONAL_REPRESENTATION('',(#1949),#1953);
#1949 = LINE('',#1950,#1951);
#1950 = CARTESIAN_POINT('',(79.158389567628,0.));
#1951 = VECTOR('',#1952,1.);
#1952 = DIRECTION('',(0.,1.));
#1953 = ( GEOMETRIC_REPRESENTATION_CONTEXT(2) 
PARAMETRIC_REPRESENTATION_CONTEXT() REPRESENTATION_CONTEXT('2D SPACE',''
  ) );
#1954 = PCURVE('',#895,#1955);
#1955 = DEFINITIONAL_REPRESENTATION('',(#1956),#1959);
#1956 = B_SPLINE_CURVE_WITH_KNOTS('',1,(#1957,#1958),.UNSPECIFIED.,.F.,
  .F.,(2,2),(-3.091272777704,76.067116789924),.PIECEWISE_BEZIER_KNOTS.);
#1957 = CARTESIAN_POINT('',(15.129540389403,-1.359998169172E+04));
#1958 = CARTESIAN_POINT('',(122.84911385911,-1.359998169172E+04));
#1959 = ( GEOMETRIC_REPRESENTATION_CONTEXT(2) 
PARAMETRIC_REPRESENTATION_CONTEXT() REPRESENTATION_CONTEXT('2D SPACE',''
  ) );
#1960 = ORIENTED_EDGE('',*,*,#1961,.T.);
#1961 = EDGE_CURVE('',#1941,#1962,#1964,.T.);
#1962 = VERTEX_POINT('',#1963);
#1963 = CARTESIAN_POINT('',(174.54941293522,-6.386813501303,
    -99.50194651663));
#1964 = SURFACE_CURVE('',#1965,(#1974,#1986),.PCURVE_S1.);
#1965 = B_SPLINE_CURVE_WITH_KNOTS('',4,(#1966,#1967,#1968,#1969,#1970,
    #1971,#1972,#1973),.UNSPECIFIED.,.F.,.F.,(5,3,5),(0.,0.500456272683,
    1.),.UNSPECIFIED.);
#1966 = CARTESIAN_POINT('',(119.41273194905,-9.048887349096,
    -97.83932573042));
#1967 = CARTESIAN_POINT('',(126.35713275004,-8.74132337062,
    -98.04873088345));
#1968 = CARTESIAN_POINT('',(133.29839796495,-8.424747329495,
    -98.25804148435));
#1969 = CARTESIAN_POINT('',(140.22691114483,-8.099606396381,
    -98.46696755361));
#1970 = CARTESIAN_POINT('',(154.02858215279,-7.433418485077,
    -98.88315047742));
#1971 = CARTESIAN_POINT('',(160.90176504476,-7.092403014972,
    -99.09040808777));
#1972 = CARTESIAN_POINT('',(167.74500778996,-6.743468768275,
    -99.29676286701));
#1973 = CARTESIAN_POINT('',(174.54941293522,-6.386813501303,
    -99.50194651663));
#1974 = PCURVE('',#957,#1975);
#1975 = DEFINITIONAL_REPRESENTATION('',(#1976),#1985);
#1976 = B_SPLINE_CURVE_WITH_KNOTS('',4,(#1977,#1978,#1979,#1980,#1981,
    #1982,#1983,#1984),.UNSPECIFIED.,.F.,.F.,(5,3,5),(0.,0.500456272683,
    1.),.UNSPECIFIED.);
#1977 = CARTESIAN_POINT('',(79.158389567628,26.657609109501));
#1978 = CARTESIAN_POINT('',(77.32576374545,31.765747250076));
#1979 = CARTESIAN_POINT('',(75.527089718614,36.871876465559));
#1980 = CARTESIAN_POINT('',(73.755715390006,41.968922430583));
#1981 = CARTESIAN_POINT('',(70.258831050252,52.122893156052));
#1982 = CARTESIAN_POINT('',(68.533228987121,57.179835292329));
#1983 = CARTESIAN_POINT('',(66.822944794546,62.215054750451));
#1984 = CARTESIAN_POINT('',(65.122239640918,67.222013155676));
#1985 = ( GEOMETRIC_REPRESENTATION_CONTEXT(2) 
PARAMETRIC_REPRESENTATION_CONTEXT() REPRESENTATION_CONTEXT('2D SPACE',''
  ) );
#1986 = PCURVE('',#1375,#1987);
#1987 = DEFINITIONAL_REPRESENTATION('',(#1988),#1997);
#1988 = B_SPLINE_CURVE_WITH_KNOTS('',4,(#1989,#1990,#1991,#1992,#1993,
    #1994,#1995,#1996),.UNSPECIFIED.,.F.,.F.,(5,3,5),(0.,0.500456272683,
    1.),.UNSPECIFIED.);
#1989 = CARTESIAN_POINT('',(79.664604117595,-1.361715461791E+04));
#1990 = CARTESIAN_POINT('',(72.717046776847,-1.361684705393E+04));
#1991 = CARTESIAN_POINT('',(65.772626447447,-1.361653047789E+04));
#1992 = CARTESIAN_POINT('',(58.840963949454,-1.361620533696E+04));
#1993 = CARTESIAN_POINT('',(45.033019466719,-1.361553914905E+04));
#1994 = CARTESIAN_POINT('',(38.156712406712,-1.361519813357E+04));
#1995 = CARTESIAN_POINT('',(31.310359102613,-1.361484919933E+04));
#1996 = CARTESIAN_POINT('',(24.502861051862,-1.361449254406E+04));
#1997 = ( GEOMETRIC_REPRESENTATION_CONTEXT(2) 
PARAMETRIC_REPRESENTATION_CONTEXT() REPRESENTATION_CONTEXT('2D SPACE',''
  ) );
#1998 = ORIENTED_EDGE('',*,*,#1999,.T.);
#1999 = EDGE_CURVE('',#1962,#1780,#2000,.T.);
#2000 = SURFACE_CURVE('',#2001,(#2005,#2011),.PCURVE_S1.);
#2001 = ( BOUNDED_CURVE() B_SPLINE_CURVE(2,(#2002,#2003,#2004),
.UNSPECIFIED.,.F.,.F.) B_SPLINE_CURVE_WITH_KNOTS((3,3),(0.,
1.483444753801),.PIECEWISE_BEZIER_KNOTS.) CURVE() 
GEOMETRIC_REPRESENTATION_ITEM() RATIONAL_B_SPLINE_CURVE((1.,
0.707106781187,1.)) REPRESENTATION_ITEM('') );
#2002 = CARTESIAN_POINT('',(174.55914189295,-6.606480909042,
    -97.83932573042));
#2003 = CARTESIAN_POINT('',(174.55914189295,-6.606480909042,
    -104.2351351642));
#2004 = CARTESIAN_POINT('',(174.27615216163,-0.216935140713,
    -104.2351351642));
#2005 = PCURVE('',#957,#2006);
#2006 = DEFINITIONAL_REPRESENTATION('',(#2007),#2010);
#2007 = B_SPLINE_CURVE_WITH_KNOTS('',1,(#2008,#2009),.UNSPECIFIED.,.F.,
  .F.,(2,2),(0.,1.483444753801),.PIECEWISE_BEZIER_KNOTS.);
#2008 = CARTESIAN_POINT('',(79.158389567628,67.222013155676));
#2009 = CARTESIAN_POINT('',(0.,67.222013155676));
#2010 = ( GEOMETRIC_REPRESENTATION_CONTEXT(2) 
PARAMETRIC_REPRESENTATION_CONTEXT() REPRESENTATION_CONTEXT('2D SPACE',''
  ) );
#2011 = PCURVE('',#2012,#2034);
#2012 = ( BOUNDED_SURFACE() B_SPLINE_SURFACE(2,6,(
    (#2013,#2014,#2015,#2016,#2017,#2018,#2019)
    ,(#2020,#2021,#2022,#2023,#2024,#2025,#2026)
    ,(#2027,#2028,#2029,#2030,#2031,#2032,#2033
)),.UNSPECIFIED.,.F.,.F.,.F.) B_SPLINE_SURFACE_WITH_KNOTS((3,3),(7,7),(
    0.,1.483444753801),(0.,1.483444753801),.PIECEWISE_BEZIER_KNOTS.) 
GEOMETRIC_REPRESENTATION_ITEM() RATIONAL_B_SPLINE_SURFACE((
    (1.,1.,1.,1.,1.,1.,1.)
    ,(0.722522576461,0.72219292671,0.72074597152,0.718215496635
      ,0.714821272399,0.710976221517,0.707106781187)
,(1.,1.,1.,1.,1.,1.,1.))) REPRESENTATION_ITEM('') SURFACE() );
#2013 = CARTESIAN_POINT('',(177.06405158425,-6.495539733216,
    -95.60928102227));
#2014 = CARTESIAN_POINT('',(177.00981535358,-6.497941828279,
    -96.22920399372));
#2015 = CARTESIAN_POINT('',(176.75891112033,-6.509054249119,
    -96.83190634054));
#2016 = CARTESIAN_POINT('',(176.32386017992,-6.528322433933,
    -97.33496705919));
#2017 = CARTESIAN_POINT('',(175.76908511594,-6.552893139268,
    -97.67351099461));
#2018 = CARTESIAN_POINT('',(175.16419617773,-6.579683362597,
    -97.83932573042));
#2019 = CARTESIAN_POINT('',(174.55914189295,-6.606480909042,
    -97.83932573042));
#2020 = CARTESIAN_POINT('',(183.08979894177,-6.228662448418,
    -96.13749969356));
#2021 = CARTESIAN_POINT('',(182.91076373324,-6.236591826718,
    -98.25016179719));
#2022 = CARTESIAN_POINT('',(182.1230363066,-6.271479873679,
    -100.3190122001));
#2023 = CARTESIAN_POINT('',(180.73788987132,-6.332827304588,
    -102.1270317406));
#2024 = CARTESIAN_POINT('',(178.86890762604,-6.415603577366,
    -103.455251183));
#2025 = CARTESIAN_POINT('',(176.73206185076,-6.510243389608,
    -104.1655176377));
#2026 = CARTESIAN_POINT('',(174.55914189295,-6.606480909042,
    -104.2351351642));
#2027 = CARTESIAN_POINT('',(183.08776197049,-0.173968118098,
    -96.16078238251));
#2028 = CARTESIAN_POINT('',(182.89730361284,-0.176368935817,
    -98.3377314356));
#2029 = CARTESIAN_POINT('',(182.06151724896,-0.173877306759,
    -100.4581875945));
#2030 = CARTESIAN_POINT('',(180.60056009406,-0.172734031411,
    -102.285455323));
#2031 = CARTESIAN_POINT('',(178.6524371505,-0.176887178795,
    -103.585908169));
#2032 = CARTESIAN_POINT('',(176.46405996591,-0.1901009252,
    -104.2351351642));
#2033 = CARTESIAN_POINT('',(174.27615216163,-0.216935140713,
    -104.2351351642));
#2034 = DEFINITIONAL_REPRESENTATION('',(#2035),#2039);
#2035 = LINE('',#2036,#2037);
#2036 = CARTESIAN_POINT('',(0.,1.483444753801));
#2037 = VECTOR('',#2038,1.);
#2038 = DIRECTION('',(1.,0.));
#2039 = ( GEOMETRIC_REPRESENTATION_CONTEXT(2) 
PARAMETRIC_REPRESENTATION_CONTEXT() REPRESENTATION_CONTEXT('2D SPACE',''
  ) );
#2040 = ORIENTED_EDGE('',*,*,#1807,.F.);
#2041 = ORIENTED_EDGE('',*,*,#907,.F.);
#2042 = ADVANCED_FACE('',(#2043),#588,.F.);
#2043 = FACE_BOUND('',#2044,.F.);
#2044 = EDGE_LOOP('',(#2045,#2078,#2104,#2105));
#2045 = ORIENTED_EDGE('',*,*,#2046,.T.);
#2046 = EDGE_CURVE('',#572,#2047,#2049,.T.);
#2047 = VERTEX_POINT('',#2048);
#2048 = CARTESIAN_POINT('',(170.53529270202,-0.377496201303,
    -107.6915939678));
#2049 = SURFACE_CURVE('',#2050,(#2059,#2071),.PCURVE_S1.);
#2050 = ( BOUNDED_CURVE() B_SPLINE_CURVE(3,(#2051,#2052,#2053,#2054,
    #2055,#2056,#2057,#2058),.UNSPECIFIED.,.F.,.F.) 
B_SPLINE_CURVE_WITH_KNOTS((4,2,2,4),(-3.100030253713,0.,72.975844012219,
76.067116789924),.UNSPECIFIED.) CURVE() GEOMETRIC_REPRESENTATION_ITEM() 
RATIONAL_B_SPLINE_CURVE((1.,1.,1.,1.,1.,1.,1.,1.)) REPRESENTATION_ITEM(
  '') );
#2051 = CARTESIAN_POINT('',(78.668868714096,-4.315118106261,
    -107.6915939678));
#2052 = CARTESIAN_POINT('',(80.07367623134,-4.252899896034,
    -107.6915939678));
#2053 = CARTESIAN_POINT('',(81.478483748584,-4.190681685806,
    -107.6915939678));
#2054 = CARTESIAN_POINT('',(115.95297312548,-2.663824090591,
    -107.6915939678));
#2055 = CARTESIAN_POINT('',(149.02867606646,-1.335133012027,
    -107.6915939678));
#2056 = CARTESIAN_POINT('',(183.49919691172,0.191548818941,
    -107.6915939678));
#2057 = CARTESIAN_POINT('',(184.90003589733,0.253591264922,
    -107.6915939678));
#2058 = CARTESIAN_POINT('',(186.30087488294,0.315633710903,
    -107.6915939678));
#2059 = PCURVE('',#588,#2060);
#2060 = DEFINITIONAL_REPRESENTATION('',(#2061),#2070);
#2061 = ( BOUNDED_CURVE() B_SPLINE_CURVE(3,(#2062,#2063,#2064,#2065,
    #2066,#2067,#2068,#2069),.UNSPECIFIED.,.F.,.F.) 
B_SPLINE_CURVE_WITH_KNOTS((4,2,2,4),(-3.100030253713,0.,72.975844012219,
76.067116789924),.UNSPECIFIED.) CURVE() GEOMETRIC_REPRESENTATION_ITEM() 
RATIONAL_B_SPLINE_CURVE((1.,1.,1.,1.,1.,1.,1.,1.)) REPRESENTATION_ITEM(
  '') );
#2062 = CARTESIAN_POINT('',(103.71247894334,-1.360379061245E+04));
#2063 = CARTESIAN_POINT('',(102.3076714261,-1.360385283066E+04));
#2064 = CARTESIAN_POINT('',(100.90286390885,-1.360391504887E+04));
#2065 = CARTESIAN_POINT('',(66.428374531958,-1.360544190647E+04));
#2066 = CARTESIAN_POINT('',(33.352671590979,-1.360677059755E+04));
#2067 = CARTESIAN_POINT('',(-1.117849254284,-1.360829727938E+04));
#2068 = CARTESIAN_POINT('',(-2.518688239894,-1.360835932182E+04));
#2069 = CARTESIAN_POINT('',(-3.919527225504,-1.360842136427E+04));
#2070 = ( GEOMETRIC_REPRESENTATION_CONTEXT(2) 
PARAMETRIC_REPRESENTATION_CONTEXT() REPRESENTATION_CONTEXT('2D SPACE',''
  ) );
#2071 = PCURVE('',#638,#2072);
#2072 = DEFINITIONAL_REPRESENTATION('',(#2073),#2077);
#2073 = LINE('',#2074,#2075);
#2074 = CARTESIAN_POINT('',(79.167147043637,0.));
#2075 = VECTOR('',#2076,1.);
#2076 = DIRECTION('',(0.,1.));
#2077 = ( GEOMETRIC_REPRESENTATION_CONTEXT(2) 
PARAMETRIC_REPRESENTATION_CONTEXT() REPRESENTATION_CONTEXT('2D SPACE',''
  ) );
#2078 = ORIENTED_EDGE('',*,*,#2079,.T.);
#2079 = EDGE_CURVE('',#2047,#1871,#2080,.T.);
#2080 = SURFACE_CURVE('',#2081,(#2085,#2092),.PCURVE_S1.);
#2081 = LINE('',#2082,#2083);
#2082 = CARTESIAN_POINT('',(170.53529270202,-6.260039395365,
    -107.6915939678));
#2083 = VECTOR('',#2084,1.);
#2084 = DIRECTION('',(1.110223024625E-16,1.,1.224646799147E-16));
#2085 = PCURVE('',#588,#2086);
#2086 = DEFINITIONAL_REPRESENTATION('',(#2087),#2091);
#2087 = LINE('',#2088,#2089);
#2088 = CARTESIAN_POINT('',(11.846054955413,-1.360184569116E+04));
#2089 = VECTOR('',#2090,1.);
#2090 = DIRECTION('',(0.,-1.));
#2091 = ( GEOMETRIC_REPRESENTATION_CONTEXT(2) 
PARAMETRIC_REPRESENTATION_CONTEXT() REPRESENTATION_CONTEXT('2D SPACE',''
  ) );
#2092 = PCURVE('',#2093,#2098);
#2093 = CYLINDRICAL_SURFACE('',#2094,12.927700444032);
#2094 = AXIS2_PLACEMENT_3D('',#2095,#2096,#2097);
#2095 = CARTESIAN_POINT('',(170.53529270202,-6.260039395365,
    -120.6192944119));
#2096 = DIRECTION('',(1.110223024625E-16,1.,1.224646799147E-16));
#2097 = DIRECTION('',(0.996194698313,-1.212733289363E-16,
    8.715574021868E-02));
#2098 = DEFINITIONAL_REPRESENTATION('',(#2099),#2103);
#2099 = LINE('',#2100,#2101);
#2100 = CARTESIAN_POINT('',(-1.483529866734,0.));
#2101 = VECTOR('',#2102,1.);
#2102 = DIRECTION('',(-0.,1.));
#2103 = ( GEOMETRIC_REPRESENTATION_CONTEXT(2) 
PARAMETRIC_REPRESENTATION_CONTEXT() REPRESENTATION_CONTEXT('2D SPACE',''
  ) );
#2104 = ORIENTED_EDGE('',*,*,#1917,.F.);
#2105 = ORIENTED_EDGE('',*,*,#571,.F.);
#2106 = ADVANCED_FACE('',(#2107),#895,.F.);
#2107 = FACE_BOUND('',#2108,.F.);
#2108 = EDGE_LOOP('',(#2109,#2132,#2133,#2134));
#2109 = ORIENTED_EDGE('',*,*,#2110,.F.);
#2110 = EDGE_CURVE('',#851,#2111,#2113,.T.);
#2111 = VERTEX_POINT('',#2112);
#2112 = CARTESIAN_POINT('',(100.00774428111,-9.908324380401,
    -97.25417741761));
#2113 = SURFACE_CURVE('',#2114,(#2118,#2125),.PCURVE_S1.);
#2114 = LINE('',#2115,#2116);
#2115 = CARTESIAN_POINT('',(-6.661341769866E+03,-309.3650544486,
    -97.2541774176));
#2116 = VECTOR('',#2117,1.);
#2117 = DIRECTION('',(0.999020661021,4.424611681352E-02,0.));
#2118 = PCURVE('',#895,#2119);
#2119 = DEFINITIONAL_REPRESENTATION('',(#2120),#2124);
#2120 = LINE('',#2121,#2122);
#2121 = CARTESIAN_POINT('',(-6.731789535437E+03,-1.359939654341E+04));
#2122 = VECTOR('',#2123,1.);
#2123 = DIRECTION('',(1.,0.));
#2124 = ( GEOMETRIC_REPRESENTATION_CONTEXT(2) 
PARAMETRIC_REPRESENTATION_CONTEXT() REPRESENTATION_CONTEXT('2D SPACE',''
  ) );
#2125 = PCURVE('',#867,#2126);
#2126 = DEFINITIONAL_REPRESENTATION('',(#2127),#2131);
#2127 = LINE('',#2128,#2129);
#2128 = CARTESIAN_POINT('',(-277.0321949214,-6.750658317118E+03));
#2129 = VECTOR('',#2130,1.);
#2130 = DIRECTION('',(4.424611681352E-02,-0.999020661021));
#2131 = ( GEOMETRIC_REPRESENTATION_CONTEXT(2) 
PARAMETRIC_REPRESENTATION_CONTEXT() REPRESENTATION_CONTEXT('2D SPACE',''
  ) );
#2132 = ORIENTED_EDGE('',*,*,#879,.F.);
#2133 = ORIENTED_EDGE('',*,*,#1940,.T.);
#2134 = ORIENTED_EDGE('',*,*,#2135,.T.);
#2135 = EDGE_CURVE('',#1941,#2111,#2136,.T.);
#2136 = SURFACE_CURVE('',#2137,(#2141,#2148),.PCURVE_S1.);
#2137 = LINE('',#2138,#2139);
#2138 = CARTESIAN_POINT('',(227.61706227368,-4.256572609199,
    -101.1021766227));
#2139 = VECTOR('',#2140,1.);
#2140 = DIRECTION('',(-0.998567655899,-4.422605344713E-02,
    3.011133988191E-02));
#2141 = PCURVE('',#895,#2142);
#2142 = DEFINITIONAL_REPRESENTATION('',(#2143),#2147);
#2143 = LINE('',#2144,#2145);
#2144 = CARTESIAN_POINT('',(163.92253632214,-1.360324454262E+04));
#2145 = VECTOR('',#2146,1.);
#2146 = DIRECTION('',(-0.999546550797,3.011133988191E-02));
#2147 = ( GEOMETRIC_REPRESENTATION_CONTEXT(2) 
PARAMETRIC_REPRESENTATION_CONTEXT() REPRESENTATION_CONTEXT('2D SPACE',''
  ) );
#2148 = PCURVE('',#1375,#2149);
#2149 = DEFINITIONAL_REPRESENTATION('',(#2150),#2154);
#2150 = LINE('',#2151,#2152);
#2151 = CARTESIAN_POINT('',(-28.58890989902,-1.361236230317E+04));
#2152 = VECTOR('',#2153,1.);
#2153 = DIRECTION('',(0.999021549415,-4.422605344713E-02));
#2154 = ( GEOMETRIC_REPRESENTATION_CONTEXT(2) 
PARAMETRIC_REPRESENTATION_CONTEXT() REPRESENTATION_CONTEXT('2D SPACE',''
  ) );
#2155 = ADVANCED_FACE('',(#2156),#638,.T.);
#2156 = FACE_BOUND('',#2157,.T.);
#2157 = EDGE_LOOP('',(#2158,#2180,#2181,#2182,#2226,#2270));
#2158 = ORIENTED_EDGE('',*,*,#2159,.T.);
#2159 = EDGE_CURVE('',#2160,#601,#2162,.T.);
#2160 = VERTEX_POINT('',#2161);
#2161 = CARTESIAN_POINT('',(95.307119637171,-10.11651265438,
    -114.2178752344));
#2162 = SURFACE_CURVE('',#2163,(#2167,#2173),.PCURVE_S1.);
#2163 = ( BOUNDED_CURVE() B_SPLINE_CURVE(2,(#2164,#2165,#2166),
.UNSPECIFIED.,.F.,.F.) B_SPLINE_CURVE_WITH_KNOTS((3,3),(0.,
1.483444753801),.PIECEWISE_BEZIER_KNOTS.) CURVE() 
GEOMETRIC_REPRESENTATION_ITEM() RATIONAL_B_SPLINE_CURVE((1.,
0.707106781187,1.)) REPRESENTATION_ITEM('') );
#2164 = CARTESIAN_POINT('',(95.307119637171,-10.11651265438,
    -114.2178752344));
#2165 = CARTESIAN_POINT('',(95.307119637171,-10.11651265438,
    -107.6915939678));
#2166 = CARTESIAN_POINT('',(95.018357033893,-3.596622829445,
    -107.6915939678));
#2167 = PCURVE('',#638,#2168);
#2168 = DEFINITIONAL_REPRESENTATION('',(#2169),#2172);
#2169 = B_SPLINE_CURVE_WITH_KNOTS('',1,(#2170,#2171),.UNSPECIFIED.,.F.,
  .F.,(2,2),(0.,1.483444753801),.PIECEWISE_BEZIER_KNOTS.);
#2170 = CARTESIAN_POINT('',(0.,8.926086811056));
#2171 = CARTESIAN_POINT('',(79.167147043637,8.926086811056));
#2172 = ( GEOMETRIC_REPRESENTATION_CONTEXT(2) 
PARAMETRIC_REPRESENTATION_CONTEXT() REPRESENTATION_CONTEXT('2D SPACE',''
  ) );
#2173 = PCURVE('',#719,#2174);
#2174 = DEFINITIONAL_REPRESENTATION('',(#2175),#2179);
#2175 = LINE('',#2176,#2177);
#2176 = CARTESIAN_POINT('',(0.,1.483444753801));
#2177 = VECTOR('',#2178,1.);
#2178 = DIRECTION('',(1.,0.));
#2179 = ( GEOMETRIC_REPRESENTATION_CONTEXT(2) 
PARAMETRIC_REPRESENTATION_CONTEXT() REPRESENTATION_CONTEXT('2D SPACE',''
  ) );
#2180 = ORIENTED_EDGE('',*,*,#600,.T.);
#2181 = ORIENTED_EDGE('',*,*,#2046,.T.);
#2182 = ORIENTED_EDGE('',*,*,#2183,.F.);
#2183 = EDGE_CURVE('',#2184,#2047,#2186,.T.);
#2184 = VERTEX_POINT('',#2185);
#2185 = CARTESIAN_POINT('',(170.81002467401,-6.580592337741,
    -112.5375421167));
#2186 = SURFACE_CURVE('',#2187,(#2191,#2197),.PCURVE_S1.);
#2187 = ( BOUNDED_CURVE() B_SPLINE_CURVE(2,(#2188,#2189,#2190),
.UNSPECIFIED.,.F.,.F.) B_SPLINE_CURVE_WITH_KNOTS((3,3),(0.,
1.483444753801),.PIECEWISE_BEZIER_KNOTS.) CURVE() 
GEOMETRIC_REPRESENTATION_ITEM() RATIONAL_B_SPLINE_CURVE((1.,
0.707106781187,1.)) REPRESENTATION_ITEM('') );
#2188 = CARTESIAN_POINT('',(170.81850873842,-6.772151648364,
    -114.0925180894));
#2189 = CARTESIAN_POINT('',(170.81850873842,-6.772151648364,
    -107.6915939678));
#2190 = CARTESIAN_POINT('',(170.53529270202,-0.377496201303,
    -107.6915939678));
#2191 = PCURVE('',#638,#2192);
#2192 = DEFINITIONAL_REPRESENTATION('',(#2193),#2196);
#2193 = B_SPLINE_CURVE_WITH_KNOTS('',1,(#2194,#2195),.UNSPECIFIED.,.F.,
  .F.,(2,2),(0.,1.483444753801),.PIECEWISE_BEZIER_KNOTS.);
#2194 = CARTESIAN_POINT('',(0.,64.47049125564));
#2195 = CARTESIAN_POINT('',(79.167147043637,64.47049125564));
#2196 = ( GEOMETRIC_REPRESENTATION_CONTEXT(2) 
PARAMETRIC_REPRESENTATION_CONTEXT() REPRESENTATION_CONTEXT('2D SPACE',''
  ) );
#2197 = PCURVE('',#2198,#2220);
#2198 = ( BOUNDED_SURFACE() B_SPLINE_SURFACE(2,6,(
    (#2199,#2200,#2201,#2202,#2203,#2204,#2205)
    ,(#2206,#2207,#2208,#2209,#2210,#2211,#2212)
    ,(#2213,#2214,#2215,#2216,#2217,#2218,#2219
)),.UNSPECIFIED.,.F.,.F.,.F.) B_SPLINE_SURFACE_WITH_KNOTS((3,3),(7,7),(
    0.,1.483444753801),(1.238502270287E-17,1.483444753801),
.PIECEWISE_BEZIER_KNOTS.) GEOMETRIC_REPRESENTATION_ITEM() 
RATIONAL_B_SPLINE_SURFACE((
    (1.,1.,1.,1.,1.,1.,1.)
    ,(0.722522576461,0.722192715241,0.72074419616,0.718210708021
      ,0.714817605847,0.710974710509,0.707106781187)
,(1.,1.,1.,1.,1.,1.,1.))) REPRESENTATION_ITEM('') SURFACE() );
#2199 = CARTESIAN_POINT('',(177.35788235202,-6.482526117998,
    -120.0470211495));
#2200 = CARTESIAN_POINT('',(177.21629202762,-6.48879708143,
    -118.4286362888));
#2201 = CARTESIAN_POINT('',(176.58692322846,-6.516671505346,
    -116.8530535624));
#2202 = CARTESIAN_POINT('',(175.4885712476,-6.56531695578,
    -115.5070135881));
#2203 = CARTESIAN_POINT('',(174.04300454349,-6.629340369656,
    -114.5626407948));
#2204 = CARTESIAN_POINT('',(172.43085333817,-6.700741726339,
    -114.0925180894));
#2205 = CARTESIAN_POINT('',(170.81850873842,-6.772151648364,
    -114.0925180894));
#2206 = CARTESIAN_POINT('',(183.41584720798,-6.214221936586,
    -119.5159782834));
#2207 = CARTESIAN_POINT('',(183.1487545427,-6.226051334845,
    -116.3964176722));
#2208 = CARTESIAN_POINT('',(181.97330430221,-6.278111427972,
    -113.3440078924));
#2209 = CARTESIAN_POINT('',(179.90703712528,-6.369625350002,
    -110.6900763733));
#2210 = CARTESIAN_POINT('',(177.13653841806,-6.492329328222,
    -108.7672941519));
#2211 = CARTESIAN_POINT('',(173.9945000966,-6.631488606932,
    -107.7612401078));
#2212 = CARTESIAN_POINT('',(170.81850873842,-6.772151648364,
    -107.6915939678));
#2213 = CARTESIAN_POINT('',(183.41379934574,-0.127155338799,
    -119.4925711103));
#2214 = CARTESIAN_POINT('',(183.13525856247,-0.13342112632,
    -116.3088352959));
#2215 = CARTESIAN_POINT('',(181.91240190006,-0.153400578159,
    -113.2078426287));
#2216 = CARTESIAN_POINT('',(179.77461990477,-0.190185858669,
    -110.5379316275));
#2217 = CARTESIAN_POINT('',(176.92835919506,-0.242420158956,
    -108.6398202697));
#2218 = CARTESIAN_POINT('',(173.73175540867,-0.306022251555,
    -107.6915939678));
#2219 = CARTESIAN_POINT('',(170.53529270202,-0.377496201303,
    -107.6915939678));
#2220 = DEFINITIONAL_REPRESENTATION('',(#2221),#2225);
#2221 = LINE('',#2222,#2223);
#2222 = CARTESIAN_POINT('',(0.,1.483444753801));
#2223 = VECTOR('',#2224,1.);
#2224 = DIRECTION('',(1.,0.));
#2225 = ( GEOMETRIC_REPRESENTATION_CONTEXT(2) 
PARAMETRIC_REPRESENTATION_CONTEXT() REPRESENTATION_CONTEXT('2D SPACE',''
  ) );
#2226 = ORIENTED_EDGE('',*,*,#2227,.F.);
#2227 = EDGE_CURVE('',#2228,#2184,#2230,.T.);
#2228 = VERTEX_POINT('',#2229);
#2229 = CARTESIAN_POINT('',(116.05881842696,-9.197430472645,
    -114.1885390928));
#2230 = SURFACE_CURVE('',#2231,(#2242,#2256),.PCURVE_S1.);
#2231 = B_SPLINE_CURVE_WITH_KNOTS('',5,(#2232,#2233,#2234,#2235,#2236,
    #2237,#2238,#2239,#2240,#2241),.UNSPECIFIED.,.F.,.F.,(6,4,6),(0.,
    0.492855065493,1.),.UNSPECIFIED.);
#2232 = CARTESIAN_POINT('',(116.05881842701,-9.197430472642,
    -114.1885390927));
#2233 = CARTESIAN_POINT('',(121.50649733678,-8.95615554527,
    -114.0242668872));
#2234 = CARTESIAN_POINT('',(126.9564907644,-8.710190707066,
    -113.8599248885));
#2235 = CARTESIAN_POINT('',(132.40035291017,-8.459990620715,
    -113.6957677756));
#2236 = CARTESIAN_POINT('',(137.83087609727,-8.2058306481,
    -113.5320128929));
#2237 = CARTESIAN_POINT('',(148.80978226077,-7.682362118689,
    -113.2009491206));
#2238 = CARTESIAN_POINT('',(154.35695840668,-7.412830821636,
    -113.0336766225));
#2239 = CARTESIAN_POINT('',(159.87663167524,-7.139382586113,
    -112.8672334608));
#2240 = CARTESIAN_POINT('',(165.36279124918,-6.862008715041,
    -112.7018008889));
#2241 = CARTESIAN_POINT('',(170.81002467401,-6.580592337742,
    -112.5375421167));
#2242 = PCURVE('',#638,#2243);
#2243 = DEFINITIONAL_REPRESENTATION('',(#2244),#2255);
#2244 = B_SPLINE_CURVE_WITH_KNOTS('',5,(#2245,#2246,#2247,#2248,#2249,
    #2250,#2251,#2252,#2253,#2254),.UNSPECIFIED.,.F.,.F.,(6,4,6),(0.,
    0.492855065493,1.),.UNSPECIFIED.);
#2245 = CARTESIAN_POINT('',(0.,24.190549089052));
#2246 = CARTESIAN_POINT('',(1.329811808333,28.197733756821));
#2247 = CARTESIAN_POINT('',(2.639976973371,32.206770086792));
#2248 = CARTESIAN_POINT('',(3.937219244779,36.211442926294));
#2249 = CARTESIAN_POINT('',(5.226869895324,40.206451903693));
#2250 = CARTESIAN_POINT('',(7.836745825815,48.283487576456));
#2251 = CARTESIAN_POINT('',(9.156759122193,52.364635535844));
#2252 = CARTESIAN_POINT('',(10.477797185923,56.425719987552));
#2253 = CARTESIAN_POINT('',(11.803124425037,60.462328454213));
#2254 = CARTESIAN_POINT('',(13.13500902456,64.47049125564));
#2255 = ( GEOMETRIC_REPRESENTATION_CONTEXT(2) 
PARAMETRIC_REPRESENTATION_CONTEXT() REPRESENTATION_CONTEXT('2D SPACE',''
  ) );
#2256 = PCURVE('',#1452,#2257);
#2257 = DEFINITIONAL_REPRESENTATION('',(#2258),#2269);
#2258 = B_SPLINE_CURVE_WITH_KNOTS('',5,(#2259,#2260,#2261,#2262,#2263,
    #2264,#2265,#2266,#2267,#2268),.UNSPECIFIED.,.F.,.F.,(6,4,6),(0.,
    0.492855065493,1.),.UNSPECIFIED.);
#2259 = CARTESIAN_POINT('',(-83.02004214285,-1.361730316103E+04));
#2260 = CARTESIAN_POINT('',(-77.56988702015,-1.361706188611E+04));
#2261 = CARTESIAN_POINT('',(-72.11741632755,-1.361681592127E+04));
#2262 = CARTESIAN_POINT('',(-66.67107970373,-1.361656572118E+04));
#2263 = CARTESIAN_POINT('',(-61.23808810175,-1.361631156121E+04));
#2264 = CARTESIAN_POINT('',(-50.25419153595,-1.361578809268E+04));
#2265 = CARTESIAN_POINT('',(-44.70449395119,-1.361551856138E+04));
#2266 = CARTESIAN_POINT('',(-39.18231174504,-1.361524511315E+04));
#2267 = CARTESIAN_POINT('',(-33.693658467,-1.361496773928E+04));
#2268 = CARTESIAN_POINT('',(-28.24394903174,-1.36146863229E+04));
#2269 = ( GEOMETRIC_REPRESENTATION_CONTEXT(2) 
PARAMETRIC_REPRESENTATION_CONTEXT() REPRESENTATION_CONTEXT('2D SPACE',''
  ) );
#2270 = ORIENTED_EDGE('',*,*,#2271,.F.);
#2271 = EDGE_CURVE('',#2160,#2228,#2272,.T.);
#2272 = SURFACE_CURVE('',#2273,(#2282,#2289),.PCURVE_S1.);
#2273 = ( BOUNDED_CURVE() B_SPLINE_CURVE(3,(#2274,#2275,#2276,#2277,
    #2278,#2279,#2280,#2281),.UNSPECIFIED.,.F.,.F.) 
B_SPLINE_CURVE_WITH_KNOTS((4,2,2,4),(-3.100030253713,0.,72.975844012219,
76.067116789924),.UNSPECIFIED.) CURVE() GEOMETRIC_REPRESENTATION_ITEM() 
RATIONAL_B_SPLINE_CURVE((1.,1.,1.,1.,1.,1.,1.,1.)) REPRESENTATION_ITEM(
  '') );
#2274 = CARTESIAN_POINT('',(78.957879526747,-10.84061218101,
    -114.2234849781));
#2275 = CARTESIAN_POINT('',(80.362687043992,-10.77839397078,
    -114.2234849781));
#2276 = CARTESIAN_POINT('',(81.767494561235,-10.71617576055,
    -114.2234849781));
#2277 = CARTESIAN_POINT('',(116.24198393813,-9.189318165342,
    -114.2234849781));
#2278 = CARTESIAN_POINT('',(149.31166579778,-7.724678780354,
    -114.0874034016));
#2279 = CARTESIAN_POINT('',(183.78218664304,-6.197996949386,
    -114.0874034016));
#2280 = CARTESIAN_POINT('',(185.18302562865,-6.135954503406,
    -114.0874034016));
#2281 = CARTESIAN_POINT('',(186.58386461426,-6.073912057426,
    -114.0874034016));
#2282 = PCURVE('',#638,#2283);
#2283 = DEFINITIONAL_REPRESENTATION('',(#2284),#2288);
#2284 = LINE('',#2285,#2286);
#2285 = CARTESIAN_POINT('',(0.,0.));
#2286 = VECTOR('',#2287,1.);
#2287 = DIRECTION('',(0.,1.));
#2288 = ( GEOMETRIC_REPRESENTATION_CONTEXT(2) 
PARAMETRIC_REPRESENTATION_CONTEXT() REPRESENTATION_CONTEXT('2D SPACE',''
  ) );
#2289 = PCURVE('',#781,#2290);
#2290 = DEFINITIONAL_REPRESENTATION('',(#2291),#2300);
#2291 = ( BOUNDED_CURVE() B_SPLINE_CURVE(3,(#2292,#2293,#2294,#2295,
    #2296,#2297,#2298,#2299),.UNSPECIFIED.,.F.,.F.) 
B_SPLINE_CURVE_WITH_KNOTS((4,2,2,4),(-3.100030253713,0.,72.975844012219,
76.067116789924),.UNSPECIFIED.) CURVE() GEOMETRIC_REPRESENTATION_ITEM() 
RATIONAL_B_SPLINE_CURVE((1.,1.,1.,1.,1.,1.,1.,1.)) REPRESENTATION_ITEM(
  '') );
#2292 = CARTESIAN_POINT('',(15.117623123457,-1.359984561015E+04));
#2293 = CARTESIAN_POINT('',(16.52380777214,-1.359984561015E+04));
#2294 = CARTESIAN_POINT('',(17.929992420821,-1.359984561015E+04));
#2295 = CARTESIAN_POINT('',(52.438277106008,-1.359984561015E+04));
#2296 = CARTESIAN_POINT('',(85.540377142513,-1.359998169172E+04));
#2297 = CARTESIAN_POINT('',(120.04468940571,-1.359998169172E+04));
#2298 = CARTESIAN_POINT('',(121.44690163241,-1.359998169172E+04));
#2299 = CARTESIAN_POINT('',(122.84911385911,-1.359998169172E+04));
#2300 = ( GEOMETRIC_REPRESENTATION_CONTEXT(2) 
PARAMETRIC_REPRESENTATION_CONTEXT() REPRESENTATION_CONTEXT('2D SPACE',''
  ) );
#2301 = ADVANCED_FACE('',(#2302),#867,.T.);
#2302 = FACE_BOUND('',#2303,.T.);
#2303 = EDGE_LOOP('',(#2304,#2332,#2360,#2381,#2382));
#2304 = ORIENTED_EDGE('',*,*,#2305,.T.);
#2305 = EDGE_CURVE('',#823,#2306,#2308,.T.);
#2306 = VERTEX_POINT('',#2307);
#2307 = CARTESIAN_POINT('',(98.10889408232,-13.1117345129,-97.2541774176
    ));
#2308 = SURFACE_CURVE('',#2309,(#2314,#2325),.PCURVE_S1.);
#2309 = CIRCLE('',#2310,21.636887592482);
#2310 = AXIS2_PLACEMENT_3D('',#2311,#2312,#2313);
#2311 = CARTESIAN_POINT('',(99.066242338219,-34.72743225798,
    -97.2541774176));
#2312 = DIRECTION('',(0.,0.,-1.));
#2313 = DIRECTION('',(-1.,1.110223024625E-16,0.));
#2314 = PCURVE('',#867,#2315);
#2315 = DEFINITIONAL_REPRESENTATION('',(#2316),#2324);
#2316 = ( BOUNDED_CURVE() B_SPLINE_CURVE(2,(#2317,#2318,#2319,#2320,
#2321,#2322,#2323),.UNSPECIFIED.,.T.,.F.) B_SPLINE_CURVE_WITH_KNOTS((1,2
    ,2,2,2,1),(-2.094395102393,0.,2.094395102393,4.188790204786,
6.28318530718,8.377580409573),.UNSPECIFIED.) CURVE() 
GEOMETRIC_REPRESENTATION_ITEM() RATIONAL_B_SPLINE_CURVE((1.,0.5,1.,0.5,
1.,0.5,1.)) REPRESENTATION_ITEM('') );
#2317 = CARTESIAN_POINT('',(-2.394572730709,-1.348942944173E+04));
#2318 = CARTESIAN_POINT('',(35.081615897128,-1.348942944173E+04));
#2319 = CARTESIAN_POINT('',(16.343521583209,-1.352188477312E+04));
#2320 = CARTESIAN_POINT('',(-2.394572730709,-1.355434010451E+04));
#2321 = CARTESIAN_POINT('',(-21.13266704462,-1.352188477312E+04));
#2322 = CARTESIAN_POINT('',(-39.87076135854,-1.348942944173E+04));
#2323 = CARTESIAN_POINT('',(-2.394572730709,-1.348942944173E+04));
#2324 = ( GEOMETRIC_REPRESENTATION_CONTEXT(2) 
PARAMETRIC_REPRESENTATION_CONTEXT() REPRESENTATION_CONTEXT('2D SPACE',''
  ) );
#2325 = PCURVE('',#838,#2326);
#2326 = DEFINITIONAL_REPRESENTATION('',(#2327),#2331);
#2327 = LINE('',#2328,#2329);
#2328 = CARTESIAN_POINT('',(-1.570796326795,-1.361681491771E+04));
#2329 = VECTOR('',#2330,1.);
#2330 = DIRECTION('',(1.,-0.));
#2331 = ( GEOMETRIC_REPRESENTATION_CONTEXT(2) 
PARAMETRIC_REPRESENTATION_CONTEXT() REPRESENTATION_CONTEXT('2D SPACE',''
  ) );
#2332 = ORIENTED_EDGE('',*,*,#2333,.T.);
#2333 = EDGE_CURVE('',#2306,#2334,#2336,.T.);
#2334 = VERTEX_POINT('',#2335);
#2335 = CARTESIAN_POINT('',(100.0077442809,-13.02763540367,
    -97.2541774176));
#2336 = SURFACE_CURVE('',#2337,(#2341,#2348),.PCURVE_S1.);
#2337 = LINE('',#2338,#2339);
#2338 = CARTESIAN_POINT('',(-6.644145912548E+03,-311.7227696999,
    -97.2541774176));
#2339 = VECTOR('',#2340,1.);
#2340 = DIRECTION('',(0.999020661021,4.424611681352E-02,0.));
#2341 = PCURVE('',#867,#2342);
#2342 = DEFINITIONAL_REPRESENTATION('',(#2343),#2347);
#2343 = LINE('',#2344,#2345);
#2344 = CARTESIAN_POINT('',(-279.3899101726,-6.767854174436E+03));
#2345 = VECTOR('',#2346,1.);
#2346 = DIRECTION('',(4.424611681352E-02,-0.999020661021));
#2347 = ( GEOMETRIC_REPRESENTATION_CONTEXT(2) 
PARAMETRIC_REPRESENTATION_CONTEXT() REPRESENTATION_CONTEXT('2D SPACE',''
  ) );
#2348 = PCURVE('',#2349,#2354);
#2349 = PLANE('',#2350);
#2350 = AXIS2_PLACEMENT_3D('',#2351,#2352,#2353);
#2351 = CARTESIAN_POINT('',(98.108894082321,-13.1117345129,
    -1.371406909513E+04));
#2352 = DIRECTION('',(-4.424611681352E-02,0.999020661021,0.));
#2353 = DIRECTION('',(0.999020661021,4.424611681352E-02,0.));
#2354 = DEFINITIONAL_REPRESENTATION('',(#2355),#2359);
#2355 = LINE('',#2356,#2357);
#2356 = CARTESIAN_POINT('',(-6.748864232437E+03,-1.361681491771E+04));
#2357 = VECTOR('',#2358,1.);
#2358 = DIRECTION('',(1.,0.));
#2359 = ( GEOMETRIC_REPRESENTATION_CONTEXT(2) 
PARAMETRIC_REPRESENTATION_CONTEXT() REPRESENTATION_CONTEXT('2D SPACE',''
  ) );
#2360 = ORIENTED_EDGE('',*,*,#2361,.T.);
#2361 = EDGE_CURVE('',#2334,#2111,#2362,.T.);
#2362 = SURFACE_CURVE('',#2363,(#2367,#2374),.PCURVE_S1.);
#2363 = LINE('',#2364,#2365);
#2364 = CARTESIAN_POINT('',(100.00774428111,6.787886435516E+03,
    -97.2541774176));
#2365 = VECTOR('',#2366,1.);
#2366 = DIRECTION('',(1.110223024625E-16,1.,0.));
#2367 = PCURVE('',#867,#2368);
#2368 = DEFINITIONAL_REPRESENTATION('',(#2369),#2373);
#2369 = LINE('',#2370,#2371);
#2370 = CARTESIAN_POINT('',(6.820219295044E+03,-1.351200783127E+04));
#2371 = VECTOR('',#2372,1.);
#2372 = DIRECTION('',(1.,0.));
#2373 = ( GEOMETRIC_REPRESENTATION_CONTEXT(2) 
PARAMETRIC_REPRESENTATION_CONTEXT() REPRESENTATION_CONTEXT('2D SPACE',''
  ) );
#2374 = PCURVE('',#1375,#2375);
#2375 = DEFINITIONAL_REPRESENTATION('',(#2376),#2380);
#2376 = LINE('',#2377,#2378);
#2377 = CARTESIAN_POINT('',(99.078412217525,-6.820219295044E+03));
#2378 = VECTOR('',#2379,1.);
#2379 = DIRECTION('',(0.,1.));
#2380 = ( GEOMETRIC_REPRESENTATION_CONTEXT(2) 
PARAMETRIC_REPRESENTATION_CONTEXT() REPRESENTATION_CONTEXT('2D SPACE',''
  ) );
#2381 = ORIENTED_EDGE('',*,*,#2110,.F.);
#2382 = ORIENTED_EDGE('',*,*,#850,.F.);
#2383 = ADVANCED_FACE('',(#2384),#719,.T.);
#2384 = FACE_BOUND('',#2385,.T.);
#2385 = EDGE_LOOP('',(#2386,#2419,#2420));
#2386 = ORIENTED_EDGE('',*,*,#2387,.F.);
#2387 = EDGE_CURVE('',#682,#2160,#2388,.T.);
#2388 = SURFACE_CURVE('',#2389,(#2399,#2406),.PCURVE_S1.);
#2389 = ( BOUNDED_CURVE() B_SPLINE_CURVE(8,(#2390,#2391,#2392,#2393,
    #2394,#2395,#2396,#2397,#2398),.UNSPECIFIED.,.F.,.F.) 
B_SPLINE_CURVE_WITH_KNOTS((9,9),(-1.308682296485E-15,1.483444753801),
.PIECEWISE_BEZIER_KNOTS.) CURVE() GEOMETRIC_REPRESENTATION_ITEM() 
RATIONAL_B_SPLINE_CURVE((1.,1.,1.,1.,1.,1.,1.,1.,1.)) 
REPRESENTATION_ITEM('') );
#2390 = CARTESIAN_POINT('',(92.475503551821,-10.24192349018,
    -120.3583690383));
#2391 = CARTESIAN_POINT('',(92.521486102725,-10.2398869464,
    -119.8327860611));
#2392 = CARTESIAN_POINT('',(92.29332017165,-10.2499922994,
    -119.2830530489));
#2393 = CARTESIAN_POINT('',(91.941685217256,-10.26556603263,
    -118.4627389369));
#2394 = CARTESIAN_POINT('',(91.770150927508,-10.27316319906,
    -117.2871622743));
#2395 = CARTESIAN_POINT('',(92.088411648094,-10.25906759366,
    -115.9530207296));
#2396 = CARTESIAN_POINT('',(92.940124402045,-10.22134566911,
    -114.8331698216));
#2397 = CARTESIAN_POINT('',(94.123616781411,-10.16892939374,
    -114.2178752344));
#2398 = CARTESIAN_POINT('',(95.307119637171,-10.11651265438,
    -114.2178752344));
#2399 = PCURVE('',#719,#2400);
#2400 = DEFINITIONAL_REPRESENTATION('',(#2401),#2405);
#2401 = LINE('',#2402,#2403);
#2402 = CARTESIAN_POINT('',(0.,0.));
#2403 = VECTOR('',#2404,1.);
#2404 = DIRECTION('',(0.,1.));
#2405 = ( GEOMETRIC_REPRESENTATION_CONTEXT(2) 
PARAMETRIC_REPRESENTATION_CONTEXT() REPRESENTATION_CONTEXT('2D SPACE',''
  ) );
#2406 = PCURVE('',#781,#2407);
#2407 = DEFINITIONAL_REPRESENTATION('',(#2408),#2418);
#2408 = ( BOUNDED_CURVE() B_SPLINE_CURVE(8,(#2409,#2410,#2411,#2412,
    #2413,#2414,#2415,#2416,#2417),.UNSPECIFIED.,.F.,.F.) 
B_SPLINE_CURVE_WITH_KNOTS((9,9),(-1.308682296485E-15,1.483444753801),
.PIECEWISE_BEZIER_KNOTS.) CURVE() GEOMETRIC_REPRESENTATION_ITEM() 
RATIONAL_B_SPLINE_CURVE((1.,1.,1.,1.,1.,1.,1.,1.,1.)) 
REPRESENTATION_ITEM('') );
#2409 = CARTESIAN_POINT('',(28.64849846217,-1.359371072609E+04));
#2410 = CARTESIAN_POINT('',(28.694526089723,-1.359423630906E+04));
#2411 = CARTESIAN_POINT('',(28.466136487809,-1.359478604208E+04));
#2412 = CARTESIAN_POINT('',(28.114156826012,-1.359560635619E+04));
#2413 = CARTESIAN_POINT('',(27.942454381367,-1.359678193285E+04));
#2414 = CARTESIAN_POINT('',(28.261027092627,-1.35981160744E+04));
#2415 = CARTESIAN_POINT('',(29.11357477976,-1.35992359253E+04));
#2416 = CARTESIAN_POINT('',(30.29822733555,-1.359985121989E+04));
#2417 = CARTESIAN_POINT('',(31.482890378004,-1.359985121989E+04));
#2418 = ( GEOMETRIC_REPRESENTATION_CONTEXT(2) 
PARAMETRIC_REPRESENTATION_CONTEXT() REPRESENTATION_CONTEXT('2D SPACE',''
  ) );
#2419 = ORIENTED_EDGE('',*,*,#681,.T.);
#2420 = ORIENTED_EDGE('',*,*,#2159,.F.);
#2421 = ADVANCED_FACE('',(#2422),#838,.F.);
#2422 = FACE_BOUND('',#2423,.T.);
#2423 = EDGE_LOOP('',(#2424,#2452,#2473,#2474));
#2424 = ORIENTED_EDGE('',*,*,#2425,.T.);
#2425 = EDGE_CURVE('',#794,#2426,#2428,.T.);
#2426 = VERTEX_POINT('',#2427);
#2427 = CARTESIAN_POINT('',(98.10889408232,-13.1117345129,
    -114.6725517145));
#2428 = SURFACE_CURVE('',#2429,(#2434,#2441),.PCURVE_S1.);
#2429 = CIRCLE('',#2430,21.636887592482);
#2430 = AXIS2_PLACEMENT_3D('',#2431,#2432,#2433);
#2431 = CARTESIAN_POINT('',(99.066242338219,-34.72743225798,
    -114.6725517145));
#2432 = DIRECTION('',(0.,0.,-1.));
#2433 = DIRECTION('',(-1.,1.110223024625E-16,0.));
#2434 = PCURVE('',#838,#2435);
#2435 = DEFINITIONAL_REPRESENTATION('',(#2436),#2440);
#2436 = LINE('',#2437,#2438);
#2437 = CARTESIAN_POINT('',(-1.570796326795,-1.359939654341E+04));
#2438 = VECTOR('',#2439,1.);
#2439 = DIRECTION('',(1.,-0.));
#2440 = ( GEOMETRIC_REPRESENTATION_CONTEXT(2) 
PARAMETRIC_REPRESENTATION_CONTEXT() REPRESENTATION_CONTEXT('2D SPACE',''
  ) );
#2441 = PCURVE('',#810,#2442);
#2442 = DEFINITIONAL_REPRESENTATION('',(#2443),#2451);
#2443 = ( BOUNDED_CURVE() B_SPLINE_CURVE(2,(#2444,#2445,#2446,#2447,
#2448,#2449,#2450),.UNSPECIFIED.,.T.,.F.) B_SPLINE_CURVE_WITH_KNOTS((1,2
    ,2,2,2,1),(-2.094395102393,0.,2.094395102393,4.188790204786,
6.28318530718,8.377580409573),.UNSPECIFIED.) CURVE() 
GEOMETRIC_REPRESENTATION_ITEM() RATIONAL_B_SPLINE_CURVE((1.,0.5,1.,0.5,
1.,0.5,1.)) REPRESENTATION_ITEM('') );
#2444 = CARTESIAN_POINT('',(-2.394572730709,-1.348942944173E+04));
#2445 = CARTESIAN_POINT('',(35.081615897128,-1.348942944173E+04));
#2446 = CARTESIAN_POINT('',(16.343521583209,-1.352188477312E+04));
#2447 = CARTESIAN_POINT('',(-2.394572730709,-1.355434010451E+04));
#2448 = CARTESIAN_POINT('',(-21.13266704462,-1.352188477312E+04));
#2449 = CARTESIAN_POINT('',(-39.87076135854,-1.348942944173E+04));
#2450 = CARTESIAN_POINT('',(-2.394572730709,-1.348942944173E+04));
#2451 = ( GEOMETRIC_REPRESENTATION_CONTEXT(2) 
PARAMETRIC_REPRESENTATION_CONTEXT() REPRESENTATION_CONTEXT('2D SPACE',''
  ) );
#2452 = ORIENTED_EDGE('',*,*,#2453,.T.);
#2453 = EDGE_CURVE('',#2426,#2306,#2454,.T.);
#2454 = SURFACE_CURVE('',#2455,(#2459,#2466),.PCURVE_S1.);
#2455 = LINE('',#2456,#2457);
#2456 = CARTESIAN_POINT('',(98.108894082321,-13.1117345129,
    -1.371406909513E+04));
#2457 = VECTOR('',#2458,1.);
#2458 = DIRECTION('',(0.,0.,1.));
#2459 = PCURVE('',#838,#2460);
#2460 = DEFINITIONAL_REPRESENTATION('',(#2461),#2465);
#2461 = LINE('',#2462,#2463);
#2462 = CARTESIAN_POINT('',(-4.426056645641E-02,0.));
#2463 = VECTOR('',#2464,1.);
#2464 = DIRECTION('',(-0.,-1.));
#2465 = ( GEOMETRIC_REPRESENTATION_CONTEXT(2) 
PARAMETRIC_REPRESENTATION_CONTEXT() REPRESENTATION_CONTEXT('2D SPACE',''
  ) );
#2466 = PCURVE('',#2349,#2467);
#2467 = DEFINITIONAL_REPRESENTATION('',(#2468),#2472);
#2468 = LINE('',#2469,#2470);
#2469 = CARTESIAN_POINT('',(0.,0.));
#2470 = VECTOR('',#2471,1.);
#2471 = DIRECTION('',(0.,-1.));
#2472 = ( GEOMETRIC_REPRESENTATION_CONTEXT(2) 
PARAMETRIC_REPRESENTATION_CONTEXT() REPRESENTATION_CONTEXT('2D SPACE',''
  ) );
#2473 = ORIENTED_EDGE('',*,*,#2305,.F.);
#2474 = ORIENTED_EDGE('',*,*,#822,.T.);
#2475 = ADVANCED_FACE('',(#2476),#781,.T.);
#2476 = FACE_BOUND('',#2477,.T.);
#2477 = EDGE_LOOP('',(#2478,#2479,#2480,#2503,#2524));
#2478 = ORIENTED_EDGE('',*,*,#2387,.T.);
#2479 = ORIENTED_EDGE('',*,*,#2271,.T.);
#2480 = ORIENTED_EDGE('',*,*,#2481,.F.);
#2481 = EDGE_CURVE('',#2482,#2228,#2484,.T.);
#2482 = VERTEX_POINT('',#2483);
#2483 = CARTESIAN_POINT('',(100.00774428111,-9.908324380399,
    -114.6725517145));
#2484 = SURFACE_CURVE('',#2485,(#2489,#2496),.PCURVE_S1.);
#2485 = LINE('',#2486,#2487);
#2486 = CARTESIAN_POINT('',(227.61706227368,-4.256572609196,
    -110.8245525093));
#2487 = VECTOR('',#2488,1.);
#2488 = DIRECTION('',(0.998567655899,4.422605344713E-02,
    3.011133988191E-02));
#2489 = PCURVE('',#781,#2490);
#2490 = DEFINITIONAL_REPRESENTATION('',(#2491),#2495);
#2491 = LINE('',#2492,#2493);
#2492 = CARTESIAN_POINT('',(163.92253632214,-1.360324454262E+04));
#2493 = VECTOR('',#2494,1.);
#2494 = DIRECTION('',(0.999546550797,-3.011133988191E-02));
#2495 = ( GEOMETRIC_REPRESENTATION_CONTEXT(2) 
PARAMETRIC_REPRESENTATION_CONTEXT() REPRESENTATION_CONTEXT('2D SPACE',''
  ) );
#2496 = PCURVE('',#1452,#2497);
#2497 = DEFINITIONAL_REPRESENTATION('',(#2498),#2502);
#2498 = LINE('',#2499,#2500);
#2499 = CARTESIAN_POINT('',(28.588909899027,-1.361236230317E+04));
#2500 = VECTOR('',#2501,1.);
#2501 = DIRECTION('',(0.999021549415,4.422605344713E-02));
#2502 = ( GEOMETRIC_REPRESENTATION_CONTEXT(2) 
PARAMETRIC_REPRESENTATION_CONTEXT() REPRESENTATION_CONTEXT('2D SPACE',''
  ) );
#2503 = ORIENTED_EDGE('',*,*,#2504,.T.);
#2504 = EDGE_CURVE('',#2482,#766,#2505,.T.);
#2505 = SURFACE_CURVE('',#2506,(#2510,#2517),.PCURVE_S1.);
#2506 = LINE('',#2507,#2508);
#2507 = CARTESIAN_POINT('',(-6.661341769866E+03,-309.3650544486,
    -114.6725517145));
#2508 = VECTOR('',#2509,1.);
#2509 = DIRECTION('',(-0.999020661021,-4.424611681352E-02,0.));
#2510 = PCURVE('',#781,#2511);
#2511 = DEFINITIONAL_REPRESENTATION('',(#2512),#2516);
#2512 = LINE('',#2513,#2514);
#2513 = CARTESIAN_POINT('',(-6.731789535437E+03,-1.359939654341E+04));
#2514 = VECTOR('',#2515,1.);
#2515 = DIRECTION('',(-1.,-5.418586533038E-18));
#2516 = ( GEOMETRIC_REPRESENTATION_CONTEXT(2) 
PARAMETRIC_REPRESENTATION_CONTEXT() REPRESENTATION_CONTEXT('2D SPACE',''
  ) );
#2517 = PCURVE('',#810,#2518);
#2518 = DEFINITIONAL_REPRESENTATION('',(#2519),#2523);
#2519 = LINE('',#2520,#2521);
#2520 = CARTESIAN_POINT('',(-277.0321949213,-6.750658317118E+03));
#2521 = VECTOR('',#2522,1.);
#2522 = DIRECTION('',(-4.424611681352E-02,0.999020661021));
#2523 = ( GEOMETRIC_REPRESENTATION_CONTEXT(2) 
PARAMETRIC_REPRESENTATION_CONTEXT() REPRESENTATION_CONTEXT('2D SPACE',''
  ) );
#2524 = ORIENTED_EDGE('',*,*,#765,.T.);
#2525 = ADVANCED_FACE('',(#2526),#810,.F.);
#2526 = FACE_BOUND('',#2527,.F.);
#2527 = EDGE_LOOP('',(#2528,#2529,#2552,#2573,#2574));
#2528 = ORIENTED_EDGE('',*,*,#2425,.T.);
#2529 = ORIENTED_EDGE('',*,*,#2530,.T.);
#2530 = EDGE_CURVE('',#2426,#2531,#2533,.T.);
#2531 = VERTEX_POINT('',#2532);
#2532 = CARTESIAN_POINT('',(100.0077442809,-13.02763540367,
    -114.6725517145));
#2533 = SURFACE_CURVE('',#2534,(#2538,#2545),.PCURVE_S1.);
#2534 = LINE('',#2535,#2536);
#2535 = CARTESIAN_POINT('',(-6.644145912548E+03,-311.7227696999,
    -114.6725517145));
#2536 = VECTOR('',#2537,1.);
#2537 = DIRECTION('',(0.999020661021,4.424611681352E-02,0.));
#2538 = PCURVE('',#810,#2539);
#2539 = DEFINITIONAL_REPRESENTATION('',(#2540),#2544);
#2540 = LINE('',#2541,#2542);
#2541 = CARTESIAN_POINT('',(-279.3899101726,-6.767854174436E+03));
#2542 = VECTOR('',#2543,1.);
#2543 = DIRECTION('',(4.424611681352E-02,-0.999020661021));
#2544 = ( GEOMETRIC_REPRESENTATION_CONTEXT(2) 
PARAMETRIC_REPRESENTATION_CONTEXT() REPRESENTATION_CONTEXT('2D SPACE',''
  ) );
#2545 = PCURVE('',#2349,#2546);
#2546 = DEFINITIONAL_REPRESENTATION('',(#2547),#2551);
#2547 = LINE('',#2548,#2549);
#2548 = CARTESIAN_POINT('',(-6.748864232437E+03,-1.359939654341E+04));
#2549 = VECTOR('',#2550,1.);
#2550 = DIRECTION('',(1.,0.));
#2551 = ( GEOMETRIC_REPRESENTATION_CONTEXT(2) 
PARAMETRIC_REPRESENTATION_CONTEXT() REPRESENTATION_CONTEXT('2D SPACE',''
  ) );
#2552 = ORIENTED_EDGE('',*,*,#2553,.F.);
#2553 = EDGE_CURVE('',#2482,#2531,#2554,.T.);
#2554 = SURFACE_CURVE('',#2555,(#2559,#2566),.PCURVE_S1.);
#2555 = LINE('',#2556,#2557);
#2556 = CARTESIAN_POINT('',(100.00774428111,6.787886435516E+03,
    -114.6725517145));
#2557 = VECTOR('',#2558,1.);
#2558 = DIRECTION('',(-1.110223024625E-16,-1.,0.));
#2559 = PCURVE('',#810,#2560);
#2560 = DEFINITIONAL_REPRESENTATION('',(#2561),#2565);
#2561 = LINE('',#2562,#2563);
#2562 = CARTESIAN_POINT('',(6.820219295044E+03,-1.351200783127E+04));
#2563 = VECTOR('',#2564,1.);
#2564 = DIRECTION('',(-1.,0.));
#2565 = ( GEOMETRIC_REPRESENTATION_CONTEXT(2) 
PARAMETRIC_REPRESENTATION_CONTEXT() REPRESENTATION_CONTEXT('2D SPACE',''
  ) );
#2566 = PCURVE('',#1452,#2567);
#2567 = DEFINITIONAL_REPRESENTATION('',(#2568),#2572);
#2568 = LINE('',#2569,#2570);
#2569 = CARTESIAN_POINT('',(-99.07841221752,-6.820219295044E+03));
#2570 = VECTOR('',#2571,1.);
#2571 = DIRECTION('',(-0.,-1.));
#2572 = ( GEOMETRIC_REPRESENTATION_CONTEXT(2) 
PARAMETRIC_REPRESENTATION_CONTEXT() REPRESENTATION_CONTEXT('2D SPACE',''
  ) );
#2573 = ORIENTED_EDGE('',*,*,#2504,.T.);
#2574 = ORIENTED_EDGE('',*,*,#793,.F.);
#2575 = ADVANCED_FACE('',(#2576),#1198,.F.);
#2576 = FACE_BOUND('',#2577,.F.);
#2577 = EDGE_LOOP('',(#2578,#2601,#2602,#2603));
#2578 = ORIENTED_EDGE('',*,*,#2579,.T.);
#2579 = EDGE_CURVE('',#2580,#1182,#2582,.T.);
#2580 = VERTEX_POINT('',#2581);
#2581 = CARTESIAN_POINT('',(76.218232089857,13.60810573056,
    -102.5123698107));
#2582 = SEAM_CURVE('',#2583,(#2587,#2594),.PCURVE_S1.);
#2583 = LINE('',#2584,#2585);
#2584 = CARTESIAN_POINT('',(76.218232089857,13.60810573056,
    -133.1795760271));
#2585 = VECTOR('',#2586,1.);
#2586 = DIRECTION('',(0.,0.,1.));
#2587 = PCURVE('',#1198,#2588);
#2588 = DEFINITIONAL_REPRESENTATION('',(#2589),#2593);
#2589 = LINE('',#2590,#2591);
#2590 = CARTESIAN_POINT('',(6.28318530718,0.));
#2591 = VECTOR('',#2592,1.);
#2592 = DIRECTION('',(0.,1.));
#2593 = ( GEOMETRIC_REPRESENTATION_CONTEXT(2) 
PARAMETRIC_REPRESENTATION_CONTEXT() REPRESENTATION_CONTEXT('2D SPACE',''
  ) );
#2594 = PCURVE('',#1198,#2595);
#2595 = DEFINITIONAL_REPRESENTATION('',(#2596),#2600);
#2596 = LINE('',#2597,#2598);
#2597 = CARTESIAN_POINT('',(0.,0.));
#2598 = VECTOR('',#2599,1.);
#2599 = DIRECTION('',(0.,1.));
#2600 = ( GEOMETRIC_REPRESENTATION_CONTEXT(2) 
PARAMETRIC_REPRESENTATION_CONTEXT() REPRESENTATION_CONTEXT('2D SPACE',''
  ) );
#2601 = ORIENTED_EDGE('',*,*,#1181,.F.);
#2602 = ORIENTED_EDGE('',*,*,#2579,.F.);
#2603 = ORIENTED_EDGE('',*,*,#2604,.T.);
#2604 = EDGE_CURVE('',#2580,#2580,#2605,.T.);
#2605 = SURFACE_CURVE('',#2606,(#2611,#2618),.PCURVE_S1.);
#2606 = CIRCLE('',#2607,13.60810573056);
#2607 = AXIS2_PLACEMENT_3D('',#2608,#2609,#2610);
#2608 = CARTESIAN_POINT('',(76.218232089857,1.331017645947E-14,
    -102.5123698107));
#2609 = DIRECTION('',(0.,0.,1.));
#2610 = DIRECTION('',(0.,-1.,0.));
#2611 = PCURVE('',#1198,#2612);
#2612 = DEFINITIONAL_REPRESENTATION('',(#2613),#2617);
#2613 = LINE('',#2614,#2615);
#2614 = CARTESIAN_POINT('',(-3.14159265359,30.667206216448));
#2615 = VECTOR('',#2616,1.);
#2616 = DIRECTION('',(1.,0.));
#2617 = ( GEOMETRIC_REPRESENTATION_CONTEXT(2) 
PARAMETRIC_REPRESENTATION_CONTEXT() REPRESENTATION_CONTEXT('2D SPACE',''
  ) );
#2618 = PCURVE('',#2619,#2624);
#2619 = PLANE('',#2620);
#2620 = AXIS2_PLACEMENT_3D('',#2621,#2622,#2623);
#2621 = CARTESIAN_POINT('',(76.297497025899,0.,-102.5123698107));
#2622 = DIRECTION('',(0.,0.,1.));
#2623 = DIRECTION('',(1.,0.,0.));
#2624 = DEFINITIONAL_REPRESENTATION('',(#2625),#2629);
#2625 = CIRCLE('',#2626,13.60810573056);
#2626 = AXIS2_PLACEMENT_2D('',#2627,#2628);
#2627 = CARTESIAN_POINT('',(-7.926493604159E-02,1.331017645947E-14));
#2628 = DIRECTION('',(0.,-1.));
#2629 = ( GEOMETRIC_REPRESENTATION_CONTEXT(2) 
PARAMETRIC_REPRESENTATION_CONTEXT() REPRESENTATION_CONTEXT('2D SPACE',''
  ) );
#2630 = ADVANCED_FACE('',(#2631),#1233,.F.);
#2631 = FACE_BOUND('',#2632,.F.);
#2632 = EDGE_LOOP('',(#2633,#2656,#2678,#2679));
#2633 = ORIENTED_EDGE('',*,*,#2634,.T.);
#2634 = EDGE_CURVE('',#1217,#2635,#2637,.T.);
#2635 = VERTEX_POINT('',#2636);
#2636 = CARTESIAN_POINT('',(87.297497025899,0.,-102.5123698107));
#2637 = SEAM_CURVE('',#2638,(#2642,#2649),.PCURVE_S1.);
#2638 = LINE('',#2639,#2640);
#2639 = CARTESIAN_POINT('',(87.297497025899,-2.694133978409E-15,
    -127.5123698107));
#2640 = VECTOR('',#2641,1.);
#2641 = DIRECTION('',(0.,0.,1.));
#2642 = PCURVE('',#1233,#2643);
#2643 = DEFINITIONAL_REPRESENTATION('',(#2644),#2648);
#2644 = LINE('',#2645,#2646);
#2645 = CARTESIAN_POINT('',(6.28318530718,0.));
#2646 = VECTOR('',#2647,1.);
#2647 = DIRECTION('',(0.,1.));
#2648 = ( GEOMETRIC_REPRESENTATION_CONTEXT(2) 
PARAMETRIC_REPRESENTATION_CONTEXT() REPRESENTATION_CONTEXT('2D SPACE',''
  ) );
#2649 = PCURVE('',#1233,#2650);
#2650 = DEFINITIONAL_REPRESENTATION('',(#2651),#2655);
#2651 = LINE('',#2652,#2653);
#2652 = CARTESIAN_POINT('',(0.,0.));
#2653 = VECTOR('',#2654,1.);
#2654 = DIRECTION('',(0.,1.));
#2655 = ( GEOMETRIC_REPRESENTATION_CONTEXT(2) 
PARAMETRIC_REPRESENTATION_CONTEXT() REPRESENTATION_CONTEXT('2D SPACE',''
  ) );
#2656 = ORIENTED_EDGE('',*,*,#2657,.F.);
#2657 = EDGE_CURVE('',#2635,#2635,#2658,.T.);
#2658 = SURFACE_CURVE('',#2659,(#2664,#2671),.PCURVE_S1.);
#2659 = CIRCLE('',#2660,11.);
#2660 = AXIS2_PLACEMENT_3D('',#2661,#2662,#2663);
#2661 = CARTESIAN_POINT('',(76.297497025899,0.,-102.5123698107));
#2662 = DIRECTION('',(-0.,0.,1.));
#2663 = DIRECTION('',(0.,-1.,0.));
#2664 = PCURVE('',#1233,#2665);
#2665 = DEFINITIONAL_REPRESENTATION('',(#2666),#2670);
#2666 = LINE('',#2667,#2668);
#2667 = CARTESIAN_POINT('',(-1.570796326795,25.));
#2668 = VECTOR('',#2669,1.);
#2669 = DIRECTION('',(1.,0.));
#2670 = ( GEOMETRIC_REPRESENTATION_CONTEXT(2) 
PARAMETRIC_REPRESENTATION_CONTEXT() REPRESENTATION_CONTEXT('2D SPACE',''
  ) );
#2671 = PCURVE('',#2619,#2672);
#2672 = DEFINITIONAL_REPRESENTATION('',(#2673),#2677);
#2673 = CIRCLE('',#2674,11.);
#2674 = AXIS2_PLACEMENT_2D('',#2675,#2676);
#2675 = CARTESIAN_POINT('',(0.,0.));
#2676 = DIRECTION('',(0.,-1.));
#2677 = ( GEOMETRIC_REPRESENTATION_CONTEXT(2) 
PARAMETRIC_REPRESENTATION_CONTEXT() REPRESENTATION_CONTEXT('2D SPACE',''
  ) );
#2678 = ORIENTED_EDGE('',*,*,#2634,.F.);
#2679 = ORIENTED_EDGE('',*,*,#1216,.T.);
#2680 = ADVANCED_FACE('',(#2681),#1319,.T.);
#2681 = FACE_BOUND('',#2682,.T.);
#2682 = EDGE_LOOP('',(#2683,#2706,#2707,#2708,#2709,#2732,#2800,#2863));
#2683 = ORIENTED_EDGE('',*,*,#2684,.T.);
#2684 = EDGE_CURVE('',#2685,#1437,#2687,.T.);
#2685 = VERTEX_POINT('',#2686);
#2686 = CARTESIAN_POINT('',(180.31788734803,9.470740025924,
    -112.2508369718));
#2687 = SURFACE_CURVE('',#2688,(#2692,#2699),.PCURVE_S1.);
#2688 = LINE('',#2689,#2690);
#2689 = CARTESIAN_POINT('',(52.997930477494,15.109676140244,
    -116.0901106278));
#2690 = VECTOR('',#2691,1.);
#2691 = DIRECTION('',(-0.998567655899,4.422605344713E-02,
    -3.011133988191E-02));
#2692 = PCURVE('',#1319,#2693);
#2693 = DEFINITIONAL_REPRESENTATION('',(#2694),#2698);
#2694 = LINE('',#2695,#2696);
#2695 = CARTESIAN_POINT('',(-45.15518583842,-1.35979789845E+04));
#2696 = VECTOR('',#2697,1.);
#2697 = DIRECTION('',(-0.999546550797,3.011133988191E-02));
#2698 = ( GEOMETRIC_REPRESENTATION_CONTEXT(2) 
PARAMETRIC_REPRESENTATION_CONTEXT() REPRESENTATION_CONTEXT('2D SPACE',''
  ) );
#2699 = PCURVE('',#1452,#2700);
#2700 = DEFINITIONAL_REPRESENTATION('',(#2701),#2705);
#2701 = LINE('',#2702,#2703);
#2702 = CARTESIAN_POINT('',(-146.1095940772,-1.359299605442E+04));
#2703 = VECTOR('',#2704,1.);
#2704 = DIRECTION('',(-0.999021549415,4.422605344713E-02));
#2705 = ( GEOMETRIC_REPRESENTATION_CONTEXT(2) 
PARAMETRIC_REPRESENTATION_CONTEXT() REPRESENTATION_CONTEXT('2D SPACE',''
  ) );
#2706 = ORIENTED_EDGE('',*,*,#1464,.F.);
#2707 = ORIENTED_EDGE('',*,*,#1305,.T.);
#2708 = ORIENTED_EDGE('',*,*,#1387,.T.);
#2709 = ORIENTED_EDGE('',*,*,#2710,.F.);
#2710 = EDGE_CURVE('',#2711,#1360,#2713,.T.);
#2711 = VERTEX_POINT('',#2712);
#2712 = CARTESIAN_POINT('',(180.31788734803,9.470740025924,
    -99.67589216029));
#2713 = SURFACE_CURVE('',#2714,(#2718,#2725),.PCURVE_S1.);
#2714 = LINE('',#2715,#2716);
#2715 = CARTESIAN_POINT('',(52.997930477494,15.109676140244,
    -95.83661850423));
#2716 = VECTOR('',#2717,1.);
#2717 = DIRECTION('',(-0.998567655899,4.422605344713E-02,
    3.011133988191E-02));
#2718 = PCURVE('',#1319,#2719);
#2719 = DEFINITIONAL_REPRESENTATION('',(#2720),#2724);
#2720 = LINE('',#2721,#2722);
#2721 = CARTESIAN_POINT('',(-45.15518583842,-1.361823247662E+04));
#2722 = VECTOR('',#2723,1.);
#2723 = DIRECTION('',(-0.999546550797,-3.011133988191E-02));
#2724 = ( GEOMETRIC_REPRESENTATION_CONTEXT(2) 
PARAMETRIC_REPRESENTATION_CONTEXT() REPRESENTATION_CONTEXT('2D SPACE',''
  ) );
#2725 = PCURVE('',#1375,#2726);
#2726 = DEFINITIONAL_REPRESENTATION('',(#2727),#2731);
#2727 = LINE('',#2728,#2729);
#2728 = CARTESIAN_POINT('',(146.10959407726,-1.359299605442E+04));
#2729 = VECTOR('',#2730,1.);
#2730 = DIRECTION('',(0.999021549415,4.422605344713E-02));
#2731 = ( GEOMETRIC_REPRESENTATION_CONTEXT(2) 
PARAMETRIC_REPRESENTATION_CONTEXT() REPRESENTATION_CONTEXT('2D SPACE',''
  ) );
#2732 = ORIENTED_EDGE('',*,*,#2733,.T.);
#2733 = EDGE_CURVE('',#2711,#2734,#2736,.T.);
#2734 = VERTEX_POINT('',#2735);
#2735 = CARTESIAN_POINT('',(179.46915237011,9.508330066293,
    -104.8943806966));
#2736 = SURFACE_CURVE('',#2737,(#2748,#2762),.PCURVE_S1.);
#2737 = ( BOUNDED_CURVE() B_SPLINE_CURVE(3,(#2738,#2739,#2740,#2741,
    #2742,#2743,#2744,#2745,#2746,#2747),.UNSPECIFIED.,.F.,.F.) 
B_SPLINE_CURVE_WITH_KNOTS((4,3,3,4),(-2.415625231678,0.,4.513902197164,
5.905517523815),.UNSPECIFIED.) CURVE() GEOMETRIC_REPRESENTATION_ITEM() 
RATIONAL_B_SPLINE_CURVE((1.,1.,1.,1.,1.,1.,1.,1.,1.,1.)) 
REPRESENTATION_ITEM('') );
#2738 = CARTESIAN_POINT('',(180.93288378596,9.443502146574,
    -96.02070650678));
#2739 = CARTESIAN_POINT('',(180.75430375002,9.451411365512,
    -97.06661790546));
#2740 = CARTESIAN_POINT('',(180.57796582082,9.459221282682,
    -98.11278969838));
#2741 = CARTESIAN_POINT('',(180.40365655575,9.46694135135,-99.1591970967
    ));
#2742 = CARTESIAN_POINT('',(180.07732211932,9.481394537513,
    -101.1213337378));
#2743 = CARTESIAN_POINT('',(179.74717443199,9.496016610619,
    -103.1496176908));
#2744 = CARTESIAN_POINT('',(179.41271482762,9.510829656336,
    -105.2480686418));
#2745 = CARTESIAN_POINT('',(179.30977471426,9.515388821585,
    -105.8930907263));
#2746 = CARTESIAN_POINT('',(179.20747929051,9.519919433859,
    -106.5381856279));
#2747 = CARTESIAN_POINT('',(179.10579511237,9.524422974376,
    -107.1833495691));
#2748 = PCURVE('',#1319,#2749);
#2749 = DEFINITIONAL_REPRESENTATION('',(#2750),#2761);
#2750 = ( BOUNDED_CURVE() B_SPLINE_CURVE(3,(#2751,#2752,#2753,#2754,
    #2755,#2756,#2757,#2758,#2759,#2760),.UNSPECIFIED.,.F.,.F.) 
B_SPLINE_CURVE_WITH_KNOTS((4,3,3,4),(-2.415625231678,0.,4.513902197164,
5.905517523815),.UNSPECIFIED.) CURVE() GEOMETRIC_REPRESENTATION_ITEM() 
RATIONAL_B_SPLINE_CURVE((1.,1.,1.,1.,1.,1.,1.,1.,1.,1.)) 
REPRESENTATION_ITEM('') );
#2751 = CARTESIAN_POINT('',(82.905181979913,-1.361804838862E+04));
#2752 = CARTESIAN_POINT('',(82.72642688214,-1.361700247722E+04));
#2753 = CARTESIAN_POINT('',(82.549916089042,-1.361595630543E+04));
#2754 = CARTESIAN_POINT('',(82.375435948768,-1.361490989803E+04));
#2755 = CARTESIAN_POINT('',(82.048781607011,-1.361294776139E+04));
#2756 = CARTESIAN_POINT('',(81.718310276219,-1.361091947744E+04));
#2757 = CARTESIAN_POINT('',(81.383522801432,-1.360882102648E+04));
#2758 = CARTESIAN_POINT('',(81.280481775976,-1.36081760044E+04));
#2759 = CARTESIAN_POINT('',(81.178086072119,-1.36075309095E+04));
#2760 = CARTESIAN_POINT('',(81.076302213083,-1.360688574556E+04));
#2761 = ( GEOMETRIC_REPRESENTATION_CONTEXT(2) 
PARAMETRIC_REPRESENTATION_CONTEXT() REPRESENTATION_CONTEXT('2D SPACE',''
  ) );
#2762 = PCURVE('',#2763,#2794);
#2763 = ( BOUNDED_SURFACE() B_SPLINE_SURFACE(2,3,(
    (#2764,#2765,#2766,#2767,#2768,#2769,#2770,#2771,#2772,#2773)
    ,(#2774,#2775,#2776,#2777,#2778,#2779,#2780,#2781,#2782,#2783)
    ,(#2784,#2785,#2786,#2787,#2788,#2789,#2790,#2791,#2792,#2793
)),.UNSPECIFIED.,.F.,.F.,.F.) B_SPLINE_SURFACE_WITH_KNOTS((3,3),(4,3,3,4
    ),(0.,8.321142755493),(-2.415625231678,0.,4.513902197164,
5.905517523815),.UNSPECIFIED.) GEOMETRIC_REPRESENTATION_ITEM() 
RATIONAL_B_SPLINE_SURFACE((
    (1.,1.,1.,1.,1.,1.,1.,1.,1.,1.)
    ,(0.963354782982,0.962677396298,0.962005512193,0.961338995543
      ,0.960097198682,0.958832162461,0.957544388001,0.95714637532
      ,0.956750303907,0.956356144993)
,(1.,1.,1.,1.,1.,1.,1.,1.,1.,1.))) REPRESENTATION_ITEM('') SURFACE() );
#2764 = CARTESIAN_POINT('',(189.90623725459,11.535352388919,
    -97.05007659893));
#2765 = CARTESIAN_POINT('',(189.80381116799,11.585044198339,
    -98.10460056892));
#2766 = CARTESIAN_POINT('',(189.70166048897,11.634309384075,
    -99.15915865177));
#2767 = CARTESIAN_POINT('',(189.59974355203,11.683161063983,
    -100.2137459506));
#2768 = CARTESIAN_POINT('',(189.40946448534,11.77419488398,
    -102.1809409728));
#2769 = CARTESIAN_POINT('',(189.21363708662,11.866860311506,
    -104.2143287388));
#2770 = CARTESIAN_POINT('',(189.01179595198,11.961126580586,
    -106.3179202188));
#2771 = CARTESIAN_POINT('',(188.94952043258,11.990256709524,
    -106.9674036664));
#2772 = CARTESIAN_POINT('',(188.88731068882,12.019238857078,
    -107.6168952677));
#2773 = CARTESIAN_POINT('',(188.82516096362,12.048075658533,
    -108.2663943604));
#2774 = CARTESIAN_POINT('',(185.70810994626,9.23200980938,
    -96.57529267568));
#2775 = CARTESIAN_POINT('',(185.57610606599,9.237856194078,
    -97.62736389306));
#2776 = CARTESIAN_POINT('',(185.44552566951,9.24363953341,
    -98.67883835518));
#2777 = CARTESIAN_POINT('',(185.31622371471,9.249366251204,
    -99.72973380192));
#2778 = CARTESIAN_POINT('',(185.07390151305,9.260098578231,
    -101.6986244055));
#2779 = CARTESIAN_POINT('',(184.82795057231,9.270991620266,
    -103.7314819189));
#2780 = CARTESIAN_POINT('',(184.57798324026,9.282062546229,
    -105.8314811082));
#2781 = CARTESIAN_POINT('',(184.50084461787,9.285478976569,
    -106.4796905042));
#2782 = CARTESIAN_POINT('',(184.42411193907,9.288877427872,
    -107.1276701631));
#2783 = CARTESIAN_POINT('',(184.34776240105,9.292258910067,
    -107.7754251052));
#2784 = CARTESIAN_POINT('',(180.93288378596,9.443502146574,
    -96.02070650678));
#2785 = CARTESIAN_POINT('',(180.75430375002,9.451411365512,
    -97.06661790546));
#2786 = CARTESIAN_POINT('',(180.57796582082,9.459221282682,
    -98.11278969838));
#2787 = CARTESIAN_POINT('',(180.40365655575,9.46694135135,-99.1591970967
    ));
#2788 = CARTESIAN_POINT('',(180.07732211932,9.481394537513,
    -101.1213337378));
#2789 = CARTESIAN_POINT('',(179.74717443199,9.496016610619,
    -103.1496176908));
#2790 = CARTESIAN_POINT('',(179.41271482762,9.510829656336,
    -105.2480686418));
#2791 = CARTESIAN_POINT('',(179.30977471426,9.515388821585,
    -105.8930907263));
#2792 = CARTESIAN_POINT('',(179.20747929051,9.519919433859,
    -106.5381856279));
#2793 = CARTESIAN_POINT('',(179.10579511237,9.524422974376,
    -107.1833495691));
#2794 = DEFINITIONAL_REPRESENTATION('',(#2795),#2799);
#2795 = LINE('',#2796,#2797);
#2796 = CARTESIAN_POINT('',(8.321142755493,0.));
#2797 = VECTOR('',#2798,1.);
#2798 = DIRECTION('',(0.,1.));
#2799 = ( GEOMETRIC_REPRESENTATION_CONTEXT(2) 
PARAMETRIC_REPRESENTATION_CONTEXT() REPRESENTATION_CONTEXT('2D SPACE',''
  ) );
#2800 = ORIENTED_EDGE('',*,*,#2801,.T.);
#2801 = EDGE_CURVE('',#2734,#2802,#2804,.T.);
#2802 = VERTEX_POINT('',#2803);
#2803 = CARTESIAN_POINT('',(179.46915237002,9.508330066296,
    -107.0323484354));
#2804 = SURFACE_CURVE('',#2805,(#2815,#2828),.PCURVE_S1.);
#2805 = ( BOUNDED_CURVE() B_SPLINE_CURVE(8,(#2806,#2807,#2808,#2809,
    #2810,#2811,#2812,#2813,#2814),.UNSPECIFIED.,.F.,.F.) 
B_SPLINE_CURVE_WITH_KNOTS((9,9),(0.,1.),.PIECEWISE_BEZIER_KNOTS.) CURVE(
) GEOMETRIC_REPRESENTATION_ITEM() RATIONAL_B_SPLINE_CURVE((1.,1.,1.,1.,
1.,1.,1.,1.,1.)) REPRESENTATION_ITEM('') );
#2806 = CARTESIAN_POINT('',(179.46915237011,9.508330066293,
    -104.8943806966));
#2807 = CARTESIAN_POINT('',(179.45391097877,9.509005099761,
    -105.0293844133));
#2808 = CARTESIAN_POINT('',(179.42802555292,9.510151552102,
    -105.2791475408));
#2809 = CARTESIAN_POINT('',(179.40375240653,9.511226597407,
    -105.5908043654));
#2810 = CARTESIAN_POINT('',(179.39022903175,9.511825540795,
    -105.9633645375));
#2811 = CARTESIAN_POINT('',(179.40375240637,9.511226597414,
    -106.3359248084));
#2812 = CARTESIAN_POINT('',(179.42802555288,9.510151552104,
    -106.6475815736));
#2813 = CARTESIAN_POINT('',(179.45391097878,9.50900509976,
    -106.8973447196));
#2814 = CARTESIAN_POINT('',(179.46915237002,9.508330066296,
    -107.0323484354));
#2815 = PCURVE('',#1319,#2816);
#2816 = DEFINITIONAL_REPRESENTATION('',(#2817),#2827);
#2817 = ( BOUNDED_CURVE() B_SPLINE_CURVE(8,(#2818,#2819,#2820,#2821,
    #2822,#2823,#2824,#2825,#2826),.UNSPECIFIED.,.F.,.F.) 
B_SPLINE_CURVE_WITH_KNOTS((9,9),(0.,1.),.PIECEWISE_BEZIER_KNOTS.) CURVE(
) GEOMETRIC_REPRESENTATION_ITEM() RATIONAL_B_SPLINE_CURVE((1.,1.,1.,1.,
1.,1.,1.,1.,1.)) REPRESENTATION_ITEM('') );
#2818 = CARTESIAN_POINT('',(81.440015669583,-1.360917471443E+04));
#2819 = CARTESIAN_POINT('',(81.42475933712,-1.360903971071E+04));
#2820 = CARTESIAN_POINT('',(81.398848535818,-1.360878994759E+04));
#2821 = CARTESIAN_POINT('',(81.374551594482,-1.360847829076E+04));
#2822 = CARTESIAN_POINT('',(81.361014962753,-1.360810573059E+04));
#2823 = CARTESIAN_POINT('',(81.374551594327,-1.360773317032E+04));
#2824 = CARTESIAN_POINT('',(81.398848535774,-1.360742151355E+04));
#2825 = CARTESIAN_POINT('',(81.424759337132,-1.360717175041E+04));
#2826 = CARTESIAN_POINT('',(81.440015669495,-1.360703674669E+04));
#2827 = ( GEOMETRIC_REPRESENTATION_CONTEXT(2) 
PARAMETRIC_REPRESENTATION_CONTEXT() REPRESENTATION_CONTEXT('2D SPACE',''
  ) );
#2828 = PCURVE('',#2829,#2857);
#2829 = ( BOUNDED_SURFACE() B_SPLINE_SURFACE(2,8,(
    (#2830,#2831,#2832,#2833,#2834,#2835,#2836,#2837,#2838)
    ,(#2839,#2840,#2841,#2842,#2843,#2844,#2845,#2846,#2847)
    ,(#2848,#2849,#2850,#2851,#2852,#2853,#2854,#2855,#2856
)),.UNSPECIFIED.,.F.,.F.,.F.) B_SPLINE_SURFACE_WITH_KNOTS((3,3),(9,9),(
    0.,1.),(0.,1.),.PIECEWISE_BEZIER_KNOTS.) 
GEOMETRIC_REPRESENTATION_ITEM() RATIONAL_B_SPLINE_SURFACE((
    (1.,1.,1.,1.,1.,1.,1.,1.,1.)
    ,(0.957761631754,0.957761631754,0.957761631747,0.957761631771
      ,0.957761631735,0.957761631763,0.957761631753,0.957761631753
      ,0.957761631753)
,(1.,1.,1.,1.,1.,1.,1.,1.,1.))) REPRESENTATION_ITEM('') SURFACE() );
#2830 = CARTESIAN_POINT('',(179.46915237011,9.508330066293,
    -104.8943806966));
#2831 = CARTESIAN_POINT('',(179.45391097877,9.509005099761,
    -105.0293844133));
#2832 = CARTESIAN_POINT('',(179.42802555292,9.510151552102,
    -105.2791475408));
#2833 = CARTESIAN_POINT('',(179.40375240653,9.511226597407,
    -105.5908043654));
#2834 = CARTESIAN_POINT('',(179.39022903175,9.511825540795,
    -105.9633645375));
#2835 = CARTESIAN_POINT('',(179.40375240637,9.511226597414,
    -106.3359248084));
#2836 = CARTESIAN_POINT('',(179.42802555288,9.510151552104,
    -106.6475815736));
#2837 = CARTESIAN_POINT('',(179.45391097878,9.50900509976,
    -106.8973447196));
#2838 = CARTESIAN_POINT('',(179.46915237002,9.508330066296,
    -107.0323484354));
#2839 = CARTESIAN_POINT('',(184.62020914938,9.280192382197,
    -105.4770555641));
#2840 = CARTESIAN_POINT('',(184.61327543782,9.280499472754,
    -105.5384723213));
#2841 = CARTESIAN_POINT('',(184.60149947385,9.281021023955,
    -105.6520961661));
#2842 = CARTESIAN_POINT('',(184.5904569781,9.28151009135,-105.7938770887
    ));
#2843 = CARTESIAN_POINT('',(184.58430483798,9.281782565225,
    -105.9633645531));
#2844 = CARTESIAN_POINT('',(184.59045697811,9.281510091034,
    -106.1328520623));
#2845 = CARTESIAN_POINT('',(184.60149947377,9.281021024197,
    -106.2746329579));
#2846 = CARTESIAN_POINT('',(184.61327543783,9.280499472732,
    -106.3882568111));
#2847 = CARTESIAN_POINT('',(184.62020914935,9.280192382176,
    -106.4496735679));
#2848 = CARTESIAN_POINT('',(189.04582269431,11.945223536437,
    -105.963364566));
#2849 = CARTESIAN_POINT('',(189.04582269431,11.945223536437,
    -105.963364566));
#2850 = CARTESIAN_POINT('',(189.04582269431,11.945223536437,
    -105.963364566));
#2851 = CARTESIAN_POINT('',(189.04582269431,11.945223536439,
    -105.963364566));
#2852 = CARTESIAN_POINT('',(189.04582269431,11.945223536436,
    -105.963364566));
#2853 = CARTESIAN_POINT('',(189.04582269431,11.945223536438,
    -105.963364566));
#2854 = CARTESIAN_POINT('',(189.04582269431,11.945223536437,
    -105.963364566));
#2855 = CARTESIAN_POINT('',(189.04582269431,11.945223536437,
    -105.963364566));
#2856 = CARTESIAN_POINT('',(189.04582269431,11.945223536437,
    -105.963364566));
#2857 = DEFINITIONAL_REPRESENTATION('',(#2858),#2862);
#2858 = LINE('',#2859,#2860);
#2859 = CARTESIAN_POINT('',(0.,0.));
#2860 = VECTOR('',#2861,1.);
#2861 = DIRECTION('',(0.,1.));
#2862 = ( GEOMETRIC_REPRESENTATION_CONTEXT(2) 
PARAMETRIC_REPRESENTATION_CONTEXT() REPRESENTATION_CONTEXT('2D SPACE',''
  ) );
#2863 = ORIENTED_EDGE('',*,*,#2864,.T.);
#2864 = EDGE_CURVE('',#2802,#2685,#2865,.T.);
#2865 = SURFACE_CURVE('',#2866,(#2877,#2891),.PCURVE_S1.);
#2866 = ( BOUNDED_CURVE() B_SPLINE_CURVE(3,(#2867,#2868,#2869,#2870,
    #2871,#2872,#2873,#2874,#2875,#2876),.UNSPECIFIED.,.F.,.F.) 
B_SPLINE_CURVE_WITH_KNOTS((4,3,3,4),(-1.39161532665,0.,4.513902197164,
6.929527428843),.UNSPECIFIED.) CURVE() GEOMETRIC_REPRESENTATION_ITEM() 
RATIONAL_B_SPLINE_CURVE((1.,1.,1.,1.,1.,1.,1.,1.,1.,1.)) 
REPRESENTATION_ITEM('') );
#2867 = CARTESIAN_POINT('',(179.10579511239,9.524422974375,
    -104.7433795629));
#2868 = CARTESIAN_POINT('',(179.20747929052,9.519919433858,
    -105.3885435042));
#2869 = CARTESIAN_POINT('',(179.30977471426,9.515388821585,
    -106.0336384058));
#2870 = CARTESIAN_POINT('',(179.41271482762,9.510829656336,
    -106.6786604902));
#2871 = CARTESIAN_POINT('',(179.74717443199,9.496016610619,
    -108.7771114412));
#2872 = CARTESIAN_POINT('',(180.07732211932,9.481394537513,
    -110.8053953942));
#2873 = CARTESIAN_POINT('',(180.40365655575,9.46694135135,
    -112.7675320354));
#2874 = CARTESIAN_POINT('',(180.57796582082,9.459221282682,
    -113.8139394337));
#2875 = CARTESIAN_POINT('',(180.75430375005,9.45141136551,
    -114.8601112266));
#2876 = CARTESIAN_POINT('',(180.93288378598,9.443502146573,
    -115.9060226253));
#2877 = PCURVE('',#1319,#2878);
#2878 = DEFINITIONAL_REPRESENTATION('',(#2879),#2890);
#2879 = ( BOUNDED_CURVE() B_SPLINE_CURVE(3,(#2880,#2881,#2882,#2883,
    #2884,#2885,#2886,#2887,#2888,#2889),.UNSPECIFIED.,.F.,.F.) 
B_SPLINE_CURVE_WITH_KNOTS((4,3,3,4),(-1.39161532665,0.,4.513902197164,
6.929527428843),.UNSPECIFIED.) CURVE() GEOMETRIC_REPRESENTATION_ITEM() 
RATIONAL_B_SPLINE_CURVE((1.,1.,1.,1.,1.,1.,1.,1.,1.,1.)) 
REPRESENTATION_ITEM('') );
#2880 = CARTESIAN_POINT('',(81.076302213097,-1.360932571556E+04));
#2881 = CARTESIAN_POINT('',(81.178086072134,-1.360868055162E+04));
#2882 = CARTESIAN_POINT('',(81.280481775976,-1.360803545672E+04));
#2883 = CARTESIAN_POINT('',(81.383522801432,-1.360739043464E+04));
#2884 = CARTESIAN_POINT('',(81.718310276219,-1.360529198368E+04));
#2885 = CARTESIAN_POINT('',(82.048781607011,-1.360326369973E+04));
#2886 = CARTESIAN_POINT('',(82.375435948767,-1.360130156309E+04));
#2887 = CARTESIAN_POINT('',(82.549916089041,-1.360025515569E+04));
#2888 = CARTESIAN_POINT('',(82.726426882165,-1.35992089839E+04));
#2889 = CARTESIAN_POINT('',(82.905181979938,-1.35981630725E+04));
#2890 = ( GEOMETRIC_REPRESENTATION_CONTEXT(2) 
PARAMETRIC_REPRESENTATION_CONTEXT() REPRESENTATION_CONTEXT('2D SPACE',''
  ) );
#2891 = PCURVE('',#2892,#2923);
#2892 = ( BOUNDED_SURFACE() B_SPLINE_SURFACE(2,3,(
    (#2893,#2894,#2895,#2896,#2897,#2898,#2899,#2900,#2901,#2902)
    ,(#2903,#2904,#2905,#2906,#2907,#2908,#2909,#2910,#2911,#2912)
    ,(#2913,#2914,#2915,#2916,#2917,#2918,#2919,#2920,#2921,#2922
)),.UNSPECIFIED.,.F.,.F.,.F.) B_SPLINE_SURFACE_WITH_KNOTS((3,3),(4,3,3,4
    ),(0.,8.321142755493),(-1.39161532665,0.,4.513902197164,
6.929527428843),.UNSPECIFIED.) GEOMETRIC_REPRESENTATION_ITEM() 
RATIONAL_B_SPLINE_SURFACE((
    (1.,1.,1.,1.,1.,1.,1.,1.,1.,1.)
    ,(0.956356144993,0.956750303907,0.95714637532,0.957544388001
      ,0.958832162461,0.960097198682,0.961338995543,0.962005512193
      ,0.962677396298,0.963354782982)
,(1.,1.,1.,1.,1.,1.,1.,1.,1.,1.))) REPRESENTATION_ITEM('') SURFACE() );
#2893 = CARTESIAN_POINT('',(188.82516096363,12.048075658536,
    -103.6603347716));
#2894 = CARTESIAN_POINT('',(188.88731068882,12.019238857081,
    -104.3098338643));
#2895 = CARTESIAN_POINT('',(188.94952043258,11.990256709524,
    -104.9593254656));
#2896 = CARTESIAN_POINT('',(189.01179595198,11.961126580586,
    -105.6088089133));
#2897 = CARTESIAN_POINT('',(189.21363708662,11.866860311506,
    -107.7124003932));
#2898 = CARTESIAN_POINT('',(189.40946448534,11.77419488398,
    -109.7457881592));
#2899 = CARTESIAN_POINT('',(189.59974355203,11.683161063983,
    -111.7129831814));
#2900 = CARTESIAN_POINT('',(189.70166048897,11.634309384075,
    -112.7675704803));
#2901 = CARTESIAN_POINT('',(189.803811168,11.585044198343,
    -113.8221285631));
#2902 = CARTESIAN_POINT('',(189.9062372546,11.535352388924,
    -114.8766525331));
#2903 = CARTESIAN_POINT('',(184.34776240106,9.29225891007,
    -104.1513040268));
#2904 = CARTESIAN_POINT('',(184.42411193907,9.288877427875,
    -104.7990589689));
#2905 = CARTESIAN_POINT('',(184.50084461787,9.285478976569,
    -105.4470386278));
#2906 = CARTESIAN_POINT('',(184.57798324026,9.282062546229,
    -106.0952480238));
#2907 = CARTESIAN_POINT('',(184.82795057231,9.270991620266,
    -108.1952472132));
#2908 = CARTESIAN_POINT('',(185.07390151305,9.260098578231,
    -110.2281047265));
#2909 = CARTESIAN_POINT('',(185.31622371471,9.249366251204,
    -112.1969953301));
#2910 = CARTESIAN_POINT('',(185.44552566951,9.24363953341,
    -113.2478907769));
#2911 = CARTESIAN_POINT('',(185.57610606601,9.237856194083,
    -114.299365239));
#2912 = CARTESIAN_POINT('',(185.70810994628,9.232009809384,
    -115.3514364564));
#2913 = CARTESIAN_POINT('',(179.10579511239,9.524422974375,
    -104.7433795629));
#2914 = CARTESIAN_POINT('',(179.20747929052,9.519919433858,
    -105.3885435042));
#2915 = CARTESIAN_POINT('',(179.30977471426,9.515388821585,
    -106.0336384058));
#2916 = CARTESIAN_POINT('',(179.41271482762,9.510829656336,
    -106.6786604902));
#2917 = CARTESIAN_POINT('',(179.74717443199,9.496016610619,
    -108.7771114412));
#2918 = CARTESIAN_POINT('',(180.07732211932,9.481394537513,
    -110.8053953942));
#2919 = CARTESIAN_POINT('',(180.40365655575,9.46694135135,
    -112.7675320354));
#2920 = CARTESIAN_POINT('',(180.57796582082,9.459221282682,
    -113.8139394337));
#2921 = CARTESIAN_POINT('',(180.75430375005,9.45141136551,
    -114.8601112266));
#2922 = CARTESIAN_POINT('',(180.93288378598,9.443502146573,
    -115.9060226253));
#2923 = DEFINITIONAL_REPRESENTATION('',(#2924),#2928);
#2924 = LINE('',#2925,#2926);
#2925 = CARTESIAN_POINT('',(8.321142755493,0.));
#2926 = VECTOR('',#2927,1.);
#2927 = DIRECTION('',(0.,1.));
#2928 = ( GEOMETRIC_REPRESENTATION_CONTEXT(2) 
PARAMETRIC_REPRESENTATION_CONTEXT() REPRESENTATION_CONTEXT('2D SPACE',''
  ) );
#2929 = ADVANCED_FACE('',(#2930),#1375,.F.);
#2930 = FACE_BOUND('',#2931,.F.);
#2931 = EDGE_LOOP('',(#2932,#2955,#2956,#2957,#2958,#3041,#3064,#3145,
    #3146,#3147,#3148,#3149,#3244,#3287,#3317,#3355));
#2932 = ORIENTED_EDGE('',*,*,#2933,.T.);
#2933 = EDGE_CURVE('',#2934,#2334,#2936,.T.);
#2934 = VERTEX_POINT('',#2935);
#2935 = CARTESIAN_POINT('',(180.31788734803,-9.470740025924,
    -99.67589216029));
#2936 = SURFACE_CURVE('',#2937,(#2941,#2948),.PCURVE_S1.);
#2937 = LINE('',#2938,#2939);
#2938 = CARTESIAN_POINT('',(653.96871015406,11.507013940924,
    -113.958610839));
#2939 = VECTOR('',#2940,1.);
#2940 = DIRECTION('',(-0.998567655899,-4.422605344713E-02,
    3.011133988191E-02));
#2941 = PCURVE('',#1375,#2942);
#2942 = DEFINITIONAL_REPRESENTATION('',(#2943),#2947);
#2943 = LINE('',#2944,#2945);
#2944 = CARTESIAN_POINT('',(-455.1343536105,-1.359659871662E+04));
#2945 = VECTOR('',#2946,1.);
#2946 = DIRECTION('',(0.999021549415,-4.422605344713E-02));
#2947 = ( GEOMETRIC_REPRESENTATION_CONTEXT(2) 
PARAMETRIC_REPRESENTATION_CONTEXT() REPRESENTATION_CONTEXT('2D SPACE',''
  ) );
#2948 = PCURVE('',#2349,#2949);
#2949 = DEFINITIONAL_REPRESENTATION('',(#2950),#2954);
#2950 = LINE('',#2951,#2952);
#2951 = CARTESIAN_POINT('',(556.40472490692,-1.360011048429E+04));
#2952 = VECTOR('',#2953,1.);
#2953 = DIRECTION('',(-0.999546550797,-3.011133988191E-02));
#2954 = ( GEOMETRIC_REPRESENTATION_CONTEXT(2) 
PARAMETRIC_REPRESENTATION_CONTEXT() REPRESENTATION_CONTEXT('2D SPACE',''
  ) );
#2955 = ORIENTED_EDGE('',*,*,#2361,.T.);
#2956 = ORIENTED_EDGE('',*,*,#2135,.F.);
#2957 = ORIENTED_EDGE('',*,*,#1961,.T.);
#2958 = ORIENTED_EDGE('',*,*,#2959,.F.);
#2959 = EDGE_CURVE('',#2960,#1962,#2962,.T.);
#2960 = VERTEX_POINT('',#2961);
#2961 = CARTESIAN_POINT('',(181.98557236486,-0.174798774822,
    -99.72618042074));
#2962 = SURFACE_CURVE('',#2963,(#2987,#3014),.PCURVE_S1.);
#2963 = B_SPLINE_CURVE_WITH_KNOTS('',8,(#2964,#2965,#2966,#2967,#2968,
    #2969,#2970,#2971,#2972,#2973,#2974,#2975,#2976,#2977,#2978,#2979,
    #2980,#2981,#2982,#2983,#2984,#2985,#2986),.UNSPECIFIED.,.F.,.F.,(9,
    7,7,9),(0.,0.30584662058,0.695782133254,1.),.UNSPECIFIED.);
#2964 = CARTESIAN_POINT('',(181.98557325218,-0.174798774737,
    -99.7261804475));
#2965 = CARTESIAN_POINT('',(181.98557320496,-0.625921384601,
    -99.72618044607));
#2966 = CARTESIAN_POINT('',(181.94418895846,-1.084357725192,
    -99.72493252351));
#2967 = CARTESIAN_POINT('',(181.8590698473,-1.543159187563,
    -99.72236579658));
#2968 = CARTESIAN_POINT('',(181.72980077144,-1.995382965018,
    -99.71846774816));
#2969 = CARTESIAN_POINT('',(181.55765648918,-2.434449040526,
    -99.71327681797));
#2970 = CARTESIAN_POINT('',(181.34543474977,-2.85437816336,
    -99.70687737083));
#2971 = CARTESIAN_POINT('',(181.09738331313,-3.250022697156,
    -99.69939749596));
#2972 = CARTESIAN_POINT('',(180.46461517173,-4.085788378473,
    -99.68031666908));
#2973 = CARTESIAN_POINT('',(180.05960853116,-4.510166349123,
    -99.66810388356));
#2974 = CARTESIAN_POINT('',(179.61544274039,-4.881532652487,
    -99.65471027221));
#2975 = CARTESIAN_POINT('',(179.14531405478,-5.196881385828,
    -99.64053376193));
#2976 = CARTESIAN_POINT('',(178.66206166338,-5.457249102416,
    -99.62596151244));
#2977 = CARTESIAN_POINT('',(178.17762673748,-5.66787481618,
    -99.61135360419));
#2978 = CARTESIAN_POINT('',(177.70065744973,-5.836127772625,
    -99.59697081875));
#2979 = CARTESIAN_POINT('',(176.87490328419,-6.073401697326,
    -99.57207058872));
#2980 = CARTESIAN_POINT('',(176.52059482724,-6.156220359563,
    -99.56138658318));
#2981 = CARTESIAN_POINT('',(176.17534334748,-6.221663475686,
    -99.55097568654));
#2982 = CARTESIAN_POINT('',(175.83913393812,-6.273351801076,
    -99.5408374493));
#2983 = CARTESIAN_POINT('',(175.51069713932,-6.314135842381,
    -99.53093359149));
#2984 = CARTESIAN_POINT('',(175.18796791059,-6.345988090885,
    -99.52120184278));
#2985 = CARTESIAN_POINT('',(174.86848098752,-6.370089429864,
    -99.51156786428));
#2986 = CARTESIAN_POINT('',(174.54941293522,-6.386813501303,
    -99.50194651663));
#2987 = PCURVE('',#1375,#2988);
#2988 = DEFINITIONAL_REPRESENTATION('',(#2989),#3013);
#2989 = B_SPLINE_CURVE_WITH_KNOTS('',8,(#2990,#2991,#2992,#2993,#2994,
    #2995,#2996,#2997,#2998,#2999,#3000,#3001,#3002,#3003,#3004,#3005,
    #3006,#3007,#3008,#3009,#3010,#3011,#3012),.UNSPECIFIED.,.F.,.F.,(9,
    7,7,9),(0.,0.30584662058,0.695782133254,1.),.UNSPECIFIED.);
#2990 = CARTESIAN_POINT('',(17.063320668529,-1.360828052933E+04));
#2991 = CARTESIAN_POINT('',(17.063320715772,-1.360873165194E+04));
#2992 = CARTESIAN_POINT('',(17.104723773254,-1.360919008829E+04));
#2993 = CARTESIAN_POINT('',(17.189881574845,-1.360964888975E+04));
#2994 = CARTESIAN_POINT('',(17.319209409265,-1.361010111353E+04));
#2995 = CARTESIAN_POINT('',(17.491431938776,-1.36105401796E+04));
#2996 = CARTESIAN_POINT('',(17.703750142422,-1.361096010872E+04));
#2997 = CARTESIAN_POINT('',(17.951914329505,-1.361135575326E+04));
#2998 = CARTESIAN_POINT('',(18.58497009223,-1.361219151894E+04));
#2999 = CARTESIAN_POINT('',(18.990160826376,-1.361261589691E+04));
#3000 = CARTESIAN_POINT('',(19.434528510299,-1.361298726321E+04));
#3001 = CARTESIAN_POINT('',(19.904870890357,-1.361330261195E+04));
#3002 = CARTESIAN_POINT('',(20.388342941513,-1.361356297966E+04));
#3003 = CARTESIAN_POINT('',(20.872998064681,-1.361377360538E+04));
#3004 = CARTESIAN_POINT('',(21.350184156239,-1.361394185833E+04));
#3005 = CARTESIAN_POINT('',(22.176313663852,-1.361417913226E+04));
#3006 = CARTESIAN_POINT('',(22.530783169798,-1.361426195092E+04));
#3007 = CARTESIAN_POINT('',(22.876191581746,-1.361432739404E+04));
#3008 = CARTESIAN_POINT('',(23.21255381327,-1.361437908236E+04));
#3009 = CARTESIAN_POINT('',(23.541139901242,-1.36144198664E+04));
#3010 = CARTESIAN_POINT('',(23.864015824792,-1.361445171865E+04));
#3011 = CARTESIAN_POINT('',(24.183647968905,-1.361447581999E+04));
#3012 = CARTESIAN_POINT('',(24.502861051862,-1.361449254406E+04));
#3013 = ( GEOMETRIC_REPRESENTATION_CONTEXT(2) 
PARAMETRIC_REPRESENTATION_CONTEXT() REPRESENTATION_CONTEXT('2D SPACE',''
  ) );
#3014 = PCURVE('',#2012,#3015);
#3015 = DEFINITIONAL_REPRESENTATION('',(#3016),#3040);
#3016 = B_SPLINE_CURVE_WITH_KNOTS('',8,(#3017,#3018,#3019,#3020,#3021,
    #3022,#3023,#3024,#3025,#3026,#3027,#3028,#3029,#3030,#3031,#3032,
    #3033,#3034,#3035,#3036,#3037,#3038,#3039),.UNSPECIFIED.,.F.,.F.,(9,
    7,7,9),(0.,0.30584662058,0.695782133254,1.),.UNSPECIFIED.);
#3017 = CARTESIAN_POINT('',(1.483444753801,0.425346004487));
#3018 = CARTESIAN_POINT('',(1.40732247765,0.42645356143));
#3019 = CARTESIAN_POINT('',(1.332464449595,0.429755312949));
#3020 = CARTESIAN_POINT('',(1.259173196673,0.435391814584));
#3021 = CARTESIAN_POINT('',(1.187576399787,0.443513283092));
#3022 = CARTESIAN_POINT('',(1.11774233789,0.454304872924));
#3023 = CARTESIAN_POINT('',(1.049757024024,0.468015502293));
#3024 = CARTESIAN_POINT('',(0.98378125149,0.484950305159));
#3025 = CARTESIAN_POINT('',(0.83892346852,0.531442032904));
#3026 = CARTESIAN_POINT('',(0.761145222994,0.563296584104));
#3027 = CARTESIAN_POINT('',(0.687434738629,0.601598161856));
#3028 = CARTESIAN_POINT('',(0.618288081931,0.647106248971));
#3029 = CARTESIAN_POINT('',(0.554398793851,0.700600159382));
#3030 = CARTESIAN_POINT('',(0.496760503933,0.762778974673));
#3031 = CARTESIAN_POINT('',(0.44622739619,0.833294650479));
#3032 = CARTESIAN_POINT('',(0.369714503302,0.971334354263));
#3033 = CARTESIAN_POINT('',(0.340743069699,1.036173766163));
#3034 = CARTESIAN_POINT('',(0.316448892006,1.10495825518));
#3035 = CARTESIAN_POINT('',(0.296845728594,1.177087802843));
#3036 = CARTESIAN_POINT('',(0.281833997103,1.251803813196));
#3037 = CARTESIAN_POINT('',(0.271265254446,1.328288051959));
#3038 = CARTESIAN_POINT('',(0.265020436049,1.405751078429));
#3039 = CARTESIAN_POINT('',(0.263040381267,1.483444753801));
#3040 = ( GEOMETRIC_REPRESENTATION_CONTEXT(2) 
PARAMETRIC_REPRESENTATION_CONTEXT() REPRESENTATION_CONTEXT('2D SPACE',''
  ) );
#3041 = ORIENTED_EDGE('',*,*,#3042,.F.);
#3042 = EDGE_CURVE('',#3043,#2960,#3045,.T.);
#3043 = VERTEX_POINT('',#3044);
#3044 = CARTESIAN_POINT('',(181.98557264789,0.136239000065,
    -99.72618042928));
#3045 = SURFACE_CURVE('',#3046,(#3050,#3057),.PCURVE_S1.);
#3046 = LINE('',#3047,#3048);
#3047 = CARTESIAN_POINT('',(181.98557236486,6.260039395365,
    -99.72618042074));
#3048 = VECTOR('',#3049,1.);
#3049 = DIRECTION('',(-1.110223024625E-16,-1.,0.));
#3050 = PCURVE('',#1375,#3051);
#3051 = DEFINITIONAL_REPRESENTATION('',(#3052),#3056);
#3052 = LINE('',#3053,#3054);
#3053 = CARTESIAN_POINT('',(17.063321556255,-1.360184569116E+04));
#3054 = VECTOR('',#3055,1.);
#3055 = DIRECTION('',(0.,-1.));
#3056 = ( GEOMETRIC_REPRESENTATION_CONTEXT(2) 
PARAMETRIC_REPRESENTATION_CONTEXT() REPRESENTATION_CONTEXT('2D SPACE',''
  ) );
#3057 = PCURVE('',#1795,#3058);
#3058 = DEFINITIONAL_REPRESENTATION('',(#3059),#3063);
#3059 = LINE('',#3060,#3061);
#3060 = CARTESIAN_POINT('',(-0.425099855874,0.));
#3061 = VECTOR('',#3062,1.);
#3062 = DIRECTION('',(-0.,1.));
#3063 = ( GEOMETRIC_REPRESENTATION_CONTEXT(2) 
PARAMETRIC_REPRESENTATION_CONTEXT() REPRESENTATION_CONTEXT('2D SPACE',''
  ) );
#3064 = ORIENTED_EDGE('',*,*,#3065,.T.);
#3065 = EDGE_CURVE('',#3043,#1665,#3066,.T.);
#3066 = SURFACE_CURVE('',#3067,(#3091,#3118),.PCURVE_S1.);
#3067 = B_SPLINE_CURVE_WITH_KNOTS('',8,(#3068,#3069,#3070,#3071,#3072,
    #3073,#3074,#3075,#3076,#3077,#3078,#3079,#3080,#3081,#3082,#3083,
    #3084,#3085,#3086,#3087,#3088,#3089,#3090),.UNSPECIFIED.,.F.,.F.,(9,
    7,7,9),(0.,0.306305682414,0.696823708124,1.),.UNSPECIFIED.);
#3068 = CARTESIAN_POINT('',(181.98557264789,0.136239000065,
    -99.72618042927));
#3069 = CARTESIAN_POINT('',(181.98557263529,0.590599627506,
    -99.72618042889));
#3070 = CARTESIAN_POINT('',(181.94386338178,1.05237079692,
    -99.72492270589));
#3071 = CARTESIAN_POINT('',(181.85808608262,1.514469535721,
    -99.72233613162));
#3072 = CARTESIAN_POINT('',(181.7278698482,1.969843587048,
    -99.71840952207));
#3073 = CARTESIAN_POINT('',(181.55456515211,2.411835596981,
    -99.71318360015));
#3074 = CARTESIAN_POINT('',(181.34106298962,2.834421566282,
    -99.70674554245));
#3075 = CARTESIAN_POINT('',(181.09171042773,3.232437724197,
    -99.69922643276));
#3076 = CARTESIAN_POINT('',(180.45614710899,4.072960911948,
    -99.68006131861));
#3077 = CARTESIAN_POINT('',(180.04968842586,4.499557562025,
    -99.66780474743));
#3078 = CARTESIAN_POINT('',(179.60433150242,4.872766440453,
    -99.65437521803));
#3079 = CARTESIAN_POINT('',(179.13336391297,5.189682211584,-99.640173411
    ));
#3080 = CARTESIAN_POINT('',(178.64965923057,5.451431421929,
    -99.62558752289));
#3081 = CARTESIAN_POINT('',(178.16512056355,5.663302945451,
    -99.61097648637));
#3082 = CARTESIAN_POINT('',(177.68827104061,5.832665674221,
    -99.59659731239));
#3083 = CARTESIAN_POINT('',(176.86458085548,6.071137065876,
    -99.57175932072));
#3084 = CARTESIAN_POINT('',(176.51212573528,6.154310391739,
    -99.56113120168));
#3085 = CARTESIAN_POINT('',(176.16860696979,6.220157647933,
    -99.55077255423));
#3086 = CARTESIAN_POINT('',(175.83398058727,6.272225980804,
    -99.54068205242));
#3087 = CARTESIAN_POINT('',(175.50698414689,6.313320519309,
    -99.53082162794));
#3088 = CARTESIAN_POINT('',(175.18557850093,6.345388418494,
    -99.52112979125));
#3089 = CARTESIAN_POINT('',(174.86733451096,6.369584033609,
    -99.51153329281));
#3090 = CARTESIAN_POINT('',(174.54949442834,6.386246708577,
    -99.50194897402));
#3091 = PCURVE('',#1375,#3092);
#3092 = DEFINITIONAL_REPRESENTATION('',(#3093),#3117);
#3093 = B_SPLINE_CURVE_WITH_KNOTS('',8,(#3094,#3095,#3096,#3097,#3098,
    #3099,#3100,#3101,#3102,#3103,#3104,#3105,#3106,#3107,#3108,#3109,
    #3110,#3111,#3112,#3113,#3114,#3115,#3116),.UNSPECIFIED.,.F.,.F.,(9,
    7,7,9),(0.,0.306305682414,0.696823708124,1.),.UNSPECIFIED.);
#3094 = CARTESIAN_POINT('',(17.063321273088,-1.360796949156E+04));
#3095 = CARTESIAN_POINT('',(17.063321285698,-1.360751513093E+04));
#3096 = CARTESIAN_POINT('',(17.105049497923,-1.360705335976E+04));
#3097 = CARTESIAN_POINT('',(17.190865786686,-1.360659126102E+04));
#3098 = CARTESIAN_POINT('',(17.321141210191,-1.360613588697E+04));
#3099 = CARTESIAN_POINT('',(17.494524680989,-1.360569389496E+04));
#3100 = CARTESIAN_POINT('',(17.708123889736,-1.360527130899E+04));
#3101 = CARTESIAN_POINT('',(17.95758979348,-1.360487329284E+04));
#3102 = CARTESIAN_POINT('',(18.593442004086,-1.360403276965E+04));
#3103 = CARTESIAN_POINT('',(19.000085440805,-1.3603606173E+04));
#3104 = CARTESIAN_POINT('',(19.445644798825,-1.360323296412E+04));
#3105 = CARTESIAN_POINT('',(19.916826464039,-1.360291604835E+04));
#3106 = CARTESIAN_POINT('',(20.400751011783,-1.360265429914E+04));
#3107 = CARTESIAN_POINT('',(20.885509923221,-1.360244242761E+04));
#3108 = CARTESIAN_POINT('',(21.362576195535,-1.360227306489E+04));
#3109 = CARTESIAN_POINT('',(22.186640784571,-1.360203459349E+04));
#3110 = CARTESIAN_POINT('',(22.539256111334,-1.360195142017E+04));
#3111 = CARTESIAN_POINT('',(22.882931021416,-1.360188557291E+04));
#3112 = CARTESIAN_POINT('',(23.217709506548,-1.360183350458E+04));
#3113 = CARTESIAN_POINT('',(23.544854581384,-1.360179241004E+04));
#3114 = CARTESIAN_POINT('',(23.866406320539,-1.360176034214E+04));
#3115 = CARTESIAN_POINT('',(24.184794966597,-1.360173614653E+04));
#3116 = CARTESIAN_POINT('',(24.502779521703,-1.360171948385E+04));
#3117 = ( GEOMETRIC_REPRESENTATION_CONTEXT(2) 
PARAMETRIC_REPRESENTATION_CONTEXT() REPRESENTATION_CONTEXT('2D SPACE',''
  ) );
#3118 = PCURVE('',#1679,#3119);
#3119 = DEFINITIONAL_REPRESENTATION('',(#3120),#3144);
#3120 = B_SPLINE_CURVE_WITH_KNOTS('',8,(#3121,#3122,#3123,#3124,#3125,
    #3126,#3127,#3128,#3129,#3130,#3131,#3132,#3133,#3134,#3135,#3136,
    #3137,#3138,#3139,#3140,#3141,#3142,#3143),.UNSPECIFIED.,.F.,.F.,(9,
    7,7,9),(0.,0.306305682414,0.696823708124,1.),.UNSPECIFIED.);
#3121 = CARTESIAN_POINT('',(1.483444753801,0.425274495949));
#3122 = CARTESIAN_POINT('',(1.407264324491,0.426389670084));
#3123 = CARTESIAN_POINT('',(1.332355894868,0.429715734083));
#3124 = CARTESIAN_POINT('',(1.259031332004,0.435393812343));
#3125 = CARTESIAN_POINT('',(1.187421641794,0.443573733691));
#3126 = CARTESIAN_POINT('',(1.117596236223,0.454440356162));
#3127 = CARTESIAN_POINT('',(1.049641351023,0.468242498724));
#3128 = CARTESIAN_POINT('',(0.98371685774,0.485284673333));
#3129 = CARTESIAN_POINT('',(0.839017391279,0.532050703102));
#3130 = CARTESIAN_POINT('',(0.76135849619,0.564080765408));
#3131 = CARTESIAN_POINT('',(0.687781877916,0.60257822188));
#3132 = CARTESIAN_POINT('',(0.618766103014,0.648298855272));
#3133 = CARTESIAN_POINT('',(0.554988430114,0.702018769289));
#3134 = CARTESIAN_POINT('',(0.497410400034,0.76441980098));
#3135 = CARTESIAN_POINT('',(0.446866444556,0.835138397904));
#3136 = CARTESIAN_POINT('',(0.37039222946,0.973226347649));
#3137 = CARTESIAN_POINT('',(0.341449390825,1.037872086264));
#3138 = CARTESIAN_POINT('',(0.317109168994,1.106420632381));
#3139 = CARTESIAN_POINT('',(0.297404191256,1.178281250896));
#3140 = CARTESIAN_POINT('',(0.282268423901,1.252707722556));
#3141 = CARTESIAN_POINT('',(0.271592514145,1.328892835895));
#3142 = CARTESIAN_POINT('',(0.265289465149,1.406053380981));
#3143 = CARTESIAN_POINT('',(0.263317056481,1.483444753801));
#3144 = ( GEOMETRIC_REPRESENTATION_CONTEXT(2) 
PARAMETRIC_REPRESENTATION_CONTEXT() REPRESENTATION_CONTEXT('2D SPACE',''
  ) );
#3145 = ORIENTED_EDGE('',*,*,#1708,.F.);
#3146 = ORIENTED_EDGE('',*,*,#1523,.T.);
#3147 = ORIENTED_EDGE('',*,*,#1359,.T.);
#3148 = ORIENTED_EDGE('',*,*,#2710,.F.);
#3149 = ORIENTED_EDGE('',*,*,#3150,.F.);
#3150 = EDGE_CURVE('',#3151,#2711,#3153,.T.);
#3151 = VERTEX_POINT('',#3152);
#3152 = CARTESIAN_POINT('',(189.62460582701,11.671237895931,
    -99.95653189627));
#3153 = SURFACE_CURVE('',#3154,(#3182,#3213),.PCURVE_S1.);
#3154 = B_SPLINE_CURVE_WITH_KNOTS('',6,(#3155,#3156,#3157,#3158,#3159,
    #3160,#3161,#3162,#3163,#3164,#3165,#3166,#3167,#3168,#3169,#3170,
    #3171,#3172,#3173,#3174,#3175,#3176,#3177,#3178,#3179,#3180,#3181),
  .UNSPECIFIED.,.F.,.F.,(7,5,5,5,5,7),(0.,0.390821725776,0.484404162195,
    0.564092511917,0.714370741519,1.),.UNSPECIFIED.);
#3155 = CARTESIAN_POINT('',(189.62460582701,11.671237895934,
    -99.95653189627));
#3156 = CARTESIAN_POINT('',(189.18607649804,11.426399263231,
    -99.94330824978));
#3157 = CARTESIAN_POINT('',(188.7265776287,11.189744428373,
    -99.92945227663));
#3158 = CARTESIAN_POINT('',(188.24419237194,10.962305840531,
    -99.91490617519));
#3159 = CARTESIAN_POINT('',(187.73688338225,10.745631698182,
    -99.89960851025));
#3160 = CARTESIAN_POINT('',(187.20252589543,10.541785062121,
    -99.88349521056));
#3161 = CARTESIAN_POINT('',(186.50332578686,10.308525470552,
    -99.86241115883));
#3162 = CARTESIAN_POINT('',(186.36655538317,10.264363599531,
    -99.85828691137));
#3163 = CARTESIAN_POINT('',(186.22803945887,10.221137274833,
    -99.85411002856));
#3164 = CARTESIAN_POINT('',(186.08775131356,10.178891837179,
    -99.84987970526));
#3165 = CARTESIAN_POINT('',(185.94567109307,10.137677429549,
    -99.84559534277));
#3166 = CARTESIAN_POINT('',(185.67922524922,10.063366437427,
    -99.83756079317));
#3167 = CARTESIAN_POINT('',(185.55536437164,10.029973954373,
    -99.83382582643));
#3168 = CARTESIAN_POINT('',(185.43016716937,9.99739681703,
    -99.83005056344));
#3169 = CARTESIAN_POINT('',(185.30362177521,9.965668917456,
    -99.82623464636));
#3170 = CARTESIAN_POINT('',(185.17572007482,9.934826282709,
    -99.8223778305));
#3171 = CARTESIAN_POINT('',(184.8026916252,9.848484657555,
    -99.81112933235));
#3172 = CARTESIAN_POINT('',(184.55409608372,9.795348333709,
    -99.80363305025));
#3173 = CARTESIAN_POINT('',(184.30063041478,9.74574803521,
    -99.79598991174));
#3174 = CARTESIAN_POINT('',(184.04235138887,9.699972664789,
    -99.78820162871));
#3175 = CARTESIAN_POINT('',(183.77943798809,9.658328274155,
    -99.78027359827));
#3176 = CARTESIAN_POINT('',(183.00431581954,9.550388465164,
    -99.75690015238));
#3177 = CARTESIAN_POINT('',(182.4800289863,9.495557968042,
    -99.74109052853));
#3178 = CARTESIAN_POINT('',(181.9431410994,9.459007735913,
    -99.72490092581));
#3179 = CARTESIAN_POINT('',(181.39893455035,9.442607319148,
    -99.70849063226));
#3180 = CARTESIAN_POINT('',(180.85433258593,9.446981142789,
    -99.69206841514));
#3181 = CARTESIAN_POINT('',(180.31788726099,9.470740029781,
    -99.67589215766));
#3182 = PCURVE('',#1375,#3183);
#3183 = DEFINITIONAL_REPRESENTATION('',(#3184),#3212);
#3184 = B_SPLINE_CURVE_WITH_KNOTS('',6,(#3185,#3186,#3187,#3188,#3189,
    #3190,#3191,#3192,#3193,#3194,#3195,#3196,#3197,#3198,#3199,#3200,
    #3201,#3202,#3203,#3204,#3205,#3206,#3207,#3208,#3209,#3210,#3211),
  .UNSPECIFIED.,.F.,.F.,(7,5,5,5,5,7),(0.,0.390821725776,0.484404162195,
    0.564092511917,0.714370741519,1.),.UNSPECIFIED.);
#3185 = CARTESIAN_POINT('',(9.42081581284,-1.359643449266E+04));
#3186 = CARTESIAN_POINT('',(9.859544472936,-1.35966793313E+04));
#3187 = CARTESIAN_POINT('',(10.319252204999,-1.359691598613E+04));
#3188 = CARTESIAN_POINT('',(10.80185672736,-1.359714342472E+04));
#3189 = CARTESIAN_POINT('',(11.309396311608,-1.359736009886E+04));
#3190 = CARTESIAN_POINT('',(11.843996687726,-1.35975639455E+04));
#3191 = CARTESIAN_POINT('',(12.543514613914,-1.359779720509E+04));
#3192 = CARTESIAN_POINT('',(12.680347185855,-1.359784136696E+04));
#3193 = CARTESIAN_POINT('',(12.818926071811,-1.359788459329E+04));
#3194 = CARTESIAN_POINT('',(12.959277984336,-1.359792683872E+04));
#3195 = CARTESIAN_POINT('',(13.101422786625,-1.359796805313E+04));
#3196 = CARTESIAN_POINT('',(13.367989741983,-1.359804236412E+04));
#3197 = CARTESIAN_POINT('',(13.491906919862,-1.359807575661E+04));
#3198 = CARTESIAN_POINT('',(13.61716102984,-1.359810833374E+04));
#3199 = CARTESIAN_POINT('',(13.743763944522,-1.359814006164E+04));
#3200 = CARTESIAN_POINT('',(13.871723781935,-1.359817090428E+04));
#3201 = CARTESIAN_POINT('',(14.244921789616,-1.35982572459E+04));
#3202 = CARTESIAN_POINT('',(14.493630328849,-1.359831038223E+04));
#3203 = CARTESIAN_POINT('',(14.747211209234,-1.359835998252E+04));
#3204 = CARTESIAN_POINT('',(15.005607634482,-1.35984057579E+04));
#3205 = CARTESIAN_POINT('',(15.268640541127,-1.359844740229E+04));
#3206 = CARTESIAN_POINT('',(16.044115037252,-1.359855534209E+04));
#3207 = CARTESIAN_POINT('',(16.568640182234,-1.359861017259E+04));
#3208 = CARTESIAN_POINT('',(17.105772108609,-1.359864672282E+04));
#3209 = CARTESIAN_POINT('',(17.650226023803,-1.359866312324E+04));
#3210 = CARTESIAN_POINT('',(18.195075534093,-1.359865874942E+04));
#3211 = CARTESIAN_POINT('',(18.731764697347,-1.359863499053E+04));
#3212 = ( GEOMETRIC_REPRESENTATION_CONTEXT(2) 
PARAMETRIC_REPRESENTATION_CONTEXT() REPRESENTATION_CONTEXT('2D SPACE',''
  ) );
#3213 = PCURVE('',#2763,#3214);
#3214 = DEFINITIONAL_REPRESENTATION('',(#3215),#3243);
#3215 = B_SPLINE_CURVE_WITH_KNOTS('',6,(#3216,#3217,#3218,#3219,#3220,
    #3221,#3222,#3223,#3224,#3225,#3226,#3227,#3228,#3229,#3230,#3231,
    #3232,#3233,#3234,#3235,#3236,#3237,#3238,#3239,#3240,#3241,#3242),
  .UNSPECIFIED.,.F.,.F.,(7,5,5,5,5,7),(0.,0.390821725776,0.484404162195,
    0.564092511917,0.714370741519,1.),.UNSPECIFIED.);
#3216 = CARTESIAN_POINT('',(0.,-0.19639093769));
#3217 = CARTESIAN_POINT('',(0.440177712285,-0.168950745914));
#3218 = CARTESIAN_POINT('',(0.890400712633,-0.140121336048));
#3219 = CARTESIAN_POINT('',(1.352425676962,-0.109774616305));
#3220 = CARTESIAN_POINT('',(1.828090693194,-7.777269550468E-02));
#3221 = CARTESIAN_POINT('',(2.319401168822,-4.397002800754E-02));
#3222 = CARTESIAN_POINT('',(2.951243174178,3.899878583738E-04));
#3223 = CARTESIAN_POINT('',(3.074353311499,9.074272694044E-03));
#3224 = CARTESIAN_POINT('',(3.198562905346,1.787022554781E-02));
#3225 = CARTESIAN_POINT('',(3.323902127762,2.678087894039E-02));
#3226 = CARTESIAN_POINT('',(3.450395940897,3.580999606828E-02));
#3227 = CARTESIAN_POINT('',(3.686814541303,5.274621452354E-02));
#3228 = CARTESIAN_POINT('',(3.796408361884,6.06214544454E-02));
#3229 = CARTESIAN_POINT('',(3.906885278132,6.858378690981E-02));
#3230 = CARTESIAN_POINT('',(4.018262790406,7.663400939083E-02));
#3231 = CARTESIAN_POINT('',(4.130556196033,8.477268195518E-02));
#3232 = CARTESIAN_POINT('',(4.457296134691,0.108515641349));
#3233 = CARTESIAN_POINT('',(4.674109436998,0.124346254144));
#3234 = CARTESIAN_POINT('',(4.894316974168,0.140494851748));
#3235 = CARTESIAN_POINT('',(5.117948952417,0.15695813641));
#3236 = CARTESIAN_POINT('',(5.344950628804,0.173725011081));
#3237 = CARTESIAN_POINT('',(6.012728288994,0.223181290669));
#3238 = CARTESIAN_POINT('',(6.462607140672,0.256662706074));
#3239 = CARTESIAN_POINT('',(6.922381568083,0.290979824871));
#3240 = CARTESIAN_POINT('',(7.388697342503,0.325796602418));
#3241 = CARTESIAN_POINT('',(7.857058975974,0.360670486984));
#3242 = CARTESIAN_POINT('',(8.321142755493,0.395051958858));
#3243 = ( GEOMETRIC_REPRESENTATION_CONTEXT(2) 
PARAMETRIC_REPRESENTATION_CONTEXT() REPRESENTATION_CONTEXT('2D SPACE',''
  ) );
#3244 = ORIENTED_EDGE('',*,*,#3245,.F.);
#3245 = EDGE_CURVE('',#3246,#3151,#3248,.T.);
#3246 = VERTEX_POINT('',#3247);
#3247 = CARTESIAN_POINT('',(186.44295920094,9.199463709759,
    -99.86059083271));
#3248 = SURFACE_CURVE('',#3249,(#3258,#3270),.PCURVE_S1.);
#3249 = B_SPLINE_CURVE_WITH_KNOTS('',4,(#3250,#3251,#3252,#3253,#3254,
    #3255,#3256,#3257),.UNSPECIFIED.,.F.,.F.,(5,3,5),(0.,0.503096075632,
    1.),.UNSPECIFIED.);
#3250 = CARTESIAN_POINT('',(186.44295920093,9.199463709756,
    -99.86059083271));
#3251 = CARTESIAN_POINT('',(186.79732023041,9.573023680458,
    -99.87127642355));
#3252 = CARTESIAN_POINT('',(187.16922351454,9.926649602248,
    -99.88249099286));
#3253 = CARTESIAN_POINT('',(187.55700676889,10.259401151059,
    -99.89418441524));
#3254 = CARTESIAN_POINT('',(188.35613522175,10.87793967471,
    -99.91828175938));
#3255 = CARTESIAN_POINT('',(188.7671307066,11.164251680622,
    -99.93067513549));
#3256 = CARTESIAN_POINT('',(189.19046859793,11.428851442633,
    -99.94344069166));
#3257 = CARTESIAN_POINT('',(189.62460582147,11.671237889056,
    -99.95653189627));
#3258 = PCURVE('',#1375,#3259);
#3259 = DEFINITIONAL_REPRESENTATION('',(#3260),#3269);
#3260 = B_SPLINE_CURVE_WITH_KNOTS('',4,(#3261,#3262,#3263,#3264,#3265,
    #3266,#3267,#3268),.UNSPECIFIED.,.F.,.F.,(5,3,5),(0.,0.503096075632,
    1.),.UNSPECIFIED.);
#3261 = CARTESIAN_POINT('',(12.603908639145,-1.359890626685E+04));
#3262 = CARTESIAN_POINT('',(12.249386536787,-1.359853270688E+04));
#3263 = CARTESIAN_POINT('',(11.87731420603,-1.359817908096E+04));
#3264 = CARTESIAN_POINT('',(11.489354686901,-1.359784632941E+04));
#3265 = CARTESIAN_POINT('',(10.689862994533,-1.359722779089E+04));
#3266 = CARTESIAN_POINT('',(10.278680693922,-1.359694147888E+04));
#3267 = CARTESIAN_POINT('',(9.855150376631,-1.359667687912E+04));
#3268 = CARTESIAN_POINT('',(9.420815818377,-1.359643449267E+04));
#3269 = ( GEOMETRIC_REPRESENTATION_CONTEXT(2) 
PARAMETRIC_REPRESENTATION_CONTEXT() REPRESENTATION_CONTEXT('2D SPACE',''
  ) );
#3270 = PCURVE('',#3271,#3276);
#3271 = CONICAL_SURFACE('',#3272,13.875497692632,8.726646006107E-02);
#3272 = AXIS2_PLACEMENT_3D('',#3273,#3274,#3275);
#3273 = CARTESIAN_POINT('',(196.10564357609,3.944304526105E-31,
    -105.963364566));
#3274 = DIRECTION('',(0.,0.,-1.));
#3275 = DIRECTION('',(1.110223024625E-16,1.,0.));
#3276 = DEFINITIONAL_REPRESENTATION('',(#3277),#3286);
#3277 = B_SPLINE_CURVE_WITH_KNOTS('',4,(#3278,#3279,#3280,#3281,#3282,
    #3283,#3284,#3285),.UNSPECIFIED.,.F.,.F.,(5,3,5),(0.,0.503096075632,
    1.),.UNSPECIFIED.);
#3278 = CARTESIAN_POINT('',(-0.809951441916,-6.102773733345));
#3279 = CARTESIAN_POINT('',(-0.771358093184,-6.092088142503));
#3280 = CARTESIAN_POINT('',(-0.732947428401,-6.080873573189));
#3281 = CARTESIAN_POINT('',(-0.694703953077,-6.069180150812));
#3282 = CARTESIAN_POINT('',(-0.618982943931,-6.04508280667));
#3283 = CARTESIAN_POINT('',(-0.581501921388,-6.032689430565));
#3284 = CARTESIAN_POINT('',(-0.544147986768,-6.01992387439));
#3285 = CARTESIAN_POINT('',(-0.50690315855,-6.006832669787));
#3286 = ( GEOMETRIC_REPRESENTATION_CONTEXT(2) 
PARAMETRIC_REPRESENTATION_CONTEXT() REPRESENTATION_CONTEXT('2D SPACE',''
  ) );
#3287 = ORIENTED_EDGE('',*,*,#3288,.F.);
#3288 = EDGE_CURVE('',#3289,#3246,#3291,.T.);
#3289 = VERTEX_POINT('',#3290);
#3290 = CARTESIAN_POINT('',(186.44295920094,-9.199463709759,
    -99.86059083271));
#3291 = SURFACE_CURVE('',#3292,(#3297,#3304),.PCURVE_S1.);
#3292 = ELLIPSE('',#3293,13.373235092245,13.367112604765);
#3293 = AXIS2_PLACEMENT_3D('',#3294,#3295,#3296);
#3294 = CARTESIAN_POINT('',(196.14090854242,-3.915197758847E-18,
    -100.153027952));
#3295 = DIRECTION('',(-3.014083119581E-02,3.346304477493E-18,
    -0.999545661936));
#3296 = DIRECTION('',(0.999545661936,-1.109718608045E-16,
    -3.014083119581E-02));
#3297 = PCURVE('',#1375,#3298);
#3298 = DEFINITIONAL_REPRESENTATION('',(#3299),#3303);
#3299 = ELLIPSE('',#3300,13.373235092246,13.367112604765);
#3300 = AXIS2_PLACEMENT_2D('',#3301,#3302);
#3301 = CARTESIAN_POINT('',(2.901551147337,-1.360810573056E+04));
#3302 = DIRECTION('',(-1.,0.));
#3303 = ( GEOMETRIC_REPRESENTATION_CONTEXT(2) 
PARAMETRIC_REPRESENTATION_CONTEXT() REPRESENTATION_CONTEXT('2D SPACE',''
  ) );
#3304 = PCURVE('',#3271,#3305);
#3305 = DEFINITIONAL_REPRESENTATION('',(#3306),#3316);
#3306 = B_SPLINE_CURVE_WITH_KNOTS('',8,(#3307,#3308,#3309,#3310,#3311,
    #3312,#3313,#3314,#3315),.UNSPECIFIED.,.F.,.F.,(9,9),(2.382565148601
    ,3.900620158578),.PIECEWISE_BEZIER_KNOTS.);
#3307 = CARTESIAN_POINT('',(-2.331641211674,-6.102773733345));
#3308 = CARTESIAN_POINT('',(-2.141521102448,-6.155413521358));
#3309 = CARTESIAN_POINT('',(-1.951325991027,-6.196019047294));
#3310 = CARTESIAN_POINT('',(-1.761075813492,-6.221702016795));
#3311 = CARTESIAN_POINT('',(-1.570796326777,-6.230498638861));
#3312 = CARTESIAN_POINT('',(-1.380516840105,-6.22170201679));
#3313 = CARTESIAN_POINT('',(-1.190266662558,-6.196019047297));
#3314 = CARTESIAN_POINT('',(-1.000071551142,-6.155413521358));
#3315 = CARTESIAN_POINT('',(-0.809951441916,-6.102773733345));
#3316 = ( GEOMETRIC_REPRESENTATION_CONTEXT(2) 
PARAMETRIC_REPRESENTATION_CONTEXT() REPRESENTATION_CONTEXT('2D SPACE',''
  ) );
#3317 = ORIENTED_EDGE('',*,*,#3318,.T.);
#3318 = EDGE_CURVE('',#3289,#3319,#3321,.T.);
#3319 = VERTEX_POINT('',#3320);
#3320 = CARTESIAN_POINT('',(189.62460582701,-11.67123789593,
    -99.95653189627));
#3321 = SURFACE_CURVE('',#3322,(#3331,#3343),.PCURVE_S1.);
#3322 = B_SPLINE_CURVE_WITH_KNOTS('',4,(#3323,#3324,#3325,#3326,#3327,
    #3328,#3329,#3330),.UNSPECIFIED.,.F.,.F.,(5,3,5),(0.,0.503096075632,
    1.),.UNSPECIFIED.);
#3323 = CARTESIAN_POINT('',(186.44295920094,-9.199463709759,
    -99.86059083271));
#3324 = CARTESIAN_POINT('',(186.79732023041,-9.573023680459,
    -99.87127642355));
#3325 = CARTESIAN_POINT('',(187.16922351454,-9.92664960225,
    -99.88249099286));
#3326 = CARTESIAN_POINT('',(187.55700676889,-10.25940115106,
    -99.89418441524));
#3327 = CARTESIAN_POINT('',(188.35613522175,-10.87793967471,
    -99.91828175938));
#3328 = CARTESIAN_POINT('',(188.7671307066,-11.16425168062,
    -99.93067513549));
#3329 = CARTESIAN_POINT('',(189.19046859794,-11.42885144263,
    -99.94344069166));
#3330 = CARTESIAN_POINT('',(189.62460582147,-11.67123788905,
    -99.95653189627));
#3331 = PCURVE('',#1375,#3332);
#3332 = DEFINITIONAL_REPRESENTATION('',(#3333),#3342);
#3333 = B_SPLINE_CURVE_WITH_KNOTS('',4,(#3334,#3335,#3336,#3337,#3338,
    #3339,#3340,#3341),.UNSPECIFIED.,.F.,.F.,(5,3,5),(0.,0.503096075632,
    1.),.UNSPECIFIED.);
#3334 = CARTESIAN_POINT('',(12.603908639143,-1.361730519427E+04));
#3335 = CARTESIAN_POINT('',(12.249386536785,-1.361767875424E+04));
#3336 = CARTESIAN_POINT('',(11.877314206028,-1.361803238016E+04));
#3337 = CARTESIAN_POINT('',(11.4893546869,-1.361836513171E+04));
#3338 = CARTESIAN_POINT('',(10.689862994531,-1.361898367023E+04));
#3339 = CARTESIAN_POINT('',(10.278680693922,-1.361926998224E+04));
#3340 = CARTESIAN_POINT('',(9.855150376631,-1.3619534582E+04));
#3341 = CARTESIAN_POINT('',(9.420815818378,-1.361977696845E+04));
#3342 = ( GEOMETRIC_REPRESENTATION_CONTEXT(2) 
PARAMETRIC_REPRESENTATION_CONTEXT() REPRESENTATION_CONTEXT('2D SPACE',''
  ) );
#3343 = PCURVE('',#3271,#3344);
#3344 = DEFINITIONAL_REPRESENTATION('',(#3345),#3354);
#3345 = B_SPLINE_CURVE_WITH_KNOTS('',4,(#3346,#3347,#3348,#3349,#3350,
    #3351,#3352,#3353),.UNSPECIFIED.,.F.,.F.,(5,3,5),(0.,0.503096075632,
    1.),.UNSPECIFIED.);
#3346 = CARTESIAN_POINT('',(-2.331641211674,-6.102773733345));
#3347 = CARTESIAN_POINT('',(-2.370234560406,-6.092088142503));
#3348 = CARTESIAN_POINT('',(-2.408645225189,-6.080873573189));
#3349 = CARTESIAN_POINT('',(-2.446888700513,-6.069180150812));
#3350 = CARTESIAN_POINT('',(-2.522609709659,-6.04508280667));
#3351 = CARTESIAN_POINT('',(-2.560090732201,-6.032689430565));
#3352 = CARTESIAN_POINT('',(-2.597444666822,-6.01992387439));
#3353 = CARTESIAN_POINT('',(-2.63468949504,-6.006832669787));
#3354 = ( GEOMETRIC_REPRESENTATION_CONTEXT(2) 
PARAMETRIC_REPRESENTATION_CONTEXT() REPRESENTATION_CONTEXT('2D SPACE',''
  ) );
#3355 = ORIENTED_EDGE('',*,*,#3356,.F.);
#3356 = EDGE_CURVE('',#2934,#3319,#3357,.T.);
#3357 = SURFACE_CURVE('',#3358,(#3381,#3407),.PCURVE_S1.);
#3358 = B_SPLINE_CURVE_WITH_KNOTS('',6,(#3359,#3360,#3361,#3362,#3363,
    #3364,#3365,#3366,#3367,#3368,#3369,#3370,#3371,#3372,#3373,#3374,
    #3375,#3376,#3377,#3378,#3379,#3380),.UNSPECIFIED.,.F.,.F.,(7,5,5,5,
    7),(0.,0.294674815907,0.536015963842,0.619826933433,1.),
  .UNSPECIFIED.);
#3359 = CARTESIAN_POINT('',(180.31788726099,-9.470740029779,
    -99.67589215766));
#3360 = CARTESIAN_POINT('',(180.87136026337,-9.446226995729,
    -99.69258187678));
#3361 = CARTESIAN_POINT('',(181.43355693325,-9.442347253896,
    -99.70953465399));
#3362 = CARTESIAN_POINT('',(181.99500016789,-9.460636772951,
    -99.72646471172));
#3363 = CARTESIAN_POINT('',(182.54814820253,-9.500322115861,
    -99.74314463158));
#3364 = CARTESIAN_POINT('',(183.08738141861,-9.559268631172,
    -99.75940495661));
#3365 = CARTESIAN_POINT('',(184.03586409269,-9.696736484417,
    -99.78800600733));
#3366 = CARTESIAN_POINT('',(184.45149078664,-9.769858416447,
    -99.80053903558));
#3367 = CARTESIAN_POINT('',(184.85465300657,-9.852973675387,
    -99.81269620346));
#3368 = CARTESIAN_POINT('',(185.24507886453,-9.94483766163,
    -99.82446931231));
#3369 = CARTESIAN_POINT('',(185.62299086561,-10.04440462339,
    -99.83586507167));
#3370 = CARTESIAN_POINT('',(186.11610499846,-10.1878639767,
    -99.85073469735));
#3371 = CARTESIAN_POINT('',(186.24176031606,-10.22567178272,
    -99.85452377459));
#3372 = CARTESIAN_POINT('',(186.36600771068,-10.26428044538,
    -99.85827039657));
#3373 = CARTESIAN_POINT('',(186.48882611164,-10.30364624593,
    -99.86197392791));
#3374 = CARTESIAN_POINT('',(186.61028506329,-10.34374944928,
    -99.8656364657));
#3375 = CARTESIAN_POINT('',(187.27521244503,-10.56968467024,
    -99.88568703941));
#3376 = CARTESIAN_POINT('',(187.79212252378,-10.76932068024,
    -99.90127422069));
#3377 = CARTESIAN_POINT('',(188.28360888595,-10.98093517432,
    -99.9160947617));
#3378 = CARTESIAN_POINT('',(188.75162767637,-11.20265942091,
    -99.93020764908));
#3379 = CARTESIAN_POINT('',(189.19804294987,-11.43308034362,
    -99.94366909253));
#3380 = CARTESIAN_POINT('',(189.62460582701,-11.67123789593,
    -99.95653189627));
#3381 = PCURVE('',#1375,#3382);
#3382 = DEFINITIONAL_REPRESENTATION('',(#3383),#3406);
#3383 = B_SPLINE_CURVE_WITH_KNOTS('',6,(#3384,#3385,#3386,#3387,#3388,
    #3389,#3390,#3391,#3392,#3393,#3394,#3395,#3396,#3397,#3398,#3399,
    #3400,#3401,#3402,#3403,#3404,#3405),.UNSPECIFIED.,.F.,.F.,(7,5,5,5,
    7),(0.,0.294674815907,0.536015963842,0.619826933433,1.),
  .UNSPECIFIED.);
#3384 = CARTESIAN_POINT('',(18.731764697348,-1.361757647059E+04));
#3385 = CARTESIAN_POINT('',(18.178040116814,-1.361755195756E+04));
#3386 = CARTESIAN_POINT('',(17.615587903485,-1.361754807781E+04));
#3387 = CARTESIAN_POINT('',(17.053889467865,-1.361756636733E+04));
#3388 = CARTESIAN_POINT('',(16.500490002783,-1.361760605268E+04));
#3389 = CARTESIAN_POINT('',(15.961011681167,-1.361766499919E+04));
#3390 = CARTESIAN_POINT('',(15.012097879426,-1.361780246704E+04));
#3391 = CARTESIAN_POINT('',(14.596282264613,-1.361787558898E+04));
#3392 = CARTESIAN_POINT('',(14.192936789485,-1.361795870424E+04));
#3393 = CARTESIAN_POINT('',(13.802333465568,-1.361805056822E+04));
#3394 = CARTESIAN_POINT('',(13.424249686632,-1.361815013518E+04));
#3395 = CARTESIAN_POINT('',(12.930911411427,-1.361829359454E+04));
#3396 = CARTESIAN_POINT('',(12.805198977878,-1.361833140234E+04));
#3397 = CARTESIAN_POINT('',(12.68089510728,-1.361837001101E+04));
#3398 = CARTESIAN_POINT('',(12.558020879884,-1.361840937681E+04));
#3399 = CARTESIAN_POINT('',(12.436506719726,-1.361844948001E+04));
#3400 = CARTESIAN_POINT('',(11.771277098847,-1.361867541523E+04));
#3401 = CARTESIAN_POINT('',(11.254132061425,-1.361887505124E+04));
#3402 = CARTESIAN_POINT('',(10.762422296789,-1.361908666573E+04));
#3403 = CARTESIAN_POINT('',(10.294190770963,-1.361930838998E+04));
#3404 = CARTESIAN_POINT('',(9.847572581822,-1.36195388109E+04));
#3405 = CARTESIAN_POINT('',(9.42081581284,-1.361977696846E+04));
#3406 = ( GEOMETRIC_REPRESENTATION_CONTEXT(2) 
PARAMETRIC_REPRESENTATION_CONTEXT() REPRESENTATION_CONTEXT('2D SPACE',''
  ) );
#3407 = PCURVE('',#3408,#3439);
#3408 = ( BOUNDED_SURFACE() B_SPLINE_SURFACE(2,3,(
    (#3409,#3410,#3411,#3412,#3413,#3414,#3415,#3416,#3417,#3418)
    ,(#3419,#3420,#3421,#3422,#3423,#3424,#3425,#3426,#3427,#3428)
    ,(#3429,#3430,#3431,#3432,#3433,#3434,#3435,#3436,#3437,#3438
)),.UNSPECIFIED.,.F.,.F.,.F.) B_SPLINE_SURFACE_WITH_KNOTS((3,3),(4,3,3,4
    ),(0.,8.321142755493),(-2.415625231679,0.,4.513902197165,
5.905517523815),.UNSPECIFIED.) GEOMETRIC_REPRESENTATION_ITEM() 
RATIONAL_B_SPLINE_SURFACE((
    (1.,1.,1.,1.,1.,1.,1.,1.,1.,1.)
    ,(0.963354782982,0.962677396298,0.962005512193,0.961338995543
      ,0.960097198682,0.958832162461,0.957544388001,0.95714637532
      ,0.956750303907,0.956356144993)
,(1.,1.,1.,1.,1.,1.,1.,1.,1.,1.))) REPRESENTATION_ITEM('') SURFACE() );
#3409 = CARTESIAN_POINT('',(180.93288378596,-9.443502146574,
    -96.02070650678));
#3410 = CARTESIAN_POINT('',(180.75430375002,-9.451411365512,
    -97.06661790546));
#3411 = CARTESIAN_POINT('',(180.57796582082,-9.459221282682,
    -98.11278969838));
#3412 = CARTESIAN_POINT('',(180.40365655575,-9.46694135135,
    -99.1591970967));
#3413 = CARTESIAN_POINT('',(180.07732211932,-9.481394537513,
    -101.1213337378));
#3414 = CARTESIAN_POINT('',(179.74717443199,-9.496016610619,
    -103.1496176908));
#3415 = CARTESIAN_POINT('',(179.41271482762,-9.510829656336,
    -105.2480686418));
#3416 = CARTESIAN_POINT('',(179.30977471426,-9.515388821585,
    -105.8930907263));
#3417 = CARTESIAN_POINT('',(179.20747929051,-9.519919433859,
    -106.5381856279));
#3418 = CARTESIAN_POINT('',(179.10579511237,-9.524422974376,
    -107.1833495691));
#3419 = CARTESIAN_POINT('',(185.70810994626,-9.232009809379,
    -96.57529267568));
#3420 = CARTESIAN_POINT('',(185.57610606599,-9.237856194077,
    -97.62736389306));
#3421 = CARTESIAN_POINT('',(185.44552566951,-9.243639533409,
    -98.67883835518));
#3422 = CARTESIAN_POINT('',(185.31622371471,-9.249366251204,
    -99.72973380192));
#3423 = CARTESIAN_POINT('',(185.07390151305,-9.260098578231,
    -101.6986244055));
#3424 = CARTESIAN_POINT('',(184.82795057231,-9.270991620266,
    -103.7314819189));
#3425 = CARTESIAN_POINT('',(184.57798324026,-9.282062546229,
    -105.8314811082));
#3426 = CARTESIAN_POINT('',(184.50084461787,-9.285478976569,
    -106.4796905042));
#3427 = CARTESIAN_POINT('',(184.42411193907,-9.288877427872,
    -107.1276701631));
#3428 = CARTESIAN_POINT('',(184.34776240105,-9.292258910067,
    -107.7754251052));
#3429 = CARTESIAN_POINT('',(189.90623725459,-11.53535238891,
    -97.05007659893));
#3430 = CARTESIAN_POINT('',(189.80381116799,-11.58504419833,
    -98.10460056892));
#3431 = CARTESIAN_POINT('',(189.70166048897,-11.63430938407,
    -99.15915865177));
#3432 = CARTESIAN_POINT('',(189.59974355203,-11.68316106398,
    -100.2137459506));
#3433 = CARTESIAN_POINT('',(189.40946448534,-11.77419488398,
    -102.1809409728));
#3434 = CARTESIAN_POINT('',(189.21363708662,-11.8668603115,
    -104.2143287388));
#3435 = CARTESIAN_POINT('',(189.01179595198,-11.96112658058,
    -106.3179202188));
#3436 = CARTESIAN_POINT('',(188.94952043258,-11.99025670952,
    -106.9674036664));
#3437 = CARTESIAN_POINT('',(188.88731068882,-12.01923885707,
    -107.6168952677));
#3438 = CARTESIAN_POINT('',(188.82516096362,-12.04807565853,
    -108.2663943604));
#3439 = DEFINITIONAL_REPRESENTATION('',(#3440),#3463);
#3440 = B_SPLINE_CURVE_WITH_KNOTS('',6,(#3441,#3442,#3443,#3444,#3445,
    #3446,#3447,#3448,#3449,#3450,#3451,#3452,#3453,#3454,#3455,#3456,
    #3457,#3458,#3459,#3460,#3461,#3462),.UNSPECIFIED.,.F.,.F.,(7,5,5,5,
    7),(0.,0.294674815907,0.536015963842,0.619826933433,1.),
  .UNSPECIFIED.);
#3441 = CARTESIAN_POINT('',(0.,0.39505195886));
#3442 = CARTESIAN_POINT('',(0.478814579725,0.359579161205));
#3443 = CARTESIAN_POINT('',(0.962218328962,0.323579567155));
#3444 = CARTESIAN_POINT('',(1.44319230509,0.287662130589));
#3445 = CARTESIAN_POINT('',(1.916869781566,0.252308818161));
#3446 = CARTESIAN_POINT('',(2.379700402015,0.21787695393));
#3447 = CARTESIAN_POINT('',(3.197383253207,0.157368270248));
#3448 = CARTESIAN_POINT('',(3.557061472113,0.130874293175));
#3449 = CARTESIAN_POINT('',(3.907858299321,0.105195297214));
#3450 = CARTESIAN_POINT('',(4.249878685263,8.034724086252E-02));
#3451 = CARTESIAN_POINT('',(4.583527968945,5.631467642924E-02));
#3452 = CARTESIAN_POINT('',(5.022699923203,2.498142202787E-02));
#3453 = CARTESIAN_POINT('',(5.134961664637,1.699783977229E-02));
#3454 = CARTESIAN_POINT('',(5.246329828757,9.11089837606E-03));
#3455 = CARTESIAN_POINT('',(5.35678540324,1.309378294216E-03));
#3456 = CARTESIAN_POINT('',(5.466402429822,-6.39770400593E-03));
#3457 = CARTESIAN_POINT('',(6.068641055704,-4.856740879638E-02));
#3458 = CARTESIAN_POINT('',(6.544889397672,-8.125690292794E-02));
#3459 = CARTESIAN_POINT('',(7.006492563386,-0.112254123857));
#3460 = CARTESIAN_POINT('',(7.455293955619,-0.141692948244));
#3461 = CARTESIAN_POINT('',(7.892976475607,-0.169699525326));
#3462 = CARTESIAN_POINT('',(8.321142755493,-0.196390937689));
#3463 = ( GEOMETRIC_REPRESENTATION_CONTEXT(2) 
PARAMETRIC_REPRESENTATION_CONTEXT() REPRESENTATION_CONTEXT('2D SPACE',''
  ) );
#3464 = ADVANCED_FACE('',(#3465),#1452,.F.);
#3465 = FACE_BOUND('',#3466,.T.);
#3466 = EDGE_LOOP('',(#3467,#3468,#3563,#3606,#3640,#3678,#3789,#3810,
    #3811,#3812,#3813,#3887,#3910,#3982,#3983,#3984));
#3467 = ORIENTED_EDGE('',*,*,#2684,.F.);
#3468 = ORIENTED_EDGE('',*,*,#3469,.F.);
#3469 = EDGE_CURVE('',#3470,#2685,#3472,.T.);
#3470 = VERTEX_POINT('',#3471);
#3471 = CARTESIAN_POINT('',(189.62460582701,11.671237895931,
    -111.9701972358));
#3472 = SURFACE_CURVE('',#3473,(#3501,#3532),.PCURVE_S1.);
#3473 = B_SPLINE_CURVE_WITH_KNOTS('',6,(#3474,#3475,#3476,#3477,#3478,
    #3479,#3480,#3481,#3482,#3483,#3484,#3485,#3486,#3487,#3488,#3489,
    #3490,#3491,#3492,#3493,#3494,#3495,#3496,#3497,#3498,#3499,#3500),
  .UNSPECIFIED.,.F.,.F.,(7,5,5,5,5,7),(0.,0.390821725776,0.484404162195,
    0.564092511918,0.71437074152,1.),.UNSPECIFIED.);
#3474 = CARTESIAN_POINT('',(189.62460582701,11.671237895934,
    -111.9701972358));
#3475 = CARTESIAN_POINT('',(189.18607649804,11.426399263231,
    -111.9834208823));
#3476 = CARTESIAN_POINT('',(188.7265776287,11.189744428373,
    -111.9972768554));
#3477 = CARTESIAN_POINT('',(188.24419237194,10.962305840531,
    -112.0118229569));
#3478 = CARTESIAN_POINT('',(187.73688338225,10.745631698182,
    -112.0271206218));
#3479 = CARTESIAN_POINT('',(187.20252589543,10.541785062121,
    -112.0432339215));
#3480 = CARTESIAN_POINT('',(186.50332578686,10.30852547055,
    -112.0643179732));
#3481 = CARTESIAN_POINT('',(186.36655538317,10.264363599529,
    -112.0684422207));
#3482 = CARTESIAN_POINT('',(186.22803945887,10.221137274833,
    -112.0726191035));
#3483 = CARTESIAN_POINT('',(186.08775131356,10.178891837179,
    -112.0768494268));
#3484 = CARTESIAN_POINT('',(185.94567109307,10.137677429549,
    -112.0811337893));
#3485 = CARTESIAN_POINT('',(185.67922524922,10.063366437427,
    -112.0891683389));
#3486 = CARTESIAN_POINT('',(185.55536437164,10.029973954373,
    -112.0929033056));
#3487 = CARTESIAN_POINT('',(185.43016716937,9.99739681703,
    -112.0966785686));
#3488 = CARTESIAN_POINT('',(185.30362177521,9.965668917456,
    -112.1004944857));
#3489 = CARTESIAN_POINT('',(185.17572007482,9.934826282709,
    -112.1043513016));
#3490 = CARTESIAN_POINT('',(184.8026916252,9.848484657555,
    -112.1155997997));
#3491 = CARTESIAN_POINT('',(184.55409608372,9.795348333712,
    -112.1230960818));
#3492 = CARTESIAN_POINT('',(184.30063041478,9.745748035212,
    -112.1307392203));
#3493 = CARTESIAN_POINT('',(184.04235138887,9.699972664789,
    -112.1385275034));
#3494 = CARTESIAN_POINT('',(183.77943798809,9.658328274155,
    -112.1464555338));
#3495 = CARTESIAN_POINT('',(183.00431581954,9.550388465164,
    -112.1698289797));
#3496 = CARTESIAN_POINT('',(182.4800289863,9.495557968042,
    -112.1856386035));
#3497 = CARTESIAN_POINT('',(181.9431410994,9.459007735913,
    -112.2018282063));
#3498 = CARTESIAN_POINT('',(181.39893455035,9.442607319148,
    -112.2182384998));
#3499 = CARTESIAN_POINT('',(180.85433258593,9.446981142789,
    -112.2346607169));
#3500 = CARTESIAN_POINT('',(180.31788726099,9.470740029781,
    -112.2508369744));
#3501 = PCURVE('',#1452,#3502);
#3502 = DEFINITIONAL_REPRESENTATION('',(#3503),#3531);
#3503 = B_SPLINE_CURVE_WITH_KNOTS('',6,(#3504,#3505,#3506,#3507,#3508,
    #3509,#3510,#3511,#3512,#3513,#3514,#3515,#3516,#3517,#3518,#3519,
    #3520,#3521,#3522,#3523,#3524,#3525,#3526,#3527,#3528,#3529,#3530),
  .UNSPECIFIED.,.F.,.F.,(7,5,5,5,5,7),(0.,0.390821725776,0.484404162195,
    0.564092511918,0.71437074152,1.),.UNSPECIFIED.);
#3504 = CARTESIAN_POINT('',(-9.42081581284,-1.359643449266E+04));
#3505 = CARTESIAN_POINT('',(-9.859544472936,-1.35966793313E+04));
#3506 = CARTESIAN_POINT('',(-10.31925220499,-1.359691598613E+04));
#3507 = CARTESIAN_POINT('',(-10.80185672735,-1.359714342472E+04));
#3508 = CARTESIAN_POINT('',(-11.3093963116,-1.359736009886E+04));
#3509 = CARTESIAN_POINT('',(-11.84399668772,-1.35975639455E+04));
#3510 = CARTESIAN_POINT('',(-12.54351461391,-1.359779720509E+04));
#3511 = CARTESIAN_POINT('',(-12.68034718585,-1.359784136696E+04));
#3512 = CARTESIAN_POINT('',(-12.81892607181,-1.359788459329E+04));
#3513 = CARTESIAN_POINT('',(-12.95927798433,-1.359792683872E+04));
#3514 = CARTESIAN_POINT('',(-13.10142278662,-1.359796805313E+04));
#3515 = CARTESIAN_POINT('',(-13.36798974198,-1.359804236412E+04));
#3516 = CARTESIAN_POINT('',(-13.49190691986,-1.359807575661E+04));
#3517 = CARTESIAN_POINT('',(-13.61716102984,-1.359810833374E+04));
#3518 = CARTESIAN_POINT('',(-13.74376394452,-1.359814006164E+04));
#3519 = CARTESIAN_POINT('',(-13.87172378193,-1.359817090428E+04));
#3520 = CARTESIAN_POINT('',(-14.24492178961,-1.35982572459E+04));
#3521 = CARTESIAN_POINT('',(-14.49363032884,-1.359831038223E+04));
#3522 = CARTESIAN_POINT('',(-14.74721120923,-1.359835998252E+04));
#3523 = CARTESIAN_POINT('',(-15.00560763448,-1.35984057579E+04));
#3524 = CARTESIAN_POINT('',(-15.26864054112,-1.359844740229E+04));
#3525 = CARTESIAN_POINT('',(-16.04411503725,-1.359855534209E+04));
#3526 = CARTESIAN_POINT('',(-16.56864018223,-1.359861017259E+04));
#3527 = CARTESIAN_POINT('',(-17.10577210861,-1.359864672282E+04));
#3528 = CARTESIAN_POINT('',(-17.6502260238,-1.359866312324E+04));
#3529 = CARTESIAN_POINT('',(-18.19507553409,-1.359865874942E+04));
#3530 = CARTESIAN_POINT('',(-18.73176469734,-1.359863499053E+04));
#3531 = ( GEOMETRIC_REPRESENTATION_CONTEXT(2) 
PARAMETRIC_REPRESENTATION_CONTEXT() REPRESENTATION_CONTEXT('2D SPACE',''
  ) );
#3532 = PCURVE('',#2892,#3533);
#3533 = DEFINITIONAL_REPRESENTATION('',(#3534),#3562);
#3534 = B_SPLINE_CURVE_WITH_KNOTS('',6,(#3535,#3536,#3537,#3538,#3539,
    #3540,#3541,#3542,#3543,#3544,#3545,#3546,#3547,#3548,#3549,#3550,
    #3551,#3552,#3553,#3554,#3555,#3556,#3557,#3558,#3559,#3560,#3561),
  .UNSPECIFIED.,.F.,.F.,(7,5,5,5,5,7),(0.,0.390821725776,0.484404162195,
    0.564092511918,0.71437074152,1.),.UNSPECIFIED.);
#3535 = CARTESIAN_POINT('',(0.,4.710293134854));
#3536 = CARTESIAN_POINT('',(0.440177712285,4.682852943079));
#3537 = CARTESIAN_POINT('',(0.890400712633,4.654023533213));
#3538 = CARTESIAN_POINT('',(1.352425676962,4.62367681347));
#3539 = CARTESIAN_POINT('',(1.828090693194,4.591674892669));
#3540 = CARTESIAN_POINT('',(2.319401168822,4.557872225172));
#3541 = CARTESIAN_POINT('',(2.951243174178,4.513512209306));
#3542 = CARTESIAN_POINT('',(3.074353311499,4.50482792447));
#3543 = CARTESIAN_POINT('',(3.198562905346,4.496031971617));
#3544 = CARTESIAN_POINT('',(3.323902127762,4.487121318224));
#3545 = CARTESIAN_POINT('',(3.450395940896,4.478092201096));
#3546 = CARTESIAN_POINT('',(3.686814541303,4.461155982641));
#3547 = CARTESIAN_POINT('',(3.796408361884,4.453280742719));
#3548 = CARTESIAN_POINT('',(3.906885278132,4.445318410255));
#3549 = CARTESIAN_POINT('',(4.018262790406,4.437268187774));
#3550 = CARTESIAN_POINT('',(4.130556196033,4.429129515209));
#3551 = CARTESIAN_POINT('',(4.457296134691,4.405386555816));
#3552 = CARTESIAN_POINT('',(4.674109436998,4.38955594302));
#3553 = CARTESIAN_POINT('',(4.894316974168,4.373407345416));
#3554 = CARTESIAN_POINT('',(5.117948952417,4.356944060755));
#3555 = CARTESIAN_POINT('',(5.344950628803,4.340177186084));
#3556 = CARTESIAN_POINT('',(6.012728288994,4.290720906496));
#3557 = CARTESIAN_POINT('',(6.462607140672,4.257239491091));
#3558 = CARTESIAN_POINT('',(6.922381568084,4.222922372293));
#3559 = CARTESIAN_POINT('',(7.388697342502,4.188105594746));
#3560 = CARTESIAN_POINT('',(7.857058975974,4.15323171018));
#3561 = CARTESIAN_POINT('',(8.321142755493,4.118850238306));
#3562 = ( GEOMETRIC_REPRESENTATION_CONTEXT(2) 
PARAMETRIC_REPRESENTATION_CONTEXT() REPRESENTATION_CONTEXT('2D SPACE',''
  ) );
#3563 = ORIENTED_EDGE('',*,*,#3564,.F.);
#3564 = EDGE_CURVE('',#3565,#3470,#3567,.T.);
#3565 = VERTEX_POINT('',#3566);
#3566 = CARTESIAN_POINT('',(186.44295920094,9.199463709759,
    -112.0661382994));
#3567 = SURFACE_CURVE('',#3568,(#3577,#3589),.PCURVE_S1.);
#3568 = B_SPLINE_CURVE_WITH_KNOTS('',4,(#3569,#3570,#3571,#3572,#3573,
    #3574,#3575,#3576),.UNSPECIFIED.,.F.,.F.,(5,3,5),(0.,0.503096075632,
    1.),.UNSPECIFIED.);
#3569 = CARTESIAN_POINT('',(186.44295920093,9.199463709756,
    -112.0661382994));
#3570 = CARTESIAN_POINT('',(186.79732023041,9.573023680458,
    -112.0554527085));
#3571 = CARTESIAN_POINT('',(187.16922351454,9.926649602248,
    -112.0442381392));
#3572 = CARTESIAN_POINT('',(187.55700676889,10.259401151059,
    -112.0325447168));
#3573 = CARTESIAN_POINT('',(188.35613522175,10.87793967471,
    -112.0084473727));
#3574 = CARTESIAN_POINT('',(188.7671307066,11.164251680622,
    -111.9960539966));
#3575 = CARTESIAN_POINT('',(189.19046859793,11.428851442633,
    -111.9832884404));
#3576 = CARTESIAN_POINT('',(189.62460582147,11.671237889056,
    -111.9701972358));
#3577 = PCURVE('',#1452,#3578);
#3578 = DEFINITIONAL_REPRESENTATION('',(#3579),#3588);
#3579 = B_SPLINE_CURVE_WITH_KNOTS('',4,(#3580,#3581,#3582,#3583,#3584,
    #3585,#3586,#3587),.UNSPECIFIED.,.F.,.F.,(5,3,5),(0.,0.503096075632,
    1.),.UNSPECIFIED.);
#3580 = CARTESIAN_POINT('',(-12.60390863914,-1.359890626685E+04));
#3581 = CARTESIAN_POINT('',(-12.24938653678,-1.359853270688E+04));
#3582 = CARTESIAN_POINT('',(-11.87731420603,-1.359817908096E+04));
#3583 = CARTESIAN_POINT('',(-11.4893546869,-1.359784632941E+04));
#3584 = CARTESIAN_POINT('',(-10.68986299453,-1.359722779089E+04));
#3585 = CARTESIAN_POINT('',(-10.27868069392,-1.359694147888E+04));
#3586 = CARTESIAN_POINT('',(-9.855150376631,-1.359667687912E+04));
#3587 = CARTESIAN_POINT('',(-9.420815818377,-1.359643449267E+04));
#3588 = ( GEOMETRIC_REPRESENTATION_CONTEXT(2) 
PARAMETRIC_REPRESENTATION_CONTEXT() REPRESENTATION_CONTEXT('2D SPACE',''
  ) );
#3589 = PCURVE('',#3590,#3595);
#3590 = CONICAL_SURFACE('',#3591,13.875497692632,8.726646006107E-02);
#3591 = AXIS2_PLACEMENT_3D('',#3592,#3593,#3594);
#3592 = CARTESIAN_POINT('',(196.10564357609,3.944304526105E-31,
    -105.963364566));
#3593 = DIRECTION('',(0.,0.,1.));
#3594 = DIRECTION('',(1.110223024625E-16,1.,0.));
#3595 = DEFINITIONAL_REPRESENTATION('',(#3596),#3605);
#3596 = B_SPLINE_CURVE_WITH_KNOTS('',4,(#3597,#3598,#3599,#3600,#3601,
    #3602,#3603,#3604),.UNSPECIFIED.,.F.,.F.,(5,3,5),(0.,0.503096075632,
    1.),.UNSPECIFIED.);
#3597 = CARTESIAN_POINT('',(0.809951441916,-6.102773733345));
#3598 = CARTESIAN_POINT('',(0.771358093184,-6.092088142503));
#3599 = CARTESIAN_POINT('',(0.732947428401,-6.080873573189));
#3600 = CARTESIAN_POINT('',(0.694703953077,-6.069180150812));
#3601 = CARTESIAN_POINT('',(0.618982943931,-6.04508280667));
#3602 = CARTESIAN_POINT('',(0.581501921388,-6.032689430565));
#3603 = CARTESIAN_POINT('',(0.544147986768,-6.01992387439));
#3604 = CARTESIAN_POINT('',(0.50690315855,-6.006832669787));
#3605 = ( GEOMETRIC_REPRESENTATION_CONTEXT(2) 
PARAMETRIC_REPRESENTATION_CONTEXT() REPRESENTATION_CONTEXT('2D SPACE',''
  ) );
#3606 = ORIENTED_EDGE('',*,*,#3607,.F.);
#3607 = EDGE_CURVE('',#3608,#3565,#3610,.T.);
#3608 = VERTEX_POINT('',#3609);
#3609 = CARTESIAN_POINT('',(186.44295920094,-9.199463709759,
    -112.0661382994));
#3610 = SURFACE_CURVE('',#3611,(#3616,#3627),.PCURVE_S1.);
#3611 = ELLIPSE('',#3612,13.373235092245,13.367112604765);
#3612 = AXIS2_PLACEMENT_3D('',#3613,#3614,#3615);
#3613 = CARTESIAN_POINT('',(196.14090854242,-3.915197758847E-18,
    -111.77370118));
#3614 = DIRECTION('',(3.014083119581E-02,-3.346304477493E-18,
    -0.999545661936));
#3615 = DIRECTION('',(0.999545661936,-1.109718608045E-16,
    3.014083119581E-02));
#3616 = PCURVE('',#1452,#3617);
#3617 = DEFINITIONAL_REPRESENTATION('',(#3618),#3626);
#3618 = ( BOUNDED_CURVE() B_SPLINE_CURVE(2,(#3619,#3620,#3621,#3622,
#3623,#3624,#3625),.UNSPECIFIED.,.T.,.F.) B_SPLINE_CURVE_WITH_KNOTS((1,2
    ,2,2,2,1),(-2.094395102393,0.,2.094395102393,4.188790204786,
6.28318530718,8.377580409573),.UNSPECIFIED.) CURVE() 
GEOMETRIC_REPRESENTATION_ITEM() RATIONAL_B_SPLINE_CURVE((1.,0.5,1.,0.5,
1.,0.5,1.)) REPRESENTATION_ITEM('') );
#3619 = CARTESIAN_POINT('',(10.471683944909,-1.360810573056E+04));
#3620 = CARTESIAN_POINT('',(10.471683944909,-1.363125824874E+04));
#3621 = CARTESIAN_POINT('',(-9.588168693459,-1.361968198965E+04));
#3622 = CARTESIAN_POINT('',(-29.64802133182,-1.360810573056E+04));
#3623 = CARTESIAN_POINT('',(-9.588168693459,-1.359652947147E+04));
#3624 = CARTESIAN_POINT('',(10.471683944909,-1.358495321238E+04));
#3625 = CARTESIAN_POINT('',(10.471683944909,-1.360810573056E+04));
#3626 = ( GEOMETRIC_REPRESENTATION_CONTEXT(2) 
PARAMETRIC_REPRESENTATION_CONTEXT() REPRESENTATION_CONTEXT('2D SPACE',''
  ) );
#3627 = PCURVE('',#3590,#3628);
#3628 = DEFINITIONAL_REPRESENTATION('',(#3629),#3639);
#3629 = B_SPLINE_CURVE_WITH_KNOTS('',8,(#3630,#3631,#3632,#3633,#3634,
    #3635,#3636,#3637,#3638),.UNSPECIFIED.,.F.,.F.,(9,9),(2.382565148601
    ,3.900620158578),.PIECEWISE_BEZIER_KNOTS.);
#3630 = CARTESIAN_POINT('',(2.331641211674,-6.102773733345));
#3631 = CARTESIAN_POINT('',(2.141521102448,-6.155413521358));
#3632 = CARTESIAN_POINT('',(1.951325991027,-6.196019047294));
#3633 = CARTESIAN_POINT('',(1.761075813492,-6.221702016795));
#3634 = CARTESIAN_POINT('',(1.570796326777,-6.230498638861));
#3635 = CARTESIAN_POINT('',(1.380516840105,-6.22170201679));
#3636 = CARTESIAN_POINT('',(1.190266662558,-6.196019047297));
#3637 = CARTESIAN_POINT('',(1.000071551142,-6.155413521358));
#3638 = CARTESIAN_POINT('',(0.809951441916,-6.102773733345));
#3639 = ( GEOMETRIC_REPRESENTATION_CONTEXT(2) 
PARAMETRIC_REPRESENTATION_CONTEXT() REPRESENTATION_CONTEXT('2D SPACE',''
  ) );
#3640 = ORIENTED_EDGE('',*,*,#3641,.T.);
#3641 = EDGE_CURVE('',#3608,#3642,#3644,.T.);
#3642 = VERTEX_POINT('',#3643);
#3643 = CARTESIAN_POINT('',(189.62460582701,-11.67123789593,
    -111.9701972358));
#3644 = SURFACE_CURVE('',#3645,(#3654,#3666),.PCURVE_S1.);
#3645 = B_SPLINE_CURVE_WITH_KNOTS('',4,(#3646,#3647,#3648,#3649,#3650,
    #3651,#3652,#3653),.UNSPECIFIED.,.F.,.F.,(5,3,5),(0.,0.503096075632,
    1.),.UNSPECIFIED.);
#3646 = CARTESIAN_POINT('',(186.44295920094,-9.199463709759,
    -112.0661382994));
#3647 = CARTESIAN_POINT('',(186.79732023041,-9.57302368046,
    -112.0554527085));
#3648 = CARTESIAN_POINT('',(187.16922351454,-9.926649602249,
    -112.0442381392));
#3649 = CARTESIAN_POINT('',(187.55700676889,-10.25940115106,
    -112.0325447168));
#3650 = CARTESIAN_POINT('',(188.35613522175,-10.87793967471,
    -112.0084473727));
#3651 = CARTESIAN_POINT('',(188.7671307066,-11.16425168062,
    -111.9960539966));
#3652 = CARTESIAN_POINT('',(189.19046859794,-11.42885144263,
    -111.9832884404));
#3653 = CARTESIAN_POINT('',(189.62460582147,-11.67123788905,
    -111.9701972358));
#3654 = PCURVE('',#1452,#3655);
#3655 = DEFINITIONAL_REPRESENTATION('',(#3656),#3665);
#3656 = B_SPLINE_CURVE_WITH_KNOTS('',4,(#3657,#3658,#3659,#3660,#3661,
    #3662,#3663,#3664),.UNSPECIFIED.,.F.,.F.,(5,3,5),(0.,0.503096075632,
    1.),.UNSPECIFIED.);
#3657 = CARTESIAN_POINT('',(-12.60390863914,-1.361730519427E+04));
#3658 = CARTESIAN_POINT('',(-12.24938653678,-1.361767875424E+04));
#3659 = CARTESIAN_POINT('',(-11.87731420602,-1.361803238016E+04));
#3660 = CARTESIAN_POINT('',(-11.48935468689,-1.361836513171E+04));
#3661 = CARTESIAN_POINT('',(-10.68986299453,-1.361898367023E+04));
#3662 = CARTESIAN_POINT('',(-10.27868069392,-1.361926998224E+04));
#3663 = CARTESIAN_POINT('',(-9.855150376631,-1.3619534582E+04));
#3664 = CARTESIAN_POINT('',(-9.420815818377,-1.361977696845E+04));
#3665 = ( GEOMETRIC_REPRESENTATION_CONTEXT(2) 
PARAMETRIC_REPRESENTATION_CONTEXT() REPRESENTATION_CONTEXT('2D SPACE',''
  ) );
#3666 = PCURVE('',#3590,#3667);
#3667 = DEFINITIONAL_REPRESENTATION('',(#3668),#3677);
#3668 = B_SPLINE_CURVE_WITH_KNOTS('',4,(#3669,#3670,#3671,#3672,#3673,
    #3674,#3675,#3676),.UNSPECIFIED.,.F.,.F.,(5,3,5),(0.,0.503096075632,
    1.),.UNSPECIFIED.);
#3669 = CARTESIAN_POINT('',(2.331641211674,-6.102773733345));
#3670 = CARTESIAN_POINT('',(2.370234560406,-6.092088142503));
#3671 = CARTESIAN_POINT('',(2.408645225189,-6.080873573189));
#3672 = CARTESIAN_POINT('',(2.446888700513,-6.069180150812));
#3673 = CARTESIAN_POINT('',(2.522609709659,-6.04508280667));
#3674 = CARTESIAN_POINT('',(2.560090732202,-6.032689430565));
#3675 = CARTESIAN_POINT('',(2.597444666822,-6.01992387439));
#3676 = CARTESIAN_POINT('',(2.63468949504,-6.006832669787));
#3677 = ( GEOMETRIC_REPRESENTATION_CONTEXT(2) 
PARAMETRIC_REPRESENTATION_CONTEXT() REPRESENTATION_CONTEXT('2D SPACE',''
  ) );
#3678 = ORIENTED_EDGE('',*,*,#3679,.F.);
#3679 = EDGE_CURVE('',#3680,#3642,#3682,.T.);
#3680 = VERTEX_POINT('',#3681);
#3681 = CARTESIAN_POINT('',(180.31788734803,-9.470740025924,
    -112.2508369718));
#3682 = SURFACE_CURVE('',#3683,(#3706,#3732),.PCURVE_S1.);
#3683 = B_SPLINE_CURVE_WITH_KNOTS('',6,(#3684,#3685,#3686,#3687,#3688,
    #3689,#3690,#3691,#3692,#3693,#3694,#3695,#3696,#3697,#3698,#3699,
    #3700,#3701,#3702,#3703,#3704,#3705),.UNSPECIFIED.,.F.,.F.,(7,5,5,5,
    7),(0.,0.294674815912,0.536015963852,0.619826933443,1.),
  .UNSPECIFIED.);
#3684 = CARTESIAN_POINT('',(180.31788726099,-9.470740029779,
    -112.2508369744));
#3685 = CARTESIAN_POINT('',(180.87136026337,-9.446226995729,
    -112.2341472553));
#3686 = CARTESIAN_POINT('',(181.43355693325,-9.442347253896,
    -112.2171944781));
#3687 = CARTESIAN_POINT('',(181.99500016789,-9.460636772951,
    -112.2002644203));
#3688 = CARTESIAN_POINT('',(182.54814820253,-9.500322115861,
    -112.1835845005));
#3689 = CARTESIAN_POINT('',(183.08738141861,-9.559268631172,
    -112.1673241754));
#3690 = CARTESIAN_POINT('',(184.03586409269,-9.696736484417,
    -112.1387231247));
#3691 = CARTESIAN_POINT('',(184.45149078664,-9.769858416447,
    -112.1261900965));
#3692 = CARTESIAN_POINT('',(184.85465300657,-9.852973675387,
    -112.1140329286));
#3693 = CARTESIAN_POINT('',(185.24507886453,-9.94483766163,
    -112.1022598197));
#3694 = CARTESIAN_POINT('',(185.62299086561,-10.04440462339,
    -112.0908640604));
#3695 = CARTESIAN_POINT('',(186.11610499846,-10.1878639767,
    -112.0759944347));
#3696 = CARTESIAN_POINT('',(186.24176031607,-10.22567178271,
    -112.0722053575));
#3697 = CARTESIAN_POINT('',(186.36600771066,-10.26428044539,
    -112.0684587355));
#3698 = CARTESIAN_POINT('',(186.48882611165,-10.30364624592,
    -112.0647552041));
#3699 = CARTESIAN_POINT('',(186.61028506329,-10.34374944928,
    -112.0610926664));
#3700 = CARTESIAN_POINT('',(187.27521244503,-10.56968467024,
    -112.0410420926));
#3701 = CARTESIAN_POINT('',(187.79212252378,-10.76932068024,
    -112.0254549114));
#3702 = CARTESIAN_POINT('',(188.28360888595,-10.98093517432,
    -112.0106343704));
#3703 = CARTESIAN_POINT('',(188.75162767637,-11.20265942091,
    -111.996521483));
#3704 = CARTESIAN_POINT('',(189.19804294987,-11.43308034362,
    -111.9830600395));
#3705 = CARTESIAN_POINT('',(189.62460582701,-11.67123789593,
    -111.9701972358));
#3706 = PCURVE('',#1452,#3707);
#3707 = DEFINITIONAL_REPRESENTATION('',(#3708),#3731);
#3708 = B_SPLINE_CURVE_WITH_KNOTS('',6,(#3709,#3710,#3711,#3712,#3713,
    #3714,#3715,#3716,#3717,#3718,#3719,#3720,#3721,#3722,#3723,#3724,
    #3725,#3726,#3727,#3728,#3729,#3730),.UNSPECIFIED.,.F.,.F.,(7,5,5,5,
    7),(0.,0.294674815912,0.536015963852,0.619826933443,1.),
  .UNSPECIFIED.);
#3709 = CARTESIAN_POINT('',(-18.73176469734,-1.361757647059E+04));
#3710 = CARTESIAN_POINT('',(-18.17804011681,-1.361755195756E+04));
#3711 = CARTESIAN_POINT('',(-17.61558790348,-1.361754807781E+04));
#3712 = CARTESIAN_POINT('',(-17.05388946786,-1.361756636733E+04));
#3713 = CARTESIAN_POINT('',(-16.50049000278,-1.361760605268E+04));
#3714 = CARTESIAN_POINT('',(-15.96101168116,-1.361766499919E+04));
#3715 = CARTESIAN_POINT('',(-15.01209787942,-1.361780246704E+04));
#3716 = CARTESIAN_POINT('',(-14.59628226461,-1.361787558898E+04));
#3717 = CARTESIAN_POINT('',(-14.19293678948,-1.361795870424E+04));
#3718 = CARTESIAN_POINT('',(-13.80233346556,-1.361805056822E+04));
#3719 = CARTESIAN_POINT('',(-13.42424968663,-1.361815013518E+04));
#3720 = CARTESIAN_POINT('',(-12.93091141142,-1.361829359454E+04));
#3721 = CARTESIAN_POINT('',(-12.80519897786,-1.361833140234E+04));
#3722 = CARTESIAN_POINT('',(-12.68089510729,-1.361837001101E+04));
#3723 = CARTESIAN_POINT('',(-12.55802087987,-1.361840937681E+04));
#3724 = CARTESIAN_POINT('',(-12.43650671972,-1.361844948001E+04));
#3725 = CARTESIAN_POINT('',(-11.77127709884,-1.361867541523E+04));
#3726 = CARTESIAN_POINT('',(-11.25413206142,-1.361887505124E+04));
#3727 = CARTESIAN_POINT('',(-10.76242229678,-1.361908666573E+04));
#3728 = CARTESIAN_POINT('',(-10.29419077096,-1.361930838998E+04));
#3729 = CARTESIAN_POINT('',(-9.847572581822,-1.36195388109E+04));
#3730 = CARTESIAN_POINT('',(-9.42081581284,-1.361977696846E+04));
#3731 = ( GEOMETRIC_REPRESENTATION_CONTEXT(2) 
PARAMETRIC_REPRESENTATION_CONTEXT() REPRESENTATION_CONTEXT('2D SPACE',''
  ) );
#3732 = PCURVE('',#3733,#3764);
#3733 = ( BOUNDED_SURFACE() B_SPLINE_SURFACE(2,3,(
    (#3734,#3735,#3736,#3737,#3738,#3739,#3740,#3741,#3742,#3743)
    ,(#3744,#3745,#3746,#3747,#3748,#3749,#3750,#3751,#3752,#3753)
    ,(#3754,#3755,#3756,#3757,#3758,#3759,#3760,#3761,#3762,#3763
)),.UNSPECIFIED.,.F.,.F.,.F.) B_SPLINE_SURFACE_WITH_KNOTS((3,3),(4,3,3,4
    ),(0.,8.321142755493),(-1.39161532665,0.,4.513902197165,
6.929527428843),.UNSPECIFIED.) GEOMETRIC_REPRESENTATION_ITEM() 
RATIONAL_B_SPLINE_SURFACE((
    (1.,1.,1.,1.,1.,1.,1.,1.,1.,1.)
    ,(0.956356144993,0.956750303907,0.95714637532,0.957544388001
      ,0.958832162461,0.960097198682,0.961338995543,0.962005512193
      ,0.962677396298,0.963354782982)
,(1.,1.,1.,1.,1.,1.,1.,1.,1.,1.))) REPRESENTATION_ITEM('') SURFACE() );
#3734 = CARTESIAN_POINT('',(179.10579511239,-9.524422974375,
    -104.7433795629));
#3735 = CARTESIAN_POINT('',(179.20747929052,-9.519919433858,
    -105.3885435042));
#3736 = CARTESIAN_POINT('',(179.30977471426,-9.515388821585,
    -106.0336384058));
#3737 = CARTESIAN_POINT('',(179.41271482762,-9.510829656336,
    -106.6786604902));
#3738 = CARTESIAN_POINT('',(179.74717443199,-9.496016610619,
    -108.7771114412));
#3739 = CARTESIAN_POINT('',(180.07732211932,-9.481394537513,
    -110.8053953942));
#3740 = CARTESIAN_POINT('',(180.40365655575,-9.46694135135,
    -112.7675320354));
#3741 = CARTESIAN_POINT('',(180.57796582082,-9.459221282682,
    -113.8139394337));
#3742 = CARTESIAN_POINT('',(180.75430375005,-9.45141136551,
    -114.8601112266));
#3743 = CARTESIAN_POINT('',(180.93288378598,-9.443502146573,
    -115.9060226253));
#3744 = CARTESIAN_POINT('',(184.34776240106,-9.29225891007,
    -104.1513040268));
#3745 = CARTESIAN_POINT('',(184.42411193907,-9.288877427875,
    -104.7990589689));
#3746 = CARTESIAN_POINT('',(184.50084461787,-9.285478976569,
    -105.4470386278));
#3747 = CARTESIAN_POINT('',(184.57798324026,-9.282062546229,
    -106.0952480238));
#3748 = CARTESIAN_POINT('',(184.82795057231,-9.270991620266,
    -108.1952472132));
#3749 = CARTESIAN_POINT('',(185.07390151305,-9.260098578231,
    -110.2281047266));
#3750 = CARTESIAN_POINT('',(185.31622371471,-9.249366251204,
    -112.1969953301));
#3751 = CARTESIAN_POINT('',(185.44552566951,-9.24363953341,
    -113.2478907769));
#3752 = CARTESIAN_POINT('',(185.57610606601,-9.237856194083,
    -114.299365239));
#3753 = CARTESIAN_POINT('',(185.70810994628,-9.232009809384,
    -115.3514364564));
#3754 = CARTESIAN_POINT('',(188.82516096363,-12.04807565853,
    -103.6603347716));
#3755 = CARTESIAN_POINT('',(188.88731068882,-12.01923885708,
    -104.3098338643));
#3756 = CARTESIAN_POINT('',(188.94952043258,-11.99025670952,
    -104.9593254656));
#3757 = CARTESIAN_POINT('',(189.01179595198,-11.96112658058,
    -105.6088089133));
#3758 = CARTESIAN_POINT('',(189.21363708662,-11.8668603115,
    -107.7124003932));
#3759 = CARTESIAN_POINT('',(189.40946448534,-11.77419488398,
    -109.7457881592));
#3760 = CARTESIAN_POINT('',(189.59974355203,-11.68316106398,
    -111.7129831814));
#3761 = CARTESIAN_POINT('',(189.70166048897,-11.63430938407,
    -112.7675704803));
#3762 = CARTESIAN_POINT('',(189.803811168,-11.58504419834,
    -113.8221285631));
#3763 = CARTESIAN_POINT('',(189.9062372546,-11.53535238892,
    -114.8766525331));
#3764 = DEFINITIONAL_REPRESENTATION('',(#3765),#3788);
#3765 = B_SPLINE_CURVE_WITH_KNOTS('',6,(#3766,#3767,#3768,#3769,#3770,
    #3771,#3772,#3773,#3774,#3775,#3776,#3777,#3778,#3779,#3780,#3781,
    #3782,#3783,#3784,#3785,#3786,#3787),.UNSPECIFIED.,.F.,.F.,(7,5,5,5,
    7),(0.,0.294674815912,0.536015963852,0.619826933443,1.),
  .UNSPECIFIED.);
#3766 = CARTESIAN_POINT('',(0.,4.118850238304));
#3767 = CARTESIAN_POINT('',(0.478814579725,4.154323035959));
#3768 = CARTESIAN_POINT('',(0.962218328962,4.190322630009));
#3769 = CARTESIAN_POINT('',(1.44319230509,4.226240066575));
#3770 = CARTESIAN_POINT('',(1.916869781567,4.261593379004));
#3771 = CARTESIAN_POINT('',(2.379700402015,4.296025243234));
#3772 = CARTESIAN_POINT('',(3.197383253207,4.356533926917));
#3773 = CARTESIAN_POINT('',(3.557061472113,4.38302790399));
#3774 = CARTESIAN_POINT('',(3.907858299321,4.40870689995));
#3775 = CARTESIAN_POINT('',(4.249878685263,4.433554956302));
#3776 = CARTESIAN_POINT('',(4.583527968945,4.457587520735));
#3777 = CARTESIAN_POINT('',(5.022699923201,4.488920775137));
#3778 = CARTESIAN_POINT('',(5.134961664646,4.496904357393));
#3779 = CARTESIAN_POINT('',(5.246329828742,4.504791298787));
#3780 = CARTESIAN_POINT('',(5.35678540325,4.512592818871));
#3781 = CARTESIAN_POINT('',(5.466402429819,4.52029990117));
#3782 = CARTESIAN_POINT('',(6.068641055704,4.562469605961));
#3783 = CARTESIAN_POINT('',(6.544889397672,4.595159100093));
#3784 = CARTESIAN_POINT('',(7.006492563386,4.626156321022));
#3785 = CARTESIAN_POINT('',(7.45529395562,4.655595145409));
#3786 = CARTESIAN_POINT('',(7.892976475607,4.683601722491));
#3787 = CARTESIAN_POINT('',(8.321142755493,4.710293134854));
#3788 = ( GEOMETRIC_REPRESENTATION_CONTEXT(2) 
PARAMETRIC_REPRESENTATION_CONTEXT() REPRESENTATION_CONTEXT('2D SPACE',''
  ) );
#3789 = ORIENTED_EDGE('',*,*,#3790,.T.);
#3790 = EDGE_CURVE('',#3680,#2531,#3791,.T.);
#3791 = SURFACE_CURVE('',#3792,(#3796,#3803),.PCURVE_S1.);
#3792 = LINE('',#3793,#3794);
#3793 = CARTESIAN_POINT('',(653.96871015406,11.507013940924,
    -97.96811829311));
#3794 = VECTOR('',#3795,1.);
#3795 = DIRECTION('',(-0.998567655899,-4.422605344713E-02,
    -3.011133988191E-02));
#3796 = PCURVE('',#1452,#3797);
#3797 = DEFINITIONAL_REPRESENTATION('',(#3798),#3802);
#3798 = LINE('',#3799,#3800);
#3799 = CARTESIAN_POINT('',(455.13435361057,-1.359659871662E+04));
#3800 = VECTOR('',#3801,1.);
#3801 = DIRECTION('',(-0.999021549415,-4.422605344713E-02));
#3802 = ( GEOMETRIC_REPRESENTATION_CONTEXT(2) 
PARAMETRIC_REPRESENTATION_CONTEXT() REPRESENTATION_CONTEXT('2D SPACE',''
  ) );
#3803 = PCURVE('',#2349,#3804);
#3804 = DEFINITIONAL_REPRESENTATION('',(#3805),#3809);
#3805 = LINE('',#3806,#3807);
#3806 = CARTESIAN_POINT('',(556.40472490692,-1.361610097683E+04));
#3807 = VECTOR('',#3808,1.);
#3808 = DIRECTION('',(-0.999546550797,3.011133988191E-02));
#3809 = ( GEOMETRIC_REPRESENTATION_CONTEXT(2) 
PARAMETRIC_REPRESENTATION_CONTEXT() REPRESENTATION_CONTEXT('2D SPACE',''
  ) );
#3810 = ORIENTED_EDGE('',*,*,#2553,.F.);
#3811 = ORIENTED_EDGE('',*,*,#2481,.T.);
#3812 = ORIENTED_EDGE('',*,*,#2227,.T.);
#3813 = ORIENTED_EDGE('',*,*,#3814,.F.);
#3814 = EDGE_CURVE('',#3815,#2184,#3817,.T.);
#3815 = VERTEX_POINT('',#3816);
#3816 = CARTESIAN_POINT('',(180.38716445156,-0.180972590741,
    -112.2487479532));
#3817 = SURFACE_CURVE('',#3818,(#3839,#3863),.PCURVE_S1.);
#3818 = B_SPLINE_CURVE_WITH_KNOTS('',7,(#3819,#3820,#3821,#3822,#3823,
    #3824,#3825,#3826,#3827,#3828,#3829,#3830,#3831,#3832,#3833,#3834,
    #3835,#3836,#3837,#3838),.UNSPECIFIED.,.F.,.F.,(8,6,6,8),(0.,
    0.26684394213,0.611788171588,1.),.UNSPECIFIED.);
#3819 = CARTESIAN_POINT('',(180.38716445156,-0.180972590741,
    -112.2487479532));
#3820 = CARTESIAN_POINT('',(180.38716419369,-0.640491816479,
    -112.2487479609));
#3821 = CARTESIAN_POINT('',(180.33774681633,-1.107656779791,
    -112.2502381188));
#3822 = CARTESIAN_POINT('',(180.2360864259,-1.575564678835,
    -112.2533036403));
#3823 = CARTESIAN_POINT('',(180.08130706232,-2.036924566291,
    -112.2579709395));
#3824 = CARTESIAN_POINT('',(179.87443872599,-2.484422195269,
    -112.2642089572));
#3825 = CARTESIAN_POINT('',(179.61863964484,-2.911223346283,
    -112.2719224587));
#3826 = CARTESIAN_POINT('',(178.93323135791,-3.829195343133,
    -112.2925906245));
#3827 = CARTESIAN_POINT('',(178.47393420575,-4.303618278416,
    -112.306440515));
#3828 = CARTESIAN_POINT('',(177.95408347989,-4.72191836596,
    -112.3221163701));
#3829 = CARTESIAN_POINT('',(177.3898976154,-5.07927392967,
    -112.3391291305));
#3830 = CARTESIAN_POINT('',(176.79724691343,-5.377267959932,
    -112.3570002348));
#3831 = CARTESIAN_POINT('',(176.18983638106,-5.622213334294,
    -112.3753164149));
#3832 = CARTESIAN_POINT('',(174.88936113433,-6.04651439215,
    -112.4145316367));
#3833 = CARTESIAN_POINT('',(174.19449517783,-6.21400055352,
    -112.4354849941));
#3834 = CARTESIAN_POINT('',(173.50359471281,-6.336601915279,
    -112.456318774));
#3835 = CARTESIAN_POINT('',(172.82150188009,-6.427132992372,
    -112.4768869639));
#3836 = CARTESIAN_POINT('',(172.14770584042,-6.495136712225,
    -112.4972049678));
#3837 = CARTESIAN_POINT('',(171.47898474545,-6.545907710993,
    -112.5173699391));
#3838 = CARTESIAN_POINT('',(170.81002467401,-6.580592337741,
    -112.5375421167));
#3839 = PCURVE('',#1452,#3840);
#3840 = DEFINITIONAL_REPRESENTATION('',(#3841),#3862);
#3841 = B_SPLINE_CURVE_WITH_KNOTS('',7,(#3842,#3843,#3844,#3845,#3846,
    #3847,#3848,#3849,#3850,#3851,#3852,#3853,#3854,#3855,#3856,#3857,
    #3858,#3859,#3860,#3861),.UNSPECIFIED.,.F.,.F.,(8,6,6,8),(0.,
    0.26684394213,0.611788171588,1.),.UNSPECIFIED.);
#3842 = CARTESIAN_POINT('',(-18.6624560172,-1.360828670315E+04));
#3843 = CARTESIAN_POINT('',(-18.66245627519,-1.360874622238E+04));
#3844 = CARTESIAN_POINT('',(-18.71189611495,-1.360921338734E+04));
#3845 = CARTESIAN_POINT('',(-18.81360271456,-1.360968129524E+04));
#3846 = CARTESIAN_POINT('',(-18.96845243226,-1.361014265513E+04));
#3847 = CARTESIAN_POINT('',(-19.17541479947,-1.361059015276E+04));
#3848 = CARTESIAN_POINT('',(-19.43133015271,-1.361101695391E+04));
#3849 = CARTESIAN_POINT('',(-20.11704998826,-1.36119349259E+04));
#3850 = CARTESIAN_POINT('',(-20.57655591146,-1.361240934884E+04));
#3851 = CARTESIAN_POINT('',(-21.09664293264,-1.361282764893E+04));
#3852 = CARTESIAN_POINT('',(-21.66108524476,-1.361318500449E+04));
#3853 = CARTESIAN_POINT('',(-22.2540053329,-1.361348299852E+04));
#3854 = CARTESIAN_POINT('',(-22.86169196043,-1.361372794389E+04));
#3855 = CARTESIAN_POINT('',(-24.16275833114,-1.361415224495E+04));
#3856 = CARTESIAN_POINT('',(-24.85794013519,-1.361431973111E+04));
#3857 = CARTESIAN_POINT('',(-25.54915464527,-1.361444233248E+04));
#3858 = CARTESIAN_POINT('',(-26.23155751959,-1.361453286355E+04));
#3859 = CARTESIAN_POINT('',(-26.90565982961,-1.361460086727E+04));
#3860 = CARTESIAN_POINT('',(-27.57468488812,-1.361465163827E+04));
#3861 = CARTESIAN_POINT('',(-28.24394903174,-1.36146863229E+04));
#3862 = ( GEOMETRIC_REPRESENTATION_CONTEXT(2) 
PARAMETRIC_REPRESENTATION_CONTEXT() REPRESENTATION_CONTEXT('2D SPACE',''
  ) );
#3863 = PCURVE('',#2198,#3864);
#3864 = DEFINITIONAL_REPRESENTATION('',(#3865),#3886);
#3865 = B_SPLINE_CURVE_WITH_KNOTS('',7,(#3866,#3867,#3868,#3869,#3870,
    #3871,#3872,#3873,#3874,#3875,#3876,#3877,#3878,#3879,#3880,#3881,
    #3882,#3883,#3884,#3885),.UNSPECIFIED.,.F.,.F.,(8,6,6,8),(0.,
    0.26684394213,0.611788171588,1.),.UNSPECIFIED.);
#3866 = CARTESIAN_POINT('',(1.483444753801,0.617037643217));
#3867 = CARTESIAN_POINT('',(1.406537114151,0.618056134868));
#3868 = CARTESIAN_POINT('',(1.331029055227,0.621479112635));
#3869 = CARTESIAN_POINT('',(1.257104195186,0.627455044427));
#3870 = CARTESIAN_POINT('',(1.184842465031,0.63612315458));
#3871 = CARTESIAN_POINT('',(1.114322047754,0.647659480351));
#3872 = CARTESIAN_POINT('',(1.045709035249,0.662250582078));
#3873 = CARTESIAN_POINT('',(0.893534060391,0.702932667746));
#3874 = CARTESIAN_POINT('',(0.811313341064,0.731181467373));
#3875 = CARTESIAN_POINT('',(0.733471156602,0.76496682963));
#3876 = CARTESIAN_POINT('',(0.660436910755,0.804433284311));
#3877 = CARTESIAN_POINT('',(0.5929167813,0.849655364913));
#3878 = CARTESIAN_POINT('',(0.531687575954,0.900271137317));
#3879 = CARTESIAN_POINT('',(0.416203613288,1.017756777268));
#3880 = CARTESIAN_POINT('',(0.363732502045,1.085925062083));
#3881 = CARTESIAN_POINT('',(0.32042741898,1.15943183491));
#3882 = CARTESIAN_POINT('',(0.286862711176,1.237288491007));
#3883 = CARTESIAN_POINT('',(0.263305935272,1.318119836516));
#3884 = CARTESIAN_POINT('',(0.249739437149,1.400571736265));
#3885 = CARTESIAN_POINT('',(0.246125583102,1.483444753801));
#3886 = ( GEOMETRIC_REPRESENTATION_CONTEXT(2) 
PARAMETRIC_REPRESENTATION_CONTEXT() REPRESENTATION_CONTEXT('2D SPACE',''
  ) );
#3887 = ORIENTED_EDGE('',*,*,#3888,.T.);
#3888 = EDGE_CURVE('',#3815,#3889,#3891,.T.);
#3889 = VERTEX_POINT('',#3890);
#3890 = CARTESIAN_POINT('',(180.38716513365,0.203274625193,
    -112.2487479326));
#3891 = SURFACE_CURVE('',#3892,(#3896,#3903),.PCURVE_S1.);
#3892 = LINE('',#3893,#3894);
#3893 = CARTESIAN_POINT('',(180.38716513365,-6.260039395365,
    -112.2487479326));
#3894 = VECTOR('',#3895,1.);
#3895 = DIRECTION('',(1.110223024625E-16,1.,1.224646799147E-16));
#3896 = PCURVE('',#1452,#3897);
#3897 = DEFINITIONAL_REPRESENTATION('',(#3898),#3902);
#3898 = LINE('',#3899,#3900);
#3899 = CARTESIAN_POINT('',(-18.6624553348,-1.361436576996E+04));
#3900 = VECTOR('',#3901,1.);
#3901 = DIRECTION('',(3.691187244759E-18,1.));
#3902 = ( GEOMETRIC_REPRESENTATION_CONTEXT(2) 
PARAMETRIC_REPRESENTATION_CONTEXT() REPRESENTATION_CONTEXT('2D SPACE',''
  ) );
#3903 = PCURVE('',#2093,#3904);
#3904 = DEFINITIONAL_REPRESENTATION('',(#3905),#3909);
#3905 = LINE('',#3906,#3907);
#3906 = CARTESIAN_POINT('',(-0.617018662021,1.025096295295E-15));
#3907 = VECTOR('',#3908,1.);
#3908 = DIRECTION('',(-0.,1.));
#3909 = ( GEOMETRIC_REPRESENTATION_CONTEXT(2) 
PARAMETRIC_REPRESENTATION_CONTEXT() REPRESENTATION_CONTEXT('2D SPACE',''
  ) );
#3910 = ORIENTED_EDGE('',*,*,#3911,.T.);
#3911 = EDGE_CURVE('',#3889,#1833,#3912,.T.);
#3912 = SURFACE_CURVE('',#3913,(#3934,#3958),.PCURVE_S1.);
#3913 = B_SPLINE_CURVE_WITH_KNOTS('',7,(#3914,#3915,#3916,#3917,#3918,
    #3919,#3920,#3921,#3922,#3923,#3924,#3925,#3926,#3927,#3928,#3929,
    #3930,#3931,#3932,#3933),.UNSPECIFIED.,.F.,.F.,(8,6,6,8),(0.,
    0.266586373618,0.610882351722,1.),.UNSPECIFIED.);
#3914 = CARTESIAN_POINT('',(180.38716490612,0.203274625782,
    -112.2487479395));
#3915 = CARTESIAN_POINT('',(180.3871648468,0.660945594265,
    -112.2487479412));
#3916 = CARTESIAN_POINT('',(180.33796063779,1.126198313997,
    -112.2502316711));
#3917 = CARTESIAN_POINT('',(180.23672753282,1.592203549011,
    -112.253284308));
#3918 = CARTESIAN_POINT('',(180.08256072028,2.051734507818,
    -112.257933136));
#3919 = CARTESIAN_POINT('',(179.87644012374,2.497525437656,
    -112.264148606));
#3920 = CARTESIAN_POINT('',(179.62146131827,2.922772538943,
    -112.2718373725));
#3921 = CARTESIAN_POINT('',(178.93829963633,3.83709123554,
    -112.2924377929));
#3922 = CARTESIAN_POINT('',(178.48056206552,4.309609720538,
    -112.306240655));
#3923 = CARTESIAN_POINT('',(177.96226287885,4.726385878175,
    -112.3218697241));
#3924 = CARTESIAN_POINT('',(177.39949785579,5.082550064749,
    -112.3388396398));
#3925 = CARTESIAN_POINT('',(176.80807519498,5.379617081899,
    -112.3566737131));
#3926 = CARTESIAN_POINT('',(176.20170964369,5.623842878768,
    -112.3749583822));
#3927 = CARTESIAN_POINT('',(174.90032023706,6.047909502413,
    -112.4142011701));
#3928 = CARTESIAN_POINT('',(174.20341694224,6.215441003944,
    -112.4352159625));
#3929 = CARTESIAN_POINT('',(173.51048506407,6.337918063101,
    -112.4561109987));
#3930 = CARTESIAN_POINT('',(172.82647906114,6.428311320581,
    -112.4767368793));
#3931 = CARTESIAN_POINT('',(172.15089399923,6.49622075335,
    -112.4971088304));
#3932 = CARTESIAN_POINT('',(171.48047568903,6.546966594262,
    -112.5173249804));
#3933 = CARTESIAN_POINT('',(170.80984805641,6.581724240229,
    -112.5375474425));
#3934 = PCURVE('',#1452,#3935);
#3935 = DEFINITIONAL_REPRESENTATION('',(#3936),#3957);
#3936 = B_SPLINE_CURVE_WITH_KNOTS('',7,(#3937,#3938,#3939,#3940,#3941,
    #3942,#3943,#3944,#3945,#3946,#3947,#3948,#3949,#3950,#3951,#3952,
    #3953,#3954,#3955,#3956),.UNSPECIFIED.,.F.,.F.,(8,6,6,8),(0.,
    0.266586373618,0.610882351722,1.),.UNSPECIFIED.);
#3937 = CARTESIAN_POINT('',(-18.66245556244,-1.360790245593E+04));
#3938 = CARTESIAN_POINT('',(-18.66245562178,-1.360744478497E+04));
#3939 = CARTESIAN_POINT('',(-18.7116821963,-1.360697953225E+04));
#3940 = CARTESIAN_POINT('',(-18.81296131623,-1.360651352701E+04));
#3941 = CARTESIAN_POINT('',(-18.96719820446,-1.360605399605E+04));
#3942 = CARTESIAN_POINT('',(-19.173412492,-1.360560820512E+04));
#3943 = CARTESIAN_POINT('',(-19.4285071967,-1.360518295802E+04));
#3944 = CARTESIAN_POINT('',(-20.11197940608,-1.360426863932E+04));
#3945 = CARTESIAN_POINT('',(-20.56992503903,-1.360379612084E+04));
#3946 = CARTESIAN_POINT('',(-21.08845981578,-1.360337934468E+04));
#3947 = CARTESIAN_POINT('',(-21.65148064063,-1.36030231805E+04));
#3948 = CARTESIAN_POINT('',(-22.24317212941,-1.360272611348E+04));
#3949 = CARTESIAN_POINT('',(-22.84981330087,-1.360248188768E+04));
#3950 = CARTESIAN_POINT('',(-24.15179424701,-1.360205782106E+04));
#3951 = CARTESIAN_POINT('',(-24.84901431544,-1.360189028956E+04));
#3952 = CARTESIAN_POINT('',(-25.54226116204,-1.36017678125E+04));
#3953 = CARTESIAN_POINT('',(-26.2265780762,-1.360167741924E+04));
#3954 = CARTESIAN_POINT('',(-26.90247022164,-1.360160950981E+04));
#3955 = CARTESIAN_POINT('',(-27.57319326684,-1.360155876397E+04));
#3956 = CARTESIAN_POINT('',(-28.24412572962,-1.360152400632E+04));
#3957 = ( GEOMETRIC_REPRESENTATION_CONTEXT(2) 
PARAMETRIC_REPRESENTATION_CONTEXT() REPRESENTATION_CONTEXT('2D SPACE',''
  ) );
#3958 = PCURVE('',#1885,#3959);
#3959 = DEFINITIONAL_REPRESENTATION('',(#3960),#3981);
#3960 = B_SPLINE_CURVE_WITH_KNOTS('',7,(#3961,#3962,#3963,#3964,#3965,
    #3966,#3967,#3968,#3969,#3970,#3971,#3972,#3973,#3974,#3975,#3976,
    #3977,#3978,#3979,#3980),.UNSPECIFIED.,.F.,.F.,(8,6,6,8),(0.,
    0.266586373618,0.610882351722,1.),.UNSPECIFIED.);
#3961 = CARTESIAN_POINT('',(1.483444753801,0.61707032322));
#3962 = CARTESIAN_POINT('',(1.406563913051,0.618084786347));
#3963 = CARTESIAN_POINT('',(1.331076963678,0.621493496895));
#3964 = CARTESIAN_POINT('',(1.257163742854,0.627444838781));
#3965 = CARTESIAN_POINT('',(1.184902991396,0.636078567383));
#3966 = CARTESIAN_POINT('',(1.114372562009,0.647571408684));
#3967 = CARTESIAN_POINT('',(1.045738491672,0.662110968987));
#3968 = CARTESIAN_POINT('',(0.893570246333,0.702640676435));
#3969 = CARTESIAN_POINT('',(0.811362470592,0.730775257154));
#3970 = CARTESIAN_POINT('',(0.733515505089,0.76442971125));
#3971 = CARTESIAN_POINT('',(0.660466130034,0.803751047236));
#3972 = CARTESIAN_POINT('',(0.592927669904,0.848817733569));
#3973 = CARTESIAN_POINT('',(0.53168456783,0.899273482837));
#3974 = CARTESIAN_POINT('',(0.41592360016,1.016670906322));
#3975 = CARTESIAN_POINT('',(0.363264618366,1.084959606867));
#3976 = CARTESIAN_POINT('',(0.319854286072,1.158625778795));
#3977 = CARTESIAN_POINT('',(0.286258208708,1.236671893383));
#3978 = CARTESIAN_POINT('',(0.262708557413,1.317706605172));
#3979 = CARTESIAN_POINT('',(0.249147316735,1.400364086583));
#3980 = CARTESIAN_POINT('',(0.245523148517,1.483444753801));
#3981 = ( GEOMETRIC_REPRESENTATION_CONTEXT(2) 
PARAMETRIC_REPRESENTATION_CONTEXT() REPRESENTATION_CONTEXT('2D SPACE',''
  ) );
#3982 = ORIENTED_EDGE('',*,*,#1832,.F.);
#3983 = ORIENTED_EDGE('',*,*,#1603,.F.);
#3984 = ORIENTED_EDGE('',*,*,#1436,.F.);
#3985 = ADVANCED_FACE('',(#3986),#1679,.F.);
#3986 = FACE_BOUND('',#3987,.F.);
#3987 = EDGE_LOOP('',(#3988,#4017,#4018));
#3988 = ORIENTED_EDGE('',*,*,#3989,.T.);
#3989 = EDGE_CURVE('',#3043,#1632,#3990,.T.);
#3990 = SURFACE_CURVE('',#3991,(#3999,#4006),.PCURVE_S1.);
#3991 = ( BOUNDED_CURVE() B_SPLINE_CURVE(6,(#3992,#3993,#3994,#3995,
#3996,#3997,#3998),.UNSPECIFIED.,.F.,.F.) B_SPLINE_CURVE_WITH_KNOTS((7,7
),(0.,1.483444753801),.PIECEWISE_BEZIER_KNOTS.) CURVE() 
GEOMETRIC_REPRESENTATION_ITEM() RATIONAL_B_SPLINE_CURVE((1.,1.,1.,1.,1.,
1.,1.)) REPRESENTATION_ITEM('') );
#3992 = CARTESIAN_POINT('',(183.08776197049,0.126647052524,
    -96.16078238251));
#3993 = CARTESIAN_POINT('',(182.89726061009,0.129001239242,
    -98.33822295934));
#3994 = CARTESIAN_POINT('',(182.06115257564,0.135314874109,
    -100.4591505749));
#3995 = CARTESIAN_POINT('',(180.59959913254,0.147342387326,
    -102.285987399));
#3996 = CARTESIAN_POINT('',(178.65211649671,0.165114457034,
    -103.5858425333));
#3997 = CARTESIAN_POINT('',(176.46410417929,0.187719921592,
    -104.2351351642));
#3998 = CARTESIAN_POINT('',(174.27615216163,0.214528337754,
    -104.2351351642));
#3999 = PCURVE('',#1679,#4000);
#4000 = DEFINITIONAL_REPRESENTATION('',(#4001),#4005);
#4001 = LINE('',#4002,#4003);
#4002 = CARTESIAN_POINT('',(1.483444753801,0.));
#4003 = VECTOR('',#4004,1.);
#4004 = DIRECTION('',(0.,1.));
#4005 = ( GEOMETRIC_REPRESENTATION_CONTEXT(2) 
PARAMETRIC_REPRESENTATION_CONTEXT() REPRESENTATION_CONTEXT('2D SPACE',''
  ) );
#4006 = PCURVE('',#1795,#4007);
#4007 = DEFINITIONAL_REPRESENTATION('',(#4008),#4016);
#4008 = B_SPLINE_CURVE_WITH_KNOTS('',6,(#4009,#4010,#4011,#4012,#4013,
    #4014,#4015),.UNSPECIFIED.,.F.,.F.,(7,7),(0.,1.483444753801),
  .PIECEWISE_BEZIER_KNOTS.);
#4009 = CARTESIAN_POINT('',(0.,6.133392342842));
#4010 = CARTESIAN_POINT('',(-0.247110417286,6.131038156123));
#4011 = CARTESIAN_POINT('',(-0.494237049858,6.124724521257));
#4012 = CARTESIAN_POINT('',(-0.741450442492,6.112697008039));
#4013 = CARTESIAN_POINT('',(-0.988792168139,6.094924938331));
#4014 = CARTESIAN_POINT('',(-1.236171410397,6.072319473773));
#4015 = CARTESIAN_POINT('',(-1.483529866734,6.045511057612));
#4016 = ( GEOMETRIC_REPRESENTATION_CONTEXT(2) 
PARAMETRIC_REPRESENTATION_CONTEXT() REPRESENTATION_CONTEXT('2D SPACE',''
  ) );
#4017 = ORIENTED_EDGE('',*,*,#1664,.F.);
#4018 = ORIENTED_EDGE('',*,*,#3065,.F.);
#4019 = ADVANCED_FACE('',(#4020),#1795,.F.);
#4020 = FACE_BOUND('',#4021,.T.);
#4021 = EDGE_LOOP('',(#4022,#4023,#4024,#4053));
#4022 = ORIENTED_EDGE('',*,*,#3989,.T.);
#4023 = ORIENTED_EDGE('',*,*,#1779,.T.);
#4024 = ORIENTED_EDGE('',*,*,#4025,.F.);
#4025 = EDGE_CURVE('',#2960,#1780,#4026,.T.);
#4026 = SURFACE_CURVE('',#4027,(#4035,#4046),.PCURVE_S1.);
#4027 = ( BOUNDED_CURVE() B_SPLINE_CURVE(6,(#4028,#4029,#4030,#4031,
#4032,#4033,#4034),.UNSPECIFIED.,.F.,.F.) B_SPLINE_CURVE_WITH_KNOTS((7,7
),(0.,1.483444753801),.PIECEWISE_BEZIER_KNOTS.) CURVE() 
GEOMETRIC_REPRESENTATION_ITEM() RATIONAL_B_SPLINE_CURVE((1.,1.,1.,1.,1.,
1.,1.)) REPRESENTATION_ITEM('') );
#4028 = CARTESIAN_POINT('',(183.08776197049,-0.173968118098,
    -96.16078238251));
#4029 = CARTESIAN_POINT('',(182.89730361284,-0.176368935817,
    -98.3377314356));
#4030 = CARTESIAN_POINT('',(182.06151724896,-0.173877306759,
    -100.4581875945));
#4031 = CARTESIAN_POINT('',(180.60056009406,-0.172734031411,
    -102.285455323));
#4032 = CARTESIAN_POINT('',(178.6524371505,-0.176887178795,
    -103.585908169));
#4033 = CARTESIAN_POINT('',(176.46405996591,-0.1901009252,
    -104.2351351642));
#4034 = CARTESIAN_POINT('',(174.27615216163,-0.216935140713,
    -104.2351351642));
#4035 = PCURVE('',#1795,#4036);
#4036 = DEFINITIONAL_REPRESENTATION('',(#4037),#4045);
#4037 = B_SPLINE_CURVE_WITH_KNOTS('',6,(#4038,#4039,#4040,#4041,#4042,
    #4043,#4044),.UNSPECIFIED.,.F.,.F.,(7,7),(0.,1.483444753801),
  .PIECEWISE_BEZIER_KNOTS.);
#4038 = CARTESIAN_POINT('',(0.,6.434007513463));
#4039 = CARTESIAN_POINT('',(-0.247054635907,6.436408331183));
#4040 = CARTESIAN_POINT('',(-0.494129026301,6.433916702124));
#4041 = CARTESIAN_POINT('',(-0.741348062948,6.432773426776));
#4042 = CARTESIAN_POINT('',(-0.988755311761,6.43692657416));
#4043 = CARTESIAN_POINT('',(-1.236176408932,6.450140320566));
#4044 = CARTESIAN_POINT('',(-1.483529866734,6.476974536079));
#4045 = ( GEOMETRIC_REPRESENTATION_CONTEXT(2) 
PARAMETRIC_REPRESENTATION_CONTEXT() REPRESENTATION_CONTEXT('2D SPACE',''
  ) );
#4046 = PCURVE('',#2012,#4047);
#4047 = DEFINITIONAL_REPRESENTATION('',(#4048),#4052);
#4048 = LINE('',#4049,#4050);
#4049 = CARTESIAN_POINT('',(1.483444753801,0.));
#4050 = VECTOR('',#4051,1.);
#4051 = DIRECTION('',(0.,1.));
#4052 = ( GEOMETRIC_REPRESENTATION_CONTEXT(2) 
PARAMETRIC_REPRESENTATION_CONTEXT() REPRESENTATION_CONTEXT('2D SPACE',''
  ) );
#4053 = ORIENTED_EDGE('',*,*,#3042,.F.);
#4054 = ADVANCED_FACE('',(#4055),#1885,.T.);
#4055 = FACE_BOUND('',#4056,.T.);
#4056 = EDGE_LOOP('',(#4057,#4088,#4089));
#4057 = ORIENTED_EDGE('',*,*,#4058,.T.);
#4058 = EDGE_CURVE('',#3889,#1871,#4059,.T.);
#4059 = SURFACE_CURVE('',#4060,(#4069,#4076),.PCURVE_S1.);
#4060 = ( BOUNDED_CURVE() B_SPLINE_CURVE(7,(#4061,#4062,#4063,#4064,
    #4065,#4066,#4067,#4068),.UNSPECIFIED.,.F.,.F.) 
B_SPLINE_CURVE_WITH_KNOTS((8,8),(2.241522952521E-16,1.483444753801),
.PIECEWISE_BEZIER_KNOTS.) CURVE() GEOMETRIC_REPRESENTATION_ITEM() 
RATIONAL_B_SPLINE_CURVE((1.,1.,1.,1.,1.,1.,1.,1.)) REPRESENTATION_ITEM(
  '') );
#4061 = CARTESIAN_POINT('',(183.41379934574,0.159528088623,
    -119.4925711103));
#4062 = CARTESIAN_POINT('',(183.1750724695,0.164925930698,-116.763910349
    ));
#4063 = CARTESIAN_POINT('',(182.26182149453,0.176274192154,
    -114.0941783092));
#4064 = CARTESIAN_POINT('',(180.69157709632,0.196866572893,
    -111.6830288384));
#4065 = CARTESIAN_POINT('',(178.55487261262,0.228071276595,
    -109.7242057639));
#4066 = CARTESIAN_POINT('',(176.01530668356,0.269714087743,
    -108.3690341704));
#4067 = CARTESIAN_POINT('',(173.2750933762,0.32130505694,-107.6915939678
    ));
#4068 = CARTESIAN_POINT('',(170.53529270202,0.382615902974,
    -107.6915939678));
#4069 = PCURVE('',#1885,#4070);
#4070 = DEFINITIONAL_REPRESENTATION('',(#4071),#4075);
#4071 = LINE('',#4072,#4073);
#4072 = CARTESIAN_POINT('',(1.483444753801,0.));
#4073 = VECTOR('',#4074,1.);
#4074 = DIRECTION('',(0.,1.));
#4075 = ( GEOMETRIC_REPRESENTATION_CONTEXT(2) 
PARAMETRIC_REPRESENTATION_CONTEXT() REPRESENTATION_CONTEXT('2D SPACE',''
  ) );
#4076 = PCURVE('',#2093,#4077);
#4077 = DEFINITIONAL_REPRESENTATION('',(#4078),#4087);
#4078 = B_SPLINE_CURVE_WITH_KNOTS('',7,(#4079,#4080,#4081,#4082,#4083,
    #4084,#4085,#4086),.UNSPECIFIED.,.F.,.F.,(8,8),(2.241522952521E-16,
    1.483444753801),.PIECEWISE_BEZIER_KNOTS.);
#4079 = CARTESIAN_POINT('',(0.,6.419567483988));
#4080 = CARTESIAN_POINT('',(-0.211877109419,6.424965326064));
#4081 = CARTESIAN_POINT('',(-0.423761199733,6.436313587519));
#4082 = CARTESIAN_POINT('',(-0.635681389104,6.456905968259));
#4083 = CARTESIAN_POINT('',(-0.847647103921,6.48811067196));
#4084 = CARTESIAN_POINT('',(-1.059631481529,6.529753483109));
#4085 = CARTESIAN_POINT('',(-1.271597304865,6.581344452306));
#4086 = CARTESIAN_POINT('',(-1.483529866734,6.64265529834));
#4087 = ( GEOMETRIC_REPRESENTATION_CONTEXT(2) 
PARAMETRIC_REPRESENTATION_CONTEXT() REPRESENTATION_CONTEXT('2D SPACE',''
  ) );
#4088 = ORIENTED_EDGE('',*,*,#1870,.F.);
#4089 = ORIENTED_EDGE('',*,*,#3911,.F.);
#4090 = ADVANCED_FACE('',(#4091),#2012,.T.);
#4091 = FACE_BOUND('',#4092,.T.);
#4092 = EDGE_LOOP('',(#4093,#4094,#4095));
#4093 = ORIENTED_EDGE('',*,*,#4025,.T.);
#4094 = ORIENTED_EDGE('',*,*,#1999,.F.);
#4095 = ORIENTED_EDGE('',*,*,#2959,.F.);
#4096 = ADVANCED_FACE('',(#4097),#2093,.F.);
#4097 = FACE_BOUND('',#4098,.T.);
#4098 = EDGE_LOOP('',(#4099,#4128,#4129,#4130));
#4099 = ORIENTED_EDGE('',*,*,#4100,.T.);
#4100 = EDGE_CURVE('',#3815,#2047,#4101,.T.);
#4101 = SURFACE_CURVE('',#4102,(#4110,#4121),.PCURVE_S1.);
#4102 = ( BOUNDED_CURVE() B_SPLINE_CURVE(6,(#4103,#4104,#4105,#4106,
#4107,#4108,#4109),.UNSPECIFIED.,.F.,.F.) B_SPLINE_CURVE_WITH_KNOTS((7,7
    ),(1.238502270287E-17,1.483444753801),.PIECEWISE_BEZIER_KNOTS.) 
CURVE() GEOMETRIC_REPRESENTATION_ITEM() RATIONAL_B_SPLINE_CURVE((1.,1.,
1.,1.,1.,1.,1.)) REPRESENTATION_ITEM('') );
#4103 = CARTESIAN_POINT('',(183.41379934574,-0.127155338799,
    -119.4925711103));
#4104 = CARTESIAN_POINT('',(183.13525856247,-0.13342112632,
    -116.3088352959));
#4105 = CARTESIAN_POINT('',(181.91240190006,-0.153400578159,
    -113.2078426287));
#4106 = CARTESIAN_POINT('',(179.77461990477,-0.190185858669,
    -110.5379316275));
#4107 = CARTESIAN_POINT('',(176.92835919506,-0.242420158956,
    -108.6398202697));
#4108 = CARTESIAN_POINT('',(173.73175540867,-0.306022251555,
    -107.6915939678));
#4109 = CARTESIAN_POINT('',(170.53529270202,-0.377496201303,
    -107.6915939678));
#4110 = PCURVE('',#2093,#4111);
#4111 = DEFINITIONAL_REPRESENTATION('',(#4112),#4120);
#4112 = B_SPLINE_CURVE_WITH_KNOTS('',6,(#4113,#4114,#4115,#4116,#4117,
    #4118,#4119),.UNSPECIFIED.,.F.,.F.,(7,7),(1.238502270287E-17,
    1.483444753801),.PIECEWISE_BEZIER_KNOTS.);
#4113 = CARTESIAN_POINT('',(0.,6.132884056566));
#4114 = CARTESIAN_POINT('',(-0.247213120471,6.126618269046));
#4115 = CARTESIAN_POINT('',(-0.494434319405,6.106638817206));
#4116 = CARTESIAN_POINT('',(-0.741693471682,6.069853536697));
#4117 = CARTESIAN_POINT('',(-0.98898935242,6.01761923641));
#4118 = CARTESIAN_POINT('',(-1.236272999939,5.95401714381));
#4119 = CARTESIAN_POINT('',(-1.483529866734,5.882543194062));
#4120 = ( GEOMETRIC_REPRESENTATION_CONTEXT(2) 
PARAMETRIC_REPRESENTATION_CONTEXT() REPRESENTATION_CONTEXT('2D SPACE',''
  ) );
#4121 = PCURVE('',#2198,#4122);
#4122 = DEFINITIONAL_REPRESENTATION('',(#4123),#4127);
#4123 = LINE('',#4124,#4125);
#4124 = CARTESIAN_POINT('',(1.483444753801,0.));
#4125 = VECTOR('',#4126,1.);
#4126 = DIRECTION('',(0.,1.));
#4127 = ( GEOMETRIC_REPRESENTATION_CONTEXT(2) 
PARAMETRIC_REPRESENTATION_CONTEXT() REPRESENTATION_CONTEXT('2D SPACE',''
  ) );
#4128 = ORIENTED_EDGE('',*,*,#2079,.T.);
#4129 = ORIENTED_EDGE('',*,*,#4058,.F.);
#4130 = ORIENTED_EDGE('',*,*,#3888,.F.);
#4131 = ADVANCED_FACE('',(#4132),#2198,.F.);
#4132 = FACE_BOUND('',#4133,.F.);
#4133 = EDGE_LOOP('',(#4134,#4135,#4136));
#4134 = ORIENTED_EDGE('',*,*,#4100,.T.);
#4135 = ORIENTED_EDGE('',*,*,#2183,.F.);
#4136 = ORIENTED_EDGE('',*,*,#3814,.F.);
#4137 = ADVANCED_FACE('',(#4138),#2349,.F.);
#4138 = FACE_BOUND('',#4139,.F.);
#4139 = EDGE_LOOP('',(#4140,#4141,#4142,#4143,#4144,#4145,#4182,#4245));
#4140 = ORIENTED_EDGE('',*,*,#3790,.T.);
#4141 = ORIENTED_EDGE('',*,*,#2530,.F.);
#4142 = ORIENTED_EDGE('',*,*,#2453,.T.);
#4143 = ORIENTED_EDGE('',*,*,#2333,.T.);
#4144 = ORIENTED_EDGE('',*,*,#2933,.F.);
#4145 = ORIENTED_EDGE('',*,*,#4146,.T.);
#4146 = EDGE_CURVE('',#2934,#4147,#4149,.T.);
#4147 = VERTEX_POINT('',#4148);
#4148 = CARTESIAN_POINT('',(179.46915237002,-9.508330066296,
    -104.8943806966));
#4149 = SURFACE_CURVE('',#4150,(#4161,#4175),.PCURVE_S1.);
#4150 = ( BOUNDED_CURVE() B_SPLINE_CURVE(3,(#4151,#4152,#4153,#4154,
    #4155,#4156,#4157,#4158,#4159,#4160),.UNSPECIFIED.,.F.,.F.) 
B_SPLINE_CURVE_WITH_KNOTS((4,3,3,4),(-2.415625231679,0.,4.513902197165,
5.905517523815),.UNSPECIFIED.) CURVE() GEOMETRIC_REPRESENTATION_ITEM() 
RATIONAL_B_SPLINE_CURVE((1.,1.,1.,1.,1.,1.,1.,1.,1.,1.)) 
REPRESENTATION_ITEM('') );
#4151 = CARTESIAN_POINT('',(180.93288378596,-9.443502146574,
    -96.02070650678));
#4152 = CARTESIAN_POINT('',(180.75430375002,-9.451411365512,
    -97.06661790546));
#4153 = CARTESIAN_POINT('',(180.57796582082,-9.459221282682,
    -98.11278969838));
#4154 = CARTESIAN_POINT('',(180.40365655575,-9.46694135135,
    -99.1591970967));
#4155 = CARTESIAN_POINT('',(180.07732211932,-9.481394537513,
    -101.1213337378));
#4156 = CARTESIAN_POINT('',(179.74717443199,-9.496016610619,
    -103.1496176908));
#4157 = CARTESIAN_POINT('',(179.41271482762,-9.510829656336,
    -105.2480686418));
#4158 = CARTESIAN_POINT('',(179.30977471426,-9.515388821585,
    -105.8930907263));
#4159 = CARTESIAN_POINT('',(179.20747929051,-9.519919433859,
    -106.5381856279));
#4160 = CARTESIAN_POINT('',(179.10579511237,-9.524422974376,
    -107.1833495691));
#4161 = PCURVE('',#2349,#4162);
#4162 = DEFINITIONAL_REPRESENTATION('',(#4163),#4174);
#4163 = ( BOUNDED_CURVE() B_SPLINE_CURVE(3,(#4164,#4165,#4166,#4167,
    #4168,#4169,#4170,#4171,#4172,#4173),.UNSPECIFIED.,.F.,.F.) 
B_SPLINE_CURVE_WITH_KNOTS((4,3,3,4),(-2.415625231679,0.,4.513902197165,
5.905517523815),.UNSPECIFIED.) CURVE() GEOMETRIC_REPRESENTATION_ITEM() 
RATIONAL_B_SPLINE_CURVE((1.,1.,1.,1.,1.,1.,1.,1.,1.,1.)) 
REPRESENTATION_ITEM('') );
#4164 = CARTESIAN_POINT('',(82.905181979913,-1.361804838862E+04));
#4165 = CARTESIAN_POINT('',(82.72642688214,-1.361700247722E+04));
#4166 = CARTESIAN_POINT('',(82.549916089041,-1.361595630543E+04));
#4167 = CARTESIAN_POINT('',(82.375435948767,-1.361490989803E+04));
#4168 = CARTESIAN_POINT('',(82.048781607011,-1.361294776139E+04));
#4169 = CARTESIAN_POINT('',(81.718310276219,-1.361091947744E+04));
#4170 = CARTESIAN_POINT('',(81.383522801432,-1.360882102648E+04));
#4171 = CARTESIAN_POINT('',(81.280481775976,-1.36081760044E+04));
#4172 = CARTESIAN_POINT('',(81.178086072119,-1.36075309095E+04));
#4173 = CARTESIAN_POINT('',(81.076302213083,-1.360688574556E+04));
#4174 = ( GEOMETRIC_REPRESENTATION_CONTEXT(2) 
PARAMETRIC_REPRESENTATION_CONTEXT() REPRESENTATION_CONTEXT('2D SPACE',''
  ) );
#4175 = PCURVE('',#3408,#4176);
#4176 = DEFINITIONAL_REPRESENTATION('',(#4177),#4181);
#4177 = LINE('',#4178,#4179);
#4178 = CARTESIAN_POINT('',(0.,0.));
#4179 = VECTOR('',#4180,1.);
#4180 = DIRECTION('',(0.,1.));
#4181 = ( GEOMETRIC_REPRESENTATION_CONTEXT(2) 
PARAMETRIC_REPRESENTATION_CONTEXT() REPRESENTATION_CONTEXT('2D SPACE',''
  ) );
#4182 = ORIENTED_EDGE('',*,*,#4183,.F.);
#4183 = EDGE_CURVE('',#4184,#4147,#4186,.T.);
#4184 = VERTEX_POINT('',#4185);
#4185 = CARTESIAN_POINT('',(179.46915237011,-9.508330066293,
    -107.0323484354));
#4186 = SURFACE_CURVE('',#4187,(#4197,#4210),.PCURVE_S1.);
#4187 = ( BOUNDED_CURVE() B_SPLINE_CURVE(8,(#4188,#4189,#4190,#4191,
    #4192,#4193,#4194,#4195,#4196),.UNSPECIFIED.,.F.,.F.) 
B_SPLINE_CURVE_WITH_KNOTS((9,9),(0.,1.),.PIECEWISE_BEZIER_KNOTS.) CURVE(
) GEOMETRIC_REPRESENTATION_ITEM() RATIONAL_B_SPLINE_CURVE((1.,1.,1.,1.,
1.,1.,1.,1.,1.)) REPRESENTATION_ITEM('') );
#4188 = CARTESIAN_POINT('',(179.46915237011,-9.508330066293,
    -107.0323484354));
#4189 = CARTESIAN_POINT('',(179.45391097877,-9.509005099761,
    -106.8973447187));
#4190 = CARTESIAN_POINT('',(179.42802555292,-9.510151552102,
    -106.6475815912));
#4191 = CARTESIAN_POINT('',(179.40375240653,-9.511226597405,
    -106.3359247666));
#4192 = CARTESIAN_POINT('',(179.39022903175,-9.511825540797,
    -105.9633645946));
#4193 = CARTESIAN_POINT('',(179.40375240637,-9.511226597412,
    -105.5908043236));
#4194 = CARTESIAN_POINT('',(179.42802555288,-9.510151552104,
    -105.2791475584));
#4195 = CARTESIAN_POINT('',(179.45391097878,-9.50900509976,
    -105.0293844125));
#4196 = CARTESIAN_POINT('',(179.46915237002,-9.508330066296,
    -104.8943806966));
#4197 = PCURVE('',#2349,#4198);
#4198 = DEFINITIONAL_REPRESENTATION('',(#4199),#4209);
#4199 = ( BOUNDED_CURVE() B_SPLINE_CURVE(8,(#4200,#4201,#4202,#4203,
    #4204,#4205,#4206,#4207,#4208),.UNSPECIFIED.,.F.,.F.) 
B_SPLINE_CURVE_WITH_KNOTS((9,9),(0.,1.),.PIECEWISE_BEZIER_KNOTS.) CURVE(
) GEOMETRIC_REPRESENTATION_ITEM() RATIONAL_B_SPLINE_CURVE((1.,1.,1.,1.,
1.,1.,1.,1.,1.)) REPRESENTATION_ITEM('') );
#4200 = CARTESIAN_POINT('',(81.440015669583,-1.360703674669E+04));
#4201 = CARTESIAN_POINT('',(81.42475933712,-1.360717175041E+04));
#4202 = CARTESIAN_POINT('',(81.398848535817,-1.360742151353E+04));
#4203 = CARTESIAN_POINT('',(81.374551594485,-1.360773317036E+04));
#4204 = CARTESIAN_POINT('',(81.361014962749,-1.360810573053E+04));
#4205 = CARTESIAN_POINT('',(81.37455159433,-1.36084782908E+04));
#4206 = CARTESIAN_POINT('',(81.398848535773,-1.360878994757E+04));
#4207 = CARTESIAN_POINT('',(81.424759337132,-1.360903971071E+04));
#4208 = CARTESIAN_POINT('',(81.440015669495,-1.360917471443E+04));
#4209 = ( GEOMETRIC_REPRESENTATION_CONTEXT(2) 
PARAMETRIC_REPRESENTATION_CONTEXT() REPRESENTATION_CONTEXT('2D SPACE',''
  ) );
#4210 = PCURVE('',#4211,#4239);
#4211 = ( BOUNDED_SURFACE() B_SPLINE_SURFACE(2,8,(
    (#4212,#4213,#4214,#4215,#4216,#4217,#4218,#4219,#4220)
    ,(#4221,#4222,#4223,#4224,#4225,#4226,#4227,#4228,#4229)
    ,(#4230,#4231,#4232,#4233,#4234,#4235,#4236,#4237,#4238
)),.UNSPECIFIED.,.F.,.F.,.F.) B_SPLINE_SURFACE_WITH_KNOTS((3,3),(9,9),(
    0.,1.),(0.,1.),.PIECEWISE_BEZIER_KNOTS.) 
GEOMETRIC_REPRESENTATION_ITEM() RATIONAL_B_SPLINE_SURFACE((
    (1.,1.,1.,1.,1.,1.,1.,1.,1.)
    ,(0.957761631754,0.957761631754,0.957761631747,0.957761631771
      ,0.957761631736,0.957761631762,0.957761631754,0.957761631753
      ,0.957761631753)
,(1.,1.,1.,1.,1.,1.,1.,1.,1.))) REPRESENTATION_ITEM('') SURFACE() );
#4212 = CARTESIAN_POINT('',(179.46915237011,-9.508330066293,
    -107.0323484354));
#4213 = CARTESIAN_POINT('',(179.45391097877,-9.509005099761,
    -106.8973447187));
#4214 = CARTESIAN_POINT('',(179.42802555292,-9.510151552102,
    -106.6475815912));
#4215 = CARTESIAN_POINT('',(179.40375240653,-9.511226597405,
    -106.3359247666));
#4216 = CARTESIAN_POINT('',(179.39022903175,-9.511825540797,
    -105.9633645946));
#4217 = CARTESIAN_POINT('',(179.40375240637,-9.511226597412,
    -105.5908043236));
#4218 = CARTESIAN_POINT('',(179.42802555288,-9.510151552104,
    -105.2791475584));
#4219 = CARTESIAN_POINT('',(179.45391097878,-9.50900509976,
    -105.0293844125));
#4220 = CARTESIAN_POINT('',(179.46915237002,-9.508330066296,
    -104.8943806966));
#4221 = CARTESIAN_POINT('',(184.62020914938,-9.280192382197,
    -106.4496735679));
#4222 = CARTESIAN_POINT('',(184.61327543782,-9.280499472754,
    -106.3882568107));
#4223 = CARTESIAN_POINT('',(184.60149947385,-9.281021023954,
    -106.2746329659));
#4224 = CARTESIAN_POINT('',(184.5904569781,-9.281510091353,
    -106.1328520434));
#4225 = CARTESIAN_POINT('',(184.58430483799,-9.28178256522,
    -105.963364579));
#4226 = CARTESIAN_POINT('',(184.5904569781,-9.281510091037,
    -105.7938770697));
#4227 = CARTESIAN_POINT('',(184.60149947377,-9.281021024196,
    -105.6520961741));
#4228 = CARTESIAN_POINT('',(184.61327543783,-9.280499472732,
    -105.5384723209));
#4229 = CARTESIAN_POINT('',(184.62020914935,-9.280192382176,
    -105.4770555641));
#4230 = CARTESIAN_POINT('',(189.04582269431,-11.94522353643,
    -105.963364566));
#4231 = CARTESIAN_POINT('',(189.04582269431,-11.94522353643,
    -105.963364566));
#4232 = CARTESIAN_POINT('',(189.04582269431,-11.94522353643,
    -105.963364566));
#4233 = CARTESIAN_POINT('',(189.04582269431,-11.94522353643,
    -105.963364566));
#4234 = CARTESIAN_POINT('',(189.04582269431,-11.94522353644,
    -105.963364566));
#4235 = CARTESIAN_POINT('',(189.04582269431,-11.94522353643,
    -105.963364566));
#4236 = CARTESIAN_POINT('',(189.04582269431,-11.94522353643,
    -105.963364566));
#4237 = CARTESIAN_POINT('',(189.04582269431,-11.94522353643,
    -105.963364566));
#4238 = CARTESIAN_POINT('',(189.04582269431,-11.94522353643,
    -105.963364566));
#4239 = DEFINITIONAL_REPRESENTATION('',(#4240),#4244);
#4240 = LINE('',#4241,#4242);
#4241 = CARTESIAN_POINT('',(0.,0.));
#4242 = VECTOR('',#4243,1.);
#4243 = DIRECTION('',(0.,1.));
#4244 = ( GEOMETRIC_REPRESENTATION_CONTEXT(2) 
PARAMETRIC_REPRESENTATION_CONTEXT() REPRESENTATION_CONTEXT('2D SPACE',''
  ) );
#4245 = ORIENTED_EDGE('',*,*,#4246,.T.);
#4246 = EDGE_CURVE('',#4184,#3680,#4247,.T.);
#4247 = SURFACE_CURVE('',#4248,(#4259,#4273),.PCURVE_S1.);
#4248 = ( BOUNDED_CURVE() B_SPLINE_CURVE(3,(#4249,#4250,#4251,#4252,
    #4253,#4254,#4255,#4256,#4257,#4258),.UNSPECIFIED.,.F.,.F.) 
B_SPLINE_CURVE_WITH_KNOTS((4,3,3,4),(-1.39161532665,0.,4.513902197165,
6.929527428843),.UNSPECIFIED.) CURVE() GEOMETRIC_REPRESENTATION_ITEM() 
RATIONAL_B_SPLINE_CURVE((1.,1.,1.,1.,1.,1.,1.,1.,1.,1.)) 
REPRESENTATION_ITEM('') );
#4249 = CARTESIAN_POINT('',(179.10579511239,-9.524422974375,
    -104.7433795629));
#4250 = CARTESIAN_POINT('',(179.20747929052,-9.519919433858,
    -105.3885435042));
#4251 = CARTESIAN_POINT('',(179.30977471426,-9.515388821585,
    -106.0336384058));
#4252 = CARTESIAN_POINT('',(179.41271482762,-9.510829656336,
    -106.6786604902));
#4253 = CARTESIAN_POINT('',(179.74717443199,-9.496016610619,
    -108.7771114412));
#4254 = CARTESIAN_POINT('',(180.07732211932,-9.481394537513,
    -110.8053953942));
#4255 = CARTESIAN_POINT('',(180.40365655575,-9.46694135135,
    -112.7675320354));
#4256 = CARTESIAN_POINT('',(180.57796582082,-9.459221282682,
    -113.8139394337));
#4257 = CARTESIAN_POINT('',(180.75430375005,-9.45141136551,
    -114.8601112266));
#4258 = CARTESIAN_POINT('',(180.93288378598,-9.443502146573,
    -115.9060226253));
#4259 = PCURVE('',#2349,#4260);
#4260 = DEFINITIONAL_REPRESENTATION('',(#4261),#4272);
#4261 = ( BOUNDED_CURVE() B_SPLINE_CURVE(3,(#4262,#4263,#4264,#4265,
    #4266,#4267,#4268,#4269,#4270,#4271),.UNSPECIFIED.,.F.,.F.) 
B_SPLINE_CURVE_WITH_KNOTS((4,3,3,4),(-1.39161532665,0.,4.513902197165,
6.929527428843),.UNSPECIFIED.) CURVE() GEOMETRIC_REPRESENTATION_ITEM() 
RATIONAL_B_SPLINE_CURVE((1.,1.,1.,1.,1.,1.,1.,1.,1.,1.)) 
REPRESENTATION_ITEM('') );
#4262 = CARTESIAN_POINT('',(81.076302213097,-1.360932571556E+04));
#4263 = CARTESIAN_POINT('',(81.178086072134,-1.360868055162E+04));
#4264 = CARTESIAN_POINT('',(81.280481775976,-1.360803545672E+04));
#4265 = CARTESIAN_POINT('',(81.383522801432,-1.360739043464E+04));
#4266 = CARTESIAN_POINT('',(81.718310276219,-1.360529198368E+04));
#4267 = CARTESIAN_POINT('',(82.048781607011,-1.360326369973E+04));
#4268 = CARTESIAN_POINT('',(82.375435948767,-1.360130156309E+04));
#4269 = CARTESIAN_POINT('',(82.549916089041,-1.360025515569E+04));
#4270 = CARTESIAN_POINT('',(82.726426882165,-1.35992089839E+04));
#4271 = CARTESIAN_POINT('',(82.905181979938,-1.35981630725E+04));
#4272 = ( GEOMETRIC_REPRESENTATION_CONTEXT(2) 
PARAMETRIC_REPRESENTATION_CONTEXT() REPRESENTATION_CONTEXT('2D SPACE',''
  ) );
#4273 = PCURVE('',#3733,#4274);
#4274 = DEFINITIONAL_REPRESENTATION('',(#4275),#4279);
#4275 = LINE('',#4276,#4277);
#4276 = CARTESIAN_POINT('',(0.,0.));
#4277 = VECTOR('',#4278,1.);
#4278 = DIRECTION('',(0.,1.));
#4279 = ( GEOMETRIC_REPRESENTATION_CONTEXT(2) 
PARAMETRIC_REPRESENTATION_CONTEXT() REPRESENTATION_CONTEXT('2D SPACE',''
  ) );
#4280 = ADVANCED_FACE('',(#4281,#4284),#2619,.T.);
#4281 = FACE_BOUND('',#4282,.T.);
#4282 = EDGE_LOOP('',(#4283));
#4283 = ORIENTED_EDGE('',*,*,#2657,.F.);
#4284 = FACE_BOUND('',#4285,.T.);
#4285 = EDGE_LOOP('',(#4286));
#4286 = ORIENTED_EDGE('',*,*,#2604,.T.);
#4287 = ADVANCED_FACE('',(#4288),#2892,.F.);
#4288 = FACE_BOUND('',#4289,.F.);
#4289 = EDGE_LOOP('',(#4290,#4312,#4313,#4314));
#4290 = ORIENTED_EDGE('',*,*,#4291,.F.);
#4291 = EDGE_CURVE('',#2802,#4292,#4294,.T.);
#4292 = VERTEX_POINT('',#4293);
#4293 = CARTESIAN_POINT('',(189.04582271627,11.94522354942,
    -105.963364566));
#4294 = SURFACE_CURVE('',#4295,(#4299,#4305),.PCURVE_S1.);
#4295 = ( BOUNDED_CURVE() B_SPLINE_CURVE(2,(#4296,#4297,#4298),
.UNSPECIFIED.,.F.,.F.) B_SPLINE_CURVE_WITH_KNOTS((3,3),(0.,1.),
.PIECEWISE_BEZIER_KNOTS.) CURVE() GEOMETRIC_REPRESENTATION_ITEM() 
RATIONAL_B_SPLINE_CURVE((1.,0.957761631753,1.)) REPRESENTATION_ITEM('') 
  );
#4296 = CARTESIAN_POINT('',(179.46915237002,9.508330066296,
    -107.0323484354));
#4297 = CARTESIAN_POINT('',(184.62020914935,9.280192382176,
    -106.4496735679));
#4298 = CARTESIAN_POINT('',(189.04582269431,11.945223536437,
    -105.963364566));
#4299 = PCURVE('',#2892,#4300);
#4300 = DEFINITIONAL_REPRESENTATION('',(#4301),#4304);
#4301 = B_SPLINE_CURVE_WITH_KNOTS('',1,(#4302,#4303),.UNSPECIFIED.,.F.,
  .F.,(2,2),(0.,1.),.PIECEWISE_BEZIER_KNOTS.);
#4302 = CARTESIAN_POINT('',(8.321142755493,0.254079498457));
#4303 = CARTESIAN_POINT('',(0.,0.254079498457));
#4304 = ( GEOMETRIC_REPRESENTATION_CONTEXT(2) 
PARAMETRIC_REPRESENTATION_CONTEXT() REPRESENTATION_CONTEXT('2D SPACE',''
  ) );
#4305 = PCURVE('',#2829,#4306);
#4306 = DEFINITIONAL_REPRESENTATION('',(#4307),#4311);
#4307 = LINE('',#4308,#4309);
#4308 = CARTESIAN_POINT('',(0.,1.));
#4309 = VECTOR('',#4310,1.);
#4310 = DIRECTION('',(1.,0.));
#4311 = ( GEOMETRIC_REPRESENTATION_CONTEXT(2) 
PARAMETRIC_REPRESENTATION_CONTEXT() REPRESENTATION_CONTEXT('2D SPACE',''
  ) );
#4312 = ORIENTED_EDGE('',*,*,#2864,.T.);
#4313 = ORIENTED_EDGE('',*,*,#3469,.F.);
#4314 = ORIENTED_EDGE('',*,*,#4315,.F.);
#4315 = EDGE_CURVE('',#4292,#3470,#4316,.T.);
#4316 = SURFACE_CURVE('',#4317,(#4328,#4335),.PCURVE_S1.);
#4317 = ( BOUNDED_CURVE() B_SPLINE_CURVE(3,(#4318,#4319,#4320,#4321,
    #4322,#4323,#4324,#4325,#4326,#4327),.UNSPECIFIED.,.F.,.F.) 
B_SPLINE_CURVE_WITH_KNOTS((4,3,3,4),(-1.39161532665,0.,4.513902197164,
6.929527428843),.UNSPECIFIED.) CURVE() GEOMETRIC_REPRESENTATION_ITEM() 
RATIONAL_B_SPLINE_CURVE((1.,1.,1.,1.,1.,1.,1.,1.,1.,1.)) 
REPRESENTATION_ITEM('') );
#4318 = CARTESIAN_POINT('',(188.82516096363,12.048075658536,
    -103.6603347716));
#4319 = CARTESIAN_POINT('',(188.88731068882,12.019238857081,
    -104.3098338643));
#4320 = CARTESIAN_POINT('',(188.94952043258,11.990256709524,
    -104.9593254656));
#4321 = CARTESIAN_POINT('',(189.01179595198,11.961126580586,
    -105.6088089133));
#4322 = CARTESIAN_POINT('',(189.21363708662,11.866860311506,
    -107.7124003932));
#4323 = CARTESIAN_POINT('',(189.40946448534,11.77419488398,
    -109.7457881592));
#4324 = CARTESIAN_POINT('',(189.59974355203,11.683161063983,
    -111.7129831814));
#4325 = CARTESIAN_POINT('',(189.70166048897,11.634309384075,
    -112.7675704803));
#4326 = CARTESIAN_POINT('',(189.803811168,11.585044198343,
    -113.8221285631));
#4327 = CARTESIAN_POINT('',(189.9062372546,11.535352388924,
    -114.8766525331));
#4328 = PCURVE('',#2892,#4329);
#4329 = DEFINITIONAL_REPRESENTATION('',(#4330),#4334);
#4330 = LINE('',#4331,#4332);
#4331 = CARTESIAN_POINT('',(0.,0.));
#4332 = VECTOR('',#4333,1.);
#4333 = DIRECTION('',(0.,1.));
#4334 = ( GEOMETRIC_REPRESENTATION_CONTEXT(2) 
PARAMETRIC_REPRESENTATION_CONTEXT() REPRESENTATION_CONTEXT('2D SPACE',''
  ) );
#4335 = PCURVE('',#3590,#4336);
#4336 = DEFINITIONAL_REPRESENTATION('',(#4337),#4348);
#4337 = B_SPLINE_CURVE_WITH_KNOTS('',3,(#4338,#4339,#4340,#4341,#4342,
    #4343,#4344,#4345,#4346,#4347),.UNSPECIFIED.,.F.,.F.,(4,3,3,4),(
    -1.39161532665,0.,4.513902197164,6.929527428843),.UNSPECIFIED.);
#4338 = CARTESIAN_POINT('',(0.543564961908,2.303029794399));
#4339 = CARTESIAN_POINT('',(0.540845772698,1.653530701702));
#4340 = CARTESIAN_POINT('',(0.53809535205,1.00403910044));
#4341 = CARTESIAN_POINT('',(0.535312181926,0.354555652756));
#4342 = CARTESIAN_POINT('',(0.526286245884,-1.749035827223));
#4343 = CARTESIAN_POINT('',(0.517215377374,-3.782423593174));
#4344 = CARTESIAN_POINT('',(0.508095721822,-5.749618615407));
#4345 = CARTESIAN_POINT('',(0.503214426325,-6.80420591428));
#4346 = CARTESIAN_POINT('',(0.498231940137,-7.858763997126));
#4347 = CARTESIAN_POINT('',(0.493138782131,-8.913287967122));
#4348 = ( GEOMETRIC_REPRESENTATION_CONTEXT(2) 
PARAMETRIC_REPRESENTATION_CONTEXT() REPRESENTATION_CONTEXT('2D SPACE',''
  ) );
#4349 = ADVANCED_FACE('',(#4350),#2829,.T.);
#4350 = FACE_BOUND('',#4351,.T.);
#4351 = EDGE_LOOP('',(#4352,#4372,#4373));
#4352 = ORIENTED_EDGE('',*,*,#4353,.T.);
#4353 = EDGE_CURVE('',#2734,#4292,#4354,.T.);
#4354 = SURFACE_CURVE('',#4355,(#4359,#4366),.PCURVE_S1.);
#4355 = ( BOUNDED_CURVE() B_SPLINE_CURVE(2,(#4356,#4357,#4358),
.UNSPECIFIED.,.F.,.F.) B_SPLINE_CURVE_WITH_KNOTS((3,3),(0.,1.),
.PIECEWISE_BEZIER_KNOTS.) CURVE() GEOMETRIC_REPRESENTATION_ITEM() 
RATIONAL_B_SPLINE_CURVE((1.,0.957761631754,1.)) REPRESENTATION_ITEM('') 
  );
#4356 = CARTESIAN_POINT('',(179.46915237011,9.508330066293,
    -104.8943806966));
#4357 = CARTESIAN_POINT('',(184.62020914938,9.280192382197,
    -105.4770555641));
#4358 = CARTESIAN_POINT('',(189.04582269431,11.945223536437,
    -105.963364566));
#4359 = PCURVE('',#2829,#4360);
#4360 = DEFINITIONAL_REPRESENTATION('',(#4361),#4365);
#4361 = LINE('',#4362,#4363);
#4362 = CARTESIAN_POINT('',(0.,0.));
#4363 = VECTOR('',#4364,1.);
#4364 = DIRECTION('',(1.,0.));
#4365 = ( GEOMETRIC_REPRESENTATION_CONTEXT(2) 
PARAMETRIC_REPRESENTATION_CONTEXT() REPRESENTATION_CONTEXT('2D SPACE',''
  ) );
#4366 = PCURVE('',#2763,#4367);
#4367 = DEFINITIONAL_REPRESENTATION('',(#4368),#4371);
#4368 = B_SPLINE_CURVE_WITH_KNOTS('',1,(#4369,#4370),.UNSPECIFIED.,.F.,
  .F.,(2,2),(0.,1.),.PIECEWISE_BEZIER_KNOTS.);
#4369 = CARTESIAN_POINT('',(8.321142755493,4.259822698708));
#4370 = CARTESIAN_POINT('',(0.,4.259822698708));
#4371 = ( GEOMETRIC_REPRESENTATION_CONTEXT(2) 
PARAMETRIC_REPRESENTATION_CONTEXT() REPRESENTATION_CONTEXT('2D SPACE',''
  ) );
#4372 = ORIENTED_EDGE('',*,*,#4291,.F.);
#4373 = ORIENTED_EDGE('',*,*,#2801,.F.);
#4374 = ADVANCED_FACE('',(#4375),#2763,.F.);
#4375 = FACE_BOUND('',#4376,.F.);
#4376 = EDGE_LOOP('',(#4377,#4378,#4379,#4380));
#4377 = ORIENTED_EDGE('',*,*,#3150,.T.);
#4378 = ORIENTED_EDGE('',*,*,#2733,.T.);
#4379 = ORIENTED_EDGE('',*,*,#4353,.T.);
#4380 = ORIENTED_EDGE('',*,*,#4381,.F.);
#4381 = EDGE_CURVE('',#3151,#4292,#4382,.T.);
#4382 = SURFACE_CURVE('',#4383,(#4394,#4401),.PCURVE_S1.);
#4383 = ( BOUNDED_CURVE() B_SPLINE_CURVE(3,(#4384,#4385,#4386,#4387,
    #4388,#4389,#4390,#4391,#4392,#4393),.UNSPECIFIED.,.F.,.F.) 
B_SPLINE_CURVE_WITH_KNOTS((4,3,3,4),(-2.415625231678,0.,4.513902197164,
5.905517523815),.UNSPECIFIED.) CURVE() GEOMETRIC_REPRESENTATION_ITEM() 
RATIONAL_B_SPLINE_CURVE((1.,1.,1.,1.,1.,1.,1.,1.,1.,1.)) 
REPRESENTATION_ITEM('') );
#4384 = CARTESIAN_POINT('',(189.90623725459,11.535352388919,
    -97.05007659893));
#4385 = CARTESIAN_POINT('',(189.80381116799,11.585044198339,
    -98.10460056892));
#4386 = CARTESIAN_POINT('',(189.70166048897,11.634309384075,
    -99.15915865177));
#4387 = CARTESIAN_POINT('',(189.59974355203,11.683161063983,
    -100.2137459506));
#4388 = CARTESIAN_POINT('',(189.40946448534,11.77419488398,
    -102.1809409728));
#4389 = CARTESIAN_POINT('',(189.21363708662,11.866860311506,
    -104.2143287388));
#4390 = CARTESIAN_POINT('',(189.01179595198,11.961126580586,
    -106.3179202188));
#4391 = CARTESIAN_POINT('',(188.94952043258,11.990256709524,
    -106.9674036664));
#4392 = CARTESIAN_POINT('',(188.88731068882,12.019238857078,
    -107.6168952677));
#4393 = CARTESIAN_POINT('',(188.82516096362,12.048075658533,
    -108.2663943604));
#4394 = PCURVE('',#2763,#4395);
#4395 = DEFINITIONAL_REPRESENTATION('',(#4396),#4400);
#4396 = LINE('',#4397,#4398);
#4397 = CARTESIAN_POINT('',(0.,0.));
#4398 = VECTOR('',#4399,1.);
#4399 = DIRECTION('',(0.,1.));
#4400 = ( GEOMETRIC_REPRESENTATION_CONTEXT(2) 
PARAMETRIC_REPRESENTATION_CONTEXT() REPRESENTATION_CONTEXT('2D SPACE',''
  ) );
#4401 = PCURVE('',#3271,#4402);
#4402 = DEFINITIONAL_REPRESENTATION('',(#4403),#4414);
#4403 = B_SPLINE_CURVE_WITH_KNOTS('',3,(#4404,#4405,#4406,#4407,#4408,
    #4409,#4410,#4411,#4412,#4413),.UNSPECIFIED.,.F.,.F.,(4,3,3,4),(
    -2.415625231678,0.,4.513902197164,5.905517523815),.UNSPECIFIED.);
#4404 = CARTESIAN_POINT('',(-0.493138782132,-8.913287967123));
#4405 = CARTESIAN_POINT('',(-0.498231940138,-7.858763997127));
#4406 = CARTESIAN_POINT('',(-0.503214426325,-6.80420591428));
#4407 = CARTESIAN_POINT('',(-0.508095721822,-5.749618615407));
#4408 = CARTESIAN_POINT('',(-0.517215377374,-3.782423593174));
#4409 = CARTESIAN_POINT('',(-0.526286245884,-1.749035827223));
#4410 = CARTESIAN_POINT('',(-0.535312181926,0.354555652756));
#4411 = CARTESIAN_POINT('',(-0.53809535205,1.00403910044));
#4412 = CARTESIAN_POINT('',(-0.540845772699,1.653530701701));
#4413 = CARTESIAN_POINT('',(-0.543564961908,2.303029794398));
#4414 = ( GEOMETRIC_REPRESENTATION_CONTEXT(2) 
PARAMETRIC_REPRESENTATION_CONTEXT() REPRESENTATION_CONTEXT('2D SPACE',''
  ) );
#4415 = ADVANCED_FACE('',(#4416),#3408,.F.);
#4416 = FACE_BOUND('',#4417,.F.);
#4417 = EDGE_LOOP('',(#4418,#4419,#4456,#4476));
#4418 = ORIENTED_EDGE('',*,*,#3356,.T.);
#4419 = ORIENTED_EDGE('',*,*,#4420,.T.);
#4420 = EDGE_CURVE('',#3319,#4421,#4423,.T.);
#4421 = VERTEX_POINT('',#4422);
#4422 = CARTESIAN_POINT('',(189.04582271627,-11.94522354942,
    -105.963364566));
#4423 = SURFACE_CURVE('',#4424,(#4435,#4442),.PCURVE_S1.);
#4424 = ( BOUNDED_CURVE() B_SPLINE_CURVE(3,(#4425,#4426,#4427,#4428,
    #4429,#4430,#4431,#4432,#4433,#4434),.UNSPECIFIED.,.F.,.F.) 
B_SPLINE_CURVE_WITH_KNOTS((4,3,3,4),(-2.415625231679,0.,4.513902197165,
5.905517523815),.UNSPECIFIED.) CURVE() GEOMETRIC_REPRESENTATION_ITEM() 
RATIONAL_B_SPLINE_CURVE((1.,1.,1.,1.,1.,1.,1.,1.,1.,1.)) 
REPRESENTATION_ITEM('') );
#4425 = CARTESIAN_POINT('',(189.90623725459,-11.53535238891,
    -97.05007659893));
#4426 = CARTESIAN_POINT('',(189.80381116799,-11.58504419833,
    -98.10460056892));
#4427 = CARTESIAN_POINT('',(189.70166048897,-11.63430938407,
    -99.15915865177));
#4428 = CARTESIAN_POINT('',(189.59974355203,-11.68316106398,
    -100.2137459506));
#4429 = CARTESIAN_POINT('',(189.40946448534,-11.77419488398,
    -102.1809409728));
#4430 = CARTESIAN_POINT('',(189.21363708662,-11.8668603115,
    -104.2143287388));
#4431 = CARTESIAN_POINT('',(189.01179595198,-11.96112658058,
    -106.3179202188));
#4432 = CARTESIAN_POINT('',(188.94952043258,-11.99025670952,
    -106.9674036664));
#4433 = CARTESIAN_POINT('',(188.88731068882,-12.01923885707,
    -107.6168952677));
#4434 = CARTESIAN_POINT('',(188.82516096362,-12.04807565853,
    -108.2663943604));
#4435 = PCURVE('',#3408,#4436);
#4436 = DEFINITIONAL_REPRESENTATION('',(#4437),#4441);
#4437 = LINE('',#4438,#4439);
#4438 = CARTESIAN_POINT('',(8.321142755493,0.));
#4439 = VECTOR('',#4440,1.);
#4440 = DIRECTION('',(0.,1.));
#4441 = ( GEOMETRIC_REPRESENTATION_CONTEXT(2) 
PARAMETRIC_REPRESENTATION_CONTEXT() REPRESENTATION_CONTEXT('2D SPACE',''
  ) );
#4442 = PCURVE('',#3271,#4443);
#4443 = DEFINITIONAL_REPRESENTATION('',(#4444),#4455);
#4444 = B_SPLINE_CURVE_WITH_KNOTS('',3,(#4445,#4446,#4447,#4448,#4449,
    #4450,#4451,#4452,#4453,#4454),.UNSPECIFIED.,.F.,.F.,(4,3,3,4),(
    -2.415625231679,0.,4.513902197165,5.905517523815),.UNSPECIFIED.);
#4445 = CARTESIAN_POINT('',(-2.648453871458,-8.913287967124));
#4446 = CARTESIAN_POINT('',(-2.643360713452,-7.858763997128));
#4447 = CARTESIAN_POINT('',(-2.638378227265,-6.80420591428));
#4448 = CARTESIAN_POINT('',(-2.633496931768,-5.749618615407));
#4449 = CARTESIAN_POINT('',(-2.624377276216,-3.782423593175));
#4450 = CARTESIAN_POINT('',(-2.615306407706,-1.749035827223));
#4451 = CARTESIAN_POINT('',(-2.606280471663,0.354555652756));
#4452 = CARTESIAN_POINT('',(-2.60349730154,1.00403910044));
#4453 = CARTESIAN_POINT('',(-2.600746880891,1.653530701701));
#4454 = CARTESIAN_POINT('',(-2.598027691682,2.303029794399));
#4455 = ( GEOMETRIC_REPRESENTATION_CONTEXT(2) 
PARAMETRIC_REPRESENTATION_CONTEXT() REPRESENTATION_CONTEXT('2D SPACE',''
  ) );
#4456 = ORIENTED_EDGE('',*,*,#4457,.F.);
#4457 = EDGE_CURVE('',#4147,#4421,#4458,.T.);
#4458 = SURFACE_CURVE('',#4459,(#4463,#4469),.PCURVE_S1.);
#4459 = ( BOUNDED_CURVE() B_SPLINE_CURVE(2,(#4460,#4461,#4462),
.UNSPECIFIED.,.F.,.F.) B_SPLINE_CURVE_WITH_KNOTS((3,3),(0.,1.),
.PIECEWISE_BEZIER_KNOTS.) CURVE() GEOMETRIC_REPRESENTATION_ITEM() 
RATIONAL_B_SPLINE_CURVE((1.,0.957761631753,1.)) REPRESENTATION_ITEM('') 
  );
#4460 = CARTESIAN_POINT('',(179.46915237002,-9.508330066296,
    -104.8943806966));
#4461 = CARTESIAN_POINT('',(184.62020914935,-9.280192382176,
    -105.4770555641));
#4462 = CARTESIAN_POINT('',(189.04582269431,-11.94522353643,
    -105.963364566));
#4463 = PCURVE('',#3408,#4464);
#4464 = DEFINITIONAL_REPRESENTATION('',(#4465),#4468);
#4465 = B_SPLINE_CURVE_WITH_KNOTS('',1,(#4466,#4467),.UNSPECIFIED.,.F.,
  .F.,(2,2),(0.,1.),.PIECEWISE_BEZIER_KNOTS.);
#4466 = CARTESIAN_POINT('',(0.,4.259822698708));
#4467 = CARTESIAN_POINT('',(8.321142755493,4.259822698708));
#4468 = ( GEOMETRIC_REPRESENTATION_CONTEXT(2) 
PARAMETRIC_REPRESENTATION_CONTEXT() REPRESENTATION_CONTEXT('2D SPACE',''
  ) );
#4469 = PCURVE('',#4211,#4470);
#4470 = DEFINITIONAL_REPRESENTATION('',(#4471),#4475);
#4471 = LINE('',#4472,#4473);
#4472 = CARTESIAN_POINT('',(0.,1.));
#4473 = VECTOR('',#4474,1.);
#4474 = DIRECTION('',(1.,0.));
#4475 = ( GEOMETRIC_REPRESENTATION_CONTEXT(2) 
PARAMETRIC_REPRESENTATION_CONTEXT() REPRESENTATION_CONTEXT('2D SPACE',''
  ) );
#4476 = ORIENTED_EDGE('',*,*,#4146,.F.);
#4477 = ADVANCED_FACE('',(#4478),#3271,.T.);
#4478 = FACE_BOUND('',#4479,.F.);
#4479 = EDGE_LOOP('',(#4480,#4504,#4505,#4506,#4507,#4508,#4509,#4533,
    #4556,#4582,#4583,#4607));
#4480 = ORIENTED_EDGE('',*,*,#4481,.F.);
#4481 = EDGE_CURVE('',#4421,#4482,#4484,.T.);
#4482 = VERTEX_POINT('',#4483);
#4483 = CARTESIAN_POINT('',(209.68476349964,-2.852531913937,
    -105.963364566));
#4484 = SURFACE_CURVE('',#4485,(#4490,#4497),.PCURVE_S1.);
#4485 = CIRCLE('',#4486,13.875497692632);
#4486 = AXIS2_PLACEMENT_3D('',#4487,#4488,#4489);
#4487 = CARTESIAN_POINT('',(196.10564357609,3.944304526105E-31,
    -105.963364566));
#4488 = DIRECTION('',(0.,0.,1.));
#4489 = DIRECTION('',(-1.,1.110223024625E-16,0.));
#4490 = PCURVE('',#3271,#4491);
#4491 = DEFINITIONAL_REPRESENTATION('',(#4492),#4496);
#4492 = LINE('',#4493,#4494);
#4493 = CARTESIAN_POINT('',(4.712388980385,-0.));
#4494 = VECTOR('',#4495,1.);
#4495 = DIRECTION('',(-1.,0.));
#4496 = ( GEOMETRIC_REPRESENTATION_CONTEXT(2) 
PARAMETRIC_REPRESENTATION_CONTEXT() REPRESENTATION_CONTEXT('2D SPACE',''
  ) );
#4497 = PCURVE('',#3590,#4498);
#4498 = DEFINITIONAL_REPRESENTATION('',(#4499),#4503);
#4499 = LINE('',#4500,#4501);
#4500 = CARTESIAN_POINT('',(-4.712388980385,0.));
#4501 = VECTOR('',#4502,1.);
#4502 = DIRECTION('',(1.,0.));
#4503 = ( GEOMETRIC_REPRESENTATION_CONTEXT(2) 
PARAMETRIC_REPRESENTATION_CONTEXT() REPRESENTATION_CONTEXT('2D SPACE',''
  ) );
#4504 = ORIENTED_EDGE('',*,*,#4420,.F.);
#4505 = ORIENTED_EDGE('',*,*,#3318,.F.);
#4506 = ORIENTED_EDGE('',*,*,#3288,.T.);
#4507 = ORIENTED_EDGE('',*,*,#3245,.T.);
#4508 = ORIENTED_EDGE('',*,*,#4381,.T.);
#4509 = ORIENTED_EDGE('',*,*,#4510,.F.);
#4510 = EDGE_CURVE('',#4511,#4292,#4513,.T.);
#4511 = VERTEX_POINT('',#4512);
#4512 = CARTESIAN_POINT('',(196.10564357609,13.875497692632,
    -105.963364566));
#4513 = SURFACE_CURVE('',#4514,(#4519,#4526),.PCURVE_S1.);
#4514 = CIRCLE('',#4515,13.875497692632);
#4515 = AXIS2_PLACEMENT_3D('',#4516,#4517,#4518);
#4516 = CARTESIAN_POINT('',(196.10564357609,3.944304526105E-31,
    -105.963364566));
#4517 = DIRECTION('',(0.,0.,1.));
#4518 = DIRECTION('',(-1.,1.110223024625E-16,0.));
#4519 = PCURVE('',#3271,#4520);
#4520 = DEFINITIONAL_REPRESENTATION('',(#4521),#4525);
#4521 = LINE('',#4522,#4523);
#4522 = CARTESIAN_POINT('',(4.712388980385,-0.));
#4523 = VECTOR('',#4524,1.);
#4524 = DIRECTION('',(-1.,0.));
#4525 = ( GEOMETRIC_REPRESENTATION_CONTEXT(2) 
PARAMETRIC_REPRESENTATION_CONTEXT() REPRESENTATION_CONTEXT('2D SPACE',''
  ) );
#4526 = PCURVE('',#3590,#4527);
#4527 = DEFINITIONAL_REPRESENTATION('',(#4528),#4532);
#4528 = LINE('',#4529,#4530);
#4529 = CARTESIAN_POINT('',(-4.712388980385,0.));
#4530 = VECTOR('',#4531,1.);
#4531 = DIRECTION('',(1.,0.));
#4532 = ( GEOMETRIC_REPRESENTATION_CONTEXT(2) 
PARAMETRIC_REPRESENTATION_CONTEXT() REPRESENTATION_CONTEXT('2D SPACE',''
  ) );
#4533 = ORIENTED_EDGE('',*,*,#4534,.T.);
#4534 = EDGE_CURVE('',#4511,#4535,#4537,.T.);
#4535 = VERTEX_POINT('',#4536);
#4536 = CARTESIAN_POINT('',(196.10564357609,12.835845574618,
    -94.08008613302));
#4537 = SEAM_CURVE('',#4538,(#4542,#4549),.PCURVE_S1.);
#4538 = LINE('',#4539,#4540);
#4539 = CARTESIAN_POINT('',(196.10564357609,12.835845574618,
    -94.08008613302));
#4540 = VECTOR('',#4541,1.);
#4541 = DIRECTION('',(-9.676230951902E-18,-8.715574021868E-02,
    0.996194698313));
#4542 = PCURVE('',#3271,#4543);
#4543 = DEFINITIONAL_REPRESENTATION('',(#4544),#4548);
#4544 = LINE('',#4545,#4546);
#4545 = CARTESIAN_POINT('',(-6.28318530718,-11.88327843303));
#4546 = VECTOR('',#4547,1.);
#4547 = DIRECTION('',(-0.,-1.));
#4548 = ( GEOMETRIC_REPRESENTATION_CONTEXT(2) 
PARAMETRIC_REPRESENTATION_CONTEXT() REPRESENTATION_CONTEXT('2D SPACE',''
  ) );
#4549 = PCURVE('',#3271,#4550);
#4550 = DEFINITIONAL_REPRESENTATION('',(#4551),#4555);
#4551 = LINE('',#4552,#4553);
#4552 = CARTESIAN_POINT('',(-0.,-11.88327843303));
#4553 = VECTOR('',#4554,1.);
#4554 = DIRECTION('',(-0.,-1.));
#4555 = ( GEOMETRIC_REPRESENTATION_CONTEXT(2) 
PARAMETRIC_REPRESENTATION_CONTEXT() REPRESENTATION_CONTEXT('2D SPACE',''
  ) );
#4556 = ORIENTED_EDGE('',*,*,#4557,.T.);
#4557 = EDGE_CURVE('',#4535,#4535,#4558,.T.);
#4558 = SURFACE_CURVE('',#4559,(#4564,#4570),.PCURVE_S1.);
#4559 = CIRCLE('',#4560,12.835845574618);
#4560 = AXIS2_PLACEMENT_3D('',#4561,#4562,#4563);
#4561 = CARTESIAN_POINT('',(196.10564357609,3.944304526105E-31,
    -94.08008613302));
#4562 = DIRECTION('',(0.,0.,1.));
#4563 = DIRECTION('',(-1.,1.110223024625E-16,0.));
#4564 = PCURVE('',#3271,#4565);
#4565 = DEFINITIONAL_REPRESENTATION('',(#4566),#4569);
#4566 = B_SPLINE_CURVE_WITH_KNOTS('',1,(#4567,#4568),.UNSPECIFIED.,.F.,
  .F.,(2,2),(4.712388980385,10.995574287564),.PIECEWISE_BEZIER_KNOTS.);
#4567 = CARTESIAN_POINT('',(0.,-11.88327843303));
#4568 = CARTESIAN_POINT('',(-6.28318530718,-11.88327843303));
#4569 = ( GEOMETRIC_REPRESENTATION_CONTEXT(2) 
PARAMETRIC_REPRESENTATION_CONTEXT() REPRESENTATION_CONTEXT('2D SPACE',''
  ) );
#4570 = PCURVE('',#4571,#4576);
#4571 = PLANE('',#4572);
#4572 = AXIS2_PLACEMENT_3D('',#4573,#4574,#4575);
#4573 = CARTESIAN_POINT('',(196.10564357609,3.944304526105E-31,
    -94.08008613302));
#4574 = DIRECTION('',(0.,0.,1.));
#4575 = DIRECTION('',(1.110223024625E-16,1.,0.));
#4576 = DEFINITIONAL_REPRESENTATION('',(#4577),#4581);
#4577 = CIRCLE('',#4578,12.835845574618);
#4578 = AXIS2_PLACEMENT_2D('',#4579,#4580);
#4579 = CARTESIAN_POINT('',(0.,0.));
#4580 = DIRECTION('',(0.,1.));
#4581 = ( GEOMETRIC_REPRESENTATION_CONTEXT(2) 
PARAMETRIC_REPRESENTATION_CONTEXT() REPRESENTATION_CONTEXT('2D SPACE',''
  ) );
#4582 = ORIENTED_EDGE('',*,*,#4534,.F.);
#4583 = ORIENTED_EDGE('',*,*,#4584,.F.);
#4584 = EDGE_CURVE('',#4585,#4511,#4587,.T.);
#4585 = VERTEX_POINT('',#4586);
#4586 = CARTESIAN_POINT('',(209.68476349964,2.852531913937,
    -105.963364566));
#4587 = SURFACE_CURVE('',#4588,(#4593,#4600),.PCURVE_S1.);
#4588 = CIRCLE('',#4589,13.875497692632);
#4589 = AXIS2_PLACEMENT_3D('',#4590,#4591,#4592);
#4590 = CARTESIAN_POINT('',(196.10564357609,3.944304526105E-31,
    -105.963364566));
#4591 = DIRECTION('',(0.,0.,1.));
#4592 = DIRECTION('',(-1.,1.110223024625E-16,0.));
#4593 = PCURVE('',#3271,#4594);
#4594 = DEFINITIONAL_REPRESENTATION('',(#4595),#4599);
#4595 = LINE('',#4596,#4597);
#4596 = CARTESIAN_POINT('',(4.712388980385,-0.));
#4597 = VECTOR('',#4598,1.);
#4598 = DIRECTION('',(-1.,0.));
#4599 = ( GEOMETRIC_REPRESENTATION_CONTEXT(2) 
PARAMETRIC_REPRESENTATION_CONTEXT() REPRESENTATION_CONTEXT('2D SPACE',''
  ) );
#4600 = PCURVE('',#3590,#4601);
#4601 = DEFINITIONAL_REPRESENTATION('',(#4602),#4606);
#4602 = LINE('',#4603,#4604);
#4603 = CARTESIAN_POINT('',(-4.712388980385,0.));
#4604 = VECTOR('',#4605,1.);
#4605 = DIRECTION('',(1.,0.));
#4606 = ( GEOMETRIC_REPRESENTATION_CONTEXT(2) 
PARAMETRIC_REPRESENTATION_CONTEXT() REPRESENTATION_CONTEXT('2D SPACE',''
  ) );
#4607 = ORIENTED_EDGE('',*,*,#4608,.F.);
#4608 = EDGE_CURVE('',#4482,#4585,#4609,.T.);
#4609 = SURFACE_CURVE('',#4610,(#4725,#4843),.PCURVE_S1.);
#4610 = B_SPLINE_CURVE_WITH_KNOTS('',8,(#4611,#4612,#4613,#4614,#4615,
    #4616,#4617,#4618,#4619,#4620,#4621,#4622,#4623,#4624,#4625,#4626,
    #4627,#4628,#4629,#4630,#4631,#4632,#4633,#4634,#4635,#4636,#4637,
    #4638,#4639,#4640,#4641,#4642,#4643,#4644,#4645,#4646,#4647,#4648,
    #4649,#4650,#4651,#4652,#4653,#4654,#4655,#4656,#4657,#4658,#4659,
    #4660,#4661,#4662,#4663,#4664,#4665,#4666,#4667,#4668,#4669,#4670,
    #4671,#4672,#4673,#4674,#4675,#4676,#4677,#4678,#4679,#4680,#4681,
    #4682,#4683,#4684,#4685,#4686,#4687,#4688,#4689,#4690,#4691,#4692,
    #4693,#4694,#4695,#4696,#4697,#4698,#4699,#4700,#4701,#4702,#4703,
    #4704,#4705,#4706,#4707,#4708,#4709,#4710,#4711,#4712,#4713,#4714,
    #4715,#4716,#4717,#4718,#4719,#4720,#4721,#4722,#4723,#4724),
  .UNSPECIFIED.,.F.,.F.,(9,7,7,7,7,7,7,7,7,7,7,7,7,7,7,7,9),(0.,
    0.117046071079,0.189913704123,0.26276333959,0.361580562856,
    0.446470778185,0.477440003109,0.501430254585,0.519839901927,
    0.562577285471,0.629969745125,0.724468028146,0.767693529479,
    0.808041928604,0.871036046038,0.922336264589,1.),.UNSPECIFIED.);
#4611 = CARTESIAN_POINT('',(209.68476349964,-2.852531913937,
    -105.963364566));
#4612 = CARTESIAN_POINT('',(209.67997264466,-2.847741059318,
    -105.8985169665));
#4613 = CARTESIAN_POINT('',(209.67527012742,-2.841350621907,
    -105.8309128292));
#4614 = CARTESIAN_POINT('',(209.67064680746,-2.833113138376,
    -105.7598795072));
#4615 = CARTESIAN_POINT('',(209.66611489037,-2.822571435197,
    -105.6845443508));
#4616 = CARTESIAN_POINT('',(209.661692366,-2.809382004491,
    -105.6043014222));
#4617 = CARTESIAN_POINT('',(209.65743725084,-2.792492117674,
    -105.5175595725));
#4618 = CARTESIAN_POINT('',(209.65340557487,-2.771201115255,
    -105.4233856047));
#4619 = CARTESIAN_POINT('',(209.64747474844,-2.724473016972,
    -105.2509500279));
#4620 = CARTESIAN_POINT('',(209.6453421083,-2.703606780068,
    -105.180003572));
#4621 = CARTESIAN_POINT('',(209.64334520181,-2.678682358823,
    -105.1018214569));
#4622 = CARTESIAN_POINT('',(209.64159587111,-2.648494617905,
    -105.0151945579));
#4623 = CARTESIAN_POINT('',(209.64027679718,-2.611834243175,
    -104.9200557769));
#4624 = CARTESIAN_POINT('',(209.63965081695,-2.567775907858,
    -104.8179193456));
#4625 = CARTESIAN_POINT('',(209.63990370446,-2.516143869633,
    -104.7124879343));
#4626 = CARTESIAN_POINT('',(209.64167698684,-2.409594848409,
    -104.5144065011));
#4627 = CARTESIAN_POINT('',(209.64316093131,-2.35685523078,
    -104.4258009083));
#4628 = CARTESIAN_POINT('',(209.64501141316,-2.304712928893,
    -104.3450977275));
#4629 = CARTESIAN_POINT('',(209.64711197265,-2.253402096809,
    -104.2713685697));
#4630 = CARTESIAN_POINT('',(209.64936644833,-2.20294753811,
    -104.2033963219));
#4631 = CARTESIAN_POINT('',(209.65173394867,-2.153151715877,
    -104.1402173806));
#4632 = CARTESIAN_POINT('',(209.65419787318,-2.103527467033,
    -104.0806933527));
#4633 = CARTESIAN_POINT('',(209.660279083,-1.984863803514,-103.946234801
    ));
#4634 = CARTESIAN_POINT('',(209.6639298006,-1.916464544519,
    -103.8747886279));
#4635 = CARTESIAN_POINT('',(209.66768579566,-1.847372276924,
    -103.8078003472));
#4636 = CARTESIAN_POINT('',(209.67152009709,-1.777214170829,
    -103.744556397));
#4637 = CARTESIAN_POINT('',(209.67541213139,-1.705611188881,
    -103.6845394196));
#4638 = CARTESIAN_POINT('',(209.67934574525,-1.632128871825,
    -103.6273183899));
#4639 = CARTESIAN_POINT('',(209.68330995391,-1.556238786331,
    -103.5725972066));
#4640 = CARTESIAN_POINT('',(209.69071951249,-1.409145633336,
    -103.4750109715));
#4641 = CARTESIAN_POINT('',(209.69415177566,-1.338935071148,
    -103.4316618097));
#4642 = CARTESIAN_POINT('',(209.69758921075,-1.26595343621,
    -103.3898457647));
#4643 = CARTESIAN_POINT('',(209.70102439034,-1.18951014923,
    -103.349466783));
#4644 = CARTESIAN_POINT('',(209.70444769041,-1.109029025698,
    -103.3104812713));
#4645 = CARTESIAN_POINT('',(209.70784054174,-1.023200508215,
    -103.2729492432));
#4646 = CARTESIAN_POINT('',(209.71118278373,-0.930968316262,
    -103.2369506792));
#4647 = CARTESIAN_POINT('',(209.71561602727,-0.790997723913,
    -103.1903182746));
#4648 = CARTESIAN_POINT('',(209.71678701021,-0.752247921649,
    -103.1781129659));
#4649 = CARTESIAN_POINT('',(209.71794267551,-0.711976812894,
    -103.1661727707));
#4650 = CARTESIAN_POINT('',(209.71907979336,-0.669935230607,
    -103.1545231183));
#4651 = CARTESIAN_POINT('',(209.72019365489,-0.625857240615,
    -103.1432038756));
#4652 = CARTESIAN_POINT('',(209.72127772412,-0.579429149607,
    -103.1322718287));
#4653 = CARTESIAN_POINT('',(209.72232243995,-0.530180603198,
    -103.1218115242));
#4654 = CARTESIAN_POINT('',(209.72408062425,-0.436332171311,
    -103.1043188239));
#4655 = CARTESIAN_POINT('',(209.72480800561,-0.39357628517,
    -103.0971215075));
#4656 = CARTESIAN_POINT('',(209.72549729903,-0.34832658623,
    -103.0903349334));
#4657 = CARTESIAN_POINT('',(209.72613879606,-0.299974406153,
    -103.0840487497));
#4658 = CARTESIAN_POINT('',(209.72671381193,-0.248126282374,
    -103.078439079));
#4659 = CARTESIAN_POINT('',(209.72719233526,-0.19254523665,
    -103.0737871833));
#4660 = CARTESIAN_POINT('',(209.72753523968,-0.133241703594,
    -103.0704590187));
#4661 = CARTESIAN_POINT('',(209.72784531093,-2.331262806451E-02,
    -103.0674511867));
#4662 = CARTESIAN_POINT('',(209.7278816961,2.616560528334E-02,
    -103.0670997832));
#4663 = CARTESIAN_POINT('',(209.72780028807,7.542338013534E-02,
    -103.0678881287));
#4664 = CARTESIAN_POINT('',(209.72760873058,0.12323798734,-103.069743537
    ));
#4665 = CARTESIAN_POINT('',(209.72732659781,0.1689426606,-103.0724807658
    ));
#4666 = CARTESIAN_POINT('',(209.72697463802,0.212282217859,
    -103.0759041308));
#4667 = CARTESIAN_POINT('',(209.72656853011,0.253314186673,
    -103.0798664055));
#4668 = CARTESIAN_POINT('',(209.72506930786,0.382988317305,
    -103.0945410372));
#4669 = CARTESIAN_POINT('',(209.72378699458,0.46210107576,
    -103.1071629386));
#4670 = CARTESIAN_POINT('',(209.72238204855,0.534320760683,
    -103.1211121021));
#4671 = CARTESIAN_POINT('',(209.7208894186,0.600279123609,
    -103.1360823249));
#4672 = CARTESIAN_POINT('',(209.71935250417,0.661592328397,
    -103.1516673191));
#4673 = CARTESIAN_POINT('',(209.71777849854,0.718899876342,
    -103.1678097687));
#4674 = CARTESIAN_POINT('',(209.71617420741,0.773190323808,
    -103.1844582916));
#4675 = CARTESIAN_POINT('',(209.7119309331,0.90761964572,-103.2290638722
    ));
#4676 = CARTESIAN_POINT('',(209.70927255939,0.983248805351,
    -103.2575460134));
#4677 = CARTESIAN_POINT('',(209.70657585351,1.054228427658,
    -103.2870504051));
#4678 = CARTESIAN_POINT('',(209.70385434256,1.12142691154,-103.317504949
    ));
#4679 = CARTESIAN_POINT('',(209.70111804448,1.185481912982,
    -103.3488724587));
#4680 = CARTESIAN_POINT('',(209.69837437421,1.246941080601,
    -103.3811461952));
#4681 = CARTESIAN_POINT('',(209.69562747527,1.306170854289,
    -103.4143628065));
#4682 = CARTESIAN_POINT('',(209.68902719556,1.443995543754,
    -103.4966015327));
#4683 = CARTESIAN_POINT('',(209.68517935528,1.520661487829,
    -103.5465291392));
#4684 = CARTESIAN_POINT('',(209.68134700454,1.594461246416,
    -103.5985336952));
#4685 = CARTESIAN_POINT('',(209.67754059324,1.665966038669,
    -103.6528089033));
#4686 = CARTESIAN_POINT('',(209.67377230783,1.735625912462,
    -103.7096253344));
#4687 = CARTESIAN_POINT('',(209.67005629094,1.803830417,-103.7693244871)
  );
#4688 = CARTESIAN_POINT('',(209.66640969219,1.870936089501,
    -103.8323808273));
#4689 = CARTESIAN_POINT('',(209.66123209675,1.967791375819,
    -103.9304094434));
#4690 = CARTESIAN_POINT('',(209.65962727177,1.998042724871,
    -103.9620431258));
#4691 = CARTESIAN_POINT('',(209.65804504868,2.028192401523,
    -103.9946302943));
#4692 = CARTESIAN_POINT('',(209.65648841381,2.058280067113,
    -104.0282596332));
#4693 = CARTESIAN_POINT('',(209.65496117353,2.088343871322,
    -104.0630326036));
#4694 = CARTESIAN_POINT('',(209.65346822519,2.118424723293,
    -104.0990744487));
#4695 = CARTESIAN_POINT('',(209.65201582798,2.148570562737,
    -104.1365451978));
#4696 = CARTESIAN_POINT('',(209.64930138887,2.207095771986,
    -104.2121533849));
#4697 = CARTESIAN_POINT('',(209.64803530441,2.235416383569,
    -104.2500282523));
#4698 = CARTESIAN_POINT('',(209.64681796499,2.263890586791,
    -104.2894885181));
#4699 = CARTESIAN_POINT('',(209.64565791159,2.292577585905,
    -104.3307561419));
#4700 = CARTESIAN_POINT('',(209.64456754915,2.321509771264,
    -104.3740534293));
#4701 = CARTESIAN_POINT('',(209.64356369898,2.350698830231,
    -104.4196151378));
#4702 = CARTESIAN_POINT('',(209.64266903594,2.380145866188,
    -104.4677210573));
#4703 = CARTESIAN_POINT('',(209.64073628171,2.456239704637,
    -104.5984168667));
#4704 = CARTESIAN_POINT('',(209.63982222222,2.506314690077,
    -104.6904461567));
#4705 = CARTESIAN_POINT('',(209.63953622364,2.553691011413,
    -104.7867047645));
#4706 = CARTESIAN_POINT('',(209.63999753692,2.595470281176,
    -104.8816541944));
#4707 = CARTESIAN_POINT('',(209.64106022955,2.631287071706,
    -104.971645009));
#4708 = CARTESIAN_POINT('',(209.64253734339,2.66133491736,
    -105.0545163887));
#4709 = CARTESIAN_POINT('',(209.64423554755,2.686286795158,
    -105.1290833644));
#4710 = CARTESIAN_POINT('',(209.6474633316,2.723691953373,
    -105.2490746653));
#4711 = CARTESIAN_POINT('',(209.64902878211,2.738343362014,-105.29969662
    ));
#4712 = CARTESIAN_POINT('',(209.65068446733,2.751299650915,
    -105.3476679423));
#4713 = CARTESIAN_POINT('',(209.65241220339,2.762845643,-105.3933626323)
  );
#4714 = CARTESIAN_POINT('',(209.65419901169,2.773182844481,
    -105.4370520465));
#4715 = CARTESIAN_POINT('',(209.65603529517,2.782474195591,
    -105.4789699295));
#4716 = CARTESIAN_POINT('',(209.65791421804,2.790859376439,
    -105.5193343896));
#4717 = CARTESIAN_POINT('',(209.66273603894,2.809918233942,
    -105.6173576754));
#4718 = CARTESIAN_POINT('',(209.66572498718,2.819544614975,
    -105.6731703322));
#4719 = CARTESIAN_POINT('',(209.66878218452,2.82768408519,
    -105.7263545634));
#4720 = CARTESIAN_POINT('',(209.67189552863,2.834573748486,
    -105.7772910014));
#4721 = CARTESIAN_POINT('',(209.67505611684,2.84038121382,
    -105.8262509806));
#4722 = CARTESIAN_POINT('',(209.67825723383,2.845240007829,
    -105.8734578743));
#4723 = CARTESIAN_POINT('',(209.68149397416,2.849262724795,
    -105.9191099244));
#4724 = CARTESIAN_POINT('',(209.68476349964,2.852531913937,
    -105.963364566));
#4725 = PCURVE('',#3271,#4726);
#4726 = DEFINITIONAL_REPRESENTATION('',(#4727),#4842);
#4727 = B_SPLINE_CURVE_WITH_KNOTS('',8,(#4728,#4729,#4730,#4731,#4732,
    #4733,#4734,#4735,#4736,#4737,#4738,#4739,#4740,#4741,#4742,#4743,
    #4744,#4745,#4746,#4747,#4748,#4749,#4750,#4751,#4752,#4753,#4754,
    #4755,#4756,#4757,#4758,#4759,#4760,#4761,#4762,#4763,#4764,#4765,
    #4766,#4767,#4768,#4769,#4770,#4771,#4772,#4773,#4774,#4775,#4776,
    #4777,#4778,#4779,#4780,#4781,#4782,#4783,#4784,#4785,#4786,#4787,
    #4788,#4789,#4790,#4791,#4792,#4793,#4794,#4795,#4796,#4797,#4798,
    #4799,#4800,#4801,#4802,#4803,#4804,#4805,#4806,#4807,#4808,#4809,
    #4810,#4811,#4812,#4813,#4814,#4815,#4816,#4817,#4818,#4819,#4820,
    #4821,#4822,#4823,#4824,#4825,#4826,#4827,#4828,#4829,#4830,#4831,
    #4832,#4833,#4834,#4835,#4836,#4837,#4838,#4839,#4840,#4841),
  .UNSPECIFIED.,.F.,.F.,(9,7,7,7,7,7,7,7,7,7,7,7,7,7,7,7,9),(0.,
    0.117046071079,0.189913704123,0.26276333959,0.361580562856,
    0.446470778185,0.477440003109,0.501430254585,0.519839901927,
    0.562577285471,0.629969745125,0.724468028146,0.767693529479,
    0.808041928604,0.871036046038,0.922336264589,1.),.UNSPECIFIED.);
#4728 = CARTESIAN_POINT('',(-4.505332128231,0.));
#4729 = CARTESIAN_POINT('',(-4.505599045975,-6.484759952554E-02));
#4730 = CARTESIAN_POINT('',(-4.505980343966,-0.132451736765));
#4731 = CARTESIAN_POINT('',(-4.506493521509,-0.203485058763));
#4732 = CARTESIAN_POINT('',(-4.507171374623,-0.278820215204));
#4733 = CARTESIAN_POINT('',(-4.508038626096,-0.359063143812));
#4734 = CARTESIAN_POINT('',(-4.509171368617,-0.445804993517));
#4735 = CARTESIAN_POINT('',(-4.51062047913,-0.539978961292));
#4736 = CARTESIAN_POINT('',(-4.513849501056,-0.712414538134));
#4737 = CARTESIAN_POINT('',(-4.515300000142,-0.783360994003));
#4738 = CARTESIAN_POINT('',(-4.517041969678,-0.861543109071));
#4739 = CARTESIAN_POINT('',(-4.519163402398,-0.948170008058));
#4740 = CARTESIAN_POINT('',(-4.521754177552,-1.043308789133));
#4741 = CARTESIAN_POINT('',(-4.52488559253,-1.145445220401));
#4742 = CARTESIAN_POINT('',(-4.528575792104,-1.250876631726));
#4743 = CARTESIAN_POINT('',(-4.536218605988,-1.448958064933));
#4744 = CARTESIAN_POINT('',(-4.540015032728,-1.537563657662));
#4745 = CARTESIAN_POINT('',(-4.54377802672,-1.618266838499));
#4746 = CARTESIAN_POINT('',(-4.547488688934,-1.691995996258));
#4747 = CARTESIAN_POINT('',(-4.551143346939,-1.759968244123));
#4748 = CARTESIAN_POINT('',(-4.554755257068,-1.823147185387));
#4749 = CARTESIAN_POINT('',(-4.558358959724,-1.882671213317));
#4750 = CARTESIAN_POINT('',(-4.566985649672,-2.017129765011));
#4751 = CARTESIAN_POINT('',(-4.571965380285,-2.088575938094));
#4752 = CARTESIAN_POINT('',(-4.577001329784,-2.155564218815));
#4753 = CARTESIAN_POINT('',(-4.582119964683,-2.218808169049));
#4754 = CARTESIAN_POINT('',(-4.587348446426,-2.278825146453));
#4755 = CARTESIAN_POINT('',(-4.592718125208,-2.336046176143));
#4756 = CARTESIAN_POINT('',(-4.598267423097,-2.390767359396));
#4757 = CARTESIAN_POINT('',(-4.609029740676,-2.488353594548));
#4758 = CARTESIAN_POINT('',(-4.61416927224,-2.531702756341));
#4759 = CARTESIAN_POINT('',(-4.619513916805,-2.573518801265));
#4760 = CARTESIAN_POINT('',(-4.625114227686,-2.613897783033));
#4761 = CARTESIAN_POINT('',(-4.631012398986,-2.65288329475));
#4762 = CARTESIAN_POINT('',(-4.637304494173,-2.690415322797));
#4763 = CARTESIAN_POINT('',(-4.644067998713,-2.726413886806));
#4764 = CARTESIAN_POINT('',(-4.654335092936,-2.773046291439));
#4765 = CARTESIAN_POINT('',(-4.657177712752,-2.785251600155));
#4766 = CARTESIAN_POINT('',(-4.660132183275,-2.797191795357));
#4767 = CARTESIAN_POINT('',(-4.663216795852,-2.808841447746));
#4768 = CARTESIAN_POINT('',(-4.666451074689,-2.820160690437));
#4769 = CARTESIAN_POINT('',(-4.669858050992,-2.831092737307));
#4770 = CARTESIAN_POINT('',(-4.67347225646,-2.841553041797));
#4771 = CARTESIAN_POINT('',(-4.680359986096,-2.859045742062));
#4772 = CARTESIAN_POINT('',(-4.683498076681,-2.866243058518));
#4773 = CARTESIAN_POINT('',(-4.686819344618,-2.873029632628));
#4774 = CARTESIAN_POINT('',(-4.690368473457,-2.879315816277));
#4775 = CARTESIAN_POINT('',(-4.694174354161,-2.884925486998));
#4776 = CARTESIAN_POINT('',(-4.698254382688,-2.889577382739));
#4777 = CARTESIAN_POINT('',(-4.702607771599,-2.892905547276));
#4778 = CARTESIAN_POINT('',(-4.710677596807,-2.89591337935));
#4779 = CARTESIAN_POINT('',(-4.714309791464,-2.896264782818));
#4780 = CARTESIAN_POINT('',(-4.717925807425,-2.895476437278));
#4781 = CARTESIAN_POINT('',(-4.721435853568,-2.89362102901));
#4782 = CARTESIAN_POINT('',(-4.724790958375,-2.890883800172));
#4783 = CARTESIAN_POINT('',(-4.727972379223,-2.887460435248));
#4784 = CARTESIAN_POINT('',(-4.730984339536,-2.883498160485));
#4785 = CARTESIAN_POINT('',(-4.740502846856,-2.868823528826));
#4786 = CARTESIAN_POINT('',(-4.746309561313,-2.856201627414));
#4787 = CARTESIAN_POINT('',(-4.751609882873,-2.842252463919));
#4788 = CARTESIAN_POINT('',(-4.756450208538,-2.827282241065));
#4789 = CARTESIAN_POINT('',(-4.760949201312,-2.811697246933));
#4790 = CARTESIAN_POINT('',(-4.765153822072,-2.795554797276));
#4791 = CARTESIAN_POINT('',(-4.769136637213,-2.778906274362));
#4792 = CARTESIAN_POINT('',(-4.778997333861,-2.734300693809));
#4793 = CARTESIAN_POINT('',(-4.78454369399,-2.705818552594));
#4794 = CARTESIAN_POINT('',(-4.789747892455,-2.676314160931));
#4795 = CARTESIAN_POINT('',(-4.794673655024,-2.645859617041));
#4796 = CARTESIAN_POINT('',(-4.799367759833,-2.614492107329));
#4797 = CARTESIAN_POINT('',(-4.803870366388,-2.582218370853));
#4798 = CARTESIAN_POINT('',(-4.808208313915,-2.549001759465));
#4799 = CARTESIAN_POINT('',(-4.818299126078,-2.466763033278));
#4800 = CARTESIAN_POINT('',(-4.823909360562,-2.416835426789));
#4801 = CARTESIAN_POINT('',(-4.829306858802,-2.364830870812));
#4802 = CARTESIAN_POINT('',(-4.834533291032,-2.310555662738));
#4803 = CARTESIAN_POINT('',(-4.839621340653,-2.253739231587));
#4804 = CARTESIAN_POINT('',(-4.844599163266,-2.194040078938));
#4805 = CARTESIAN_POINT('',(-4.849492337478,-2.130983738701));
#4806 = CARTESIAN_POINT('',(-4.856547032021,-2.032955122641));
#4807 = CARTESIAN_POINT('',(-4.858749343143,-2.001321440208));
#4808 = CARTESIAN_POINT('',(-4.860943051708,-1.968734271677));
#4809 = CARTESIAN_POINT('',(-4.863130960416,-1.935104932823));
#4810 = CARTESIAN_POINT('',(-4.865315742625,-1.900331962388));
#4811 = CARTESIAN_POINT('',(-4.867500243589,-1.864290117352));
#4812 = CARTESIAN_POINT('',(-4.869687781703,-1.826819368212));
#4813 = CARTESIAN_POINT('',(-4.873931029273,-1.751211181059));
#4814 = CARTESIAN_POINT('',(-4.875982715869,-1.713336313675));
#4815 = CARTESIAN_POINT('',(-4.878043741183,-1.673876047913));
#4816 = CARTESIAN_POINT('',(-4.880118176237,-1.632608424117));
#4817 = CARTESIAN_POINT('',(-4.88220809634,-1.589311136666));
#4818 = CARTESIAN_POINT('',(-4.884314015915,-1.54374942822));
#4819 = CARTESIAN_POINT('',(-4.886435593279,-1.495643508714));
#4820 = CARTESIAN_POINT('',(-4.891909012953,-1.364947699346));
#4821 = CARTESIAN_POINT('',(-4.895502476173,-1.272918409344));
#4822 = CARTESIAN_POINT('',(-4.898889284087,-1.176659801467));
#4823 = CARTESIAN_POINT('',(-4.90186141049,-1.081710371584));
#4824 = CARTESIAN_POINT('',(-4.90439688529,-0.991719557005));
#4825 = CARTESIAN_POINT('',(-4.906513332022,-0.908848177312));
#4826 = CARTESIAN_POINT('',(-4.908262564098,-0.834281201645));
#4827 = CARTESIAN_POINT('',(-4.91087306927,-0.714289900713));
#4828 = CARTESIAN_POINT('',(-4.91189040366,-0.663667945986));
#4829 = CARTESIAN_POINT('',(-4.91278546803,-0.615696623662));
#4830 = CARTESIAN_POINT('',(-4.913578931652,-0.570001933721));
#4831 = CARTESIAN_POINT('',(-4.91428540924,-0.526312519539));
#4832 = CARTESIAN_POINT('',(-4.914916697652,-0.48439463653));
#4833 = CARTESIAN_POINT('',(-4.915482884022,-0.444030176369));
#4834 = CARTESIAN_POINT('',(-4.916761072802,-0.346006890657));
#4835 = CARTESIAN_POINT('',(-4.917397928169,-0.290194233771));
#4836 = CARTESIAN_POINT('',(-4.917928171271,-0.237010002615));
#4837 = CARTESIAN_POINT('',(-4.918368914809,-0.186073564654));
#4838 = CARTESIAN_POINT('',(-4.918732253838,-0.137113585388));
#4839 = CARTESIAN_POINT('',(-4.919027813957,-8.990669170734E-02));
#4840 = CARTESIAN_POINT('',(-4.919263698187,-4.425464157057E-02));
#4841 = CARTESIAN_POINT('',(-4.919445832538,0.));
#4842 = ( GEOMETRIC_REPRESENTATION_CONTEXT(2) 
PARAMETRIC_REPRESENTATION_CONTEXT() REPRESENTATION_CONTEXT('2D SPACE',''
  ) );
#4843 = PCURVE('',#4844,#4849);
#4844 = CONICAL_SURFACE('',#4845,2.109256323348,0.785398125648);
#4845 = AXIS2_PLACEMENT_3D('',#4846,#4847,#4848);
#4846 = CARTESIAN_POINT('',(208.94148785293,-1.425064985666E-15,
    -105.963364566));
#4847 = DIRECTION('',(1.,-1.110223024625E-16,-0.));
#4848 = DIRECTION('',(1.110223024625E-16,1.,0.));
#4849 = DEFINITIONAL_REPRESENTATION('',(#4850),#4965);
#4850 = B_SPLINE_CURVE_WITH_KNOTS('',8,(#4851,#4852,#4853,#4854,#4855,
    #4856,#4857,#4858,#4859,#4860,#4861,#4862,#4863,#4864,#4865,#4866,
    #4867,#4868,#4869,#4870,#4871,#4872,#4873,#4874,#4875,#4876,#4877,
    #4878,#4879,#4880,#4881,#4882,#4883,#4884,#4885,#4886,#4887,#4888,
    #4889,#4890,#4891,#4892,#4893,#4894,#4895,#4896,#4897,#4898,#4899,
    #4900,#4901,#4902,#4903,#4904,#4905,#4906,#4907,#4908,#4909,#4910,
    #4911,#4912,#4913,#4914,#4915,#4916,#4917,#4918,#4919,#4920,#4921,
    #4922,#4923,#4924,#4925,#4926,#4927,#4928,#4929,#4930,#4931,#4932,
    #4933,#4934,#4935,#4936,#4937,#4938,#4939,#4940,#4941,#4942,#4943,
    #4944,#4945,#4946,#4947,#4948,#4949,#4950,#4951,#4952,#4953,#4954,
    #4955,#4956,#4957,#4958,#4959,#4960,#4961,#4962,#4963,#4964),
  .UNSPECIFIED.,.F.,.F.,(9,7,7,7,7,7,7,7,7,7,7,7,7,7,7,7,9),(0.,
    0.117046071079,0.189913704123,0.26276333959,0.361580562856,
    0.446470778185,0.477440003109,0.501430254585,0.519839901927,
    0.562577285471,0.629969745125,0.724468028146,0.767693529479,
    0.808041928604,0.871036046038,0.922336264589,1.),.UNSPECIFIED.);
#4851 = CARTESIAN_POINT('',(3.14159265359,0.743275646704));
#4852 = CARTESIAN_POINT('',(3.118859305995,0.738484791724));
#4853 = CARTESIAN_POINT('',(3.095072013535,0.733782274488));
#4854 = CARTESIAN_POINT('',(3.069975245439,0.729158954515));
#4855 = CARTESIAN_POINT('',(3.043222581346,0.724627037457));
#4856 = CARTESIAN_POINT('',(3.014574870012,0.720204513045));
#4857 = CARTESIAN_POINT('',(2.983371575532,0.715949397915));
#4858 = CARTESIAN_POINT('',(2.94922063268,0.711917721932));
#4859 = CARTESIAN_POINT('',(2.885847018706,0.705986895502));
#4860 = CARTESIAN_POINT('',(2.859594365773,0.703854255369));
#4861 = CARTESIAN_POINT('',(2.830443057233,0.701857348862));
#4862 = CARTESIAN_POINT('',(2.797837934642,0.700108018183));
#4863 = CARTESIAN_POINT('',(2.761579791914,0.698788944243));
#4864 = CARTESIAN_POINT('',(2.722027876586,0.69816296402));
#4865 = CARTESIAN_POINT('',(2.680244142687,0.698415851526));
#4866 = CARTESIAN_POINT('',(2.600162901682,0.700189133907));
#4867 = CARTESIAN_POINT('',(2.563500806678,0.701673078376));
#4868 = CARTESIAN_POINT('',(2.529369576297,0.703523560223));
#4869 = CARTESIAN_POINT('',(2.497491073623,0.705624119724));
#4870 = CARTESIAN_POINT('',(2.467470609382,0.707878595388));
#4871 = CARTESIAN_POINT('',(2.438965278129,0.710246095743));
#4872 = CARTESIAN_POINT('',(2.411525029248,0.712710020249));
#4873 = CARTESIAN_POINT('',(2.348070809467,0.718791230064));
#4874 = CARTESIAN_POINT('',(2.313157288923,0.722441947664));
#4875 = CARTESIAN_POINT('',(2.279251897359,0.726197942721));
#4876 = CARTESIAN_POINT('',(2.246031340369,0.73003224416));
#4877 = CARTESIAN_POINT('',(2.213223813358,0.733924278453));
#4878 = CARTESIAN_POINT('',(2.18056461468,0.737857892312));
#4879 = CARTESIAN_POINT('',(2.147795743338,0.741822100972));
#4880 = CARTESIAN_POINT('',(2.086023093236,0.749231659558));
#4881 = CARTESIAN_POINT('',(2.05720127405,0.752663922725));
#4882 = CARTESIAN_POINT('',(2.027872199673,0.756101357805));
#4883 = CARTESIAN_POINT('',(1.997771806349,0.759536537411));
#4884 = CARTESIAN_POINT('',(1.966686051742,0.762959837474));
#4885 = CARTESIAN_POINT('',(1.934157467276,0.766352688806));
#4886 = CARTESIAN_POINT('',(1.89982058296,0.769694930797));
#4887 = CARTESIAN_POINT('',(1.848655672978,0.77412817434));
#4888 = CARTESIAN_POINT('',(1.834574015858,0.775299157277));
#4889 = CARTESIAN_POINT('',(1.820022902845,0.776454822579));
#4890 = CARTESIAN_POINT('',(1.804917210136,0.777591940424));
#4891 = CARTESIAN_POINT('',(1.789166749926,0.778705801959));
#4892 = CARTESIAN_POINT('',(1.772665244566,0.779789871181));
#4893 = CARTESIAN_POINT('',(1.755252358297,0.780834587012));
#4894 = CARTESIAN_POINT('',(1.722237573103,0.782592771321));
#4895 = CARTESIAN_POINT('',(1.707249246052,0.783320152672));
#4896 = CARTESIAN_POINT('',(1.69143799714,0.784009446102));
#4897 = CARTESIAN_POINT('',(1.674594450971,0.784650943128));
#4898 = CARTESIAN_POINT('',(1.656585743782,0.785225958998));
#4899 = CARTESIAN_POINT('',(1.637330269234,0.785704482325));
#4900 = CARTESIAN_POINT('',(1.616823908859,0.786047386745));
#4901 = CARTESIAN_POINT('',(1.578844016997,0.786357457994));
#4902 = CARTESIAN_POINT('',(1.561760052726,0.786393843162));
#4903 = CARTESIAN_POINT('',(1.54475414121,0.78631243514));
#4904 = CARTESIAN_POINT('',(1.528236487388,0.786120877649));
#4905 = CARTESIAN_POINT('',(1.512428315043,0.785838744872));
#4906 = CARTESIAN_POINT('',(1.497414232736,0.785486785083));
#4907 = CARTESIAN_POINT('',(1.483174682523,0.785080677173));
#4908 = CARTESIAN_POINT('',(1.438081889523,0.783581454924));
#4909 = CARTESIAN_POINT('',(1.410417009756,0.782299141653));
#4910 = CARTESIAN_POINT('',(1.384998166284,0.780894195608));
#4911 = CARTESIAN_POINT('',(1.361617601291,0.779401565676));
#4912 = CARTESIAN_POINT('',(1.339727301995,0.777864651227));
#4913 = CARTESIAN_POINT('',(1.319114190989,0.776290645607));
#4914 = CARTESIAN_POINT('',(1.29943779749,0.774686354478));
#4915 = CARTESIAN_POINT('',(1.25031968684,0.770443080167));
#4916 = CARTESIAN_POINT('',(1.222287617755,0.767784706458));
#4917 = CARTESIAN_POINT('',(1.195601531735,0.76508800058));
#4918 = CARTESIAN_POINT('',(1.169963043313,0.762366489629));
#4919 = CARTESIAN_POINT('',(1.145150572576,0.759630191546));
#4920 = CARTESIAN_POINT('',(1.120970161179,0.75688652128));
#4921 = CARTESIAN_POINT('',(1.097285238382,0.754139622336));
#4922 = CARTESIAN_POINT('',(1.041228059074,0.74753934263));
#4923 = CARTESIAN_POINT('',(1.009248380098,0.743691502351));
#4924 = CARTESIAN_POINT('',(0.977653393938,0.739859151607));
#4925 = CARTESIAN_POINT('',(0.946194726084,0.736052740311));
#4926 = CARTESIAN_POINT('',(0.914644715344,0.732284454898));
#4927 = CARTESIAN_POINT('',(0.882777039901,0.728568438002));
#4928 = CARTESIAN_POINT('',(0.850341844223,0.724921839256));
#4929 = CARTESIAN_POINT('',(0.801692168386,0.71974424382));
#4930 = CARTESIAN_POINT('',(0.786231576962,0.718139418836));
#4931 = CARTESIAN_POINT('',(0.77054102837,0.716557195747));
#4932 = CARTESIAN_POINT('',(0.754582936764,0.715000560872));
#4933 = CARTESIAN_POINT('',(0.738316206917,0.713473320593));
#4934 = CARTESIAN_POINT('',(0.721691907481,0.711980372252));
#4935 = CARTESIAN_POINT('',(0.704648944257,0.710527975046));
#4936 = CARTESIAN_POINT('',(0.670737932165,0.707813535933));
#4937 = CARTESIAN_POINT('',(0.653957552155,0.706547451478));
#4938 = CARTESIAN_POINT('',(0.636684025258,0.70533011206));
#4939 = CARTESIAN_POINT('',(0.618835145501,0.704170058655));
#4940 = CARTESIAN_POINT('',(0.600332883592,0.703079696215));
#4941 = CARTESIAN_POINT('',(0.581097956782,0.702075846041));
#4942 = CARTESIAN_POINT('',(0.561037154107,0.701181183007));
#4943 = CARTESIAN_POINT('',(0.507215617201,0.69924842878));
#4944 = CARTESIAN_POINT('',(0.469927290806,0.698334369285));
#4945 = CARTESIAN_POINT('',(0.431762526169,0.698048370706));
#4946 = CARTESIAN_POINT('',(0.394867386325,0.698509683988));
#4947 = CARTESIAN_POINT('',(0.360412641813,0.699572376606));
#4948 = CARTESIAN_POINT('',(0.329066057203,0.701049490462));
#4949 = CARTESIAN_POINT('',(0.301115395859,0.70274769462));
#4950 = CARTESIAN_POINT('',(0.256462040974,0.705975478663));
#4951 = CARTESIAN_POINT('',(0.237756712113,0.707540929176));
#4952 = CARTESIAN_POINT('',(0.220134218652,0.709196614392));
#4953 = CARTESIAN_POINT('',(0.20343262633,0.710924350452));
#4954 = CARTESIAN_POINT('',(0.187535750345,0.712711158756));
#4955 = CARTESIAN_POINT('',(0.172345138361,0.714547442234));
#4956 = CARTESIAN_POINT('',(0.157770526988,0.71642636511));
#4957 = CARTESIAN_POINT('',(0.122495986063,0.721248186004));
#4958 = CARTESIAN_POINT('',(0.102523110208,0.724237134243));
#4959 = CARTESIAN_POINT('',(8.357843559952E-02,0.72729433159));
#4960 = CARTESIAN_POINT('',(6.55063669149E-02,0.730407675693));
#4961 = CARTESIAN_POINT('',(4.81965847961E-02,0.733568263901));
#4962 = CARTESIAN_POINT('',(3.155894710559E-02,0.736769380894));
#4963 = CARTESIAN_POINT('',(1.551412874004E-02,0.740006121221));
#4964 = CARTESIAN_POINT('',(0.,0.743275646704));
#4965 = ( GEOMETRIC_REPRESENTATION_CONTEXT(2) 
PARAMETRIC_REPRESENTATION_CONTEXT() REPRESENTATION_CONTEXT('2D SPACE',''
  ) );
#4966 = ADVANCED_FACE('',(#4967),#3590,.T.);
#4967 = FACE_BOUND('',#4968,.T.);
#4968 = EDGE_LOOP('',(#4969,#4970,#5005,#5006,#5007,#5008,#5009,#5010,
    #5033,#5064,#5065,#5066));
#4969 = ORIENTED_EDGE('',*,*,#4481,.F.);
#4970 = ORIENTED_EDGE('',*,*,#4971,.T.);
#4971 = EDGE_CURVE('',#4421,#3642,#4972,.T.);
#4972 = SURFACE_CURVE('',#4973,(#4984,#4998),.PCURVE_S1.);
#4973 = ( BOUNDED_CURVE() B_SPLINE_CURVE(3,(#4974,#4975,#4976,#4977,
    #4978,#4979,#4980,#4981,#4982,#4983),.UNSPECIFIED.,.F.,.F.) 
B_SPLINE_CURVE_WITH_KNOTS((4,3,3,4),(-1.39161532665,0.,4.513902197165,
6.929527428843),.UNSPECIFIED.) CURVE() GEOMETRIC_REPRESENTATION_ITEM() 
RATIONAL_B_SPLINE_CURVE((1.,1.,1.,1.,1.,1.,1.,1.,1.,1.)) 
REPRESENTATION_ITEM('') );
#4974 = CARTESIAN_POINT('',(188.82516096363,-12.04807565853,
    -103.6603347716));
#4975 = CARTESIAN_POINT('',(188.88731068882,-12.01923885708,
    -104.3098338643));
#4976 = CARTESIAN_POINT('',(188.94952043258,-11.99025670952,
    -104.9593254656));
#4977 = CARTESIAN_POINT('',(189.01179595198,-11.96112658058,
    -105.6088089133));
#4978 = CARTESIAN_POINT('',(189.21363708662,-11.8668603115,
    -107.7124003932));
#4979 = CARTESIAN_POINT('',(189.40946448534,-11.77419488398,
    -109.7457881592));
#4980 = CARTESIAN_POINT('',(189.59974355203,-11.68316106398,
    -111.7129831814));
#4981 = CARTESIAN_POINT('',(189.70166048897,-11.63430938407,
    -112.7675704803));
#4982 = CARTESIAN_POINT('',(189.803811168,-11.58504419834,
    -113.8221285631));
#4983 = CARTESIAN_POINT('',(189.9062372546,-11.53535238892,
    -114.8766525331));
#4984 = PCURVE('',#3590,#4985);
#4985 = DEFINITIONAL_REPRESENTATION('',(#4986),#4997);
#4986 = B_SPLINE_CURVE_WITH_KNOTS('',3,(#4987,#4988,#4989,#4990,#4991,
    #4992,#4993,#4994,#4995,#4996),.UNSPECIFIED.,.F.,.F.,(4,3,3,4),(
    -1.39161532665,0.,4.513902197165,6.929527428843),.UNSPECIFIED.);
#4987 = CARTESIAN_POINT('',(2.598027691682,2.303029794399));
#4988 = CARTESIAN_POINT('',(2.600746880891,1.653530701702));
#4989 = CARTESIAN_POINT('',(2.60349730154,1.00403910044));
#4990 = CARTESIAN_POINT('',(2.606280471663,0.354555652756));
#4991 = CARTESIAN_POINT('',(2.615306407706,-1.749035827223));
#4992 = CARTESIAN_POINT('',(2.624377276216,-3.782423593175));
#4993 = CARTESIAN_POINT('',(2.633496931768,-5.749618615407));
#4994 = CARTESIAN_POINT('',(2.638378227265,-6.80420591428));
#4995 = CARTESIAN_POINT('',(2.643360713453,-7.858763997126));
#4996 = CARTESIAN_POINT('',(2.648453871459,-8.913287967123));
#4997 = ( GEOMETRIC_REPRESENTATION_CONTEXT(2) 
PARAMETRIC_REPRESENTATION_CONTEXT() REPRESENTATION_CONTEXT('2D SPACE',''
  ) );
#4998 = PCURVE('',#3733,#4999);
#4999 = DEFINITIONAL_REPRESENTATION('',(#5000),#5004);
#5000 = LINE('',#5001,#5002);
#5001 = CARTESIAN_POINT('',(8.321142755493,0.));
#5002 = VECTOR('',#5003,1.);
#5003 = DIRECTION('',(0.,1.));
#5004 = ( GEOMETRIC_REPRESENTATION_CONTEXT(2) 
PARAMETRIC_REPRESENTATION_CONTEXT() REPRESENTATION_CONTEXT('2D SPACE',''
  ) );
#5005 = ORIENTED_EDGE('',*,*,#3641,.F.);
#5006 = ORIENTED_EDGE('',*,*,#3607,.T.);
#5007 = ORIENTED_EDGE('',*,*,#3564,.T.);
#5008 = ORIENTED_EDGE('',*,*,#4315,.F.);
#5009 = ORIENTED_EDGE('',*,*,#4510,.F.);
#5010 = ORIENTED_EDGE('',*,*,#5011,.T.);
#5011 = EDGE_CURVE('',#4511,#5012,#5014,.T.);
#5012 = VERTEX_POINT('',#5013);
#5013 = CARTESIAN_POINT('',(196.10564357609,12.835845574618,
    -117.846642999));
#5014 = SEAM_CURVE('',#5015,(#5019,#5026),.PCURVE_S1.);
#5015 = LINE('',#5016,#5017);
#5016 = CARTESIAN_POINT('',(196.10564357609,12.835845574618,
    -117.846642999));
#5017 = VECTOR('',#5018,1.);
#5018 = DIRECTION('',(-9.676230951902E-18,-8.715574021868E-02,
    -0.996194698313));
#5019 = PCURVE('',#3590,#5020);
#5020 = DEFINITIONAL_REPRESENTATION('',(#5021),#5025);
#5021 = LINE('',#5022,#5023);
#5022 = CARTESIAN_POINT('',(6.28318530718,-11.88327843303));
#5023 = VECTOR('',#5024,1.);
#5024 = DIRECTION('',(0.,-1.));
#5025 = ( GEOMETRIC_REPRESENTATION_CONTEXT(2) 
PARAMETRIC_REPRESENTATION_CONTEXT() REPRESENTATION_CONTEXT('2D SPACE',''
  ) );
#5026 = PCURVE('',#3590,#5027);
#5027 = DEFINITIONAL_REPRESENTATION('',(#5028),#5032);
#5028 = LINE('',#5029,#5030);
#5029 = CARTESIAN_POINT('',(0.,-11.88327843303));
#5030 = VECTOR('',#5031,1.);
#5031 = DIRECTION('',(0.,-1.));
#5032 = ( GEOMETRIC_REPRESENTATION_CONTEXT(2) 
PARAMETRIC_REPRESENTATION_CONTEXT() REPRESENTATION_CONTEXT('2D SPACE',''
  ) );
#5033 = ORIENTED_EDGE('',*,*,#5034,.T.);
#5034 = EDGE_CURVE('',#5012,#5012,#5035,.T.);
#5035 = SURFACE_CURVE('',#5036,(#5041,#5048),.PCURVE_S1.);
#5036 = CIRCLE('',#5037,12.835845574618);
#5037 = AXIS2_PLACEMENT_3D('',#5038,#5039,#5040);
#5038 = CARTESIAN_POINT('',(196.10564357609,3.944304526105E-31,
    -117.846642999));
#5039 = DIRECTION('',(0.,0.,1.));
#5040 = DIRECTION('',(-1.,1.110223024625E-16,0.));
#5041 = PCURVE('',#3590,#5042);
#5042 = DEFINITIONAL_REPRESENTATION('',(#5043),#5047);
#5043 = LINE('',#5044,#5045);
#5044 = CARTESIAN_POINT('',(-4.712388980385,-11.88327843303));
#5045 = VECTOR('',#5046,1.);
#5046 = DIRECTION('',(1.,0.));
#5047 = ( GEOMETRIC_REPRESENTATION_CONTEXT(2) 
PARAMETRIC_REPRESENTATION_CONTEXT() REPRESENTATION_CONTEXT('2D SPACE',''
  ) );
#5048 = PCURVE('',#5049,#5054);
#5049 = PLANE('',#5050);
#5050 = AXIS2_PLACEMENT_3D('',#5051,#5052,#5053);
#5051 = CARTESIAN_POINT('',(196.10564357609,3.944304526105E-31,
    -117.846642999));
#5052 = DIRECTION('',(0.,0.,-1.));
#5053 = DIRECTION('',(-1.110223024625E-16,-1.,-0.));
#5054 = DEFINITIONAL_REPRESENTATION('',(#5055),#5063);
#5055 = ( BOUNDED_CURVE() B_SPLINE_CURVE(2,(#5056,#5057,#5058,#5059,
#5060,#5061,#5062),.UNSPECIFIED.,.T.,.F.) B_SPLINE_CURVE_WITH_KNOTS((1,2
    ,2,2,2,1),(-2.094395102393,0.,2.094395102393,4.188790204786,
6.28318530718,8.377580409573),.UNSPECIFIED.) CURVE() 
GEOMETRIC_REPRESENTATION_ITEM() RATIONAL_B_SPLINE_CURVE((1.,0.5,1.,0.5,
1.,0.5,1.)) REPRESENTATION_ITEM('') );
#5056 = CARTESIAN_POINT('',(0.,12.835845574618));
#5057 = CARTESIAN_POINT('',(22.232336693347,12.835845574618));
#5058 = CARTESIAN_POINT('',(11.116168346674,-6.417922787309));
#5059 = CARTESIAN_POINT('',(3.143875439461E-15,-25.67169114923));
#5060 = CARTESIAN_POINT('',(-11.11616834667,-6.417922787309));
#5061 = CARTESIAN_POINT('',(-22.23233669334,12.835845574618));
#5062 = CARTESIAN_POINT('',(0.,12.835845574618));
#5063 = ( GEOMETRIC_REPRESENTATION_CONTEXT(2) 
PARAMETRIC_REPRESENTATION_CONTEXT() REPRESENTATION_CONTEXT('2D SPACE',''
  ) );
#5064 = ORIENTED_EDGE('',*,*,#5011,.F.);
#5065 = ORIENTED_EDGE('',*,*,#4584,.F.);
#5066 = ORIENTED_EDGE('',*,*,#5067,.F.);
#5067 = EDGE_CURVE('',#4482,#4585,#5068,.T.);
#5068 = SURFACE_CURVE('',#5069,(#5184,#5302),.PCURVE_S1.);
#5069 = B_SPLINE_CURVE_WITH_KNOTS('',8,(#5070,#5071,#5072,#5073,#5074,
    #5075,#5076,#5077,#5078,#5079,#5080,#5081,#5082,#5083,#5084,#5085,
    #5086,#5087,#5088,#5089,#5090,#5091,#5092,#5093,#5094,#5095,#5096,
    #5097,#5098,#5099,#5100,#5101,#5102,#5103,#5104,#5105,#5106,#5107,
    #5108,#5109,#5110,#5111,#5112,#5113,#5114,#5115,#5116,#5117,#5118,
    #5119,#5120,#5121,#5122,#5123,#5124,#5125,#5126,#5127,#5128,#5129,
    #5130,#5131,#5132,#5133,#5134,#5135,#5136,#5137,#5138,#5139,#5140,
    #5141,#5142,#5143,#5144,#5145,#5146,#5147,#5148,#5149,#5150,#5151,
    #5152,#5153,#5154,#5155,#5156,#5157,#5158,#5159,#5160,#5161,#5162,
    #5163,#5164,#5165,#5166,#5167,#5168,#5169,#5170,#5171,#5172,#5173,
    #5174,#5175,#5176,#5177,#5178,#5179,#5180,#5181,#5182,#5183),
  .UNSPECIFIED.,.F.,.F.,(9,7,7,7,7,7,7,7,7,7,7,7,7,7,7,7,9),(0.,
    0.117046153574,0.189913837975,0.262763524787,0.3615808177,
    0.44647109286,0.477440329849,0.501430572084,0.519840208489,
    0.562577564747,0.629969981374,0.724468204062,0.767693677798,
    0.808042051162,0.871036128377,0.922336314174,1.),.UNSPECIFIED.);
#5070 = CARTESIAN_POINT('',(209.68476349964,-2.852531913937,
    -105.963364566));
#5071 = CARTESIAN_POINT('',(209.67997264466,-2.847741059318,
    -106.0282121655));
#5072 = CARTESIAN_POINT('',(209.67527012742,-2.841350621907,
    -106.0958163028));
#5073 = CARTESIAN_POINT('',(209.67064680746,-2.833113138376,
    -106.1668496248));
#5074 = CARTESIAN_POINT('',(209.66611489037,-2.822571435197,
    -106.2421847812));
#5075 = CARTESIAN_POINT('',(209.661692366,-2.809382004491,
    -106.3224277098));
#5076 = CARTESIAN_POINT('',(209.65743725084,-2.792492117674,
    -106.4091695595));
#5077 = CARTESIAN_POINT('',(209.65340557487,-2.771201115255,
    -106.5033435273));
#5078 = CARTESIAN_POINT('',(209.64747474844,-2.724473016972,
    -106.6757791041));
#5079 = CARTESIAN_POINT('',(209.6453421083,-2.703606780068,-106.74672556
    ));
#5080 = CARTESIAN_POINT('',(209.64334520181,-2.678682358823,
    -106.8249076751));
#5081 = CARTESIAN_POINT('',(209.64159587111,-2.648494617906,
    -106.9115345741));
#5082 = CARTESIAN_POINT('',(209.64027679718,-2.611834243174,
    -107.0066733551));
#5083 = CARTESIAN_POINT('',(209.63965081695,-2.567775907858,
    -107.1088097864));
#5084 = CARTESIAN_POINT('',(209.63990370446,-2.516143869633,
    -107.2142411977));
#5085 = CARTESIAN_POINT('',(209.64167698684,-2.409594848409,
    -107.4123226309));
#5086 = CARTESIAN_POINT('',(209.64316093131,-2.35685523078,
    -107.5009282237));
#5087 = CARTESIAN_POINT('',(209.64501141316,-2.304712928893,
    -107.5816314045));
#5088 = CARTESIAN_POINT('',(209.64711197265,-2.253402096808,
    -107.6553605623));
#5089 = CARTESIAN_POINT('',(209.64936644833,-2.20294753811,
    -107.7233328101));
#5090 = CARTESIAN_POINT('',(209.65173394867,-2.153151715876,
    -107.7865117514));
#5091 = CARTESIAN_POINT('',(209.65419787318,-2.103527467033,
    -107.8460357793));
#5092 = CARTESIAN_POINT('',(209.660279083,-1.984863803514,-107.980494331
    ));
#5093 = CARTESIAN_POINT('',(209.6639298006,-1.916464544519,
    -108.0519405041));
#5094 = CARTESIAN_POINT('',(209.66768579566,-1.847372276924,
    -108.1189287848));
#5095 = CARTESIAN_POINT('',(209.67152009709,-1.777214170829,
    -108.1821727351));
#5096 = CARTESIAN_POINT('',(209.67541213139,-1.705611188881,
    -108.2421897125));
#5097 = CARTESIAN_POINT('',(209.67934574525,-1.632128871825,
    -108.2994107422));
#5098 = CARTESIAN_POINT('',(209.68330995391,-1.556238786331,
    -108.3541319254));
#5099 = CARTESIAN_POINT('',(209.69071951249,-1.409145633336,
    -108.4517181606));
#5100 = CARTESIAN_POINT('',(209.69415177566,-1.338935071149,
    -108.4950673223));
#5101 = CARTESIAN_POINT('',(209.69758921075,-1.26595343621,
    -108.5368833673));
#5102 = CARTESIAN_POINT('',(209.70102439034,-1.189510149231,
    -108.577262349));
#5103 = CARTESIAN_POINT('',(209.70444769041,-1.109029025697,
    -108.6162478608));
#5104 = CARTESIAN_POINT('',(209.70784054174,-1.023200508215,
    -108.6537798888));
#5105 = CARTESIAN_POINT('',(209.71118278373,-0.930968316262,
    -108.6897784528));
#5106 = CARTESIAN_POINT('',(209.71561602684,-0.790997736163,
    -108.7364108549));
#5107 = CARTESIAN_POINT('',(209.71678701044,-0.752247913788,
    -108.7486161674));
#5108 = CARTESIAN_POINT('',(209.71794267546,-0.711976815126,
    -108.7605563611));
#5109 = CARTESIAN_POINT('',(209.71907979297,-0.669935243116,
    -108.7722060116));
#5110 = CARTESIAN_POINT('',(209.7201936548,-0.625857242802,
    -108.7835252558));
#5111 = CARTESIAN_POINT('',(209.72127772432,-0.579429142692,
    -108.7944573044));
#5112 = CARTESIAN_POINT('',(209.72232243955,-0.530180617761,
    -108.8049176058));
#5113 = CARTESIAN_POINT('',(209.72408062374,-0.436332192052,
    -108.8224103052));
#5114 = CARTESIAN_POINT('',(209.72480800616,-0.393576264059,
    -108.8296076289));
#5115 = CARTESIAN_POINT('',(209.72549729859,-0.348326604478,
    -108.8363941946));
#5116 = CARTESIAN_POINT('',(209.7261387958,-0.299974417458,
    -108.8426803817));
#5117 = CARTESIAN_POINT('',(209.72671381228,-0.248126269513,
    -108.8482900569));
#5118 = CARTESIAN_POINT('',(209.727192335,-0.1925452473,-108.8529419453)
  );
#5119 = CARTESIAN_POINT('',(209.72753523964,-0.133241707452,
    -108.856270115));
#5120 = CARTESIAN_POINT('',(209.72784531079,-2.3312635154E-02,
    -108.8592779468));
#5121 = CARTESIAN_POINT('',(209.72788169621,2.616560360376E-02,
    -108.8596293477));
#5122 = CARTESIAN_POINT('',(209.72780028813,7.542338087858E-02,
    -108.8588410029));
#5123 = CARTESIAN_POINT('',(209.72760873051,0.12323798734,
    -108.8569855959));
#5124 = CARTESIAN_POINT('',(209.72732659778,0.168942659835,
    -108.8542483664));
#5125 = CARTESIAN_POINT('',(209.7269746381,0.212282216986,
    -108.8508250004));
#5126 = CARTESIAN_POINT('',(209.72656853009,0.253314184986,
    -108.8468627271));
#5127 = CARTESIAN_POINT('',(209.72506930786,0.382988317305,
    -108.8321880948));
#5128 = CARTESIAN_POINT('',(209.72378699458,0.462101075762,
    -108.8195661934));
#5129 = CARTESIAN_POINT('',(209.72238204855,0.53432076068,
    -108.8056170299));
#5130 = CARTESIAN_POINT('',(209.7208894186,0.600279123613,
    -108.7906468071));
#5131 = CARTESIAN_POINT('',(209.71935250417,0.661592328395,
    -108.7750618129));
#5132 = CARTESIAN_POINT('',(209.71777849854,0.718899876343,
    -108.7589193633));
#5133 = CARTESIAN_POINT('',(209.71617420741,0.773190323808,
    -108.7422708404));
#5134 = CARTESIAN_POINT('',(209.7119309331,0.90761964572,-108.6976652598
    ));
#5135 = CARTESIAN_POINT('',(209.70927255939,0.983248805351,
    -108.6691831186));
#5136 = CARTESIAN_POINT('',(209.70657585351,1.054228427659,
    -108.6396787269));
#5137 = CARTESIAN_POINT('',(209.70385434256,1.12142691154,-108.609224183
    ));
#5138 = CARTESIAN_POINT('',(209.70111804448,1.185481912982,
    -108.5778566733));
#5139 = CARTESIAN_POINT('',(209.69837437421,1.246941080601,
    -108.5455829369));
#5140 = CARTESIAN_POINT('',(209.69562747527,1.306170854289,
    -108.5123663255));
#5141 = CARTESIAN_POINT('',(209.68902719556,1.443995543754,
    -108.4301275993));
#5142 = CARTESIAN_POINT('',(209.68517935528,1.520661487829,
    -108.3801999928));
#5143 = CARTESIAN_POINT('',(209.68134700454,1.594461246416,
    -108.3281954368));
#5144 = CARTESIAN_POINT('',(209.67754059324,1.665966038669,
    -108.2739202287));
#5145 = CARTESIAN_POINT('',(209.67377230783,1.735625912462,
    -108.2171037976));
#5146 = CARTESIAN_POINT('',(209.67005629094,1.803830417,-108.1574046449)
  );
#5147 = CARTESIAN_POINT('',(209.66640969219,1.870936089501,
    -108.0943483047));
#5148 = CARTESIAN_POINT('',(209.66123209675,1.967791375819,
    -107.9963196886));
#5149 = CARTESIAN_POINT('',(209.65962727177,1.998042724871,
    -107.9646860062));
#5150 = CARTESIAN_POINT('',(209.65804504868,2.028192401523,
    -107.9320988377));
#5151 = CARTESIAN_POINT('',(209.65648841381,2.058280067113,
    -107.8984694988));
#5152 = CARTESIAN_POINT('',(209.65496117353,2.088343871322,
    -107.8636965284));
#5153 = CARTESIAN_POINT('',(209.65346822519,2.118424723293,
    -107.8276546834));
#5154 = CARTESIAN_POINT('',(209.65201582798,2.148570562737,
    -107.7901839342));
#5155 = CARTESIAN_POINT('',(209.64930138887,2.207095771985,
    -107.7145757471));
#5156 = CARTESIAN_POINT('',(209.64803530441,2.23541638357,
    -107.6767008797));
#5157 = CARTESIAN_POINT('',(209.64681796499,2.263890586791,
    -107.6372406139));
#5158 = CARTESIAN_POINT('',(209.64565791159,2.292577585905,
    -107.5959729901));
#5159 = CARTESIAN_POINT('',(209.64456754915,2.321509771264,
    -107.5526757027));
#5160 = CARTESIAN_POINT('',(209.64356369898,2.350698830231,
    -107.5071139942));
#5161 = CARTESIAN_POINT('',(209.64266903594,2.380145866188,
    -107.4590080747));
#5162 = CARTESIAN_POINT('',(209.64073628171,2.456239704637,
    -107.3283122654));
#5163 = CARTESIAN_POINT('',(209.63982222222,2.506314690078,
    -107.2362829754));
#5164 = CARTESIAN_POINT('',(209.63953622364,2.553691011411,
    -107.1400243675));
#5165 = CARTESIAN_POINT('',(209.63999753692,2.595470281178,
    -107.0450749376));
#5166 = CARTESIAN_POINT('',(209.64106022955,2.631287071705,
    -106.955084123));
#5167 = CARTESIAN_POINT('',(209.64253734339,2.66133491736,
    -106.8722127433));
#5168 = CARTESIAN_POINT('',(209.64423554755,2.686286795158,
    -106.7976457677));
#5169 = CARTESIAN_POINT('',(209.6474633316,2.723691953374,
    -106.6776544667));
#5170 = CARTESIAN_POINT('',(209.64902878211,2.738343362014,
    -106.627032512));
#5171 = CARTESIAN_POINT('',(209.65068446733,2.751299650915,
    -106.5790611897));
#5172 = CARTESIAN_POINT('',(209.65241220339,2.762845643,-106.5333664997)
  );
#5173 = CARTESIAN_POINT('',(209.65419901169,2.77318284448,
    -106.4896770855));
#5174 = CARTESIAN_POINT('',(209.65603529517,2.782474195591,
    -106.4477592025));
#5175 = CARTESIAN_POINT('',(209.65791421804,2.790859376439,
    -106.4073947424));
#5176 = CARTESIAN_POINT('',(209.66273603894,2.809918233942,
    -106.3093714567));
#5177 = CARTESIAN_POINT('',(209.66572498718,2.819544614974,
    -106.2535587998));
#5178 = CARTESIAN_POINT('',(209.66878218452,2.82768408519,
    -106.2003745686));
#5179 = CARTESIAN_POINT('',(209.67189552863,2.834573748486,
    -106.1494381307));
#5180 = CARTESIAN_POINT('',(209.67505611684,2.84038121382,
    -106.1004781514));
#5181 = CARTESIAN_POINT('',(209.67825723383,2.845240007829,
    -106.0532712577));
#5182 = CARTESIAN_POINT('',(209.68149397416,2.849262724795,
    -106.0076192076));
#5183 = CARTESIAN_POINT('',(209.68476349964,2.852531913937,
    -105.963364566));
#5184 = PCURVE('',#3590,#5185);
#5185 = DEFINITIONAL_REPRESENTATION('',(#5186),#5301);
#5186 = B_SPLINE_CURVE_WITH_KNOTS('',8,(#5187,#5188,#5189,#5190,#5191,
    #5192,#5193,#5194,#5195,#5196,#5197,#5198,#5199,#5200,#5201,#5202,
    #5203,#5204,#5205,#5206,#5207,#5208,#5209,#5210,#5211,#5212,#5213,
    #5214,#5215,#5216,#5217,#5218,#5219,#5220,#5221,#5222,#5223,#5224,
    #5225,#5226,#5227,#5228,#5229,#5230,#5231,#5232,#5233,#5234,#5235,
    #5236,#5237,#5238,#5239,#5240,#5241,#5242,#5243,#5244,#5245,#5246,
    #5247,#5248,#5249,#5250,#5251,#5252,#5253,#5254,#5255,#5256,#5257,
    #5258,#5259,#5260,#5261,#5262,#5263,#5264,#5265,#5266,#5267,#5268,
    #5269,#5270,#5271,#5272,#5273,#5274,#5275,#5276,#5277,#5278,#5279,
    #5280,#5281,#5282,#5283,#5284,#5285,#5286,#5287,#5288,#5289,#5290,
    #5291,#5292,#5293,#5294,#5295,#5296,#5297,#5298,#5299,#5300),
  .UNSPECIFIED.,.F.,.F.,(9,7,7,7,7,7,7,7,7,7,7,7,7,7,7,7,9),(0.,
    0.117046153574,0.189913837975,0.262763524787,0.3615808177,
    0.44647109286,0.477440329849,0.501430572084,0.519840208489,
    0.562577564747,0.629969981374,0.724468204062,0.767693677798,
    0.808042051162,0.871036128377,0.922336314174,1.),.UNSPECIFIED.);
#5187 = CARTESIAN_POINT('',(4.505332128231,0.));
#5188 = CARTESIAN_POINT('',(4.505599045975,-6.484759952555E-02));
#5189 = CARTESIAN_POINT('',(4.505980343966,-0.132451736765));
#5190 = CARTESIAN_POINT('',(4.506493521509,-0.203485058764));
#5191 = CARTESIAN_POINT('',(4.507171374623,-0.278820215203));
#5192 = CARTESIAN_POINT('',(4.508038626096,-0.359063143813));
#5193 = CARTESIAN_POINT('',(4.509171368617,-0.445804993517));
#5194 = CARTESIAN_POINT('',(4.51062047913,-0.539978961292));
#5195 = CARTESIAN_POINT('',(4.513849501056,-0.712414538134));
#5196 = CARTESIAN_POINT('',(4.515300000142,-0.783360994002));
#5197 = CARTESIAN_POINT('',(4.517041969678,-0.861543109073));
#5198 = CARTESIAN_POINT('',(4.519163402398,-0.948170008056));
#5199 = CARTESIAN_POINT('',(4.521754177552,-1.043308789135));
#5200 = CARTESIAN_POINT('',(4.52488559253,-1.1454452204));
#5201 = CARTESIAN_POINT('',(4.528575792104,-1.250876631727));
#5202 = CARTESIAN_POINT('',(4.536218605988,-1.448958064932));
#5203 = CARTESIAN_POINT('',(4.540015032728,-1.537563657662));
#5204 = CARTESIAN_POINT('',(4.54377802672,-1.618266838499));
#5205 = CARTESIAN_POINT('',(4.547488688934,-1.691995996259));
#5206 = CARTESIAN_POINT('',(4.551143346939,-1.759968244122));
#5207 = CARTESIAN_POINT('',(4.554755257068,-1.823147185387));
#5208 = CARTESIAN_POINT('',(4.558358959724,-1.882671213317));
#5209 = CARTESIAN_POINT('',(4.566985649672,-2.017129765011));
#5210 = CARTESIAN_POINT('',(4.571965380285,-2.088575938094));
#5211 = CARTESIAN_POINT('',(4.577001329784,-2.155564218815));
#5212 = CARTESIAN_POINT('',(4.582119964683,-2.218808169049));
#5213 = CARTESIAN_POINT('',(4.587348446426,-2.278825146453));
#5214 = CARTESIAN_POINT('',(4.592718125208,-2.336046176143));
#5215 = CARTESIAN_POINT('',(4.598267423097,-2.390767359396));
#5216 = CARTESIAN_POINT('',(4.609029740676,-2.488353594548));
#5217 = CARTESIAN_POINT('',(4.61416927224,-2.531702756341));
#5218 = CARTESIAN_POINT('',(4.619513916805,-2.573518801266));
#5219 = CARTESIAN_POINT('',(4.625114227686,-2.613897783032));
#5220 = CARTESIAN_POINT('',(4.631012398986,-2.652883294751));
#5221 = CARTESIAN_POINT('',(4.637304494173,-2.690415322797));
#5222 = CARTESIAN_POINT('',(4.644067998713,-2.726413886806));
#5223 = CARTESIAN_POINT('',(4.654335092037,-2.773046288881));
#5224 = CARTESIAN_POINT('',(4.657177713329,-2.785251601407));
#5225 = CARTESIAN_POINT('',(4.660132183111,-2.797191795124));
#5226 = CARTESIAN_POINT('',(4.663216794934,-2.8088414456));
#5227 = CARTESIAN_POINT('',(4.666451074529,-2.82016068982));
#5228 = CARTESIAN_POINT('',(4.669858051499,-2.831092738428));
#5229 = CARTESIAN_POINT('',(4.673472255391,-2.841553039826));
#5230 = CARTESIAN_POINT('',(4.680359984573,-2.859045739214));
#5231 = CARTESIAN_POINT('',(4.683498078231,-2.866243062847));
#5232 = CARTESIAN_POINT('',(4.686819343278,-2.873029628596));
#5233 = CARTESIAN_POINT('',(4.690368472627,-2.879315815677));
#5234 = CARTESIAN_POINT('',(4.694174355105,-2.884925490897));
#5235 = CARTESIAN_POINT('',(4.698254381906,-2.889577379312));
#5236 = CARTESIAN_POINT('',(4.702607771315,-2.89290554896));
#5237 = CARTESIAN_POINT('',(4.710677596287,-2.895913380753));
#5238 = CARTESIAN_POINT('',(4.714309791341,-2.89626478171));
#5239 = CARTESIAN_POINT('',(4.717925807479,-2.895476436884));
#5240 = CARTESIAN_POINT('',(4.721435853568,-2.893621029892));
#5241 = CARTESIAN_POINT('',(4.724790958319,-2.890883800424));
#5242 = CARTESIAN_POINT('',(4.727972379159,-2.887460434437));
#5243 = CARTESIAN_POINT('',(4.730984339412,-2.883498161078));
#5244 = CARTESIAN_POINT('',(4.740502846856,-2.868823528826));
#5245 = CARTESIAN_POINT('',(4.746309561314,-2.856201627413));
#5246 = CARTESIAN_POINT('',(4.751609882873,-2.842252463919));
#5247 = CARTESIAN_POINT('',(4.756450208538,-2.827282241065));
#5248 = CARTESIAN_POINT('',(4.760949201312,-2.811697246933));
#5249 = CARTESIAN_POINT('',(4.765153822072,-2.795554797276));
#5250 = CARTESIAN_POINT('',(4.769136637213,-2.778906274362));
#5251 = CARTESIAN_POINT('',(4.778997333861,-2.734300693809));
#5252 = CARTESIAN_POINT('',(4.78454369399,-2.705818552594));
#5253 = CARTESIAN_POINT('',(4.789747892455,-2.676314160931));
#5254 = CARTESIAN_POINT('',(4.794673655024,-2.645859617041));
#5255 = CARTESIAN_POINT('',(4.799367759833,-2.614492107329));
#5256 = CARTESIAN_POINT('',(4.803870366388,-2.582218370853));
#5257 = CARTESIAN_POINT('',(4.808208313915,-2.549001759465));
#5258 = CARTESIAN_POINT('',(4.818299126078,-2.466763033278));
#5259 = CARTESIAN_POINT('',(4.823909360562,-2.416835426789));
#5260 = CARTESIAN_POINT('',(4.829306858802,-2.364830870811));
#5261 = CARTESIAN_POINT('',(4.834533291032,-2.310555662738));
#5262 = CARTESIAN_POINT('',(4.839621340653,-2.253739231587));
#5263 = CARTESIAN_POINT('',(4.844599163266,-2.194040078938));
#5264 = CARTESIAN_POINT('',(4.849492337478,-2.130983738701));
#5265 = CARTESIAN_POINT('',(4.856547032021,-2.032955122641));
#5266 = CARTESIAN_POINT('',(4.858749343143,-2.001321440208));
#5267 = CARTESIAN_POINT('',(4.860943051708,-1.968734271677));
#5268 = CARTESIAN_POINT('',(4.863130960416,-1.935104932823));
#5269 = CARTESIAN_POINT('',(4.865315742625,-1.900331962388));
#5270 = CARTESIAN_POINT('',(4.867500243589,-1.864290117352));
#5271 = CARTESIAN_POINT('',(4.869687781703,-1.826819368212));
#5272 = CARTESIAN_POINT('',(4.873931029273,-1.751211181059));
#5273 = CARTESIAN_POINT('',(4.875982715869,-1.713336313675));
#5274 = CARTESIAN_POINT('',(4.878043741183,-1.673876047913));
#5275 = CARTESIAN_POINT('',(4.880118176237,-1.632608424117));
#5276 = CARTESIAN_POINT('',(4.88220809634,-1.589311136666));
#5277 = CARTESIAN_POINT('',(4.884314015915,-1.54374942822));
#5278 = CARTESIAN_POINT('',(4.886435593279,-1.495643508714));
#5279 = CARTESIAN_POINT('',(4.891909012953,-1.364947699346));
#5280 = CARTESIAN_POINT('',(4.895502476173,-1.272918409343));
#5281 = CARTESIAN_POINT('',(4.898889284087,-1.176659801468));
#5282 = CARTESIAN_POINT('',(4.90186141049,-1.081710371584));
#5283 = CARTESIAN_POINT('',(4.90439688529,-0.991719557005));
#5284 = CARTESIAN_POINT('',(4.906513332022,-0.908848177312));
#5285 = CARTESIAN_POINT('',(4.908262564098,-0.834281201645));
#5286 = CARTESIAN_POINT('',(4.91087306927,-0.714289900713));
#5287 = CARTESIAN_POINT('',(4.91189040366,-0.663667945986));
#5288 = CARTESIAN_POINT('',(4.91278546803,-0.615696623662));
#5289 = CARTESIAN_POINT('',(4.913578931652,-0.570001933721));
#5290 = CARTESIAN_POINT('',(4.91428540924,-0.526312519539));
#5291 = CARTESIAN_POINT('',(4.914916697652,-0.48439463653));
#5292 = CARTESIAN_POINT('',(4.915482884022,-0.444030176369));
#5293 = CARTESIAN_POINT('',(4.916761072802,-0.346006890657));
#5294 = CARTESIAN_POINT('',(4.917397928169,-0.29019423377));
#5295 = CARTESIAN_POINT('',(4.917928171271,-0.237010002615));
#5296 = CARTESIAN_POINT('',(4.918368914809,-0.186073564654));
#5297 = CARTESIAN_POINT('',(4.918732253838,-0.137113585388));
#5298 = CARTESIAN_POINT('',(4.919027813957,-8.990669170727E-02));
#5299 = CARTESIAN_POINT('',(4.919263698187,-4.42546415706E-02));
#5300 = CARTESIAN_POINT('',(4.919445832538,0.));
#5301 = ( GEOMETRIC_REPRESENTATION_CONTEXT(2) 
PARAMETRIC_REPRESENTATION_CONTEXT() REPRESENTATION_CONTEXT('2D SPACE',''
  ) );
#5302 = PCURVE('',#4844,#5303);
#5303 = DEFINITIONAL_REPRESENTATION('',(#5304),#5419);
#5304 = B_SPLINE_CURVE_WITH_KNOTS('',8,(#5305,#5306,#5307,#5308,#5309,
    #5310,#5311,#5312,#5313,#5314,#5315,#5316,#5317,#5318,#5319,#5320,
    #5321,#5322,#5323,#5324,#5325,#5326,#5327,#5328,#5329,#5330,#5331,
    #5332,#5333,#5334,#5335,#5336,#5337,#5338,#5339,#5340,#5341,#5342,
    #5343,#5344,#5345,#5346,#5347,#5348,#5349,#5350,#5351,#5352,#5353,
    #5354,#5355,#5356,#5357,#5358,#5359,#5360,#5361,#5362,#5363,#5364,
    #5365,#5366,#5367,#5368,#5369,#5370,#5371,#5372,#5373,#5374,#5375,
    #5376,#5377,#5378,#5379,#5380,#5381,#5382,#5383,#5384,#5385,#5386,
    #5387,#5388,#5389,#5390,#5391,#5392,#5393,#5394,#5395,#5396,#5397,
    #5398,#5399,#5400,#5401,#5402,#5403,#5404,#5405,#5406,#5407,#5408,
    #5409,#5410,#5411,#5412,#5413,#5414,#5415,#5416,#5417,#5418),
  .UNSPECIFIED.,.F.,.F.,(9,7,7,7,7,7,7,7,7,7,7,7,7,7,7,7,9),(0.,
    0.117046153574,0.189913837975,0.262763524787,0.3615808177,
    0.44647109286,0.477440329849,0.501430572084,0.519840208489,
    0.562577564747,0.629969981374,0.724468204062,0.767693677798,
    0.808042051162,0.871036128377,0.922336314174,1.),.UNSPECIFIED.);
#5305 = CARTESIAN_POINT('',(3.14159265359,0.743275646704));
#5306 = CARTESIAN_POINT('',(3.164326001185,0.738484791724));
#5307 = CARTESIAN_POINT('',(3.188113293645,0.733782274488));
#5308 = CARTESIAN_POINT('',(3.21321006174,0.729158954515));
#5309 = CARTESIAN_POINT('',(3.239962725836,0.724627037457));
#5310 = CARTESIAN_POINT('',(3.268610437166,0.720204513045));
#5311 = CARTESIAN_POINT('',(3.299813731648,0.715949397915));
#5312 = CARTESIAN_POINT('',(3.333964674499,0.711917721932));
#5313 = CARTESIAN_POINT('',(3.397338288474,0.705986895502));
#5314 = CARTESIAN_POINT('',(3.423590941406,0.703854255369));
#5315 = CARTESIAN_POINT('',(3.452742249947,0.701857348862));
#5316 = CARTESIAN_POINT('',(3.485347372538,0.700108018183));
#5317 = CARTESIAN_POINT('',(3.521605515266,0.698788944243));
#5318 = CARTESIAN_POINT('',(3.561157430593,0.69816296402));
#5319 = CARTESIAN_POINT('',(3.602941164493,0.698415851526));
#5320 = CARTESIAN_POINT('',(3.683022405497,0.700189133907));
#5321 = CARTESIAN_POINT('',(3.719684500502,0.701673078376));
#5322 = CARTESIAN_POINT('',(3.753815730882,0.703523560223));
#5323 = CARTESIAN_POINT('',(3.785694233557,0.705624119724));
#5324 = CARTESIAN_POINT('',(3.815714697797,0.707878595388));
#5325 = CARTESIAN_POINT('',(3.844220029051,0.710246095743));
#5326 = CARTESIAN_POINT('',(3.871660277932,0.712710020249));
#5327 = CARTESIAN_POINT('',(3.935114497712,0.718791230064));
#5328 = CARTESIAN_POINT('',(3.970028018257,0.722441947664));
#5329 = CARTESIAN_POINT('',(4.00393340982,0.726197942721));
#5330 = CARTESIAN_POINT('',(4.03715396681,0.73003224416));
#5331 = CARTESIAN_POINT('',(4.069961493821,0.733924278453));
#5332 = CARTESIAN_POINT('',(4.1026206925,0.737857892312));
#5333 = CARTESIAN_POINT('',(4.135389563842,0.741822100972));
#5334 = CARTESIAN_POINT('',(4.197162213944,0.749231659558));
#5335 = CARTESIAN_POINT('',(4.225984033129,0.752663922725));
#5336 = CARTESIAN_POINT('',(4.255313107506,0.756101357805));
#5337 = CARTESIAN_POINT('',(4.28541350083,0.759536537411));
#5338 = CARTESIAN_POINT('',(4.316499255437,0.762959837474));
#5339 = CARTESIAN_POINT('',(4.349027839903,0.766352688806));
#5340 = CARTESIAN_POINT('',(4.38336472422,0.769694930797));
#5341 = CARTESIAN_POINT('',(4.434529629852,0.774128175107));
#5342 = CARTESIAN_POINT('',(4.448611294087,0.77529915683));
#5343 = CARTESIAN_POINT('',(4.463162403561,0.776454822708));
#5344 = CARTESIAN_POINT('',(4.478268092637,0.777591941165));
#5345 = CARTESIAN_POINT('',(4.494018556468,0.778705802103));
#5346 = CARTESIAN_POINT('',(4.510520065048,0.77978987078));
#5347 = CARTESIAN_POINT('',(4.52793294379,0.780834587852));
#5348 = CARTESIAN_POINT('',(4.560947726848,0.782592772261));
#5349 = CARTESIAN_POINT('',(4.575936068515,0.783320152498));
#5350 = CARTESIAN_POINT('',(4.591747303661,0.784009445889));
#5351 = CARTESIAN_POINT('',(4.608590852287,0.784650944126));
#5352 = CARTESIAN_POINT('',(4.626599567921,0.78522595963));
#5353 = CARTESIAN_POINT('',(4.645855034212,0.785704481486));
#5354 = CARTESIAN_POINT('',(4.666361397012,0.786047388056));
#5355 = CARTESIAN_POINT('',(4.704341287738,0.786357459653));
#5356 = CARTESIAN_POINT('',(4.72142525387,0.786393841866));
#5357 = CARTESIAN_POINT('',(4.738431166224,0.7863124346));
#5358 = CARTESIAN_POINT('',(4.754948819794,0.786120878616));
#5359 = CARTESIAN_POINT('',(4.770756991874,0.785838745196));
#5360 = CARTESIAN_POINT('',(4.785771074139,0.785486784131));
#5361 = CARTESIAN_POINT('',(4.80001062407,0.785080677622));
#5362 = CARTESIAN_POINT('',(4.845103417656,0.783581454924));
#5363 = CARTESIAN_POINT('',(4.872768297424,0.782299141653));
#5364 = CARTESIAN_POINT('',(4.898187140895,0.780894195608));
#5365 = CARTESIAN_POINT('',(4.921567705889,0.779401565676));
#5366 = CARTESIAN_POINT('',(4.943458005184,0.777864651227));
#5367 = CARTESIAN_POINT('',(4.96407111619,0.776290645607));
#5368 = CARTESIAN_POINT('',(4.98374750969,0.774686354478));
#5369 = CARTESIAN_POINT('',(5.03286562034,0.770443080167));
#5370 = CARTESIAN_POINT('',(5.060897689425,0.767784706458));
#5371 = CARTESIAN_POINT('',(5.087583775445,0.76508800058));
#5372 = CARTESIAN_POINT('',(5.113222263867,0.762366489629));
#5373 = CARTESIAN_POINT('',(5.138034734604,0.759630191546));
#5374 = CARTESIAN_POINT('',(5.162215146,0.75688652128));
#5375 = CARTESIAN_POINT('',(5.185900068798,0.754139622336));
#5376 = CARTESIAN_POINT('',(5.241957248106,0.74753934263));
#5377 = CARTESIAN_POINT('',(5.273936927082,0.743691502351));
#5378 = CARTESIAN_POINT('',(5.305531913242,0.739859151607));
#5379 = CARTESIAN_POINT('',(5.336990581096,0.736052740311));
#5380 = CARTESIAN_POINT('',(5.368540591835,0.732284454898));
#5381 = CARTESIAN_POINT('',(5.400408267279,0.728568438002));
#5382 = CARTESIAN_POINT('',(5.432843462957,0.724921839256));
#5383 = CARTESIAN_POINT('',(5.481493138793,0.71974424382));
#5384 = CARTESIAN_POINT('',(5.496953730217,0.718139418836));
#5385 = CARTESIAN_POINT('',(5.51264427881,0.716557195747));
#5386 = CARTESIAN_POINT('',(5.528602370415,0.715000560872));
#5387 = CARTESIAN_POINT('',(5.544869100263,0.713473320593));
#5388 = CARTESIAN_POINT('',(5.561493399699,0.711980372252));
#5389 = CARTESIAN_POINT('',(5.578536362922,0.710527975046));
#5390 = CARTESIAN_POINT('',(5.612447375014,0.707813535933));
#5391 = CARTESIAN_POINT('',(5.629227755025,0.706547451478));
#5392 = CARTESIAN_POINT('',(5.646501281922,0.70533011206));
#5393 = CARTESIAN_POINT('',(5.664350161679,0.704170058655));
#5394 = CARTESIAN_POINT('',(5.682852423588,0.703079696215));
#5395 = CARTESIAN_POINT('',(5.702087350398,0.702075846041));
#5396 = CARTESIAN_POINT('',(5.722148153072,0.701181183007));
#5397 = CARTESIAN_POINT('',(5.775969689979,0.69924842878));
#5398 = CARTESIAN_POINT('',(5.813258016374,0.698334369285));
#5399 = CARTESIAN_POINT('',(5.851422781009,0.698048370706));
#5400 = CARTESIAN_POINT('',(5.888317920856,0.698509683988));
#5401 = CARTESIAN_POINT('',(5.922772665366,0.699572376606));
#5402 = CARTESIAN_POINT('',(5.954119249977,0.701049490462));
#5403 = CARTESIAN_POINT('',(5.98206991132,0.70274769462));
#5404 = CARTESIAN_POINT('',(6.026723266205,0.705975478663));
#5405 = CARTESIAN_POINT('',(6.045428595067,0.707540929176));
#5406 = CARTESIAN_POINT('',(6.063051088528,0.709196614392));
#5407 = CARTESIAN_POINT('',(6.07975268085,0.710924350452));
#5408 = CARTESIAN_POINT('',(6.095649556834,0.712711158756));
#5409 = CARTESIAN_POINT('',(6.110840168818,0.714547442234));
#5410 = CARTESIAN_POINT('',(6.125414780192,0.71642636511));
#5411 = CARTESIAN_POINT('',(6.160689321117,0.721248186004));
#5412 = CARTESIAN_POINT('',(6.180662196971,0.724237134243));
#5413 = CARTESIAN_POINT('',(6.19960687158,0.72729433159));
#5414 = CARTESIAN_POINT('',(6.217678940265,0.730407675693));
#5415 = CARTESIAN_POINT('',(6.234988722383,0.733568263901));
#5416 = CARTESIAN_POINT('',(6.251626360074,0.736769380894));
#5417 = CARTESIAN_POINT('',(6.26767117844,0.740006121221));
#5418 = CARTESIAN_POINT('',(6.28318530718,0.743275646704));
#5419 = ( GEOMETRIC_REPRESENTATION_CONTEXT(2) 
PARAMETRIC_REPRESENTATION_CONTEXT() REPRESENTATION_CONTEXT('2D SPACE',''
  ) );
#5420 = ADVANCED_FACE('',(#5421),#3733,.F.);
#5421 = FACE_BOUND('',#5422,.F.);
#5422 = EDGE_LOOP('',(#5423,#5443,#5444,#5445));
#5423 = ORIENTED_EDGE('',*,*,#5424,.T.);
#5424 = EDGE_CURVE('',#4184,#4421,#5425,.T.);
#5425 = SURFACE_CURVE('',#5426,(#5430,#5436),.PCURVE_S1.);
#5426 = ( BOUNDED_CURVE() B_SPLINE_CURVE(2,(#5427,#5428,#5429),
.UNSPECIFIED.,.F.,.F.) B_SPLINE_CURVE_WITH_KNOTS((3,3),(0.,1.),
.PIECEWISE_BEZIER_KNOTS.) CURVE() GEOMETRIC_REPRESENTATION_ITEM() 
RATIONAL_B_SPLINE_CURVE((1.,0.957761631754,1.)) REPRESENTATION_ITEM('') 
  );
#5427 = CARTESIAN_POINT('',(179.46915237011,-9.508330066293,
    -107.0323484354));
#5428 = CARTESIAN_POINT('',(184.62020914938,-9.280192382197,
    -106.4496735679));
#5429 = CARTESIAN_POINT('',(189.04582269431,-11.94522353643,
    -105.963364566));
#5430 = PCURVE('',#3733,#5431);
#5431 = DEFINITIONAL_REPRESENTATION('',(#5432),#5435);
#5432 = B_SPLINE_CURVE_WITH_KNOTS('',1,(#5433,#5434),.UNSPECIFIED.,.F.,
  .F.,(2,2),(0.,1.),.PIECEWISE_BEZIER_KNOTS.);
#5433 = CARTESIAN_POINT('',(0.,0.254079498457));
#5434 = CARTESIAN_POINT('',(8.321142755493,0.254079498457));
#5435 = ( GEOMETRIC_REPRESENTATION_CONTEXT(2) 
PARAMETRIC_REPRESENTATION_CONTEXT() REPRESENTATION_CONTEXT('2D SPACE',''
  ) );
#5436 = PCURVE('',#4211,#5437);
#5437 = DEFINITIONAL_REPRESENTATION('',(#5438),#5442);
#5438 = LINE('',#5439,#5440);
#5439 = CARTESIAN_POINT('',(0.,0.));
#5440 = VECTOR('',#5441,1.);
#5441 = DIRECTION('',(1.,0.));
#5442 = ( GEOMETRIC_REPRESENTATION_CONTEXT(2) 
PARAMETRIC_REPRESENTATION_CONTEXT() REPRESENTATION_CONTEXT('2D SPACE',''
  ) );
#5443 = ORIENTED_EDGE('',*,*,#4971,.T.);
#5444 = ORIENTED_EDGE('',*,*,#3679,.F.);
#5445 = ORIENTED_EDGE('',*,*,#4246,.F.);
#5446 = ADVANCED_FACE('',(#5447),#4211,.T.);
#5447 = FACE_BOUND('',#5448,.T.);
#5448 = EDGE_LOOP('',(#5449,#5450,#5451));
#5449 = ORIENTED_EDGE('',*,*,#5424,.T.);
#5450 = ORIENTED_EDGE('',*,*,#4457,.F.);
#5451 = ORIENTED_EDGE('',*,*,#4183,.F.);
#5452 = ADVANCED_FACE('',(#5453),#4844,.F.);
#5453 = FACE_BOUND('',#5454,.T.);
#5454 = EDGE_LOOP('',(#5455,#5478,#5479,#5480,#5481));
#5455 = ORIENTED_EDGE('',*,*,#5456,.F.);
#5456 = EDGE_CURVE('',#4585,#5457,#5459,.T.);
#5457 = VERTEX_POINT('',#5458);
#5458 = CARTESIAN_POINT('',(208.94148785293,2.109256323348,
    -105.963364566));
#5459 = SEAM_CURVE('',#5460,(#5464,#5471),.PCURVE_S1.);
#5460 = LINE('',#5461,#5462);
#5461 = CARTESIAN_POINT('',(208.94148785293,2.109256323348,
    -105.963364566));
#5462 = VECTOR('',#5463,1.);
#5463 = DIRECTION('',(-0.707106807879,-0.707106754494,0.));
#5464 = PCURVE('',#4844,#5465);
#5465 = DEFINITIONAL_REPRESENTATION('',(#5466),#5470);
#5466 = LINE('',#5467,#5468);
#5467 = CARTESIAN_POINT('',(0.,-0.));
#5468 = VECTOR('',#5469,1.);
#5469 = DIRECTION('',(0.,-1.));
#5470 = ( GEOMETRIC_REPRESENTATION_CONTEXT(2) 
PARAMETRIC_REPRESENTATION_CONTEXT() REPRESENTATION_CONTEXT('2D SPACE',''
  ) );
#5471 = PCURVE('',#4844,#5472);
#5472 = DEFINITIONAL_REPRESENTATION('',(#5473),#5477);
#5473 = LINE('',#5474,#5475);
#5474 = CARTESIAN_POINT('',(6.28318530718,-0.));
#5475 = VECTOR('',#5476,1.);
#5476 = DIRECTION('',(0.,-1.));
#5477 = ( GEOMETRIC_REPRESENTATION_CONTEXT(2) 
PARAMETRIC_REPRESENTATION_CONTEXT() REPRESENTATION_CONTEXT('2D SPACE',''
  ) );
#5478 = ORIENTED_EDGE('',*,*,#4608,.F.);
#5479 = ORIENTED_EDGE('',*,*,#5067,.T.);
#5480 = ORIENTED_EDGE('',*,*,#5456,.T.);
#5481 = ORIENTED_EDGE('',*,*,#5482,.T.);
#5482 = EDGE_CURVE('',#5457,#5457,#5483,.T.);
#5483 = SURFACE_CURVE('',#5484,(#5489,#5496),.PCURVE_S1.);
#5484 = CIRCLE('',#5485,2.109256323348);
#5485 = AXIS2_PLACEMENT_3D('',#5486,#5487,#5488);
#5486 = CARTESIAN_POINT('',(208.94148785293,-1.425064985666E-15,
    -105.963364566));
#5487 = DIRECTION('',(-1.,1.110223024625E-16,0.));
#5488 = DIRECTION('',(0.,0.,1.));
#5489 = PCURVE('',#4844,#5490);
#5490 = DEFINITIONAL_REPRESENTATION('',(#5491),#5495);
#5491 = LINE('',#5492,#5493);
#5492 = CARTESIAN_POINT('',(7.853981633974,-0.));
#5493 = VECTOR('',#5494,1.);
#5494 = DIRECTION('',(-1.,-0.));
#5495 = ( GEOMETRIC_REPRESENTATION_CONTEXT(2) 
PARAMETRIC_REPRESENTATION_CONTEXT() REPRESENTATION_CONTEXT('2D SPACE',''
  ) );
#5496 = PCURVE('',#5497,#5502);
#5497 = CYLINDRICAL_SURFACE('',#5498,2.109256323348);
#5498 = AXIS2_PLACEMENT_3D('',#5499,#5500,#5501);
#5499 = CARTESIAN_POINT('',(196.10564357609,3.944304526105E-31,
    -105.963364566));
#5500 = DIRECTION('',(-1.,1.110223024625E-16,0.));
#5501 = DIRECTION('',(1.110223024625E-16,1.,0.));
#5502 = DEFINITIONAL_REPRESENTATION('',(#5503),#5506);
#5503 = B_SPLINE_CURVE_WITH_KNOTS('',1,(#5504,#5505),.UNSPECIFIED.,.F.,
  .F.,(2,2),(1.570796326795,7.853981633974),.PIECEWISE_BEZIER_KNOTS.);
#5504 = CARTESIAN_POINT('',(-6.28318530718,-12.83584427684));
#5505 = CARTESIAN_POINT('',(0.,-12.83584427684));
#5506 = ( GEOMETRIC_REPRESENTATION_CONTEXT(2) 
PARAMETRIC_REPRESENTATION_CONTEXT() REPRESENTATION_CONTEXT('2D SPACE',''
  ) );
#5507 = ADVANCED_FACE('',(#5508,#5539),#4571,.T.);
#5508 = FACE_BOUND('',#5509,.T.);
#5509 = EDGE_LOOP('',(#5510));
#5510 = ORIENTED_EDGE('',*,*,#5511,.F.);
#5511 = EDGE_CURVE('',#5512,#5512,#5514,.T.);
#5512 = VERTEX_POINT('',#5513);
#5513 = CARTESIAN_POINT('',(196.10564357609,11.338953911812,
    -94.08008613302));
#5514 = SURFACE_CURVE('',#5515,(#5520,#5527),.PCURVE_S1.);
#5515 = CIRCLE('',#5516,11.338953911812);
#5516 = AXIS2_PLACEMENT_3D('',#5517,#5518,#5519);
#5517 = CARTESIAN_POINT('',(196.10564357609,3.944304526105E-31,
    -94.08008613302));
#5518 = DIRECTION('',(0.,-0.,1.));
#5519 = DIRECTION('',(1.722546424199E-16,1.,0.));
#5520 = PCURVE('',#4571,#5521);
#5521 = DEFINITIONAL_REPRESENTATION('',(#5522),#5526);
#5522 = CIRCLE('',#5523,11.338953911812);
#5523 = AXIS2_PLACEMENT_2D('',#5524,#5525);
#5524 = CARTESIAN_POINT('',(0.,0.));
#5525 = DIRECTION('',(1.,-6.123233995737E-17));
#5526 = ( GEOMETRIC_REPRESENTATION_CONTEXT(2) 
PARAMETRIC_REPRESENTATION_CONTEXT() REPRESENTATION_CONTEXT('2D SPACE',''
  ) );
#5527 = PCURVE('',#5528,#5533);
#5528 = CONICAL_SURFACE('',#5529,10.794629715034,0.785398163397);
#5529 = AXIS2_PLACEMENT_3D('',#5530,#5531,#5532);
#5530 = CARTESIAN_POINT('',(196.10564357609,3.944304526105E-31,
    -94.6244103298));
#5531 = DIRECTION('',(0.,0.,1.));
#5532 = DIRECTION('',(1.722546424199E-16,1.,0.));
#5533 = DEFINITIONAL_REPRESENTATION('',(#5534),#5538);
#5534 = LINE('',#5535,#5536);
#5535 = CARTESIAN_POINT('',(0.,0.544324196778));
#5536 = VECTOR('',#5537,1.);
#5537 = DIRECTION('',(1.,0.));
#5538 = ( GEOMETRIC_REPRESENTATION_CONTEXT(2) 
PARAMETRIC_REPRESENTATION_CONTEXT() REPRESENTATION_CONTEXT('2D SPACE',''
  ) );
#5539 = FACE_BOUND('',#5540,.T.);
#5540 = EDGE_LOOP('',(#5541));
#5541 = ORIENTED_EDGE('',*,*,#4557,.T.);
#5542 = ADVANCED_FACE('',(#5543,#5577),#5049,.T.);
#5543 = FACE_BOUND('',#5544,.F.);
#5544 = EDGE_LOOP('',(#5545));
#5545 = ORIENTED_EDGE('',*,*,#5546,.F.);
#5546 = EDGE_CURVE('',#5547,#5547,#5549,.T.);
#5547 = VERTEX_POINT('',#5548);
#5548 = CARTESIAN_POINT('',(196.10564357609,11.338953911812,
    -117.846642999));
#5549 = SURFACE_CURVE('',#5550,(#5555,#5566),.PCURVE_S1.);
#5550 = CIRCLE('',#5551,11.338953911812);
#5551 = AXIS2_PLACEMENT_3D('',#5552,#5553,#5554);
#5552 = CARTESIAN_POINT('',(196.10564357609,3.944304526105E-31,
    -117.846642999));
#5553 = DIRECTION('',(0.,-0.,1.));
#5554 = DIRECTION('',(1.722546424199E-16,1.,0.));
#5555 = PCURVE('',#5049,#5556);
#5556 = DEFINITIONAL_REPRESENTATION('',(#5557),#5565);
#5557 = ( BOUNDED_CURVE() B_SPLINE_CURVE(2,(#5558,#5559,#5560,#5561,
#5562,#5563,#5564),.UNSPECIFIED.,.T.,.F.) B_SPLINE_CURVE_WITH_KNOTS((1,2
    ,2,2,2,1),(-2.094395102393,0.,2.094395102393,4.188790204786,
6.28318530718,8.377580409573),.UNSPECIFIED.) CURVE() 
GEOMETRIC_REPRESENTATION_ITEM() RATIONAL_B_SPLINE_CURVE((1.,0.5,1.,0.5,
1.,0.5,1.)) REPRESENTATION_ITEM('') );
#5558 = CARTESIAN_POINT('',(-11.33895391181,-6.94310680689E-16));
#5559 = CARTESIAN_POINT('',(-11.33895391181,19.639644279941));
#5560 = CARTESIAN_POINT('',(5.669476955906,9.819822139971));
#5561 = CARTESIAN_POINT('',(22.677907823625,4.165864084134E-15));
#5562 = CARTESIAN_POINT('',(5.669476955906,-9.819822139971));
#5563 = CARTESIAN_POINT('',(-11.33895391181,-19.63964427994));
#5564 = CARTESIAN_POINT('',(-11.33895391181,-6.94310680689E-16));
#5565 = ( GEOMETRIC_REPRESENTATION_CONTEXT(2) 
PARAMETRIC_REPRESENTATION_CONTEXT() REPRESENTATION_CONTEXT('2D SPACE',''
  ) );
#5566 = PCURVE('',#5567,#5572);
#5567 = CONICAL_SURFACE('',#5568,10.794629715034,0.785398163397);
#5568 = AXIS2_PLACEMENT_3D('',#5569,#5570,#5571);
#5569 = CARTESIAN_POINT('',(196.10564357609,3.944304526105E-31,
    -117.3023188023));
#5570 = DIRECTION('',(0.,-0.,-1.));
#5571 = DIRECTION('',(1.722546424199E-16,1.,0.));
#5572 = DEFINITIONAL_REPRESENTATION('',(#5573),#5576);
#5573 = B_SPLINE_CURVE_WITH_KNOTS('',1,(#5574,#5575),.UNSPECIFIED.,.F.,
  .F.,(2,2),(0.,6.28318530718),.PIECEWISE_BEZIER_KNOTS.);
#5574 = CARTESIAN_POINT('',(0.,0.544324196778));
#5575 = CARTESIAN_POINT('',(-6.28318530718,0.544324196778));
#5576 = ( GEOMETRIC_REPRESENTATION_CONTEXT(2) 
PARAMETRIC_REPRESENTATION_CONTEXT() REPRESENTATION_CONTEXT('2D SPACE',''
  ) );
#5577 = FACE_BOUND('',#5578,.F.);
#5578 = EDGE_LOOP('',(#5579));
#5579 = ORIENTED_EDGE('',*,*,#5034,.T.);
#5580 = ADVANCED_FACE('',(#5581),#5497,.F.);
#5581 = FACE_BOUND('',#5582,.T.);
#5582 = EDGE_LOOP('',(#5583,#5606,#5607,#5608,#5822));
#5583 = ORIENTED_EDGE('',*,*,#5584,.T.);
#5584 = EDGE_CURVE('',#5585,#5457,#5587,.T.);
#5585 = VERTEX_POINT('',#5586);
#5586 = CARTESIAN_POINT('',(206.69219487701,2.109256323348,
    -105.963364566));
#5587 = SEAM_CURVE('',#5588,(#5592,#5599),.PCURVE_S1.);
#5588 = LINE('',#5589,#5590);
#5589 = CARTESIAN_POINT('',(196.10564357609,2.109256323348,
    -105.963364566));
#5590 = VECTOR('',#5591,1.);
#5591 = DIRECTION('',(1.,-1.110223024625E-16,0.));
#5592 = PCURVE('',#5497,#5593);
#5593 = DEFINITIONAL_REPRESENTATION('',(#5594),#5598);
#5594 = LINE('',#5595,#5596);
#5595 = CARTESIAN_POINT('',(-0.,0.));
#5596 = VECTOR('',#5597,1.);
#5597 = DIRECTION('',(-0.,-1.));
#5598 = ( GEOMETRIC_REPRESENTATION_CONTEXT(2) 
PARAMETRIC_REPRESENTATION_CONTEXT() REPRESENTATION_CONTEXT('2D SPACE',''
  ) );
#5599 = PCURVE('',#5497,#5600);
#5600 = DEFINITIONAL_REPRESENTATION('',(#5601),#5605);
#5601 = LINE('',#5602,#5603);
#5602 = CARTESIAN_POINT('',(-6.28318530718,0.));
#5603 = VECTOR('',#5604,1.);
#5604 = DIRECTION('',(-0.,-1.));
#5605 = ( GEOMETRIC_REPRESENTATION_CONTEXT(2) 
PARAMETRIC_REPRESENTATION_CONTEXT() REPRESENTATION_CONTEXT('2D SPACE',''
  ) );
#5606 = ORIENTED_EDGE('',*,*,#5482,.F.);
#5607 = ORIENTED_EDGE('',*,*,#5584,.F.);
#5608 = ORIENTED_EDGE('',*,*,#5609,.F.);
#5609 = EDGE_CURVE('',#5610,#5585,#5612,.T.);
#5610 = VERTEX_POINT('',#5611);
#5611 = CARTESIAN_POINT('',(206.69219487701,-2.109256323347,
    -105.963364566));
#5612 = SURFACE_CURVE('',#5613,(#5679,#5748),.PCURVE_S1.);
#5613 = B_SPLINE_CURVE_WITH_KNOTS('',8,(#5614,#5615,#5616,#5617,#5618,
    #5619,#5620,#5621,#5622,#5623,#5624,#5625,#5626,#5627,#5628,#5629,
    #5630,#5631,#5632,#5633,#5634,#5635,#5636,#5637,#5638,#5639,#5640,
    #5641,#5642,#5643,#5644,#5645,#5646,#5647,#5648,#5649,#5650,#5651,
    #5652,#5653,#5654,#5655,#5656,#5657,#5658,#5659,#5660,#5661,#5662,
    #5663,#5664,#5665,#5666,#5667,#5668,#5669,#5670,#5671,#5672,#5673,
    #5674,#5675,#5676,#5677,#5678),.UNSPECIFIED.,.F.,.F.,(9,7,7,7,7,7,7,
    7,7,9),(0.,0.168958643384,0.371041442102,0.446909732768,
    0.519867411149,0.555601423988,0.613657014423,0.699565607942,
    0.856112212722,1.),.UNSPECIFIED.);
#5614 = CARTESIAN_POINT('',(206.69219487701,-2.109256323347,
    -105.963364566));
#5615 = CARTESIAN_POINT('',(206.69219487701,-2.109256323347,
    -106.1156283372));
#5616 = CARTESIAN_POINT('',(206.69469780431,-2.096693251657,
    -106.2627169483));
#5617 = CARTESIAN_POINT('',(206.69940515997,-2.073070670997,
    -106.4013686214));
#5618 = CARTESIAN_POINT('',(206.70573253344,-2.040863358991,
    -106.5308436419));
#5619 = CARTESIAN_POINT('',(206.71320721063,-2.001903785254,
    -106.6511992244));
#5620 = CARTESIAN_POINT('',(206.72147114466,-1.957626277249,
    -106.7632560248));
#5621 = CARTESIAN_POINT('',(206.73034389818,-1.908616262068,
    -106.8684302606));
#5622 = CARTESIAN_POINT('',(206.75115089311,-1.789289450418,
    -107.0885308437));
#5623 = CARTESIAN_POINT('',(206.76322255936,-1.717372232252,
    -107.2000384509));
#5624 = CARTESIAN_POINT('',(206.77582650755,-1.638761707807,
    -107.3049998105));
#5625 = CARTESIAN_POINT('',(206.78882506968,-1.55304022971,
    -107.4042417826));
#5626 = CARTESIAN_POINT('',(206.8020995243,-1.459845252381,
    -107.4984150919));
#5627 = CARTESIAN_POINT('',(206.81553010939,-1.357598192127,
    -107.5878138321));
#5628 = CARTESIAN_POINT('',(206.82901078096,-1.245029434621,
    -107.6726858643));
#5629 = CARTESIAN_POINT('',(206.84738122996,-1.068386945047,
    -107.7829083125));
#5630 = CARTESIAN_POINT('',(206.85236925955,-1.018023787168,
    -107.8122742997));
#5631 = CARTESIAN_POINT('',(206.85732413701,-0.96518893814,
    -107.8409277894));
#5632 = CARTESIAN_POINT('',(206.86223333911,-0.909558864787,
    -107.8688382876));
#5633 = CARTESIAN_POINT('',(206.86707474631,-0.850686029917,
    -107.8959238164));
#5634 = CARTESIAN_POINT('',(206.87181781298,-0.788045853103,
    -107.9220612475));
#5635 = CARTESIAN_POINT('',(206.87642038131,-0.720935872957,
    -107.9470734517));
#5636 = CARTESIAN_POINT('',(206.88503433292,-0.577680897261,
    -107.99331349));
#5637 = CARTESIAN_POINT('',(206.88907587449,-0.501738750067,
    -108.0147269993));
#5638 = CARTESIAN_POINT('',(206.89292189106,-0.417826260872,
    -108.0348587754));
#5639 = CARTESIAN_POINT('',(206.89640040036,-0.324574878226,
    -108.0528583696));
#5640 = CARTESIAN_POINT('',(206.89917634248,-0.221519953959,
    -108.0670209546));
#5641 = CARTESIAN_POINT('',(206.90083944283,-0.109621280746,
    -108.0755010231));
#5642 = CARTESIAN_POINT('',(206.90088814081,8.832988743252E-03,
    -108.0757758843));
#5643 = CARTESIAN_POINT('',(206.89890469096,0.180971754861,
    -108.0656080647));
#5644 = CARTESIAN_POINT('',(206.89793588931,0.235577286305,
    -108.0606358932));
#5645 = CARTESIAN_POINT('',(206.89669888834,0.28772974839,
    -108.0542729628));
#5646 = CARTESIAN_POINT('',(206.89524829958,0.337295198264,
    -108.0467848574));
#5647 = CARTESIAN_POINT('',(206.89363330433,0.384335315961,
    -108.038410597));
#5648 = CARTESIAN_POINT('',(206.89189080964,0.429024742794,
    -108.0293297179));
#5649 = CARTESIAN_POINT('',(206.890043215,0.471621586794,-108.0196496266
    ));
#5650 = CARTESIAN_POINT('',(206.88494479348,0.578889830898,
    -107.992781467));
#5651 = CARTESIAN_POINT('',(206.88156024975,0.640251075571,
    -107.9747963212));
#5652 = CARTESIAN_POINT('',(206.87801641329,0.697690776753,
    -107.955780235));
#5653 = CARTESIAN_POINT('',(206.8743560542,0.751785234747,
    -107.9359271146));
#5654 = CARTESIAN_POINT('',(206.87061008633,0.802975728359,
    -107.9153754025));
#5655 = CARTESIAN_POINT('',(206.86680064539,0.851648455155,
    -107.8942214278));
#5656 = CARTESIAN_POINT('',(206.8629403111,0.898107156296,
    -107.8725121976));
#5657 = CARTESIAN_POINT('',(206.85325630399,1.008576798018,
    -107.8173231013));
#5658 = CARTESIAN_POINT('',(206.84739176233,1.070174707269,
    -107.783264267));
#5659 = CARTESIAN_POINT('',(206.84147405528,1.128258883161,
    -107.7481885304));
#5660 = CARTESIAN_POINT('',(206.83552672913,1.183334252382,
    -107.7121597403));
#5661 = CARTESIAN_POINT('',(206.82956767416,1.235748498792,
    -107.6752122458));
#5662 = CARTESIAN_POINT('',(206.82361121867,1.285781256132,
    -107.6373586173));
#5663 = CARTESIAN_POINT('',(206.81766900748,1.333675303535,
    -107.5985901977));
#5664 = CARTESIAN_POINT('',(206.80096331358,1.46331446372,
    -107.4864923007));
#5665 = CARTESIAN_POINT('',(206.79026911725,1.540404797157,
    -107.4110641937));
#5666 = CARTESIAN_POINT('',(206.77971989422,1.612070828734,
    -107.3323800721));
#5667 = CARTESIAN_POINT('',(206.76936990746,1.678886704083,
    -107.2501654716));
#5668 = CARTESIAN_POINT('',(206.75928533687,1.74116154922,
    -107.1640595232));
#5669 = CARTESIAN_POINT('',(206.74954580281,1.799038314592,
    -107.0736182919));
#5670 = CARTESIAN_POINT('',(206.74025018696,1.852462907426,
    -106.9782424766));
#5671 = CARTESIAN_POINT('',(206.72353413769,1.945892350622,
    -106.7838146625));
#5672 = CARTESIAN_POINT('',(206.71607614523,1.986334129577,
    -106.686298468));
#5673 = CARTESIAN_POINT('',(206.7091887145,2.022760224561,
    -106.5828586018));
#5674 = CARTESIAN_POINT('',(206.70303833816,2.054556294342,
    -106.4724422421));
#5675 = CARTESIAN_POINT('',(206.69790030137,2.080624739324,
    -106.354577343));
#5676 = CARTESIAN_POINT('',(206.69415237202,2.099430312504,
    -106.2294081976));
#5677 = CARTESIAN_POINT('',(206.69219487969,2.109256309883,
    -106.0980137995));
#5678 = CARTESIAN_POINT('',(206.69219487701,2.109256323348,
    -105.963364566));
#5679 = PCURVE('',#5497,#5680);
#5680 = DEFINITIONAL_REPRESENTATION('',(#5681),#5747);
#5681 = B_SPLINE_CURVE_WITH_KNOTS('',8,(#5682,#5683,#5684,#5685,#5686,
    #5687,#5688,#5689,#5690,#5691,#5692,#5693,#5694,#5695,#5696,#5697,
    #5698,#5699,#5700,#5701,#5702,#5703,#5704,#5705,#5706,#5707,#5708,
    #5709,#5710,#5711,#5712,#5713,#5714,#5715,#5716,#5717,#5718,#5719,
    #5720,#5721,#5722,#5723,#5724,#5725,#5726,#5727,#5728,#5729,#5730,
    #5731,#5732,#5733,#5734,#5735,#5736,#5737,#5738,#5739,#5740,#5741,
    #5742,#5743,#5744,#5745,#5746),.UNSPECIFIED.,.F.,.F.,(9,7,7,7,7,7,7,
    7,7,9),(0.,0.168958643384,0.371041442102,0.446909732768,
    0.519867411149,0.555601423988,0.613657014423,0.699565607942,
    0.856112212722,1.),.UNSPECIFIED.);
#5682 = CARTESIAN_POINT('',(-3.14159265359,-10.58655130092));
#5683 = CARTESIAN_POINT('',(-3.213781021358,-10.58655130092));
#5684 = CARTESIAN_POINT('',(-3.28351557623,-10.58905422822));
#5685 = CARTESIAN_POINT('',(-3.349825361496,-10.59376158388));
#5686 = CARTESIAN_POINT('',(-3.412759697639,-10.60008895735));
#5687 = CARTESIAN_POINT('',(-3.472474282561,-10.60756363454));
#5688 = CARTESIAN_POINT('',(-3.529425990094,-10.61582756857));
#5689 = CARTESIAN_POINT('',(-3.584335456009,-10.62470032209));
#5690 = CARTESIAN_POINT('',(-3.703034183405,-10.64550731702));
#5691 = CARTESIAN_POINT('',(-3.765761068874,-10.65757898327));
#5692 = CARTESIAN_POINT('',(-3.82767541802,-10.67018293146));
#5693 = CARTESIAN_POINT('',(-3.889559946493,-10.68318149359));
#5694 = CARTESIAN_POINT('',(-3.952047893273,-10.69645594821));
#5695 = CARTESIAN_POINT('',(-4.016168982853,-10.7098865333));
#5696 = CARTESIAN_POINT('',(-4.082748316946,-10.72336720487));
#5697 = CARTESIAN_POINT('',(-4.181461088392,-10.74173765387));
#5698 = CARTESIAN_POINT('',(-4.209088027235,-10.74672568346));
#5699 = CARTESIAN_POINT('',(-4.237561330044,-10.75168056092));
#5700 = CARTESIAN_POINT('',(-4.267036594409,-10.75658976302));
#5701 = CARTESIAN_POINT('',(-4.297723267373,-10.76143117022));
#5702 = CARTESIAN_POINT('',(-4.329864350025,-10.76617423689));
#5703 = CARTESIAN_POINT('',(-4.363785790922,-10.77077680522));
#5704 = CARTESIAN_POINT('',(-4.435153475214,-10.77939075683));
#5705 = CARTESIAN_POINT('',(-4.472534946957,-10.7834322984));
#5706 = CARTESIAN_POINT('',(-4.513394865426,-10.78727831497));
#5707 = CARTESIAN_POINT('',(-4.558313055847,-10.79075682427));
#5708 = CARTESIAN_POINT('',(-4.607486356581,-10.79353276639));
#5709 = CARTESIAN_POINT('',(-4.6604619235,-10.79519586674));
#5710 = CARTESIAN_POINT('',(-4.716515444053,-10.79524456471));
#5711 = CARTESIAN_POINT('',(-4.798268862204,-10.79326111487));
#5712 = CARTESIAN_POINT('',(-4.824251119462,-10.79229231322));
#5713 = CARTESIAN_POINT('',(-4.849141484145,-10.79105531225));
#5714 = CARTESIAN_POINT('',(-4.872889073255,-10.78960472349));
#5715 = CARTESIAN_POINT('',(-4.895527274072,-10.78798972824));
#5716 = CARTESIAN_POINT('',(-4.917138218718,-10.78624723355));
#5717 = CARTESIAN_POINT('',(-4.937843038487,-10.78439963891));
#5718 = CARTESIAN_POINT('',(-4.990270083467,-10.77930121739));
#5719 = CARTESIAN_POINT('',(-5.020561643743,-10.77591667366));
#5720 = CARTESIAN_POINT('',(-5.049219952917,-10.7723728372));
#5721 = CARTESIAN_POINT('',(-5.076512588834,-10.76871247811));
#5722 = CARTESIAN_POINT('',(-5.102642587027,-10.76496651024));
#5723 = CARTESIAN_POINT('',(-5.127788280958,-10.7611570693));
#5724 = CARTESIAN_POINT('',(-5.152091944874,-10.75729673501));
#5725 = CARTESIAN_POINT('',(-5.210637815912,-10.7476127279));
#5726 = CARTESIAN_POINT('',(-5.243979554291,-10.74174818624));
#5727 = CARTESIAN_POINT('',(-5.276110364368,-10.73583047919));
#5728 = CARTESIAN_POINT('',(-5.307273516985,-10.72988315304));
#5729 = CARTESIAN_POINT('',(-5.337641390278,-10.72392409807));
#5730 = CARTESIAN_POINT('',(-5.367358319453,-10.71796764258));
#5731 = CARTESIAN_POINT('',(-5.396556766325,-10.71202543139));
#5732 = CARTESIAN_POINT('',(-5.477809603604,-10.69531973748));
#5733 = CARTESIAN_POINT('',(-5.528846078007,-10.68462554115));
#5734 = CARTESIAN_POINT('',(-5.579166955147,-10.67407631813));
#5735 = CARTESIAN_POINT('',(-5.629233733067,-10.66372633137));
#5736 = CARTESIAN_POINT('',(-5.679451500357,-10.65364176077));
#5737 = CARTESIAN_POINT('',(-5.730214740431,-10.64390222672));
#5738 = CARTESIAN_POINT('',(-5.781941375021,-10.63460661087));
#5739 = CARTESIAN_POINT('',(-5.884210121682,-10.61789056159));
#5740 = CARTESIAN_POINT('',(-5.934186658521,-10.61043256914));
#5741 = CARTESIAN_POINT('',(-5.986043477577,-10.60354513841));
#5742 = CARTESIAN_POINT('',(-6.040331073665,-10.59739476207));
#5743 = CARTESIAN_POINT('',(-6.097311594956,-10.59225672528));
#5744 = CARTESIAN_POINT('',(-6.157054709801,-10.58850879593));
#5745 = CARTESIAN_POINT('',(-6.219348004886,-10.5865513036));
#5746 = CARTESIAN_POINT('',(-6.28318530718,-10.58655130092));
#5747 = ( GEOMETRIC_REPRESENTATION_CONTEXT(2) 
PARAMETRIC_REPRESENTATION_CONTEXT() REPRESENTATION_CONTEXT('2D SPACE',''
  ) );
#5748 = PCURVE('',#5749,#5754);
#5749 = CYLINDRICAL_SURFACE('',#5750,10.794629715034);
#5750 = AXIS2_PLACEMENT_3D('',#5751,#5752,#5753);
#5751 = CARTESIAN_POINT('',(196.10564357609,3.944304526105E-31,
    561.51422151791));
#5752 = DIRECTION('',(0.,0.,1.));
#5753 = DIRECTION('',(1.110223024625E-16,1.,0.));
#5754 = DEFINITIONAL_REPRESENTATION('',(#5755),#5821);
#5755 = B_SPLINE_CURVE_WITH_KNOTS('',8,(#5756,#5757,#5758,#5759,#5760,
    #5761,#5762,#5763,#5764,#5765,#5766,#5767,#5768,#5769,#5770,#5771,
    #5772,#5773,#5774,#5775,#5776,#5777,#5778,#5779,#5780,#5781,#5782,
    #5783,#5784,#5785,#5786,#5787,#5788,#5789,#5790,#5791,#5792,#5793,
    #5794,#5795,#5796,#5797,#5798,#5799,#5800,#5801,#5802,#5803,#5804,
    #5805,#5806,#5807,#5808,#5809,#5810,#5811,#5812,#5813,#5814,#5815,
    #5816,#5817,#5818,#5819,#5820),.UNSPECIFIED.,.F.,.F.,(9,7,7,7,7,7,7,
    7,7,9),(0.,0.168958643384,0.371041442102,0.446909732768,
    0.519867411149,0.555601423988,0.613657014423,0.699565607942,
    0.856112212722,1.),.UNSPECIFIED.);
#5756 = CARTESIAN_POINT('',(4.51572503762,-667.4775860839));
#5757 = CARTESIAN_POINT('',(4.51572503762,-667.6298498551));
#5758 = CARTESIAN_POINT('',(4.516911736125,-667.7769384662));
#5759 = CARTESIAN_POINT('',(4.519143128472,-667.9155901393));
#5760 = CARTESIAN_POINT('',(4.522183788583,-668.0450651598));
#5761 = CARTESIAN_POINT('',(4.525858690165,-668.1654207423));
#5762 = CARTESIAN_POINT('',(4.53003123969,-668.2774775427));
#5763 = CARTESIAN_POINT('',(4.534645168731,-668.3826517785));
#5764 = CARTESIAN_POINT('',(4.545866237684,-668.6027523616));
#5765 = CARTESIAN_POINT('',(4.552621627983,-668.7142599689));
#5766 = CARTESIAN_POINT('',(4.559996634813,-668.8192213284));
#5767 = CARTESIAN_POINT('',(4.56802801959,-668.9184633005));
#5768 = CARTESIAN_POINT('',(4.576747640367,-669.0126366098));
#5769 = CARTESIAN_POINT('',(4.58630013583,-669.10203535));
#5770 = CARTESIAN_POINT('',(4.596801597925,-669.1869073822));
#5771 = CARTESIAN_POINT('',(4.613253776053,-669.2971298305));
#5772 = CARTESIAN_POINT('',(4.617942119054,-669.3264958176));
#5773 = CARTESIAN_POINT('',(4.622858036944,-669.3551493073));
#5774 = CARTESIAN_POINT('',(4.62803138787,-669.3830598055));
#5775 = CARTESIAN_POINT('',(4.633503488231,-669.4101453343));
#5776 = CARTESIAN_POINT('',(4.639322770049,-669.4362827655));
#5777 = CARTESIAN_POINT('',(4.645554133189,-669.4612949696));
#5778 = CARTESIAN_POINT('',(4.658849051326,-669.5075350079));
#5779 = CARTESIAN_POINT('',(4.665894015682,-669.5289485172));
#5780 = CARTESIAN_POINT('',(4.673675363625,-669.5490802933));
#5781 = CARTESIAN_POINT('',(4.682319316362,-669.5670798875));
#5782 = CARTESIAN_POINT('',(4.691868583506,-669.5812424725));
#5783 = CARTESIAN_POINT('',(4.702234138207,-669.589722541));
#5784 = CARTESIAN_POINT('',(4.713206800954,-669.5899974023));
#5785 = CARTESIAN_POINT('',(4.729154564095,-669.5798295826));
#5786 = CARTESIAN_POINT('',(4.734213843578,-669.5748574111));
#5787 = CARTESIAN_POINT('',(4.739046400272,-669.5684944807));
#5788 = CARTESIAN_POINT('',(4.743639911781,-669.5610063753));
#5789 = CARTESIAN_POINT('',(4.748000111818,-669.5526321149));
#5790 = CARTESIAN_POINT('',(4.752143161701,-669.5435512358));
#5791 = CARTESIAN_POINT('',(4.756092950063,-669.5338711445));
#5792 = CARTESIAN_POINT('',(4.766041354593,-669.5070029849));
#5793 = CARTESIAN_POINT('',(4.771734254799,-669.4890178392));
#5794 = CARTESIAN_POINT('',(4.777065330134,-669.4700017529));
#5795 = CARTESIAN_POINT('',(4.782087864408,-669.4501486325));
#5796 = CARTESIAN_POINT('',(4.786842630329,-669.4295969204));
#5797 = CARTESIAN_POINT('',(4.791365310072,-669.4084429457));
#5798 = CARTESIAN_POINT('',(4.795683967907,-669.3867337156));
#5799 = CARTESIAN_POINT('',(4.805956972946,-669.3315446192));
#5800 = CARTESIAN_POINT('',(4.811688966655,-669.2974857849));
#5801 = CARTESIAN_POINT('',(4.81709746947,-669.2624100483));
#5802 = CARTESIAN_POINT('',(4.822229065948,-669.2263812582));
#5803 = CARTESIAN_POINT('',(4.827115789899,-669.1894337637));
#5804 = CARTESIAN_POINT('',(4.831783385698,-669.1515801352));
#5805 = CARTESIAN_POINT('',(4.836254198111,-669.1128117156));
#5806 = CARTESIAN_POINT('',(4.848363098116,-669.0007138186));
#5807 = CARTESIAN_POINT('',(4.855572694542,-668.9252857116));
#5808 = CARTESIAN_POINT('',(4.862282917329,-668.84660159));
#5809 = CARTESIAN_POINT('',(4.868546151082,-668.7643869896));
#5810 = CARTESIAN_POINT('',(4.874390116735,-668.6782810411));
#5811 = CARTESIAN_POINT('',(4.879826990703,-668.5878398098));
#5812 = CARTESIAN_POINT('',(4.884850472592,-668.4924639945));
#5813 = CARTESIAN_POINT('',(4.893643090127,-668.2980361804));
#5814 = CARTESIAN_POINT('',(4.897452682092,-668.2005199859));
#5815 = CARTESIAN_POINT('',(4.900886880922,-668.0970801197));
#5816 = CARTESIAN_POINT('',(4.903886987158,-667.98666376));
#5817 = CARTESIAN_POINT('',(4.90634837926,-667.8687988609));
#5818 = CARTESIAN_POINT('',(4.908124768692,-667.7436297155));
#5819 = CARTESIAN_POINT('',(4.909052921877,-667.6122353174));
#5820 = CARTESIAN_POINT('',(4.909052923149,-667.4775860839));
#5821 = ( GEOMETRIC_REPRESENTATION_CONTEXT(2) 
PARAMETRIC_REPRESENTATION_CONTEXT() REPRESENTATION_CONTEXT('2D SPACE',''
  ) );
#5822 = ORIENTED_EDGE('',*,*,#5823,.F.);
#5823 = EDGE_CURVE('',#5585,#5610,#5824,.T.);
#5824 = SURFACE_CURVE('',#5825,(#5891,#5960),.PCURVE_S1.);
#5825 = B_SPLINE_CURVE_WITH_KNOTS('',8,(#5826,#5827,#5828,#5829,#5830,
    #5831,#5832,#5833,#5834,#5835,#5836,#5837,#5838,#5839,#5840,#5841,
    #5842,#5843,#5844,#5845,#5846,#5847,#5848,#5849,#5850,#5851,#5852,
    #5853,#5854,#5855,#5856,#5857,#5858,#5859,#5860,#5861,#5862,#5863,
    #5864,#5865,#5866,#5867,#5868,#5869,#5870,#5871,#5872,#5873,#5874,
    #5875,#5876,#5877,#5878,#5879,#5880,#5881,#5882,#5883,#5884,#5885,
    #5886,#5887,#5888,#5889,#5890),.UNSPECIFIED.,.F.,.F.,(9,7,7,7,7,7,7,
    7,7,9),(0.,0.164405120567,0.366438917242,0.443147311768,
    0.517290164172,0.552435602531,0.609624299029,0.694892884473,
    0.851634700498,1.),.UNSPECIFIED.);
#5826 = CARTESIAN_POINT('',(206.69219487701,2.109256323348,
    -105.963364566));
#5827 = CARTESIAN_POINT('',(206.69219487406,2.109256338167,
    -105.8151817225));
#5828 = CARTESIAN_POINT('',(206.6945654145,2.097357796627,
    -105.6715824995));
#5829 = CARTESIAN_POINT('',(206.69904933143,2.074856287674,
    -105.5358709918));
#5830 = CARTESIAN_POINT('',(206.70510386897,2.044064569433,
    -105.4089173135));
#5831 = CARTESIAN_POINT('',(206.71227616934,2.006749986065,
    -105.2907359853));
#5832 = CARTESIAN_POINT('',(206.72022467367,1.964291686987,
    -105.1805765672));
#5833 = CARTESIAN_POINT('',(206.72877386131,1.917272419987,
    -105.0770885615));
#5834 = CARTESIAN_POINT('',(206.74915201551,1.801107168926,
    -104.8571158619));
#5835 = CARTESIAN_POINT('',(206.76116070629,1.730056979785,
    -104.7444064252));
#5836 = CARTESIAN_POINT('',(206.77372352128,1.652303858139,
    -104.6383901365));
#5837 = CARTESIAN_POINT('',(206.78669736399,1.567492079347,
    -104.5382128145));
#5838 = CARTESIAN_POINT('',(206.79995938938,1.475281706696,
    -104.4431957473));
#5839 = CARTESIAN_POINT('',(206.81339099252,1.374201479003,
    -104.3530096298));
#5840 = CARTESIAN_POINT('',(206.82688753049,1.262993740899,
    -104.2673767632));
#5841 = CARTESIAN_POINT('',(206.84537171156,1.088394652057,
    -104.1557112613));
#5842 = CARTESIAN_POINT('',(206.85043571632,1.038217300478,
    -104.1257097042));
#5843 = CARTESIAN_POINT('',(206.85546999428,0.985600040963,
    -104.0964280232));
#5844 = CARTESIAN_POINT('',(206.8604622536,0.930228211651,
    -104.0678939503));
#5845 = CARTESIAN_POINT('',(206.86539132762,0.871668746394,
    -104.0401832045));
#5846 = CARTESIAN_POINT('',(206.87022813853,0.809410921134,
    -104.013410377));
#5847 = CARTESIAN_POINT('',(206.87493269719,0.742768879372,
    -103.9877409475));
#5848 = CARTESIAN_POINT('',(206.88379374406,0.600356511221,
    -103.9400049612));
#5849 = CARTESIAN_POINT('',(206.88794665279,0.525231215491,
    -103.9179355913));
#5850 = CARTESIAN_POINT('',(206.89191453286,0.442523888599,
    -103.8971073601));
#5851 = CARTESIAN_POINT('',(206.89556256749,0.350558877407,
    -103.8781825848));
#5852 = CARTESIAN_POINT('',(206.89856460264,0.248583470901,
    -103.8628276487));
#5853 = CARTESIAN_POINT('',(206.90053395033,0.137171601604,
    -103.8527891197));
#5854 = CARTESIAN_POINT('',(206.90090884735,1.788435661647E-02,
    -103.8508507493));
#5855 = CARTESIAN_POINT('',(206.89928105683,-0.156774823916,
    -103.8591904978));
#5856 = CARTESIAN_POINT('',(206.8984383209,-0.211301247526,-103.86351187
    ));
#5857 = CARTESIAN_POINT('',(206.89731797361,-0.263557479236,
    -103.8692673052));
#5858 = CARTESIAN_POINT('',(206.8959735549,-0.313311712663,
    -103.8761960142));
#5859 = CARTESIAN_POINT('',(206.89445570298,-0.360569045256,
    -103.884051464));
#5860 = CARTESIAN_POINT('',(206.8928032179,-0.40547273908,
    -103.8926445647));
#5861 = CARTESIAN_POINT('',(206.89103989568,-0.448266912848,
    -103.9018607932));
#5862 = CARTESIAN_POINT('',(206.886145802,-0.556123073547,
    -103.9275835224));
#5863 = CARTESIAN_POINT('',(206.88287289201,-0.617813718765,
    -103.9449217954));
#5864 = CARTESIAN_POINT('',(206.87943181054,-0.675525327381,
    -103.9633224283));
#5865 = CARTESIAN_POINT('',(206.87586775928,-0.729839088196,
    -103.9825790292));
#5866 = CARTESIAN_POINT('',(206.87221336113,-0.781202848858,
    -104.002544072));
#5867 = CARTESIAN_POINT('',(206.8684918829,-0.830011854853,
    -104.0231148563));
#5868 = CARTESIAN_POINT('',(206.86471634126,-0.876578735477,
    -104.0442414731));
#5869 = CARTESIAN_POINT('',(206.85519164422,-0.98777840646,
    -104.098229951));
#5870 = CARTESIAN_POINT('',(206.84939740976,-1.049897554138,
    -104.131682743));
#5871 = CARTESIAN_POINT('',(206.84354442677,-1.108426555708,
    -104.1661539921));
#5872 = CARTESIAN_POINT('',(206.83765729376,-1.16389063484,
    -104.2015727031));
#5873 = CARTESIAN_POINT('',(206.83175448794,-1.216649392213,
    -104.2378992415));
#5874 = CARTESIAN_POINT('',(206.82585064432,-1.266992642693,
    -104.2751166991));
#5875 = CARTESIAN_POINT('',(206.81995748331,-1.315173265048,
    -104.3132300942));
#5876 = CARTESIAN_POINT('',(206.80328571206,-1.446310364577,
    -104.4240423099));
#5877 = CARTESIAN_POINT('',(206.7925688862,-1.524455508836,
    -104.4988442328));
#5878 = CARTESIAN_POINT('',(206.78198740209,-1.597071108216,
    -104.57686379));
#5879 = CARTESIAN_POINT('',(206.7715955752,-1.664764709648,
    -104.658358449));
#5880 = CARTESIAN_POINT('',(206.76145823965,-1.727874855596,
    -104.7436718528));
#5881 = CARTESIAN_POINT('',(206.75165245477,-1.786574198759,
    -104.8332309909));
#5882 = CARTESIAN_POINT('',(206.74227298665,-1.840837096289,
    -104.9276162835));
#5883 = CARTESIAN_POINT('',(206.72510695392,-1.937343597121,
    -105.1226173703));
#5884 = CARTESIAN_POINT('',(206.7173164208,-1.979768321226,
    -105.2220135873));
#5885 = CARTESIAN_POINT('',(206.71010875194,-2.0179977774,
    -105.3275647862));
#5886 = CARTESIAN_POINT('',(206.70365095637,-2.051449085892,
    -105.4403806121));
#5887 = CARTESIAN_POINT('',(206.69824356143,-2.078899662569,
    -105.5610235911));
#5888 = CARTESIAN_POINT('',(206.69427676821,-2.09880668963,
    -105.689375654));
#5889 = CARTESIAN_POINT('',(206.69219487701,-2.109256323347,
    -105.8244949951));
#5890 = CARTESIAN_POINT('',(206.69219487701,-2.109256323347,
    -105.963364566));
#5891 = PCURVE('',#5497,#5892);
#5892 = DEFINITIONAL_REPRESENTATION('',(#5893),#5959);
#5893 = B_SPLINE_CURVE_WITH_KNOTS('',8,(#5894,#5895,#5896,#5897,#5898,
    #5899,#5900,#5901,#5902,#5903,#5904,#5905,#5906,#5907,#5908,#5909,
    #5910,#5911,#5912,#5913,#5914,#5915,#5916,#5917,#5918,#5919,#5920,
    #5921,#5922,#5923,#5924,#5925,#5926,#5927,#5928,#5929,#5930,#5931,
    #5932,#5933,#5934,#5935,#5936,#5937,#5938,#5939,#5940,#5941,#5942,
    #5943,#5944,#5945,#5946,#5947,#5948,#5949,#5950,#5951,#5952,#5953,
    #5954,#5955,#5956,#5957,#5958),.UNSPECIFIED.,.F.,.F.,(9,7,7,7,7,7,7,
    7,7,9),(0.,0.164405120567,0.366438917242,0.443147311768,
    0.517290164172,0.552435602531,0.609624299029,0.694892884473,
    0.851634700498,1.),.UNSPECIFIED.);
#5894 = CARTESIAN_POINT('',(0.,-10.58655130092));
#5895 = CARTESIAN_POINT('',(-7.025359688926E-02,-10.58655129797));
#5896 = CARTESIAN_POINT('',(-0.138333880723,-10.58892183841));
#5897 = CARTESIAN_POINT('',(-0.203204562611,-10.59340575534));
#5898 = CARTESIAN_POINT('',(-0.264836344374,-10.59946029288));
#5899 = CARTESIAN_POINT('',(-0.323347076857,-10.60663259325));
#5900 = CARTESIAN_POINT('',(-0.379157078813,-10.61458109758));
#5901 = CARTESIAN_POINT('',(-0.432952133291,-10.62313028522));
#5902 = CARTESIAN_POINT('',(-0.550890213404,-10.64350843942));
#5903 = CARTESIAN_POINT('',(-0.613872916742,-10.65551713019));
#5904 = CARTESIAN_POINT('',(-0.675945045317,-10.66807994519));
#5905 = CARTESIAN_POINT('',(-0.737883639851,-10.6810537879));
#5906 = CARTESIAN_POINT('',(-0.800333244656,-10.69431581329));
#5907 = CARTESIAN_POINT('',(-0.864287602905,-10.70774741643));
#5908 = CARTESIAN_POINT('',(-0.930578988694,-10.7212439544));
#5909 = CARTESIAN_POINT('',(-1.028838117024,-10.73972813547));
#5910 = CARTESIAN_POINT('',(-1.056542293756,-10.74479214023));
#5911 = CARTESIAN_POINT('',(-1.085068345069,-10.74982641819));
#5912 = CARTESIAN_POINT('',(-1.114568390089,-10.75481867751));
#5913 = CARTESIAN_POINT('',(-1.145245775934,-10.75974775153));
#5914 = CARTESIAN_POINT('',(-1.177337640694,-10.76458456244));
#5915 = CARTESIAN_POINT('',(-1.21116255176,-10.76928912109));
#5916 = CARTESIAN_POINT('',(-1.282372397264,-10.77815016797));
#5917 = CARTESIAN_POINT('',(-1.319467288292,-10.7823030767));
#5918 = CARTESIAN_POINT('',(-1.359853890569,-10.78627095677));
#5919 = CARTESIAN_POINT('',(-1.404261896819,-10.7899189914));
#5920 = CARTESIAN_POINT('',(-1.453018541213,-10.79292102655));
#5921 = CARTESIAN_POINT('',(-1.505825954371,-10.79489037424));
#5922 = CARTESIAN_POINT('',(-1.562271431695,-10.79526527126));
#5923 = CARTESIAN_POINT('',(-1.645171891612,-10.79363748074));
#5924 = CARTESIAN_POINT('',(-1.671090929014,-10.79279474481));
#5925 = CARTESIAN_POINT('',(-1.695996958257,-10.79167439751));
#5926 = CARTESIAN_POINT('',(-1.719794775607,-10.79032997881));
#5927 = CARTESIAN_POINT('',(-1.742492589938,-10.78881212689));
#5928 = CARTESIAN_POINT('',(-1.76415845822,-10.78715964181));
#5929 = CARTESIAN_POINT('',(-1.784907021746,-10.78539631959));
#5930 = CARTESIAN_POINT('',(-1.837475878028,-10.78050222591));
#5931 = CARTESIAN_POINT('',(-1.86783266652,-10.77722931591));
#5932 = CARTESIAN_POINT('',(-1.896523279313,-10.77378823445));
#5933 = CARTESIAN_POINT('',(-1.923817748808,-10.77022418319));
#5934 = CARTESIAN_POINT('',(-1.949922036924,-10.76656978504));
#5935 = CARTESIAN_POINT('',(-1.975018480937,-10.76284830681));
#5936 = CARTESIAN_POINT('',(-1.999253288252,-10.75907276517));
#5937 = CARTESIAN_POINT('',(-2.057858142026,-10.74954806813));
#5938 = CARTESIAN_POINT('',(-2.091278797525,-10.74375383367));
#5939 = CARTESIAN_POINT('',(-2.123443729224,-10.73790085068));
#5940 = CARTESIAN_POINT('',(-2.154604696687,-10.73201371767));
#5941 = CARTESIAN_POINT('',(-2.184938469551,-10.72611091185));
#5942 = CARTESIAN_POINT('',(-2.21459283652,-10.72020706823));
#5943 = CARTESIAN_POINT('',(-2.243703561184,-10.71431390721));
#5944 = CARTESIAN_POINT('',(-2.325100158434,-10.69764213597));
#5945 = CARTESIAN_POINT('',(-2.376287961197,-10.68692531011));
#5946 = CARTESIAN_POINT('',(-2.426681048741,-10.676343826));
#5947 = CARTESIAN_POINT('',(-2.476748238294,-10.66595199911));
#5948 = CARTESIAN_POINT('',(-2.526897219993,-10.65581466356));
#5949 = CARTESIAN_POINT('',(-2.57752302114,-10.64600887868));
#5950 = CARTESIAN_POINT('',(-2.629039201128,-10.63662941056));
#5951 = CARTESIAN_POINT('',(-2.732191723525,-10.61946337783));
#5952 = CARTESIAN_POINT('',(-2.783347597763,-10.61167284471));
#5953 = CARTESIAN_POINT('',(-2.836430240643,-10.60446517585));
#5954 = CARTESIAN_POINT('',(-2.892007192267,-10.59800738028));
#5955 = CARTESIAN_POINT('',(-2.950406806523,-10.59259998534));
#5956 = CARTESIAN_POINT('',(-3.011694460206,-10.58863319212));
#5957 = CARTESIAN_POINT('',(-3.075754486212,-10.58655130092));
#5958 = CARTESIAN_POINT('',(-3.14159265359,-10.58655130092));
#5959 = ( GEOMETRIC_REPRESENTATION_CONTEXT(2) 
PARAMETRIC_REPRESENTATION_CONTEXT() REPRESENTATION_CONTEXT('2D SPACE',''
  ) );
#5960 = PCURVE('',#5749,#5961);
#5961 = DEFINITIONAL_REPRESENTATION('',(#5962),#6028);
#5962 = B_SPLINE_CURVE_WITH_KNOTS('',8,(#5963,#5964,#5965,#5966,#5967,
    #5968,#5969,#5970,#5971,#5972,#5973,#5974,#5975,#5976,#5977,#5978,
    #5979,#5980,#5981,#5982,#5983,#5984,#5985,#5986,#5987,#5988,#5989,
    #5990,#5991,#5992,#5993,#5994,#5995,#5996,#5997,#5998,#5999,#6000,
    #6001,#6002,#6003,#6004,#6005,#6006,#6007,#6008,#6009,#6010,#6011,
    #6012,#6013,#6014,#6015,#6016,#6017,#6018,#6019,#6020,#6021,#6022,
    #6023,#6024,#6025,#6026,#6027),.UNSPECIFIED.,.F.,.F.,(9,7,7,7,7,7,7,
    7,7,9),(0.,0.164405120567,0.366438917242,0.443147311768,
    0.517290164172,0.552435602531,0.609624299029,0.694892884473,
    0.851634700498,1.),.UNSPECIFIED.);
#5963 = CARTESIAN_POINT('',(4.909052923149,-667.4775860839));
#5964 = CARTESIAN_POINT('',(4.909052924549,-667.3294032404));
#5965 = CARTESIAN_POINT('',(4.907928996919,-667.1858040174));
#5966 = CARTESIAN_POINT('',(4.905803502058,-667.0500925097));
#5967 = CARTESIAN_POINT('',(4.902896390729,-666.9231388314));
#5968 = CARTESIAN_POINT('',(4.899376416868,-666.8049575032));
#5969 = CARTESIAN_POINT('',(4.89537488594,-666.6947980851));
#5970 = CARTESIAN_POINT('',(4.890947754449,-666.5913100794));
#5971 = CARTESIAN_POINT('',(4.880022033272,-666.3713373798));
#5972 = CARTESIAN_POINT('',(4.873346811365,-666.2586279431));
#5973 = CARTESIAN_POINT('',(4.866050814344,-666.1526116544));
#5974 = CARTESIAN_POINT('',(4.85810307776,-666.0524343324));
#5975 = CARTESIAN_POINT('',(4.849473874743,-665.9574172652));
#5976 = CARTESIAN_POINT('',(4.840028510306,-665.8672311477));
#5977 = CARTESIAN_POINT('',(4.829651992171,-665.7815982811));
#5978 = CARTESIAN_POINT('',(4.813386978915,-665.6699327792));
#5979 = CARTESIAN_POINT('',(4.808715062438,-665.6399312221));
#5980 = CARTESIAN_POINT('',(4.803818517476,-665.6106495411));
#5981 = CARTESIAN_POINT('',(4.798668309307,-665.5821154682));
#5982 = CARTESIAN_POINT('',(4.793224462706,-665.5544047224));
#5983 = CARTESIAN_POINT('',(4.787439829536,-665.5276318949));
#5984 = CARTESIAN_POINT('',(4.781251049537,-665.5019624654));
#5985 = CARTESIAN_POINT('',(4.768032646068,-665.4542264791));
#5986 = CARTESIAN_POINT('',(4.76106268523,-665.4321571092));
#5987 = CARTESIAN_POINT('',(4.753392307096,-665.411328878));
#5988 = CARTESIAN_POINT('',(4.744866816106,-665.3924041028));
#5989 = CARTESIAN_POINT('',(4.735416837892,-665.3770491666));
#5990 = CARTESIAN_POINT('',(4.725095908764,-665.3670106376));
#5991 = CARTESIAN_POINT('',(4.714046105009,-665.3650722672));
#5992 = CARTESIAN_POINT('',(4.697865209817,-665.3734120157));
#5993 = CARTESIAN_POINT('',(4.692813449289,-665.3777333879));
#5994 = CARTESIAN_POINT('',(4.687971526363,-665.3834888231));
#5995 = CARTESIAN_POINT('',(4.6833608123,-665.3904175321));
#5996 = CARTESIAN_POINT('',(4.678980801439,-665.3982729819));
#5997 = CARTESIAN_POINT('',(4.674818232433,-665.4068660826));
#5998 = CARTESIAN_POINT('',(4.670850510777,-665.4160823111));
#5999 = CARTESIAN_POINT('',(4.660848579305,-665.4418050403));
#6000 = CARTESIAN_POINT('',(4.655125770193,-665.4591433133));
#6001 = CARTESIAN_POINT('',(4.649770130914,-665.4775439463));
#6002 = CARTESIAN_POINT('',(4.644727920785,-665.4968005471));
#6003 = CARTESIAN_POINT('',(4.639957757002,-665.5167655899));
#6004 = CARTESIAN_POINT('',(4.635423118148,-665.5373363742));
#6005 = CARTESIAN_POINT('',(4.631095115206,-665.558462991));
#6006 = CARTESIAN_POINT('',(4.620756007902,-665.6124514689));
#6007 = CARTESIAN_POINT('',(4.614976556029,-665.6459042609));
#6008 = CARTESIAN_POINT('',(4.609527660193,-665.6803755101));
#6009 = CARTESIAN_POINT('',(4.604360855645,-665.715794221));
#6010 = CARTESIAN_POINT('',(4.599443004293,-665.7521207594));
#6011 = CARTESIAN_POINT('',(4.594747417464,-665.789338217));
#6012 = CARTESIAN_POINT('',(4.590250812455,-665.8274516121));
#6013 = CARTESIAN_POINT('',(4.578004667331,-665.9382638279));
#6014 = CARTESIAN_POINT('',(4.570697999764,-666.0130657507));
#6015 = CARTESIAN_POINT('',(4.563900319528,-666.0910853079));
#6016 = CARTESIAN_POINT('',(4.557556145528,-666.1725799669));
#6017 = CARTESIAN_POINT('',(4.551635017694,-666.2578933707));
#6018 = CARTESIAN_POINT('',(4.54612198144,-666.3474525089));
#6019 = CARTESIAN_POINT('',(4.541020658391,-666.4418378014));
#6020 = CARTESIAN_POINT('',(4.531940095792,-666.6368388882));
#6021 = CARTESIAN_POINT('',(4.527944274026,-666.7362351053));
#6022 = CARTESIAN_POINT('',(4.524340413756,-666.8417863042));
#6023 = CARTESIAN_POINT('',(4.521184366041,-666.95460213));
#6024 = CARTESIAN_POINT('',(4.518592520254,-667.075245109));
#6025 = CARTESIAN_POINT('',(4.516712102792,-667.2035971719));
#6026 = CARTESIAN_POINT('',(4.51572503762,-667.3387165131));
#6027 = CARTESIAN_POINT('',(4.51572503762,-667.4775860839));
#6028 = ( GEOMETRIC_REPRESENTATION_CONTEXT(2) 
PARAMETRIC_REPRESENTATION_CONTEXT() REPRESENTATION_CONTEXT('2D SPACE',''
  ) );
#6029 = ADVANCED_FACE('',(#6030),#5528,.F.);
#6030 = FACE_BOUND('',#6031,.F.);
#6031 = EDGE_LOOP('',(#6032,#6055,#6076,#6077));
#6032 = ORIENTED_EDGE('',*,*,#6033,.F.);
#6033 = EDGE_CURVE('',#6034,#5512,#6036,.T.);
#6034 = VERTEX_POINT('',#6035);
#6035 = CARTESIAN_POINT('',(196.10564357609,10.794629715034,
    -94.6244103298));
#6036 = SEAM_CURVE('',#6037,(#6041,#6048),.PCURVE_S1.);
#6037 = LINE('',#6038,#6039);
#6038 = CARTESIAN_POINT('',(196.10564357609,10.794629715034,
    -94.6244103298));
#6039 = VECTOR('',#6040,1.);
#6040 = DIRECTION('',(1.21802425746E-16,0.707106781187,0.707106781187));
#6041 = PCURVE('',#5528,#6042);
#6042 = DEFINITIONAL_REPRESENTATION('',(#6043),#6047);
#6043 = LINE('',#6044,#6045);
#6044 = CARTESIAN_POINT('',(0.,0.));
#6045 = VECTOR('',#6046,1.);
#6046 = DIRECTION('',(0.,1.));
#6047 = ( GEOMETRIC_REPRESENTATION_CONTEXT(2) 
PARAMETRIC_REPRESENTATION_CONTEXT() REPRESENTATION_CONTEXT('2D SPACE',''
  ) );
#6048 = PCURVE('',#5528,#6049);
#6049 = DEFINITIONAL_REPRESENTATION('',(#6050),#6054);
#6050 = LINE('',#6051,#6052);
#6051 = CARTESIAN_POINT('',(6.28318530718,0.));
#6052 = VECTOR('',#6053,1.);
#6053 = DIRECTION('',(0.,1.));
#6054 = ( GEOMETRIC_REPRESENTATION_CONTEXT(2) 
PARAMETRIC_REPRESENTATION_CONTEXT() REPRESENTATION_CONTEXT('2D SPACE',''
  ) );
#6055 = ORIENTED_EDGE('',*,*,#6056,.T.);
#6056 = EDGE_CURVE('',#6034,#6034,#6057,.T.);
#6057 = SURFACE_CURVE('',#6058,(#6063,#6069),.PCURVE_S1.);
#6058 = CIRCLE('',#6059,10.794629715034);
#6059 = AXIS2_PLACEMENT_3D('',#6060,#6061,#6062);
#6060 = CARTESIAN_POINT('',(196.10564357609,3.944304526105E-31,
    -94.6244103298));
#6061 = DIRECTION('',(0.,-0.,1.));
#6062 = DIRECTION('',(1.722546424199E-16,1.,0.));
#6063 = PCURVE('',#5528,#6064);
#6064 = DEFINITIONAL_REPRESENTATION('',(#6065),#6068);
#6065 = B_SPLINE_CURVE_WITH_KNOTS('',1,(#6066,#6067),.UNSPECIFIED.,.F.,
  .F.,(2,2),(0.,6.28318530718),.PIECEWISE_BEZIER_KNOTS.);
#6066 = CARTESIAN_POINT('',(0.,0.));
#6067 = CARTESIAN_POINT('',(6.28318530718,0.));
#6068 = ( GEOMETRIC_REPRESENTATION_CONTEXT(2) 
PARAMETRIC_REPRESENTATION_CONTEXT() REPRESENTATION_CONTEXT('2D SPACE',''
  ) );
#6069 = PCURVE('',#5749,#6070);
#6070 = DEFINITIONAL_REPRESENTATION('',(#6071),#6075);
#6071 = LINE('',#6072,#6073);
#6072 = CARTESIAN_POINT('',(0.,-656.1386318477));
#6073 = VECTOR('',#6074,1.);
#6074 = DIRECTION('',(1.,0.));
#6075 = ( GEOMETRIC_REPRESENTATION_CONTEXT(2) 
PARAMETRIC_REPRESENTATION_CONTEXT() REPRESENTATION_CONTEXT('2D SPACE',''
  ) );
#6076 = ORIENTED_EDGE('',*,*,#6033,.T.);
#6077 = ORIENTED_EDGE('',*,*,#5511,.F.);
#6078 = ADVANCED_FACE('',(#6079),#5567,.F.);
#6079 = FACE_BOUND('',#6080,.F.);
#6080 = EDGE_LOOP('',(#6081,#6104,#6105,#6106));
#6081 = ORIENTED_EDGE('',*,*,#6082,.F.);
#6082 = EDGE_CURVE('',#5547,#6083,#6085,.T.);
#6083 = VERTEX_POINT('',#6084);
#6084 = CARTESIAN_POINT('',(196.10564357609,10.794629715034,
    -117.3023188023));
#6085 = SEAM_CURVE('',#6086,(#6090,#6097),.PCURVE_S1.);
#6086 = LINE('',#6087,#6088);
#6087 = CARTESIAN_POINT('',(196.10564357609,10.794629715034,
    -117.3023188023));
#6088 = VECTOR('',#6089,1.);
#6089 = DIRECTION('',(-1.21802425746E-16,-0.707106781187,0.707106781187)
  );
#6090 = PCURVE('',#5567,#6091);
#6091 = DEFINITIONAL_REPRESENTATION('',(#6092),#6096);
#6092 = LINE('',#6093,#6094);
#6093 = CARTESIAN_POINT('',(-0.,-0.));
#6094 = VECTOR('',#6095,1.);
#6095 = DIRECTION('',(-0.,-1.));
#6096 = ( GEOMETRIC_REPRESENTATION_CONTEXT(2) 
PARAMETRIC_REPRESENTATION_CONTEXT() REPRESENTATION_CONTEXT('2D SPACE',''
  ) );
#6097 = PCURVE('',#5567,#6098);
#6098 = DEFINITIONAL_REPRESENTATION('',(#6099),#6103);
#6099 = LINE('',#6100,#6101);
#6100 = CARTESIAN_POINT('',(-6.28318530718,-0.));
#6101 = VECTOR('',#6102,1.);
#6102 = DIRECTION('',(-0.,-1.));
#6103 = ( GEOMETRIC_REPRESENTATION_CONTEXT(2) 
PARAMETRIC_REPRESENTATION_CONTEXT() REPRESENTATION_CONTEXT('2D SPACE',''
  ) );
#6104 = ORIENTED_EDGE('',*,*,#5546,.T.);
#6105 = ORIENTED_EDGE('',*,*,#6082,.T.);
#6106 = ORIENTED_EDGE('',*,*,#6107,.F.);
#6107 = EDGE_CURVE('',#6083,#6083,#6108,.T.);
#6108 = SURFACE_CURVE('',#6109,(#6114,#6121),.PCURVE_S1.);
#6109 = CIRCLE('',#6110,10.794629715034);
#6110 = AXIS2_PLACEMENT_3D('',#6111,#6112,#6113);
#6111 = CARTESIAN_POINT('',(196.10564357609,3.944304526105E-31,
    -117.3023188023));
#6112 = DIRECTION('',(0.,-0.,1.));
#6113 = DIRECTION('',(1.722546424199E-16,1.,0.));
#6114 = PCURVE('',#5567,#6115);
#6115 = DEFINITIONAL_REPRESENTATION('',(#6116),#6120);
#6116 = LINE('',#6117,#6118);
#6117 = CARTESIAN_POINT('',(-0.,-0.));
#6118 = VECTOR('',#6119,1.);
#6119 = DIRECTION('',(-1.,-0.));
#6120 = ( GEOMETRIC_REPRESENTATION_CONTEXT(2) 
PARAMETRIC_REPRESENTATION_CONTEXT() REPRESENTATION_CONTEXT('2D SPACE',''
  ) );
#6121 = PCURVE('',#5749,#6122);
#6122 = DEFINITIONAL_REPRESENTATION('',(#6123),#6126);
#6123 = B_SPLINE_CURVE_WITH_KNOTS('',1,(#6124,#6125),.UNSPECIFIED.,.F.,
  .F.,(2,2),(0.,6.28318530718),.PIECEWISE_BEZIER_KNOTS.);
#6124 = CARTESIAN_POINT('',(0.,-678.8165403202));
#6125 = CARTESIAN_POINT('',(6.28318530718,-678.8165403202));
#6126 = ( GEOMETRIC_REPRESENTATION_CONTEXT(2) 
PARAMETRIC_REPRESENTATION_CONTEXT() REPRESENTATION_CONTEXT('2D SPACE',''
  ) );
#6127 = ADVANCED_FACE('',(#6128,#6154),#5749,.F.);
#6128 = FACE_BOUND('',#6129,.F.);
#6129 = EDGE_LOOP('',(#6130,#6151,#6152,#6153));
#6130 = ORIENTED_EDGE('',*,*,#6131,.T.);
#6131 = EDGE_CURVE('',#6034,#6083,#6132,.T.);
#6132 = SEAM_CURVE('',#6133,(#6137,#6144),.PCURVE_S1.);
#6133 = LINE('',#6134,#6135);
#6134 = CARTESIAN_POINT('',(196.10564357609,10.794629715034,
    561.51422151791));
#6135 = VECTOR('',#6136,1.);
#6136 = DIRECTION('',(0.,0.,-1.));
#6137 = PCURVE('',#5749,#6138);
#6138 = DEFINITIONAL_REPRESENTATION('',(#6139),#6143);
#6139 = LINE('',#6140,#6141);
#6140 = CARTESIAN_POINT('',(0.,0.));
#6141 = VECTOR('',#6142,1.);
#6142 = DIRECTION('',(0.,-1.));
#6143 = ( GEOMETRIC_REPRESENTATION_CONTEXT(2) 
PARAMETRIC_REPRESENTATION_CONTEXT() REPRESENTATION_CONTEXT('2D SPACE',''
  ) );
#6144 = PCURVE('',#5749,#6145);
#6145 = DEFINITIONAL_REPRESENTATION('',(#6146),#6150);
#6146 = LINE('',#6147,#6148);
#6147 = CARTESIAN_POINT('',(6.28318530718,0.));
#6148 = VECTOR('',#6149,1.);
#6149 = DIRECTION('',(0.,-1.));
#6150 = ( GEOMETRIC_REPRESENTATION_CONTEXT(2) 
PARAMETRIC_REPRESENTATION_CONTEXT() REPRESENTATION_CONTEXT('2D SPACE',''
  ) );
#6151 = ORIENTED_EDGE('',*,*,#6107,.T.);
#6152 = ORIENTED_EDGE('',*,*,#6131,.F.);
#6153 = ORIENTED_EDGE('',*,*,#6056,.F.);
#6154 = FACE_BOUND('',#6155,.F.);
#6155 = EDGE_LOOP('',(#6156,#6157));
#6156 = ORIENTED_EDGE('',*,*,#5609,.F.);
#6157 = ORIENTED_EDGE('',*,*,#5823,.F.);
#6158 = ( GEOMETRIC_REPRESENTATION_CONTEXT(3) 
GLOBAL_UNCERTAINTY_ASSIGNED_CONTEXT((#6162)) 
GLOBAL_UNIT_ASSIGNED_CONTEXT((#6159,#6160,#6161)) REPRESENTATION_CONTEXT
('Context #1','3D Context with UNIT and UNCERTAINTY') );
#6159 = ( LENGTH_UNIT() NAMED_UNIT(*) SI_UNIT(.MILLI.,.METRE.) );
#6160 = ( NAMED_UNIT(*) PLANE_ANGLE_UNIT() SI_UNIT($,.RADIAN.) );
#6161 = ( NAMED_UNIT(*) SI_UNIT($,.STERADIAN.) SOLID_ANGLE_UNIT() );
#6162 = UNCERTAINTY_MEASURE_WITH_UNIT(LENGTH_MEASURE(2.E-03),#6159,
  'distance_accuracy_value','confusion accuracy');
#6163 = CONTEXT_DEPENDENT_SHAPE_REPRESENTATION(#6164,#6166);
#6164 = ( REPRESENTATION_RELATIONSHIP('','',#237,#10) 
REPRESENTATION_RELATIONSHIP_WITH_TRANSFORMATION(#6165) 
SHAPE_REPRESENTATION_RELATIONSHIP() );
#6165 = ITEM_DEFINED_TRANSFORMATION('','',#11,#19);
#6166 = PRODUCT_DEFINITION_SHAPE('Placement','Placement of an item',
  #6167);
#6167 = NEXT_ASSEMBLY_USAGE_OCCURRENCE('4','','',#5,#232,$);
#6168 = PRODUCT_RELATED_PRODUCT_CATEGORY('part',$,(#234));
ENDSEC;
END-ISO-10303-21;
