ISO-10303-21;
HEADER;
FILE_DESCRIPTION(('Open CASCADE Model'),'2;1');
FILE_NAME('Open CASCADE Shape Model','2026-07-11T18:32:31',('Author'),(
    'Open CASCADE'),'Open CASCADE STEP processor 8.0','Open CASCADE 8.0'
  ,'Unknown');
FILE_SCHEMA(('AUTOMOTIVE_DESIGN { 1 0 10303 214 1 1 1 1 }'));
ENDSEC;
DATA;
#1 = APPLICATION_PROTOCOL_DEFINITION('international standard',
  'automotive_design',2000,#2);
#2 = APPLICATION_CONTEXT(
  'core data for automotive mechanical design processes');
#3 = SHAPE_DEFINITION_REPRESENTATION(#4,#10);
#4 = PRODUCT_DEFINITION_SHAPE('','',#5);
#5 = PRODUCT_DEFINITION('design','',#6,#9);
#6 = PRODUCT_DEFINITION_FORMATION('','',#7);
#7 = PRODUCT('Open CASCADE STEP translator 8.0 1',
  'Open CASCADE STEP translator 8.0 1','',(#8));
#8 = PRODUCT_CONTEXT('',#2,'mechanical');
#9 = PRODUCT_DEFINITION_CONTEXT('part definition',#2,'design');
#10 = SHAPE_REPRESENTATION('',(#11,#15,#19,#23,#27,#31,#35,#39,#43,#47,
    #51,#55,#59,#63,#67,#71,#75,#79,#83),#87);
#11 = AXIS2_PLACEMENT_3D('',#12,#13,#14);
#12 = CARTESIAN_POINT('',(0.,0.,0.));
#13 = DIRECTION('',(0.,0.,1.));
#14 = DIRECTION('',(1.,0.,-0.));
#15 = AXIS2_PLACEMENT_3D('',#16,#17,#18);
#16 = CARTESIAN_POINT('',(0.,0.,0.));
#17 = DIRECTION('',(0.,0.,1.));
#18 = DIRECTION('',(1.,0.,-0.));
#19 = AXIS2_PLACEMENT_3D('',#20,#21,#22);
#20 = CARTESIAN_POINT('',(0.,0.,0.));
#21 = DIRECTION('',(0.,0.,1.));
#22 = DIRECTION('',(1.,0.,-0.));
#23 = AXIS2_PLACEMENT_3D('',#24,#25,#26);
#24 = CARTESIAN_POINT('',(-72.5449142456,-33.12383270263,0.));
#25 = DIRECTION('',(0.,0.,1.));
#26 = DIRECTION('',(1.,0.,0.));
#27 = AXIS2_PLACEMENT_3D('',#28,#29,#30);
#28 = CARTESIAN_POINT('',(-67.79491400585,-33.12383270263,8.227241474372
    ));
#29 = DIRECTION('',(0.866025418355,-2.121080459778E-16,0.499999974763));
#30 = DIRECTION('',(0.499999974763,1.224606415633E-16,-0.866025418355));
#31 = AXIS2_PLACEMENT_3D('',#32,#33,#34);
#32 = CARTESIAN_POINT('',(-58.2949137661,-33.12383270263,8.227241059113)
  );
#33 = DIRECTION('',(0.866025374644,-2.12108035272E-16,-0.500000050474));
#34 = DIRECTION('',(-0.500000050474,3.673819185088E-16,-0.866025374644)
  );
#35 = AXIS2_PLACEMENT_3D('',#36,#37,#38);
#36 = CARTESIAN_POINT('',(-53.5449142456,-33.12383270263,
    1.434460091429E-06));
#37 = DIRECTION('',(1.509957990978E-07,-3.698208299514E-23,-1.));
#38 = DIRECTION('',(-1.,4.898425415289E-16,-1.509957990978E-07));
#39 = AXIS2_PLACEMENT_3D('',#40,#41,#42);
#40 = CARTESIAN_POINT('',(-58.2949152046,-33.12383270263,-8.22724188963)
  );
#41 = DIRECTION('',(-0.866025462066,2.121080566837E-16,-0.499999899053)
  );
#42 = DIRECTION('',(-0.499999899053,3.673818814226E-16,0.866025462066));
#43 = AXIS2_PLACEMENT_3D('',#44,#45,#46);
#44 = CARTESIAN_POINT('',(-67.79491348282,-33.12383270263,
    -8.227241776344));
#45 = DIRECTION('',(-0.866025450141,2.12108053763E-16,0.499999919707));
#46 = DIRECTION('',(0.499999919707,1.224606550476E-16,0.866025450141));
#47 = AXIS2_PLACEMENT_3D('',#48,#49,#50);
#48 = CARTESIAN_POINT('',(-72.5449142456,-53.12383270263,0.));
#49 = DIRECTION('',(0.,0.,1.));
#50 = DIRECTION('',(1.,0.,0.));
#51 = AXIS2_PLACEMENT_3D('',#52,#53,#54);
#52 = CARTESIAN_POINT('',(-67.79491400585,-53.12383270263,8.227241474372
    ));
#53 = DIRECTION('',(0.866025418355,-2.121080459778E-16,0.499999974763));
#54 = DIRECTION('',(0.499999974763,1.224606415633E-16,-0.866025418355));
#55 = AXIS2_PLACEMENT_3D('',#56,#57,#58);
#56 = CARTESIAN_POINT('',(-58.2949137661,-53.12383270263,8.227241059113)
  );
#57 = DIRECTION('',(0.866025374644,-2.12108035272E-16,-0.500000050474));
#58 = DIRECTION('',(-0.500000050474,3.673819185088E-16,-0.866025374644)
  );
#59 = AXIS2_PLACEMENT_3D('',#60,#61,#62);
#60 = CARTESIAN_POINT('',(-53.5449142456,-53.12383270263,
    1.434460091429E-06));
#61 = DIRECTION('',(1.509957990978E-07,-3.698208299514E-23,-1.));
#62 = DIRECTION('',(-1.,4.898425415289E-16,-1.509957990978E-07));
#63 = AXIS2_PLACEMENT_3D('',#64,#65,#66);
#64 = CARTESIAN_POINT('',(-58.2949152046,-53.12383270263,-8.22724188963)
  );
#65 = DIRECTION('',(-0.866025462066,2.121080566837E-16,-0.499999899053)
  );
#66 = DIRECTION('',(-0.499999899053,3.673818814226E-16,0.866025462066));
#67 = AXIS2_PLACEMENT_3D('',#68,#69,#70);
#68 = CARTESIAN_POINT('',(-67.79491348282,-53.12383270263,
    -8.227241776344));
#69 = DIRECTION('',(-0.866025450141,2.12108053763E-16,0.499999919707));
#70 = DIRECTION('',(0.499999919707,1.224606550476E-16,0.866025450141));
#71 = AXIS2_PLACEMENT_3D('',#72,#73,#74);
#72 = CARTESIAN_POINT('',(0.,0.,0.));
#73 = DIRECTION('',(0.,0.,1.));
#74 = DIRECTION('',(1.,0.,-0.));
#75 = AXIS2_PLACEMENT_3D('',#76,#77,#78);
#76 = CARTESIAN_POINT('',(0.,0.,0.));
#77 = DIRECTION('',(0.,0.,1.));
#78 = DIRECTION('',(1.,0.,-0.));
#79 = AXIS2_PLACEMENT_3D('',#80,#81,#82);
#80 = CARTESIAN_POINT('',(0.,0.,0.));
#81 = DIRECTION('',(0.,0.,1.));
#82 = DIRECTION('',(1.,0.,-0.));
#83 = AXIS2_PLACEMENT_3D('',#84,#85,#86);
#84 = CARTESIAN_POINT('',(0.,0.,0.));
#85 = DIRECTION('',(0.,0.,1.));
#86 = DIRECTION('',(1.,0.,-0.));
#87 = ( GEOMETRIC_REPRESENTATION_CONTEXT(3) 
GLOBAL_UNCERTAINTY_ASSIGNED_CONTEXT((#91)) GLOBAL_UNIT_ASSIGNED_CONTEXT(
(#88,#89,#90)) REPRESENTATION_CONTEXT('Context #1',
  '3D Context with UNIT and UNCERTAINTY') );
#88 = ( LENGTH_UNIT() NAMED_UNIT(*) SI_UNIT(.MILLI.,.METRE.) );
#89 = ( NAMED_UNIT(*) PLANE_ANGLE_UNIT() SI_UNIT($,.RADIAN.) );
#90 = ( NAMED_UNIT(*) SI_UNIT($,.STERADIAN.) SOLID_ANGLE_UNIT() );
#91 = UNCERTAINTY_MEASURE_WITH_UNIT(LENGTH_MEASURE(1.E-07),#88,
  'distance_accuracy_value','confusion accuracy');
#92 = PRODUCT_RELATED_PRODUCT_CATEGORY('part',$,(#7));
#93 = SHAPE_DEFINITION_REPRESENTATION(#94,#100);
#94 = PRODUCT_DEFINITION_SHAPE('','',#95);
#95 = PRODUCT_DEFINITION('design','',#96,#99);
#96 = PRODUCT_DEFINITION_FORMATION('','',#97);
#97 = PRODUCT('Open CASCADE STEP translator 8.0 1.1',
  'Open CASCADE STEP translator 8.0 1.1','',(#98));
#98 = PRODUCT_CONTEXT('',#2,'mechanical');
#99 = PRODUCT_DEFINITION_CONTEXT('part definition',#2,'design');
#100 = ADVANCED_BREP_SHAPE_REPRESENTATION('',(#11,#101),#647);
#101 = MANIFOLD_SOLID_BREP('',#102);
#102 = CLOSED_SHELL('',(#103,#191,#248,#304,#308,#364,#419,#475,#531,
    #586,#643));
#103 = ADVANCED_FACE('',(#104),#118,.T.);
#104 = FACE_BOUND('',#105,.T.);
#105 = EDGE_LOOP('',(#106,#136,#163,#164));
#106 = ORIENTED_EDGE('',*,*,#107,.F.);
#107 = EDGE_CURVE('',#108,#110,#112,.T.);
#108 = VERTEX_POINT('',#109);
#109 = CARTESIAN_POINT('',(-71.5449142456,-127.1238327026,0.));
#110 = VERTEX_POINT('',#111);
#111 = CARTESIAN_POINT('',(-71.5449142456,-54.8558835102,0.));
#112 = SEAM_CURVE('',#113,(#117,#129),.PCURVE_S1.);
#113 = LINE('',#114,#115);
#114 = CARTESIAN_POINT('',(-71.5449142456,-89.25289916992,0.));
#115 = VECTOR('',#116,1.);
#116 = DIRECTION('',(1.224606353822E-16,1.,0.));
#117 = PCURVE('',#118,#123);
#118 = CYLINDRICAL_SURFACE('',#119,8.5);
#119 = AXIS2_PLACEMENT_3D('',#120,#121,#122);
#120 = CARTESIAN_POINT('',(-63.0449142456,-89.25289916992,0.));
#121 = DIRECTION('',(2.449212707645E-16,1.,0.));
#122 = DIRECTION('',(-1.,2.449212707645E-16,0.));
#123 = DEFINITIONAL_REPRESENTATION('',(#124),#128);
#124 = LINE('',#125,#126);
#125 = CARTESIAN_POINT('',(0.,0.));
#126 = VECTOR('',#127,1.);
#127 = DIRECTION('',(0.,1.));
#128 = ( GEOMETRIC_REPRESENTATION_CONTEXT(2) 
PARAMETRIC_REPRESENTATION_CONTEXT() REPRESENTATION_CONTEXT('2D SPACE',''
  ) );
#129 = PCURVE('',#118,#130);
#130 = DEFINITIONAL_REPRESENTATION('',(#131),#135);
#131 = LINE('',#132,#133);
#132 = CARTESIAN_POINT('',(6.28318530718,0.));
#133 = VECTOR('',#134,1.);
#134 = DIRECTION('',(0.,1.));
#135 = ( GEOMETRIC_REPRESENTATION_CONTEXT(2) 
PARAMETRIC_REPRESENTATION_CONTEXT() REPRESENTATION_CONTEXT('2D SPACE',''
  ) );
#136 = ORIENTED_EDGE('',*,*,#137,.T.);
#137 = EDGE_CURVE('',#108,#108,#138,.T.);
#138 = SURFACE_CURVE('',#139,(#144,#151),.PCURVE_S1.);
#139 = CIRCLE('',#140,8.5);
#140 = AXIS2_PLACEMENT_3D('',#141,#142,#143);
#141 = CARTESIAN_POINT('',(-63.0449142456,-127.1238327026,0.));
#142 = DIRECTION('',(2.449212707645E-16,1.,0.));
#143 = DIRECTION('',(-1.,2.449212707645E-16,0.));
#144 = PCURVE('',#118,#145);
#145 = DEFINITIONAL_REPRESENTATION('',(#146),#150);
#146 = LINE('',#147,#148);
#147 = CARTESIAN_POINT('',(0.,-37.87093353271));
#148 = VECTOR('',#149,1.);
#149 = DIRECTION('',(1.,0.));
#150 = ( GEOMETRIC_REPRESENTATION_CONTEXT(2) 
PARAMETRIC_REPRESENTATION_CONTEXT() REPRESENTATION_CONTEXT('2D SPACE',''
  ) );
#151 = PCURVE('',#152,#157);
#152 = CONICAL_SURFACE('',#153,8.5,0.785398163397);
#153 = AXIS2_PLACEMENT_3D('',#154,#155,#156);
#154 = CARTESIAN_POINT('',(-63.0449142456,-127.1238327026,0.));
#155 = DIRECTION('',(2.449212707645E-16,1.,-0.));
#156 = DIRECTION('',(-1.,2.449212707645E-16,0.));
#157 = DEFINITIONAL_REPRESENTATION('',(#158),#162);
#158 = LINE('',#159,#160);
#159 = CARTESIAN_POINT('',(0.,-0.));
#160 = VECTOR('',#161,1.);
#161 = DIRECTION('',(1.,-0.));
#162 = ( GEOMETRIC_REPRESENTATION_CONTEXT(2) 
PARAMETRIC_REPRESENTATION_CONTEXT() REPRESENTATION_CONTEXT('2D SPACE',''
  ) );
#163 = ORIENTED_EDGE('',*,*,#107,.T.);
#164 = ORIENTED_EDGE('',*,*,#165,.F.);
#165 = EDGE_CURVE('',#110,#110,#166,.T.);
#166 = SURFACE_CURVE('',#167,(#172,#179),.PCURVE_S1.);
#167 = CIRCLE('',#168,8.5);
#168 = AXIS2_PLACEMENT_3D('',#169,#170,#171);
#169 = CARTESIAN_POINT('',(-63.0449142456,-54.8558835102,0.));
#170 = DIRECTION('',(2.449212707645E-16,1.,0.));
#171 = DIRECTION('',(-1.,2.449212707645E-16,0.));
#172 = PCURVE('',#118,#173);
#173 = DEFINITIONAL_REPRESENTATION('',(#174),#178);
#174 = LINE('',#175,#176);
#175 = CARTESIAN_POINT('',(0.,34.397015659716));
#176 = VECTOR('',#177,1.);
#177 = DIRECTION('',(1.,0.));
#178 = ( GEOMETRIC_REPRESENTATION_CONTEXT(2) 
PARAMETRIC_REPRESENTATION_CONTEXT() REPRESENTATION_CONTEXT('2D SPACE',''
  ) );
#179 = PCURVE('',#180,#185);
#180 = TOROIDAL_SURFACE('',#181,9.5,2.);
#181 = AXIS2_PLACEMENT_3D('',#182,#183,#184);
#182 = CARTESIAN_POINT('',(-63.0449142456,-53.12383270263,0.));
#183 = DIRECTION('',(-2.449212707645E-16,-1.,0.));
#184 = DIRECTION('',(-1.,2.449212707645E-16,0.));
#185 = DEFINITIONAL_REPRESENTATION('',(#186),#190);
#186 = LINE('',#187,#188);
#187 = CARTESIAN_POINT('',(-0.,2.094395102393));
#188 = VECTOR('',#189,1.);
#189 = DIRECTION('',(-1.,0.));
#190 = ( GEOMETRIC_REPRESENTATION_CONTEXT(2) 
PARAMETRIC_REPRESENTATION_CONTEXT() REPRESENTATION_CONTEXT('2D SPACE',''
  ) );
#191 = ADVANCED_FACE('',(#192),#152,.T.);
#192 = FACE_BOUND('',#193,.F.);
#193 = EDGE_LOOP('',(#194,#215,#216,#217));
#194 = ORIENTED_EDGE('',*,*,#195,.F.);
#195 = EDGE_CURVE('',#108,#196,#198,.T.);
#196 = VERTEX_POINT('',#197);
#197 = CARTESIAN_POINT('',(-70.5449142456,-128.1238327026,0.));
#198 = SEAM_CURVE('',#199,(#203,#209),.PCURVE_S1.);
#199 = LINE('',#200,#201);
#200 = CARTESIAN_POINT('',(-71.5449142456,-127.1238327026,0.));
#201 = VECTOR('',#202,1.);
#202 = DIRECTION('',(0.707106781187,-0.707106781187,0.));
#203 = PCURVE('',#152,#204);
#204 = DEFINITIONAL_REPRESENTATION('',(#205),#208);
#205 = B_SPLINE_CURVE_WITH_KNOTS('',1,(#206,#207),.UNSPECIFIED.,.F.,.F.,
  (2,2),(0.,1.414213562373),.PIECEWISE_BEZIER_KNOTS.);
#206 = CARTESIAN_POINT('',(0.,0.));
#207 = CARTESIAN_POINT('',(0.,-1.));
#208 = ( GEOMETRIC_REPRESENTATION_CONTEXT(2) 
PARAMETRIC_REPRESENTATION_CONTEXT() REPRESENTATION_CONTEXT('2D SPACE',''
  ) );
#209 = PCURVE('',#152,#210);
#210 = DEFINITIONAL_REPRESENTATION('',(#211),#214);
#211 = B_SPLINE_CURVE_WITH_KNOTS('',1,(#212,#213),.UNSPECIFIED.,.F.,.F.,
  (2,2),(0.,1.414213562373),.PIECEWISE_BEZIER_KNOTS.);
#212 = CARTESIAN_POINT('',(6.28318530718,0.));
#213 = CARTESIAN_POINT('',(6.28318530718,-1.));
#214 = ( GEOMETRIC_REPRESENTATION_CONTEXT(2) 
PARAMETRIC_REPRESENTATION_CONTEXT() REPRESENTATION_CONTEXT('2D SPACE',''
  ) );
#215 = ORIENTED_EDGE('',*,*,#137,.T.);
#216 = ORIENTED_EDGE('',*,*,#195,.T.);
#217 = ORIENTED_EDGE('',*,*,#218,.F.);
#218 = EDGE_CURVE('',#196,#196,#219,.T.);
#219 = SURFACE_CURVE('',#220,(#225,#232),.PCURVE_S1.);
#220 = CIRCLE('',#221,7.5);
#221 = AXIS2_PLACEMENT_3D('',#222,#223,#224);
#222 = CARTESIAN_POINT('',(-63.0449142456,-128.1238327026,0.));
#223 = DIRECTION('',(2.449212707645E-16,1.,0.));
#224 = DIRECTION('',(-1.,2.449212707645E-16,0.));
#225 = PCURVE('',#152,#226);
#226 = DEFINITIONAL_REPRESENTATION('',(#227),#231);
#227 = LINE('',#228,#229);
#228 = CARTESIAN_POINT('',(0.,-1.));
#229 = VECTOR('',#230,1.);
#230 = DIRECTION('',(1.,-0.));
#231 = ( GEOMETRIC_REPRESENTATION_CONTEXT(2) 
PARAMETRIC_REPRESENTATION_CONTEXT() REPRESENTATION_CONTEXT('2D SPACE',''
  ) );
#232 = PCURVE('',#233,#238);
#233 = PLANE('',#234);
#234 = AXIS2_PLACEMENT_3D('',#235,#236,#237);
#235 = CARTESIAN_POINT('',(-63.0449142456,-128.1238327026,0.));
#236 = DIRECTION('',(-2.449212707645E-16,-1.,0.));
#237 = DIRECTION('',(1.,-2.449212707645E-16,0.));
#238 = DEFINITIONAL_REPRESENTATION('',(#239),#247);
#239 = ( BOUNDED_CURVE() B_SPLINE_CURVE(2,(#240,#241,#242,#243,#244,#245
,#246),.UNSPECIFIED.,.T.,.F.) B_SPLINE_CURVE_WITH_KNOTS((1,2,2,2,2,1),(
    -2.094395102393,0.,2.094395102393,4.188790204786,6.28318530718,
8.377580409573),.UNSPECIFIED.) CURVE() GEOMETRIC_REPRESENTATION_ITEM() 
RATIONAL_B_SPLINE_CURVE((1.,0.5,1.,0.5,1.,0.5,1.)) REPRESENTATION_ITEM(
  '') );
#240 = CARTESIAN_POINT('',(-7.5,0.));
#241 = CARTESIAN_POINT('',(-7.5,12.990381056767));
#242 = CARTESIAN_POINT('',(3.75,6.495190528384));
#243 = CARTESIAN_POINT('',(15.000000000001,1.836970198721E-15));
#244 = CARTESIAN_POINT('',(3.75,-6.495190528384));
#245 = CARTESIAN_POINT('',(-7.5,-12.99038105676));
#246 = CARTESIAN_POINT('',(-7.5,0.));
#247 = ( GEOMETRIC_REPRESENTATION_CONTEXT(2) 
PARAMETRIC_REPRESENTATION_CONTEXT() REPRESENTATION_CONTEXT('2D SPACE',''
  ) );
#248 = ADVANCED_FACE('',(#249),#180,.F.);
#249 = FACE_BOUND('',#250,.T.);
#250 = EDGE_LOOP('',(#251,#252,#276,#303));
#251 = ORIENTED_EDGE('',*,*,#165,.T.);
#252 = ORIENTED_EDGE('',*,*,#253,.T.);
#253 = EDGE_CURVE('',#110,#254,#256,.T.);
#254 = VERTEX_POINT('',#255);
#255 = CARTESIAN_POINT('',(-70.5449142456,-53.12383270263,0.));
#256 = SEAM_CURVE('',#257,(#262,#269),.PCURVE_S1.);
#257 = CIRCLE('',#258,2.);
#258 = AXIS2_PLACEMENT_3D('',#259,#260,#261);
#259 = CARTESIAN_POINT('',(-72.5449142456,-53.12383270263,0.));
#260 = DIRECTION('',(0.,0.,1.));
#261 = DIRECTION('',(1.,0.,-0.));
#262 = PCURVE('',#180,#263);
#263 = DEFINITIONAL_REPRESENTATION('',(#264),#268);
#264 = LINE('',#265,#266);
#265 = CARTESIAN_POINT('',(-0.,-3.14159265359));
#266 = VECTOR('',#267,1.);
#267 = DIRECTION('',(-0.,1.));
#268 = ( GEOMETRIC_REPRESENTATION_CONTEXT(2) 
PARAMETRIC_REPRESENTATION_CONTEXT() REPRESENTATION_CONTEXT('2D SPACE',''
  ) );
#269 = PCURVE('',#180,#270);
#270 = DEFINITIONAL_REPRESENTATION('',(#271),#275);
#271 = LINE('',#272,#273);
#272 = CARTESIAN_POINT('',(-6.28318530718,-3.14159265359));
#273 = VECTOR('',#274,1.);
#274 = DIRECTION('',(-0.,1.));
#275 = ( GEOMETRIC_REPRESENTATION_CONTEXT(2) 
PARAMETRIC_REPRESENTATION_CONTEXT() REPRESENTATION_CONTEXT('2D SPACE',''
  ) );
#276 = ORIENTED_EDGE('',*,*,#277,.F.);
#277 = EDGE_CURVE('',#254,#254,#278,.T.);
#278 = SURFACE_CURVE('',#279,(#284,#291),.PCURVE_S1.);
#279 = CIRCLE('',#280,7.5);
#280 = AXIS2_PLACEMENT_3D('',#281,#282,#283);
#281 = CARTESIAN_POINT('',(-63.0449142456,-53.12383270263,0.));
#282 = DIRECTION('',(2.449212707645E-16,1.,0.));
#283 = DIRECTION('',(-1.,2.449212707645E-16,0.));
#284 = PCURVE('',#180,#285);
#285 = DEFINITIONAL_REPRESENTATION('',(#286),#290);
#286 = LINE('',#287,#288);
#287 = CARTESIAN_POINT('',(-0.,3.14159265359));
#288 = VECTOR('',#289,1.);
#289 = DIRECTION('',(-1.,0.));
#290 = ( GEOMETRIC_REPRESENTATION_CONTEXT(2) 
PARAMETRIC_REPRESENTATION_CONTEXT() REPRESENTATION_CONTEXT('2D SPACE',''
  ) );
#291 = PCURVE('',#292,#297);
#292 = TOROIDAL_SURFACE('',#293,9.5,2.);
#293 = AXIS2_PLACEMENT_3D('',#294,#295,#296);
#294 = CARTESIAN_POINT('',(-63.0449142456,-53.12383270263,0.));
#295 = DIRECTION('',(-2.449212707645E-16,-1.,0.));
#296 = DIRECTION('',(-1.,2.449212707645E-16,0.));
#297 = DEFINITIONAL_REPRESENTATION('',(#298),#302);
#298 = LINE('',#299,#300);
#299 = CARTESIAN_POINT('',(-0.,3.14159265359));
#300 = VECTOR('',#301,1.);
#301 = DIRECTION('',(-1.,0.));
#302 = ( GEOMETRIC_REPRESENTATION_CONTEXT(2) 
PARAMETRIC_REPRESENTATION_CONTEXT() REPRESENTATION_CONTEXT('2D SPACE',''
  ) );
#303 = ORIENTED_EDGE('',*,*,#253,.F.);
#304 = ADVANCED_FACE('',(#305),#233,.T.);
#305 = FACE_BOUND('',#306,.T.);
#306 = EDGE_LOOP('',(#307));
#307 = ORIENTED_EDGE('',*,*,#218,.F.);
#308 = ADVANCED_FACE('',(#309),#292,.F.);
#309 = FACE_BOUND('',#310,.T.);
#310 = EDGE_LOOP('',(#311,#340,#362,#363));
#311 = ORIENTED_EDGE('',*,*,#312,.F.);
#312 = EDGE_CURVE('',#313,#313,#315,.T.);
#313 = VERTEX_POINT('',#314);
#314 = CARTESIAN_POINT('',(-71.5449142456,-51.39178189506,0.));
#315 = SURFACE_CURVE('',#316,(#321,#328),.PCURVE_S1.);
#316 = CIRCLE('',#317,8.5);
#317 = AXIS2_PLACEMENT_3D('',#318,#319,#320);
#318 = CARTESIAN_POINT('',(-63.0449142456,-51.39178189506,0.));
#319 = DIRECTION('',(2.449212707645E-16,1.,0.));
#320 = DIRECTION('',(-1.,2.449212707645E-16,0.));
#321 = PCURVE('',#292,#322);
#322 = DEFINITIONAL_REPRESENTATION('',(#323),#327);
#323 = LINE('',#324,#325);
#324 = CARTESIAN_POINT('',(-0.,4.188790204786));
#325 = VECTOR('',#326,1.);
#326 = DIRECTION('',(-1.,0.));
#327 = ( GEOMETRIC_REPRESENTATION_CONTEXT(2) 
PARAMETRIC_REPRESENTATION_CONTEXT() REPRESENTATION_CONTEXT('2D SPACE',''
  ) );
#328 = PCURVE('',#329,#334);
#329 = CYLINDRICAL_SURFACE('',#330,8.5);
#330 = AXIS2_PLACEMENT_3D('',#331,#332,#333);
#331 = CARTESIAN_POINT('',(-63.0449142456,-89.25289916992,0.));
#332 = DIRECTION('',(2.449212707645E-16,1.,0.));
#333 = DIRECTION('',(-1.,2.449212707645E-16,0.));
#334 = DEFINITIONAL_REPRESENTATION('',(#335),#339);
#335 = LINE('',#336,#337);
#336 = CARTESIAN_POINT('',(0.,37.861117274854));
#337 = VECTOR('',#338,1.);
#338 = DIRECTION('',(1.,0.));
#339 = ( GEOMETRIC_REPRESENTATION_CONTEXT(2) 
PARAMETRIC_REPRESENTATION_CONTEXT() REPRESENTATION_CONTEXT('2D SPACE',''
  ) );
#340 = ORIENTED_EDGE('',*,*,#341,.F.);
#341 = EDGE_CURVE('',#254,#313,#342,.T.);
#342 = SEAM_CURVE('',#343,(#348,#355),.PCURVE_S1.);
#343 = CIRCLE('',#344,2.);
#344 = AXIS2_PLACEMENT_3D('',#345,#346,#347);
#345 = CARTESIAN_POINT('',(-72.5449142456,-53.12383270263,0.));
#346 = DIRECTION('',(0.,0.,1.));
#347 = DIRECTION('',(1.,0.,-0.));
#348 = PCURVE('',#292,#349);
#349 = DEFINITIONAL_REPRESENTATION('',(#350),#354);
#350 = LINE('',#351,#352);
#351 = CARTESIAN_POINT('',(-0.,3.14159265359));
#352 = VECTOR('',#353,1.);
#353 = DIRECTION('',(-0.,1.));
#354 = ( GEOMETRIC_REPRESENTATION_CONTEXT(2) 
PARAMETRIC_REPRESENTATION_CONTEXT() REPRESENTATION_CONTEXT('2D SPACE',''
  ) );
#355 = PCURVE('',#292,#356);
#356 = DEFINITIONAL_REPRESENTATION('',(#357),#361);
#357 = LINE('',#358,#359);
#358 = CARTESIAN_POINT('',(-6.28318530718,3.14159265359));
#359 = VECTOR('',#360,1.);
#360 = DIRECTION('',(-0.,1.));
#361 = ( GEOMETRIC_REPRESENTATION_CONTEXT(2) 
PARAMETRIC_REPRESENTATION_CONTEXT() REPRESENTATION_CONTEXT('2D SPACE',''
  ) );
#362 = ORIENTED_EDGE('',*,*,#277,.T.);
#363 = ORIENTED_EDGE('',*,*,#341,.T.);
#364 = ADVANCED_FACE('',(#365),#329,.T.);
#365 = FACE_BOUND('',#366,.T.);
#366 = EDGE_LOOP('',(#367,#368,#391,#418));
#367 = ORIENTED_EDGE('',*,*,#312,.T.);
#368 = ORIENTED_EDGE('',*,*,#369,.T.);
#369 = EDGE_CURVE('',#313,#370,#372,.T.);
#370 = VERTEX_POINT('',#371);
#371 = CARTESIAN_POINT('',(-71.5449142456,-34.8558835102,0.));
#372 = SEAM_CURVE('',#373,(#377,#384),.PCURVE_S1.);
#373 = LINE('',#374,#375);
#374 = CARTESIAN_POINT('',(-71.5449142456,-89.25289916992,0.));
#375 = VECTOR('',#376,1.);
#376 = DIRECTION('',(1.224606353822E-16,1.,0.));
#377 = PCURVE('',#329,#378);
#378 = DEFINITIONAL_REPRESENTATION('',(#379),#383);
#379 = LINE('',#380,#381);
#380 = CARTESIAN_POINT('',(0.,0.));
#381 = VECTOR('',#382,1.);
#382 = DIRECTION('',(0.,1.));
#383 = ( GEOMETRIC_REPRESENTATION_CONTEXT(2) 
PARAMETRIC_REPRESENTATION_CONTEXT() REPRESENTATION_CONTEXT('2D SPACE',''
  ) );
#384 = PCURVE('',#329,#385);
#385 = DEFINITIONAL_REPRESENTATION('',(#386),#390);
#386 = LINE('',#387,#388);
#387 = CARTESIAN_POINT('',(6.28318530718,0.));
#388 = VECTOR('',#389,1.);
#389 = DIRECTION('',(0.,1.));
#390 = ( GEOMETRIC_REPRESENTATION_CONTEXT(2) 
PARAMETRIC_REPRESENTATION_CONTEXT() REPRESENTATION_CONTEXT('2D SPACE',''
  ) );
#391 = ORIENTED_EDGE('',*,*,#392,.F.);
#392 = EDGE_CURVE('',#370,#370,#393,.T.);
#393 = SURFACE_CURVE('',#394,(#399,#406),.PCURVE_S1.);
#394 = CIRCLE('',#395,8.5);
#395 = AXIS2_PLACEMENT_3D('',#396,#397,#398);
#396 = CARTESIAN_POINT('',(-63.0449142456,-34.8558835102,0.));
#397 = DIRECTION('',(2.449212707645E-16,1.,0.));
#398 = DIRECTION('',(-1.,2.449212707645E-16,0.));
#399 = PCURVE('',#329,#400);
#400 = DEFINITIONAL_REPRESENTATION('',(#401),#405);
#401 = LINE('',#402,#403);
#402 = CARTESIAN_POINT('',(0.,54.397015659716));
#403 = VECTOR('',#404,1.);
#404 = DIRECTION('',(1.,0.));
#405 = ( GEOMETRIC_REPRESENTATION_CONTEXT(2) 
PARAMETRIC_REPRESENTATION_CONTEXT() REPRESENTATION_CONTEXT('2D SPACE',''
  ) );
#406 = PCURVE('',#407,#412);
#407 = TOROIDAL_SURFACE('',#408,9.5,2.);
#408 = AXIS2_PLACEMENT_3D('',#409,#410,#411);
#409 = CARTESIAN_POINT('',(-63.0449142456,-33.12383270263,0.));
#410 = DIRECTION('',(-2.449212707645E-16,-1.,0.));
#411 = DIRECTION('',(-1.,2.449212707645E-16,0.));
#412 = DEFINITIONAL_REPRESENTATION('',(#413),#417);
#413 = LINE('',#414,#415);
#414 = CARTESIAN_POINT('',(-0.,2.094395102393));
#415 = VECTOR('',#416,1.);
#416 = DIRECTION('',(-1.,0.));
#417 = ( GEOMETRIC_REPRESENTATION_CONTEXT(2) 
PARAMETRIC_REPRESENTATION_CONTEXT() REPRESENTATION_CONTEXT('2D SPACE',''
  ) );
#418 = ORIENTED_EDGE('',*,*,#369,.F.);
#419 = ADVANCED_FACE('',(#420),#407,.F.);
#420 = FACE_BOUND('',#421,.T.);
#421 = EDGE_LOOP('',(#422,#423,#447,#474));
#422 = ORIENTED_EDGE('',*,*,#392,.T.);
#423 = ORIENTED_EDGE('',*,*,#424,.T.);
#424 = EDGE_CURVE('',#370,#425,#427,.T.);
#425 = VERTEX_POINT('',#426);
#426 = CARTESIAN_POINT('',(-70.5449142456,-33.12383270263,0.));
#427 = SEAM_CURVE('',#428,(#433,#440),.PCURVE_S1.);
#428 = CIRCLE('',#429,2.);
#429 = AXIS2_PLACEMENT_3D('',#430,#431,#432);
#430 = CARTESIAN_POINT('',(-72.5449142456,-33.12383270263,0.));
#431 = DIRECTION('',(0.,0.,1.));
#432 = DIRECTION('',(1.,0.,-0.));
#433 = PCURVE('',#407,#434);
#434 = DEFINITIONAL_REPRESENTATION('',(#435),#439);
#435 = LINE('',#436,#437);
#436 = CARTESIAN_POINT('',(-0.,-3.14159265359));
#437 = VECTOR('',#438,1.);
#438 = DIRECTION('',(-0.,1.));
#439 = ( GEOMETRIC_REPRESENTATION_CONTEXT(2) 
PARAMETRIC_REPRESENTATION_CONTEXT() REPRESENTATION_CONTEXT('2D SPACE',''
  ) );
#440 = PCURVE('',#407,#441);
#441 = DEFINITIONAL_REPRESENTATION('',(#442),#446);
#442 = LINE('',#443,#444);
#443 = CARTESIAN_POINT('',(-6.28318530718,-3.14159265359));
#444 = VECTOR('',#445,1.);
#445 = DIRECTION('',(-0.,1.));
#446 = ( GEOMETRIC_REPRESENTATION_CONTEXT(2) 
PARAMETRIC_REPRESENTATION_CONTEXT() REPRESENTATION_CONTEXT('2D SPACE',''
  ) );
#447 = ORIENTED_EDGE('',*,*,#448,.F.);
#448 = EDGE_CURVE('',#425,#425,#449,.T.);
#449 = SURFACE_CURVE('',#450,(#455,#462),.PCURVE_S1.);
#450 = CIRCLE('',#451,7.5);
#451 = AXIS2_PLACEMENT_3D('',#452,#453,#454);
#452 = CARTESIAN_POINT('',(-63.0449142456,-33.12383270263,0.));
#453 = DIRECTION('',(2.449212707645E-16,1.,0.));
#454 = DIRECTION('',(-1.,2.449212707645E-16,0.));
#455 = PCURVE('',#407,#456);
#456 = DEFINITIONAL_REPRESENTATION('',(#457),#461);
#457 = LINE('',#458,#459);
#458 = CARTESIAN_POINT('',(-0.,3.14159265359));
#459 = VECTOR('',#460,1.);
#460 = DIRECTION('',(-1.,0.));
#461 = ( GEOMETRIC_REPRESENTATION_CONTEXT(2) 
PARAMETRIC_REPRESENTATION_CONTEXT() REPRESENTATION_CONTEXT('2D SPACE',''
  ) );
#462 = PCURVE('',#463,#468);
#463 = TOROIDAL_SURFACE('',#464,9.5,2.);
#464 = AXIS2_PLACEMENT_3D('',#465,#466,#467);
#465 = CARTESIAN_POINT('',(-63.0449142456,-33.12383270263,0.));
#466 = DIRECTION('',(-2.449212707645E-16,-1.,0.));
#467 = DIRECTION('',(-1.,2.449212707645E-16,0.));
#468 = DEFINITIONAL_REPRESENTATION('',(#469),#473);
#469 = LINE('',#470,#471);
#470 = CARTESIAN_POINT('',(-0.,3.14159265359));
#471 = VECTOR('',#472,1.);
#472 = DIRECTION('',(-1.,0.));
#473 = ( GEOMETRIC_REPRESENTATION_CONTEXT(2) 
PARAMETRIC_REPRESENTATION_CONTEXT() REPRESENTATION_CONTEXT('2D SPACE',''
  ) );
#474 = ORIENTED_EDGE('',*,*,#424,.F.);
#475 = ADVANCED_FACE('',(#476),#463,.F.);
#476 = FACE_BOUND('',#477,.T.);
#477 = EDGE_LOOP('',(#478,#507,#529,#530));
#478 = ORIENTED_EDGE('',*,*,#479,.F.);
#479 = EDGE_CURVE('',#480,#480,#482,.T.);
#480 = VERTEX_POINT('',#481);
#481 = CARTESIAN_POINT('',(-71.5449142456,-31.39178189506,0.));
#482 = SURFACE_CURVE('',#483,(#488,#495),.PCURVE_S1.);
#483 = CIRCLE('',#484,8.5);
#484 = AXIS2_PLACEMENT_3D('',#485,#486,#487);
#485 = CARTESIAN_POINT('',(-63.0449142456,-31.39178189506,0.));
#486 = DIRECTION('',(2.449212707645E-16,1.,0.));
#487 = DIRECTION('',(-1.,2.449212707645E-16,0.));
#488 = PCURVE('',#463,#489);
#489 = DEFINITIONAL_REPRESENTATION('',(#490),#494);
#490 = LINE('',#491,#492);
#491 = CARTESIAN_POINT('',(-0.,4.188790204786));
#492 = VECTOR('',#493,1.);
#493 = DIRECTION('',(-1.,0.));
#494 = ( GEOMETRIC_REPRESENTATION_CONTEXT(2) 
PARAMETRIC_REPRESENTATION_CONTEXT() REPRESENTATION_CONTEXT('2D SPACE',''
  ) );
#495 = PCURVE('',#496,#501);
#496 = CYLINDRICAL_SURFACE('',#497,8.5);
#497 = AXIS2_PLACEMENT_3D('',#498,#499,#500);
#498 = CARTESIAN_POINT('',(-63.0449142456,-89.25289916992,0.));
#499 = DIRECTION('',(2.449212707645E-16,1.,0.));
#500 = DIRECTION('',(-1.,2.449212707645E-16,0.));
#501 = DEFINITIONAL_REPRESENTATION('',(#502),#506);
#502 = LINE('',#503,#504);
#503 = CARTESIAN_POINT('',(0.,57.861117274854));
#504 = VECTOR('',#505,1.);
#505 = DIRECTION('',(1.,0.));
#506 = ( GEOMETRIC_REPRESENTATION_CONTEXT(2) 
PARAMETRIC_REPRESENTATION_CONTEXT() REPRESENTATION_CONTEXT('2D SPACE',''
  ) );
#507 = ORIENTED_EDGE('',*,*,#508,.F.);
#508 = EDGE_CURVE('',#425,#480,#509,.T.);
#509 = SEAM_CURVE('',#510,(#515,#522),.PCURVE_S1.);
#510 = CIRCLE('',#511,2.);
#511 = AXIS2_PLACEMENT_3D('',#512,#513,#514);
#512 = CARTESIAN_POINT('',(-72.5449142456,-33.12383270263,0.));
#513 = DIRECTION('',(0.,0.,1.));
#514 = DIRECTION('',(1.,0.,-0.));
#515 = PCURVE('',#463,#516);
#516 = DEFINITIONAL_REPRESENTATION('',(#517),#521);
#517 = LINE('',#518,#519);
#518 = CARTESIAN_POINT('',(-0.,3.14159265359));
#519 = VECTOR('',#520,1.);
#520 = DIRECTION('',(-0.,1.));
#521 = ( GEOMETRIC_REPRESENTATION_CONTEXT(2) 
PARAMETRIC_REPRESENTATION_CONTEXT() REPRESENTATION_CONTEXT('2D SPACE',''
  ) );
#522 = PCURVE('',#463,#523);
#523 = DEFINITIONAL_REPRESENTATION('',(#524),#528);
#524 = LINE('',#525,#526);
#525 = CARTESIAN_POINT('',(-6.28318530718,3.14159265359));
#526 = VECTOR('',#527,1.);
#527 = DIRECTION('',(-0.,1.));
#528 = ( GEOMETRIC_REPRESENTATION_CONTEXT(2) 
PARAMETRIC_REPRESENTATION_CONTEXT() REPRESENTATION_CONTEXT('2D SPACE',''
  ) );
#529 = ORIENTED_EDGE('',*,*,#448,.T.);
#530 = ORIENTED_EDGE('',*,*,#508,.T.);
#531 = ADVANCED_FACE('',(#532),#496,.T.);
#532 = FACE_BOUND('',#533,.T.);
#533 = EDGE_LOOP('',(#534,#557,#558,#559));
#534 = ORIENTED_EDGE('',*,*,#535,.F.);
#535 = EDGE_CURVE('',#480,#536,#538,.T.);
#536 = VERTEX_POINT('',#537);
#537 = CARTESIAN_POINT('',(-71.5449142456,0.876167297363,0.));
#538 = SEAM_CURVE('',#539,(#543,#550),.PCURVE_S1.);
#539 = LINE('',#540,#541);
#540 = CARTESIAN_POINT('',(-71.5449142456,-89.25289916992,0.));
#541 = VECTOR('',#542,1.);
#542 = DIRECTION('',(1.224606353822E-16,1.,0.));
#543 = PCURVE('',#496,#544);
#544 = DEFINITIONAL_REPRESENTATION('',(#545),#549);
#545 = LINE('',#546,#547);
#546 = CARTESIAN_POINT('',(0.,0.));
#547 = VECTOR('',#548,1.);
#548 = DIRECTION('',(0.,1.));
#549 = ( GEOMETRIC_REPRESENTATION_CONTEXT(2) 
PARAMETRIC_REPRESENTATION_CONTEXT() REPRESENTATION_CONTEXT('2D SPACE',''
  ) );
#550 = PCURVE('',#496,#551);
#551 = DEFINITIONAL_REPRESENTATION('',(#552),#556);
#552 = LINE('',#553,#554);
#553 = CARTESIAN_POINT('',(6.28318530718,0.));
#554 = VECTOR('',#555,1.);
#555 = DIRECTION('',(0.,1.));
#556 = ( GEOMETRIC_REPRESENTATION_CONTEXT(2) 
PARAMETRIC_REPRESENTATION_CONTEXT() REPRESENTATION_CONTEXT('2D SPACE',''
  ) );
#557 = ORIENTED_EDGE('',*,*,#479,.T.);
#558 = ORIENTED_EDGE('',*,*,#535,.T.);
#559 = ORIENTED_EDGE('',*,*,#560,.F.);
#560 = EDGE_CURVE('',#536,#536,#561,.T.);
#561 = SURFACE_CURVE('',#562,(#567,#574),.PCURVE_S1.);
#562 = CIRCLE('',#563,8.5);
#563 = AXIS2_PLACEMENT_3D('',#564,#565,#566);
#564 = CARTESIAN_POINT('',(-63.0449142456,0.876167297363,0.));
#565 = DIRECTION('',(2.449212707645E-16,1.,0.));
#566 = DIRECTION('',(-1.,2.449212707645E-16,0.));
#567 = PCURVE('',#496,#568);
#568 = DEFINITIONAL_REPRESENTATION('',(#569),#573);
#569 = LINE('',#570,#571);
#570 = CARTESIAN_POINT('',(0.,90.129066467285));
#571 = VECTOR('',#572,1.);
#572 = DIRECTION('',(1.,0.));
#573 = ( GEOMETRIC_REPRESENTATION_CONTEXT(2) 
PARAMETRIC_REPRESENTATION_CONTEXT() REPRESENTATION_CONTEXT('2D SPACE',''
  ) );
#574 = PCURVE('',#575,#580);
#575 = CONICAL_SURFACE('',#576,8.5,0.785398163397);
#576 = AXIS2_PLACEMENT_3D('',#577,#578,#579);
#577 = CARTESIAN_POINT('',(-63.0449142456,0.876167297363,0.));
#578 = DIRECTION('',(-2.449212707645E-16,-1.,0.));
#579 = DIRECTION('',(-1.,2.449212707645E-16,0.));
#580 = DEFINITIONAL_REPRESENTATION('',(#581),#585);
#581 = LINE('',#582,#583);
#582 = CARTESIAN_POINT('',(-0.,0.));
#583 = VECTOR('',#584,1.);
#584 = DIRECTION('',(-1.,0.));
#585 = ( GEOMETRIC_REPRESENTATION_CONTEXT(2) 
PARAMETRIC_REPRESENTATION_CONTEXT() REPRESENTATION_CONTEXT('2D SPACE',''
  ) );
#586 = ADVANCED_FACE('',(#587),#575,.T.);
#587 = FACE_BOUND('',#588,.F.);
#588 = EDGE_LOOP('',(#589,#610,#641,#642));
#589 = ORIENTED_EDGE('',*,*,#590,.F.);
#590 = EDGE_CURVE('',#591,#536,#593,.T.);
#591 = VERTEX_POINT('',#592);
#592 = CARTESIAN_POINT('',(-70.5449142456,1.876167297363,0.));
#593 = SEAM_CURVE('',#594,(#598,#604),.PCURVE_S1.);
#594 = LINE('',#595,#596);
#595 = CARTESIAN_POINT('',(-71.5449142456,0.876167297363,0.));
#596 = VECTOR('',#597,1.);
#597 = DIRECTION('',(-0.707106781187,-0.707106781187,0.));
#598 = PCURVE('',#575,#599);
#599 = DEFINITIONAL_REPRESENTATION('',(#600),#603);
#600 = B_SPLINE_CURVE_WITH_KNOTS('',1,(#601,#602),.UNSPECIFIED.,.F.,.F.,
  (2,2),(-1.414213562373,0.),.PIECEWISE_BEZIER_KNOTS.);
#601 = CARTESIAN_POINT('',(0.,-1.));
#602 = CARTESIAN_POINT('',(0.,0.));
#603 = ( GEOMETRIC_REPRESENTATION_CONTEXT(2) 
PARAMETRIC_REPRESENTATION_CONTEXT() REPRESENTATION_CONTEXT('2D SPACE',''
  ) );
#604 = PCURVE('',#575,#605);
#605 = DEFINITIONAL_REPRESENTATION('',(#606),#609);
#606 = B_SPLINE_CURVE_WITH_KNOTS('',1,(#607,#608),.UNSPECIFIED.,.F.,.F.,
  (2,2),(-1.414213562373,0.),.PIECEWISE_BEZIER_KNOTS.);
#607 = CARTESIAN_POINT('',(-6.28318530718,-1.));
#608 = CARTESIAN_POINT('',(-6.28318530718,0.));
#609 = ( GEOMETRIC_REPRESENTATION_CONTEXT(2) 
PARAMETRIC_REPRESENTATION_CONTEXT() REPRESENTATION_CONTEXT('2D SPACE',''
  ) );
#610 = ORIENTED_EDGE('',*,*,#611,.T.);
#611 = EDGE_CURVE('',#591,#591,#612,.T.);
#612 = SURFACE_CURVE('',#613,(#618,#625),.PCURVE_S1.);
#613 = CIRCLE('',#614,7.5);
#614 = AXIS2_PLACEMENT_3D('',#615,#616,#617);
#615 = CARTESIAN_POINT('',(-63.0449142456,1.876167297363,0.));
#616 = DIRECTION('',(2.449212707645E-16,1.,0.));
#617 = DIRECTION('',(-1.,2.449212707645E-16,0.));
#618 = PCURVE('',#575,#619);
#619 = DEFINITIONAL_REPRESENTATION('',(#620),#624);
#620 = LINE('',#621,#622);
#621 = CARTESIAN_POINT('',(-0.,-1.));
#622 = VECTOR('',#623,1.);
#623 = DIRECTION('',(-1.,0.));
#624 = ( GEOMETRIC_REPRESENTATION_CONTEXT(2) 
PARAMETRIC_REPRESENTATION_CONTEXT() REPRESENTATION_CONTEXT('2D SPACE',''
  ) );
#625 = PCURVE('',#626,#631);
#626 = PLANE('',#627);
#627 = AXIS2_PLACEMENT_3D('',#628,#629,#630);
#628 = CARTESIAN_POINT('',(-63.0449142456,1.876167297363,0.));
#629 = DIRECTION('',(-2.449212707645E-16,-1.,0.));
#630 = DIRECTION('',(1.,-2.449212707645E-16,-0.));
#631 = DEFINITIONAL_REPRESENTATION('',(#632),#640);
#632 = ( BOUNDED_CURVE() B_SPLINE_CURVE(2,(#633,#634,#635,#636,#637,#638
,#639),.UNSPECIFIED.,.T.,.F.) B_SPLINE_CURVE_WITH_KNOTS((1,2,2,2,2,1),(
    -2.094395102393,0.,2.094395102393,4.188790204786,6.28318530718,
8.377580409573),.UNSPECIFIED.) CURVE() GEOMETRIC_REPRESENTATION_ITEM() 
RATIONAL_B_SPLINE_CURVE((1.,0.5,1.,0.5,1.,0.5,1.)) REPRESENTATION_ITEM(
  '') );
#633 = CARTESIAN_POINT('',(-7.5,0.));
#634 = CARTESIAN_POINT('',(-7.5,12.990381056767));
#635 = CARTESIAN_POINT('',(3.75,6.495190528384));
#636 = CARTESIAN_POINT('',(15.000000000001,1.836970198721E-15));
#637 = CARTESIAN_POINT('',(3.75,-6.495190528384));
#638 = CARTESIAN_POINT('',(-7.5,-12.99038105676));
#639 = CARTESIAN_POINT('',(-7.5,0.));
#640 = ( GEOMETRIC_REPRESENTATION_CONTEXT(2) 
PARAMETRIC_REPRESENTATION_CONTEXT() REPRESENTATION_CONTEXT('2D SPACE',''
  ) );
#641 = ORIENTED_EDGE('',*,*,#590,.T.);
#642 = ORIENTED_EDGE('',*,*,#560,.F.);
#643 = ADVANCED_FACE('',(#644),#626,.F.);
#644 = FACE_BOUND('',#645,.T.);
#645 = EDGE_LOOP('',(#646));
#646 = ORIENTED_EDGE('',*,*,#611,.T.);
#647 = ( GEOMETRIC_REPRESENTATION_CONTEXT(3) 
GLOBAL_UNCERTAINTY_ASSIGNED_CONTEXT((#651)) GLOBAL_UNIT_ASSIGNED_CONTEXT
((#648,#649,#650)) REPRESENTATION_CONTEXT('Context #1',
  '3D Context with UNIT and UNCERTAINTY') );
#648 = ( LENGTH_UNIT() NAMED_UNIT(*) SI_UNIT(.MILLI.,.METRE.) );
#649 = ( NAMED_UNIT(*) PLANE_ANGLE_UNIT() SI_UNIT($,.RADIAN.) );
#650 = ( NAMED_UNIT(*) SI_UNIT($,.STERADIAN.) SOLID_ANGLE_UNIT() );
#651 = UNCERTAINTY_MEASURE_WITH_UNIT(LENGTH_MEASURE(1.E-07),#648,
  'distance_accuracy_value','confusion accuracy');
#652 = CONTEXT_DEPENDENT_SHAPE_REPRESENTATION(#653,#655);
#653 = ( REPRESENTATION_RELATIONSHIP('','',#100,#10) 
REPRESENTATION_RELATIONSHIP_WITH_TRANSFORMATION(#654) 
SHAPE_REPRESENTATION_RELATIONSHIP() );
#654 = ITEM_DEFINED_TRANSFORMATION('','',#11,#15);
#655 = PRODUCT_DEFINITION_SHAPE('Placement','Placement of an item',#656
  );
#656 = NEXT_ASSEMBLY_USAGE_OCCURRENCE('1','','',#5,#95,$);
#657 = PRODUCT_RELATED_PRODUCT_CATEGORY('part',$,(#97));
#658 = SHAPE_DEFINITION_REPRESENTATION(#659,#665);
#659 = PRODUCT_DEFINITION_SHAPE('','',#660);
#660 = PRODUCT_DEFINITION('design','',#661,#664);
#661 = PRODUCT_DEFINITION_FORMATION('','',#662);
#662 = PRODUCT('Open CASCADE STEP translator 8.0 1.2',
  'Open CASCADE STEP translator 8.0 1.2','',(#663));
#663 = PRODUCT_CONTEXT('',#2,'mechanical');
#664 = PRODUCT_DEFINITION_CONTEXT('part definition',#2,'design');
#665 = ADVANCED_BREP_SHAPE_REPRESENTATION('',(#11,#666),#1294);
#666 = MANIFOLD_SOLID_BREP('',#667);
#667 = CLOSED_SHELL('',(#668,#756,#810,#868,#903,#942,#996,#1050,#1105,
    #1160,#1216,#1267));
#668 = ADVANCED_FACE('',(#669),#683,.T.);
#669 = FACE_BOUND('',#670,.F.);
#670 = EDGE_LOOP('',(#671,#701,#728,#729));
#671 = ORIENTED_EDGE('',*,*,#672,.F.);
#672 = EDGE_CURVE('',#673,#675,#677,.T.);
#673 = VERTEX_POINT('',#674);
#674 = CARTESIAN_POINT('',(-76.5449142456,-28.62383270263,0.));
#675 = VERTEX_POINT('',#676);
#676 = CARTESIAN_POINT('',(-76.5449142456,-57.62383270263,0.));
#677 = SEAM_CURVE('',#678,(#682,#694),.PCURVE_S1.);
#678 = LINE('',#679,#680);
#679 = CARTESIAN_POINT('',(-76.5449142456,-26.3549003601,0.));
#680 = VECTOR('',#681,1.);
#681 = DIRECTION('',(0.,-1.,0.));
#682 = PCURVE('',#683,#688);
#683 = CYLINDRICAL_SURFACE('',#684,13.5);
#684 = AXIS2_PLACEMENT_3D('',#685,#686,#687);
#685 = CARTESIAN_POINT('',(-63.0449142456,-26.3549003601,0.));
#686 = DIRECTION('',(-2.449212707645E-16,-1.,0.));
#687 = DIRECTION('',(-1.,2.449212707645E-16,0.));
#688 = DEFINITIONAL_REPRESENTATION('',(#689),#693);
#689 = LINE('',#690,#691);
#690 = CARTESIAN_POINT('',(-0.,0.));
#691 = VECTOR('',#692,1.);
#692 = DIRECTION('',(-0.,1.));
#693 = ( GEOMETRIC_REPRESENTATION_CONTEXT(2) 
PARAMETRIC_REPRESENTATION_CONTEXT() REPRESENTATION_CONTEXT('2D SPACE',''
  ) );
#694 = PCURVE('',#683,#695);
#695 = DEFINITIONAL_REPRESENTATION('',(#696),#700);
#696 = LINE('',#697,#698);
#697 = CARTESIAN_POINT('',(-6.28318530718,0.));
#698 = VECTOR('',#699,1.);
#699 = DIRECTION('',(-0.,1.));
#700 = ( GEOMETRIC_REPRESENTATION_CONTEXT(2) 
PARAMETRIC_REPRESENTATION_CONTEXT() REPRESENTATION_CONTEXT('2D SPACE',''
  ) );
#701 = ORIENTED_EDGE('',*,*,#702,.T.);
#702 = EDGE_CURVE('',#673,#673,#703,.T.);
#703 = SURFACE_CURVE('',#704,(#709,#716),.PCURVE_S1.);
#704 = CIRCLE('',#705,13.5);
#705 = AXIS2_PLACEMENT_3D('',#706,#707,#708);
#706 = CARTESIAN_POINT('',(-63.0449142456,-28.62383270263,0.));
#707 = DIRECTION('',(2.449212707645E-16,1.,0.));
#708 = DIRECTION('',(-1.,2.449212707645E-16,0.));
#709 = PCURVE('',#683,#710);
#710 = DEFINITIONAL_REPRESENTATION('',(#711),#715);
#711 = LINE('',#712,#713);
#712 = CARTESIAN_POINT('',(-0.,2.268932342529));
#713 = VECTOR('',#714,1.);
#714 = DIRECTION('',(-1.,0.));
#715 = ( GEOMETRIC_REPRESENTATION_CONTEXT(2) 
PARAMETRIC_REPRESENTATION_CONTEXT() REPRESENTATION_CONTEXT('2D SPACE',''
  ) );
#716 = PCURVE('',#717,#722);
#717 = TOROIDAL_SURFACE('',#718,13.,0.5);
#718 = AXIS2_PLACEMENT_3D('',#719,#720,#721);
#719 = CARTESIAN_POINT('',(-63.0449142456,-28.62383270263,0.));
#720 = DIRECTION('',(2.449212707645E-16,1.,0.));
#721 = DIRECTION('',(-1.,2.449212707645E-16,0.));
#722 = DEFINITIONAL_REPRESENTATION('',(#723),#727);
#723 = LINE('',#724,#725);
#724 = CARTESIAN_POINT('',(0.,0.));
#725 = VECTOR('',#726,1.);
#726 = DIRECTION('',(1.,0.));
#727 = ( GEOMETRIC_REPRESENTATION_CONTEXT(2) 
PARAMETRIC_REPRESENTATION_CONTEXT() REPRESENTATION_CONTEXT('2D SPACE',''
  ) );
#728 = ORIENTED_EDGE('',*,*,#672,.T.);
#729 = ORIENTED_EDGE('',*,*,#730,.F.);
#730 = EDGE_CURVE('',#675,#675,#731,.T.);
#731 = SURFACE_CURVE('',#732,(#737,#744),.PCURVE_S1.);
#732 = CIRCLE('',#733,13.5);
#733 = AXIS2_PLACEMENT_3D('',#734,#735,#736);
#734 = CARTESIAN_POINT('',(-63.0449142456,-57.62383270263,0.));
#735 = DIRECTION('',(2.449212707645E-16,1.,0.));
#736 = DIRECTION('',(-1.,2.449212707645E-16,0.));
#737 = PCURVE('',#683,#738);
#738 = DEFINITIONAL_REPRESENTATION('',(#739),#743);
#739 = LINE('',#740,#741);
#740 = CARTESIAN_POINT('',(-0.,31.268932342529));
#741 = VECTOR('',#742,1.);
#742 = DIRECTION('',(-1.,0.));
#743 = ( GEOMETRIC_REPRESENTATION_CONTEXT(2) 
PARAMETRIC_REPRESENTATION_CONTEXT() REPRESENTATION_CONTEXT('2D SPACE',''
  ) );
#744 = PCURVE('',#745,#750);
#745 = TOROIDAL_SURFACE('',#746,13.,0.5);
#746 = AXIS2_PLACEMENT_3D('',#747,#748,#749);
#747 = CARTESIAN_POINT('',(-63.0449142456,-57.62383270263,0.));
#748 = DIRECTION('',(-2.449212707645E-16,-1.,0.));
#749 = DIRECTION('',(-1.,2.449212707645E-16,0.));
#750 = DEFINITIONAL_REPRESENTATION('',(#751),#755);
#751 = LINE('',#752,#753);
#752 = CARTESIAN_POINT('',(-0.,0.));
#753 = VECTOR('',#754,1.);
#754 = DIRECTION('',(-1.,0.));
#755 = ( GEOMETRIC_REPRESENTATION_CONTEXT(2) 
PARAMETRIC_REPRESENTATION_CONTEXT() REPRESENTATION_CONTEXT('2D SPACE',''
  ) );
#756 = ADVANCED_FACE('',(#757),#745,.T.);
#757 = FACE_BOUND('',#758,.F.);
#758 = EDGE_LOOP('',(#759,#781,#782,#783));
#759 = ORIENTED_EDGE('',*,*,#760,.F.);
#760 = EDGE_CURVE('',#675,#761,#763,.T.);
#761 = VERTEX_POINT('',#762);
#762 = CARTESIAN_POINT('',(-76.0449142456,-58.12383270263,0.));
#763 = SEAM_CURVE('',#764,(#769,#775),.PCURVE_S1.);
#764 = CIRCLE('',#765,0.5);
#765 = AXIS2_PLACEMENT_3D('',#766,#767,#768);
#766 = CARTESIAN_POINT('',(-76.0449142456,-57.62383270263,0.));
#767 = DIRECTION('',(0.,0.,1.));
#768 = DIRECTION('',(-1.,2.449212707645E-16,0.));
#769 = PCURVE('',#745,#770);
#770 = DEFINITIONAL_REPRESENTATION('',(#771),#774);
#771 = B_SPLINE_CURVE_WITH_KNOTS('',1,(#772,#773),.UNSPECIFIED.,.F.,.F.,
  (2,2),(0.,1.570796326795),.PIECEWISE_BEZIER_KNOTS.);
#772 = CARTESIAN_POINT('',(0.,0.));
#773 = CARTESIAN_POINT('',(0.,1.570796326795));
#774 = ( GEOMETRIC_REPRESENTATION_CONTEXT(2) 
PARAMETRIC_REPRESENTATION_CONTEXT() REPRESENTATION_CONTEXT('2D SPACE',''
  ) );
#775 = PCURVE('',#745,#776);
#776 = DEFINITIONAL_REPRESENTATION('',(#777),#780);
#777 = B_SPLINE_CURVE_WITH_KNOTS('',1,(#778,#779),.UNSPECIFIED.,.F.,.F.,
  (2,2),(0.,1.570796326795),.PIECEWISE_BEZIER_KNOTS.);
#778 = CARTESIAN_POINT('',(-6.28318530718,0.));
#779 = CARTESIAN_POINT('',(-6.28318530718,1.570796326795));
#780 = ( GEOMETRIC_REPRESENTATION_CONTEXT(2) 
PARAMETRIC_REPRESENTATION_CONTEXT() REPRESENTATION_CONTEXT('2D SPACE',''
  ) );
#781 = ORIENTED_EDGE('',*,*,#730,.F.);
#782 = ORIENTED_EDGE('',*,*,#760,.T.);
#783 = ORIENTED_EDGE('',*,*,#784,.T.);
#784 = EDGE_CURVE('',#761,#761,#785,.T.);
#785 = SURFACE_CURVE('',#786,(#791,#798),.PCURVE_S1.);
#786 = CIRCLE('',#787,13.);
#787 = AXIS2_PLACEMENT_3D('',#788,#789,#790);
#788 = CARTESIAN_POINT('',(-63.0449142456,-58.12383270263,0.));
#789 = DIRECTION('',(2.449212707645E-16,1.,0.));
#790 = DIRECTION('',(-1.,2.449212707645E-16,0.));
#791 = PCURVE('',#745,#792);
#792 = DEFINITIONAL_REPRESENTATION('',(#793),#797);
#793 = LINE('',#794,#795);
#794 = CARTESIAN_POINT('',(-0.,1.570796326795));
#795 = VECTOR('',#796,1.);
#796 = DIRECTION('',(-1.,0.));
#797 = ( GEOMETRIC_REPRESENTATION_CONTEXT(2) 
PARAMETRIC_REPRESENTATION_CONTEXT() REPRESENTATION_CONTEXT('2D SPACE',''
  ) );
#798 = PCURVE('',#799,#804);
#799 = PLANE('',#800);
#800 = AXIS2_PLACEMENT_3D('',#801,#802,#803);
#801 = CARTESIAN_POINT('',(-63.0449142456,-58.12383270263,0.));
#802 = DIRECTION('',(2.449212707645E-16,1.,0.));
#803 = DIRECTION('',(-1.,2.449212707645E-16,0.));
#804 = DEFINITIONAL_REPRESENTATION('',(#805),#809);
#805 = CIRCLE('',#806,13.);
#806 = AXIS2_PLACEMENT_2D('',#807,#808);
#807 = CARTESIAN_POINT('',(7.105427357601E-15,0.));
#808 = DIRECTION('',(1.,0.));
#809 = ( GEOMETRIC_REPRESENTATION_CONTEXT(2) 
PARAMETRIC_REPRESENTATION_CONTEXT() REPRESENTATION_CONTEXT('2D SPACE',''
  ) );
#810 = ADVANCED_FACE('',(#811),#717,.T.);
#811 = FACE_BOUND('',#812,.T.);
#812 = EDGE_LOOP('',(#813,#835,#836,#837));
#813 = ORIENTED_EDGE('',*,*,#814,.F.);
#814 = EDGE_CURVE('',#673,#815,#817,.T.);
#815 = VERTEX_POINT('',#816);
#816 = CARTESIAN_POINT('',(-76.0449142456,-28.12383270263,0.));
#817 = SEAM_CURVE('',#818,(#823,#829),.PCURVE_S1.);
#818 = CIRCLE('',#819,0.5);
#819 = AXIS2_PLACEMENT_3D('',#820,#821,#822);
#820 = CARTESIAN_POINT('',(-76.0449142456,-28.62383270263,0.));
#821 = DIRECTION('',(0.,0.,-1.));
#822 = DIRECTION('',(-1.,2.449212707645E-16,0.));
#823 = PCURVE('',#717,#824);
#824 = DEFINITIONAL_REPRESENTATION('',(#825),#828);
#825 = B_SPLINE_CURVE_WITH_KNOTS('',1,(#826,#827),.UNSPECIFIED.,.F.,.F.,
  (2,2),(0.,1.570796326795),.PIECEWISE_BEZIER_KNOTS.);
#826 = CARTESIAN_POINT('',(0.,0.));
#827 = CARTESIAN_POINT('',(0.,1.570796326795));
#828 = ( GEOMETRIC_REPRESENTATION_CONTEXT(2) 
PARAMETRIC_REPRESENTATION_CONTEXT() REPRESENTATION_CONTEXT('2D SPACE',''
  ) );
#829 = PCURVE('',#717,#830);
#830 = DEFINITIONAL_REPRESENTATION('',(#831),#834);
#831 = B_SPLINE_CURVE_WITH_KNOTS('',1,(#832,#833),.UNSPECIFIED.,.F.,.F.,
  (2,2),(0.,1.570796326795),.PIECEWISE_BEZIER_KNOTS.);
#832 = CARTESIAN_POINT('',(6.28318530718,0.));
#833 = CARTESIAN_POINT('',(6.28318530718,1.570796326795));
#834 = ( GEOMETRIC_REPRESENTATION_CONTEXT(2) 
PARAMETRIC_REPRESENTATION_CONTEXT() REPRESENTATION_CONTEXT('2D SPACE',''
  ) );
#835 = ORIENTED_EDGE('',*,*,#702,.T.);
#836 = ORIENTED_EDGE('',*,*,#814,.T.);
#837 = ORIENTED_EDGE('',*,*,#838,.F.);
#838 = EDGE_CURVE('',#815,#815,#839,.T.);
#839 = SURFACE_CURVE('',#840,(#845,#852),.PCURVE_S1.);
#840 = CIRCLE('',#841,13.);
#841 = AXIS2_PLACEMENT_3D('',#842,#843,#844);
#842 = CARTESIAN_POINT('',(-63.0449142456,-28.12383270263,0.));
#843 = DIRECTION('',(2.449212707645E-16,1.,0.));
#844 = DIRECTION('',(-1.,2.449212707645E-16,0.));
#845 = PCURVE('',#717,#846);
#846 = DEFINITIONAL_REPRESENTATION('',(#847),#851);
#847 = LINE('',#848,#849);
#848 = CARTESIAN_POINT('',(0.,1.570796326795));
#849 = VECTOR('',#850,1.);
#850 = DIRECTION('',(1.,0.));
#851 = ( GEOMETRIC_REPRESENTATION_CONTEXT(2) 
PARAMETRIC_REPRESENTATION_CONTEXT() REPRESENTATION_CONTEXT('2D SPACE',''
  ) );
#852 = PCURVE('',#853,#858);
#853 = PLANE('',#854);
#854 = AXIS2_PLACEMENT_3D('',#855,#856,#857);
#855 = CARTESIAN_POINT('',(-63.0449142456,-28.12383270263,0.));
#856 = DIRECTION('',(-2.449212707645E-16,-1.,0.));
#857 = DIRECTION('',(1.,-2.449212707645E-16,0.));
#858 = DEFINITIONAL_REPRESENTATION('',(#859),#867);
#859 = ( BOUNDED_CURVE() B_SPLINE_CURVE(2,(#860,#861,#862,#863,#864,#865
,#866),.UNSPECIFIED.,.T.,.F.) B_SPLINE_CURVE_WITH_KNOTS((1,2,2,2,2,1),(
    -2.094395102393,0.,2.094395102393,4.188790204786,6.28318530718,
8.377580409573),.UNSPECIFIED.) CURVE() GEOMETRIC_REPRESENTATION_ITEM() 
RATIONAL_B_SPLINE_CURVE((1.,0.5,1.,0.5,1.,0.5,1.)) REPRESENTATION_ITEM(
  '') );
#860 = CARTESIAN_POINT('',(-13.,0.));
#861 = CARTESIAN_POINT('',(-13.,22.516660498396));
#862 = CARTESIAN_POINT('',(6.5,11.258330249198));
#863 = CARTESIAN_POINT('',(26.000000000001,3.184081677783E-15));
#864 = CARTESIAN_POINT('',(6.5,-11.25833024919));
#865 = CARTESIAN_POINT('',(-13.,-22.51666049839));
#866 = CARTESIAN_POINT('',(-13.,0.));
#867 = ( GEOMETRIC_REPRESENTATION_CONTEXT(2) 
PARAMETRIC_REPRESENTATION_CONTEXT() REPRESENTATION_CONTEXT('2D SPACE',''
  ) );
#868 = ADVANCED_FACE('',(#869,#900),#799,.F.);
#869 = FACE_BOUND('',#870,.F.);
#870 = EDGE_LOOP('',(#871));
#871 = ORIENTED_EDGE('',*,*,#872,.F.);
#872 = EDGE_CURVE('',#873,#873,#875,.T.);
#873 = VERTEX_POINT('',#874);
#874 = CARTESIAN_POINT('',(-74.0449142456,-58.12383270263,0.));
#875 = SURFACE_CURVE('',#876,(#881,#888),.PCURVE_S1.);
#876 = CIRCLE('',#877,11.);
#877 = AXIS2_PLACEMENT_3D('',#878,#879,#880);
#878 = CARTESIAN_POINT('',(-63.0449142456,-58.12383270263,0.));
#879 = DIRECTION('',(2.449212707645E-16,1.,0.));
#880 = DIRECTION('',(-1.,2.449212707645E-16,0.));
#881 = PCURVE('',#799,#882);
#882 = DEFINITIONAL_REPRESENTATION('',(#883),#887);
#883 = CIRCLE('',#884,11.);
#884 = AXIS2_PLACEMENT_2D('',#885,#886);
#885 = CARTESIAN_POINT('',(0.,0.));
#886 = DIRECTION('',(1.,0.));
#887 = ( GEOMETRIC_REPRESENTATION_CONTEXT(2) 
PARAMETRIC_REPRESENTATION_CONTEXT() REPRESENTATION_CONTEXT('2D SPACE',''
  ) );
#888 = PCURVE('',#889,#894);
#889 = TOROIDAL_SURFACE('',#890,11.,0.5);
#890 = AXIS2_PLACEMENT_3D('',#891,#892,#893);
#891 = CARTESIAN_POINT('',(-63.0449142456,-57.62383270263,0.));
#892 = DIRECTION('',(-2.449212707645E-16,-1.,0.));
#893 = DIRECTION('',(-1.,2.449212707645E-16,0.));
#894 = DEFINITIONAL_REPRESENTATION('',(#895),#899);
#895 = LINE('',#896,#897);
#896 = CARTESIAN_POINT('',(-0.,1.570796326795));
#897 = VECTOR('',#898,1.);
#898 = DIRECTION('',(-1.,0.));
#899 = ( GEOMETRIC_REPRESENTATION_CONTEXT(2) 
PARAMETRIC_REPRESENTATION_CONTEXT() REPRESENTATION_CONTEXT('2D SPACE',''
  ) );
#900 = FACE_BOUND('',#901,.F.);
#901 = EDGE_LOOP('',(#902));
#902 = ORIENTED_EDGE('',*,*,#784,.T.);
#903 = ADVANCED_FACE('',(#904,#907),#853,.F.);
#904 = FACE_BOUND('',#905,.F.);
#905 = EDGE_LOOP('',(#906));
#906 = ORIENTED_EDGE('',*,*,#838,.F.);
#907 = FACE_BOUND('',#908,.F.);
#908 = EDGE_LOOP('',(#909));
#909 = ORIENTED_EDGE('',*,*,#910,.T.);
#910 = EDGE_CURVE('',#911,#911,#913,.T.);
#911 = VERTEX_POINT('',#912);
#912 = CARTESIAN_POINT('',(-74.0449142456,-28.12383270263,0.));
#913 = SURFACE_CURVE('',#914,(#919,#930),.PCURVE_S1.);
#914 = CIRCLE('',#915,11.);
#915 = AXIS2_PLACEMENT_3D('',#916,#917,#918);
#916 = CARTESIAN_POINT('',(-63.0449142456,-28.12383270263,0.));
#917 = DIRECTION('',(2.449212707645E-16,1.,0.));
#918 = DIRECTION('',(-1.,2.449212707645E-16,0.));
#919 = PCURVE('',#853,#920);
#920 = DEFINITIONAL_REPRESENTATION('',(#921),#929);
#921 = ( BOUNDED_CURVE() B_SPLINE_CURVE(2,(#922,#923,#924,#925,#926,#927
,#928),.UNSPECIFIED.,.T.,.F.) B_SPLINE_CURVE_WITH_KNOTS((1,2,2,2,2,1),(
    -2.094395102393,0.,2.094395102393,4.188790204786,6.28318530718,
8.377580409573),.UNSPECIFIED.) CURVE() GEOMETRIC_REPRESENTATION_ITEM() 
RATIONAL_B_SPLINE_CURVE((1.,0.5,1.,0.5,1.,0.5,1.)) REPRESENTATION_ITEM(
  '') );
#922 = CARTESIAN_POINT('',(-11.,0.));
#923 = CARTESIAN_POINT('',(-11.,19.052558883258));
#924 = CARTESIAN_POINT('',(5.5,9.526279441629));
#925 = CARTESIAN_POINT('',(22.000000000001,2.694222958124E-15));
#926 = CARTESIAN_POINT('',(5.5,-9.526279441629));
#927 = CARTESIAN_POINT('',(-11.,-19.05255888325));
#928 = CARTESIAN_POINT('',(-11.,0.));
#929 = ( GEOMETRIC_REPRESENTATION_CONTEXT(2) 
PARAMETRIC_REPRESENTATION_CONTEXT() REPRESENTATION_CONTEXT('2D SPACE',''
  ) );
#930 = PCURVE('',#931,#936);
#931 = TOROIDAL_SURFACE('',#932,11.,0.5);
#932 = AXIS2_PLACEMENT_3D('',#933,#934,#935);
#933 = CARTESIAN_POINT('',(-63.0449142456,-28.62383270263,0.));
#934 = DIRECTION('',(2.449212707645E-16,1.,0.));
#935 = DIRECTION('',(-1.,2.449212707645E-16,0.));
#936 = DEFINITIONAL_REPRESENTATION('',(#937),#941);
#937 = LINE('',#938,#939);
#938 = CARTESIAN_POINT('',(0.,1.570796326795));
#939 = VECTOR('',#940,1.);
#940 = DIRECTION('',(1.,0.));
#941 = ( GEOMETRIC_REPRESENTATION_CONTEXT(2) 
PARAMETRIC_REPRESENTATION_CONTEXT() REPRESENTATION_CONTEXT('2D SPACE',''
  ) );
#942 = ADVANCED_FACE('',(#943),#889,.T.);
#943 = FACE_BOUND('',#944,.F.);
#944 = EDGE_LOOP('',(#945,#967,#968,#969));
#945 = ORIENTED_EDGE('',*,*,#946,.F.);
#946 = EDGE_CURVE('',#873,#947,#949,.T.);
#947 = VERTEX_POINT('',#948);
#948 = CARTESIAN_POINT('',(-73.5449142456,-57.62383270263,0.));
#949 = SEAM_CURVE('',#950,(#955,#961),.PCURVE_S1.);
#950 = CIRCLE('',#951,0.5);
#951 = AXIS2_PLACEMENT_3D('',#952,#953,#954);
#952 = CARTESIAN_POINT('',(-74.0449142456,-57.62383270263,0.));
#953 = DIRECTION('',(0.,0.,1.));
#954 = DIRECTION('',(-1.,2.449212707645E-16,0.));
#955 = PCURVE('',#889,#956);
#956 = DEFINITIONAL_REPRESENTATION('',(#957),#960);
#957 = B_SPLINE_CURVE_WITH_KNOTS('',1,(#958,#959),.UNSPECIFIED.,.F.,.F.,
  (2,2),(1.570796326795,3.14159265359),.PIECEWISE_BEZIER_KNOTS.);
#958 = CARTESIAN_POINT('',(0.,1.570796326795));
#959 = CARTESIAN_POINT('',(0.,3.14159265359));
#960 = ( GEOMETRIC_REPRESENTATION_CONTEXT(2) 
PARAMETRIC_REPRESENTATION_CONTEXT() REPRESENTATION_CONTEXT('2D SPACE',''
  ) );
#961 = PCURVE('',#889,#962);
#962 = DEFINITIONAL_REPRESENTATION('',(#963),#966);
#963 = B_SPLINE_CURVE_WITH_KNOTS('',1,(#964,#965),.UNSPECIFIED.,.F.,.F.,
  (2,2),(1.570796326795,3.14159265359),.PIECEWISE_BEZIER_KNOTS.);
#964 = CARTESIAN_POINT('',(-6.28318530718,1.570796326795));
#965 = CARTESIAN_POINT('',(-6.28318530718,3.14159265359));
#966 = ( GEOMETRIC_REPRESENTATION_CONTEXT(2) 
PARAMETRIC_REPRESENTATION_CONTEXT() REPRESENTATION_CONTEXT('2D SPACE',''
  ) );
#967 = ORIENTED_EDGE('',*,*,#872,.F.);
#968 = ORIENTED_EDGE('',*,*,#946,.T.);
#969 = ORIENTED_EDGE('',*,*,#970,.T.);
#970 = EDGE_CURVE('',#947,#947,#971,.T.);
#971 = SURFACE_CURVE('',#972,(#977,#984),.PCURVE_S1.);
#972 = CIRCLE('',#973,10.5);
#973 = AXIS2_PLACEMENT_3D('',#974,#975,#976);
#974 = CARTESIAN_POINT('',(-63.0449142456,-57.62383270263,0.));
#975 = DIRECTION('',(2.449212707645E-16,1.,0.));
#976 = DIRECTION('',(-1.,2.449212707645E-16,0.));
#977 = PCURVE('',#889,#978);
#978 = DEFINITIONAL_REPRESENTATION('',(#979),#983);
#979 = LINE('',#980,#981);
#980 = CARTESIAN_POINT('',(-0.,3.14159265359));
#981 = VECTOR('',#982,1.);
#982 = DIRECTION('',(-1.,0.));
#983 = ( GEOMETRIC_REPRESENTATION_CONTEXT(2) 
PARAMETRIC_REPRESENTATION_CONTEXT() REPRESENTATION_CONTEXT('2D SPACE',''
  ) );
#984 = PCURVE('',#985,#990);
#985 = CYLINDRICAL_SURFACE('',#986,10.5);
#986 = AXIS2_PLACEMENT_3D('',#987,#988,#989);
#987 = CARTESIAN_POINT('',(-63.0449142456,-66.93469238281,0.));
#988 = DIRECTION('',(2.449212707645E-16,1.,0.));
#989 = DIRECTION('',(-1.,2.449212707645E-16,0.));
#990 = DEFINITIONAL_REPRESENTATION('',(#991),#995);
#991 = LINE('',#992,#993);
#992 = CARTESIAN_POINT('',(0.,9.310859680176));
#993 = VECTOR('',#994,1.);
#994 = DIRECTION('',(1.,0.));
#995 = ( GEOMETRIC_REPRESENTATION_CONTEXT(2) 
PARAMETRIC_REPRESENTATION_CONTEXT() REPRESENTATION_CONTEXT('2D SPACE',''
  ) );
#996 = ADVANCED_FACE('',(#997),#931,.T.);
#997 = FACE_BOUND('',#998,.T.);
#998 = EDGE_LOOP('',(#999,#1021,#1022,#1023));
#999 = ORIENTED_EDGE('',*,*,#1000,.F.);
#1000 = EDGE_CURVE('',#911,#1001,#1003,.T.);
#1001 = VERTEX_POINT('',#1002);
#1002 = CARTESIAN_POINT('',(-73.5449142456,-28.62383270263,0.));
#1003 = SEAM_CURVE('',#1004,(#1009,#1015),.PCURVE_S1.);
#1004 = CIRCLE('',#1005,0.5);
#1005 = AXIS2_PLACEMENT_3D('',#1006,#1007,#1008);
#1006 = CARTESIAN_POINT('',(-74.0449142456,-28.62383270263,0.));
#1007 = DIRECTION('',(0.,0.,-1.));
#1008 = DIRECTION('',(-1.,2.449212707645E-16,0.));
#1009 = PCURVE('',#931,#1010);
#1010 = DEFINITIONAL_REPRESENTATION('',(#1011),#1014);
#1011 = B_SPLINE_CURVE_WITH_KNOTS('',1,(#1012,#1013),.UNSPECIFIED.,.F.,
  .F.,(2,2),(1.570796326795,3.14159265359),.PIECEWISE_BEZIER_KNOTS.);
#1012 = CARTESIAN_POINT('',(0.,1.570796326795));
#1013 = CARTESIAN_POINT('',(0.,3.14159265359));
#1014 = ( GEOMETRIC_REPRESENTATION_CONTEXT(2) 
PARAMETRIC_REPRESENTATION_CONTEXT() REPRESENTATION_CONTEXT('2D SPACE',''
  ) );
#1015 = PCURVE('',#931,#1016);
#1016 = DEFINITIONAL_REPRESENTATION('',(#1017),#1020);
#1017 = B_SPLINE_CURVE_WITH_KNOTS('',1,(#1018,#1019),.UNSPECIFIED.,.F.,
  .F.,(2,2),(1.570796326795,3.14159265359),.PIECEWISE_BEZIER_KNOTS.);
#1018 = CARTESIAN_POINT('',(6.28318530718,1.570796326795));
#1019 = CARTESIAN_POINT('',(6.28318530718,3.14159265359));
#1020 = ( GEOMETRIC_REPRESENTATION_CONTEXT(2) 
PARAMETRIC_REPRESENTATION_CONTEXT() REPRESENTATION_CONTEXT('2D SPACE',''
  ) );
#1021 = ORIENTED_EDGE('',*,*,#910,.T.);
#1022 = ORIENTED_EDGE('',*,*,#1000,.T.);
#1023 = ORIENTED_EDGE('',*,*,#1024,.F.);
#1024 = EDGE_CURVE('',#1001,#1001,#1025,.T.);
#1025 = SURFACE_CURVE('',#1026,(#1031,#1038),.PCURVE_S1.);
#1026 = CIRCLE('',#1027,10.5);
#1027 = AXIS2_PLACEMENT_3D('',#1028,#1029,#1030);
#1028 = CARTESIAN_POINT('',(-63.0449142456,-28.62383270263,0.));
#1029 = DIRECTION('',(2.449212707645E-16,1.,0.));
#1030 = DIRECTION('',(-1.,2.449212707645E-16,0.));
#1031 = PCURVE('',#931,#1032);
#1032 = DEFINITIONAL_REPRESENTATION('',(#1033),#1037);
#1033 = LINE('',#1034,#1035);
#1034 = CARTESIAN_POINT('',(0.,3.14159265359));
#1035 = VECTOR('',#1036,1.);
#1036 = DIRECTION('',(1.,0.));
#1037 = ( GEOMETRIC_REPRESENTATION_CONTEXT(2) 
PARAMETRIC_REPRESENTATION_CONTEXT() REPRESENTATION_CONTEXT('2D SPACE',''
  ) );
#1038 = PCURVE('',#1039,#1044);
#1039 = CYLINDRICAL_SURFACE('',#1040,10.5);
#1040 = AXIS2_PLACEMENT_3D('',#1041,#1042,#1043);
#1041 = CARTESIAN_POINT('',(-63.0449142456,-66.93469238281,0.));
#1042 = DIRECTION('',(2.449212707645E-16,1.,0.));
#1043 = DIRECTION('',(-1.,2.449212707645E-16,0.));
#1044 = DEFINITIONAL_REPRESENTATION('',(#1045),#1049);
#1045 = LINE('',#1046,#1047);
#1046 = CARTESIAN_POINT('',(0.,38.310859680176));
#1047 = VECTOR('',#1048,1.);
#1048 = DIRECTION('',(1.,0.));
#1049 = ( GEOMETRIC_REPRESENTATION_CONTEXT(2) 
PARAMETRIC_REPRESENTATION_CONTEXT() REPRESENTATION_CONTEXT('2D SPACE',''
  ) );
#1050 = ADVANCED_FACE('',(#1051),#985,.F.);
#1051 = FACE_BOUND('',#1052,.F.);
#1052 = EDGE_LOOP('',(#1053,#1076,#1077,#1078));
#1053 = ORIENTED_EDGE('',*,*,#1054,.F.);
#1054 = EDGE_CURVE('',#947,#1055,#1057,.T.);
#1055 = VERTEX_POINT('',#1056);
#1056 = CARTESIAN_POINT('',(-73.5449142456,-54.8558835102,0.));
#1057 = SEAM_CURVE('',#1058,(#1062,#1069),.PCURVE_S1.);
#1058 = LINE('',#1059,#1060);
#1059 = CARTESIAN_POINT('',(-73.5449142456,-66.93469238281,0.));
#1060 = VECTOR('',#1061,1.);
#1061 = DIRECTION('',(-1.224606353822E-16,1.,0.));
#1062 = PCURVE('',#985,#1063);
#1063 = DEFINITIONAL_REPRESENTATION('',(#1064),#1068);
#1064 = LINE('',#1065,#1066);
#1065 = CARTESIAN_POINT('',(0.,0.));
#1066 = VECTOR('',#1067,1.);
#1067 = DIRECTION('',(0.,1.));
#1068 = ( GEOMETRIC_REPRESENTATION_CONTEXT(2) 
PARAMETRIC_REPRESENTATION_CONTEXT() REPRESENTATION_CONTEXT('2D SPACE',''
  ) );
#1069 = PCURVE('',#985,#1070);
#1070 = DEFINITIONAL_REPRESENTATION('',(#1071),#1075);
#1071 = LINE('',#1072,#1073);
#1072 = CARTESIAN_POINT('',(6.28318530718,0.));
#1073 = VECTOR('',#1074,1.);
#1074 = DIRECTION('',(0.,1.));
#1075 = ( GEOMETRIC_REPRESENTATION_CONTEXT(2) 
PARAMETRIC_REPRESENTATION_CONTEXT() REPRESENTATION_CONTEXT('2D SPACE',''
  ) );
#1076 = ORIENTED_EDGE('',*,*,#970,.T.);
#1077 = ORIENTED_EDGE('',*,*,#1054,.T.);
#1078 = ORIENTED_EDGE('',*,*,#1079,.F.);
#1079 = EDGE_CURVE('',#1055,#1055,#1080,.T.);
#1080 = SURFACE_CURVE('',#1081,(#1086,#1093),.PCURVE_S1.);
#1081 = CIRCLE('',#1082,10.5);
#1082 = AXIS2_PLACEMENT_3D('',#1083,#1084,#1085);
#1083 = CARTESIAN_POINT('',(-63.0449142456,-54.8558835102,0.));
#1084 = DIRECTION('',(2.449212707645E-16,1.,0.));
#1085 = DIRECTION('',(-1.,2.449212707645E-16,0.));
#1086 = PCURVE('',#985,#1087);
#1087 = DEFINITIONAL_REPRESENTATION('',(#1088),#1092);
#1088 = LINE('',#1089,#1090);
#1089 = CARTESIAN_POINT('',(0.,12.078808872607));
#1090 = VECTOR('',#1091,1.);
#1091 = DIRECTION('',(1.,0.));
#1092 = ( GEOMETRIC_REPRESENTATION_CONTEXT(2) 
PARAMETRIC_REPRESENTATION_CONTEXT() REPRESENTATION_CONTEXT('2D SPACE',''
  ) );
#1093 = PCURVE('',#1094,#1099);
#1094 = TOROIDAL_SURFACE('',#1095,9.5,2.);
#1095 = AXIS2_PLACEMENT_3D('',#1096,#1097,#1098);
#1096 = CARTESIAN_POINT('',(-63.0449142456,-53.12383270263,0.));
#1097 = DIRECTION('',(-2.449212707645E-16,-1.,0.));
#1098 = DIRECTION('',(-1.,2.449212707645E-16,0.));
#1099 = DEFINITIONAL_REPRESENTATION('',(#1100),#1104);
#1100 = LINE('',#1101,#1102);
#1101 = CARTESIAN_POINT('',(-0.,7.330382858376));
#1102 = VECTOR('',#1103,1.);
#1103 = DIRECTION('',(-1.,0.));
#1104 = ( GEOMETRIC_REPRESENTATION_CONTEXT(2) 
PARAMETRIC_REPRESENTATION_CONTEXT() REPRESENTATION_CONTEXT('2D SPACE',''
  ) );
#1105 = ADVANCED_FACE('',(#1106),#1039,.F.);
#1106 = FACE_BOUND('',#1107,.F.);
#1107 = EDGE_LOOP('',(#1108,#1131,#1158,#1159));
#1108 = ORIENTED_EDGE('',*,*,#1109,.F.);
#1109 = EDGE_CURVE('',#1110,#1001,#1112,.T.);
#1110 = VERTEX_POINT('',#1111);
#1111 = CARTESIAN_POINT('',(-73.5449142456,-31.39178189506,0.));
#1112 = SEAM_CURVE('',#1113,(#1117,#1124),.PCURVE_S1.);
#1113 = LINE('',#1114,#1115);
#1114 = CARTESIAN_POINT('',(-73.5449142456,-66.93469238281,0.));
#1115 = VECTOR('',#1116,1.);
#1116 = DIRECTION('',(-1.224606353822E-16,1.,0.));
#1117 = PCURVE('',#1039,#1118);
#1118 = DEFINITIONAL_REPRESENTATION('',(#1119),#1123);
#1119 = LINE('',#1120,#1121);
#1120 = CARTESIAN_POINT('',(0.,0.));
#1121 = VECTOR('',#1122,1.);
#1122 = DIRECTION('',(0.,1.));
#1123 = ( GEOMETRIC_REPRESENTATION_CONTEXT(2) 
PARAMETRIC_REPRESENTATION_CONTEXT() REPRESENTATION_CONTEXT('2D SPACE',''
  ) );
#1124 = PCURVE('',#1039,#1125);
#1125 = DEFINITIONAL_REPRESENTATION('',(#1126),#1130);
#1126 = LINE('',#1127,#1128);
#1127 = CARTESIAN_POINT('',(6.28318530718,0.));
#1128 = VECTOR('',#1129,1.);
#1129 = DIRECTION('',(0.,1.));
#1130 = ( GEOMETRIC_REPRESENTATION_CONTEXT(2) 
PARAMETRIC_REPRESENTATION_CONTEXT() REPRESENTATION_CONTEXT('2D SPACE',''
  ) );
#1131 = ORIENTED_EDGE('',*,*,#1132,.T.);
#1132 = EDGE_CURVE('',#1110,#1110,#1133,.T.);
#1133 = SURFACE_CURVE('',#1134,(#1139,#1146),.PCURVE_S1.);
#1134 = CIRCLE('',#1135,10.5);
#1135 = AXIS2_PLACEMENT_3D('',#1136,#1137,#1138);
#1136 = CARTESIAN_POINT('',(-63.0449142456,-31.39178189506,0.));
#1137 = DIRECTION('',(2.449212707645E-16,1.,0.));
#1138 = DIRECTION('',(-1.,2.449212707645E-16,0.));
#1139 = PCURVE('',#1039,#1140);
#1140 = DEFINITIONAL_REPRESENTATION('',(#1141),#1145);
#1141 = LINE('',#1142,#1143);
#1142 = CARTESIAN_POINT('',(0.,35.542910487745));
#1143 = VECTOR('',#1144,1.);
#1144 = DIRECTION('',(1.,0.));
#1145 = ( GEOMETRIC_REPRESENTATION_CONTEXT(2) 
PARAMETRIC_REPRESENTATION_CONTEXT() REPRESENTATION_CONTEXT('2D SPACE',''
  ) );
#1146 = PCURVE('',#1147,#1152);
#1147 = TOROIDAL_SURFACE('',#1148,9.5,2.);
#1148 = AXIS2_PLACEMENT_3D('',#1149,#1150,#1151);
#1149 = CARTESIAN_POINT('',(-63.0449142456,-33.12383270263,0.));
#1150 = DIRECTION('',(-2.449212707645E-16,-1.,0.));
#1151 = DIRECTION('',(-1.,2.449212707645E-16,0.));
#1152 = DEFINITIONAL_REPRESENTATION('',(#1153),#1157);
#1153 = LINE('',#1154,#1155);
#1154 = CARTESIAN_POINT('',(-0.,5.235987755983));
#1155 = VECTOR('',#1156,1.);
#1156 = DIRECTION('',(-1.,0.));
#1157 = ( GEOMETRIC_REPRESENTATION_CONTEXT(2) 
PARAMETRIC_REPRESENTATION_CONTEXT() REPRESENTATION_CONTEXT('2D SPACE',''
  ) );
#1158 = ORIENTED_EDGE('',*,*,#1109,.T.);
#1159 = ORIENTED_EDGE('',*,*,#1024,.F.);
#1160 = ADVANCED_FACE('',(#1161),#1094,.F.);
#1161 = FACE_BOUND('',#1162,.T.);
#1162 = EDGE_LOOP('',(#1163,#1192,#1214,#1215));
#1163 = ORIENTED_EDGE('',*,*,#1164,.T.);
#1164 = EDGE_CURVE('',#1165,#1165,#1167,.T.);
#1165 = VERTEX_POINT('',#1166);
#1166 = CARTESIAN_POINT('',(-73.5449142456,-51.39178189506,0.));
#1167 = SURFACE_CURVE('',#1168,(#1173,#1180),.PCURVE_S1.);
#1168 = CIRCLE('',#1169,10.5);
#1169 = AXIS2_PLACEMENT_3D('',#1170,#1171,#1172);
#1170 = CARTESIAN_POINT('',(-63.0449142456,-51.39178189506,0.));
#1171 = DIRECTION('',(2.449212707645E-16,1.,0.));
#1172 = DIRECTION('',(-1.,2.449212707645E-16,0.));
#1173 = PCURVE('',#1094,#1174);
#1174 = DEFINITIONAL_REPRESENTATION('',(#1175),#1179);
#1175 = LINE('',#1176,#1177);
#1176 = CARTESIAN_POINT('',(-0.,5.235987755983));
#1177 = VECTOR('',#1178,1.);
#1178 = DIRECTION('',(-1.,0.));
#1179 = ( GEOMETRIC_REPRESENTATION_CONTEXT(2) 
PARAMETRIC_REPRESENTATION_CONTEXT() REPRESENTATION_CONTEXT('2D SPACE',''
  ) );
#1180 = PCURVE('',#1181,#1186);
#1181 = CYLINDRICAL_SURFACE('',#1182,10.5);
#1182 = AXIS2_PLACEMENT_3D('',#1183,#1184,#1185);
#1183 = CARTESIAN_POINT('',(-63.0449142456,-66.93469238281,0.));
#1184 = DIRECTION('',(2.449212707645E-16,1.,0.));
#1185 = DIRECTION('',(-1.,2.449212707645E-16,0.));
#1186 = DEFINITIONAL_REPRESENTATION('',(#1187),#1191);
#1187 = LINE('',#1188,#1189);
#1188 = CARTESIAN_POINT('',(0.,15.542910487745));
#1189 = VECTOR('',#1190,1.);
#1190 = DIRECTION('',(1.,0.));
#1191 = ( GEOMETRIC_REPRESENTATION_CONTEXT(2) 
PARAMETRIC_REPRESENTATION_CONTEXT() REPRESENTATION_CONTEXT('2D SPACE',''
  ) );
#1192 = ORIENTED_EDGE('',*,*,#1193,.T.);
#1193 = EDGE_CURVE('',#1165,#1055,#1194,.T.);
#1194 = SEAM_CURVE('',#1195,(#1200,#1207),.PCURVE_S1.);
#1195 = CIRCLE('',#1196,2.);
#1196 = AXIS2_PLACEMENT_3D('',#1197,#1198,#1199);
#1197 = CARTESIAN_POINT('',(-72.5449142456,-53.12383270263,0.));
#1198 = DIRECTION('',(0.,0.,1.));
#1199 = DIRECTION('',(1.,0.,-0.));
#1200 = PCURVE('',#1094,#1201);
#1201 = DEFINITIONAL_REPRESENTATION('',(#1202),#1206);
#1202 = LINE('',#1203,#1204);
#1203 = CARTESIAN_POINT('',(-0.,3.14159265359));
#1204 = VECTOR('',#1205,1.);
#1205 = DIRECTION('',(-0.,1.));
#1206 = ( GEOMETRIC_REPRESENTATION_CONTEXT(2) 
PARAMETRIC_REPRESENTATION_CONTEXT() REPRESENTATION_CONTEXT('2D SPACE',''
  ) );
#1207 = PCURVE('',#1094,#1208);
#1208 = DEFINITIONAL_REPRESENTATION('',(#1209),#1213);
#1209 = LINE('',#1210,#1211);
#1210 = CARTESIAN_POINT('',(-6.28318530718,3.14159265359));
#1211 = VECTOR('',#1212,1.);
#1212 = DIRECTION('',(-0.,1.));
#1213 = ( GEOMETRIC_REPRESENTATION_CONTEXT(2) 
PARAMETRIC_REPRESENTATION_CONTEXT() REPRESENTATION_CONTEXT('2D SPACE',''
  ) );
#1214 = ORIENTED_EDGE('',*,*,#1079,.F.);
#1215 = ORIENTED_EDGE('',*,*,#1193,.F.);
#1216 = ADVANCED_FACE('',(#1217),#1147,.F.);
#1217 = FACE_BOUND('',#1218,.T.);
#1218 = EDGE_LOOP('',(#1219,#1220,#1244,#1266));
#1219 = ORIENTED_EDGE('',*,*,#1132,.T.);
#1220 = ORIENTED_EDGE('',*,*,#1221,.T.);
#1221 = EDGE_CURVE('',#1110,#1222,#1224,.T.);
#1222 = VERTEX_POINT('',#1223);
#1223 = CARTESIAN_POINT('',(-73.5449142456,-34.8558835102,0.));
#1224 = SEAM_CURVE('',#1225,(#1230,#1237),.PCURVE_S1.);
#1225 = CIRCLE('',#1226,2.);
#1226 = AXIS2_PLACEMENT_3D('',#1227,#1228,#1229);
#1227 = CARTESIAN_POINT('',(-72.5449142456,-33.12383270263,0.));
#1228 = DIRECTION('',(0.,0.,1.));
#1229 = DIRECTION('',(1.,0.,-0.));
#1230 = PCURVE('',#1147,#1231);
#1231 = DEFINITIONAL_REPRESENTATION('',(#1232),#1236);
#1232 = LINE('',#1233,#1234);
#1233 = CARTESIAN_POINT('',(-0.,3.14159265359));
#1234 = VECTOR('',#1235,1.);
#1235 = DIRECTION('',(-0.,1.));
#1236 = ( GEOMETRIC_REPRESENTATION_CONTEXT(2) 
PARAMETRIC_REPRESENTATION_CONTEXT() REPRESENTATION_CONTEXT('2D SPACE',''
  ) );
#1237 = PCURVE('',#1147,#1238);
#1238 = DEFINITIONAL_REPRESENTATION('',(#1239),#1243);
#1239 = LINE('',#1240,#1241);
#1240 = CARTESIAN_POINT('',(-6.28318530718,3.14159265359));
#1241 = VECTOR('',#1242,1.);
#1242 = DIRECTION('',(-0.,1.));
#1243 = ( GEOMETRIC_REPRESENTATION_CONTEXT(2) 
PARAMETRIC_REPRESENTATION_CONTEXT() REPRESENTATION_CONTEXT('2D SPACE',''
  ) );
#1244 = ORIENTED_EDGE('',*,*,#1245,.F.);
#1245 = EDGE_CURVE('',#1222,#1222,#1246,.T.);
#1246 = SURFACE_CURVE('',#1247,(#1252,#1259),.PCURVE_S1.);
#1247 = CIRCLE('',#1248,10.5);
#1248 = AXIS2_PLACEMENT_3D('',#1249,#1250,#1251);
#1249 = CARTESIAN_POINT('',(-63.0449142456,-34.8558835102,0.));
#1250 = DIRECTION('',(2.449212707645E-16,1.,0.));
#1251 = DIRECTION('',(-1.,2.449212707645E-16,0.));
#1252 = PCURVE('',#1147,#1253);
#1253 = DEFINITIONAL_REPRESENTATION('',(#1254),#1258);
#1254 = LINE('',#1255,#1256);
#1255 = CARTESIAN_POINT('',(-0.,7.330382858376));
#1256 = VECTOR('',#1257,1.);
#1257 = DIRECTION('',(-1.,0.));
#1258 = ( GEOMETRIC_REPRESENTATION_CONTEXT(2) 
PARAMETRIC_REPRESENTATION_CONTEXT() REPRESENTATION_CONTEXT('2D SPACE',''
  ) );
#1259 = PCURVE('',#1181,#1260);
#1260 = DEFINITIONAL_REPRESENTATION('',(#1261),#1265);
#1261 = LINE('',#1262,#1263);
#1262 = CARTESIAN_POINT('',(0.,32.078808872607));
#1263 = VECTOR('',#1264,1.);
#1264 = DIRECTION('',(1.,0.));
#1265 = ( GEOMETRIC_REPRESENTATION_CONTEXT(2) 
PARAMETRIC_REPRESENTATION_CONTEXT() REPRESENTATION_CONTEXT('2D SPACE',''
  ) );
#1266 = ORIENTED_EDGE('',*,*,#1221,.F.);
#1267 = ADVANCED_FACE('',(#1268),#1181,.F.);
#1268 = FACE_BOUND('',#1269,.F.);
#1269 = EDGE_LOOP('',(#1270,#1271,#1292,#1293));
#1270 = ORIENTED_EDGE('',*,*,#1164,.T.);
#1271 = ORIENTED_EDGE('',*,*,#1272,.T.);
#1272 = EDGE_CURVE('',#1165,#1222,#1273,.T.);
#1273 = SEAM_CURVE('',#1274,(#1278,#1285),.PCURVE_S1.);
#1274 = LINE('',#1275,#1276);
#1275 = CARTESIAN_POINT('',(-73.5449142456,-66.93469238281,0.));
#1276 = VECTOR('',#1277,1.);
#1277 = DIRECTION('',(-1.224606353822E-16,1.,0.));
#1278 = PCURVE('',#1181,#1279);
#1279 = DEFINITIONAL_REPRESENTATION('',(#1280),#1284);
#1280 = LINE('',#1281,#1282);
#1281 = CARTESIAN_POINT('',(0.,0.));
#1282 = VECTOR('',#1283,1.);
#1283 = DIRECTION('',(0.,1.));
#1284 = ( GEOMETRIC_REPRESENTATION_CONTEXT(2) 
PARAMETRIC_REPRESENTATION_CONTEXT() REPRESENTATION_CONTEXT('2D SPACE',''
  ) );
#1285 = PCURVE('',#1181,#1286);
#1286 = DEFINITIONAL_REPRESENTATION('',(#1287),#1291);
#1287 = LINE('',#1288,#1289);
#1288 = CARTESIAN_POINT('',(6.28318530718,0.));
#1289 = VECTOR('',#1290,1.);
#1290 = DIRECTION('',(0.,1.));
#1291 = ( GEOMETRIC_REPRESENTATION_CONTEXT(2) 
PARAMETRIC_REPRESENTATION_CONTEXT() REPRESENTATION_CONTEXT('2D SPACE',''
  ) );
#1292 = ORIENTED_EDGE('',*,*,#1245,.F.);
#1293 = ORIENTED_EDGE('',*,*,#1272,.F.);
#1294 = ( GEOMETRIC_REPRESENTATION_CONTEXT(3) 
GLOBAL_UNCERTAINTY_ASSIGNED_CONTEXT((#1298)) 
GLOBAL_UNIT_ASSIGNED_CONTEXT((#1295,#1296,#1297)) REPRESENTATION_CONTEXT
('Context #1','3D Context with UNIT and UNCERTAINTY') );
#1295 = ( LENGTH_UNIT() NAMED_UNIT(*) SI_UNIT(.MILLI.,.METRE.) );
#1296 = ( NAMED_UNIT(*) PLANE_ANGLE_UNIT() SI_UNIT($,.RADIAN.) );
#1297 = ( NAMED_UNIT(*) SI_UNIT($,.STERADIAN.) SOLID_ANGLE_UNIT() );
#1298 = UNCERTAINTY_MEASURE_WITH_UNIT(LENGTH_MEASURE(1.E-07),#1295,
  'distance_accuracy_value','confusion accuracy');
#1299 = CONTEXT_DEPENDENT_SHAPE_REPRESENTATION(#1300,#1302);
#1300 = ( REPRESENTATION_RELATIONSHIP('','',#665,#10) 
REPRESENTATION_RELATIONSHIP_WITH_TRANSFORMATION(#1301) 
SHAPE_REPRESENTATION_RELATIONSHIP() );
#1301 = ITEM_DEFINED_TRANSFORMATION('','',#11,#19);
#1302 = PRODUCT_DEFINITION_SHAPE('Placement','Placement of an item',
  #1303);
#1303 = NEXT_ASSEMBLY_USAGE_OCCURRENCE('2','','',#5,#660,$);
#1304 = PRODUCT_RELATED_PRODUCT_CATEGORY('part',$,(#662));
#1305 = SHAPE_DEFINITION_REPRESENTATION(#1306,#1312);
#1306 = PRODUCT_DEFINITION_SHAPE('','',#1307);
#1307 = PRODUCT_DEFINITION('design','',#1308,#1311);
#1308 = PRODUCT_DEFINITION_FORMATION('','',#1309);
#1309 = PRODUCT('Open CASCADE STEP translator 8.0 1.3',
  'Open CASCADE STEP translator 8.0 1.3','',(#1310));
#1310 = PRODUCT_CONTEXT('',#2,'mechanical');
#1311 = PRODUCT_DEFINITION_CONTEXT('part definition',#2,'design');
#1312 = ADVANCED_BREP_SHAPE_REPRESENTATION('',(#11,#1313),#1325);
#1313 = MANIFOLD_SOLID_BREP('',#1314);
#1314 = CLOSED_SHELL('',(#1315));
#1315 = ADVANCED_FACE('',(#1316),#1320,.T.);
#1316 = FACE_BOUND('',#1317,.T.);
#1317 = VERTEX_LOOP('',#1318);
#1318 = VERTEX_POINT('',#1319);
#1319 = CARTESIAN_POINT('',(1.224606353822E-16,-2.999321443644E-32,-2.)
  );
#1320 = SPHERICAL_SURFACE('',#1321,2.);
#1321 = AXIS2_PLACEMENT_3D('',#1322,#1323,#1324);
#1322 = CARTESIAN_POINT('',(0.,0.,0.));
#1323 = DIRECTION('',(0.,0.,1.));
#1324 = DIRECTION('',(1.,0.,-0.));
#1325 = ( GEOMETRIC_REPRESENTATION_CONTEXT(3) 
GLOBAL_UNCERTAINTY_ASSIGNED_CONTEXT((#1329)) 
GLOBAL_UNIT_ASSIGNED_CONTEXT((#1326,#1327,#1328)) REPRESENTATION_CONTEXT
('Context #1','3D Context with UNIT and UNCERTAINTY') );
#1326 = ( LENGTH_UNIT() NAMED_UNIT(*) SI_UNIT(.MILLI.,.METRE.) );
#1327 = ( NAMED_UNIT(*) PLANE_ANGLE_UNIT() SI_UNIT($,.RADIAN.) );
#1328 = ( NAMED_UNIT(*) SI_UNIT($,.STERADIAN.) SOLID_ANGLE_UNIT() );
#1329 = UNCERTAINTY_MEASURE_WITH_UNIT(LENGTH_MEASURE(1.E-07),#1326,
  'distance_accuracy_value','confusion accuracy');
#1330 = CONTEXT_DEPENDENT_SHAPE_REPRESENTATION(#1331,#1333);
#1331 = ( REPRESENTATION_RELATIONSHIP('','',#1312,#10) 
REPRESENTATION_RELATIONSHIP_WITH_TRANSFORMATION(#1332) 
SHAPE_REPRESENTATION_RELATIONSHIP() );
#1332 = ITEM_DEFINED_TRANSFORMATION('','',#11,#23);
#1333 = PRODUCT_DEFINITION_SHAPE('Placement','Placement of an item',
  #1334);
#1334 = NEXT_ASSEMBLY_USAGE_OCCURRENCE('3','','',#5,#1307,$);
#1335 = PRODUCT_RELATED_PRODUCT_CATEGORY('part',$,(#1309));
#1336 = SHAPE_DEFINITION_REPRESENTATION(#1337,#1343);
#1337 = PRODUCT_DEFINITION_SHAPE('','',#1338);
#1338 = PRODUCT_DEFINITION('design','',#1339,#1342);
#1339 = PRODUCT_DEFINITION_FORMATION('','',#1340);
#1340 = PRODUCT('Open CASCADE STEP translator 8.0 1.4',
  'Open CASCADE STEP translator 8.0 1.4','',(#1341));
#1341 = PRODUCT_CONTEXT('',#2,'mechanical');
#1342 = PRODUCT_DEFINITION_CONTEXT('part definition',#2,'design');
#1343 = ADVANCED_BREP_SHAPE_REPRESENTATION('',(#11,#1344),#1356);
#1344 = MANIFOLD_SOLID_BREP('',#1345);
#1345 = CLOSED_SHELL('',(#1346));
#1346 = ADVANCED_FACE('',(#1347),#1351,.T.);
#1347 = FACE_BOUND('',#1348,.T.);
#1348 = VERTEX_LOOP('',#1349);
#1349 = VERTEX_POINT('',#1350);
#1350 = CARTESIAN_POINT('',(1.224606353822E-16,-2.999321443644E-32,-2.)
  );
#1351 = SPHERICAL_SURFACE('',#1352,2.);
#1352 = AXIS2_PLACEMENT_3D('',#1353,#1354,#1355);
#1353 = CARTESIAN_POINT('',(0.,0.,0.));
#1354 = DIRECTION('',(0.,0.,1.));
#1355 = DIRECTION('',(1.,0.,-0.));
#1356 = ( GEOMETRIC_REPRESENTATION_CONTEXT(3) 
GLOBAL_UNCERTAINTY_ASSIGNED_CONTEXT((#1360)) 
GLOBAL_UNIT_ASSIGNED_CONTEXT((#1357,#1358,#1359)) REPRESENTATION_CONTEXT
('Context #1','3D Context with UNIT and UNCERTAINTY') );
#1357 = ( LENGTH_UNIT() NAMED_UNIT(*) SI_UNIT(.MILLI.,.METRE.) );
#1358 = ( NAMED_UNIT(*) PLANE_ANGLE_UNIT() SI_UNIT($,.RADIAN.) );
#1359 = ( NAMED_UNIT(*) SI_UNIT($,.STERADIAN.) SOLID_ANGLE_UNIT() );
#1360 = UNCERTAINTY_MEASURE_WITH_UNIT(LENGTH_MEASURE(1.E-07),#1357,
  'distance_accuracy_value','confusion accuracy');
#1361 = CONTEXT_DEPENDENT_SHAPE_REPRESENTATION(#1362,#1364);
#1362 = ( REPRESENTATION_RELATIONSHIP('','',#1343,#10) 
REPRESENTATION_RELATIONSHIP_WITH_TRANSFORMATION(#1363) 
SHAPE_REPRESENTATION_RELATIONSHIP() );
#1363 = ITEM_DEFINED_TRANSFORMATION('','',#11,#27);
#1364 = PRODUCT_DEFINITION_SHAPE('Placement','Placement of an item',
  #1365);
#1365 = NEXT_ASSEMBLY_USAGE_OCCURRENCE('4','','',#5,#1338,$);
#1366 = PRODUCT_RELATED_PRODUCT_CATEGORY('part',$,(#1340));
#1367 = SHAPE_DEFINITION_REPRESENTATION(#1368,#1374);
#1368 = PRODUCT_DEFINITION_SHAPE('','',#1369);
#1369 = PRODUCT_DEFINITION('design','',#1370,#1373);
#1370 = PRODUCT_DEFINITION_FORMATION('','',#1371);
#1371 = PRODUCT('Open CASCADE STEP translator 8.0 1.5',
  'Open CASCADE STEP translator 8.0 1.5','',(#1372));
#1372 = PRODUCT_CONTEXT('',#2,'mechanical');
#1373 = PRODUCT_DEFINITION_CONTEXT('part definition',#2,'design');
#1374 = ADVANCED_BREP_SHAPE_REPRESENTATION('',(#11,#1375),#1387);
#1375 = MANIFOLD_SOLID_BREP('',#1376);
#1376 = CLOSED_SHELL('',(#1377));
#1377 = ADVANCED_FACE('',(#1378),#1382,.T.);
#1378 = FACE_BOUND('',#1379,.T.);
#1379 = VERTEX_LOOP('',#1380);
#1380 = VERTEX_POINT('',#1381);
#1381 = CARTESIAN_POINT('',(1.224606353822E-16,-2.999321443644E-32,-2.)
  );
#1382 = SPHERICAL_SURFACE('',#1383,2.);
#1383 = AXIS2_PLACEMENT_3D('',#1384,#1385,#1386);
#1384 = CARTESIAN_POINT('',(0.,0.,0.));
#1385 = DIRECTION('',(0.,0.,1.));
#1386 = DIRECTION('',(1.,0.,-0.));
#1387 = ( GEOMETRIC_REPRESENTATION_CONTEXT(3) 
GLOBAL_UNCERTAINTY_ASSIGNED_CONTEXT((#1391)) 
GLOBAL_UNIT_ASSIGNED_CONTEXT((#1388,#1389,#1390)) REPRESENTATION_CONTEXT
('Context #1','3D Context with UNIT and UNCERTAINTY') );
#1388 = ( LENGTH_UNIT() NAMED_UNIT(*) SI_UNIT(.MILLI.,.METRE.) );
#1389 = ( NAMED_UNIT(*) PLANE_ANGLE_UNIT() SI_UNIT($,.RADIAN.) );
#1390 = ( NAMED_UNIT(*) SI_UNIT($,.STERADIAN.) SOLID_ANGLE_UNIT() );
#1391 = UNCERTAINTY_MEASURE_WITH_UNIT(LENGTH_MEASURE(1.E-07),#1388,
  'distance_accuracy_value','confusion accuracy');
#1392 = CONTEXT_DEPENDENT_SHAPE_REPRESENTATION(#1393,#1395);
#1393 = ( REPRESENTATION_RELATIONSHIP('','',#1374,#10) 
REPRESENTATION_RELATIONSHIP_WITH_TRANSFORMATION(#1394) 
SHAPE_REPRESENTATION_RELATIONSHIP() );
#1394 = ITEM_DEFINED_TRANSFORMATION('','',#11,#31);
#1395 = PRODUCT_DEFINITION_SHAPE('Placement','Placement of an item',
  #1396);
#1396 = NEXT_ASSEMBLY_USAGE_OCCURRENCE('5','','',#5,#1369,$);
#1397 = PRODUCT_RELATED_PRODUCT_CATEGORY('part',$,(#1371));
#1398 = SHAPE_DEFINITION_REPRESENTATION(#1399,#1405);
#1399 = PRODUCT_DEFINITION_SHAPE('','',#1400);
#1400 = PRODUCT_DEFINITION('design','',#1401,#1404);
#1401 = PRODUCT_DEFINITION_FORMATION('','',#1402);
#1402 = PRODUCT('Open CASCADE STEP translator 8.0 1.6',
  'Open CASCADE STEP translator 8.0 1.6','',(#1403));
#1403 = PRODUCT_CONTEXT('',#2,'mechanical');
#1404 = PRODUCT_DEFINITION_CONTEXT('part definition',#2,'design');
#1405 = ADVANCED_BREP_SHAPE_REPRESENTATION('',(#11,#1406),#1418);
#1406 = MANIFOLD_SOLID_BREP('',#1407);
#1407 = CLOSED_SHELL('',(#1408));
#1408 = ADVANCED_FACE('',(#1409),#1413,.T.);
#1409 = FACE_BOUND('',#1410,.T.);
#1410 = VERTEX_LOOP('',#1411);
#1411 = VERTEX_POINT('',#1412);
#1412 = CARTESIAN_POINT('',(1.224606353822E-16,-2.999321443644E-32,-2.)
  );
#1413 = SPHERICAL_SURFACE('',#1414,2.);
#1414 = AXIS2_PLACEMENT_3D('',#1415,#1416,#1417);
#1415 = CARTESIAN_POINT('',(0.,0.,0.));
#1416 = DIRECTION('',(0.,0.,1.));
#1417 = DIRECTION('',(1.,0.,-0.));
#1418 = ( GEOMETRIC_REPRESENTATION_CONTEXT(3) 
GLOBAL_UNCERTAINTY_ASSIGNED_CONTEXT((#1422)) 
GLOBAL_UNIT_ASSIGNED_CONTEXT((#1419,#1420,#1421)) REPRESENTATION_CONTEXT
('Context #1','3D Context with UNIT and UNCERTAINTY') );
#1419 = ( LENGTH_UNIT() NAMED_UNIT(*) SI_UNIT(.MILLI.,.METRE.) );
#1420 = ( NAMED_UNIT(*) PLANE_ANGLE_UNIT() SI_UNIT($,.RADIAN.) );
#1421 = ( NAMED_UNIT(*) SI_UNIT($,.STERADIAN.) SOLID_ANGLE_UNIT() );
#1422 = UNCERTAINTY_MEASURE_WITH_UNIT(LENGTH_MEASURE(1.E-07),#1419,
  'distance_accuracy_value','confusion accuracy');
#1423 = CONTEXT_DEPENDENT_SHAPE_REPRESENTATION(#1424,#1426);
#1424 = ( REPRESENTATION_RELATIONSHIP('','',#1405,#10) 
REPRESENTATION_RELATIONSHIP_WITH_TRANSFORMATION(#1425) 
SHAPE_REPRESENTATION_RELATIONSHIP() );
#1425 = ITEM_DEFINED_TRANSFORMATION('','',#11,#35);
#1426 = PRODUCT_DEFINITION_SHAPE('Placement','Placement of an item',
  #1427);
#1427 = NEXT_ASSEMBLY_USAGE_OCCURRENCE('6','','',#5,#1400,$);
#1428 = PRODUCT_RELATED_PRODUCT_CATEGORY('part',$,(#1402));
#1429 = SHAPE_DEFINITION_REPRESENTATION(#1430,#1436);
#1430 = PRODUCT_DEFINITION_SHAPE('','',#1431);
#1431 = PRODUCT_DEFINITION('design','',#1432,#1435);
#1432 = PRODUCT_DEFINITION_FORMATION('','',#1433);
#1433 = PRODUCT('Open CASCADE STEP translator 8.0 1.7',
  'Open CASCADE STEP translator 8.0 1.7','',(#1434));
#1434 = PRODUCT_CONTEXT('',#2,'mechanical');
#1435 = PRODUCT_DEFINITION_CONTEXT('part definition',#2,'design');
#1436 = ADVANCED_BREP_SHAPE_REPRESENTATION('',(#11,#1437),#1449);
#1437 = MANIFOLD_SOLID_BREP('',#1438);
#1438 = CLOSED_SHELL('',(#1439));
#1439 = ADVANCED_FACE('',(#1440),#1444,.T.);
#1440 = FACE_BOUND('',#1441,.T.);
#1441 = VERTEX_LOOP('',#1442);
#1442 = VERTEX_POINT('',#1443);
#1443 = CARTESIAN_POINT('',(1.224606353822E-16,-2.999321443644E-32,-2.)
  );
#1444 = SPHERICAL_SURFACE('',#1445,2.);
#1445 = AXIS2_PLACEMENT_3D('',#1446,#1447,#1448);
#1446 = CARTESIAN_POINT('',(0.,0.,0.));
#1447 = DIRECTION('',(0.,0.,1.));
#1448 = DIRECTION('',(1.,0.,-0.));
#1449 = ( GEOMETRIC_REPRESENTATION_CONTEXT(3) 
GLOBAL_UNCERTAINTY_ASSIGNED_CONTEXT((#1453)) 
GLOBAL_UNIT_ASSIGNED_CONTEXT((#1450,#1451,#1452)) REPRESENTATION_CONTEXT
('Context #1','3D Context with UNIT and UNCERTAINTY') );
#1450 = ( LENGTH_UNIT() NAMED_UNIT(*) SI_UNIT(.MILLI.,.METRE.) );
#1451 = ( NAMED_UNIT(*) PLANE_ANGLE_UNIT() SI_UNIT($,.RADIAN.) );
#1452 = ( NAMED_UNIT(*) SI_UNIT($,.STERADIAN.) SOLID_ANGLE_UNIT() );
#1453 = UNCERTAINTY_MEASURE_WITH_UNIT(LENGTH_MEASURE(1.E-07),#1450,
  'distance_accuracy_value','confusion accuracy');
#1454 = CONTEXT_DEPENDENT_SHAPE_REPRESENTATION(#1455,#1457);
#1455 = ( REPRESENTATION_RELATIONSHIP('','',#1436,#10) 
REPRESENTATION_RELATIONSHIP_WITH_TRANSFORMATION(#1456) 
SHAPE_REPRESENTATION_RELATIONSHIP() );
#1456 = ITEM_DEFINED_TRANSFORMATION('','',#11,#39);
#1457 = PRODUCT_DEFINITION_SHAPE('Placement','Placement of an item',
  #1458);
#1458 = NEXT_ASSEMBLY_USAGE_OCCURRENCE('7','','',#5,#1431,$);
#1459 = PRODUCT_RELATED_PRODUCT_CATEGORY('part',$,(#1433));
#1460 = SHAPE_DEFINITION_REPRESENTATION(#1461,#1467);
#1461 = PRODUCT_DEFINITION_SHAPE('','',#1462);
#1462 = PRODUCT_DEFINITION('design','',#1463,#1466);
#1463 = PRODUCT_DEFINITION_FORMATION('','',#1464);
#1464 = PRODUCT('Open CASCADE STEP translator 8.0 1.8',
  'Open CASCADE STEP translator 8.0 1.8','',(#1465));
#1465 = PRODUCT_CONTEXT('',#2,'mechanical');
#1466 = PRODUCT_DEFINITION_CONTEXT('part definition',#2,'design');
#1467 = ADVANCED_BREP_SHAPE_REPRESENTATION('',(#11,#1468),#1480);
#1468 = MANIFOLD_SOLID_BREP('',#1469);
#1469 = CLOSED_SHELL('',(#1470));
#1470 = ADVANCED_FACE('',(#1471),#1475,.T.);
#1471 = FACE_BOUND('',#1472,.T.);
#1472 = VERTEX_LOOP('',#1473);
#1473 = VERTEX_POINT('',#1474);
#1474 = CARTESIAN_POINT('',(1.224606353822E-16,-2.999321443644E-32,-2.)
  );
#1475 = SPHERICAL_SURFACE('',#1476,2.);
#1476 = AXIS2_PLACEMENT_3D('',#1477,#1478,#1479);
#1477 = CARTESIAN_POINT('',(0.,0.,0.));
#1478 = DIRECTION('',(0.,0.,1.));
#1479 = DIRECTION('',(1.,0.,-0.));
#1480 = ( GEOMETRIC_REPRESENTATION_CONTEXT(3) 
GLOBAL_UNCERTAINTY_ASSIGNED_CONTEXT((#1484)) 
GLOBAL_UNIT_ASSIGNED_CONTEXT((#1481,#1482,#1483)) REPRESENTATION_CONTEXT
('Context #1','3D Context with UNIT and UNCERTAINTY') );
#1481 = ( LENGTH_UNIT() NAMED_UNIT(*) SI_UNIT(.MILLI.,.METRE.) );
#1482 = ( NAMED_UNIT(*) PLANE_ANGLE_UNIT() SI_UNIT($,.RADIAN.) );
#1483 = ( NAMED_UNIT(*) SI_UNIT($,.STERADIAN.) SOLID_ANGLE_UNIT() );
#1484 = UNCERTAINTY_MEASURE_WITH_UNIT(LENGTH_MEASURE(1.E-07),#1481,
  'distance_accuracy_value','confusion accuracy');
#1485 = CONTEXT_DEPENDENT_SHAPE_REPRESENTATION(#1486,#1488);
#1486 = ( REPRESENTATION_RELATIONSHIP('','',#1467,#10) 
REPRESENTATION_RELATIONSHIP_WITH_TRANSFORMATION(#1487) 
SHAPE_REPRESENTATION_RELATIONSHIP() );
#1487 = ITEM_DEFINED_TRANSFORMATION('','',#11,#43);
#1488 = PRODUCT_DEFINITION_SHAPE('Placement','Placement of an item',
  #1489);
#1489 = NEXT_ASSEMBLY_USAGE_OCCURRENCE('8','','',#5,#1462,$);
#1490 = PRODUCT_RELATED_PRODUCT_CATEGORY('part',$,(#1464));
#1491 = SHAPE_DEFINITION_REPRESENTATION(#1492,#1498);
#1492 = PRODUCT_DEFINITION_SHAPE('','',#1493);
#1493 = PRODUCT_DEFINITION('design','',#1494,#1497);
#1494 = PRODUCT_DEFINITION_FORMATION('','',#1495);
#1495 = PRODUCT('Open CASCADE STEP translator 8.0 1.9',
  'Open CASCADE STEP translator 8.0 1.9','',(#1496));
#1496 = PRODUCT_CONTEXT('',#2,'mechanical');
#1497 = PRODUCT_DEFINITION_CONTEXT('part definition',#2,'design');
#1498 = ADVANCED_BREP_SHAPE_REPRESENTATION('',(#11,#1499),#1511);
#1499 = MANIFOLD_SOLID_BREP('',#1500);
#1500 = CLOSED_SHELL('',(#1501));
#1501 = ADVANCED_FACE('',(#1502),#1506,.T.);
#1502 = FACE_BOUND('',#1503,.T.);
#1503 = VERTEX_LOOP('',#1504);
#1504 = VERTEX_POINT('',#1505);
#1505 = CARTESIAN_POINT('',(1.224606353822E-16,-2.999321443644E-32,-2.)
  );
#1506 = SPHERICAL_SURFACE('',#1507,2.);
#1507 = AXIS2_PLACEMENT_3D('',#1508,#1509,#1510);
#1508 = CARTESIAN_POINT('',(0.,0.,0.));
#1509 = DIRECTION('',(0.,0.,1.));
#1510 = DIRECTION('',(1.,0.,-0.));
#1511 = ( GEOMETRIC_REPRESENTATION_CONTEXT(3) 
GLOBAL_UNCERTAINTY_ASSIGNED_CONTEXT((#1515)) 
GLOBAL_UNIT_ASSIGNED_CONTEXT((#1512,#1513,#1514)) REPRESENTATION_CONTEXT
('Context #1','3D Context with UNIT and UNCERTAINTY') );
#1512 = ( LENGTH_UNIT() NAMED_UNIT(*) SI_UNIT(.MILLI.,.METRE.) );
#1513 = ( NAMED_UNIT(*) PLANE_ANGLE_UNIT() SI_UNIT($,.RADIAN.) );
#1514 = ( NAMED_UNIT(*) SI_UNIT($,.STERADIAN.) SOLID_ANGLE_UNIT() );
#1515 = UNCERTAINTY_MEASURE_WITH_UNIT(LENGTH_MEASURE(1.E-07),#1512,
  'distance_accuracy_value','confusion accuracy');
#1516 = CONTEXT_DEPENDENT_SHAPE_REPRESENTATION(#1517,#1519);
#1517 = ( REPRESENTATION_RELATIONSHIP('','',#1498,#10) 
REPRESENTATION_RELATIONSHIP_WITH_TRANSFORMATION(#1518) 
SHAPE_REPRESENTATION_RELATIONSHIP() );
#1518 = ITEM_DEFINED_TRANSFORMATION('','',#11,#47);
#1519 = PRODUCT_DEFINITION_SHAPE('Placement','Placement of an item',
  #1520);
#1520 = NEXT_ASSEMBLY_USAGE_OCCURRENCE('9','','',#5,#1493,$);
#1521 = PRODUCT_RELATED_PRODUCT_CATEGORY('part',$,(#1495));
#1522 = SHAPE_DEFINITION_REPRESENTATION(#1523,#1529);
#1523 = PRODUCT_DEFINITION_SHAPE('','',#1524);
#1524 = PRODUCT_DEFINITION('design','',#1525,#1528);
#1525 = PRODUCT_DEFINITION_FORMATION('','',#1526);
#1526 = PRODUCT('Open CASCADE STEP translator 8.0 1.10',
  'Open CASCADE STEP translator 8.0 1.10','',(#1527));
#1527 = PRODUCT_CONTEXT('',#2,'mechanical');
#1528 = PRODUCT_DEFINITION_CONTEXT('part definition',#2,'design');
#1529 = ADVANCED_BREP_SHAPE_REPRESENTATION('',(#11,#1530),#1542);
#1530 = MANIFOLD_SOLID_BREP('',#1531);
#1531 = CLOSED_SHELL('',(#1532));
#1532 = ADVANCED_FACE('',(#1533),#1537,.T.);
#1533 = FACE_BOUND('',#1534,.T.);
#1534 = VERTEX_LOOP('',#1535);
#1535 = VERTEX_POINT('',#1536);
#1536 = CARTESIAN_POINT('',(1.224606353822E-16,-2.999321443644E-32,-2.)
  );
#1537 = SPHERICAL_SURFACE('',#1538,2.);
#1538 = AXIS2_PLACEMENT_3D('',#1539,#1540,#1541);
#1539 = CARTESIAN_POINT('',(0.,0.,0.));
#1540 = DIRECTION('',(0.,0.,1.));
#1541 = DIRECTION('',(1.,0.,-0.));
#1542 = ( GEOMETRIC_REPRESENTATION_CONTEXT(3) 
GLOBAL_UNCERTAINTY_ASSIGNED_CONTEXT((#1546)) 
GLOBAL_UNIT_ASSIGNED_CONTEXT((#1543,#1544,#1545)) REPRESENTATION_CONTEXT
('Context #1','3D Context with UNIT and UNCERTAINTY') );
#1543 = ( LENGTH_UNIT() NAMED_UNIT(*) SI_UNIT(.MILLI.,.METRE.) );
#1544 = ( NAMED_UNIT(*) PLANE_ANGLE_UNIT() SI_UNIT($,.RADIAN.) );
#1545 = ( NAMED_UNIT(*) SI_UNIT($,.STERADIAN.) SOLID_ANGLE_UNIT() );
#1546 = UNCERTAINTY_MEASURE_WITH_UNIT(LENGTH_MEASURE(1.E-07),#1543,
  'distance_accuracy_value','confusion accuracy');
#1547 = CONTEXT_DEPENDENT_SHAPE_REPRESENTATION(#1548,#1550);
#1548 = ( REPRESENTATION_RELATIONSHIP('','',#1529,#10) 
REPRESENTATION_RELATIONSHIP_WITH_TRANSFORMATION(#1549) 
SHAPE_REPRESENTATION_RELATIONSHIP() );
#1549 = ITEM_DEFINED_TRANSFORMATION('','',#11,#51);
#1550 = PRODUCT_DEFINITION_SHAPE('Placement','Placement of an item',
  #1551);
#1551 = NEXT_ASSEMBLY_USAGE_OCCURRENCE('10','','',#5,#1524,$);
#1552 = PRODUCT_RELATED_PRODUCT_CATEGORY('part',$,(#1526));
#1553 = SHAPE_DEFINITION_REPRESENTATION(#1554,#1560);
#1554 = PRODUCT_DEFINITION_SHAPE('','',#1555);
#1555 = PRODUCT_DEFINITION('design','',#1556,#1559);
#1556 = PRODUCT_DEFINITION_FORMATION('','',#1557);
#1557 = PRODUCT('Open CASCADE STEP translator 8.0 1.11',
  'Open CASCADE STEP translator 8.0 1.11','',(#1558));
#1558 = PRODUCT_CONTEXT('',#2,'mechanical');
#1559 = PRODUCT_DEFINITION_CONTEXT('part definition',#2,'design');
#1560 = ADVANCED_BREP_SHAPE_REPRESENTATION('',(#11,#1561),#1573);
#1561 = MANIFOLD_SOLID_BREP('',#1562);
#1562 = CLOSED_SHELL('',(#1563));
#1563 = ADVANCED_FACE('',(#1564),#1568,.T.);
#1564 = FACE_BOUND('',#1565,.T.);
#1565 = VERTEX_LOOP('',#1566);
#1566 = VERTEX_POINT('',#1567);
#1567 = CARTESIAN_POINT('',(1.224606353822E-16,-2.999321443644E-32,-2.)
  );
#1568 = SPHERICAL_SURFACE('',#1569,2.);
#1569 = AXIS2_PLACEMENT_3D('',#1570,#1571,#1572);
#1570 = CARTESIAN_POINT('',(0.,0.,0.));
#1571 = DIRECTION('',(0.,0.,1.));
#1572 = DIRECTION('',(1.,0.,-0.));
#1573 = ( GEOMETRIC_REPRESENTATION_CONTEXT(3) 
GLOBAL_UNCERTAINTY_ASSIGNED_CONTEXT((#1577)) 
GLOBAL_UNIT_ASSIGNED_CONTEXT((#1574,#1575,#1576)) REPRESENTATION_CONTEXT
('Context #1','3D Context with UNIT and UNCERTAINTY') );
#1574 = ( LENGTH_UNIT() NAMED_UNIT(*) SI_UNIT(.MILLI.,.METRE.) );
#1575 = ( NAMED_UNIT(*) PLANE_ANGLE_UNIT() SI_UNIT($,.RADIAN.) );
#1576 = ( NAMED_UNIT(*) SI_UNIT($,.STERADIAN.) SOLID_ANGLE_UNIT() );
#1577 = UNCERTAINTY_MEASURE_WITH_UNIT(LENGTH_MEASURE(1.E-07),#1574,
  'distance_accuracy_value','confusion accuracy');
#1578 = CONTEXT_DEPENDENT_SHAPE_REPRESENTATION(#1579,#1581);
#1579 = ( REPRESENTATION_RELATIONSHIP('','',#1560,#10) 
REPRESENTATION_RELATIONSHIP_WITH_TRANSFORMATION(#1580) 
SHAPE_REPRESENTATION_RELATIONSHIP() );
#1580 = ITEM_DEFINED_TRANSFORMATION('','',#11,#55);
#1581 = PRODUCT_DEFINITION_SHAPE('Placement','Placement of an item',
  #1582);
#1582 = NEXT_ASSEMBLY_USAGE_OCCURRENCE('11','','',#5,#1555,$);
#1583 = PRODUCT_RELATED_PRODUCT_CATEGORY('part',$,(#1557));
#1584 = SHAPE_DEFINITION_REPRESENTATION(#1585,#1591);
#1585 = PRODUCT_DEFINITION_SHAPE('','',#1586);
#1586 = PRODUCT_DEFINITION('design','',#1587,#1590);
#1587 = PRODUCT_DEFINITION_FORMATION('','',#1588);
#1588 = PRODUCT('Open CASCADE STEP translator 8.0 1.12',
  'Open CASCADE STEP translator 8.0 1.12','',(#1589));
#1589 = PRODUCT_CONTEXT('',#2,'mechanical');
#1590 = PRODUCT_DEFINITION_CONTEXT('part definition',#2,'design');
#1591 = ADVANCED_BREP_SHAPE_REPRESENTATION('',(#11,#1592),#1604);
#1592 = MANIFOLD_SOLID_BREP('',#1593);
#1593 = CLOSED_SHELL('',(#1594));
#1594 = ADVANCED_FACE('',(#1595),#1599,.T.);
#1595 = FACE_BOUND('',#1596,.T.);
#1596 = VERTEX_LOOP('',#1597);
#1597 = VERTEX_POINT('',#1598);
#1598 = CARTESIAN_POINT('',(1.224606353822E-16,-2.999321443644E-32,-2.)
  );
#1599 = SPHERICAL_SURFACE('',#1600,2.);
#1600 = AXIS2_PLACEMENT_3D('',#1601,#1602,#1603);
#1601 = CARTESIAN_POINT('',(0.,0.,0.));
#1602 = DIRECTION('',(0.,0.,1.));
#1603 = DIRECTION('',(1.,0.,-0.));
#1604 = ( GEOMETRIC_REPRESENTATION_CONTEXT(3) 
GLOBAL_UNCERTAINTY_ASSIGNED_CONTEXT((#1608)) 
GLOBAL_UNIT_ASSIGNED_CONTEXT((#1605,#1606,#1607)) REPRESENTATION_CONTEXT
('Context #1','3D Context with UNIT and UNCERTAINTY') );
#1605 = ( LENGTH_UNIT() NAMED_UNIT(*) SI_UNIT(.MILLI.,.METRE.) );
#1606 = ( NAMED_UNIT(*) PLANE_ANGLE_UNIT() SI_UNIT($,.RADIAN.) );
#1607 = ( NAMED_UNIT(*) SI_UNIT($,.STERADIAN.) SOLID_ANGLE_UNIT() );
#1608 = UNCERTAINTY_MEASURE_WITH_UNIT(LENGTH_MEASURE(1.E-07),#1605,
  'distance_accuracy_value','confusion accuracy');
#1609 = CONTEXT_DEPENDENT_SHAPE_REPRESENTATION(#1610,#1612);
#1610 = ( REPRESENTATION_RELATIONSHIP('','',#1591,#10) 
REPRESENTATION_RELATIONSHIP_WITH_TRANSFORMATION(#1611) 
SHAPE_REPRESENTATION_RELATIONSHIP() );
#1611 = ITEM_DEFINED_TRANSFORMATION('','',#11,#59);
#1612 = PRODUCT_DEFINITION_SHAPE('Placement','Placement of an item',
  #1613);
#1613 = NEXT_ASSEMBLY_USAGE_OCCURRENCE('12','','',#5,#1586,$);
#1614 = PRODUCT_RELATED_PRODUCT_CATEGORY('part',$,(#1588));
#1615 = SHAPE_DEFINITION_REPRESENTATION(#1616,#1622);
#1616 = PRODUCT_DEFINITION_SHAPE('','',#1617);
#1617 = PRODUCT_DEFINITION('design','',#1618,#1621);
#1618 = PRODUCT_DEFINITION_FORMATION('','',#1619);
#1619 = PRODUCT('Open CASCADE STEP translator 8.0 1.13',
  'Open CASCADE STEP translator 8.0 1.13','',(#1620));
#1620 = PRODUCT_CONTEXT('',#2,'mechanical');
#1621 = PRODUCT_DEFINITION_CONTEXT('part definition',#2,'design');
#1622 = ADVANCED_BREP_SHAPE_REPRESENTATION('',(#11,#1623),#1635);
#1623 = MANIFOLD_SOLID_BREP('',#1624);
#1624 = CLOSED_SHELL('',(#1625));
#1625 = ADVANCED_FACE('',(#1626),#1630,.T.);
#1626 = FACE_BOUND('',#1627,.T.);
#1627 = VERTEX_LOOP('',#1628);
#1628 = VERTEX_POINT('',#1629);
#1629 = CARTESIAN_POINT('',(1.224606353822E-16,-2.999321443644E-32,-2.)
  );
#1630 = SPHERICAL_SURFACE('',#1631,2.);
#1631 = AXIS2_PLACEMENT_3D('',#1632,#1633,#1634);
#1632 = CARTESIAN_POINT('',(0.,0.,0.));
#1633 = DIRECTION('',(0.,0.,1.));
#1634 = DIRECTION('',(1.,0.,-0.));
#1635 = ( GEOMETRIC_REPRESENTATION_CONTEXT(3) 
GLOBAL_UNCERTAINTY_ASSIGNED_CONTEXT((#1639)) 
GLOBAL_UNIT_ASSIGNED_CONTEXT((#1636,#1637,#1638)) REPRESENTATION_CONTEXT
('Context #1','3D Context with UNIT and UNCERTAINTY') );
#1636 = ( LENGTH_UNIT() NAMED_UNIT(*) SI_UNIT(.MILLI.,.METRE.) );
#1637 = ( NAMED_UNIT(*) PLANE_ANGLE_UNIT() SI_UNIT($,.RADIAN.) );
#1638 = ( NAMED_UNIT(*) SI_UNIT($,.STERADIAN.) SOLID_ANGLE_UNIT() );
#1639 = UNCERTAINTY_MEASURE_WITH_UNIT(LENGTH_MEASURE(1.E-07),#1636,
  'distance_accuracy_value','confusion accuracy');
#1640 = CONTEXT_DEPENDENT_SHAPE_REPRESENTATION(#1641,#1643);
#1641 = ( REPRESENTATION_RELATIONSHIP('','',#1622,#10) 
REPRESENTATION_RELATIONSHIP_WITH_TRANSFORMATION(#1642) 
SHAPE_REPRESENTATION_RELATIONSHIP() );
#1642 = ITEM_DEFINED_TRANSFORMATION('','',#11,#63);
#1643 = PRODUCT_DEFINITION_SHAPE('Placement','Placement of an item',
  #1644);
#1644 = NEXT_ASSEMBLY_USAGE_OCCURRENCE('13','','',#5,#1617,$);
#1645 = PRODUCT_RELATED_PRODUCT_CATEGORY('part',$,(#1619));
#1646 = SHAPE_DEFINITION_REPRESENTATION(#1647,#1653);
#1647 = PRODUCT_DEFINITION_SHAPE('','',#1648);
#1648 = PRODUCT_DEFINITION('design','',#1649,#1652);
#1649 = PRODUCT_DEFINITION_FORMATION('','',#1650);
#1650 = PRODUCT('Open CASCADE STEP translator 8.0 1.14',
  'Open CASCADE STEP translator 8.0 1.14','',(#1651));
#1651 = PRODUCT_CONTEXT('',#2,'mechanical');
#1652 = PRODUCT_DEFINITION_CONTEXT('part definition',#2,'design');
#1653 = ADVANCED_BREP_SHAPE_REPRESENTATION('',(#11,#1654),#1666);
#1654 = MANIFOLD_SOLID_BREP('',#1655);
#1655 = CLOSED_SHELL('',(#1656));
#1656 = ADVANCED_FACE('',(#1657),#1661,.T.);
#1657 = FACE_BOUND('',#1658,.T.);
#1658 = VERTEX_LOOP('',#1659);
#1659 = VERTEX_POINT('',#1660);
#1660 = CARTESIAN_POINT('',(1.224606353822E-16,-2.999321443644E-32,-2.)
  );
#1661 = SPHERICAL_SURFACE('',#1662,2.);
#1662 = AXIS2_PLACEMENT_3D('',#1663,#1664,#1665);
#1663 = CARTESIAN_POINT('',(0.,0.,0.));
#1664 = DIRECTION('',(0.,0.,1.));
#1665 = DIRECTION('',(1.,0.,-0.));
#1666 = ( GEOMETRIC_REPRESENTATION_CONTEXT(3) 
GLOBAL_UNCERTAINTY_ASSIGNED_CONTEXT((#1670)) 
GLOBAL_UNIT_ASSIGNED_CONTEXT((#1667,#1668,#1669)) REPRESENTATION_CONTEXT
('Context #1','3D Context with UNIT and UNCERTAINTY') );
#1667 = ( LENGTH_UNIT() NAMED_UNIT(*) SI_UNIT(.MILLI.,.METRE.) );
#1668 = ( NAMED_UNIT(*) PLANE_ANGLE_UNIT() SI_UNIT($,.RADIAN.) );
#1669 = ( NAMED_UNIT(*) SI_UNIT($,.STERADIAN.) SOLID_ANGLE_UNIT() );
#1670 = UNCERTAINTY_MEASURE_WITH_UNIT(LENGTH_MEASURE(1.E-07),#1667,
  'distance_accuracy_value','confusion accuracy');
#1671 = CONTEXT_DEPENDENT_SHAPE_REPRESENTATION(#1672,#1674);
#1672 = ( REPRESENTATION_RELATIONSHIP('','',#1653,#10) 
REPRESENTATION_RELATIONSHIP_WITH_TRANSFORMATION(#1673) 
SHAPE_REPRESENTATION_RELATIONSHIP() );
#1673 = ITEM_DEFINED_TRANSFORMATION('','',#11,#67);
#1674 = PRODUCT_DEFINITION_SHAPE('Placement','Placement of an item',
  #1675);
#1675 = NEXT_ASSEMBLY_USAGE_OCCURRENCE('14','','',#5,#1648,$);
#1676 = PRODUCT_RELATED_PRODUCT_CATEGORY('part',$,(#1650));
#1677 = SHAPE_DEFINITION_REPRESENTATION(#1678,#1684);
#1678 = PRODUCT_DEFINITION_SHAPE('','',#1679);
#1679 = PRODUCT_DEFINITION('design','',#1680,#1683);
#1680 = PRODUCT_DEFINITION_FORMATION('','',#1681);
#1681 = PRODUCT('Open CASCADE STEP translator 8.0 1.15',
  'Open CASCADE STEP translator 8.0 1.15','',(#1682));
#1682 = PRODUCT_CONTEXT('',#2,'mechanical');
#1683 = PRODUCT_DEFINITION_CONTEXT('part definition',#2,'design');
#1684 = ADVANCED_BREP_SHAPE_REPRESENTATION('',(#11),#1685);
#1685 = ( GEOMETRIC_REPRESENTATION_CONTEXT(3) 
GLOBAL_UNCERTAINTY_ASSIGNED_CONTEXT((#1689)) 
GLOBAL_UNIT_ASSIGNED_CONTEXT((#1686,#1687,#1688)) REPRESENTATION_CONTEXT
('Context #1','3D Context with UNIT and UNCERTAINTY') );
#1686 = ( LENGTH_UNIT() NAMED_UNIT(*) SI_UNIT(.MILLI.,.METRE.) );
#1687 = ( NAMED_UNIT(*) PLANE_ANGLE_UNIT() SI_UNIT($,.RADIAN.) );
#1688 = ( NAMED_UNIT(*) SI_UNIT($,.STERADIAN.) SOLID_ANGLE_UNIT() );
#1689 = UNCERTAINTY_MEASURE_WITH_UNIT(LENGTH_MEASURE(1.E-07),#1686,
  'distance_accuracy_value','confusion accuracy');
#1690 = CONTEXT_DEPENDENT_SHAPE_REPRESENTATION(#1691,#1693);
#1691 = ( REPRESENTATION_RELATIONSHIP('','',#1684,#10) 
REPRESENTATION_RELATIONSHIP_WITH_TRANSFORMATION(#1692) 
SHAPE_REPRESENTATION_RELATIONSHIP() );
#1692 = ITEM_DEFINED_TRANSFORMATION('','',#11,#71);
#1693 = PRODUCT_DEFINITION_SHAPE('Placement','Placement of an item',
  #1694);
#1694 = NEXT_ASSEMBLY_USAGE_OCCURRENCE('15','','',#5,#1679,$);
#1695 = PRODUCT_RELATED_PRODUCT_CATEGORY('part',$,(#1681));
#1696 = SHAPE_DEFINITION_REPRESENTATION(#1697,#1703);
#1697 = PRODUCT_DEFINITION_SHAPE('','',#1698);
#1698 = PRODUCT_DEFINITION('design','',#1699,#1702);
#1699 = PRODUCT_DEFINITION_FORMATION('','',#1700);
#1700 = PRODUCT('Open CASCADE STEP translator 8.0 1.16',
  'Open CASCADE STEP translator 8.0 1.16','',(#1701));
#1701 = PRODUCT_CONTEXT('',#2,'mechanical');
#1702 = PRODUCT_DEFINITION_CONTEXT('part definition',#2,'design');
#1703 = ADVANCED_BREP_SHAPE_REPRESENTATION('',(#11,#1704),#2094);
#1704 = MANIFOLD_SOLID_BREP('',#1705);
#1705 = CLOSED_SHELL('',(#1706,#1794,#1849,#1884,#1943,#1982,#2037,#2087
    ));
#1706 = ADVANCED_FACE('',(#1707),#1720,.T.);
#1707 = FACE_BOUND('',#1708,.T.);
#1708 = EDGE_LOOP('',(#1709,#1743,#1766,#1793));
#1709 = ORIENTED_EDGE('',*,*,#1710,.T.);
#1710 = EDGE_CURVE('',#1711,#1711,#1713,.T.);
#1711 = VERTEX_POINT('',#1712);
#1712 = CARTESIAN_POINT('',(-83.5449142456,-104.1910383619,0.));
#1713 = SURFACE_CURVE('',#1714,(#1719,#1731),.PCURVE_S1.);
#1714 = CIRCLE('',#1715,20.5);
#1715 = AXIS2_PLACEMENT_3D('',#1716,#1717,#1718);
#1716 = CARTESIAN_POINT('',(-63.0449142456,-104.1910383619,0.));
#1717 = DIRECTION('',(2.449212707645E-16,1.,0.));
#1718 = DIRECTION('',(-1.,2.449212707645E-16,0.));
#1719 = PCURVE('',#1720,#1725);
#1720 = CYLINDRICAL_SURFACE('',#1721,20.5);
#1721 = AXIS2_PLACEMENT_3D('',#1722,#1723,#1724);
#1722 = CARTESIAN_POINT('',(-63.0449142456,-109.0057525634,0.));
#1723 = DIRECTION('',(2.449212707645E-16,1.,0.));
#1724 = DIRECTION('',(-1.,2.449212707645E-16,0.));
#1725 = DEFINITIONAL_REPRESENTATION('',(#1726),#1730);
#1726 = LINE('',#1727,#1728);
#1727 = CARTESIAN_POINT('',(0.,4.81471420157));
#1728 = VECTOR('',#1729,1.);
#1729 = DIRECTION('',(1.,0.));
#1730 = ( GEOMETRIC_REPRESENTATION_CONTEXT(2) 
PARAMETRIC_REPRESENTATION_CONTEXT() REPRESENTATION_CONTEXT('2D SPACE',''
  ) );
#1731 = PCURVE('',#1732,#1737);
#1732 = PLANE('',#1733);
#1733 = AXIS2_PLACEMENT_3D('',#1734,#1735,#1736);
#1734 = CARTESIAN_POINT('',(-63.0449142456,-104.1910383619,0.));
#1735 = DIRECTION('',(2.449212707645E-16,1.,0.));
#1736 = DIRECTION('',(-1.,2.449212707645E-16,-0.));
#1737 = DEFINITIONAL_REPRESENTATION('',(#1738),#1742);
#1738 = CIRCLE('',#1739,20.5);
#1739 = AXIS2_PLACEMENT_2D('',#1740,#1741);
#1740 = CARTESIAN_POINT('',(0.,0.));
#1741 = DIRECTION('',(1.,-0.));
#1742 = ( GEOMETRIC_REPRESENTATION_CONTEXT(2) 
PARAMETRIC_REPRESENTATION_CONTEXT() REPRESENTATION_CONTEXT('2D SPACE',''
  ) );
#1743 = ORIENTED_EDGE('',*,*,#1744,.T.);
#1744 = EDGE_CURVE('',#1711,#1745,#1747,.T.);
#1745 = VERTEX_POINT('',#1746);
#1746 = CARTESIAN_POINT('',(-83.5449142456,-78.74141134925,0.));
#1747 = SEAM_CURVE('',#1748,(#1752,#1759),.PCURVE_S1.);
#1748 = LINE('',#1749,#1750);
#1749 = CARTESIAN_POINT('',(-83.5449142456,-109.0057525634,0.));
#1750 = VECTOR('',#1751,1.);
#1751 = DIRECTION('',(3.673819061467E-16,1.,0.));
#1752 = PCURVE('',#1720,#1753);
#1753 = DEFINITIONAL_REPRESENTATION('',(#1754),#1758);
#1754 = LINE('',#1755,#1756);
#1755 = CARTESIAN_POINT('',(0.,0.));
#1756 = VECTOR('',#1757,1.);
#1757 = DIRECTION('',(0.,1.));
#1758 = ( GEOMETRIC_REPRESENTATION_CONTEXT(2) 
PARAMETRIC_REPRESENTATION_CONTEXT() REPRESENTATION_CONTEXT('2D SPACE',''
  ) );
#1759 = PCURVE('',#1720,#1760);
#1760 = DEFINITIONAL_REPRESENTATION('',(#1761),#1765);
#1761 = LINE('',#1762,#1763);
#1762 = CARTESIAN_POINT('',(6.28318530718,0.));
#1763 = VECTOR('',#1764,1.);
#1764 = DIRECTION('',(0.,1.));
#1765 = ( GEOMETRIC_REPRESENTATION_CONTEXT(2) 
PARAMETRIC_REPRESENTATION_CONTEXT() REPRESENTATION_CONTEXT('2D SPACE',''
  ) );
#1766 = ORIENTED_EDGE('',*,*,#1767,.F.);
#1767 = EDGE_CURVE('',#1745,#1745,#1768,.T.);
#1768 = SURFACE_CURVE('',#1769,(#1774,#1781),.PCURVE_S1.);
#1769 = CIRCLE('',#1770,20.5);
#1770 = AXIS2_PLACEMENT_3D('',#1771,#1772,#1773);
#1771 = CARTESIAN_POINT('',(-63.0449142456,-78.74141134925,0.));
#1772 = DIRECTION('',(2.449212707645E-16,1.,0.));
#1773 = DIRECTION('',(-1.,2.449212707645E-16,0.));
#1774 = PCURVE('',#1720,#1775);
#1775 = DEFINITIONAL_REPRESENTATION('',(#1776),#1780);
#1776 = LINE('',#1777,#1778);
#1777 = CARTESIAN_POINT('',(0.,30.264341214224));
#1778 = VECTOR('',#1779,1.);
#1779 = DIRECTION('',(1.,0.));
#1780 = ( GEOMETRIC_REPRESENTATION_CONTEXT(2) 
PARAMETRIC_REPRESENTATION_CONTEXT() REPRESENTATION_CONTEXT('2D SPACE',''
  ) );
#1781 = PCURVE('',#1782,#1787);
#1782 = CONICAL_SURFACE('',#1783,21.370172787464,0.442273855794);
#1783 = AXIS2_PLACEMENT_3D('',#1784,#1785,#1786);
#1784 = CARTESIAN_POINT('',(-63.0449142456,-80.57891946899,0.));
#1785 = DIRECTION('',(-2.449212707645E-16,-1.,-0.));
#1786 = DIRECTION('',(-1.,2.449212707645E-16,0.));
#1787 = DEFINITIONAL_REPRESENTATION('',(#1788),#1792);
#1788 = LINE('',#1789,#1790);
#1789 = CARTESIAN_POINT('',(-0.,-1.837508119743));
#1790 = VECTOR('',#1791,1.);
#1791 = DIRECTION('',(-1.,-0.));
#1792 = ( GEOMETRIC_REPRESENTATION_CONTEXT(2) 
PARAMETRIC_REPRESENTATION_CONTEXT() REPRESENTATION_CONTEXT('2D SPACE',''
  ) );
#1793 = ORIENTED_EDGE('',*,*,#1744,.F.);
#1794 = ADVANCED_FACE('',(#1795),#1782,.T.);
#1795 = FACE_BOUND('',#1796,.T.);
#1796 = EDGE_LOOP('',(#1797,#1798,#1821,#1848));
#1797 = ORIENTED_EDGE('',*,*,#1767,.T.);
#1798 = ORIENTED_EDGE('',*,*,#1799,.T.);
#1799 = EDGE_CURVE('',#1745,#1800,#1802,.T.);
#1800 = VERTEX_POINT('',#1801);
#1801 = CARTESIAN_POINT('',(-81.3900335657,-74.1910383619,0.));
#1802 = SEAM_CURVE('',#1803,(#1807,#1814),.PCURVE_S1.);
#1803 = LINE('',#1804,#1805);
#1804 = CARTESIAN_POINT('',(-84.41508703307,-80.57891946899,0.));
#1805 = VECTOR('',#1806,1.);
#1806 = DIRECTION('',(0.427995636963,0.903780800162,0.));
#1807 = PCURVE('',#1782,#1808);
#1808 = DEFINITIONAL_REPRESENTATION('',(#1809),#1813);
#1809 = LINE('',#1810,#1811);
#1810 = CARTESIAN_POINT('',(-0.,-0.));
#1811 = VECTOR('',#1812,1.);
#1812 = DIRECTION('',(-0.,-1.));
#1813 = ( GEOMETRIC_REPRESENTATION_CONTEXT(2) 
PARAMETRIC_REPRESENTATION_CONTEXT() REPRESENTATION_CONTEXT('2D SPACE',''
  ) );
#1814 = PCURVE('',#1782,#1815);
#1815 = DEFINITIONAL_REPRESENTATION('',(#1816),#1820);
#1816 = LINE('',#1817,#1818);
#1817 = CARTESIAN_POINT('',(-6.28318530718,-0.));
#1818 = VECTOR('',#1819,1.);
#1819 = DIRECTION('',(-0.,-1.));
#1820 = ( GEOMETRIC_REPRESENTATION_CONTEXT(2) 
PARAMETRIC_REPRESENTATION_CONTEXT() REPRESENTATION_CONTEXT('2D SPACE',''
  ) );
#1821 = ORIENTED_EDGE('',*,*,#1822,.F.);
#1822 = EDGE_CURVE('',#1800,#1800,#1823,.T.);
#1823 = SURFACE_CURVE('',#1824,(#1829,#1836),.PCURVE_S1.);
#1824 = CIRCLE('',#1825,18.345119320097);
#1825 = AXIS2_PLACEMENT_3D('',#1826,#1827,#1828);
#1826 = CARTESIAN_POINT('',(-63.0449142456,-74.1910383619,0.));
#1827 = DIRECTION('',(2.449212707645E-16,1.,0.));
#1828 = DIRECTION('',(-1.,2.449212707645E-16,0.));
#1829 = PCURVE('',#1782,#1830);
#1830 = DEFINITIONAL_REPRESENTATION('',(#1831),#1835);
#1831 = LINE('',#1832,#1833);
#1832 = CARTESIAN_POINT('',(-0.,-6.387881107089));
#1833 = VECTOR('',#1834,1.);
#1834 = DIRECTION('',(-1.,-0.));
#1835 = ( GEOMETRIC_REPRESENTATION_CONTEXT(2) 
PARAMETRIC_REPRESENTATION_CONTEXT() REPRESENTATION_CONTEXT('2D SPACE',''
  ) );
#1836 = PCURVE('',#1837,#1842);
#1837 = PLANE('',#1838);
#1838 = AXIS2_PLACEMENT_3D('',#1839,#1840,#1841);
#1839 = CARTESIAN_POINT('',(-63.0449142456,-74.1910383619,0.));
#1840 = DIRECTION('',(2.449212707645E-16,1.,0.));
#1841 = DIRECTION('',(-1.,2.449212707645E-16,0.));
#1842 = DEFINITIONAL_REPRESENTATION('',(#1843),#1847);
#1843 = CIRCLE('',#1844,18.345119320097);
#1844 = AXIS2_PLACEMENT_2D('',#1845,#1846);
#1845 = CARTESIAN_POINT('',(0.,0.));
#1846 = DIRECTION('',(1.,0.));
#1847 = ( GEOMETRIC_REPRESENTATION_CONTEXT(2) 
PARAMETRIC_REPRESENTATION_CONTEXT() REPRESENTATION_CONTEXT('2D SPACE',''
  ) );
#1848 = ORIENTED_EDGE('',*,*,#1799,.F.);
#1849 = ADVANCED_FACE('',(#1850,#1853),#1837,.T.);
#1850 = FACE_BOUND('',#1851,.T.);
#1851 = EDGE_LOOP('',(#1852));
#1852 = ORIENTED_EDGE('',*,*,#1822,.T.);
#1853 = FACE_BOUND('',#1854,.T.);
#1854 = EDGE_LOOP('',(#1855));
#1855 = ORIENTED_EDGE('',*,*,#1856,.F.);
#1856 = EDGE_CURVE('',#1857,#1857,#1859,.T.);
#1857 = VERTEX_POINT('',#1858);
#1858 = CARTESIAN_POINT('',(-72.5449142456,-74.1910383619,0.));
#1859 = SURFACE_CURVE('',#1860,(#1865,#1872),.PCURVE_S1.);
#1860 = CIRCLE('',#1861,9.5);
#1861 = AXIS2_PLACEMENT_3D('',#1862,#1863,#1864);
#1862 = CARTESIAN_POINT('',(-63.0449142456,-74.1910383619,0.));
#1863 = DIRECTION('',(2.449212707645E-16,1.,0.));
#1864 = DIRECTION('',(-1.,2.449212707645E-16,0.));
#1865 = PCURVE('',#1837,#1866);
#1866 = DEFINITIONAL_REPRESENTATION('',(#1867),#1871);
#1867 = CIRCLE('',#1868,9.5);
#1868 = AXIS2_PLACEMENT_2D('',#1869,#1870);
#1869 = CARTESIAN_POINT('',(0.,0.));
#1870 = DIRECTION('',(1.,0.));
#1871 = ( GEOMETRIC_REPRESENTATION_CONTEXT(2) 
PARAMETRIC_REPRESENTATION_CONTEXT() REPRESENTATION_CONTEXT('2D SPACE',''
  ) );
#1872 = PCURVE('',#1873,#1878);
#1873 = CYLINDRICAL_SURFACE('',#1874,9.5);
#1874 = AXIS2_PLACEMENT_3D('',#1875,#1876,#1877);
#1875 = CARTESIAN_POINT('',(-63.0449142456,-73.97706023914,0.));
#1876 = DIRECTION('',(-2.449212707645E-16,-1.,0.));
#1877 = DIRECTION('',(-1.,2.449212707645E-16,0.));
#1878 = DEFINITIONAL_REPRESENTATION('',(#1879),#1883);
#1879 = LINE('',#1880,#1881);
#1880 = CARTESIAN_POINT('',(-0.,0.213978122761));
#1881 = VECTOR('',#1882,1.);
#1882 = DIRECTION('',(-1.,0.));
#1883 = ( GEOMETRIC_REPRESENTATION_CONTEXT(2) 
PARAMETRIC_REPRESENTATION_CONTEXT() REPRESENTATION_CONTEXT('2D SPACE',''
  ) );
#1884 = ADVANCED_FACE('',(#1885),#1873,.F.);
#1885 = FACE_BOUND('',#1886,.T.);
#1886 = EDGE_LOOP('',(#1887,#1888,#1911,#1942));
#1887 = ORIENTED_EDGE('',*,*,#1856,.T.);
#1888 = ORIENTED_EDGE('',*,*,#1889,.T.);
#1889 = EDGE_CURVE('',#1857,#1890,#1892,.T.);
#1890 = VERTEX_POINT('',#1891);
#1891 = CARTESIAN_POINT('',(-72.5449142456,-76.1910383619,0.));
#1892 = SEAM_CURVE('',#1893,(#1897,#1904),.PCURVE_S1.);
#1893 = LINE('',#1894,#1895);
#1894 = CARTESIAN_POINT('',(-72.5449142456,-73.97706023914,0.));
#1895 = VECTOR('',#1896,1.);
#1896 = DIRECTION('',(-2.449212707645E-16,-1.,0.));
#1897 = PCURVE('',#1873,#1898);
#1898 = DEFINITIONAL_REPRESENTATION('',(#1899),#1903);
#1899 = LINE('',#1900,#1901);
#1900 = CARTESIAN_POINT('',(-0.,0.));
#1901 = VECTOR('',#1902,1.);
#1902 = DIRECTION('',(-0.,1.));
#1903 = ( GEOMETRIC_REPRESENTATION_CONTEXT(2) 
PARAMETRIC_REPRESENTATION_CONTEXT() REPRESENTATION_CONTEXT('2D SPACE',''
  ) );
#1904 = PCURVE('',#1873,#1905);
#1905 = DEFINITIONAL_REPRESENTATION('',(#1906),#1910);
#1906 = LINE('',#1907,#1908);
#1907 = CARTESIAN_POINT('',(-6.28318530718,0.));
#1908 = VECTOR('',#1909,1.);
#1909 = DIRECTION('',(-0.,1.));
#1910 = ( GEOMETRIC_REPRESENTATION_CONTEXT(2) 
PARAMETRIC_REPRESENTATION_CONTEXT() REPRESENTATION_CONTEXT('2D SPACE',''
  ) );
#1911 = ORIENTED_EDGE('',*,*,#1912,.F.);
#1912 = EDGE_CURVE('',#1890,#1890,#1913,.T.);
#1913 = SURFACE_CURVE('',#1914,(#1919,#1926),.PCURVE_S1.);
#1914 = CIRCLE('',#1915,9.5);
#1915 = AXIS2_PLACEMENT_3D('',#1916,#1917,#1918);
#1916 = CARTESIAN_POINT('',(-63.0449142456,-76.1910383619,0.));
#1917 = DIRECTION('',(2.449212707645E-16,1.,0.));
#1918 = DIRECTION('',(-1.,2.449212707645E-16,0.));
#1919 = PCURVE('',#1873,#1920);
#1920 = DEFINITIONAL_REPRESENTATION('',(#1921),#1925);
#1921 = LINE('',#1922,#1923);
#1922 = CARTESIAN_POINT('',(-0.,2.213978122761));
#1923 = VECTOR('',#1924,1.);
#1924 = DIRECTION('',(-1.,0.));
#1925 = ( GEOMETRIC_REPRESENTATION_CONTEXT(2) 
PARAMETRIC_REPRESENTATION_CONTEXT() REPRESENTATION_CONTEXT('2D SPACE',''
  ) );
#1926 = PCURVE('',#1927,#1932);
#1927 = PLANE('',#1928);
#1928 = AXIS2_PLACEMENT_3D('',#1929,#1930,#1931);
#1929 = CARTESIAN_POINT('',(-63.0449142456,-76.1910383619,0.));
#1930 = DIRECTION('',(-2.449212707645E-16,-1.,0.));
#1931 = DIRECTION('',(1.,-2.449212707645E-16,0.));
#1932 = DEFINITIONAL_REPRESENTATION('',(#1933),#1941);
#1933 = ( BOUNDED_CURVE() B_SPLINE_CURVE(2,(#1934,#1935,#1936,#1937,
#1938,#1939,#1940),.UNSPECIFIED.,.T.,.F.) B_SPLINE_CURVE_WITH_KNOTS((1,2
    ,2,2,2,1),(-2.094395102393,0.,2.094395102393,4.188790204786,
6.28318530718,8.377580409573),.UNSPECIFIED.) CURVE() 
GEOMETRIC_REPRESENTATION_ITEM() RATIONAL_B_SPLINE_CURVE((1.,0.5,1.,0.5,
1.,0.5,1.)) REPRESENTATION_ITEM('') );
#1934 = CARTESIAN_POINT('',(-9.5,0.));
#1935 = CARTESIAN_POINT('',(-9.5,16.454482671905));
#1936 = CARTESIAN_POINT('',(4.75,8.227241335952));
#1937 = CARTESIAN_POINT('',(19.000000000001,2.32682891838E-15));
#1938 = CARTESIAN_POINT('',(4.75,-8.227241335952));
#1939 = CARTESIAN_POINT('',(-9.5,-16.4544826719));
#1940 = CARTESIAN_POINT('',(-9.5,0.));
#1941 = ( GEOMETRIC_REPRESENTATION_CONTEXT(2) 
PARAMETRIC_REPRESENTATION_CONTEXT() REPRESENTATION_CONTEXT('2D SPACE',''
  ) );
#1942 = ORIENTED_EDGE('',*,*,#1889,.F.);
#1943 = ADVANCED_FACE('',(#1944,#1947),#1927,.T.);
#1944 = FACE_BOUND('',#1945,.T.);
#1945 = EDGE_LOOP('',(#1946));
#1946 = ORIENTED_EDGE('',*,*,#1912,.T.);
#1947 = FACE_BOUND('',#1948,.T.);
#1948 = EDGE_LOOP('',(#1949));
#1949 = ORIENTED_EDGE('',*,*,#1950,.F.);
#1950 = EDGE_CURVE('',#1951,#1951,#1953,.T.);
#1951 = VERTEX_POINT('',#1952);
#1952 = CARTESIAN_POINT('',(-80.12423025823,-76.1910383619,0.));
#1953 = SURFACE_CURVE('',#1954,(#1959,#1970),.PCURVE_S1.);
#1954 = CIRCLE('',#1955,17.079316012624);
#1955 = AXIS2_PLACEMENT_3D('',#1956,#1957,#1958);
#1956 = CARTESIAN_POINT('',(-63.0449142456,-76.1910383619,0.));
#1957 = DIRECTION('',(2.449212707645E-16,1.,0.));
#1958 = DIRECTION('',(-1.,2.449212707645E-16,0.));
#1959 = PCURVE('',#1927,#1960);
#1960 = DEFINITIONAL_REPRESENTATION('',(#1961),#1969);
#1961 = ( BOUNDED_CURVE() B_SPLINE_CURVE(2,(#1962,#1963,#1964,#1965,
#1966,#1967,#1968),.UNSPECIFIED.,.T.,.F.) B_SPLINE_CURVE_WITH_KNOTS((1,2
    ,2,2,2,1),(-2.094395102393,0.,2.094395102393,4.188790204786,
6.28318530718,8.377580409573),.UNSPECIFIED.) CURVE() 
GEOMETRIC_REPRESENTATION_ITEM() RATIONAL_B_SPLINE_CURVE((1.,0.5,1.,0.5,
1.,0.5,1.)) REPRESENTATION_ITEM('') );
#1962 = CARTESIAN_POINT('',(-17.07931601262,0.));
#1963 = CARTESIAN_POINT('',(-17.07931601262,29.58224309239));
#1964 = CARTESIAN_POINT('',(8.539658006312,14.791121546195));
#1965 = CARTESIAN_POINT('',(34.158632025249,4.183225937297E-15));
#1966 = CARTESIAN_POINT('',(8.539658006312,-14.79112154619));
#1967 = CARTESIAN_POINT('',(-17.07931601262,-29.58224309239));
#1968 = CARTESIAN_POINT('',(-17.07931601262,0.));
#1969 = ( GEOMETRIC_REPRESENTATION_CONTEXT(2) 
PARAMETRIC_REPRESENTATION_CONTEXT() REPRESENTATION_CONTEXT('2D SPACE',''
  ) );
#1970 = PCURVE('',#1971,#1976);
#1971 = CONICAL_SURFACE('',#1972,17.024995596952,0.442273855794);
#1972 = AXIS2_PLACEMENT_3D('',#1973,#1974,#1975);
#1973 = CARTESIAN_POINT('',(-63.0449142456,-76.07633217216,0.));
#1974 = DIRECTION('',(-2.449212707645E-16,-1.,0.));
#1975 = DIRECTION('',(-1.,2.449212707645E-16,0.));
#1976 = DEFINITIONAL_REPRESENTATION('',(#1977),#1981);
#1977 = LINE('',#1978,#1979);
#1978 = CARTESIAN_POINT('',(-0.,0.11470618974));
#1979 = VECTOR('',#1980,1.);
#1980 = DIRECTION('',(-1.,0.));
#1981 = ( GEOMETRIC_REPRESENTATION_CONTEXT(2) 
PARAMETRIC_REPRESENTATION_CONTEXT() REPRESENTATION_CONTEXT('2D SPACE',''
  ) );
#1982 = ADVANCED_FACE('',(#1983),#1971,.F.);
#1983 = FACE_BOUND('',#1984,.T.);
#1984 = EDGE_LOOP('',(#1985,#1986,#2009,#2036));
#1985 = ORIENTED_EDGE('',*,*,#1950,.T.);
#1986 = ORIENTED_EDGE('',*,*,#1987,.T.);
#1987 = EDGE_CURVE('',#1951,#1988,#1990,.T.);
#1988 = VERTEX_POINT('',#1989);
#1989 = CARTESIAN_POINT('',(-81.5449142456,-79.1910383619,0.));
#1990 = SEAM_CURVE('',#1991,(#1995,#2002),.PCURVE_S1.);
#1991 = LINE('',#1992,#1993);
#1992 = CARTESIAN_POINT('',(-80.06990984255,-76.07633217216,0.));
#1993 = VECTOR('',#1994,1.);
#1994 = DIRECTION('',(-0.427995636963,-0.903780800162,0.));
#1995 = PCURVE('',#1971,#1996);
#1996 = DEFINITIONAL_REPRESENTATION('',(#1997),#2001);
#1997 = LINE('',#1998,#1999);
#1998 = CARTESIAN_POINT('',(-0.,0.));
#1999 = VECTOR('',#2000,1.);
#2000 = DIRECTION('',(-0.,1.));
#2001 = ( GEOMETRIC_REPRESENTATION_CONTEXT(2) 
PARAMETRIC_REPRESENTATION_CONTEXT() REPRESENTATION_CONTEXT('2D SPACE',''
  ) );
#2002 = PCURVE('',#1971,#2003);
#2003 = DEFINITIONAL_REPRESENTATION('',(#2004),#2008);
#2004 = LINE('',#2005,#2006);
#2005 = CARTESIAN_POINT('',(-6.28318530718,0.));
#2006 = VECTOR('',#2007,1.);
#2007 = DIRECTION('',(-0.,1.));
#2008 = ( GEOMETRIC_REPRESENTATION_CONTEXT(2) 
PARAMETRIC_REPRESENTATION_CONTEXT() REPRESENTATION_CONTEXT('2D SPACE',''
  ) );
#2009 = ORIENTED_EDGE('',*,*,#2010,.F.);
#2010 = EDGE_CURVE('',#1988,#1988,#2011,.T.);
#2011 = SURFACE_CURVE('',#2012,(#2017,#2024),.PCURVE_S1.);
#2012 = CIRCLE('',#2013,18.5);
#2013 = AXIS2_PLACEMENT_3D('',#2014,#2015,#2016);
#2014 = CARTESIAN_POINT('',(-63.0449142456,-79.1910383619,0.));
#2015 = DIRECTION('',(2.449212707645E-16,1.,0.));
#2016 = DIRECTION('',(-1.,2.449212707645E-16,0.));
#2017 = PCURVE('',#1971,#2018);
#2018 = DEFINITIONAL_REPRESENTATION('',(#2019),#2023);
#2019 = LINE('',#2020,#2021);
#2020 = CARTESIAN_POINT('',(-0.,3.11470618974));
#2021 = VECTOR('',#2022,1.);
#2022 = DIRECTION('',(-1.,0.));
#2023 = ( GEOMETRIC_REPRESENTATION_CONTEXT(2) 
PARAMETRIC_REPRESENTATION_CONTEXT() REPRESENTATION_CONTEXT('2D SPACE',''
  ) );
#2024 = PCURVE('',#2025,#2030);
#2025 = CYLINDRICAL_SURFACE('',#2026,18.5);
#2026 = AXIS2_PLACEMENT_3D('',#2027,#2028,#2029);
#2027 = CARTESIAN_POINT('',(-63.0449142456,-80.64410311166,0.));
#2028 = DIRECTION('',(-2.449212707645E-16,-1.,0.));
#2029 = DIRECTION('',(-1.,2.449212707645E-16,0.));
#2030 = DEFINITIONAL_REPRESENTATION('',(#2031),#2035);
#2031 = LINE('',#2032,#2033);
#2032 = CARTESIAN_POINT('',(-0.,-1.453064749761));
#2033 = VECTOR('',#2034,1.);
#2034 = DIRECTION('',(-1.,0.));
#2035 = ( GEOMETRIC_REPRESENTATION_CONTEXT(2) 
PARAMETRIC_REPRESENTATION_CONTEXT() REPRESENTATION_CONTEXT('2D SPACE',''
  ) );
#2036 = ORIENTED_EDGE('',*,*,#1987,.F.);
#2037 = ADVANCED_FACE('',(#2038),#2025,.F.);
#2038 = FACE_BOUND('',#2039,.T.);
#2039 = EDGE_LOOP('',(#2040,#2041,#2064,#2086));
#2040 = ORIENTED_EDGE('',*,*,#2010,.T.);
#2041 = ORIENTED_EDGE('',*,*,#2042,.T.);
#2042 = EDGE_CURVE('',#1988,#2043,#2045,.T.);
#2043 = VERTEX_POINT('',#2044);
#2044 = CARTESIAN_POINT('',(-81.5449142456,-104.1910383619,0.));
#2045 = SEAM_CURVE('',#2046,(#2050,#2057),.PCURVE_S1.);
#2046 = LINE('',#2047,#2048);
#2047 = CARTESIAN_POINT('',(-81.5449142456,-80.64410311166,0.));
#2048 = VECTOR('',#2049,1.);
#2049 = DIRECTION('',(-2.449212707645E-16,-1.,0.));
#2050 = PCURVE('',#2025,#2051);
#2051 = DEFINITIONAL_REPRESENTATION('',(#2052),#2056);
#2052 = LINE('',#2053,#2054);
#2053 = CARTESIAN_POINT('',(-0.,0.));
#2054 = VECTOR('',#2055,1.);
#2055 = DIRECTION('',(-0.,1.));
#2056 = ( GEOMETRIC_REPRESENTATION_CONTEXT(2) 
PARAMETRIC_REPRESENTATION_CONTEXT() REPRESENTATION_CONTEXT('2D SPACE',''
  ) );
#2057 = PCURVE('',#2025,#2058);
#2058 = DEFINITIONAL_REPRESENTATION('',(#2059),#2063);
#2059 = LINE('',#2060,#2061);
#2060 = CARTESIAN_POINT('',(-6.28318530718,0.));
#2061 = VECTOR('',#2062,1.);
#2062 = DIRECTION('',(-0.,1.));
#2063 = ( GEOMETRIC_REPRESENTATION_CONTEXT(2) 
PARAMETRIC_REPRESENTATION_CONTEXT() REPRESENTATION_CONTEXT('2D SPACE',''
  ) );
#2064 = ORIENTED_EDGE('',*,*,#2065,.F.);
#2065 = EDGE_CURVE('',#2043,#2043,#2066,.T.);
#2066 = SURFACE_CURVE('',#2067,(#2072,#2079),.PCURVE_S1.);
#2067 = CIRCLE('',#2068,18.5);
#2068 = AXIS2_PLACEMENT_3D('',#2069,#2070,#2071);
#2069 = CARTESIAN_POINT('',(-63.0449142456,-104.1910383619,0.));
#2070 = DIRECTION('',(2.449212707645E-16,1.,0.));
#2071 = DIRECTION('',(-1.,2.449212707645E-16,0.));
#2072 = PCURVE('',#2025,#2073);
#2073 = DEFINITIONAL_REPRESENTATION('',(#2074),#2078);
#2074 = LINE('',#2075,#2076);
#2075 = CARTESIAN_POINT('',(-0.,23.546935250239));
#2076 = VECTOR('',#2077,1.);
#2077 = DIRECTION('',(-1.,0.));
#2078 = ( GEOMETRIC_REPRESENTATION_CONTEXT(2) 
PARAMETRIC_REPRESENTATION_CONTEXT() REPRESENTATION_CONTEXT('2D SPACE',''
  ) );
#2079 = PCURVE('',#1732,#2080);
#2080 = DEFINITIONAL_REPRESENTATION('',(#2081),#2085);
#2081 = CIRCLE('',#2082,18.5);
#2082 = AXIS2_PLACEMENT_2D('',#2083,#2084);
#2083 = CARTESIAN_POINT('',(0.,0.));
#2084 = DIRECTION('',(1.,-0.));
#2085 = ( GEOMETRIC_REPRESENTATION_CONTEXT(2) 
PARAMETRIC_REPRESENTATION_CONTEXT() REPRESENTATION_CONTEXT('2D SPACE',''
  ) );
#2086 = ORIENTED_EDGE('',*,*,#2042,.F.);
#2087 = ADVANCED_FACE('',(#2088,#2091),#1732,.F.);
#2088 = FACE_BOUND('',#2089,.T.);
#2089 = EDGE_LOOP('',(#2090));
#2090 = ORIENTED_EDGE('',*,*,#2065,.T.);
#2091 = FACE_BOUND('',#2092,.T.);
#2092 = EDGE_LOOP('',(#2093));
#2093 = ORIENTED_EDGE('',*,*,#1710,.F.);
#2094 = ( GEOMETRIC_REPRESENTATION_CONTEXT(3) 
GLOBAL_UNCERTAINTY_ASSIGNED_CONTEXT((#2098)) 
GLOBAL_UNIT_ASSIGNED_CONTEXT((#2095,#2096,#2097)) REPRESENTATION_CONTEXT
('Context #1','3D Context with UNIT and UNCERTAINTY') );
#2095 = ( LENGTH_UNIT() NAMED_UNIT(*) SI_UNIT(.MILLI.,.METRE.) );
#2096 = ( NAMED_UNIT(*) PLANE_ANGLE_UNIT() SI_UNIT($,.RADIAN.) );
#2097 = ( NAMED_UNIT(*) SI_UNIT($,.STERADIAN.) SOLID_ANGLE_UNIT() );
#2098 = UNCERTAINTY_MEASURE_WITH_UNIT(LENGTH_MEASURE(1.E-07),#2095,
  'distance_accuracy_value','confusion accuracy');
#2099 = CONTEXT_DEPENDENT_SHAPE_REPRESENTATION(#2100,#2102);
#2100 = ( REPRESENTATION_RELATIONSHIP('','',#1703,#10) 
REPRESENTATION_RELATIONSHIP_WITH_TRANSFORMATION(#2101) 
SHAPE_REPRESENTATION_RELATIONSHIP() );
#2101 = ITEM_DEFINED_TRANSFORMATION('','',#11,#75);
#2102 = PRODUCT_DEFINITION_SHAPE('Placement','Placement of an item',
  #2103);
#2103 = NEXT_ASSEMBLY_USAGE_OCCURRENCE('16','','',#5,#1698,$);
#2104 = PRODUCT_RELATED_PRODUCT_CATEGORY('part',$,(#1700));
#2105 = SHAPE_DEFINITION_REPRESENTATION(#2106,#2112);
#2106 = PRODUCT_DEFINITION_SHAPE('','',#2107);
#2107 = PRODUCT_DEFINITION('design','',#2108,#2111);
#2108 = PRODUCT_DEFINITION_FORMATION('','',#2109);
#2109 = PRODUCT('Open CASCADE STEP translator 8.0 1.17',
  'Open CASCADE STEP translator 8.0 1.17','',(#2110));
#2110 = PRODUCT_CONTEXT('',#2,'mechanical');
#2111 = PRODUCT_DEFINITION_CONTEXT('part definition',#2,'design');
#2112 = ADVANCED_BREP_SHAPE_REPRESENTATION('',(#11,#2113),#2409);
#2113 = MANIFOLD_SOLID_BREP('',#2114);
#2114 = CLOSED_SHELL('',(#2115,#2211,#2250,#2309,#2348,#2402));
#2115 = ADVANCED_FACE('',(#2116),#2129,.T.);
#2116 = FACE_BOUND('',#2117,.F.);
#2117 = EDGE_LOOP('',(#2118,#2156,#2179,#2210));
#2118 = ORIENTED_EDGE('',*,*,#2119,.T.);
#2119 = EDGE_CURVE('',#2120,#2120,#2122,.T.);
#2120 = VERTEX_POINT('',#2121);
#2121 = CARTESIAN_POINT('',(-79.5449142456,-90.1910383619,0.));
#2122 = SURFACE_CURVE('',#2123,(#2128,#2140),.PCURVE_S1.);
#2123 = CIRCLE('',#2124,16.5);
#2124 = AXIS2_PLACEMENT_3D('',#2125,#2126,#2127);
#2125 = CARTESIAN_POINT('',(-63.0449142456,-90.1910383619,0.));
#2126 = DIRECTION('',(2.449212707645E-16,1.,0.));
#2127 = DIRECTION('',(-1.,2.449212707645E-16,0.));
#2128 = PCURVE('',#2129,#2134);
#2129 = CYLINDRICAL_SURFACE('',#2130,16.5);
#2130 = AXIS2_PLACEMENT_3D('',#2131,#2132,#2133);
#2131 = CARTESIAN_POINT('',(-63.0449142456,-90.06443023681,0.));
#2132 = DIRECTION('',(-2.449212707645E-16,-1.,0.));
#2133 = DIRECTION('',(-1.,2.449212707645E-16,0.));
#2134 = DEFINITIONAL_REPRESENTATION('',(#2135),#2139);
#2135 = LINE('',#2136,#2137);
#2136 = CARTESIAN_POINT('',(-0.,0.12660812509));
#2137 = VECTOR('',#2138,1.);
#2138 = DIRECTION('',(-1.,0.));
#2139 = ( GEOMETRIC_REPRESENTATION_CONTEXT(2) 
PARAMETRIC_REPRESENTATION_CONTEXT() REPRESENTATION_CONTEXT('2D SPACE',''
  ) );
#2140 = PCURVE('',#2141,#2146);
#2141 = PLANE('',#2142);
#2142 = AXIS2_PLACEMENT_3D('',#2143,#2144,#2145);
#2143 = CARTESIAN_POINT('',(-63.0449142456,-90.1910383619,0.));
#2144 = DIRECTION('',(-2.449212707645E-16,-1.,0.));
#2145 = DIRECTION('',(1.,-2.449212707645E-16,0.));
#2146 = DEFINITIONAL_REPRESENTATION('',(#2147),#2155);
#2147 = ( BOUNDED_CURVE() B_SPLINE_CURVE(2,(#2148,#2149,#2150,#2151,
#2152,#2153,#2154),.UNSPECIFIED.,.T.,.F.) B_SPLINE_CURVE_WITH_KNOTS((1,2
    ,2,2,2,1),(-2.094395102393,0.,2.094395102393,4.188790204786,
6.28318530718,8.377580409573),.UNSPECIFIED.) CURVE() 
GEOMETRIC_REPRESENTATION_ITEM() RATIONAL_B_SPLINE_CURVE((1.,0.5,1.,0.5,
1.,0.5,1.)) REPRESENTATION_ITEM('') );
#2148 = CARTESIAN_POINT('',(-16.5,0.));
#2149 = CARTESIAN_POINT('',(-16.5,28.578838324887));
#2150 = CARTESIAN_POINT('',(8.25,14.289419162443));
#2151 = CARTESIAN_POINT('',(33.000000000001,4.041334437186E-15));
#2152 = CARTESIAN_POINT('',(8.25,-14.28941916244));
#2153 = CARTESIAN_POINT('',(-16.5,-28.57883832488));
#2154 = CARTESIAN_POINT('',(-16.5,0.));
#2155 = ( GEOMETRIC_REPRESENTATION_CONTEXT(2) 
PARAMETRIC_REPRESENTATION_CONTEXT() REPRESENTATION_CONTEXT('2D SPACE',''
  ) );
#2156 = ORIENTED_EDGE('',*,*,#2157,.T.);
#2157 = EDGE_CURVE('',#2120,#2158,#2160,.T.);
#2158 = VERTEX_POINT('',#2159);
#2159 = CARTESIAN_POINT('',(-79.5449142456,-96.1910383619,0.));
#2160 = SEAM_CURVE('',#2161,(#2165,#2172),.PCURVE_S1.);
#2161 = LINE('',#2162,#2163);
#2162 = CARTESIAN_POINT('',(-79.5449142456,-90.06443023681,0.));
#2163 = VECTOR('',#2164,1.);
#2164 = DIRECTION('',(-2.449212707645E-16,-1.,0.));
#2165 = PCURVE('',#2129,#2166);
#2166 = DEFINITIONAL_REPRESENTATION('',(#2167),#2171);
#2167 = LINE('',#2168,#2169);
#2168 = CARTESIAN_POINT('',(-0.,0.));
#2169 = VECTOR('',#2170,1.);
#2170 = DIRECTION('',(-0.,1.));
#2171 = ( GEOMETRIC_REPRESENTATION_CONTEXT(2) 
PARAMETRIC_REPRESENTATION_CONTEXT() REPRESENTATION_CONTEXT('2D SPACE',''
  ) );
#2172 = PCURVE('',#2129,#2173);
#2173 = DEFINITIONAL_REPRESENTATION('',(#2174),#2178);
#2174 = LINE('',#2175,#2176);
#2175 = CARTESIAN_POINT('',(-6.28318530718,0.));
#2176 = VECTOR('',#2177,1.);
#2177 = DIRECTION('',(-0.,1.));
#2178 = ( GEOMETRIC_REPRESENTATION_CONTEXT(2) 
PARAMETRIC_REPRESENTATION_CONTEXT() REPRESENTATION_CONTEXT('2D SPACE',''
  ) );
#2179 = ORIENTED_EDGE('',*,*,#2180,.F.);
#2180 = EDGE_CURVE('',#2158,#2158,#2181,.T.);
#2181 = SURFACE_CURVE('',#2182,(#2187,#2194),.PCURVE_S1.);
#2182 = CIRCLE('',#2183,16.5);
#2183 = AXIS2_PLACEMENT_3D('',#2184,#2185,#2186);
#2184 = CARTESIAN_POINT('',(-63.0449142456,-96.1910383619,0.));
#2185 = DIRECTION('',(2.449212707645E-16,1.,0.));
#2186 = DIRECTION('',(-1.,2.449212707645E-16,0.));
#2187 = PCURVE('',#2129,#2188);
#2188 = DEFINITIONAL_REPRESENTATION('',(#2189),#2193);
#2189 = LINE('',#2190,#2191);
#2190 = CARTESIAN_POINT('',(-0.,6.12660812509));
#2191 = VECTOR('',#2192,1.);
#2192 = DIRECTION('',(-1.,0.));
#2193 = ( GEOMETRIC_REPRESENTATION_CONTEXT(2) 
PARAMETRIC_REPRESENTATION_CONTEXT() REPRESENTATION_CONTEXT('2D SPACE',''
  ) );
#2194 = PCURVE('',#2195,#2200);
#2195 = PLANE('',#2196);
#2196 = AXIS2_PLACEMENT_3D('',#2197,#2198,#2199);
#2197 = CARTESIAN_POINT('',(-63.0449142456,-96.1910383619,0.));
#2198 = DIRECTION('',(-2.449212707645E-16,-1.,0.));
#2199 = DIRECTION('',(1.,-2.449212707645E-16,-0.));
#2200 = DEFINITIONAL_REPRESENTATION('',(#2201),#2209);
#2201 = ( BOUNDED_CURVE() B_SPLINE_CURVE(2,(#2202,#2203,#2204,#2205,
#2206,#2207,#2208),.UNSPECIFIED.,.T.,.F.) B_SPLINE_CURVE_WITH_KNOTS((1,2
    ,2,2,2,1),(-2.094395102393,0.,2.094395102393,4.188790204786,
6.28318530718,8.377580409573),.UNSPECIFIED.) CURVE() 
GEOMETRIC_REPRESENTATION_ITEM() RATIONAL_B_SPLINE_CURVE((1.,0.5,1.,0.5,
1.,0.5,1.)) REPRESENTATION_ITEM('') );
#2202 = CARTESIAN_POINT('',(-16.5,0.));
#2203 = CARTESIAN_POINT('',(-16.5,28.578838324887));
#2204 = CARTESIAN_POINT('',(8.25,14.289419162443));
#2205 = CARTESIAN_POINT('',(33.000000000001,4.041334437186E-15));
#2206 = CARTESIAN_POINT('',(8.25,-14.28941916244));
#2207 = CARTESIAN_POINT('',(-16.5,-28.57883832488));
#2208 = CARTESIAN_POINT('',(-16.5,0.));
#2209 = ( GEOMETRIC_REPRESENTATION_CONTEXT(2) 
PARAMETRIC_REPRESENTATION_CONTEXT() REPRESENTATION_CONTEXT('2D SPACE',''
  ) );
#2210 = ORIENTED_EDGE('',*,*,#2157,.F.);
#2211 = ADVANCED_FACE('',(#2212,#2215),#2195,.T.);
#2212 = FACE_BOUND('',#2213,.F.);
#2213 = EDGE_LOOP('',(#2214));
#2214 = ORIENTED_EDGE('',*,*,#2180,.T.);
#2215 = FACE_BOUND('',#2216,.F.);
#2216 = EDGE_LOOP('',(#2217));
#2217 = ORIENTED_EDGE('',*,*,#2218,.F.);
#2218 = EDGE_CURVE('',#2219,#2219,#2221,.T.);
#2219 = VERTEX_POINT('',#2220);
#2220 = CARTESIAN_POINT('',(-76.5449142456,-96.1910383619,0.));
#2221 = SURFACE_CURVE('',#2222,(#2227,#2238),.PCURVE_S1.);
#2222 = CIRCLE('',#2223,13.5);
#2223 = AXIS2_PLACEMENT_3D('',#2224,#2225,#2226);
#2224 = CARTESIAN_POINT('',(-63.0449142456,-96.1910383619,0.));
#2225 = DIRECTION('',(2.449212707645E-16,1.,0.));
#2226 = DIRECTION('',(-1.,2.449212707645E-16,0.));
#2227 = PCURVE('',#2195,#2228);
#2228 = DEFINITIONAL_REPRESENTATION('',(#2229),#2237);
#2229 = ( BOUNDED_CURVE() B_SPLINE_CURVE(2,(#2230,#2231,#2232,#2233,
#2234,#2235,#2236),.UNSPECIFIED.,.T.,.F.) B_SPLINE_CURVE_WITH_KNOTS((1,2
    ,2,2,2,1),(-2.094395102393,0.,2.094395102393,4.188790204786,
6.28318530718,8.377580409573),.UNSPECIFIED.) CURVE() 
GEOMETRIC_REPRESENTATION_ITEM() RATIONAL_B_SPLINE_CURVE((1.,0.5,1.,0.5,
1.,0.5,1.)) REPRESENTATION_ITEM('') );
#2230 = CARTESIAN_POINT('',(-13.5,0.));
#2231 = CARTESIAN_POINT('',(-13.5,23.38268590218));
#2232 = CARTESIAN_POINT('',(6.75,11.69134295109));
#2233 = CARTESIAN_POINT('',(27.000000000001,3.306546357698E-15));
#2234 = CARTESIAN_POINT('',(6.75,-11.69134295109));
#2235 = CARTESIAN_POINT('',(-13.5,-23.38268590218));
#2236 = CARTESIAN_POINT('',(-13.5,0.));
#2237 = ( GEOMETRIC_REPRESENTATION_CONTEXT(2) 
PARAMETRIC_REPRESENTATION_CONTEXT() REPRESENTATION_CONTEXT('2D SPACE',''
  ) );
#2238 = PCURVE('',#2239,#2244);
#2239 = CYLINDRICAL_SURFACE('',#2240,13.5);
#2240 = AXIS2_PLACEMENT_3D('',#2241,#2242,#2243);
#2241 = CARTESIAN_POINT('',(-63.0449142456,-96.42980957031,0.));
#2242 = DIRECTION('',(-2.449212707645E-16,-1.,0.));
#2243 = DIRECTION('',(-1.,2.449212707645E-16,0.));
#2244 = DEFINITIONAL_REPRESENTATION('',(#2245),#2249);
#2245 = LINE('',#2246,#2247);
#2246 = CARTESIAN_POINT('',(-0.,-0.238771208406));
#2247 = VECTOR('',#2248,1.);
#2248 = DIRECTION('',(-1.,0.));
#2249 = ( GEOMETRIC_REPRESENTATION_CONTEXT(2) 
PARAMETRIC_REPRESENTATION_CONTEXT() REPRESENTATION_CONTEXT('2D SPACE',''
  ) );
#2250 = ADVANCED_FACE('',(#2251),#2239,.T.);
#2251 = FACE_BOUND('',#2252,.F.);
#2252 = EDGE_LOOP('',(#2253,#2254,#2277,#2308));
#2253 = ORIENTED_EDGE('',*,*,#2218,.T.);
#2254 = ORIENTED_EDGE('',*,*,#2255,.T.);
#2255 = EDGE_CURVE('',#2219,#2256,#2258,.T.);
#2256 = VERTEX_POINT('',#2257);
#2257 = CARTESIAN_POINT('',(-76.5449142456,-98.1910383619,0.));
#2258 = SEAM_CURVE('',#2259,(#2263,#2270),.PCURVE_S1.);
#2259 = LINE('',#2260,#2261);
#2260 = CARTESIAN_POINT('',(-76.5449142456,-96.42980957031,0.));
#2261 = VECTOR('',#2262,1.);
#2262 = DIRECTION('',(0.,-1.,0.));
#2263 = PCURVE('',#2239,#2264);
#2264 = DEFINITIONAL_REPRESENTATION('',(#2265),#2269);
#2265 = LINE('',#2266,#2267);
#2266 = CARTESIAN_POINT('',(-0.,0.));
#2267 = VECTOR('',#2268,1.);
#2268 = DIRECTION('',(-0.,1.));
#2269 = ( GEOMETRIC_REPRESENTATION_CONTEXT(2) 
PARAMETRIC_REPRESENTATION_CONTEXT() REPRESENTATION_CONTEXT('2D SPACE',''
  ) );
#2270 = PCURVE('',#2239,#2271);
#2271 = DEFINITIONAL_REPRESENTATION('',(#2272),#2276);
#2272 = LINE('',#2273,#2274);
#2273 = CARTESIAN_POINT('',(-6.28318530718,0.));
#2274 = VECTOR('',#2275,1.);
#2275 = DIRECTION('',(-0.,1.));
#2276 = ( GEOMETRIC_REPRESENTATION_CONTEXT(2) 
PARAMETRIC_REPRESENTATION_CONTEXT() REPRESENTATION_CONTEXT('2D SPACE',''
  ) );
#2277 = ORIENTED_EDGE('',*,*,#2278,.F.);
#2278 = EDGE_CURVE('',#2256,#2256,#2279,.T.);
#2279 = SURFACE_CURVE('',#2280,(#2285,#2292),.PCURVE_S1.);
#2280 = CIRCLE('',#2281,13.5);
#2281 = AXIS2_PLACEMENT_3D('',#2282,#2283,#2284);
#2282 = CARTESIAN_POINT('',(-63.0449142456,-98.1910383619,0.));
#2283 = DIRECTION('',(2.449212707645E-16,1.,0.));
#2284 = DIRECTION('',(-1.,2.449212707645E-16,0.));
#2285 = PCURVE('',#2239,#2286);
#2286 = DEFINITIONAL_REPRESENTATION('',(#2287),#2291);
#2287 = LINE('',#2288,#2289);
#2288 = CARTESIAN_POINT('',(-0.,1.761228791594));
#2289 = VECTOR('',#2290,1.);
#2290 = DIRECTION('',(-1.,0.));
#2291 = ( GEOMETRIC_REPRESENTATION_CONTEXT(2) 
PARAMETRIC_REPRESENTATION_CONTEXT() REPRESENTATION_CONTEXT('2D SPACE',''
  ) );
#2292 = PCURVE('',#2293,#2298);
#2293 = PLANE('',#2294);
#2294 = AXIS2_PLACEMENT_3D('',#2295,#2296,#2297);
#2295 = CARTESIAN_POINT('',(-63.0449142456,-98.1910383619,0.));
#2296 = DIRECTION('',(-2.449212707645E-16,-1.,0.));
#2297 = DIRECTION('',(1.,-2.449212707645E-16,-0.));
#2298 = DEFINITIONAL_REPRESENTATION('',(#2299),#2307);
#2299 = ( BOUNDED_CURVE() B_SPLINE_CURVE(2,(#2300,#2301,#2302,#2303,
#2304,#2305,#2306),.UNSPECIFIED.,.T.,.F.) B_SPLINE_CURVE_WITH_KNOTS((1,2
    ,2,2,2,1),(-2.094395102393,0.,2.094395102393,4.188790204786,
6.28318530718,8.377580409573),.UNSPECIFIED.) CURVE() 
GEOMETRIC_REPRESENTATION_ITEM() RATIONAL_B_SPLINE_CURVE((1.,0.5,1.,0.5,
1.,0.5,1.)) REPRESENTATION_ITEM('') );
#2300 = CARTESIAN_POINT('',(-13.5,0.));
#2301 = CARTESIAN_POINT('',(-13.5,23.38268590218));
#2302 = CARTESIAN_POINT('',(6.75,11.69134295109));
#2303 = CARTESIAN_POINT('',(27.000000000001,3.306546357698E-15));
#2304 = CARTESIAN_POINT('',(6.75,-11.69134295109));
#2305 = CARTESIAN_POINT('',(-13.5,-23.38268590218));
#2306 = CARTESIAN_POINT('',(-13.5,0.));
#2307 = ( GEOMETRIC_REPRESENTATION_CONTEXT(2) 
PARAMETRIC_REPRESENTATION_CONTEXT() REPRESENTATION_CONTEXT('2D SPACE',''
  ) );
#2308 = ORIENTED_EDGE('',*,*,#2255,.F.);
#2309 = ADVANCED_FACE('',(#2310,#2313),#2293,.T.);
#2310 = FACE_BOUND('',#2311,.F.);
#2311 = EDGE_LOOP('',(#2312));
#2312 = ORIENTED_EDGE('',*,*,#2278,.T.);
#2313 = FACE_BOUND('',#2314,.F.);
#2314 = EDGE_LOOP('',(#2315));
#2315 = ORIENTED_EDGE('',*,*,#2316,.F.);
#2316 = EDGE_CURVE('',#2317,#2317,#2319,.T.);
#2317 = VERTEX_POINT('',#2318);
#2318 = CARTESIAN_POINT('',(-71.5449142456,-98.1910383619,0.));
#2319 = SURFACE_CURVE('',#2320,(#2325,#2336),.PCURVE_S1.);
#2320 = CIRCLE('',#2321,8.5);
#2321 = AXIS2_PLACEMENT_3D('',#2322,#2323,#2324);
#2322 = CARTESIAN_POINT('',(-63.0449142456,-98.1910383619,0.));
#2323 = DIRECTION('',(2.449212707645E-16,1.,0.));
#2324 = DIRECTION('',(-1.,2.449212707645E-16,0.));
#2325 = PCURVE('',#2293,#2326);
#2326 = DEFINITIONAL_REPRESENTATION('',(#2327),#2335);
#2327 = ( BOUNDED_CURVE() B_SPLINE_CURVE(2,(#2328,#2329,#2330,#2331,
#2332,#2333,#2334),.UNSPECIFIED.,.T.,.F.) B_SPLINE_CURVE_WITH_KNOTS((1,2
    ,2,2,2,1),(-2.094395102393,0.,2.094395102393,4.188790204786,
6.28318530718,8.377580409573),.UNSPECIFIED.) CURVE() 
GEOMETRIC_REPRESENTATION_ITEM() RATIONAL_B_SPLINE_CURVE((1.,0.5,1.,0.5,
1.,0.5,1.)) REPRESENTATION_ITEM('') );
#2328 = CARTESIAN_POINT('',(-8.5,0.));
#2329 = CARTESIAN_POINT('',(-8.5,14.722431864336));
#2330 = CARTESIAN_POINT('',(4.25,7.361215932168));
#2331 = CARTESIAN_POINT('',(17.000000000001,2.081899558551E-15));
#2332 = CARTESIAN_POINT('',(4.25,-7.361215932168));
#2333 = CARTESIAN_POINT('',(-8.5,-14.72243186433));
#2334 = CARTESIAN_POINT('',(-8.5,0.));
#2335 = ( GEOMETRIC_REPRESENTATION_CONTEXT(2) 
PARAMETRIC_REPRESENTATION_CONTEXT() REPRESENTATION_CONTEXT('2D SPACE',''
  ) );
#2336 = PCURVE('',#2337,#2342);
#2337 = CYLINDRICAL_SURFACE('',#2338,8.5);
#2338 = AXIS2_PLACEMENT_3D('',#2339,#2340,#2341);
#2339 = CARTESIAN_POINT('',(-63.0449142456,-97.80611419677,0.));
#2340 = DIRECTION('',(2.449212707645E-16,1.,0.));
#2341 = DIRECTION('',(-1.,2.449212707645E-16,0.));
#2342 = DEFINITIONAL_REPRESENTATION('',(#2343),#2347);
#2343 = LINE('',#2344,#2345);
#2344 = CARTESIAN_POINT('',(0.,-0.384924165129));
#2345 = VECTOR('',#2346,1.);
#2346 = DIRECTION('',(1.,0.));
#2347 = ( GEOMETRIC_REPRESENTATION_CONTEXT(2) 
PARAMETRIC_REPRESENTATION_CONTEXT() REPRESENTATION_CONTEXT('2D SPACE',''
  ) );
#2348 = ADVANCED_FACE('',(#2349),#2337,.F.);
#2349 = FACE_BOUND('',#2350,.F.);
#2350 = EDGE_LOOP('',(#2351,#2352,#2375,#2401));
#2351 = ORIENTED_EDGE('',*,*,#2316,.T.);
#2352 = ORIENTED_EDGE('',*,*,#2353,.T.);
#2353 = EDGE_CURVE('',#2317,#2354,#2356,.T.);
#2354 = VERTEX_POINT('',#2355);
#2355 = CARTESIAN_POINT('',(-71.5449142456,-90.1910383619,0.));
#2356 = SEAM_CURVE('',#2357,(#2361,#2368),.PCURVE_S1.);
#2357 = LINE('',#2358,#2359);
#2358 = CARTESIAN_POINT('',(-71.5449142456,-97.80611419677,0.));
#2359 = VECTOR('',#2360,1.);
#2360 = DIRECTION('',(1.224606353822E-16,1.,0.));
#2361 = PCURVE('',#2337,#2362);
#2362 = DEFINITIONAL_REPRESENTATION('',(#2363),#2367);
#2363 = LINE('',#2364,#2365);
#2364 = CARTESIAN_POINT('',(0.,0.));
#2365 = VECTOR('',#2366,1.);
#2366 = DIRECTION('',(0.,1.));
#2367 = ( GEOMETRIC_REPRESENTATION_CONTEXT(2) 
PARAMETRIC_REPRESENTATION_CONTEXT() REPRESENTATION_CONTEXT('2D SPACE',''
  ) );
#2368 = PCURVE('',#2337,#2369);
#2369 = DEFINITIONAL_REPRESENTATION('',(#2370),#2374);
#2370 = LINE('',#2371,#2372);
#2371 = CARTESIAN_POINT('',(6.28318530718,0.));
#2372 = VECTOR('',#2373,1.);
#2373 = DIRECTION('',(0.,1.));
#2374 = ( GEOMETRIC_REPRESENTATION_CONTEXT(2) 
PARAMETRIC_REPRESENTATION_CONTEXT() REPRESENTATION_CONTEXT('2D SPACE',''
  ) );
#2375 = ORIENTED_EDGE('',*,*,#2376,.F.);
#2376 = EDGE_CURVE('',#2354,#2354,#2377,.T.);
#2377 = SURFACE_CURVE('',#2378,(#2383,#2390),.PCURVE_S1.);
#2378 = CIRCLE('',#2379,8.5);
#2379 = AXIS2_PLACEMENT_3D('',#2380,#2381,#2382);
#2380 = CARTESIAN_POINT('',(-63.0449142456,-90.1910383619,0.));
#2381 = DIRECTION('',(2.449212707645E-16,1.,0.));
#2382 = DIRECTION('',(-1.,2.449212707645E-16,0.));
#2383 = PCURVE('',#2337,#2384);
#2384 = DEFINITIONAL_REPRESENTATION('',(#2385),#2389);
#2385 = LINE('',#2386,#2387);
#2386 = CARTESIAN_POINT('',(0.,7.615075834871));
#2387 = VECTOR('',#2388,1.);
#2388 = DIRECTION('',(1.,0.));
#2389 = ( GEOMETRIC_REPRESENTATION_CONTEXT(2) 
PARAMETRIC_REPRESENTATION_CONTEXT() REPRESENTATION_CONTEXT('2D SPACE',''
  ) );
#2390 = PCURVE('',#2141,#2391);
#2391 = DEFINITIONAL_REPRESENTATION('',(#2392),#2400);
#2392 = ( BOUNDED_CURVE() B_SPLINE_CURVE(2,(#2393,#2394,#2395,#2396,
#2397,#2398,#2399),.UNSPECIFIED.,.T.,.F.) B_SPLINE_CURVE_WITH_KNOTS((1,2
    ,2,2,2,1),(-2.094395102393,0.,2.094395102393,4.188790204786,
6.28318530718,8.377580409573),.UNSPECIFIED.) CURVE() 
GEOMETRIC_REPRESENTATION_ITEM() RATIONAL_B_SPLINE_CURVE((1.,0.5,1.,0.5,
1.,0.5,1.)) REPRESENTATION_ITEM('') );
#2393 = CARTESIAN_POINT('',(-8.5,0.));
#2394 = CARTESIAN_POINT('',(-8.5,14.722431864336));
#2395 = CARTESIAN_POINT('',(4.25,7.361215932168));
#2396 = CARTESIAN_POINT('',(17.000000000001,2.081899558551E-15));
#2397 = CARTESIAN_POINT('',(4.25,-7.361215932168));
#2398 = CARTESIAN_POINT('',(-8.5,-14.72243186433));
#2399 = CARTESIAN_POINT('',(-8.5,0.));
#2400 = ( GEOMETRIC_REPRESENTATION_CONTEXT(2) 
PARAMETRIC_REPRESENTATION_CONTEXT() REPRESENTATION_CONTEXT('2D SPACE',''
  ) );
#2401 = ORIENTED_EDGE('',*,*,#2353,.F.);
#2402 = ADVANCED_FACE('',(#2403,#2406),#2141,.F.);
#2403 = FACE_BOUND('',#2404,.F.);
#2404 = EDGE_LOOP('',(#2405));
#2405 = ORIENTED_EDGE('',*,*,#2376,.T.);
#2406 = FACE_BOUND('',#2407,.F.);
#2407 = EDGE_LOOP('',(#2408));
#2408 = ORIENTED_EDGE('',*,*,#2119,.F.);
#2409 = ( GEOMETRIC_REPRESENTATION_CONTEXT(3) 
GLOBAL_UNCERTAINTY_ASSIGNED_CONTEXT((#2413)) 
GLOBAL_UNIT_ASSIGNED_CONTEXT((#2410,#2411,#2412)) REPRESENTATION_CONTEXT
('Context #1','3D Context with UNIT and UNCERTAINTY') );
#2410 = ( LENGTH_UNIT() NAMED_UNIT(*) SI_UNIT(.MILLI.,.METRE.) );
#2411 = ( NAMED_UNIT(*) PLANE_ANGLE_UNIT() SI_UNIT($,.RADIAN.) );
#2412 = ( NAMED_UNIT(*) SI_UNIT($,.STERADIAN.) SOLID_ANGLE_UNIT() );
#2413 = UNCERTAINTY_MEASURE_WITH_UNIT(LENGTH_MEASURE(1.E-07),#2410,
  'distance_accuracy_value','confusion accuracy');
#2414 = CONTEXT_DEPENDENT_SHAPE_REPRESENTATION(#2415,#2417);
#2415 = ( REPRESENTATION_RELATIONSHIP('','',#2112,#10) 
REPRESENTATION_RELATIONSHIP_WITH_TRANSFORMATION(#2416) 
SHAPE_REPRESENTATION_RELATIONSHIP() );
#2416 = ITEM_DEFINED_TRANSFORMATION('','',#11,#79);
#2417 = PRODUCT_DEFINITION_SHAPE('Placement','Placement of an item',
  #2418);
#2418 = NEXT_ASSEMBLY_USAGE_OCCURRENCE('17','','',#5,#2107,$);
#2419 = PRODUCT_RELATED_PRODUCT_CATEGORY('part',$,(#2109));
#2420 = SHAPE_DEFINITION_REPRESENTATION(#2421,#2427);
#2421 = PRODUCT_DEFINITION_SHAPE('','',#2422);
#2422 = PRODUCT_DEFINITION('design','',#2423,#2426);
#2423 = PRODUCT_DEFINITION_FORMATION('','',#2424);
#2424 = PRODUCT('Open CASCADE STEP translator 8.0 1.18',
  'Open CASCADE STEP translator 8.0 1.18','',(#2425));
#2425 = PRODUCT_CONTEXT('',#2,'mechanical');
#2426 = PRODUCT_DEFINITION_CONTEXT('part definition',#2,'design');
#2427 = ADVANCED_BREP_SHAPE_REPRESENTATION('',(#11,#2428),#3122);
#2428 = MANIFOLD_SOLID_BREP('',#2429);
#2429 = CLOSED_SHELL('',(#2430,#2506,#2561,#2617,#2676,#2715,#2774,#2813
    ,#2868,#2903,#2963,#3002,#3061,#3095));
#2430 = ADVANCED_FACE('',(#2431,#2471),#2444,.F.);
#2431 = FACE_BOUND('',#2432,.T.);
#2432 = EDGE_LOOP('',(#2433));
#2433 = ORIENTED_EDGE('',*,*,#2434,.T.);
#2434 = EDGE_CURVE('',#2435,#2435,#2437,.T.);
#2435 = VERTEX_POINT('',#2436);
#2436 = CARTESIAN_POINT('',(-78.5449142456,-76.1910383619,0.));
#2437 = SURFACE_CURVE('',#2438,(#2443,#2459),.PCURVE_S1.);
#2438 = CIRCLE('',#2439,15.5);
#2439 = AXIS2_PLACEMENT_3D('',#2440,#2441,#2442);
#2440 = CARTESIAN_POINT('',(-63.0449142456,-76.1910383619,0.));
#2441 = DIRECTION('',(2.449212707645E-16,1.,0.));
#2442 = DIRECTION('',(-1.,2.449212707645E-16,0.));
#2443 = PCURVE('',#2444,#2449);
#2444 = PLANE('',#2445);
#2445 = AXIS2_PLACEMENT_3D('',#2446,#2447,#2448);
#2446 = CARTESIAN_POINT('',(-63.0449142456,-76.1910383619,0.));
#2447 = DIRECTION('',(-2.449212707645E-16,-1.,0.));
#2448 = DIRECTION('',(1.,-2.449212707645E-16,-0.));
#2449 = DEFINITIONAL_REPRESENTATION('',(#2450),#2458);
#2450 = ( BOUNDED_CURVE() B_SPLINE_CURVE(2,(#2451,#2452,#2453,#2454,
#2455,#2456,#2457),.UNSPECIFIED.,.T.,.F.) B_SPLINE_CURVE_WITH_KNOTS((1,2
    ,2,2,2,1),(-2.094395102393,0.,2.094395102393,4.188790204786,
6.28318530718,8.377580409573),.UNSPECIFIED.) CURVE() 
GEOMETRIC_REPRESENTATION_ITEM() RATIONAL_B_SPLINE_CURVE((1.,0.5,1.,0.5,
1.,0.5,1.)) REPRESENTATION_ITEM('') );
#2451 = CARTESIAN_POINT('',(-15.5,0.));
#2452 = CARTESIAN_POINT('',(-15.5,26.846787517318));
#2453 = CARTESIAN_POINT('',(7.75,13.423393758659));
#2454 = CARTESIAN_POINT('',(31.000000000001,3.796405077357E-15));
#2455 = CARTESIAN_POINT('',(7.75,-13.42339375865));
#2456 = CARTESIAN_POINT('',(-15.5,-26.84678751731));
#2457 = CARTESIAN_POINT('',(-15.5,0.));
#2458 = ( GEOMETRIC_REPRESENTATION_CONTEXT(2) 
PARAMETRIC_REPRESENTATION_CONTEXT() REPRESENTATION_CONTEXT('2D SPACE',''
  ) );
#2459 = PCURVE('',#2460,#2465);
#2460 = CYLINDRICAL_SURFACE('',#2461,15.5);
#2461 = AXIS2_PLACEMENT_3D('',#2462,#2463,#2464);
#2462 = CARTESIAN_POINT('',(-63.0449142456,-88.4962234497,0.));
#2463 = DIRECTION('',(2.449212707645E-16,1.,0.));
#2464 = DIRECTION('',(-1.,2.449212707645E-16,0.));
#2465 = DEFINITIONAL_REPRESENTATION('',(#2466),#2470);
#2466 = LINE('',#2467,#2468);
#2467 = CARTESIAN_POINT('',(0.,12.305185087801));
#2468 = VECTOR('',#2469,1.);
#2469 = DIRECTION('',(1.,0.));
#2470 = ( GEOMETRIC_REPRESENTATION_CONTEXT(2) 
PARAMETRIC_REPRESENTATION_CONTEXT() REPRESENTATION_CONTEXT('2D SPACE',''
  ) );
#2471 = FACE_BOUND('',#2472,.T.);
#2472 = EDGE_LOOP('',(#2473));
#2473 = ORIENTED_EDGE('',*,*,#2474,.F.);
#2474 = EDGE_CURVE('',#2475,#2475,#2477,.T.);
#2475 = VERTEX_POINT('',#2476);
#2476 = CARTESIAN_POINT('',(-71.5449142456,-76.1910383619,0.));
#2477 = SURFACE_CURVE('',#2478,(#2483,#2494),.PCURVE_S1.);
#2478 = CIRCLE('',#2479,8.5);
#2479 = AXIS2_PLACEMENT_3D('',#2480,#2481,#2482);
#2480 = CARTESIAN_POINT('',(-63.0449142456,-76.1910383619,0.));
#2481 = DIRECTION('',(2.449212707645E-16,1.,0.));
#2482 = DIRECTION('',(-1.,2.449212707645E-16,0.));
#2483 = PCURVE('',#2444,#2484);
#2484 = DEFINITIONAL_REPRESENTATION('',(#2485),#2493);
#2485 = ( BOUNDED_CURVE() B_SPLINE_CURVE(2,(#2486,#2487,#2488,#2489,
#2490,#2491,#2492),.UNSPECIFIED.,.T.,.F.) B_SPLINE_CURVE_WITH_KNOTS((1,2
    ,2,2,2,1),(-2.094395102393,0.,2.094395102393,4.188790204786,
6.28318530718,8.377580409573),.UNSPECIFIED.) CURVE() 
GEOMETRIC_REPRESENTATION_ITEM() RATIONAL_B_SPLINE_CURVE((1.,0.5,1.,0.5,
1.,0.5,1.)) REPRESENTATION_ITEM('') );
#2486 = CARTESIAN_POINT('',(-8.5,0.));
#2487 = CARTESIAN_POINT('',(-8.5,14.722431864336));
#2488 = CARTESIAN_POINT('',(4.25,7.361215932168));
#2489 = CARTESIAN_POINT('',(17.000000000001,2.081899558551E-15));
#2490 = CARTESIAN_POINT('',(4.25,-7.361215932168));
#2491 = CARTESIAN_POINT('',(-8.5,-14.72243186433));
#2492 = CARTESIAN_POINT('',(-8.5,0.));
#2493 = ( GEOMETRIC_REPRESENTATION_CONTEXT(2) 
PARAMETRIC_REPRESENTATION_CONTEXT() REPRESENTATION_CONTEXT('2D SPACE',''
  ) );
#2494 = PCURVE('',#2495,#2500);
#2495 = CYLINDRICAL_SURFACE('',#2496,8.5);
#2496 = AXIS2_PLACEMENT_3D('',#2497,#2498,#2499);
#2497 = CARTESIAN_POINT('',(-63.0449142456,-87.18671417236,0.));
#2498 = DIRECTION('',(-2.449212707645E-16,-1.,0.));
#2499 = DIRECTION('',(-1.,2.449212707645E-16,0.));
#2500 = DEFINITIONAL_REPRESENTATION('',(#2501),#2505);
#2501 = LINE('',#2502,#2503);
#2502 = CARTESIAN_POINT('',(-0.,-10.99567581045));
#2503 = VECTOR('',#2504,1.);
#2504 = DIRECTION('',(-1.,0.));
#2505 = ( GEOMETRIC_REPRESENTATION_CONTEXT(2) 
PARAMETRIC_REPRESENTATION_CONTEXT() REPRESENTATION_CONTEXT('2D SPACE',''
  ) );
#2506 = ADVANCED_FACE('',(#2507),#2460,.T.);
#2507 = FACE_BOUND('',#2508,.T.);
#2508 = EDGE_LOOP('',(#2509,#2538,#2559,#2560));
#2509 = ORIENTED_EDGE('',*,*,#2510,.T.);
#2510 = EDGE_CURVE('',#2511,#2511,#2513,.T.);
#2511 = VERTEX_POINT('',#2512);
#2512 = CARTESIAN_POINT('',(-78.5449142456,-80.1910383619,0.));
#2513 = SURFACE_CURVE('',#2514,(#2519,#2526),.PCURVE_S1.);
#2514 = CIRCLE('',#2515,15.5);
#2515 = AXIS2_PLACEMENT_3D('',#2516,#2517,#2518);
#2516 = CARTESIAN_POINT('',(-63.0449142456,-80.1910383619,0.));
#2517 = DIRECTION('',(2.449212707645E-16,1.,0.));
#2518 = DIRECTION('',(-1.,2.449212707645E-16,0.));
#2519 = PCURVE('',#2460,#2520);
#2520 = DEFINITIONAL_REPRESENTATION('',(#2521),#2525);
#2521 = LINE('',#2522,#2523);
#2522 = CARTESIAN_POINT('',(0.,8.305185087801));
#2523 = VECTOR('',#2524,1.);
#2524 = DIRECTION('',(1.,0.));
#2525 = ( GEOMETRIC_REPRESENTATION_CONTEXT(2) 
PARAMETRIC_REPRESENTATION_CONTEXT() REPRESENTATION_CONTEXT('2D SPACE',''
  ) );
#2526 = PCURVE('',#2527,#2532);
#2527 = TOROIDAL_SURFACE('',#2528,15.5,3.);
#2528 = AXIS2_PLACEMENT_3D('',#2529,#2530,#2531);
#2529 = CARTESIAN_POINT('',(-63.0449142456,-83.1910383619,0.));
#2530 = DIRECTION('',(-2.449212707645E-16,-1.,0.));
#2531 = DIRECTION('',(-1.,2.449212707645E-16,0.));
#2532 = DEFINITIONAL_REPRESENTATION('',(#2533),#2537);
#2533 = LINE('',#2534,#2535);
#2534 = CARTESIAN_POINT('',(-0.,4.712388980385));
#2535 = VECTOR('',#2536,1.);
#2536 = DIRECTION('',(-1.,0.));
#2537 = ( GEOMETRIC_REPRESENTATION_CONTEXT(2) 
PARAMETRIC_REPRESENTATION_CONTEXT() REPRESENTATION_CONTEXT('2D SPACE',''
  ) );
#2538 = ORIENTED_EDGE('',*,*,#2539,.T.);
#2539 = EDGE_CURVE('',#2511,#2435,#2540,.T.);
#2540 = SEAM_CURVE('',#2541,(#2545,#2552),.PCURVE_S1.);
#2541 = LINE('',#2542,#2543);
#2542 = CARTESIAN_POINT('',(-78.5449142456,-88.4962234497,0.));
#2543 = VECTOR('',#2544,1.);
#2544 = DIRECTION('',(1.224606353822E-16,1.,0.));
#2545 = PCURVE('',#2460,#2546);
#2546 = DEFINITIONAL_REPRESENTATION('',(#2547),#2551);
#2547 = LINE('',#2548,#2549);
#2548 = CARTESIAN_POINT('',(0.,0.));
#2549 = VECTOR('',#2550,1.);
#2550 = DIRECTION('',(0.,1.));
#2551 = ( GEOMETRIC_REPRESENTATION_CONTEXT(2) 
PARAMETRIC_REPRESENTATION_CONTEXT() REPRESENTATION_CONTEXT('2D SPACE',''
  ) );
#2552 = PCURVE('',#2460,#2553);
#2553 = DEFINITIONAL_REPRESENTATION('',(#2554),#2558);
#2554 = LINE('',#2555,#2556);
#2555 = CARTESIAN_POINT('',(6.28318530718,0.));
#2556 = VECTOR('',#2557,1.);
#2557 = DIRECTION('',(0.,1.));
#2558 = ( GEOMETRIC_REPRESENTATION_CONTEXT(2) 
PARAMETRIC_REPRESENTATION_CONTEXT() REPRESENTATION_CONTEXT('2D SPACE',''
  ) );
#2559 = ORIENTED_EDGE('',*,*,#2434,.F.);
#2560 = ORIENTED_EDGE('',*,*,#2539,.F.);
#2561 = ADVANCED_FACE('',(#2562),#2527,.T.);
#2562 = FACE_BOUND('',#2563,.F.);
#2563 = EDGE_LOOP('',(#2564,#2565,#2589,#2616));
#2564 = ORIENTED_EDGE('',*,*,#2510,.T.);
#2565 = ORIENTED_EDGE('',*,*,#2566,.T.);
#2566 = EDGE_CURVE('',#2511,#2567,#2569,.T.);
#2567 = VERTEX_POINT('',#2568);
#2568 = CARTESIAN_POINT('',(-78.5449142456,-86.1910383619,0.));
#2569 = SEAM_CURVE('',#2570,(#2575,#2582),.PCURVE_S1.);
#2570 = CIRCLE('',#2571,3.);
#2571 = AXIS2_PLACEMENT_3D('',#2572,#2573,#2574);
#2572 = CARTESIAN_POINT('',(-78.5449142456,-83.1910383619,0.));
#2573 = DIRECTION('',(0.,0.,1.));
#2574 = DIRECTION('',(1.,0.,-0.));
#2575 = PCURVE('',#2527,#2576);
#2576 = DEFINITIONAL_REPRESENTATION('',(#2577),#2581);
#2577 = LINE('',#2578,#2579);
#2578 = CARTESIAN_POINT('',(-0.,3.14159265359));
#2579 = VECTOR('',#2580,1.);
#2580 = DIRECTION('',(-0.,1.));
#2581 = ( GEOMETRIC_REPRESENTATION_CONTEXT(2) 
PARAMETRIC_REPRESENTATION_CONTEXT() REPRESENTATION_CONTEXT('2D SPACE',''
  ) );
#2582 = PCURVE('',#2527,#2583);
#2583 = DEFINITIONAL_REPRESENTATION('',(#2584),#2588);
#2584 = LINE('',#2585,#2586);
#2585 = CARTESIAN_POINT('',(-6.28318530718,3.14159265359));
#2586 = VECTOR('',#2587,1.);
#2587 = DIRECTION('',(-0.,1.));
#2588 = ( GEOMETRIC_REPRESENTATION_CONTEXT(2) 
PARAMETRIC_REPRESENTATION_CONTEXT() REPRESENTATION_CONTEXT('2D SPACE',''
  ) );
#2589 = ORIENTED_EDGE('',*,*,#2590,.F.);
#2590 = EDGE_CURVE('',#2567,#2567,#2591,.T.);
#2591 = SURFACE_CURVE('',#2592,(#2597,#2604),.PCURVE_S1.);
#2592 = CIRCLE('',#2593,15.5);
#2593 = AXIS2_PLACEMENT_3D('',#2594,#2595,#2596);
#2594 = CARTESIAN_POINT('',(-63.0449142456,-86.1910383619,0.));
#2595 = DIRECTION('',(2.449212707645E-16,1.,0.));
#2596 = DIRECTION('',(-1.,2.449212707645E-16,0.));
#2597 = PCURVE('',#2527,#2598);
#2598 = DEFINITIONAL_REPRESENTATION('',(#2599),#2603);
#2599 = LINE('',#2600,#2601);
#2600 = CARTESIAN_POINT('',(-0.,7.853981633974));
#2601 = VECTOR('',#2602,1.);
#2602 = DIRECTION('',(-1.,0.));
#2603 = ( GEOMETRIC_REPRESENTATION_CONTEXT(2) 
PARAMETRIC_REPRESENTATION_CONTEXT() REPRESENTATION_CONTEXT('2D SPACE',''
  ) );
#2604 = PCURVE('',#2605,#2610);
#2605 = CYLINDRICAL_SURFACE('',#2606,15.5);
#2606 = AXIS2_PLACEMENT_3D('',#2607,#2608,#2609);
#2607 = CARTESIAN_POINT('',(-63.0449142456,-88.4962234497,0.));
#2608 = DIRECTION('',(2.449212707645E-16,1.,0.));
#2609 = DIRECTION('',(-1.,2.449212707645E-16,0.));
#2610 = DEFINITIONAL_REPRESENTATION('',(#2611),#2615);
#2611 = LINE('',#2612,#2613);
#2612 = CARTESIAN_POINT('',(0.,2.305185087801));
#2613 = VECTOR('',#2614,1.);
#2614 = DIRECTION('',(1.,0.));
#2615 = ( GEOMETRIC_REPRESENTATION_CONTEXT(2) 
PARAMETRIC_REPRESENTATION_CONTEXT() REPRESENTATION_CONTEXT('2D SPACE',''
  ) );
#2616 = ORIENTED_EDGE('',*,*,#2566,.F.);
#2617 = ADVANCED_FACE('',(#2618),#2605,.T.);
#2618 = FACE_BOUND('',#2619,.T.);
#2619 = EDGE_LOOP('',(#2620,#2653,#2674,#2675));
#2620 = ORIENTED_EDGE('',*,*,#2621,.T.);
#2621 = EDGE_CURVE('',#2622,#2622,#2624,.T.);
#2622 = VERTEX_POINT('',#2623);
#2623 = CARTESIAN_POINT('',(-78.5449142456,-90.1910383619,0.));
#2624 = SURFACE_CURVE('',#2625,(#2630,#2637),.PCURVE_S1.);
#2625 = CIRCLE('',#2626,15.5);
#2626 = AXIS2_PLACEMENT_3D('',#2627,#2628,#2629);
#2627 = CARTESIAN_POINT('',(-63.0449142456,-90.1910383619,0.));
#2628 = DIRECTION('',(2.449212707645E-16,1.,0.));
#2629 = DIRECTION('',(-1.,2.449212707645E-16,0.));
#2630 = PCURVE('',#2605,#2631);
#2631 = DEFINITIONAL_REPRESENTATION('',(#2632),#2636);
#2632 = LINE('',#2633,#2634);
#2633 = CARTESIAN_POINT('',(0.,-1.694814912199));
#2634 = VECTOR('',#2635,1.);
#2635 = DIRECTION('',(1.,0.));
#2636 = ( GEOMETRIC_REPRESENTATION_CONTEXT(2) 
PARAMETRIC_REPRESENTATION_CONTEXT() REPRESENTATION_CONTEXT('2D SPACE',''
  ) );
#2637 = PCURVE('',#2638,#2643);
#2638 = PLANE('',#2639);
#2639 = AXIS2_PLACEMENT_3D('',#2640,#2641,#2642);
#2640 = CARTESIAN_POINT('',(-63.0449142456,-90.1910383619,0.));
#2641 = DIRECTION('',(-2.449212707645E-16,-1.,0.));
#2642 = DIRECTION('',(1.,-2.449212707645E-16,0.));
#2643 = DEFINITIONAL_REPRESENTATION('',(#2644),#2652);
#2644 = ( BOUNDED_CURVE() B_SPLINE_CURVE(2,(#2645,#2646,#2647,#2648,
#2649,#2650,#2651),.UNSPECIFIED.,.T.,.F.) B_SPLINE_CURVE_WITH_KNOTS((1,2
    ,2,2,2,1),(-2.094395102393,0.,2.094395102393,4.188790204786,
6.28318530718,8.377580409573),.UNSPECIFIED.) CURVE() 
GEOMETRIC_REPRESENTATION_ITEM() RATIONAL_B_SPLINE_CURVE((1.,0.5,1.,0.5,
1.,0.5,1.)) REPRESENTATION_ITEM('') );
#2645 = CARTESIAN_POINT('',(-15.5,0.));
#2646 = CARTESIAN_POINT('',(-15.5,26.846787517318));
#2647 = CARTESIAN_POINT('',(7.75,13.423393758659));
#2648 = CARTESIAN_POINT('',(31.000000000001,3.796405077357E-15));
#2649 = CARTESIAN_POINT('',(7.75,-13.42339375865));
#2650 = CARTESIAN_POINT('',(-15.5,-26.84678751731));
#2651 = CARTESIAN_POINT('',(-15.5,0.));
#2652 = ( GEOMETRIC_REPRESENTATION_CONTEXT(2) 
PARAMETRIC_REPRESENTATION_CONTEXT() REPRESENTATION_CONTEXT('2D SPACE',''
  ) );
#2653 = ORIENTED_EDGE('',*,*,#2654,.T.);
#2654 = EDGE_CURVE('',#2622,#2567,#2655,.T.);
#2655 = SEAM_CURVE('',#2656,(#2660,#2667),.PCURVE_S1.);
#2656 = LINE('',#2657,#2658);
#2657 = CARTESIAN_POINT('',(-78.5449142456,-88.4962234497,0.));
#2658 = VECTOR('',#2659,1.);
#2659 = DIRECTION('',(1.224606353822E-16,1.,0.));
#2660 = PCURVE('',#2605,#2661);
#2661 = DEFINITIONAL_REPRESENTATION('',(#2662),#2666);
#2662 = LINE('',#2663,#2664);
#2663 = CARTESIAN_POINT('',(0.,0.));
#2664 = VECTOR('',#2665,1.);
#2665 = DIRECTION('',(0.,1.));
#2666 = ( GEOMETRIC_REPRESENTATION_CONTEXT(2) 
PARAMETRIC_REPRESENTATION_CONTEXT() REPRESENTATION_CONTEXT('2D SPACE',''
  ) );
#2667 = PCURVE('',#2605,#2668);
#2668 = DEFINITIONAL_REPRESENTATION('',(#2669),#2673);
#2669 = LINE('',#2670,#2671);
#2670 = CARTESIAN_POINT('',(6.28318530718,0.));
#2671 = VECTOR('',#2672,1.);
#2672 = DIRECTION('',(0.,1.));
#2673 = ( GEOMETRIC_REPRESENTATION_CONTEXT(2) 
PARAMETRIC_REPRESENTATION_CONTEXT() REPRESENTATION_CONTEXT('2D SPACE',''
  ) );
#2674 = ORIENTED_EDGE('',*,*,#2590,.F.);
#2675 = ORIENTED_EDGE('',*,*,#2654,.F.);
#2676 = ADVANCED_FACE('',(#2677,#2712),#2638,.T.);
#2677 = FACE_BOUND('',#2678,.T.);
#2678 = EDGE_LOOP('',(#2679));
#2679 = ORIENTED_EDGE('',*,*,#2680,.T.);
#2680 = EDGE_CURVE('',#2681,#2681,#2683,.T.);
#2681 = VERTEX_POINT('',#2682);
#2682 = CARTESIAN_POINT('',(-71.5449142456,-90.1910383619,0.));
#2683 = SURFACE_CURVE('',#2684,(#2689,#2700),.PCURVE_S1.);
#2684 = CIRCLE('',#2685,8.5);
#2685 = AXIS2_PLACEMENT_3D('',#2686,#2687,#2688);
#2686 = CARTESIAN_POINT('',(-63.0449142456,-90.1910383619,0.));
#2687 = DIRECTION('',(2.449212707645E-16,1.,0.));
#2688 = DIRECTION('',(-1.,2.449212707645E-16,0.));
#2689 = PCURVE('',#2638,#2690);
#2690 = DEFINITIONAL_REPRESENTATION('',(#2691),#2699);
#2691 = ( BOUNDED_CURVE() B_SPLINE_CURVE(2,(#2692,#2693,#2694,#2695,
#2696,#2697,#2698),.UNSPECIFIED.,.T.,.F.) B_SPLINE_CURVE_WITH_KNOTS((1,2
    ,2,2,2,1),(-2.094395102393,0.,2.094395102393,4.188790204786,
6.28318530718,8.377580409573),.UNSPECIFIED.) CURVE() 
GEOMETRIC_REPRESENTATION_ITEM() RATIONAL_B_SPLINE_CURVE((1.,0.5,1.,0.5,
1.,0.5,1.)) REPRESENTATION_ITEM('') );
#2692 = CARTESIAN_POINT('',(-8.5,0.));
#2693 = CARTESIAN_POINT('',(-8.5,14.722431864336));
#2694 = CARTESIAN_POINT('',(4.25,7.361215932168));
#2695 = CARTESIAN_POINT('',(17.000000000001,2.081899558551E-15));
#2696 = CARTESIAN_POINT('',(4.25,-7.361215932168));
#2697 = CARTESIAN_POINT('',(-8.5,-14.72243186433));
#2698 = CARTESIAN_POINT('',(-8.5,0.));
#2699 = ( GEOMETRIC_REPRESENTATION_CONTEXT(2) 
PARAMETRIC_REPRESENTATION_CONTEXT() REPRESENTATION_CONTEXT('2D SPACE',''
  ) );
#2700 = PCURVE('',#2701,#2706);
#2701 = CYLINDRICAL_SURFACE('',#2702,8.5);
#2702 = AXIS2_PLACEMENT_3D('',#2703,#2704,#2705);
#2703 = CARTESIAN_POINT('',(-63.0449142456,-87.18671417236,0.));
#2704 = DIRECTION('',(-2.449212707645E-16,-1.,0.));
#2705 = DIRECTION('',(-1.,2.449212707645E-16,0.));
#2706 = DEFINITIONAL_REPRESENTATION('',(#2707),#2711);
#2707 = LINE('',#2708,#2709);
#2708 = CARTESIAN_POINT('',(-0.,3.004324189543));
#2709 = VECTOR('',#2710,1.);
#2710 = DIRECTION('',(-1.,0.));
#2711 = ( GEOMETRIC_REPRESENTATION_CONTEXT(2) 
PARAMETRIC_REPRESENTATION_CONTEXT() REPRESENTATION_CONTEXT('2D SPACE',''
  ) );
#2712 = FACE_BOUND('',#2713,.T.);
#2713 = EDGE_LOOP('',(#2714));
#2714 = ORIENTED_EDGE('',*,*,#2621,.F.);
#2715 = ADVANCED_FACE('',(#2716),#2701,.F.);
#2716 = FACE_BOUND('',#2717,.T.);
#2717 = EDGE_LOOP('',(#2718,#2751,#2772,#2773));
#2718 = ORIENTED_EDGE('',*,*,#2719,.T.);
#2719 = EDGE_CURVE('',#2720,#2720,#2722,.T.);
#2720 = VERTEX_POINT('',#2721);
#2721 = CARTESIAN_POINT('',(-71.5449142456,-88.6910383619,0.));
#2722 = SURFACE_CURVE('',#2723,(#2728,#2735),.PCURVE_S1.);
#2723 = CIRCLE('',#2724,8.5);
#2724 = AXIS2_PLACEMENT_3D('',#2725,#2726,#2727);
#2725 = CARTESIAN_POINT('',(-63.0449142456,-88.6910383619,0.));
#2726 = DIRECTION('',(2.449212707645E-16,1.,0.));
#2727 = DIRECTION('',(-1.,2.449212707645E-16,0.));
#2728 = PCURVE('',#2701,#2729);
#2729 = DEFINITIONAL_REPRESENTATION('',(#2730),#2734);
#2730 = LINE('',#2731,#2732);
#2731 = CARTESIAN_POINT('',(-0.,1.504324189543));
#2732 = VECTOR('',#2733,1.);
#2733 = DIRECTION('',(-1.,0.));
#2734 = ( GEOMETRIC_REPRESENTATION_CONTEXT(2) 
PARAMETRIC_REPRESENTATION_CONTEXT() REPRESENTATION_CONTEXT('2D SPACE',''
  ) );
#2735 = PCURVE('',#2736,#2741);
#2736 = PLANE('',#2737);
#2737 = AXIS2_PLACEMENT_3D('',#2738,#2739,#2740);
#2738 = CARTESIAN_POINT('',(-63.0449142456,-88.6910383619,0.));
#2739 = DIRECTION('',(-2.449212707645E-16,-1.,0.));
#2740 = DIRECTION('',(1.,-2.449212707645E-16,-0.));
#2741 = DEFINITIONAL_REPRESENTATION('',(#2742),#2750);
#2742 = ( BOUNDED_CURVE() B_SPLINE_CURVE(2,(#2743,#2744,#2745,#2746,
#2747,#2748,#2749),.UNSPECIFIED.,.T.,.F.) B_SPLINE_CURVE_WITH_KNOTS((1,2
    ,2,2,2,1),(-2.094395102393,0.,2.094395102393,4.188790204786,
6.28318530718,8.377580409573),.UNSPECIFIED.) CURVE() 
GEOMETRIC_REPRESENTATION_ITEM() RATIONAL_B_SPLINE_CURVE((1.,0.5,1.,0.5,
1.,0.5,1.)) REPRESENTATION_ITEM('') );
#2743 = CARTESIAN_POINT('',(-8.5,0.));
#2744 = CARTESIAN_POINT('',(-8.5,14.722431864336));
#2745 = CARTESIAN_POINT('',(4.25,7.361215932168));
#2746 = CARTESIAN_POINT('',(17.000000000001,2.081899558551E-15));
#2747 = CARTESIAN_POINT('',(4.25,-7.361215932168));
#2748 = CARTESIAN_POINT('',(-8.5,-14.72243186433));
#2749 = CARTESIAN_POINT('',(-8.5,0.));
#2750 = ( GEOMETRIC_REPRESENTATION_CONTEXT(2) 
PARAMETRIC_REPRESENTATION_CONTEXT() REPRESENTATION_CONTEXT('2D SPACE',''
  ) );
#2751 = ORIENTED_EDGE('',*,*,#2752,.T.);
#2752 = EDGE_CURVE('',#2720,#2681,#2753,.T.);
#2753 = SEAM_CURVE('',#2754,(#2758,#2765),.PCURVE_S1.);
#2754 = LINE('',#2755,#2756);
#2755 = CARTESIAN_POINT('',(-71.5449142456,-87.18671417236,0.));
#2756 = VECTOR('',#2757,1.);
#2757 = DIRECTION('',(7.149051953565E-31,-1.,0.));
#2758 = PCURVE('',#2701,#2759);
#2759 = DEFINITIONAL_REPRESENTATION('',(#2760),#2764);
#2760 = LINE('',#2761,#2762);
#2761 = CARTESIAN_POINT('',(-0.,0.));
#2762 = VECTOR('',#2763,1.);
#2763 = DIRECTION('',(-0.,1.));
#2764 = ( GEOMETRIC_REPRESENTATION_CONTEXT(2) 
PARAMETRIC_REPRESENTATION_CONTEXT() REPRESENTATION_CONTEXT('2D SPACE',''
  ) );
#2765 = PCURVE('',#2701,#2766);
#2766 = DEFINITIONAL_REPRESENTATION('',(#2767),#2771);
#2767 = LINE('',#2768,#2769);
#2768 = CARTESIAN_POINT('',(-6.28318530718,0.));
#2769 = VECTOR('',#2770,1.);
#2770 = DIRECTION('',(-0.,1.));
#2771 = ( GEOMETRIC_REPRESENTATION_CONTEXT(2) 
PARAMETRIC_REPRESENTATION_CONTEXT() REPRESENTATION_CONTEXT('2D SPACE',''
  ) );
#2772 = ORIENTED_EDGE('',*,*,#2680,.F.);
#2773 = ORIENTED_EDGE('',*,*,#2752,.F.);
#2774 = ADVANCED_FACE('',(#2775,#2810),#2736,.F.);
#2775 = FACE_BOUND('',#2776,.T.);
#2776 = EDGE_LOOP('',(#2777));
#2777 = ORIENTED_EDGE('',*,*,#2778,.T.);
#2778 = EDGE_CURVE('',#2779,#2779,#2781,.T.);
#2779 = VERTEX_POINT('',#2780);
#2780 = CARTESIAN_POINT('',(-77.0449142456,-88.6910383619,0.));
#2781 = SURFACE_CURVE('',#2782,(#2787,#2798),.PCURVE_S1.);
#2782 = CIRCLE('',#2783,14.);
#2783 = AXIS2_PLACEMENT_3D('',#2784,#2785,#2786);
#2784 = CARTESIAN_POINT('',(-63.0449142456,-88.6910383619,0.));
#2785 = DIRECTION('',(2.449212707645E-16,1.,0.));
#2786 = DIRECTION('',(-1.,2.449212707645E-16,0.));
#2787 = PCURVE('',#2736,#2788);
#2788 = DEFINITIONAL_REPRESENTATION('',(#2789),#2797);
#2789 = ( BOUNDED_CURVE() B_SPLINE_CURVE(2,(#2790,#2791,#2792,#2793,
#2794,#2795,#2796),.UNSPECIFIED.,.T.,.F.) B_SPLINE_CURVE_WITH_KNOTS((1,2
    ,2,2,2,1),(-2.094395102393,0.,2.094395102393,4.188790204786,
6.28318530718,8.377580409573),.UNSPECIFIED.) CURVE() 
GEOMETRIC_REPRESENTATION_ITEM() RATIONAL_B_SPLINE_CURVE((1.,0.5,1.,0.5,
1.,0.5,1.)) REPRESENTATION_ITEM('') );
#2790 = CARTESIAN_POINT('',(-14.,0.));
#2791 = CARTESIAN_POINT('',(-14.,24.248711305965));
#2792 = CARTESIAN_POINT('',(7.,12.124355652982));
#2793 = CARTESIAN_POINT('',(28.000000000001,3.429011037613E-15));
#2794 = CARTESIAN_POINT('',(7.,-12.12435565298));
#2795 = CARTESIAN_POINT('',(-14.,-24.24871130596));
#2796 = CARTESIAN_POINT('',(-14.,0.));
#2797 = ( GEOMETRIC_REPRESENTATION_CONTEXT(2) 
PARAMETRIC_REPRESENTATION_CONTEXT() REPRESENTATION_CONTEXT('2D SPACE',''
  ) );
#2798 = PCURVE('',#2799,#2804);
#2799 = CYLINDRICAL_SURFACE('',#2800,14.);
#2800 = AXIS2_PLACEMENT_3D('',#2801,#2802,#2803);
#2801 = CARTESIAN_POINT('',(-63.0449142456,-78.02014160156,0.));
#2802 = DIRECTION('',(-2.449212707645E-16,-1.,0.));
#2803 = DIRECTION('',(-1.,2.449212707645E-16,0.));
#2804 = DEFINITIONAL_REPRESENTATION('',(#2805),#2809);
#2805 = LINE('',#2806,#2807);
#2806 = CARTESIAN_POINT('',(-0.,10.670896760344));
#2807 = VECTOR('',#2808,1.);
#2808 = DIRECTION('',(-1.,0.));
#2809 = ( GEOMETRIC_REPRESENTATION_CONTEXT(2) 
PARAMETRIC_REPRESENTATION_CONTEXT() REPRESENTATION_CONTEXT('2D SPACE',''
  ) );
#2810 = FACE_BOUND('',#2811,.T.);
#2811 = EDGE_LOOP('',(#2812));
#2812 = ORIENTED_EDGE('',*,*,#2719,.F.);
#2813 = ADVANCED_FACE('',(#2814),#2799,.F.);
#2814 = FACE_BOUND('',#2815,.T.);
#2815 = EDGE_LOOP('',(#2816,#2845,#2866,#2867));
#2816 = ORIENTED_EDGE('',*,*,#2817,.T.);
#2817 = EDGE_CURVE('',#2818,#2818,#2820,.T.);
#2818 = VERTEX_POINT('',#2819);
#2819 = CARTESIAN_POINT('',(-77.0449142456,-84.6910383619,0.));
#2820 = SURFACE_CURVE('',#2821,(#2826,#2833),.PCURVE_S1.);
#2821 = CIRCLE('',#2822,14.);
#2822 = AXIS2_PLACEMENT_3D('',#2823,#2824,#2825);
#2823 = CARTESIAN_POINT('',(-63.0449142456,-84.6910383619,0.));
#2824 = DIRECTION('',(2.449212707645E-16,1.,0.));
#2825 = DIRECTION('',(-1.,2.449212707645E-16,0.));
#2826 = PCURVE('',#2799,#2827);
#2827 = DEFINITIONAL_REPRESENTATION('',(#2828),#2832);
#2828 = LINE('',#2829,#2830);
#2829 = CARTESIAN_POINT('',(-0.,6.670896760344));
#2830 = VECTOR('',#2831,1.);
#2831 = DIRECTION('',(-1.,0.));
#2832 = ( GEOMETRIC_REPRESENTATION_CONTEXT(2) 
PARAMETRIC_REPRESENTATION_CONTEXT() REPRESENTATION_CONTEXT('2D SPACE',''
  ) );
#2833 = PCURVE('',#2834,#2839);
#2834 = PLANE('',#2835);
#2835 = AXIS2_PLACEMENT_3D('',#2836,#2837,#2838);
#2836 = CARTESIAN_POINT('',(-63.0449142456,-84.6910383619,0.));
#2837 = DIRECTION('',(2.449212707645E-16,1.,0.));
#2838 = DIRECTION('',(-1.,2.449212707645E-16,0.));
#2839 = DEFINITIONAL_REPRESENTATION('',(#2840),#2844);
#2840 = CIRCLE('',#2841,14.);
#2841 = AXIS2_PLACEMENT_2D('',#2842,#2843);
#2842 = CARTESIAN_POINT('',(0.,0.));
#2843 = DIRECTION('',(1.,0.));
#2844 = ( GEOMETRIC_REPRESENTATION_CONTEXT(2) 
PARAMETRIC_REPRESENTATION_CONTEXT() REPRESENTATION_CONTEXT('2D SPACE',''
  ) );
#2845 = ORIENTED_EDGE('',*,*,#2846,.T.);
#2846 = EDGE_CURVE('',#2818,#2779,#2847,.T.);
#2847 = SEAM_CURVE('',#2848,(#2852,#2859),.PCURVE_S1.);
#2848 = LINE('',#2849,#2850);
#2849 = CARTESIAN_POINT('',(-77.0449142456,-78.02014160156,0.));
#2850 = VECTOR('',#2851,1.);
#2851 = DIRECTION('',(-2.449212707645E-16,-1.,0.));
#2852 = PCURVE('',#2799,#2853);
#2853 = DEFINITIONAL_REPRESENTATION('',(#2854),#2858);
#2854 = LINE('',#2855,#2856);
#2855 = CARTESIAN_POINT('',(-0.,0.));
#2856 = VECTOR('',#2857,1.);
#2857 = DIRECTION('',(-0.,1.));
#2858 = ( GEOMETRIC_REPRESENTATION_CONTEXT(2) 
PARAMETRIC_REPRESENTATION_CONTEXT() REPRESENTATION_CONTEXT('2D SPACE',''
  ) );
#2859 = PCURVE('',#2799,#2860);
#2860 = DEFINITIONAL_REPRESENTATION('',(#2861),#2865);
#2861 = LINE('',#2862,#2863);
#2862 = CARTESIAN_POINT('',(-6.28318530718,0.));
#2863 = VECTOR('',#2864,1.);
#2864 = DIRECTION('',(-0.,1.));
#2865 = ( GEOMETRIC_REPRESENTATION_CONTEXT(2) 
PARAMETRIC_REPRESENTATION_CONTEXT() REPRESENTATION_CONTEXT('2D SPACE',''
  ) );
#2866 = ORIENTED_EDGE('',*,*,#2778,.F.);
#2867 = ORIENTED_EDGE('',*,*,#2846,.F.);
#2868 = ADVANCED_FACE('',(#2869,#2900),#2834,.T.);
#2869 = FACE_BOUND('',#2870,.T.);
#2870 = EDGE_LOOP('',(#2871));
#2871 = ORIENTED_EDGE('',*,*,#2872,.T.);
#2872 = EDGE_CURVE('',#2873,#2873,#2875,.T.);
#2873 = VERTEX_POINT('',#2874);
#2874 = CARTESIAN_POINT('',(-78.5449142456,-84.6910383619,0.));
#2875 = SURFACE_CURVE('',#2876,(#2881,#2888),.PCURVE_S1.);
#2876 = CIRCLE('',#2877,15.5);
#2877 = AXIS2_PLACEMENT_3D('',#2878,#2879,#2880);
#2878 = CARTESIAN_POINT('',(-63.0449142456,-84.6910383619,0.));
#2879 = DIRECTION('',(2.449212707645E-16,1.,0.));
#2880 = DIRECTION('',(-1.,2.449212707645E-16,0.));
#2881 = PCURVE('',#2834,#2882);
#2882 = DEFINITIONAL_REPRESENTATION('',(#2883),#2887);
#2883 = CIRCLE('',#2884,15.5);
#2884 = AXIS2_PLACEMENT_2D('',#2885,#2886);
#2885 = CARTESIAN_POINT('',(0.,0.));
#2886 = DIRECTION('',(1.,0.));
#2887 = ( GEOMETRIC_REPRESENTATION_CONTEXT(2) 
PARAMETRIC_REPRESENTATION_CONTEXT() REPRESENTATION_CONTEXT('2D SPACE',''
  ) );
#2888 = PCURVE('',#2889,#2894);
#2889 = TOROIDAL_SURFACE('',#2890,15.5,1.5);
#2890 = AXIS2_PLACEMENT_3D('',#2891,#2892,#2893);
#2891 = CARTESIAN_POINT('',(-63.0449142456,-83.1910383619,0.));
#2892 = DIRECTION('',(-2.449212707645E-16,-1.,0.));
#2893 = DIRECTION('',(-1.,2.449212707645E-16,0.));
#2894 = DEFINITIONAL_REPRESENTATION('',(#2895),#2899);
#2895 = LINE('',#2896,#2897);
#2896 = CARTESIAN_POINT('',(-0.,7.853981633974));
#2897 = VECTOR('',#2898,1.);
#2898 = DIRECTION('',(-1.,0.));
#2899 = ( GEOMETRIC_REPRESENTATION_CONTEXT(2) 
PARAMETRIC_REPRESENTATION_CONTEXT() REPRESENTATION_CONTEXT('2D SPACE',''
  ) );
#2900 = FACE_BOUND('',#2901,.T.);
#2901 = EDGE_LOOP('',(#2902));
#2902 = ORIENTED_EDGE('',*,*,#2817,.F.);
#2903 = ADVANCED_FACE('',(#2904),#2889,.F.);
#2904 = FACE_BOUND('',#2905,.T.);
#2905 = EDGE_LOOP('',(#2906,#2939,#2961,#2962));
#2906 = ORIENTED_EDGE('',*,*,#2907,.T.);
#2907 = EDGE_CURVE('',#2908,#2908,#2910,.T.);
#2908 = VERTEX_POINT('',#2909);
#2909 = CARTESIAN_POINT('',(-78.5449142456,-81.6910383619,0.));
#2910 = SURFACE_CURVE('',#2911,(#2916,#2923),.PCURVE_S1.);
#2911 = CIRCLE('',#2912,15.5);
#2912 = AXIS2_PLACEMENT_3D('',#2913,#2914,#2915);
#2913 = CARTESIAN_POINT('',(-63.0449142456,-81.6910383619,0.));
#2914 = DIRECTION('',(2.449212707645E-16,1.,0.));
#2915 = DIRECTION('',(-1.,2.449212707645E-16,0.));
#2916 = PCURVE('',#2889,#2917);
#2917 = DEFINITIONAL_REPRESENTATION('',(#2918),#2922);
#2918 = LINE('',#2919,#2920);
#2919 = CARTESIAN_POINT('',(-0.,4.712388980385));
#2920 = VECTOR('',#2921,1.);
#2921 = DIRECTION('',(-1.,0.));
#2922 = ( GEOMETRIC_REPRESENTATION_CONTEXT(2) 
PARAMETRIC_REPRESENTATION_CONTEXT() REPRESENTATION_CONTEXT('2D SPACE',''
  ) );
#2923 = PCURVE('',#2924,#2929);
#2924 = PLANE('',#2925);
#2925 = AXIS2_PLACEMENT_3D('',#2926,#2927,#2928);
#2926 = CARTESIAN_POINT('',(-63.0449142456,-81.6910383619,0.));
#2927 = DIRECTION('',(-2.449212707645E-16,-1.,0.));
#2928 = DIRECTION('',(1.,-2.449212707645E-16,0.));
#2929 = DEFINITIONAL_REPRESENTATION('',(#2930),#2938);
#2930 = ( BOUNDED_CURVE() B_SPLINE_CURVE(2,(#2931,#2932,#2933,#2934,
#2935,#2936,#2937),.UNSPECIFIED.,.T.,.F.) B_SPLINE_CURVE_WITH_KNOTS((1,2
    ,2,2,2,1),(-2.094395102393,0.,2.094395102393,4.188790204786,
6.28318530718,8.377580409573),.UNSPECIFIED.) CURVE() 
GEOMETRIC_REPRESENTATION_ITEM() RATIONAL_B_SPLINE_CURVE((1.,0.5,1.,0.5,
1.,0.5,1.)) REPRESENTATION_ITEM('') );
#2931 = CARTESIAN_POINT('',(-15.5,0.));
#2932 = CARTESIAN_POINT('',(-15.5,26.846787517318));
#2933 = CARTESIAN_POINT('',(7.75,13.423393758659));
#2934 = CARTESIAN_POINT('',(31.000000000001,3.796405077357E-15));
#2935 = CARTESIAN_POINT('',(7.75,-13.42339375865));
#2936 = CARTESIAN_POINT('',(-15.5,-26.84678751731));
#2937 = CARTESIAN_POINT('',(-15.5,0.));
#2938 = ( GEOMETRIC_REPRESENTATION_CONTEXT(2) 
PARAMETRIC_REPRESENTATION_CONTEXT() REPRESENTATION_CONTEXT('2D SPACE',''
  ) );
#2939 = ORIENTED_EDGE('',*,*,#2940,.T.);
#2940 = EDGE_CURVE('',#2908,#2873,#2941,.T.);
#2941 = SEAM_CURVE('',#2942,(#2947,#2954),.PCURVE_S1.);
#2942 = CIRCLE('',#2943,1.5);
#2943 = AXIS2_PLACEMENT_3D('',#2944,#2945,#2946);
#2944 = CARTESIAN_POINT('',(-78.5449142456,-83.1910383619,0.));
#2945 = DIRECTION('',(0.,0.,1.));
#2946 = DIRECTION('',(1.,0.,-0.));
#2947 = PCURVE('',#2889,#2948);
#2948 = DEFINITIONAL_REPRESENTATION('',(#2949),#2953);
#2949 = LINE('',#2950,#2951);
#2950 = CARTESIAN_POINT('',(-0.,3.14159265359));
#2951 = VECTOR('',#2952,1.);
#2952 = DIRECTION('',(-0.,1.));
#2953 = ( GEOMETRIC_REPRESENTATION_CONTEXT(2) 
PARAMETRIC_REPRESENTATION_CONTEXT() REPRESENTATION_CONTEXT('2D SPACE',''
  ) );
#2954 = PCURVE('',#2889,#2955);
#2955 = DEFINITIONAL_REPRESENTATION('',(#2956),#2960);
#2956 = LINE('',#2957,#2958);
#2957 = CARTESIAN_POINT('',(-6.28318530718,3.14159265359));
#2958 = VECTOR('',#2959,1.);
#2959 = DIRECTION('',(-0.,1.));
#2960 = ( GEOMETRIC_REPRESENTATION_CONTEXT(2) 
PARAMETRIC_REPRESENTATION_CONTEXT() REPRESENTATION_CONTEXT('2D SPACE',''
  ) );
#2961 = ORIENTED_EDGE('',*,*,#2872,.F.);
#2962 = ORIENTED_EDGE('',*,*,#2940,.F.);
#2963 = ADVANCED_FACE('',(#2964,#2999),#2924,.T.);
#2964 = FACE_BOUND('',#2965,.T.);
#2965 = EDGE_LOOP('',(#2966));
#2966 = ORIENTED_EDGE('',*,*,#2967,.T.);
#2967 = EDGE_CURVE('',#2968,#2968,#2970,.T.);
#2968 = VERTEX_POINT('',#2969);
#2969 = CARTESIAN_POINT('',(-77.0449142456,-81.6910383619,0.));
#2970 = SURFACE_CURVE('',#2971,(#2976,#2987),.PCURVE_S1.);
#2971 = CIRCLE('',#2972,14.);
#2972 = AXIS2_PLACEMENT_3D('',#2973,#2974,#2975);
#2973 = CARTESIAN_POINT('',(-63.0449142456,-81.6910383619,0.));
#2974 = DIRECTION('',(2.449212707645E-16,1.,0.));
#2975 = DIRECTION('',(-1.,2.449212707645E-16,0.));
#2976 = PCURVE('',#2924,#2977);
#2977 = DEFINITIONAL_REPRESENTATION('',(#2978),#2986);
#2978 = ( BOUNDED_CURVE() B_SPLINE_CURVE(2,(#2979,#2980,#2981,#2982,
#2983,#2984,#2985),.UNSPECIFIED.,.T.,.F.) B_SPLINE_CURVE_WITH_KNOTS((1,2
    ,2,2,2,1),(-2.094395102393,0.,2.094395102393,4.188790204786,
6.28318530718,8.377580409573),.UNSPECIFIED.) CURVE() 
GEOMETRIC_REPRESENTATION_ITEM() RATIONAL_B_SPLINE_CURVE((1.,0.5,1.,0.5,
1.,0.5,1.)) REPRESENTATION_ITEM('') );
#2979 = CARTESIAN_POINT('',(-14.,0.));
#2980 = CARTESIAN_POINT('',(-14.,24.248711305965));
#2981 = CARTESIAN_POINT('',(7.,12.124355652982));
#2982 = CARTESIAN_POINT('',(28.000000000001,3.429011037613E-15));
#2983 = CARTESIAN_POINT('',(7.,-12.12435565298));
#2984 = CARTESIAN_POINT('',(-14.,-24.24871130596));
#2985 = CARTESIAN_POINT('',(-14.,0.));
#2986 = ( GEOMETRIC_REPRESENTATION_CONTEXT(2) 
PARAMETRIC_REPRESENTATION_CONTEXT() REPRESENTATION_CONTEXT('2D SPACE',''
  ) );
#2987 = PCURVE('',#2988,#2993);
#2988 = CYLINDRICAL_SURFACE('',#2989,14.);
#2989 = AXIS2_PLACEMENT_3D('',#2990,#2991,#2992);
#2990 = CARTESIAN_POINT('',(-63.0449142456,-78.02014160156,0.));
#2991 = DIRECTION('',(-2.449212707645E-16,-1.,0.));
#2992 = DIRECTION('',(-1.,2.449212707645E-16,0.));
#2993 = DEFINITIONAL_REPRESENTATION('',(#2994),#2998);
#2994 = LINE('',#2995,#2996);
#2995 = CARTESIAN_POINT('',(-0.,3.670896760344));
#2996 = VECTOR('',#2997,1.);
#2997 = DIRECTION('',(-1.,0.));
#2998 = ( GEOMETRIC_REPRESENTATION_CONTEXT(2) 
PARAMETRIC_REPRESENTATION_CONTEXT() REPRESENTATION_CONTEXT('2D SPACE',''
  ) );
#2999 = FACE_BOUND('',#3000,.T.);
#3000 = EDGE_LOOP('',(#3001));
#3001 = ORIENTED_EDGE('',*,*,#2907,.F.);
#3002 = ADVANCED_FACE('',(#3003),#2988,.F.);
#3003 = FACE_BOUND('',#3004,.T.);
#3004 = EDGE_LOOP('',(#3005,#3038,#3059,#3060));
#3005 = ORIENTED_EDGE('',*,*,#3006,.T.);
#3006 = EDGE_CURVE('',#3007,#3007,#3009,.T.);
#3007 = VERTEX_POINT('',#3008);
#3008 = CARTESIAN_POINT('',(-77.0449142456,-77.6910383619,0.));
#3009 = SURFACE_CURVE('',#3010,(#3015,#3022),.PCURVE_S1.);
#3010 = CIRCLE('',#3011,14.);
#3011 = AXIS2_PLACEMENT_3D('',#3012,#3013,#3014);
#3012 = CARTESIAN_POINT('',(-63.0449142456,-77.6910383619,0.));
#3013 = DIRECTION('',(2.449212707645E-16,1.,0.));
#3014 = DIRECTION('',(-1.,2.449212707645E-16,0.));
#3015 = PCURVE('',#2988,#3016);
#3016 = DEFINITIONAL_REPRESENTATION('',(#3017),#3021);
#3017 = LINE('',#3018,#3019);
#3018 = CARTESIAN_POINT('',(-0.,-0.329103239656));
#3019 = VECTOR('',#3020,1.);
#3020 = DIRECTION('',(-1.,0.));
#3021 = ( GEOMETRIC_REPRESENTATION_CONTEXT(2) 
PARAMETRIC_REPRESENTATION_CONTEXT() REPRESENTATION_CONTEXT('2D SPACE',''
  ) );
#3022 = PCURVE('',#3023,#3028);
#3023 = PLANE('',#3024);
#3024 = AXIS2_PLACEMENT_3D('',#3025,#3026,#3027);
#3025 = CARTESIAN_POINT('',(-63.0449142456,-77.6910383619,0.));
#3026 = DIRECTION('',(-2.449212707645E-16,-1.,0.));
#3027 = DIRECTION('',(1.,-2.449212707645E-16,0.));
#3028 = DEFINITIONAL_REPRESENTATION('',(#3029),#3037);
#3029 = ( BOUNDED_CURVE() B_SPLINE_CURVE(2,(#3030,#3031,#3032,#3033,
#3034,#3035,#3036),.UNSPECIFIED.,.T.,.F.) B_SPLINE_CURVE_WITH_KNOTS((1,2
    ,2,2,2,1),(-2.094395102393,0.,2.094395102393,4.188790204786,
6.28318530718,8.377580409573),.UNSPECIFIED.) CURVE() 
GEOMETRIC_REPRESENTATION_ITEM() RATIONAL_B_SPLINE_CURVE((1.,0.5,1.,0.5,
1.,0.5,1.)) REPRESENTATION_ITEM('') );
#3030 = CARTESIAN_POINT('',(-14.,0.));
#3031 = CARTESIAN_POINT('',(-14.,24.248711305965));
#3032 = CARTESIAN_POINT('',(7.,12.124355652982));
#3033 = CARTESIAN_POINT('',(28.000000000001,3.429011037613E-15));
#3034 = CARTESIAN_POINT('',(7.,-12.12435565298));
#3035 = CARTESIAN_POINT('',(-14.,-24.24871130596));
#3036 = CARTESIAN_POINT('',(-14.,0.));
#3037 = ( GEOMETRIC_REPRESENTATION_CONTEXT(2) 
PARAMETRIC_REPRESENTATION_CONTEXT() REPRESENTATION_CONTEXT('2D SPACE',''
  ) );
#3038 = ORIENTED_EDGE('',*,*,#3039,.T.);
#3039 = EDGE_CURVE('',#3007,#2968,#3040,.T.);
#3040 = SEAM_CURVE('',#3041,(#3045,#3052),.PCURVE_S1.);
#3041 = LINE('',#3042,#3043);
#3042 = CARTESIAN_POINT('',(-77.0449142456,-78.02014160156,0.));
#3043 = VECTOR('',#3044,1.);
#3044 = DIRECTION('',(-2.449212707645E-16,-1.,0.));
#3045 = PCURVE('',#2988,#3046);
#3046 = DEFINITIONAL_REPRESENTATION('',(#3047),#3051);
#3047 = LINE('',#3048,#3049);
#3048 = CARTESIAN_POINT('',(-0.,0.));
#3049 = VECTOR('',#3050,1.);
#3050 = DIRECTION('',(-0.,1.));
#3051 = ( GEOMETRIC_REPRESENTATION_CONTEXT(2) 
PARAMETRIC_REPRESENTATION_CONTEXT() REPRESENTATION_CONTEXT('2D SPACE',''
  ) );
#3052 = PCURVE('',#2988,#3053);
#3053 = DEFINITIONAL_REPRESENTATION('',(#3054),#3058);
#3054 = LINE('',#3055,#3056);
#3055 = CARTESIAN_POINT('',(-6.28318530718,0.));
#3056 = VECTOR('',#3057,1.);
#3057 = DIRECTION('',(-0.,1.));
#3058 = ( GEOMETRIC_REPRESENTATION_CONTEXT(2) 
PARAMETRIC_REPRESENTATION_CONTEXT() REPRESENTATION_CONTEXT('2D SPACE',''
  ) );
#3059 = ORIENTED_EDGE('',*,*,#2967,.F.);
#3060 = ORIENTED_EDGE('',*,*,#3039,.F.);
#3061 = ADVANCED_FACE('',(#3062,#3092),#3023,.T.);
#3062 = FACE_BOUND('',#3063,.T.);
#3063 = EDGE_LOOP('',(#3064));
#3064 = ORIENTED_EDGE('',*,*,#3065,.T.);
#3065 = EDGE_CURVE('',#3066,#3066,#3068,.T.);
#3066 = VERTEX_POINT('',#3067);
#3067 = CARTESIAN_POINT('',(-71.5449142456,-77.6910383619,0.));
#3068 = SURFACE_CURVE('',#3069,(#3074,#3085),.PCURVE_S1.);
#3069 = CIRCLE('',#3070,8.5);
#3070 = AXIS2_PLACEMENT_3D('',#3071,#3072,#3073);
#3071 = CARTESIAN_POINT('',(-63.0449142456,-77.6910383619,0.));
#3072 = DIRECTION('',(2.449212707645E-16,1.,0.));
#3073 = DIRECTION('',(-1.,2.449212707645E-16,0.));
#3074 = PCURVE('',#3023,#3075);
#3075 = DEFINITIONAL_REPRESENTATION('',(#3076),#3084);
#3076 = ( BOUNDED_CURVE() B_SPLINE_CURVE(2,(#3077,#3078,#3079,#3080,
#3081,#3082,#3083),.UNSPECIFIED.,.T.,.F.) B_SPLINE_CURVE_WITH_KNOTS((1,2
    ,2,2,2,1),(-2.094395102393,0.,2.094395102393,4.188790204786,
6.28318530718,8.377580409573),.UNSPECIFIED.) CURVE() 
GEOMETRIC_REPRESENTATION_ITEM() RATIONAL_B_SPLINE_CURVE((1.,0.5,1.,0.5,
1.,0.5,1.)) REPRESENTATION_ITEM('') );
#3077 = CARTESIAN_POINT('',(-8.5,0.));
#3078 = CARTESIAN_POINT('',(-8.5,14.722431864336));
#3079 = CARTESIAN_POINT('',(4.25,7.361215932168));
#3080 = CARTESIAN_POINT('',(17.000000000001,2.081899558551E-15));
#3081 = CARTESIAN_POINT('',(4.25,-7.361215932168));
#3082 = CARTESIAN_POINT('',(-8.5,-14.72243186433));
#3083 = CARTESIAN_POINT('',(-8.5,0.));
#3084 = ( GEOMETRIC_REPRESENTATION_CONTEXT(2) 
PARAMETRIC_REPRESENTATION_CONTEXT() REPRESENTATION_CONTEXT('2D SPACE',''
  ) );
#3085 = PCURVE('',#2495,#3086);
#3086 = DEFINITIONAL_REPRESENTATION('',(#3087),#3091);
#3087 = LINE('',#3088,#3089);
#3088 = CARTESIAN_POINT('',(-0.,-9.495675810457));
#3089 = VECTOR('',#3090,1.);
#3090 = DIRECTION('',(-1.,0.));
#3091 = ( GEOMETRIC_REPRESENTATION_CONTEXT(2) 
PARAMETRIC_REPRESENTATION_CONTEXT() REPRESENTATION_CONTEXT('2D SPACE',''
  ) );
#3092 = FACE_BOUND('',#3093,.T.);
#3093 = EDGE_LOOP('',(#3094));
#3094 = ORIENTED_EDGE('',*,*,#3006,.F.);
#3095 = ADVANCED_FACE('',(#3096),#2495,.F.);
#3096 = FACE_BOUND('',#3097,.T.);
#3097 = EDGE_LOOP('',(#3098,#3099,#3120,#3121));
#3098 = ORIENTED_EDGE('',*,*,#2474,.T.);
#3099 = ORIENTED_EDGE('',*,*,#3100,.T.);
#3100 = EDGE_CURVE('',#2475,#3066,#3101,.T.);
#3101 = SEAM_CURVE('',#3102,(#3106,#3113),.PCURVE_S1.);
#3102 = LINE('',#3103,#3104);
#3103 = CARTESIAN_POINT('',(-71.5449142456,-87.18671417236,0.));
#3104 = VECTOR('',#3105,1.);
#3105 = DIRECTION('',(7.149051953565E-31,-1.,0.));
#3106 = PCURVE('',#2495,#3107);
#3107 = DEFINITIONAL_REPRESENTATION('',(#3108),#3112);
#3108 = LINE('',#3109,#3110);
#3109 = CARTESIAN_POINT('',(-0.,0.));
#3110 = VECTOR('',#3111,1.);
#3111 = DIRECTION('',(-0.,1.));
#3112 = ( GEOMETRIC_REPRESENTATION_CONTEXT(2) 
PARAMETRIC_REPRESENTATION_CONTEXT() REPRESENTATION_CONTEXT('2D SPACE',''
  ) );
#3113 = PCURVE('',#2495,#3114);
#3114 = DEFINITIONAL_REPRESENTATION('',(#3115),#3119);
#3115 = LINE('',#3116,#3117);
#3116 = CARTESIAN_POINT('',(-6.28318530718,0.));
#3117 = VECTOR('',#3118,1.);
#3118 = DIRECTION('',(-0.,1.));
#3119 = ( GEOMETRIC_REPRESENTATION_CONTEXT(2) 
PARAMETRIC_REPRESENTATION_CONTEXT() REPRESENTATION_CONTEXT('2D SPACE',''
  ) );
#3120 = ORIENTED_EDGE('',*,*,#3065,.F.);
#3121 = ORIENTED_EDGE('',*,*,#3100,.F.);
#3122 = ( GEOMETRIC_REPRESENTATION_CONTEXT(3) 
GLOBAL_UNCERTAINTY_ASSIGNED_CONTEXT((#3126)) 
GLOBAL_UNIT_ASSIGNED_CONTEXT((#3123,#3124,#3125)) REPRESENTATION_CONTEXT
('Context #1','3D Context with UNIT and UNCERTAINTY') );
#3123 = ( LENGTH_UNIT() NAMED_UNIT(*) SI_UNIT(.MILLI.,.METRE.) );
#3124 = ( NAMED_UNIT(*) PLANE_ANGLE_UNIT() SI_UNIT($,.RADIAN.) );
#3125 = ( NAMED_UNIT(*) SI_UNIT($,.STERADIAN.) SOLID_ANGLE_UNIT() );
#3126 = UNCERTAINTY_MEASURE_WITH_UNIT(LENGTH_MEASURE(1.E-07),#3123,
  'distance_accuracy_value','confusion accuracy');
#3127 = CONTEXT_DEPENDENT_SHAPE_REPRESENTATION(#3128,#3130);
#3128 = ( REPRESENTATION_RELATIONSHIP('','',#2427,#10) 
REPRESENTATION_RELATIONSHIP_WITH_TRANSFORMATION(#3129) 
SHAPE_REPRESENTATION_RELATIONSHIP() );
#3129 = ITEM_DEFINED_TRANSFORMATION('','',#11,#83);
#3130 = PRODUCT_DEFINITION_SHAPE('Placement','Placement of an item',
  #3131);
#3131 = NEXT_ASSEMBLY_USAGE_OCCURRENCE('18','','',#5,#2422,$);
#3132 = PRODUCT_RELATED_PRODUCT_CATEGORY('part',$,(#2424));
ENDSEC;
END-ISO-10303-21;
