ISO-10303-21;
HEADER;
FILE_DESCRIPTION(('Open CASCADE Model'),'2;1');
FILE_NAME('Open CASCADE Shape Model','2026-07-11T18:32:25',('Author'),(
    'Open CASCADE'),'Open CASCADE STEP processor 8.0','Open CASCADE 8.0'
  ,'Unknown');
FILE_SCHEMA(('AUTOMOTIVE_DESIGN { 1 0 10303 214 1 1 1 1 }'));
ENDSEC;
DATA;
#1 = APPLICATION_PROTOCOL_DEFINITION('international standard',
  'automotive_design',2000,#2);
#2 = APPLICATION_CONTEXT(
  'core data for automotive mechanical design processes');
#3 = SHAPE_DEFINITION_REPRESENTATION(#4,#10);
#4 = PRODUCT_DEFINITION_SHAPE('','',#5);
#5 = PRODUCT_DEFINITION('design','',#6,#9);
#6 = PRODUCT_DEFINITION_FORMATION('','',#7);
#7 = PRODUCT('Open CASCADE STEP translator 8.0 1',
  'Open CASCADE STEP translator 8.0 1','',(#8));
#8 = PRODUCT_CONTEXT('',#2,'mechanical');
#9 = PRODUCT_DEFINITION_CONTEXT('part definition',#2,'design');
#10 = SHAPE_REPRESENTATION('',(#11,#15,#19),#23);
#11 = AXIS2_PLACEMENT_3D('',#12,#13,#14);
#12 = CARTESIAN_POINT('',(0.,0.,0.));
#13 = DIRECTION('',(0.,0.,1.));
#14 = DIRECTION('',(1.,0.,-0.));
#15 = AXIS2_PLACEMENT_3D('',#16,#17,#18);
#16 = CARTESIAN_POINT('',(0.,0.,0.));
#17 = DIRECTION('',(0.,0.,1.));
#18 = DIRECTION('',(1.,0.,0.));
#19 = AXIS2_PLACEMENT_3D('',#20,#21,#22);
#20 = CARTESIAN_POINT('',(0.,0.,0.));
#21 = DIRECTION('',(0.,0.,1.));
#22 = DIRECTION('',(1.,0.,0.));
#23 = ( GEOMETRIC_REPRESENTATION_CONTEXT(3) 
GLOBAL_UNCERTAINTY_ASSIGNED_CONTEXT((#27)) GLOBAL_UNIT_ASSIGNED_CONTEXT(
(#24,#25,#26)) REPRESENTATION_CONTEXT('Context #1',
  '3D Context with UNIT and UNCERTAINTY') );
#24 = ( LENGTH_UNIT() NAMED_UNIT(*) SI_UNIT(.MILLI.,.METRE.) );
#25 = ( NAMED_UNIT(*) PLANE_ANGLE_UNIT() SI_UNIT($,.RADIAN.) );
#26 = ( NAMED_UNIT(*) SI_UNIT($,.STERADIAN.) SOLID_ANGLE_UNIT() );
#27 = UNCERTAINTY_MEASURE_WITH_UNIT(LENGTH_MEASURE(2.E-05),#24,
  'distance_accuracy_value','confusion accuracy');
#28 = PRODUCT_RELATED_PRODUCT_CATEGORY('part',$,(#7));
#29 = SHAPE_DEFINITION_REPRESENTATION(#30,#36);
#30 = PRODUCT_DEFINITION_SHAPE('','',#31);
#31 = PRODUCT_DEFINITION('design','',#32,#35);
#32 = PRODUCT_DEFINITION_FORMATION('','',#33);
#33 = PRODUCT('Open CASCADE STEP translator 8.0 1.1',
  'Open CASCADE STEP translator 8.0 1.1','',(#34));
#34 = PRODUCT_CONTEXT('',#2,'mechanical');
#35 = PRODUCT_DEFINITION_CONTEXT('part definition',#2,'design');
#36 = ADVANCED_BREP_SHAPE_REPRESENTATION('',(#11,#37),#613);
#37 = MANIFOLD_SOLID_BREP('',#38);
#38 = CLOSED_SHELL('',(#39,#160,#238,#369,#423,#522,#550,#578,#606));
#39 = ADVANCED_FACE('',(#40),#55,.T.);
#40 = FACE_BOUND('',#41,.T.);
#41 = EDGE_LOOP('',(#42,#78,#105,#134));
#42 = ORIENTED_EDGE('',*,*,#43,.T.);
#43 = EDGE_CURVE('',#44,#46,#48,.T.);
#44 = VERTEX_POINT('',#45);
#45 = CARTESIAN_POINT('',(-3.633119811284E-14,10.,0.5));
#46 = VERTEX_POINT('',#47);
#47 = CARTESIAN_POINT('',(10.,0.,0.5));
#48 = SURFACE_CURVE('',#49,(#54,#66),.PCURVE_S1.);
#49 = CIRCLE('',#50,10.);
#50 = AXIS2_PLACEMENT_3D('',#51,#52,#53);
#51 = CARTESIAN_POINT('',(0.,0.,0.5));
#52 = DIRECTION('',(0.,0.,1.));
#53 = DIRECTION('',(1.,0.,0.));
#54 = PCURVE('',#55,#60);
#55 = CYLINDRICAL_SURFACE('',#56,10.);
#56 = AXIS2_PLACEMENT_3D('',#57,#58,#59);
#57 = CARTESIAN_POINT('',(0.,0.,0.));
#58 = DIRECTION('',(0.,0.,1.));
#59 = DIRECTION('',(1.,0.,0.));
#60 = DEFINITIONAL_REPRESENTATION('',(#61),#65);
#61 = LINE('',#62,#63);
#62 = CARTESIAN_POINT('',(0.,0.5));
#63 = VECTOR('',#64,1.);
#64 = DIRECTION('',(1.,0.));
#65 = ( GEOMETRIC_REPRESENTATION_CONTEXT(2) 
PARAMETRIC_REPRESENTATION_CONTEXT() REPRESENTATION_CONTEXT('2D SPACE',''
  ) );
#66 = PCURVE('',#67,#72);
#67 = TOROIDAL_SURFACE('',#68,9.5,0.5);
#68 = AXIS2_PLACEMENT_3D('',#69,#70,#71);
#69 = CARTESIAN_POINT('',(0.,0.,0.5));
#70 = DIRECTION('',(-0.,-0.,-1.));
#71 = DIRECTION('',(1.,0.,0.));
#72 = DEFINITIONAL_REPRESENTATION('',(#73),#77);
#73 = LINE('',#74,#75);
#74 = CARTESIAN_POINT('',(-0.,0.));
#75 = VECTOR('',#76,1.);
#76 = DIRECTION('',(-1.,0.));
#77 = ( GEOMETRIC_REPRESENTATION_CONTEXT(2) 
PARAMETRIC_REPRESENTATION_CONTEXT() REPRESENTATION_CONTEXT('2D SPACE',''
  ) );
#78 = ORIENTED_EDGE('',*,*,#79,.T.);
#79 = EDGE_CURVE('',#46,#80,#82,.T.);
#80 = VERTEX_POINT('',#81);
#81 = CARTESIAN_POINT('',(10.,0.,4.5));
#82 = SURFACE_CURVE('',#83,(#87,#93),.PCURVE_S1.);
#83 = LINE('',#84,#85);
#84 = CARTESIAN_POINT('',(10.,0.,0.));
#85 = VECTOR('',#86,1.);
#86 = DIRECTION('',(0.,0.,1.));
#87 = PCURVE('',#55,#88);
#88 = DEFINITIONAL_REPRESENTATION('',(#89),#92);
#89 = B_SPLINE_CURVE_WITH_KNOTS('',1,(#90,#91),.UNSPECIFIED.,.F.,.F.,(2,
    2),(0.5,4.5),.PIECEWISE_BEZIER_KNOTS.);
#90 = CARTESIAN_POINT('',(6.28318530718,0.5));
#91 = CARTESIAN_POINT('',(6.28318530718,4.5));
#92 = ( GEOMETRIC_REPRESENTATION_CONTEXT(2) 
PARAMETRIC_REPRESENTATION_CONTEXT() REPRESENTATION_CONTEXT('2D SPACE',''
  ) );
#93 = PCURVE('',#94,#99);
#94 = PLANE('',#95);
#95 = AXIS2_PLACEMENT_3D('',#96,#97,#98);
#96 = CARTESIAN_POINT('',(0.,0.,0.));
#97 = DIRECTION('',(0.,1.,0.));
#98 = DIRECTION('',(0.,0.,1.));
#99 = DEFINITIONAL_REPRESENTATION('',(#100),#104);
#100 = LINE('',#101,#102);
#101 = CARTESIAN_POINT('',(0.,10.));
#102 = VECTOR('',#103,1.);
#103 = DIRECTION('',(1.,0.));
#104 = ( GEOMETRIC_REPRESENTATION_CONTEXT(2) 
PARAMETRIC_REPRESENTATION_CONTEXT() REPRESENTATION_CONTEXT('2D SPACE',''
  ) );
#105 = ORIENTED_EDGE('',*,*,#106,.F.);
#106 = EDGE_CURVE('',#107,#80,#109,.T.);
#107 = VERTEX_POINT('',#108);
#108 = CARTESIAN_POINT('',(-3.633119811284E-14,10.,4.5));
#109 = SURFACE_CURVE('',#110,(#115,#122),.PCURVE_S1.);
#110 = CIRCLE('',#111,10.);
#111 = AXIS2_PLACEMENT_3D('',#112,#113,#114);
#112 = CARTESIAN_POINT('',(0.,0.,4.5));
#113 = DIRECTION('',(0.,0.,1.));
#114 = DIRECTION('',(1.,0.,0.));
#115 = PCURVE('',#55,#116);
#116 = DEFINITIONAL_REPRESENTATION('',(#117),#121);
#117 = LINE('',#118,#119);
#118 = CARTESIAN_POINT('',(0.,4.5));
#119 = VECTOR('',#120,1.);
#120 = DIRECTION('',(1.,0.));
#121 = ( GEOMETRIC_REPRESENTATION_CONTEXT(2) 
PARAMETRIC_REPRESENTATION_CONTEXT() REPRESENTATION_CONTEXT('2D SPACE',''
  ) );
#122 = PCURVE('',#123,#128);
#123 = TOROIDAL_SURFACE('',#124,9.5,0.5);
#124 = AXIS2_PLACEMENT_3D('',#125,#126,#127);
#125 = CARTESIAN_POINT('',(0.,0.,4.5));
#126 = DIRECTION('',(0.,0.,1.));
#127 = DIRECTION('',(1.,0.,0.));
#128 = DEFINITIONAL_REPRESENTATION('',(#129),#133);
#129 = LINE('',#130,#131);
#130 = CARTESIAN_POINT('',(0.,0.));
#131 = VECTOR('',#132,1.);
#132 = DIRECTION('',(1.,0.));
#133 = ( GEOMETRIC_REPRESENTATION_CONTEXT(2) 
PARAMETRIC_REPRESENTATION_CONTEXT() REPRESENTATION_CONTEXT('2D SPACE',''
  ) );
#134 = ORIENTED_EDGE('',*,*,#135,.F.);
#135 = EDGE_CURVE('',#44,#107,#136,.T.);
#136 = SURFACE_CURVE('',#137,(#141,#148),.PCURVE_S1.);
#137 = LINE('',#138,#139);
#138 = CARTESIAN_POINT('',(0.,10.,0.));
#139 = VECTOR('',#140,1.);
#140 = DIRECTION('',(0.,0.,1.));
#141 = PCURVE('',#55,#142);
#142 = DEFINITIONAL_REPRESENTATION('',(#143),#147);
#143 = LINE('',#144,#145);
#144 = CARTESIAN_POINT('',(1.570796326795,0.));
#145 = VECTOR('',#146,1.);
#146 = DIRECTION('',(0.,1.));
#147 = ( GEOMETRIC_REPRESENTATION_CONTEXT(2) 
PARAMETRIC_REPRESENTATION_CONTEXT() REPRESENTATION_CONTEXT('2D SPACE',''
  ) );
#148 = PCURVE('',#149,#154);
#149 = PLANE('',#150);
#150 = AXIS2_PLACEMENT_3D('',#151,#152,#153);
#151 = CARTESIAN_POINT('',(0.,0.,0.));
#152 = DIRECTION('',(1.,0.,0.));
#153 = DIRECTION('',(0.,0.,1.));
#154 = DEFINITIONAL_REPRESENTATION('',(#155),#159);
#155 = LINE('',#156,#157);
#156 = CARTESIAN_POINT('',(0.,-10.));
#157 = VECTOR('',#158,1.);
#158 = DIRECTION('',(1.,0.));
#159 = ( GEOMETRIC_REPRESENTATION_CONTEXT(2) 
PARAMETRIC_REPRESENTATION_CONTEXT() REPRESENTATION_CONTEXT('2D SPACE',''
  ) );
#160 = ADVANCED_FACE('',(#161),#67,.T.);
#161 = FACE_BOUND('',#162,.F.);
#162 = EDGE_LOOP('',(#163,#164,#187,#216));
#163 = ORIENTED_EDGE('',*,*,#43,.T.);
#164 = ORIENTED_EDGE('',*,*,#165,.T.);
#165 = EDGE_CURVE('',#46,#166,#168,.T.);
#166 = VERTEX_POINT('',#167);
#167 = CARTESIAN_POINT('',(9.5,0.,0.));
#168 = SURFACE_CURVE('',#169,(#174,#180),.PCURVE_S1.);
#169 = CIRCLE('',#170,0.5);
#170 = AXIS2_PLACEMENT_3D('',#171,#172,#173);
#171 = CARTESIAN_POINT('',(9.5,0.,0.5));
#172 = DIRECTION('',(-0.,1.,0.));
#173 = DIRECTION('',(1.,0.,0.));
#174 = PCURVE('',#67,#175);
#175 = DEFINITIONAL_REPRESENTATION('',(#176),#179);
#176 = B_SPLINE_CURVE_WITH_KNOTS('',1,(#177,#178),.UNSPECIFIED.,.F.,.F.,
  (2,2),(0.,1.570796326795),.PIECEWISE_BEZIER_KNOTS.);
#177 = CARTESIAN_POINT('',(-6.28318530718,0.));
#178 = CARTESIAN_POINT('',(-6.28318530718,1.570796326795));
#179 = ( GEOMETRIC_REPRESENTATION_CONTEXT(2) 
PARAMETRIC_REPRESENTATION_CONTEXT() REPRESENTATION_CONTEXT('2D SPACE',''
  ) );
#180 = PCURVE('',#94,#181);
#181 = DEFINITIONAL_REPRESENTATION('',(#182),#186);
#182 = CIRCLE('',#183,0.5);
#183 = AXIS2_PLACEMENT_2D('',#184,#185);
#184 = CARTESIAN_POINT('',(0.5,9.5));
#185 = DIRECTION('',(0.,1.));
#186 = ( GEOMETRIC_REPRESENTATION_CONTEXT(2) 
PARAMETRIC_REPRESENTATION_CONTEXT() REPRESENTATION_CONTEXT('2D SPACE',''
  ) );
#187 = ORIENTED_EDGE('',*,*,#188,.F.);
#188 = EDGE_CURVE('',#189,#166,#191,.T.);
#189 = VERTEX_POINT('',#190);
#190 = CARTESIAN_POINT('',(-1.136180287117E-13,9.5,0.));
#191 = SURFACE_CURVE('',#192,(#197,#204),.PCURVE_S1.);
#192 = CIRCLE('',#193,9.5);
#193 = AXIS2_PLACEMENT_3D('',#194,#195,#196);
#194 = CARTESIAN_POINT('',(0.,0.,0.));
#195 = DIRECTION('',(0.,0.,1.));
#196 = DIRECTION('',(1.,0.,0.));
#197 = PCURVE('',#67,#198);
#198 = DEFINITIONAL_REPRESENTATION('',(#199),#203);
#199 = LINE('',#200,#201);
#200 = CARTESIAN_POINT('',(-0.,1.570796326795));
#201 = VECTOR('',#202,1.);
#202 = DIRECTION('',(-1.,0.));
#203 = ( GEOMETRIC_REPRESENTATION_CONTEXT(2) 
PARAMETRIC_REPRESENTATION_CONTEXT() REPRESENTATION_CONTEXT('2D SPACE',''
  ) );
#204 = PCURVE('',#205,#210);
#205 = PLANE('',#206);
#206 = AXIS2_PLACEMENT_3D('',#207,#208,#209);
#207 = CARTESIAN_POINT('',(0.,0.,0.));
#208 = DIRECTION('',(0.,0.,1.));
#209 = DIRECTION('',(1.,0.,0.));
#210 = DEFINITIONAL_REPRESENTATION('',(#211),#215);
#211 = CIRCLE('',#212,9.5);
#212 = AXIS2_PLACEMENT_2D('',#213,#214);
#213 = CARTESIAN_POINT('',(0.,0.));
#214 = DIRECTION('',(1.,0.));
#215 = ( GEOMETRIC_REPRESENTATION_CONTEXT(2) 
PARAMETRIC_REPRESENTATION_CONTEXT() REPRESENTATION_CONTEXT('2D SPACE',''
  ) );
#216 = ORIENTED_EDGE('',*,*,#217,.T.);
#217 = EDGE_CURVE('',#189,#44,#218,.T.);
#218 = SURFACE_CURVE('',#219,(#224,#231),.PCURVE_S1.);
#219 = CIRCLE('',#220,0.5);
#220 = AXIS2_PLACEMENT_3D('',#221,#222,#223);
#221 = CARTESIAN_POINT('',(0.,9.5,0.5));
#222 = DIRECTION('',(1.,0.,-0.));
#223 = DIRECTION('',(0.,0.,1.));
#224 = PCURVE('',#67,#225);
#225 = DEFINITIONAL_REPRESENTATION('',(#226),#230);
#226 = LINE('',#227,#228);
#227 = CARTESIAN_POINT('',(-1.570796326795,4.712388980385));
#228 = VECTOR('',#229,1.);
#229 = DIRECTION('',(-0.,-1.));
#230 = ( GEOMETRIC_REPRESENTATION_CONTEXT(2) 
PARAMETRIC_REPRESENTATION_CONTEXT() REPRESENTATION_CONTEXT('2D SPACE',''
  ) );
#231 = PCURVE('',#149,#232);
#232 = DEFINITIONAL_REPRESENTATION('',(#233),#237);
#233 = CIRCLE('',#234,0.5);
#234 = AXIS2_PLACEMENT_2D('',#235,#236);
#235 = CARTESIAN_POINT('',(0.5,-9.5));
#236 = DIRECTION('',(1.,0.));
#237 = ( GEOMETRIC_REPRESENTATION_CONTEXT(2) 
PARAMETRIC_REPRESENTATION_CONTEXT() REPRESENTATION_CONTEXT('2D SPACE',''
  ) );
#238 = ADVANCED_FACE('',(#239),#149,.T.);
#239 = FACE_BOUND('',#240,.T.);
#240 = EDGE_LOOP('',(#241,#269,#290,#291,#292,#316,#342));
#241 = ORIENTED_EDGE('',*,*,#242,.F.);
#242 = EDGE_CURVE('',#243,#245,#247,.T.);
#243 = VERTEX_POINT('',#244);
#244 = CARTESIAN_POINT('',(-1.138457945054E-13,7.5,0.));
#245 = VERTEX_POINT('',#246);
#246 = CARTESIAN_POINT('',(0.,7.5,3.632503002402));
#247 = SURFACE_CURVE('',#248,(#252,#258),.PCURVE_S1.);
#248 = LINE('',#249,#250);
#249 = CARTESIAN_POINT('',(0.,7.5,0.));
#250 = VECTOR('',#251,1.);
#251 = DIRECTION('',(0.,0.,1.));
#252 = PCURVE('',#149,#253);
#253 = DEFINITIONAL_REPRESENTATION('',(#254),#257);
#254 = B_SPLINE_CURVE_WITH_KNOTS('',1,(#255,#256),.UNSPECIFIED.,.F.,.F.,
  (2,2),(-4.E-07,5.0000004),.PIECEWISE_BEZIER_KNOTS.);
#255 = CARTESIAN_POINT('',(-4.E-07,-7.5));
#256 = CARTESIAN_POINT('',(5.0000004,-7.5));
#257 = ( GEOMETRIC_REPRESENTATION_CONTEXT(2) 
PARAMETRIC_REPRESENTATION_CONTEXT() REPRESENTATION_CONTEXT('2D SPACE',''
  ) );
#258 = PCURVE('',#259,#264);
#259 = CYLINDRICAL_SURFACE('',#260,7.5);
#260 = AXIS2_PLACEMENT_3D('',#261,#262,#263);
#261 = CARTESIAN_POINT('',(0.,0.,0.));
#262 = DIRECTION('',(0.,0.,1.));
#263 = DIRECTION('',(1.,0.,0.));
#264 = DEFINITIONAL_REPRESENTATION('',(#265),#268);
#265 = B_SPLINE_CURVE_WITH_KNOTS('',1,(#266,#267),.UNSPECIFIED.,.F.,.F.,
  (2,2),(-4.E-07,5.0000004),.PIECEWISE_BEZIER_KNOTS.);
#266 = CARTESIAN_POINT('',(1.570796326795,-4.E-07));
#267 = CARTESIAN_POINT('',(1.570796326795,5.0000004));
#268 = ( GEOMETRIC_REPRESENTATION_CONTEXT(2) 
PARAMETRIC_REPRESENTATION_CONTEXT() REPRESENTATION_CONTEXT('2D SPACE',''
  ) );
#269 = ORIENTED_EDGE('',*,*,#270,.T.);
#270 = EDGE_CURVE('',#243,#189,#271,.T.);
#271 = SURFACE_CURVE('',#272,(#276,#283),.PCURVE_S1.);
#272 = LINE('',#273,#274);
#273 = CARTESIAN_POINT('',(0.,0.,0.));
#274 = VECTOR('',#275,1.);
#275 = DIRECTION('',(0.,1.,0.));
#276 = PCURVE('',#149,#277);
#277 = DEFINITIONAL_REPRESENTATION('',(#278),#282);
#278 = LINE('',#279,#280);
#279 = CARTESIAN_POINT('',(0.,0.));
#280 = VECTOR('',#281,1.);
#281 = DIRECTION('',(0.,-1.));
#282 = ( GEOMETRIC_REPRESENTATION_CONTEXT(2) 
PARAMETRIC_REPRESENTATION_CONTEXT() REPRESENTATION_CONTEXT('2D SPACE',''
  ) );
#283 = PCURVE('',#205,#284);
#284 = DEFINITIONAL_REPRESENTATION('',(#285),#289);
#285 = LINE('',#286,#287);
#286 = CARTESIAN_POINT('',(0.,0.));
#287 = VECTOR('',#288,1.);
#288 = DIRECTION('',(0.,1.));
#289 = ( GEOMETRIC_REPRESENTATION_CONTEXT(2) 
PARAMETRIC_REPRESENTATION_CONTEXT() REPRESENTATION_CONTEXT('2D SPACE',''
  ) );
#290 = ORIENTED_EDGE('',*,*,#217,.T.);
#291 = ORIENTED_EDGE('',*,*,#135,.T.);
#292 = ORIENTED_EDGE('',*,*,#293,.T.);
#293 = EDGE_CURVE('',#107,#294,#296,.T.);
#294 = VERTEX_POINT('',#295);
#295 = CARTESIAN_POINT('',(5.81707229595E-16,9.5,5.));
#296 = SURFACE_CURVE('',#297,(#302,#309),.PCURVE_S1.);
#297 = CIRCLE('',#298,0.5);
#298 = AXIS2_PLACEMENT_3D('',#299,#300,#301);
#299 = CARTESIAN_POINT('',(0.,9.5,4.5));
#300 = DIRECTION('',(1.,0.,-0.));
#301 = DIRECTION('',(0.,0.,1.));
#302 = PCURVE('',#149,#303);
#303 = DEFINITIONAL_REPRESENTATION('',(#304),#308);
#304 = CIRCLE('',#305,0.5);
#305 = AXIS2_PLACEMENT_2D('',#306,#307);
#306 = CARTESIAN_POINT('',(4.5,-9.5));
#307 = DIRECTION('',(1.,0.));
#308 = ( GEOMETRIC_REPRESENTATION_CONTEXT(2) 
PARAMETRIC_REPRESENTATION_CONTEXT() REPRESENTATION_CONTEXT('2D SPACE',''
  ) );
#309 = PCURVE('',#123,#310);
#310 = DEFINITIONAL_REPRESENTATION('',(#311),#315);
#311 = LINE('',#312,#313);
#312 = CARTESIAN_POINT('',(1.570796326795,-4.712388980385));
#313 = VECTOR('',#314,1.);
#314 = DIRECTION('',(0.,1.));
#315 = ( GEOMETRIC_REPRESENTATION_CONTEXT(2) 
PARAMETRIC_REPRESENTATION_CONTEXT() REPRESENTATION_CONTEXT('2D SPACE',''
  ) );
#316 = ORIENTED_EDGE('',*,*,#317,.F.);
#317 = EDGE_CURVE('',#318,#294,#320,.T.);
#318 = VERTEX_POINT('',#319);
#319 = CARTESIAN_POINT('',(0.,8.944271909999,5.));
#320 = SURFACE_CURVE('',#321,(#325,#331),.PCURVE_S1.);
#321 = LINE('',#322,#323);
#322 = CARTESIAN_POINT('',(0.,0.,5.));
#323 = VECTOR('',#324,1.);
#324 = DIRECTION('',(0.,1.,0.));
#325 = PCURVE('',#149,#326);
#326 = DEFINITIONAL_REPRESENTATION('',(#327),#330);
#327 = B_SPLINE_CURVE_WITH_KNOTS('',1,(#328,#329),.UNSPECIFIED.,.F.,.F.,
  (2,2),(-1.,11.),.PIECEWISE_BEZIER_KNOTS.);
#328 = CARTESIAN_POINT('',(5.,1.));
#329 = CARTESIAN_POINT('',(5.,-11.));
#330 = ( GEOMETRIC_REPRESENTATION_CONTEXT(2) 
PARAMETRIC_REPRESENTATION_CONTEXT() REPRESENTATION_CONTEXT('2D SPACE',''
  ) );
#331 = PCURVE('',#332,#337);
#332 = PLANE('',#333);
#333 = AXIS2_PLACEMENT_3D('',#334,#335,#336);
#334 = CARTESIAN_POINT('',(0.,0.,5.));
#335 = DIRECTION('',(0.,0.,1.));
#336 = DIRECTION('',(1.,0.,0.));
#337 = DEFINITIONAL_REPRESENTATION('',(#338),#341);
#338 = B_SPLINE_CURVE_WITH_KNOTS('',1,(#339,#340),.UNSPECIFIED.,.F.,.F.,
  (2,2),(-1.,11.),.PIECEWISE_BEZIER_KNOTS.);
#339 = CARTESIAN_POINT('',(0.,-1.));
#340 = CARTESIAN_POINT('',(0.,11.));
#341 = ( GEOMETRIC_REPRESENTATION_CONTEXT(2) 
PARAMETRIC_REPRESENTATION_CONTEXT() REPRESENTATION_CONTEXT('2D SPACE',''
  ) );
#342 = ORIENTED_EDGE('',*,*,#343,.F.);
#343 = EDGE_CURVE('',#245,#318,#344,.T.);
#344 = SURFACE_CURVE('',#345,(#350,#357),.PCURVE_S1.);
#345 = CIRCLE('',#346,12.);
#346 = AXIS2_PLACEMENT_3D('',#347,#348,#349);
#347 = CARTESIAN_POINT('',(0.,0.,13.));
#348 = DIRECTION('',(1.,0.,0.));
#349 = DIRECTION('',(-0.,0.,1.));
#350 = PCURVE('',#149,#351);
#351 = DEFINITIONAL_REPRESENTATION('',(#352),#356);
#352 = CIRCLE('',#353,12.);
#353 = AXIS2_PLACEMENT_2D('',#354,#355);
#354 = CARTESIAN_POINT('',(13.,0.));
#355 = DIRECTION('',(1.,0.));
#356 = ( GEOMETRIC_REPRESENTATION_CONTEXT(2) 
PARAMETRIC_REPRESENTATION_CONTEXT() REPRESENTATION_CONTEXT('2D SPACE',''
  ) );
#357 = PCURVE('',#358,#363);
#358 = SPHERICAL_SURFACE('',#359,12.);
#359 = AXIS2_PLACEMENT_3D('',#360,#361,#362);
#360 = CARTESIAN_POINT('',(0.,0.,13.));
#361 = DIRECTION('',(0.,0.,1.));
#362 = DIRECTION('',(1.,0.,0.));
#363 = DEFINITIONAL_REPRESENTATION('',(#364),#368);
#364 = LINE('',#365,#366);
#365 = CARTESIAN_POINT('',(1.570796326795,-4.712388980385));
#366 = VECTOR('',#367,1.);
#367 = DIRECTION('',(-0.,1.));
#368 = ( GEOMETRIC_REPRESENTATION_CONTEXT(2) 
PARAMETRIC_REPRESENTATION_CONTEXT() REPRESENTATION_CONTEXT('2D SPACE',''
  ) );
#369 = ADVANCED_FACE('',(#370),#123,.T.);
#370 = FACE_BOUND('',#371,.T.);
#371 = EDGE_LOOP('',(#372,#373,#400,#422));
#372 = ORIENTED_EDGE('',*,*,#106,.T.);
#373 = ORIENTED_EDGE('',*,*,#374,.T.);
#374 = EDGE_CURVE('',#80,#375,#377,.T.);
#375 = VERTEX_POINT('',#376);
#376 = CARTESIAN_POINT('',(9.5,0.,5.));
#377 = SURFACE_CURVE('',#378,(#383,#389),.PCURVE_S1.);
#378 = CIRCLE('',#379,0.5);
#379 = AXIS2_PLACEMENT_3D('',#380,#381,#382);
#380 = CARTESIAN_POINT('',(9.5,0.,4.5));
#381 = DIRECTION('',(0.,-1.,0.));
#382 = DIRECTION('',(1.,0.,0.));
#383 = PCURVE('',#123,#384);
#384 = DEFINITIONAL_REPRESENTATION('',(#385),#388);
#385 = B_SPLINE_CURVE_WITH_KNOTS('',1,(#386,#387),.UNSPECIFIED.,.F.,.F.,
  (2,2),(0.,1.570796326795),.PIECEWISE_BEZIER_KNOTS.);
#386 = CARTESIAN_POINT('',(6.28318530718,0.));
#387 = CARTESIAN_POINT('',(6.28318530718,1.570796326795));
#388 = ( GEOMETRIC_REPRESENTATION_CONTEXT(2) 
PARAMETRIC_REPRESENTATION_CONTEXT() REPRESENTATION_CONTEXT('2D SPACE',''
  ) );
#389 = PCURVE('',#94,#390);
#390 = DEFINITIONAL_REPRESENTATION('',(#391),#399);
#391 = ( BOUNDED_CURVE() B_SPLINE_CURVE(2,(#392,#393,#394,#395,#396,#397
,#398),.UNSPECIFIED.,.T.,.F.) B_SPLINE_CURVE_WITH_KNOTS((1,2,2,2,2,1),(
    -2.094395102393,0.,2.094395102393,4.188790204786,6.28318530718,
8.377580409573),.UNSPECIFIED.) CURVE() GEOMETRIC_REPRESENTATION_ITEM() 
RATIONAL_B_SPLINE_CURVE((1.,0.5,1.,0.5,1.,0.5,1.)) REPRESENTATION_ITEM(
  '') );
#392 = CARTESIAN_POINT('',(4.5,10.));
#393 = CARTESIAN_POINT('',(5.366025403784,10.));
#394 = CARTESIAN_POINT('',(4.933012701892,9.25));
#395 = CARTESIAN_POINT('',(4.5,8.5));
#396 = CARTESIAN_POINT('',(4.066987298108,9.25));
#397 = CARTESIAN_POINT('',(3.633974596216,10.));
#398 = CARTESIAN_POINT('',(4.5,10.));
#399 = ( GEOMETRIC_REPRESENTATION_CONTEXT(2) 
PARAMETRIC_REPRESENTATION_CONTEXT() REPRESENTATION_CONTEXT('2D SPACE',''
  ) );
#400 = ORIENTED_EDGE('',*,*,#401,.F.);
#401 = EDGE_CURVE('',#294,#375,#402,.T.);
#402 = SURFACE_CURVE('',#403,(#408,#415),.PCURVE_S1.);
#403 = CIRCLE('',#404,9.5);
#404 = AXIS2_PLACEMENT_3D('',#405,#406,#407);
#405 = CARTESIAN_POINT('',(0.,0.,5.));
#406 = DIRECTION('',(0.,0.,1.));
#407 = DIRECTION('',(1.,0.,0.));
#408 = PCURVE('',#123,#409);
#409 = DEFINITIONAL_REPRESENTATION('',(#410),#414);
#410 = LINE('',#411,#412);
#411 = CARTESIAN_POINT('',(0.,1.570796326795));
#412 = VECTOR('',#413,1.);
#413 = DIRECTION('',(1.,0.));
#414 = ( GEOMETRIC_REPRESENTATION_CONTEXT(2) 
PARAMETRIC_REPRESENTATION_CONTEXT() REPRESENTATION_CONTEXT('2D SPACE',''
  ) );
#415 = PCURVE('',#332,#416);
#416 = DEFINITIONAL_REPRESENTATION('',(#417),#421);
#417 = CIRCLE('',#418,9.5);
#418 = AXIS2_PLACEMENT_2D('',#419,#420);
#419 = CARTESIAN_POINT('',(0.,0.));
#420 = DIRECTION('',(1.,0.));
#421 = ( GEOMETRIC_REPRESENTATION_CONTEXT(2) 
PARAMETRIC_REPRESENTATION_CONTEXT() REPRESENTATION_CONTEXT('2D SPACE',''
  ) );
#422 = ORIENTED_EDGE('',*,*,#293,.F.);
#423 = ADVANCED_FACE('',(#424),#94,.T.);
#424 = FACE_BOUND('',#425,.T.);
#425 = EDGE_LOOP('',(#426,#449,#472,#500,#519,#520,#521));
#426 = ORIENTED_EDGE('',*,*,#427,.F.);
#427 = EDGE_CURVE('',#428,#166,#430,.T.);
#428 = VERTEX_POINT('',#429);
#429 = CARTESIAN_POINT('',(7.5,-1.836970198721E-15,0.));
#430 = SURFACE_CURVE('',#431,(#435,#442),.PCURVE_S1.);
#431 = LINE('',#432,#433);
#432 = CARTESIAN_POINT('',(0.,0.,0.));
#433 = VECTOR('',#434,1.);
#434 = DIRECTION('',(1.,0.,0.));
#435 = PCURVE('',#94,#436);
#436 = DEFINITIONAL_REPRESENTATION('',(#437),#441);
#437 = LINE('',#438,#439);
#438 = CARTESIAN_POINT('',(0.,0.));
#439 = VECTOR('',#440,1.);
#440 = DIRECTION('',(0.,1.));
#441 = ( GEOMETRIC_REPRESENTATION_CONTEXT(2) 
PARAMETRIC_REPRESENTATION_CONTEXT() REPRESENTATION_CONTEXT('2D SPACE',''
  ) );
#442 = PCURVE('',#205,#443);
#443 = DEFINITIONAL_REPRESENTATION('',(#444),#448);
#444 = LINE('',#445,#446);
#445 = CARTESIAN_POINT('',(0.,0.));
#446 = VECTOR('',#447,1.);
#447 = DIRECTION('',(1.,0.));
#448 = ( GEOMETRIC_REPRESENTATION_CONTEXT(2) 
PARAMETRIC_REPRESENTATION_CONTEXT() REPRESENTATION_CONTEXT('2D SPACE',''
  ) );
#449 = ORIENTED_EDGE('',*,*,#450,.T.);
#450 = EDGE_CURVE('',#428,#451,#453,.T.);
#451 = VERTEX_POINT('',#452);
#452 = CARTESIAN_POINT('',(7.5,-1.836970198721E-15,3.632503002403));
#453 = SURFACE_CURVE('',#454,(#458,#465),.PCURVE_S1.);
#454 = LINE('',#455,#456);
#455 = CARTESIAN_POINT('',(7.5,-1.836970198721E-15,0.));
#456 = VECTOR('',#457,1.);
#457 = DIRECTION('',(0.,0.,1.));
#458 = PCURVE('',#94,#459);
#459 = DEFINITIONAL_REPRESENTATION('',(#460),#464);
#460 = LINE('',#461,#462);
#461 = CARTESIAN_POINT('',(0.,7.5));
#462 = VECTOR('',#463,1.);
#463 = DIRECTION('',(1.,0.));
#464 = ( GEOMETRIC_REPRESENTATION_CONTEXT(2) 
PARAMETRIC_REPRESENTATION_CONTEXT() REPRESENTATION_CONTEXT('2D SPACE',''
  ) );
#465 = PCURVE('',#259,#466);
#466 = DEFINITIONAL_REPRESENTATION('',(#467),#471);
#467 = LINE('',#468,#469);
#468 = CARTESIAN_POINT('',(6.28318530718,-0.));
#469 = VECTOR('',#470,1.);
#470 = DIRECTION('',(0.,1.));
#471 = ( GEOMETRIC_REPRESENTATION_CONTEXT(2) 
PARAMETRIC_REPRESENTATION_CONTEXT() REPRESENTATION_CONTEXT('2D SPACE',''
  ) );
#472 = ORIENTED_EDGE('',*,*,#473,.T.);
#473 = EDGE_CURVE('',#451,#474,#476,.T.);
#474 = VERTEX_POINT('',#475);
#475 = CARTESIAN_POINT('',(8.944271909999,-1.095357396528E-15,5.));
#476 = SURFACE_CURVE('',#477,(#482,#493),.PCURVE_S1.);
#477 = CIRCLE('',#478,12.);
#478 = AXIS2_PLACEMENT_3D('',#479,#480,#481);
#479 = CARTESIAN_POINT('',(0.,0.,13.));
#480 = DIRECTION('',(-2.449293598295E-16,-1.,0.));
#481 = DIRECTION('',(1.,-2.449293598295E-16,0.));
#482 = PCURVE('',#94,#483);
#483 = DEFINITIONAL_REPRESENTATION('',(#484),#492);
#484 = ( BOUNDED_CURVE() B_SPLINE_CURVE(2,(#485,#486,#487,#488,#489,#490
,#491),.UNSPECIFIED.,.T.,.F.) B_SPLINE_CURVE_WITH_KNOTS((1,2,2,2,2,1),(
    -2.094395102393,0.,2.094395102393,4.188790204786,6.28318530718,
8.377580409573),.UNSPECIFIED.) CURVE() GEOMETRIC_REPRESENTATION_ITEM() 
RATIONAL_B_SPLINE_CURVE((1.,0.5,1.,0.5,1.,0.5,1.)) REPRESENTATION_ITEM(
  '') );
#485 = CARTESIAN_POINT('',(13.,12.));
#486 = CARTESIAN_POINT('',(33.784609690827,12.));
#487 = CARTESIAN_POINT('',(23.392304845413,-6.));
#488 = CARTESIAN_POINT('',(13.,-24.));
#489 = CARTESIAN_POINT('',(2.607695154587,-6.));
#490 = CARTESIAN_POINT('',(-7.784609690827,12.));
#491 = CARTESIAN_POINT('',(13.,12.));
#492 = ( GEOMETRIC_REPRESENTATION_CONTEXT(2) 
PARAMETRIC_REPRESENTATION_CONTEXT() REPRESENTATION_CONTEXT('2D SPACE',''
  ) );
#493 = PCURVE('',#358,#494);
#494 = DEFINITIONAL_REPRESENTATION('',(#495),#499);
#495 = LINE('',#496,#497);
#496 = CARTESIAN_POINT('',(6.28318530718,-6.28318530718));
#497 = VECTOR('',#498,1.);
#498 = DIRECTION('',(0.,1.));
#499 = ( GEOMETRIC_REPRESENTATION_CONTEXT(2) 
PARAMETRIC_REPRESENTATION_CONTEXT() REPRESENTATION_CONTEXT('2D SPACE',''
  ) );
#500 = ORIENTED_EDGE('',*,*,#501,.F.);
#501 = EDGE_CURVE('',#375,#474,#502,.T.);
#502 = SURFACE_CURVE('',#503,(#507,#513),.PCURVE_S1.);
#503 = LINE('',#504,#505);
#504 = CARTESIAN_POINT('',(0.,0.,5.));
#505 = VECTOR('',#506,1.);
#506 = DIRECTION('',(-1.,0.,0.));
#507 = PCURVE('',#94,#508);
#508 = DEFINITIONAL_REPRESENTATION('',(#509),#512);
#509 = B_SPLINE_CURVE_WITH_KNOTS('',1,(#510,#511),.UNSPECIFIED.,.F.,.F.,
  (2,2),(-11.,1.),.PIECEWISE_BEZIER_KNOTS.);
#510 = CARTESIAN_POINT('',(5.,11.));
#511 = CARTESIAN_POINT('',(5.,-1.));
#512 = ( GEOMETRIC_REPRESENTATION_CONTEXT(2) 
PARAMETRIC_REPRESENTATION_CONTEXT() REPRESENTATION_CONTEXT('2D SPACE',''
  ) );
#513 = PCURVE('',#332,#514);
#514 = DEFINITIONAL_REPRESENTATION('',(#515),#518);
#515 = B_SPLINE_CURVE_WITH_KNOTS('',1,(#516,#517),.UNSPECIFIED.,.F.,.F.,
  (2,2),(-11.,1.),.PIECEWISE_BEZIER_KNOTS.);
#516 = CARTESIAN_POINT('',(11.,0.));
#517 = CARTESIAN_POINT('',(-1.,0.));
#518 = ( GEOMETRIC_REPRESENTATION_CONTEXT(2) 
PARAMETRIC_REPRESENTATION_CONTEXT() REPRESENTATION_CONTEXT('2D SPACE',''
  ) );
#519 = ORIENTED_EDGE('',*,*,#374,.F.);
#520 = ORIENTED_EDGE('',*,*,#79,.F.);
#521 = ORIENTED_EDGE('',*,*,#165,.T.);
#522 = ADVANCED_FACE('',(#523),#205,.F.);
#523 = FACE_BOUND('',#524,.F.);
#524 = EDGE_LOOP('',(#525,#526,#527,#549));
#525 = ORIENTED_EDGE('',*,*,#188,.T.);
#526 = ORIENTED_EDGE('',*,*,#427,.F.);
#527 = ORIENTED_EDGE('',*,*,#528,.F.);
#528 = EDGE_CURVE('',#243,#428,#529,.T.);
#529 = SURFACE_CURVE('',#530,(#535,#542),.PCURVE_S1.);
#530 = CIRCLE('',#531,7.5);
#531 = AXIS2_PLACEMENT_3D('',#532,#533,#534);
#532 = CARTESIAN_POINT('',(0.,0.,0.));
#533 = DIRECTION('',(0.,0.,1.));
#534 = DIRECTION('',(1.,0.,0.));
#535 = PCURVE('',#205,#536);
#536 = DEFINITIONAL_REPRESENTATION('',(#537),#541);
#537 = CIRCLE('',#538,7.5);
#538 = AXIS2_PLACEMENT_2D('',#539,#540);
#539 = CARTESIAN_POINT('',(0.,0.));
#540 = DIRECTION('',(1.,0.));
#541 = ( GEOMETRIC_REPRESENTATION_CONTEXT(2) 
PARAMETRIC_REPRESENTATION_CONTEXT() REPRESENTATION_CONTEXT('2D SPACE',''
  ) );
#542 = PCURVE('',#259,#543);
#543 = DEFINITIONAL_REPRESENTATION('',(#544),#548);
#544 = LINE('',#545,#546);
#545 = CARTESIAN_POINT('',(0.,0.));
#546 = VECTOR('',#547,1.);
#547 = DIRECTION('',(1.,0.));
#548 = ( GEOMETRIC_REPRESENTATION_CONTEXT(2) 
PARAMETRIC_REPRESENTATION_CONTEXT() REPRESENTATION_CONTEXT('2D SPACE',''
  ) );
#549 = ORIENTED_EDGE('',*,*,#270,.T.);
#550 = ADVANCED_FACE('',(#551),#259,.F.);
#551 = FACE_BOUND('',#552,.F.);
#552 = EDGE_LOOP('',(#553,#554,#555,#577));
#553 = ORIENTED_EDGE('',*,*,#528,.T.);
#554 = ORIENTED_EDGE('',*,*,#450,.T.);
#555 = ORIENTED_EDGE('',*,*,#556,.F.);
#556 = EDGE_CURVE('',#245,#451,#557,.T.);
#557 = SURFACE_CURVE('',#558,(#563,#570),.PCURVE_S1.);
#558 = CIRCLE('',#559,7.5);
#559 = AXIS2_PLACEMENT_3D('',#560,#561,#562);
#560 = CARTESIAN_POINT('',(0.,0.,3.632503002402));
#561 = DIRECTION('',(0.,0.,1.));
#562 = DIRECTION('',(0.,-1.,0.));
#563 = PCURVE('',#259,#564);
#564 = DEFINITIONAL_REPRESENTATION('',(#565),#569);
#565 = LINE('',#566,#567);
#566 = CARTESIAN_POINT('',(-1.570796326795,3.632503002402));
#567 = VECTOR('',#568,1.);
#568 = DIRECTION('',(1.,0.));
#569 = ( GEOMETRIC_REPRESENTATION_CONTEXT(2) 
PARAMETRIC_REPRESENTATION_CONTEXT() REPRESENTATION_CONTEXT('2D SPACE',''
  ) );
#570 = PCURVE('',#358,#571);
#571 = DEFINITIONAL_REPRESENTATION('',(#572),#576);
#572 = LINE('',#573,#574);
#573 = CARTESIAN_POINT('',(-1.570796326795,-0.895664793858));
#574 = VECTOR('',#575,1.);
#575 = DIRECTION('',(1.,0.));
#576 = ( GEOMETRIC_REPRESENTATION_CONTEXT(2) 
PARAMETRIC_REPRESENTATION_CONTEXT() REPRESENTATION_CONTEXT('2D SPACE',''
  ) );
#577 = ORIENTED_EDGE('',*,*,#242,.F.);
#578 = ADVANCED_FACE('',(#579),#358,.F.);
#579 = FACE_BOUND('',#580,.F.);
#580 = EDGE_LOOP('',(#581,#582,#604,#605));
#581 = ORIENTED_EDGE('',*,*,#473,.T.);
#582 = ORIENTED_EDGE('',*,*,#583,.F.);
#583 = EDGE_CURVE('',#318,#474,#584,.T.);
#584 = SURFACE_CURVE('',#585,(#590,#597),.PCURVE_S1.);
#585 = CIRCLE('',#586,8.944271909999);
#586 = AXIS2_PLACEMENT_3D('',#587,#588,#589);
#587 = CARTESIAN_POINT('',(0.,0.,5.));
#588 = DIRECTION('',(0.,0.,1.));
#589 = DIRECTION('',(1.,0.,-0.));
#590 = PCURVE('',#358,#591);
#591 = DEFINITIONAL_REPRESENTATION('',(#592),#596);
#592 = LINE('',#593,#594);
#593 = CARTESIAN_POINT('',(0.,-0.729727656227));
#594 = VECTOR('',#595,1.);
#595 = DIRECTION('',(1.,0.));
#596 = ( GEOMETRIC_REPRESENTATION_CONTEXT(2) 
PARAMETRIC_REPRESENTATION_CONTEXT() REPRESENTATION_CONTEXT('2D SPACE',''
  ) );
#597 = PCURVE('',#332,#598);
#598 = DEFINITIONAL_REPRESENTATION('',(#599),#603);
#599 = CIRCLE('',#600,8.944271909999);
#600 = AXIS2_PLACEMENT_2D('',#601,#602);
#601 = CARTESIAN_POINT('',(0.,0.));
#602 = DIRECTION('',(1.,0.));
#603 = ( GEOMETRIC_REPRESENTATION_CONTEXT(2) 
PARAMETRIC_REPRESENTATION_CONTEXT() REPRESENTATION_CONTEXT('2D SPACE',''
  ) );
#604 = ORIENTED_EDGE('',*,*,#343,.F.);
#605 = ORIENTED_EDGE('',*,*,#556,.T.);
#606 = ADVANCED_FACE('',(#607),#332,.T.);
#607 = FACE_BOUND('',#608,.T.);
#608 = EDGE_LOOP('',(#609,#610,#611,#612));
#609 = ORIENTED_EDGE('',*,*,#317,.T.);
#610 = ORIENTED_EDGE('',*,*,#401,.T.);
#611 = ORIENTED_EDGE('',*,*,#501,.T.);
#612 = ORIENTED_EDGE('',*,*,#583,.F.);
#613 = ( GEOMETRIC_REPRESENTATION_CONTEXT(3) 
GLOBAL_UNCERTAINTY_ASSIGNED_CONTEXT((#617)) GLOBAL_UNIT_ASSIGNED_CONTEXT
((#614,#615,#616)) REPRESENTATION_CONTEXT('Context #1',
  '3D Context with UNIT and UNCERTAINTY') );
#614 = ( LENGTH_UNIT() NAMED_UNIT(*) SI_UNIT(.MILLI.,.METRE.) );
#615 = ( NAMED_UNIT(*) PLANE_ANGLE_UNIT() SI_UNIT($,.RADIAN.) );
#616 = ( NAMED_UNIT(*) SI_UNIT($,.STERADIAN.) SOLID_ANGLE_UNIT() );
#617 = UNCERTAINTY_MEASURE_WITH_UNIT(LENGTH_MEASURE(1.E-07),#614,
  'distance_accuracy_value','confusion accuracy');
#618 = CONTEXT_DEPENDENT_SHAPE_REPRESENTATION(#619,#621);
#619 = ( REPRESENTATION_RELATIONSHIP('','',#36,#10) 
REPRESENTATION_RELATIONSHIP_WITH_TRANSFORMATION(#620) 
SHAPE_REPRESENTATION_RELATIONSHIP() );
#620 = ITEM_DEFINED_TRANSFORMATION('','',#11,#15);
#621 = PRODUCT_DEFINITION_SHAPE('Placement','Placement of an item',#622
  );
#622 = NEXT_ASSEMBLY_USAGE_OCCURRENCE('1','','',#5,#31,$);
#623 = PRODUCT_RELATED_PRODUCT_CATEGORY('part',$,(#33));
#624 = SHAPE_DEFINITION_REPRESENTATION(#625,#631);
#625 = PRODUCT_DEFINITION_SHAPE('','',#626);
#626 = PRODUCT_DEFINITION('design','',#627,#630);
#627 = PRODUCT_DEFINITION_FORMATION('','',#628);
#628 = PRODUCT('Open CASCADE STEP translator 8.0 1.2',
  'Open CASCADE STEP translator 8.0 1.2','',(#629));
#629 = PRODUCT_CONTEXT('',#2,'mechanical');
#630 = PRODUCT_DEFINITION_CONTEXT('part definition',#2,'design');
#631 = ADVANCED_BREP_SHAPE_REPRESENTATION('',(#11,#632),#2915);
#632 = MANIFOLD_SOLID_BREP('',#633);
#633 = CLOSED_SHELL('',(#634,#1217,#1325,#1430,#1465,#2454,#2534,#2885)
  );
#634 = ADVANCED_FACE('',(#635),#650,.T.);
#635 = FACE_BOUND('',#636,.T.);
#636 = EDGE_LOOP('',(#637,#668,#669,#957,#1038,#1062,#1063));
#637 = ORIENTED_EDGE('',*,*,#638,.T.);
#638 = EDGE_CURVE('',#639,#641,#643,.T.);
#639 = VERTEX_POINT('',#640);
#640 = CARTESIAN_POINT('',(4.867833407684,0.,23.913601509815));
#641 = VERTEX_POINT('',#642);
#642 = CARTESIAN_POINT('',(7.317264624905E-16,-1.792212940281E-31,24.95)
  );
#643 = SEAM_CURVE('',#644,(#649,#661),.PCURVE_S1.);
#644 = CIRCLE('',#645,11.95);
#645 = AXIS2_PLACEMENT_3D('',#646,#647,#648);
#646 = CARTESIAN_POINT('',(0.,0.,13.));
#647 = DIRECTION('',(-2.449293598295E-16,-1.,0.));
#648 = DIRECTION('',(1.,-2.449293598295E-16,0.));
#649 = PCURVE('',#650,#655);
#650 = SPHERICAL_SURFACE('',#651,11.95);
#651 = AXIS2_PLACEMENT_3D('',#652,#653,#654);
#652 = CARTESIAN_POINT('',(0.,0.,13.));
#653 = DIRECTION('',(0.,0.,1.));
#654 = DIRECTION('',(1.,0.,0.));
#655 = DEFINITIONAL_REPRESENTATION('',(#656),#660);
#656 = LINE('',#657,#658);
#657 = CARTESIAN_POINT('',(6.28318530718,-6.28318530718));
#658 = VECTOR('',#659,1.);
#659 = DIRECTION('',(0.,1.));
#660 = ( GEOMETRIC_REPRESENTATION_CONTEXT(2) 
PARAMETRIC_REPRESENTATION_CONTEXT() REPRESENTATION_CONTEXT('2D SPACE',''
  ) );
#661 = PCURVE('',#650,#662);
#662 = DEFINITIONAL_REPRESENTATION('',(#663),#667);
#663 = LINE('',#664,#665);
#664 = CARTESIAN_POINT('',(0.,-6.28318530718));
#665 = VECTOR('',#666,1.);
#666 = DIRECTION('',(0.,1.));
#667 = ( GEOMETRIC_REPRESENTATION_CONTEXT(2) 
PARAMETRIC_REPRESENTATION_CONTEXT() REPRESENTATION_CONTEXT('2D SPACE',''
  ) );
#668 = ORIENTED_EDGE('',*,*,#638,.F.);
#669 = ORIENTED_EDGE('',*,*,#670,.F.);
#670 = EDGE_CURVE('',#671,#639,#673,.T.);
#671 = VERTEX_POINT('',#672);
#672 = CARTESIAN_POINT('',(10.457607314752,4.152075399858,
    17.025073803591));
#673 = SURFACE_CURVE('',#674,(#705,#739),.PCURVE_S1.);
#674 = ( BOUNDED_CURVE() B_SPLINE_CURVE(8,(#675,#676,#677,#678,#679,#680
    ,#681,#682,#683,#684,#685,#686,#687,#688,#689,#690,#691,#692,#693,
    #694,#695,#696,#697,#698,#699,#700,#701,#702,#703,#704),
.UNSPECIFIED.,.F.,.F.) B_SPLINE_CURVE_WITH_KNOTS((9,7,7,7,9),(
    6.991573919057E-15,13.50171329636,20.252569944541,23.627998268631,
27.003426592721),.UNSPECIFIED.) CURVE() GEOMETRIC_REPRESENTATION_ITEM() 
RATIONAL_B_SPLINE_CURVE((1.058404564398,1.058404564398,1.058404564398,
    1.058404564398,1.058404564398,1.058404564398,1.058404564398,
    1.058404564398,1.058404564398,1.058404564398,1.058404564398,
    1.058404564398,1.058404564398,1.058404564398,1.058404564398,
    1.058404564398,1.058404564398,1.058404564398,1.058404564398,
    1.058404564398,1.058404564398,1.058404564398,1.058404564398,
    1.058404564398,1.058404564398,1.058404564398,1.058404564398,
1.058404564398,1.058404564398,1.058404564398)) REPRESENTATION_ITEM('') 
  );
#675 = CARTESIAN_POINT('',(10.457607314751,4.152075399858,
    17.025073803591));
#676 = CARTESIAN_POINT('',(10.198481727311,5.662370002409,
    16.140363708595));
#677 = CARTESIAN_POINT('',(9.453950170848,7.262257792976,15.53553551513)
  );
#678 = CARTESIAN_POINT('',(8.248455319342,8.765662001747,15.32488178843)
  );
#679 = CARTESIAN_POINT('',(6.700833274947,9.968403262094,15.568749329531
    ));
#680 = CARTESIAN_POINT('',(5.002163698224,10.709494567624,
    16.245859418608));
#681 = CARTESIAN_POINT('',(3.367307555985,10.910959145647,
    17.259420313761));
#682 = CARTESIAN_POINT('',(1.982198965258,10.590075049423,
    18.465739311358));
#683 = CARTESIAN_POINT('',(0.46233693527,9.461887882687,20.338192855278)
  );
#684 = CARTESIAN_POINT('',(4.869076622819E-02,8.978002120913,
    20.972843769889));
#685 = CARTESIAN_POINT('',(-0.256693444513,8.397645105471,
    21.599157397299));
#686 = CARTESIAN_POINT('',(-0.442434942622,7.73672441885,22.197837969497
    ));
#687 = CARTESIAN_POINT('',(-0.502094071578,7.014996574785,22.75036199685
    ));
#688 = CARTESIAN_POINT('',(-0.434649962824,6.254810989993,
    23.240204192166));
#689 = CARTESIAN_POINT('',(-0.244440523198,5.479619080429,
    23.653849263534));
#690 = CARTESIAN_POINT('',(0.211344669374,4.329035113981,24.145146188102
    ));
#691 = CARTESIAN_POINT('',(0.39168474136,3.947541075623,24.287383521787)
  );
#692 = CARTESIAN_POINT('',(0.599296246945,3.57097364892,24.406853399331)
  );
#693 = CARTESIAN_POINT('',(0.832739307787,3.202205911909,24.502542395511
    ));
#694 = CARTESIAN_POINT('',(1.090291308608,2.844046747061,24.573682403431
    ));
#695 = CARTESIAN_POINT('',(1.369970683138,2.499196823292,24.619764940732
    ));
#696 = CARTESIAN_POINT('',(1.669566521273,2.170206151684,24.640550226812
    ));
#697 = CARTESIAN_POINT('',(2.30378205237,1.548661986586,24.631590217988)
  );
#698 = CARTESIAN_POINT('',(2.638401744941,1.256108493404,24.601844923141
    ));
#699 = CARTESIAN_POINT('',(2.988128830958,0.98413292758,24.546866295964)
  );
#700 = CARTESIAN_POINT('',(3.350365135088,0.734903965647,24.466958037973
    ));
#701 = CARTESIAN_POINT('',(3.722354606472,0.510359626213,24.362698585318
    ));
#702 = CARTESIAN_POINT('',(4.101224968726,0.312169895463,24.234938085553
    ));
#703 = CARTESIAN_POINT('',(4.484036065267,0.141703036095,24.084788035502
    ));
#704 = CARTESIAN_POINT('',(4.867833407684,-5.329070518201E-15,
    23.913601509815));
#705 = PCURVE('',#650,#706);
#706 = DEFINITIONAL_REPRESENTATION('',(#707),#738);
#707 = B_SPLINE_CURVE_WITH_KNOTS('',8,(#708,#709,#710,#711,#712,#713,
    #714,#715,#716,#717,#718,#719,#720,#721,#722,#723,#724,#725,#726,
    #727,#728,#729,#730,#731,#732,#733,#734,#735,#736,#737),
  .UNSPECIFIED.,.F.,.F.,(9,7,7,7,9),(6.991573919057E-15,13.50171329636,
    20.252569944541,23.627998268631,27.003426592721),.UNSPECIFIED.);
#708 = CARTESIAN_POINT('',(0.377950976822,0.3435441554));
#709 = CARTESIAN_POINT('',(0.51120379025,0.264915303745));
#710 = CARTESIAN_POINT('',(0.659210903843,0.213743231695));
#711 = CARTESIAN_POINT('',(0.816687626651,0.195978083431));
#712 = CARTESIAN_POINT('',(0.976771764202,0.216869213248));
#713 = CARTESIAN_POINT('',(1.12634481159,0.274098721282));
#714 = CARTESIAN_POINT('',(1.260320840553,0.360709661689));
#715 = CARTESIAN_POINT('',(1.37807645369,0.470340312031));
#716 = CARTESIAN_POINT('',(1.519893491074,0.659750546632));
#717 = CARTESIAN_POINT('',(1.561411699403,0.72706113912));
#718 = CARTESIAN_POINT('',(1.596064092988,0.797644288809));
#719 = CARTESIAN_POINT('',(1.623231095157,0.870893775627));
#720 = CARTESIAN_POINT('',(1.639834107948,0.945673063904));
#721 = CARTESIAN_POINT('',(1.642521863265,1.021023636452));
#722 = CARTESIAN_POINT('',(1.624710015254,1.09589616274));
#723 = CARTESIAN_POINT('',(1.524929605471,1.200142341511));
#724 = CARTESIAN_POINT('',(1.479415946393,1.23352290585));
#725 = CARTESIAN_POINT('',(1.418778833263,1.265016541676));
#726 = CARTESIAN_POINT('',(1.335504889768,1.293274339114));
#727 = CARTESIAN_POINT('',(1.231009738637,1.317833309112));
#728 = CARTESIAN_POINT('',(1.081395028208,1.335114977268));
#729 = CARTESIAN_POINT('',(0.915346919736,1.34272066637));
#730 = CARTESIAN_POINT('',(0.589309171028,1.339427918088));
#731 = CARTESIAN_POINT('',(0.429361900837,1.328528287252));
#732 = CARTESIAN_POINT('',(0.293016453034,1.308497268156));
#733 = CARTESIAN_POINT('',(0.198844591366,1.282343900028));
#734 = CARTESIAN_POINT('',(0.12343228888,1.252761176517));
#735 = CARTESIAN_POINT('',(6.949084288269E-02,1.220415512103));
#736 = CARTESIAN_POINT('',(2.911008332188E-02,1.186412602517));
#737 = CARTESIAN_POINT('',(-1.276756478319E-15,1.151245719974));
#738 = ( GEOMETRIC_REPRESENTATION_CONTEXT(2) 
PARAMETRIC_REPRESENTATION_CONTEXT() REPRESENTATION_CONTEXT('2D SPACE',''
  ) );
#739 = PCURVE('',#740,#951);
#740 = ( BOUNDED_SURFACE() B_SPLINE_SURFACE(6,8,(
    (#741,#742,#743,#744,#745,#746,#747,#748,#749,#750,#751,#752,#753
      ,#754,#755,#756,#757,#758,#759,#760,#761,#762,#763,#764,#765,#766
      ,#767,#768,#769,#770)
    ,(#771,#772,#773,#774,#775,#776,#777,#778,#779,#780,#781,#782,#783
      ,#784,#785,#786,#787,#788,#789,#790,#791,#792,#793,#794,#795,#796
      ,#797,#798,#799,#800)
    ,(#801,#802,#803,#804,#805,#806,#807,#808,#809,#810,#811,#812,#813
      ,#814,#815,#816,#817,#818,#819,#820,#821,#822,#823,#824,#825,#826
      ,#827,#828,#829,#830)
    ,(#831,#832,#833,#834,#835,#836,#837,#838,#839,#840,#841,#842,#843
      ,#844,#845,#846,#847,#848,#849,#850,#851,#852,#853,#854,#855,#856
      ,#857,#858,#859,#860)
    ,(#861,#862,#863,#864,#865,#866,#867,#868,#869,#870,#871,#872,#873
      ,#874,#875,#876,#877,#878,#879,#880,#881,#882,#883,#884,#885,#886
      ,#887,#888,#889,#890)
    ,(#891,#892,#893,#894,#895,#896,#897,#898,#899,#900,#901,#902,#903
      ,#904,#905,#906,#907,#908,#909,#910,#911,#912,#913,#914,#915,#916
      ,#917,#918,#919,#920)
    ,(#921,#922,#923,#924,#925,#926,#927,#928,#929,#930,#931,#932,#933
      ,#934,#935,#936,#937,#938,#939,#940,#941,#942,#943,#944,#945,#946
      ,#947,#948,#949,#950
)),.UNSPECIFIED.,.F.,.F.,.F.) B_SPLINE_SURFACE_WITH_KNOTS((7,7),(9,7,7,7
    ,9),(0.,27.003426592721),(6.991573919057E-15,13.50171329636,
    20.252569944541,23.627998268631,27.003426592721),.UNSPECIFIED.) 
GEOMETRIC_REPRESENTATION_ITEM() RATIONAL_B_SPLINE_SURFACE((
    (1.058404564398,1.058404564398,1.058404564398,1.058404564398
      ,1.058404564398,1.058404564398,1.058404564398,1.058404564398
      ,1.058404564398,1.058404564398,1.058404564398,1.058404564398
      ,1.058404564398,1.058404564398,1.058404564398,1.058404564398
      ,1.058404564398,1.058404564398,1.058404564398,1.058404564398
      ,1.058404564398,1.058404564398,1.058404564398,1.058404564398
      ,1.058404564398,1.058404564398,1.058404564398,1.058404564398
      ,1.058404564398,1.058404564398)
    ,(1.017946587322,1.017946587322,1.017946587322,1.017946587322
      ,1.017946587322,1.017946587322,1.017946587322,1.017946587322
      ,1.017946587322,1.017946587322,1.017946587322,1.017946587322
      ,1.017946587322,1.017946587322,1.017946587322,1.017946587322
      ,1.017946587322,1.017946587322,1.017946587322,1.017946587322
      ,1.017946587322,1.017946587322,1.017946587322,1.017946587322
      ,1.017946587322,1.017946587322,1.017946587322,1.017946587322
      ,1.017946587322,1.017946587322)
    ,(0.996215186332,0.996215186332,0.996215186332,0.996215186332
      ,0.996215186332,0.996215186332,0.996215186332,0.996215186332
      ,0.996215186332,0.996215186332,0.996215186332,0.996215186332
      ,0.996215186332,0.996215186332,0.996215186332,0.996215186332
      ,0.996215186332,0.996215186332,0.996215186332,0.996215186332
      ,0.996215186332,0.996215186332,0.996215186332,0.996215186332
      ,0.996215186332,0.996215186332,0.996215186332,0.996215186332
      ,0.996215186332,0.996215186332)
    ,(0.989068811669,0.989068811669,0.989068811669,0.989068811669
      ,0.989068811669,0.989068811669,0.989068811669,0.989068811669
      ,0.989068811669,0.989068811669,0.989068811669,0.989068811669
      ,0.989068811669,0.989068811669,0.989068811669,0.989068811669
      ,0.989068811669,0.989068811669,0.989068811669,0.989068811669
      ,0.989068811669,0.989068811669,0.989068811669,0.989068811669
      ,0.989068811669,0.989068811669,0.989068811669,0.989068811669
      ,0.989068811669,0.989068811669)
    ,(0.996215186332,0.996215186332,0.996215186332,0.996215186332
      ,0.996215186332,0.996215186332,0.996215186332,0.996215186332
      ,0.996215186332,0.996215186332,0.996215186332,0.996215186332
      ,0.996215186332,0.996215186332,0.996215186332,0.996215186332
      ,0.996215186332,0.996215186332,0.996215186332,0.996215186332
      ,0.996215186332,0.996215186332,0.996215186332,0.996215186332
      ,0.996215186332,0.996215186332,0.996215186332,0.996215186332
      ,0.996215186332,0.996215186332)
    ,(1.017946587322,1.017946587322,1.017946587322,1.017946587322
      ,1.017946587322,1.017946587322,1.017946587322,1.017946587322
      ,1.017946587322,1.017946587322,1.017946587322,1.017946587322
      ,1.017946587322,1.017946587322,1.017946587322,1.017946587322
      ,1.017946587322,1.017946587322,1.017946587322,1.017946587322
      ,1.017946587322,1.017946587322,1.017946587322,1.017946587322
      ,1.017946587322,1.017946587322,1.017946587322,1.017946587322
      ,1.017946587322,1.017946587322)
    ,(1.058404564398,1.058404564398,1.058404564398,1.058404564398
      ,1.058404564398,1.058404564398,1.058404564398,1.058404564398
      ,1.058404564398,1.058404564398,1.058404564398,1.058404564398
      ,1.058404564398,1.058404564398,1.058404564398,1.058404564398
      ,1.058404564398,1.058404564398,1.058404564398,1.058404564398
      ,1.058404564398,1.058404564398,1.058404564398,1.058404564398
      ,1.058404564398,1.058404564398,1.058404564398,1.058404564398
,1.058404564398,1.058404564398))) REPRESENTATION_ITEM('') SURFACE() );
#741 = CARTESIAN_POINT('',(10.457607314751,4.152075399858,
    17.025073803591));
#742 = CARTESIAN_POINT('',(10.198481727311,5.662370002409,
    16.140363708595));
#743 = CARTESIAN_POINT('',(9.453950170848,7.262257792976,15.53553551513)
  );
#744 = CARTESIAN_POINT('',(8.248455319342,8.765662001747,15.32488178843)
  );
#745 = CARTESIAN_POINT('',(6.700833274947,9.968403262094,15.568749329531
    ));
#746 = CARTESIAN_POINT('',(5.002163698224,10.709494567624,
    16.245859418608));
#747 = CARTESIAN_POINT('',(3.367307555985,10.910959145647,
    17.259420313761));
#748 = CARTESIAN_POINT('',(1.982198965258,10.590075049423,
    18.465739311358));
#749 = CARTESIAN_POINT('',(0.46233693527,9.461887882687,20.338192855278)
  );
#750 = CARTESIAN_POINT('',(4.869076622819E-02,8.978002120913,
    20.972843769889));
#751 = CARTESIAN_POINT('',(-0.256693444513,8.397645105471,
    21.599157397299));
#752 = CARTESIAN_POINT('',(-0.442434942622,7.73672441885,22.197837969497
    ));
#753 = CARTESIAN_POINT('',(-0.502094071578,7.014996574785,22.75036199685
    ));
#754 = CARTESIAN_POINT('',(-0.434649962824,6.254810989993,
    23.240204192166));
#755 = CARTESIAN_POINT('',(-0.244440523198,5.479619080429,
    23.653849263534));
#756 = CARTESIAN_POINT('',(0.211344669374,4.329035113981,24.145146188102
    ));
#757 = CARTESIAN_POINT('',(0.39168474136,3.947541075623,24.287383521787)
  );
#758 = CARTESIAN_POINT('',(0.599296246945,3.57097364892,24.406853399331)
  );
#759 = CARTESIAN_POINT('',(0.832739307787,3.202205911909,24.502542395511
    ));
#760 = CARTESIAN_POINT('',(1.090291308608,2.844046747061,24.573682403431
    ));
#761 = CARTESIAN_POINT('',(1.369970683138,2.499196823292,24.619764940732
    ));
#762 = CARTESIAN_POINT('',(1.669566521273,2.170206151684,24.640550226812
    ));
#763 = CARTESIAN_POINT('',(2.30378205237,1.548661986586,24.631590217988)
  );
#764 = CARTESIAN_POINT('',(2.638401744941,1.256108493404,24.601844923141
    ));
#765 = CARTESIAN_POINT('',(2.988128830958,0.98413292758,24.546866295964)
  );
#766 = CARTESIAN_POINT('',(3.350365135088,0.734903965647,24.466958037973
    ));
#767 = CARTESIAN_POINT('',(3.722354606472,0.510359626213,24.362698585318
    ));
#768 = CARTESIAN_POINT('',(4.101224968726,0.312169895463,24.234938085553
    ));
#769 = CARTESIAN_POINT('',(4.484036065267,0.141703036095,24.084788035502
    ));
#770 = CARTESIAN_POINT('',(4.867833407684,-5.329070518201E-15,
    23.913601509815));
#771 = CARTESIAN_POINT('',(10.423613398628,4.180689231412,
    17.083877256986));
#772 = CARTESIAN_POINT('',(10.16706067413,5.675988089802,16.207951465542
    ));
#773 = CARTESIAN_POINT('',(9.429921585812,7.259990563721,15.609128622845
    ));
#774 = CARTESIAN_POINT('',(8.236396115876,8.748467443183,15.400566481049
    ));
#775 = CARTESIAN_POINT('',(6.70414044053,9.939266662419,15.642012656644)
  );
#776 = CARTESIAN_POINT('',(5.022336986711,10.672999658122,16.31239970662
    ));
#777 = CARTESIAN_POINT('',(3.403713362557,10.872463890473,
    17.315896936149));
#778 = CARTESIAN_POINT('',(2.032357541672,10.554765858614,
    18.510238369214));
#779 = CARTESIAN_POINT('',(0.527586251016,9.437780483958,20.364100285877
    ));
#780 = CARTESIAN_POINT('',(0.118047182744,8.958699233221,20.992449739348
    ));
#781 = CARTESIAN_POINT('',(-0.184304862295,8.384104593749,
    21.612544686704));
#782 = CARTESIAN_POINT('',(-0.368202129497,7.729746201339,
    22.205280947984));
#783 = CARTESIAN_POINT('',(-0.427268901813,7.015184406921,
    22.752318953641));
#784 = CARTESIAN_POINT('',(-0.360494446912,6.262546719424,
    23.237297496377));
#785 = CARTESIAN_POINT('',(-0.172173600471,5.495051705242,
    23.646835477875));
#786 = CARTESIAN_POINT('',(0.279086092156,4.35589190913,24.133254305828)
  );
#787 = CARTESIAN_POINT('',(0.457635564098,3.978185732417,24.27407936229)
  );
#788 = CARTESIAN_POINT('',(0.663185691051,3.605357250938,24.392363021122
    ));
#789 = CARTESIAN_POINT('',(0.894310891251,3.240251015881,24.487101919418
    ));
#790 = CARTESIAN_POINT('',(1.149305653301,2.885648020271,24.557535576831
    ));
#791 = CARTESIAN_POINT('',(1.426208085941,2.544222118028,24.603160559733
    ));
#792 = CARTESIAN_POINT('',(1.722829231237,2.218498001127,24.623739468308
    ));
#793 = CARTESIAN_POINT('',(2.350747624126,1.60312516,24.614868423583));
#794 = CARTESIAN_POINT('',(2.682044871332,1.31347643608,24.585418470341)
  );
#795 = CARTESIAN_POINT('',(3.028299510385,1.044201320881,24.530985727011
    ));
#796 = CARTESIAN_POINT('',(3.386939163283,0.797446958105,24.451870879651
    ));
#797 = CARTESIAN_POINT('',(3.75523514405,0.575132123737,24.348646621107)
  );
#798 = CARTESIAN_POINT('',(4.130343695189,0.378910222636,24.222154657801
    ));
#799 = CARTESIAN_POINT('',(4.509353852989,0.210135931993,24.073495450486
    ));
#800 = CARTESIAN_POINT('',(4.88934046421,6.983986806985E-02,
    23.904008639106));
#801 = CARTESIAN_POINT('',(10.363288102401,4.196743308889,17.1289521517)
  );
#802 = CARTESIAN_POINT('',(10.109874185279,5.673747857234,
    16.263742918966));
#803 = CARTESIAN_POINT('',(9.381753662683,7.238370772205,15.672246404839
    ));
#804 = CARTESIAN_POINT('',(8.2028304409,8.708636805471,15.46623592719));
#805 = CARTESIAN_POINT('',(6.689321225659,9.884867131007,15.704728117252
    ));
#806 = CARTESIAN_POINT('',(5.028093881857,10.609623233001,16.36691328272
    ));
#807 = CARTESIAN_POINT('',(3.429273390876,10.806647110042,
    17.358133174281));
#808 = CARTESIAN_POINT('',(2.074695492631,10.492835970935,18.53786237625
    ));
#809 = CARTESIAN_POINT('',(0.588334402975,9.389516410739,20.369043124868
    ));
#810 = CARTESIAN_POINT('',(0.183805861293,8.916296503966,20.989705004946
    ));
#811 = CARTESIAN_POINT('',(-0.11484704225,8.348731771878,21.602213369085
    ));
#812 = CARTESIAN_POINT('',(-0.296494408969,7.702379160549,
    22.187697768385));
#813 = CARTESIAN_POINT('',(-0.354838525851,6.9965597088,22.728043009699)
  );
#814 = CARTESIAN_POINT('',(-0.28888102642,6.253130205426,23.207088057752
    ));
#815 = CARTESIAN_POINT('',(-0.102864200967,5.495025148087,
    23.611615525955));
#816 = CARTESIAN_POINT('',(0.342874531966,4.369802460523,24.092083237982
    ));
#817 = CARTESIAN_POINT('',(0.519239531299,3.996717349267,24.231185363119
    ));
#818 = CARTESIAN_POINT('',(0.722274844754,3.628450256834,24.348021874502
    ));
#819 = CARTESIAN_POINT('',(0.950572331921,3.267810932607,24.441601684921
    ));
#820 = CARTESIAN_POINT('',(1.202447347567,2.917546345407,24.511173618165
    ));
#821 = CARTESIAN_POINT('',(1.475962003291,2.580297635757,24.556240399889
    ));
#822 = CARTESIAN_POINT('',(1.768954122076,2.258558607154,24.57656753476)
  );
#823 = CARTESIAN_POINT('',(2.389190215404,1.650714576396,24.567805023283
    ));
#824 = CARTESIAN_POINT('',(2.716434189565,1.364609574541,24.538715376994
    ));
#825 = CARTESIAN_POINT('',(3.0584525586,1.098628919455,24.484948593835)
  );
#826 = CARTESIAN_POINT('',(3.412704416398,0.854893485499,24.406801681104
    ));
#827 = CARTESIAN_POINT('',(3.776494461229,0.635298573295,24.304840325009
    ));
#828 = CARTESIAN_POINT('',(4.147013727693,0.441477359037,24.179895934072
    ));
#829 = CARTESIAN_POINT('',(4.521386866413,0.27476794605,24.0330555054));
#830 = CARTESIAN_POINT('',(4.896724512085,0.136188341466,23.865642289046
    ));
#831 = CARTESIAN_POINT('',(10.287548434957,4.1962961097,17.150372369923)
  );
#832 = CARTESIAN_POINT('',(10.037228658872,5.65526668249,16.295727195486
    ));
#833 = CARTESIAN_POINT('',(9.317998364625,7.200785816478,15.711452753687
    ));
#834 = CARTESIAN_POINT('',(8.15346959585,8.653100150316,15.507957629103)
  );
#835 = CARTESIAN_POINT('',(6.658440071969,9.814968902651,15.743537869888
    ));
#836 = CARTESIAN_POINT('',(5.017496032877,10.530875855303,
    16.397637866559));
#837 = CARTESIAN_POINT('',(3.438196869494,10.725494104152,
    17.376755131006));
#838 = CARTESIAN_POINT('',(2.100158138127,10.415514545941,
    18.542080039085));
#839 = CARTESIAN_POINT('',(0.631945265813,9.325666330841,20.350902380686
    ));
#840 = CARTESIAN_POINT('',(0.23235594916,8.858224359039,20.963986084253)
  );
#841 = CARTESIAN_POINT('',(-6.265045297736E-02,8.29758949627,
    21.569015824931));
#842 = CARTESIAN_POINT('',(-0.242079936093,7.659128740931,
    22.147351558808));
#843 = CARTESIAN_POINT('',(-0.299711681182,6.961927225231,
    22.681099276178));
#844 = CARTESIAN_POINT('',(-0.234559511656,6.227574870269,
    23.154295265271));
#845 = CARTESIAN_POINT('',(-5.081392015828E-02,5.478726147372,
    23.553883521553));
#846 = CARTESIAN_POINT('',(0.389482418286,4.367242238382,24.028484804134
    ));
#847 = CARTESIAN_POINT('',(0.563694030826,3.998712433191,24.165888515865
    ));
#848 = CARTESIAN_POINT('',(0.764250317467,3.634941819629,24.281298473218
    ));
#849 = CARTESIAN_POINT('',(0.989760330954,3.278705840513,24.373735689991
    ));
#850 = CARTESIAN_POINT('',(1.238559995288,2.932717924642,24.442458161705
    ));
#851 = CARTESIAN_POINT('',(1.508735083358,2.599586964657,24.486974685652
    ));
#852 = CARTESIAN_POINT('',(1.798149817961,2.28177631514,24.507053629646)
  );
#853 = CARTESIAN_POINT('',(2.410812933563,1.681353957121,24.498398106951
    ));
#854 = CARTESIAN_POINT('',(2.734061314185,1.398742248917,24.46966364032)
  );
#855 = CARTESIAN_POINT('',(3.07190369682,1.136009172613,24.416553340483)
  );
#856 = CARTESIAN_POINT('',(3.42183019939,0.895249707053,24.339360588331)
  );
#857 = CARTESIAN_POINT('',(3.781178429344,0.678336011562,24.238644163137
    ));
#858 = CARTESIAN_POINT('',(4.147173718275,0.486881321526,24.115225322066
    ));
#859 = CARTESIAN_POINT('',(4.516975824332,0.322207402257,23.970177790176
    ));
#860 = CARTESIAN_POINT('',(4.887730660875,0.185319831191,23.80480866086)
  );
#861 = CARTESIAN_POINT('',(10.211075191813,4.179044167461,
    17.143319956675));
#862 = CARTESIAN_POINT('',(9.963189112774,5.623830114383,16.296983943695
    ));
#863 = CARTESIAN_POINT('',(9.250951428814,7.154323166902,15.718390023844
    ));
#864 = CARTESIAN_POINT('',(8.097744618964,8.592517589172,15.516873350548
    ));
#865 = CARTESIAN_POINT('',(6.617250298776,9.743090244199,15.750163197243
    ));
#866 = CARTESIAN_POINT('',(4.992260095696,10.452036897261,
    16.397903803323));
#867 = CARTESIAN_POINT('',(3.428315435128,10.644762998935,
    17.367501744806));
#868 = CARTESIAN_POINT('',(2.103285587666,10.337797171188,
    18.521496953614));
#869 = CARTESIAN_POINT('',(0.649347198111,9.258544844361,20.312733287206
    ));
#870 = CARTESIAN_POINT('',(0.25364282956,8.795647508077,20.919856375033)
  );
#871 = CARTESIAN_POINT('',(-3.849541641196E-02,8.240463334942,
    21.519003803435));
#872 = CARTESIAN_POINT('',(-0.216180422884,7.608209919981,
    22.091716753574));
#873 = CARTESIAN_POINT('',(-0.273251851845,6.917786843023,
    22.620275187609));
#874 = CARTESIAN_POINT('',(-0.208733114663,6.19057412035,23.088870598601
    ));
#875 = CARTESIAN_POINT('',(-2.67739625348E-02,5.449005968539,
    23.48457391709));
#876 = CARTESIAN_POINT('',(0.409241659801,4.34832829766,23.954560958812)
  );
#877 = CARTESIAN_POINT('',(0.581759525674,3.983381469059,24.090628783253
    ));
#878 = CARTESIAN_POINT('',(0.780365933445,3.623147561549,24.204916684345
    ));
#879 = CARTESIAN_POINT('',(1.00368345914,3.270375034116,24.296455193933)
  );
#880 = CARTESIAN_POINT('',(1.250064205491,2.927750934645,24.364509521568
    ));
#881 = CARTESIAN_POINT('',(1.517612556178,2.597858791208,24.408593240187
    ));
#882 = CARTESIAN_POINT('',(1.804213498778,2.283138008782,24.428476969614
    ));
#883 = CARTESIAN_POINT('',(2.410920087744,1.688553168442,24.41990559896)
  );
#884 = CARTESIAN_POINT('',(2.731025733737,1.408689110822,24.391450498936
    ));
#885 = CARTESIAN_POINT('',(3.065583493714,1.14851041804,24.338856556144)
  );
#886 = CARTESIAN_POINT('',(3.412107887556,0.910091700818,24.262414299121
    ));
#887 = CARTESIAN_POINT('',(3.76796240743,0.695286916688,24.162677074492)
  );
#888 = CARTESIAN_POINT('',(4.13039936123,0.505693616593,24.040458154872)
  );
#889 = CARTESIAN_POINT('',(4.49660612094,0.342620715177,23.896820826184)
  );
#890 = CARTESIAN_POINT('',(4.863756348354,0.2070640133,23.733059473798)
  );
#891 = CARTESIAN_POINT('',(10.148725595135,4.148725595135,
    17.109824690323));
#892 = CARTESIAN_POINT('',(9.902155829788,5.585839503623,16.267982853406
    ));
#893 = CARTESIAN_POINT('',(9.193700238876,7.108205399627,15.692461357398
    ));
#894 = CARTESIAN_POINT('',(8.046617136822,8.538762785487,15.492014769026
    ));
#895 = CARTESIAN_POINT('',(6.573984472092,9.68322572049,15.724065810296)
  );
#896 = CARTESIAN_POINT('',(4.957623220115,10.388407756392,
    16.368366812859));
#897 = CARTESIAN_POINT('',(3.401983349311,10.580110452445,
    17.332816038238));
#898 = CARTESIAN_POINT('',(2.08398961674,10.274774661059,18.480683352729
    ));
#899 = CARTESIAN_POINT('',(0.637771866514,9.201253332204,20.262407942367
    ));
#900 = CARTESIAN_POINT('',(0.244168749799,8.740814052881,20.866307112026
    ));
#901 = CARTESIAN_POINT('',(-4.641819658017E-02,8.188577994186,
    21.462272974254));
#902 = CARTESIAN_POINT('',(-0.22315966799,7.559681943345,22.031944729416
    ));
#903 = CARTESIAN_POINT('',(-0.279928038773,6.872925120473,
    22.557696435833));
#904 = CARTESIAN_POINT('',(-0.215751906135,6.149574010637,
    23.023803532199));
#905 = CARTESIAN_POINT('',(-3.475898544888E-02,5.411943701225,
    23.417405604428));
#906 = CARTESIAN_POINT('',(0.398941326014,4.317110800233,23.884896941748
    ));
#907 = CARTESIAN_POINT('',(0.570543095146,3.954101896139,24.020242224846
    ));
#908 = CARTESIAN_POINT('',(0.768094871955,3.595780886792,24.13392323938)
  );
#909 = CARTESIAN_POINT('',(0.990226546802,3.244881636431,24.224975665224
    ));
#910 = CARTESIAN_POINT('',(1.235298973011,2.904076924299,24.292668613777
    ));
#911 = CARTESIAN_POINT('',(1.50142660028,2.575936559531,24.336518240984)
  );
#912 = CARTESIAN_POINT('',(1.78650564723,2.262886993484,24.35629638471)
  );
#913 = CARTESIAN_POINT('',(2.389990529702,1.671459491265,24.34777052937)
  );
#914 = CARTESIAN_POINT('',(2.708396364852,1.393081555385,24.319466530359
    ));
#915 = CARTESIAN_POINT('',(3.04117757101,1.13428445199,24.267151869596)
  );
#916 = CARTESIAN_POINT('',(3.385861866342,0.897131775295,24.191115532865
    ));
#917 = CARTESIAN_POINT('',(3.739826743283,0.68346763803,24.091907928436)
  );
#918 = CARTESIAN_POINT('',(4.100339100401,0.494881107891,23.970338010317
    ));
#919 = CARTESIAN_POINT('',(4.464601245173,0.332674148984,23.827463418218
    ));
#920 = CARTESIAN_POINT('',(4.829801847689,0.197837274309,23.664571664123
    ));
#921 = CARTESIAN_POINT('',(10.111873920068,4.111873920068,
    17.057708551648));
#922 = CARTESIAN_POINT('',(9.865304154721,5.548987828556,16.21586671473)
  );
#923 = CARTESIAN_POINT('',(9.156848563809,7.071353724561,15.640345218722
    ));
#924 = CARTESIAN_POINT('',(8.009765461755,8.50191111042,15.439898630351)
  );
#925 = CARTESIAN_POINT('',(6.537132797025,9.646374045424,15.671949671621
    ));
#926 = CARTESIAN_POINT('',(4.920771545049,10.351556081325,
    16.316250674184));
#927 = CARTESIAN_POINT('',(3.365131674245,10.543258777378,
    17.280699899562));
#928 = CARTESIAN_POINT('',(2.047137941673,10.237922985992,
    18.428567214053));
#929 = CARTESIAN_POINT('',(0.600920191448,9.164401657137,20.210291803692
    ));
#930 = CARTESIAN_POINT('',(0.207317074733,8.703962377814,20.814190973351
    ));
#931 = CARTESIAN_POINT('',(-8.32698716469E-02,8.15172631912,
    21.410156835579));
#932 = CARTESIAN_POINT('',(-0.260011343056,7.522830268279,21.97982859074
    ));
#933 = CARTESIAN_POINT('',(-0.31677971384,6.836073445407,22.505580297157
    ));
#934 = CARTESIAN_POINT('',(-0.252603581202,6.11272233557,22.971687393523
    ));
#935 = CARTESIAN_POINT('',(-7.161066051553E-02,5.375092026159,
    23.365289465752));
#936 = CARTESIAN_POINT('',(0.362089650948,4.280259125166,23.832780803072
    ));
#937 = CARTESIAN_POINT('',(0.53369142008,3.917250221072,23.968126086171)
  );
#938 = CARTESIAN_POINT('',(0.731243196889,3.558929211725,24.081807100705
    ));
#939 = CARTESIAN_POINT('',(0.953374871735,3.208029961364,24.172859526549
    ));
#940 = CARTESIAN_POINT('',(1.198447297945,2.867225249233,24.240552475102
    ));
#941 = CARTESIAN_POINT('',(1.464574925213,2.539084884464,24.284402102308
    ));
#942 = CARTESIAN_POINT('',(1.749653972164,2.226035318417,24.304180246035
    ));
#943 = CARTESIAN_POINT('',(2.353138854635,1.634607816198,24.295654390695
    ));
#944 = CARTESIAN_POINT('',(2.671544689785,1.356229880319,24.267350391684
    ));
#945 = CARTESIAN_POINT('',(3.004325895943,1.097432776923,24.215035730921
    ));
#946 = CARTESIAN_POINT('',(3.349010191275,0.860280100229,24.13899939419)
  );
#947 = CARTESIAN_POINT('',(3.702975068216,0.646615962963,24.03979178976)
  );
#948 = CARTESIAN_POINT('',(4.063487425335,0.458029432825,23.918221871641
    ));
#949 = CARTESIAN_POINT('',(4.427749570107,0.295822473917,23.775347279543
    ));
#950 = CARTESIAN_POINT('',(4.792950172622,0.160985599242,23.612455525447
    ));
#951 = DEFINITIONAL_REPRESENTATION('',(#952),#956);
#952 = LINE('',#953,#954);
#953 = CARTESIAN_POINT('',(0.,0.));
#954 = VECTOR('',#955,1.);
#955 = DIRECTION('',(0.,1.));
#956 = ( GEOMETRIC_REPRESENTATION_CONTEXT(2) 
PARAMETRIC_REPRESENTATION_CONTEXT() REPRESENTATION_CONTEXT('2D SPACE',''
  ) );
#957 = ORIENTED_EDGE('',*,*,#958,.F.);
#958 = EDGE_CURVE('',#959,#671,#961,.T.);
#959 = VERTEX_POINT('',#960);
#960 = CARTESIAN_POINT('',(8.666830853281,-2.122761332644E-15,
    21.227304720297));
#961 = SURFACE_CURVE('',#962,(#970,#981),.PCURVE_S1.);
#962 = ( BOUNDED_CURVE() B_SPLINE_CURVE(6,(#963,#964,#965,#966,#967,#968
,#969),.UNSPECIFIED.,.F.,.F.) B_SPLINE_CURVE_WITH_KNOTS((7,7),(
31.550412776916,37.699111843078),.PIECEWISE_BEZIER_KNOTS.) CURVE() 
GEOMETRIC_REPRESENTATION_ITEM() RATIONAL_B_SPLINE_CURVE((1.058404559251,
    1.058404563953,1.05840457429,1.058404541017,1.058404574375,
1.058404564398,1.058404564398)) REPRESENTATION_ITEM('') );
#963 = CARTESIAN_POINT('',(8.666830853281,4.440892098501E-16,
    21.227304720297));
#964 = CARTESIAN_POINT('',(9.366646654445,0.342745125673,20.49010275886)
  );
#965 = CARTESIAN_POINT('',(9.944632330035,0.862822879141,19.713654529496
    ));
#966 = CARTESIAN_POINT('',(10.359805174141,1.546069901942,
    18.936954819538));
#967 = CARTESIAN_POINT('',(10.584474557202,2.349990492922,
    18.209631446219));
#968 = CARTESIAN_POINT('',(10.614948853319,3.235021708621,
    17.562271418493));
#969 = CARTESIAN_POINT('',(10.457607314751,4.152075399858,
    17.025073803591));
#970 = PCURVE('',#650,#971);
#971 = DEFINITIONAL_REPRESENTATION('',(#972),#980);
#972 = B_SPLINE_CURVE_WITH_KNOTS('',6,(#973,#974,#975,#976,#977,#978,
    #979),.UNSPECIFIED.,.F.,.F.,(7,7),(31.550412776916,37.699111843078),
  .PIECEWISE_BEZIER_KNOTS.);
#973 = CARTESIAN_POINT('',(-5.551115123126E-17,0.759387539429));
#974 = CARTESIAN_POINT('',(3.954676547842E-02,0.674327385702));
#975 = CARTESIAN_POINT('',(9.189047604055E-02,0.592976291097));
#976 = CARTESIAN_POINT('',(0.153024912802,0.517416486072));
#977 = CARTESIAN_POINT('',(0.22161219712,0.449803152874));
#978 = CARTESIAN_POINT('',(0.29703962071,0.391287740344));
#979 = CARTESIAN_POINT('',(0.377950976822,0.3435441554));
#980 = ( GEOMETRIC_REPRESENTATION_CONTEXT(2) 
PARAMETRIC_REPRESENTATION_CONTEXT() REPRESENTATION_CONTEXT('2D SPACE',''
  ) );
#981 = PCURVE('',#982,#1032);
#982 = ( BOUNDED_SURFACE() B_SPLINE_SURFACE(6,6,(
    (#983,#984,#985,#986,#987,#988,#989)
    ,(#990,#991,#992,#993,#994,#995,#996)
    ,(#997,#998,#999,#1000,#1001,#1002,#1003)
    ,(#1004,#1005,#1006,#1007,#1008,#1009,#1010)
    ,(#1011,#1012,#1013,#1014,#1015,#1016,#1017)
    ,(#1018,#1019,#1020,#1021,#1022,#1023,#1024)
    ,(#1025,#1026,#1027,#1028,#1029,#1030,#1031
)),.UNSPECIFIED.,.F.,.F.,.F.) B_SPLINE_SURFACE_WITH_KNOTS((7,7),(7,7),(
    0.,6.148699066162),(31.550412776916,37.699111843078),
.PIECEWISE_BEZIER_KNOTS.) GEOMETRIC_REPRESENTATION_ITEM() 
RATIONAL_B_SPLINE_SURFACE((
    (1.058404559251,1.058404563953,1.05840457429,1.058404541017
      ,1.058404574375,1.058404564398,1.058404564398)
    ,(1.017946585875,1.017946587197,1.017946590103,1.017946580748
      ,1.017946590127,1.017946587322,1.017946587322)
    ,(0.996215186647,0.996215186359,0.996215185726,0.996215187763
      ,0.996215185721,0.996215186332,0.996215186332)
    ,(0.98906881258,0.989068811748,0.98906880992,0.989068815805
      ,0.989068809905,0.989068811669,0.989068811669)
    ,(0.996215186647,0.996215186359,0.996215185726,0.996215187763
      ,0.996215185721,0.996215186332,0.996215186332)
    ,(1.017946585875,1.017946587197,1.017946590103,1.017946580748
      ,1.017946590127,1.017946587322,1.017946587322)
    ,(1.058404559251,1.058404563953,1.05840457429,1.058404541017
      ,1.058404574375,1.058404564398,1.058404564398
))) REPRESENTATION_ITEM('') SURFACE() );
#983 = CARTESIAN_POINT('',(8.666830853281,4.440892098501E-16,
    21.227304720297));
#984 = CARTESIAN_POINT('',(9.366646654445,0.342745125673,20.49010275886)
  );
#985 = CARTESIAN_POINT('',(9.944632330035,0.862822879141,19.713654529496
    ));
#986 = CARTESIAN_POINT('',(10.359805174141,1.546069901942,
    18.936954819538));
#987 = CARTESIAN_POINT('',(10.584474557202,2.349990492922,
    18.209631446219));
#988 = CARTESIAN_POINT('',(10.614948853319,3.235021708621,
    17.562271418493));
#989 = CARTESIAN_POINT('',(10.457607314751,4.152075399858,
    17.025073803591));
#990 = CARTESIAN_POINT('',(8.650592688811,6.982765890951E-02,
    21.244410373923));
#991 = CARTESIAN_POINT('',(9.343475081209,0.409170018038,20.514517201794
    ));
#992 = CARTESIAN_POINT('',(9.91578557536,0.9241183065,19.745709032425));
#993 = CARTESIAN_POINT('',(10.326772561182,1.600615537193,
    18.976741926696));
#994 = CARTESIAN_POINT('',(10.549220238896,2.396482874344,18.25668411518
    ));
#995 = CARTESIAN_POINT('',(10.579392690032,3.272740983916,
    17.615741026436));
#996 = CARTESIAN_POINT('',(10.423613398628,4.180689231412,
    17.083877256986));
#997 = CARTESIAN_POINT('',(8.611928823919,0.13616123598,21.238615340067)
  );
#998 = CARTESIAN_POINT('',(9.296352683182,0.47135233374,20.517638646875)
  );
#999 = CARTESIAN_POINT('',(9.861739636062,0.980042848238,19.758151091899
    ));
#1000 = CARTESIAN_POINT('',(10.267620048784,1.648305554961,
    18.998617511635));
#1001 = CARTESIAN_POINT('',(10.487357281459,2.434348184439,
    18.287423446488));
#1002 = CARTESIAN_POINT('',(10.517161504131,3.299903400473,
    17.654308806773));
#1003 = CARTESIAN_POINT('',(10.363288102401,4.196743308889,17.1289521517
    ));
#1004 = CARTESIAN_POINT('',(8.557542340674,0.185278041183,
    21.209889529218));
#1005 = CARTESIAN_POINT('',(9.233628031786,0.516376951414,20.49770242858
    ));
#1006 = CARTESIAN_POINT('',(9.792189961955,1.018898742481,19.74740284788
    ));
#1007 = CARTESIAN_POINT('',(10.193036492413,1.679044108405,
    18.997168560018));
#1008 = CARTESIAN_POINT('',(10.410101826686,2.455401833133,
    18.294712100848));
#1009 = CARTESIAN_POINT('',(10.439543068493,3.310406464778,
    17.669314509152));
#1010 = CARTESIAN_POINT('',(10.287548434957,4.1962961097,17.150372369923
    ));
#1011 = CARTESIAN_POINT('',(8.497864449317,0.207010673855,
    21.163394752281));
#1012 = CARTESIAN_POINT('',(9.167391750843,0.534890872547,20.45812110548
    ));
#1013 = CARTESIAN_POINT('',(9.720585454662,1.032560652243,
    19.715048322708));
#1014 = CARTESIAN_POINT('',(10.117472600323,1.68632132975,
    18.972128403893));
#1015 = CARTESIAN_POINT('',(10.332436335234,2.455061381349,
    18.276544503465));
#1016 = CARTESIAN_POINT('',(10.361592079979,3.301767453744,
    17.657216757617));
#1017 = CARTESIAN_POINT('',(10.211075191813,4.179044167461,
    17.143319956675));
#1018 = CARTESIAN_POINT('',(8.4445989558,0.197777689237,21.108566297002)
  );
#1019 = CARTESIAN_POINT('',(9.110579019087,0.523916982029,20.40703192906
    ));
#1020 = CARTESIAN_POINT('',(9.660869207971,1.018962452754,
    19.667867899873));
#1021 = CARTESIAN_POINT('',(10.055614853888,1.669269853553,
    18.928904111769));
#1022 = CARTESIAN_POINT('',(10.269441882387,2.433889720956,
    18.237037367928));
#1023 = CARTESIAN_POINT('',(10.298443215178,3.276107357421,
    17.620992619202));
#1024 = CARTESIAN_POINT('',(10.148725595135,4.148725595135,
    17.109824690323));
#1025 = CARTESIAN_POINT('',(8.407747282432,0.160926015869,
    21.056450160729));
#1026 = CARTESIAN_POINT('',(9.073727342074,0.487065306083,
    20.354915792798));
#1027 = CARTESIAN_POINT('',(9.624017528939,0.982110775079,
    19.615751756611));
#1028 = CARTESIAN_POINT('',(10.018763193514,1.632418192161,
    18.876787974862));
#1029 = CARTESIAN_POINT('',(10.232590199172,2.397038034077,
    18.184921234054));
#1030 = CARTESIAN_POINT('',(10.261591540111,3.239255682354,
    17.568876480526));
#1031 = CARTESIAN_POINT('',(10.111873920068,4.111873920068,
    17.057708551648));
#1032 = DEFINITIONAL_REPRESENTATION('',(#1033),#1037);
#1033 = LINE('',#1034,#1035);
#1034 = CARTESIAN_POINT('',(0.,0.));
#1035 = VECTOR('',#1036,1.);
#1036 = DIRECTION('',(0.,1.));
#1037 = ( GEOMETRIC_REPRESENTATION_CONTEXT(2) 
PARAMETRIC_REPRESENTATION_CONTEXT() REPRESENTATION_CONTEXT('2D SPACE',''
  ) );
#1038 = ORIENTED_EDGE('',*,*,#1039,.F.);
#1039 = EDGE_CURVE('',#1040,#959,#1042,.T.);
#1040 = VERTEX_POINT('',#1041);
#1041 = CARTESIAN_POINT('',(7.317264624905E-16,-1.792212940281E-31,1.05)
  );
#1042 = SEAM_CURVE('',#1043,(#1048,#1055),.PCURVE_S1.);
#1043 = CIRCLE('',#1044,11.95);
#1044 = AXIS2_PLACEMENT_3D('',#1045,#1046,#1047);
#1045 = CARTESIAN_POINT('',(0.,0.,13.));
#1046 = DIRECTION('',(-2.449293598295E-16,-1.,0.));
#1047 = DIRECTION('',(1.,-2.449293598295E-16,0.));
#1048 = PCURVE('',#650,#1049);
#1049 = DEFINITIONAL_REPRESENTATION('',(#1050),#1054);
#1050 = LINE('',#1051,#1052);
#1051 = CARTESIAN_POINT('',(6.28318530718,-6.28318530718));
#1052 = VECTOR('',#1053,1.);
#1053 = DIRECTION('',(0.,1.));
#1054 = ( GEOMETRIC_REPRESENTATION_CONTEXT(2) 
PARAMETRIC_REPRESENTATION_CONTEXT() REPRESENTATION_CONTEXT('2D SPACE',''
  ) );
#1055 = PCURVE('',#650,#1056);
#1056 = DEFINITIONAL_REPRESENTATION('',(#1057),#1061);
#1057 = LINE('',#1058,#1059);
#1058 = CARTESIAN_POINT('',(0.,-6.28318530718));
#1059 = VECTOR('',#1060,1.);
#1060 = DIRECTION('',(0.,1.));
#1061 = ( GEOMETRIC_REPRESENTATION_CONTEXT(2) 
PARAMETRIC_REPRESENTATION_CONTEXT() REPRESENTATION_CONTEXT('2D SPACE',''
  ) );
#1062 = ORIENTED_EDGE('',*,*,#1039,.T.);
#1063 = ORIENTED_EDGE('',*,*,#1064,.F.);
#1064 = EDGE_CURVE('',#639,#959,#1065,.T.);
#1065 = SURFACE_CURVE('',#1066,(#1081,#1111),.PCURVE_S1.);
#1066 = ( BOUNDED_CURVE() B_SPLINE_CURVE(7,(#1067,#1068,#1069,#1070,
    #1071,#1072,#1073,#1074,#1075,#1076,#1077,#1078,#1079,#1080),
.UNSPECIFIED.,.F.,.F.) B_SPLINE_CURVE_WITH_KNOTS((8,6,8),(
    27.003426592721,29.908219967738,31.550412776916),.UNSPECIFIED.) 
CURVE() GEOMETRIC_REPRESENTATION_ITEM() RATIONAL_B_SPLINE_CURVE((
    1.058404564398,1.058404564398,1.058404564403,1.058404564381,
    1.05840456442,1.058404564385,1.058404564398,1.058404564398,
    1.058404563068,1.058404561201,1.058404559447,1.058404558316,
1.058404558175,1.058404559251)) REPRESENTATION_ITEM('') );
#1067 = CARTESIAN_POINT('',(4.867833407684,-5.509481759702E-15,
    23.913601509815));
#1068 = CARTESIAN_POINT('',(5.245301516468,-0.139366199638,
    23.745238035244));
#1069 = CARTESIAN_POINT('',(5.623733925122,-0.250301804277,
    23.556089231112));
#1070 = CARTESIAN_POINT('',(6.000155335998,-0.331933393476,
    23.347641349461));
#1071 = CARTESIAN_POINT('',(6.371639131481,-0.38299224786,
    23.121066700249));
#1072 = CARTESIAN_POINT('',(6.7341701421,-0.404136128377,22.879669545996
    ));
#1073 = CARTESIAN_POINT('',(7.087835342855,-0.3945549421,22.622815562318
    ));
#1074 = CARTESIAN_POINT('',(7.619929607723,-0.332470502305,
    22.202667771014));
#1075 = CARTESIAN_POINT('',(7.807491671389,-0.300483310551,
    22.047423020747));
#1076 = CARTESIAN_POINT('',(7.990239889653,-0.258995963791,
    21.88886455607));
#1077 = CARTESIAN_POINT('',(8.167907723414,-0.208091993691,
    21.727239906056));
#1078 = CARTESIAN_POINT('',(8.340166455288,-0.147873887914,
    21.562853972187));
#1079 = CARTESIAN_POINT('',(8.506625189751,-7.846309012838E-02,
    21.396069028263));
#1080 = CARTESIAN_POINT('',(8.666830853281,-2.026157019941E-15,
    21.227304720297));
#1081 = PCURVE('',#650,#1082);
#1082 = DEFINITIONAL_REPRESENTATION('',(#1083),#1110);
#1083 = B_SPLINE_CURVE_WITH_KNOTS('',9,(#1084,#1085,#1086,#1087,#1088,
    #1089,#1090,#1091,#1092,#1093,#1094,#1095,#1096,#1097,#1098,#1099,
    #1100,#1101,#1102,#1103,#1104,#1105,#1106,#1107,#1108,#1109),
  .UNSPECIFIED.,.F.,.F.,(10,8,8,10),(27.003426592721,29.276919684818,
    30.413666230867,31.550412776916),.UNSPECIFIED.);
#1084 = CARTESIAN_POINT('',(6.28318530718,1.151245719974));
#1085 = CARTESIAN_POINT('',(6.265756981188,1.130191163507));
#1086 = CARTESIAN_POINT('',(6.252265328817,1.108731240305));
#1087 = CARTESIAN_POINT('',(6.24205459068,1.086978272289));
#1088 = CARTESIAN_POINT('',(6.234614033426,1.065024605179));
#1089 = CARTESIAN_POINT('',(6.229542317097,1.042943869168));
#1090 = CARTESIAN_POINT('',(6.226519561998,1.020793043539));
#1091 = CARTESIAN_POINT('',(6.225287115275,0.998615325231));
#1092 = CARTESIAN_POINT('',(6.225635016998,0.976443801328));
#1093 = CARTESIAN_POINT('',(6.228278240392,0.943236987605));
#1094 = CARTESIAN_POINT('',(6.229511317577,0.932180101071));
#1095 = CARTESIAN_POINT('',(6.231085463231,0.921113361756));
#1096 = CARTESIAN_POINT('',(6.232945753534,0.910134270789));
#1097 = CARTESIAN_POINT('',(6.235148672315,0.899051243833));
#1098 = CARTESIAN_POINT('',(6.237586414788,0.888129054197));
#1099 = CARTESIAN_POINT('',(6.240305023117,0.877191238331));
#1100 = CARTESIAN_POINT('',(6.243271297073,0.866305756583));
#1101 = CARTESIAN_POINT('',(6.249685221507,0.844611770298));
#1102 = CARTESIAN_POINT('',(6.253132493681,0.833804761528));
#1103 = CARTESIAN_POINT('',(6.256809009398,0.823038433577));
#1104 = CARTESIAN_POINT('',(6.260704676909,0.812313909678));
#1105 = CARTESIAN_POINT('',(6.264810379143,0.801632739856));
#1106 = CARTESIAN_POINT('',(6.269117973686,0.790996900923));
#1107 = CARTESIAN_POINT('',(6.273620292809,0.780408796482));
#1108 = CARTESIAN_POINT('',(6.278311143438,0.769871256924));
#1109 = CARTESIAN_POINT('',(6.28318530718,0.759387539429));
#1110 = ( GEOMETRIC_REPRESENTATION_CONTEXT(2) 
PARAMETRIC_REPRESENTATION_CONTEXT() REPRESENTATION_CONTEXT('2D SPACE',''
  ) );
#1111 = PCURVE('',#1112,#1211);
#1112 = ( BOUNDED_SURFACE() B_SPLINE_SURFACE(6,7,(
    (#1113,#1114,#1115,#1116,#1117,#1118,#1119,#1120,#1121,#1122,#1123
      ,#1124,#1125,#1126)
    ,(#1127,#1128,#1129,#1130,#1131,#1132,#1133,#1134,#1135,#1136,#1137
      ,#1138,#1139,#1140)
    ,(#1141,#1142,#1143,#1144,#1145,#1146,#1147,#1148,#1149,#1150,#1151
      ,#1152,#1153,#1154)
    ,(#1155,#1156,#1157,#1158,#1159,#1160,#1161,#1162,#1163,#1164,#1165
      ,#1166,#1167,#1168)
    ,(#1169,#1170,#1171,#1172,#1173,#1174,#1175,#1176,#1177,#1178,#1179
      ,#1180,#1181,#1182)
    ,(#1183,#1184,#1185,#1186,#1187,#1188,#1189,#1190,#1191,#1192,#1193
      ,#1194,#1195,#1196)
    ,(#1197,#1198,#1199,#1200,#1201,#1202,#1203,#1204,#1205,#1206,#1207
      ,#1208,#1209,#1210
)),.UNSPECIFIED.,.F.,.F.,.F.) B_SPLINE_SURFACE_WITH_KNOTS((7,7),(8,6,8),
  (0.,4.546986184195),(27.003426592721,29.908219967738,31.550412776916),
.UNSPECIFIED.) GEOMETRIC_REPRESENTATION_ITEM() RATIONAL_B_SPLINE_SURFACE
((
    (1.058404564398,1.058404564398,1.058404564403,1.058404564381
      ,1.05840456442,1.058404564385,1.058404564398,1.058404564398
      ,1.058404563068,1.058404561201,1.058404559447,1.058404558316
      ,1.058404558175,1.058404559251)
    ,(1.017946587322,1.017946587322,1.017946587323,1.017946587317
      ,1.017946587328,1.017946587318,1.017946587322,1.017946587322
      ,1.017946586948,1.017946586423,1.01794658593,1.017946585612
      ,1.017946585572,1.017946585875)
    ,(0.996215186332,0.996215186332,0.996215186331,0.996215186333
      ,0.99621518633,0.996215186333,0.996215186332,0.996215186332
      ,0.996215186413,0.996215186527,0.996215186635,0.996215186704
      ,0.996215186713,0.996215186647)
    ,(0.989068811669,0.989068811669,0.989068811669,0.989068811672
      ,0.989068811666,0.989068811672,0.989068811669,0.989068811669
      ,0.989068811905,0.989068812235,0.989068812545,0.989068812745
      ,0.98906881277,0.98906881258)
    ,(0.996215186332,0.996215186332,0.996215186331,0.996215186333
      ,0.99621518633,0.996215186333,0.996215186332,0.996215186332
      ,0.996215186413,0.996215186527,0.996215186635,0.996215186704
      ,0.996215186713,0.996215186647)
    ,(1.017946587322,1.017946587322,1.017946587323,1.017946587317
      ,1.017946587328,1.017946587318,1.017946587322,1.017946587322
      ,1.017946586948,1.017946586423,1.01794658593,1.017946585612
      ,1.017946585572,1.017946585875)
    ,(1.058404564398,1.058404564398,1.058404564403,1.058404564381
      ,1.05840456442,1.058404564385,1.058404564398,1.058404564398
      ,1.058404563068,1.058404561201,1.058404559447,1.058404558316
,1.058404558175,1.058404559251))) REPRESENTATION_ITEM('') SURFACE() );
#1113 = CARTESIAN_POINT('',(4.867833407684,-5.509481759702E-15,
    23.913601509815));
#1114 = CARTESIAN_POINT('',(5.245301516468,-0.139366199638,
    23.745238035244));
#1115 = CARTESIAN_POINT('',(5.623733925122,-0.250301804277,
    23.556089231112));
#1116 = CARTESIAN_POINT('',(6.000155335998,-0.331933393476,
    23.347641349461));
#1117 = CARTESIAN_POINT('',(6.371639131481,-0.38299224786,
    23.121066700249));
#1118 = CARTESIAN_POINT('',(6.7341701421,-0.404136128377,22.879669545996
    ));
#1119 = CARTESIAN_POINT('',(7.087835342855,-0.3945549421,22.622815562318
    ));
#1120 = CARTESIAN_POINT('',(7.619929607723,-0.332470502305,
    22.202667771014));
#1121 = CARTESIAN_POINT('',(7.807491671389,-0.300483310551,
    22.047423020747));
#1122 = CARTESIAN_POINT('',(7.990239889653,-0.258995963791,
    21.88886455607));
#1123 = CARTESIAN_POINT('',(8.167907723414,-0.208091993691,
    21.727239906056));
#1124 = CARTESIAN_POINT('',(8.340166455288,-0.147873887914,
    21.562853972187));
#1125 = CARTESIAN_POINT('',(8.506625189751,-7.846309012838E-02,
    21.396069028263));
#1126 = CARTESIAN_POINT('',(8.666830853281,-2.026157019941E-15,
    21.227304720297));
#1127 = CARTESIAN_POINT('',(4.88934046421,6.983986806985E-02,
    23.904008639106));
#1128 = CARTESIAN_POINT('',(5.26306068488,-6.814256189062E-02,
    23.737316848713));
#1129 = CARTESIAN_POINT('',(5.637742564322,-0.177975908447,
    23.550040655066));
#1130 = CARTESIAN_POINT('',(6.010395778082,-0.258800374709,
    23.343686569001));
#1131 = CARTESIAN_POINT('',(6.378251278389,-0.309345683747,
    23.119314380595));
#1132 = CARTESIAN_POINT('',(6.737117110306,-0.330286751933,
    22.880365489009));
#1133 = CARTESIAN_POINT('',(7.087310271079,-0.320796327034,
    22.62603078636));
#1134 = CARTESIAN_POINT('',(7.614105217449,-0.259330208544,
    22.210067398289));
#1135 = CARTESIAN_POINT('',(7.799795777354,-0.227662676809,
    22.05637203206));
#1136 = CARTESIAN_POINT('',(7.980720924021,-0.186590045028,
    21.899395917613));
#1137 = CARTESIAN_POINT('',(8.156619238967,-0.136194401308,
    21.73938194378));
#1138 = CARTESIAN_POINT('',(8.327166215704,-7.65766378538E-02,
    21.576630907381));
#1139 = CARTESIAN_POINT('',(8.491974259778,-7.856450976961E-03,
    21.411501513193));
#1140 = CARTESIAN_POINT('',(8.650592688811,6.98276589095E-02,
    21.244410373923));
#1141 = CARTESIAN_POINT('',(4.896724512085,0.136188341466,
    23.865642289046));
#1142 = CARTESIAN_POINT('',(5.26587243368,-1.059354266734E-04,
    23.700989897853));
#1143 = CARTESIAN_POINT('',(5.635978791994,-0.108594563714,
    23.515998226824));
#1144 = CARTESIAN_POINT('',(6.004034930369,-0.188434366795,
    23.312198501889));
#1145 = CARTESIAN_POINT('',(6.36746403101,-0.238353167545,
    23.090513242509));
#1146 = CARTESIAN_POINT('',(6.721858466597,-0.259046811434,
    22.854551150133));
#1147 = CARTESIAN_POINT('',(7.067815853852,-0.249667112397,
    22.603289886691));
#1148 = CARTESIAN_POINT('',(7.588145807583,-0.188955325372,
    22.192431331651));
#1149 = CARTESIAN_POINT('',(7.771553195965,-0.157677768656,
    22.04062616328));
#1150 = CARTESIAN_POINT('',(7.950254257152,-0.117111075977,
    21.885580464655));
#1151 = CARTESIAN_POINT('',(8.123993819147,-6.733557413284E-02,
    21.727531463314));
#1152 = CARTESIAN_POINT('',(8.292452512217,-8.450208751479E-03,
    21.566774948239));
#1153 = CARTESIAN_POINT('',(8.455246768885,5.942745571333E-02,
    21.40366526986));
#1154 = CARTESIAN_POINT('',(8.611928823919,0.13616123598,21.238615340067
    ));
#1155 = CARTESIAN_POINT('',(4.887730660875,0.185319831191,23.80480866086
    ));
#1156 = CARTESIAN_POINT('',(5.252371348825,5.068968435122E-02,
    23.642166647496));
#1157 = CARTESIAN_POINT('',(5.617967297292,-5.647336148158E-02,
    23.459426989518));
#1158 = CARTESIAN_POINT('',(5.98149177829,-0.135342513487,
    23.258145276269));
#1159 = CARTESIAN_POINT('',(6.340557468487,-0.184643721382,
    23.039108709938));
#1160 = CARTESIAN_POINT('',(6.690544137301,-0.20509346191,
    22.806090913589));
#1161 = CARTESIAN_POINT('',(7.032326027586,-0.195822913067,
    22.557859353222));
#1162 = CARTESIAN_POINT('',(7.546282987805,-0.135854723104,
    22.152032987635));
#1163 = CARTESIAN_POINT('',(7.72743969566,-0.10496159198,22.002091119607
    ));
#1164 = CARTESIAN_POINT('',(7.903948321837,-6.489363879077E-02,
    21.848948367227));
#1165 = CARTESIAN_POINT('',(8.075559851595,-1.572945406446E-02,
    21.692836376989));
#1166 = CARTESIAN_POINT('',(8.241959978585,4.243393547927E-02,
    21.534046001054));
#1167 = CARTESIAN_POINT('',(8.402769104825,0.10948106693,21.372927297277
    ));
#1168 = CARTESIAN_POINT('',(8.557542340674,0.185278041183,
    21.209889529218));
#1169 = CARTESIAN_POINT('',(4.863756348354,0.2070640133,23.733059473798)
  );
#1170 = CARTESIAN_POINT('',(5.224851871082,7.374278817441E-02,
    23.571998723383));
#1171 = CARTESIAN_POINT('',(5.586900156085,-3.237762060388E-02,
    23.391030386566));
#1172 = CARTESIAN_POINT('',(5.946860261373,-0.110483306874,
    23.191729215756));
#1173 = CARTESIAN_POINT('',(6.302493910499,-0.159298747031,
    22.974775979273));
#1174 = CARTESIAN_POINT('',(6.649013649781,-0.179556645335,
    22.744074019373));
#1175 = CARTESIAN_POINT('',(6.987511302367,-0.170371948593,
    22.498225472355));
#1176 = CARTESIAN_POINT('',(7.496455583693,-0.110988634997,
    22.096357176051));
#1177 = CARTESIAN_POINT('',(7.675842018991,-8.03978736899E-02,
    21.947880887689));
#1178 = CARTESIAN_POINT('',(7.850626185834,-4.072220386961E-02,
    21.796234898694));
#1179 = CARTESIAN_POINT('',(8.020563912202,7.961149514084E-03,
    21.641646465535));
#1180 = CARTESIAN_POINT('',(8.185344874149,6.555666899845E-02,
    21.484402557113));
#1181 = CARTESIAN_POINT('',(8.344592595795,0.131950544608,
    21.324849854767));
#1182 = CARTESIAN_POINT('',(8.497864449317,0.207010673855,
    21.163394752281));
#1183 = CARTESIAN_POINT('',(4.829801847689,0.197837274309,
    23.664571664123));
#1184 = CARTESIAN_POINT('',(5.188979896943,6.522400565656E-02,
    23.504366171381));
#1185 = CARTESIAN_POINT('',(5.549109357249,-4.033247203111E-02,
    23.324355889016));
#1186 = CARTESIAN_POINT('',(5.907141598686,-0.118025222593,
    23.126125934187));
#1187 = CARTESIAN_POINT('',(6.260918959796,-0.166577925568,
    22.910299508273));
#1188 = CARTESIAN_POINT('',(6.605563540945,-0.186732062162,
    22.680850114825));
#1189 = CARTESIAN_POINT('',(6.942284847921,-0.177593800247,
    22.436290468204));
#1190 = CARTESIAN_POINT('',(7.44851792167,-0.118526828726,
    22.036562972789));
#1191 = CARTESIAN_POINT('',(7.626946870099,-8.809960986393E-02,
    21.88887937291));
#1192 = CARTESIAN_POINT('',(7.800798329222,-4.863611392679E-02,
    21.738042938939));
#1193 = CARTESIAN_POINT('',(7.96983074606,-2.128274169814E-04,
    21.584278552726));
#1194 = CARTESIAN_POINT('',(8.133735950467,5.707554841155E-02,
    21.427871082656));
#1195 = CARTESIAN_POINT('',(8.292139155169,0.12311609755,21.269165383624
    ));
#1196 = CARTESIAN_POINT('',(8.4445989558,0.197777689237,21.108566297002)
  );
#1197 = CARTESIAN_POINT('',(4.792950172622,0.160985599242,
    23.612455525447));
#1198 = CARTESIAN_POINT('',(5.152128221877,2.837233058991E-02,
    23.452250032706));
#1199 = CARTESIAN_POINT('',(5.512257682186,-7.71841470999E-02,
    23.272239750335));
#1200 = CARTESIAN_POINT('',(5.870289923612,-0.154876897654,
    23.074009795528));
#1201 = CARTESIAN_POINT('',(6.224067284733,-0.203429600642,
    22.85818336958));
#1202 = CARTESIAN_POINT('',(6.568711865879,-0.223583737225,
    22.628733976158));
#1203 = CARTESIAN_POINT('',(6.905433172854,-0.214445475314,
    22.384174329529));
#1204 = CARTESIAN_POINT('',(7.411666246603,-0.155378503793,
    21.984446834113));
#1205 = CARTESIAN_POINT('',(7.590095195639,-0.12495128442,
    21.836763234686));
#1206 = CARTESIAN_POINT('',(7.76394665555,-8.5487787827E-02,
    21.685926801436));
#1207 = CARTESIAN_POINT('',(7.932979072982,-3.706450076422E-02,
    21.53216241605));
#1208 = CARTESIAN_POINT('',(8.096884277564,2.022387536292E-02,
    21.375754946702));
#1209 = CARTESIAN_POINT('',(8.255287482046,8.626442448348E-02,
    21.217049247969));
#1210 = CARTESIAN_POINT('',(8.407747282432,0.160926015869,
    21.056450160729));
#1211 = DEFINITIONAL_REPRESENTATION('',(#1212),#1216);
#1212 = LINE('',#1213,#1214);
#1213 = CARTESIAN_POINT('',(0.,0.));
#1214 = VECTOR('',#1215,1.);
#1215 = DIRECTION('',(0.,1.));
#1216 = ( GEOMETRIC_REPRESENTATION_CONTEXT(2) 
PARAMETRIC_REPRESENTATION_CONTEXT() REPRESENTATION_CONTEXT('2D SPACE',''
  ) );
#1217 = ADVANCED_FACE('',(#1218),#1112,.F.);
#1218 = FACE_BOUND('',#1219,.F.);
#1219 = EDGE_LOOP('',(#1220,#1245,#1301,#1324));
#1220 = ORIENTED_EDGE('',*,*,#1221,.T.);
#1221 = EDGE_CURVE('',#639,#1222,#1224,.T.);
#1222 = VERTEX_POINT('',#1223);
#1223 = CARTESIAN_POINT('',(4.792950172622,0.160985599242,
    23.612455525447));
#1224 = SURFACE_CURVE('',#1225,(#1233,#1239),.PCURVE_S1.);
#1225 = ( BOUNDED_CURVE() B_SPLINE_CURVE(6,(#1226,#1227,#1228,#1229,
#1230,#1231,#1232),.UNSPECIFIED.,.F.,.F.) B_SPLINE_CURVE_WITH_KNOTS((7,7
),(0.,27.003426592721),.PIECEWISE_BEZIER_KNOTS.) CURVE() 
GEOMETRIC_REPRESENTATION_ITEM() RATIONAL_B_SPLINE_CURVE((1.058404564398,
    1.017946587322,0.996215186332,0.989068811669,0.996215186332,
1.017946587322,1.058404564398)) REPRESENTATION_ITEM('') );
#1226 = CARTESIAN_POINT('',(4.867833407684,-5.329070518201E-15,
    23.913601509815));
#1227 = CARTESIAN_POINT('',(4.88934046421,6.983986806985E-02,
    23.904008639106));
#1228 = CARTESIAN_POINT('',(4.896724512085,0.136188341466,
    23.865642289046));
#1229 = CARTESIAN_POINT('',(4.887730660875,0.185319831191,23.80480866086
    ));
#1230 = CARTESIAN_POINT('',(4.863756348354,0.2070640133,23.733059473798)
  );
#1231 = CARTESIAN_POINT('',(4.829801847689,0.197837274309,
    23.664571664123));
#1232 = CARTESIAN_POINT('',(4.792950172622,0.160985599242,
    23.612455525447));
#1233 = PCURVE('',#1112,#1234);
#1234 = DEFINITIONAL_REPRESENTATION('',(#1235),#1238);
#1235 = B_SPLINE_CURVE_WITH_KNOTS('',1,(#1236,#1237),.UNSPECIFIED.,.F.,
  .F.,(2,2),(0.,27.003426592721),.PIECEWISE_BEZIER_KNOTS.);
#1236 = CARTESIAN_POINT('',(0.,27.003426592721));
#1237 = CARTESIAN_POINT('',(4.546986184195,27.003426592721));
#1238 = ( GEOMETRIC_REPRESENTATION_CONTEXT(2) 
PARAMETRIC_REPRESENTATION_CONTEXT() REPRESENTATION_CONTEXT('2D SPACE',''
  ) );
#1239 = PCURVE('',#740,#1240);
#1240 = DEFINITIONAL_REPRESENTATION('',(#1241),#1244);
#1241 = B_SPLINE_CURVE_WITH_KNOTS('',1,(#1242,#1243),.UNSPECIFIED.,.F.,
  .F.,(2,2),(0.,27.003426592721),.PIECEWISE_BEZIER_KNOTS.);
#1242 = CARTESIAN_POINT('',(0.,27.003426592721));
#1243 = CARTESIAN_POINT('',(27.003426592721,27.003426592721));
#1244 = ( GEOMETRIC_REPRESENTATION_CONTEXT(2) 
PARAMETRIC_REPRESENTATION_CONTEXT() REPRESENTATION_CONTEXT('2D SPACE',''
  ) );
#1245 = ORIENTED_EDGE('',*,*,#1246,.T.);
#1246 = EDGE_CURVE('',#1222,#1247,#1249,.T.);
#1247 = VERTEX_POINT('',#1248);
#1248 = CARTESIAN_POINT('',(8.407747282432,0.160926015869,
    21.056450160729));
#1249 = SURFACE_CURVE('',#1250,(#1265,#1272),.PCURVE_S1.);
#1250 = ( BOUNDED_CURVE() B_SPLINE_CURVE(7,(#1251,#1252,#1253,#1254,
    #1255,#1256,#1257,#1258,#1259,#1260,#1261,#1262,#1263,#1264),
.UNSPECIFIED.,.F.,.F.) B_SPLINE_CURVE_WITH_KNOTS((8,6,8),(
    27.003426592721,29.908219967738,31.550412776916),.UNSPECIFIED.) 
CURVE() GEOMETRIC_REPRESENTATION_ITEM() RATIONAL_B_SPLINE_CURVE((
    1.058404564398,1.058404564398,1.058404564403,1.058404564381,
    1.05840456442,1.058404564385,1.058404564398,1.058404564398,
    1.058404563068,1.058404561201,1.058404559447,1.058404558316,
1.058404558175,1.058404559251)) REPRESENTATION_ITEM('') );
#1251 = CARTESIAN_POINT('',(4.792950172622,0.160985599242,
    23.612455525447));
#1252 = CARTESIAN_POINT('',(5.152128221877,2.837233058991E-02,
    23.452250032706));
#1253 = CARTESIAN_POINT('',(5.512257682186,-7.71841470999E-02,
    23.272239750335));
#1254 = CARTESIAN_POINT('',(5.870289923612,-0.154876897654,
    23.074009795528));
#1255 = CARTESIAN_POINT('',(6.224067284733,-0.203429600642,
    22.85818336958));
#1256 = CARTESIAN_POINT('',(6.568711865879,-0.223583737225,
    22.628733976158));
#1257 = CARTESIAN_POINT('',(6.905433172854,-0.214445475314,
    22.384174329529));
#1258 = CARTESIAN_POINT('',(7.411666246603,-0.155378503793,
    21.984446834113));
#1259 = CARTESIAN_POINT('',(7.590095195639,-0.12495128442,
    21.836763234686));
#1260 = CARTESIAN_POINT('',(7.76394665555,-8.5487787827E-02,
    21.685926801436));
#1261 = CARTESIAN_POINT('',(7.932979072982,-3.706450076422E-02,
    21.53216241605));
#1262 = CARTESIAN_POINT('',(8.096884277564,2.022387536292E-02,
    21.375754946702));
#1263 = CARTESIAN_POINT('',(8.255287482046,8.626442448348E-02,
    21.217049247969));
#1264 = CARTESIAN_POINT('',(8.407747282432,0.160926015869,
    21.056450160729));
#1265 = PCURVE('',#1112,#1266);
#1266 = DEFINITIONAL_REPRESENTATION('',(#1267),#1271);
#1267 = LINE('',#1268,#1269);
#1268 = CARTESIAN_POINT('',(4.546986184195,0.));
#1269 = VECTOR('',#1270,1.);
#1270 = DIRECTION('',(0.,1.));
#1271 = ( GEOMETRIC_REPRESENTATION_CONTEXT(2) 
PARAMETRIC_REPRESENTATION_CONTEXT() REPRESENTATION_CONTEXT('2D SPACE',''
  ) );
#1272 = PCURVE('',#1273,#1278);
#1273 = CYLINDRICAL_SURFACE('',#1274,6.);
#1274 = AXIS2_PLACEMENT_3D('',#1275,#1276,#1277);
#1275 = CARTESIAN_POINT('',(0.,0.,13.));
#1276 = DIRECTION('',(0.5,0.5,0.707106781187));
#1277 = DIRECTION('',(0.853553390593,-0.146446609407,-0.5));
#1278 = DEFINITIONAL_REPRESENTATION('',(#1279),#1300);
#1279 = B_SPLINE_CURVE_WITH_KNOTS('',7,(#1280,#1281,#1282,#1283,#1284,
    #1285,#1286,#1287,#1288,#1289,#1290,#1291,#1292,#1293,#1294,#1295,
    #1296,#1297,#1298,#1299),.UNSPECIFIED.,.F.,.F.,(8,6,6,8),(
    27.003426592721,29.276919684818,30.413666230867,31.550412776916),
  .UNSPECIFIED.);
#1280 = CARTESIAN_POINT('',(4.504432560741,9.981107153017));
#1281 = CARTESIAN_POINT('',(4.5585728488,9.981107153017));
#1282 = CARTESIAN_POINT('',(4.612692072036,9.981107153021));
#1283 = CARTESIAN_POINT('',(4.666788974701,9.981107153018));
#1284 = CARTESIAN_POINT('',(4.720847385048,9.981107153011));
#1285 = CARTESIAN_POINT('',(4.774856402185,9.981107153011));
#1286 = CARTESIAN_POINT('',(4.828830582937,9.981107153021));
#1287 = CARTESIAN_POINT('',(4.909829901571,9.981107153029));
#1288 = CARTESIAN_POINT('',(4.936840348514,9.98110715141));
#1289 = CARTESIAN_POINT('',(4.963817053436,9.98110715859));
#1290 = CARTESIAN_POINT('',(4.990913533086,9.981107145752));
#1291 = CARTESIAN_POINT('',(5.017814804942,9.981107153845));
#1292 = CARTESIAN_POINT('',(5.04475197185,9.981107159526));
#1293 = CARTESIAN_POINT('',(5.09858543711,9.981107173613));
#1294 = CARTESIAN_POINT('',(5.125491258751,9.9811071815));
#1295 = CARTESIAN_POINT('',(5.152398006284,9.981107188754));
#1296 = CARTESIAN_POINT('',(5.179314094469,9.981107194133));
#1297 = CARTESIAN_POINT('',(5.206244515938,9.981107196627));
#1298 = CARTESIAN_POINT('',(5.233190841202,9.981107195461));
#1299 = CARTESIAN_POINT('',(5.260151218648,9.981107190093));
#1300 = ( GEOMETRIC_REPRESENTATION_CONTEXT(2) 
PARAMETRIC_REPRESENTATION_CONTEXT() REPRESENTATION_CONTEXT('2D SPACE',''
  ) );
#1301 = ORIENTED_EDGE('',*,*,#1302,.F.);
#1302 = EDGE_CURVE('',#959,#1247,#1303,.T.);
#1303 = SURFACE_CURVE('',#1304,(#1312,#1318),.PCURVE_S1.);
#1304 = ( BOUNDED_CURVE() B_SPLINE_CURVE(6,(#1305,#1306,#1307,#1308,
#1309,#1310,#1311),.UNSPECIFIED.,.F.,.F.) B_SPLINE_CURVE_WITH_KNOTS((7,7
),(0.,4.546986184195),.PIECEWISE_BEZIER_KNOTS.) CURVE() 
GEOMETRIC_REPRESENTATION_ITEM() RATIONAL_B_SPLINE_CURVE((1.058404559251,
    1.017946585875,0.996215186647,0.98906881258,0.996215186647,
1.017946585875,1.058404559251)) REPRESENTATION_ITEM('') );
#1305 = CARTESIAN_POINT('',(8.666830853281,-2.026157019941E-15,
    21.227304720297));
#1306 = CARTESIAN_POINT('',(8.650592688811,6.98276589095E-02,
    21.244410373923));
#1307 = CARTESIAN_POINT('',(8.611928823919,0.13616123598,21.238615340067
    ));
#1308 = CARTESIAN_POINT('',(8.557542340674,0.185278041183,
    21.209889529218));
#1309 = CARTESIAN_POINT('',(8.497864449317,0.207010673855,
    21.163394752281));
#1310 = CARTESIAN_POINT('',(8.4445989558,0.197777689237,21.108566297002)
  );
#1311 = CARTESIAN_POINT('',(8.407747282432,0.160926015869,
    21.056450160729));
#1312 = PCURVE('',#1112,#1313);
#1313 = DEFINITIONAL_REPRESENTATION('',(#1314),#1317);
#1314 = B_SPLINE_CURVE_WITH_KNOTS('',1,(#1315,#1316),.UNSPECIFIED.,.F.,
  .F.,(2,2),(0.,4.546986184195),.PIECEWISE_BEZIER_KNOTS.);
#1315 = CARTESIAN_POINT('',(0.,31.550412776916));
#1316 = CARTESIAN_POINT('',(4.546986184195,31.550412776916));
#1317 = ( GEOMETRIC_REPRESENTATION_CONTEXT(2) 
PARAMETRIC_REPRESENTATION_CONTEXT() REPRESENTATION_CONTEXT('2D SPACE',''
  ) );
#1318 = PCURVE('',#982,#1319);
#1319 = DEFINITIONAL_REPRESENTATION('',(#1320),#1323);
#1320 = B_SPLINE_CURVE_WITH_KNOTS('',1,(#1321,#1322),.UNSPECIFIED.,.F.,
  .F.,(2,2),(0.,4.546986184195),.PIECEWISE_BEZIER_KNOTS.);
#1321 = CARTESIAN_POINT('',(0.,31.550412776916));
#1322 = CARTESIAN_POINT('',(6.148699066162,31.550412776916));
#1323 = ( GEOMETRIC_REPRESENTATION_CONTEXT(2) 
PARAMETRIC_REPRESENTATION_CONTEXT() REPRESENTATION_CONTEXT('2D SPACE',''
  ) );
#1324 = ORIENTED_EDGE('',*,*,#1064,.F.);
#1325 = ADVANCED_FACE('',(#1326),#740,.F.);
#1326 = FACE_BOUND('',#1327,.F.);
#1327 = EDGE_LOOP('',(#1328,#1353,#1428,#1429));
#1328 = ORIENTED_EDGE('',*,*,#1329,.T.);
#1329 = EDGE_CURVE('',#671,#1330,#1332,.T.);
#1330 = VERTEX_POINT('',#1331);
#1331 = CARTESIAN_POINT('',(10.111873920068,4.111873920068,
    17.057708551648));
#1332 = SURFACE_CURVE('',#1333,(#1341,#1347),.PCURVE_S1.);
#1333 = ( BOUNDED_CURVE() B_SPLINE_CURVE(6,(#1334,#1335,#1336,#1337,
#1338,#1339,#1340),.UNSPECIFIED.,.F.,.F.) B_SPLINE_CURVE_WITH_KNOTS((7,7
),(0.,27.003426592721),.PIECEWISE_BEZIER_KNOTS.) CURVE() 
GEOMETRIC_REPRESENTATION_ITEM() RATIONAL_B_SPLINE_CURVE((1.058404564398,
    1.017946587322,0.996215186332,0.989068811669,0.996215186332,
1.017946587322,1.058404564398)) REPRESENTATION_ITEM('') );
#1334 = CARTESIAN_POINT('',(10.457607314751,4.152075399858,
    17.025073803591));
#1335 = CARTESIAN_POINT('',(10.423613398628,4.180689231412,
    17.083877256986));
#1336 = CARTESIAN_POINT('',(10.363288102401,4.196743308889,17.1289521517
    ));
#1337 = CARTESIAN_POINT('',(10.287548434957,4.1962961097,17.150372369923
    ));
#1338 = CARTESIAN_POINT('',(10.211075191813,4.179044167461,
    17.143319956675));
#1339 = CARTESIAN_POINT('',(10.148725595135,4.148725595135,
    17.109824690323));
#1340 = CARTESIAN_POINT('',(10.111873920068,4.111873920068,
    17.057708551648));
#1341 = PCURVE('',#740,#1342);
#1342 = DEFINITIONAL_REPRESENTATION('',(#1343),#1346);
#1343 = B_SPLINE_CURVE_WITH_KNOTS('',1,(#1344,#1345),.UNSPECIFIED.,.F.,
  .F.,(2,2),(0.,27.003426592721),.PIECEWISE_BEZIER_KNOTS.);
#1344 = CARTESIAN_POINT('',(0.,6.991573919057E-15));
#1345 = CARTESIAN_POINT('',(27.003426592721,6.991573919057E-15));
#1346 = ( GEOMETRIC_REPRESENTATION_CONTEXT(2) 
PARAMETRIC_REPRESENTATION_CONTEXT() REPRESENTATION_CONTEXT('2D SPACE',''
  ) );
#1347 = PCURVE('',#982,#1348);
#1348 = DEFINITIONAL_REPRESENTATION('',(#1349),#1352);
#1349 = B_SPLINE_CURVE_WITH_KNOTS('',1,(#1350,#1351),.UNSPECIFIED.,.F.,
  .F.,(2,2),(0.,27.003426592721),.PIECEWISE_BEZIER_KNOTS.);
#1350 = CARTESIAN_POINT('',(0.,37.699111843078));
#1351 = CARTESIAN_POINT('',(6.148699066162,37.699111843078));
#1352 = ( GEOMETRIC_REPRESENTATION_CONTEXT(2) 
PARAMETRIC_REPRESENTATION_CONTEXT() REPRESENTATION_CONTEXT('2D SPACE',''
  ) );
#1353 = ORIENTED_EDGE('',*,*,#1354,.T.);
#1354 = EDGE_CURVE('',#1330,#1222,#1355,.T.);
#1355 = SURFACE_CURVE('',#1356,(#1387,#1394),.PCURVE_S1.);
#1356 = ( BOUNDED_CURVE() B_SPLINE_CURVE(8,(#1357,#1358,#1359,#1360,
    #1361,#1362,#1363,#1364,#1365,#1366,#1367,#1368,#1369,#1370,#1371,
    #1372,#1373,#1374,#1375,#1376,#1377,#1378,#1379,#1380,#1381,#1382,
    #1383,#1384,#1385,#1386),.UNSPECIFIED.,.F.,.F.) 
B_SPLINE_CURVE_WITH_KNOTS((9,7,7,7,9),(6.991573919057E-15,13.50171329636
    ,20.252569944541,23.627998268631,27.003426592721),.UNSPECIFIED.) 
CURVE() GEOMETRIC_REPRESENTATION_ITEM() RATIONAL_B_SPLINE_CURVE((
    1.058404564398,1.058404564398,1.058404564398,1.058404564398,
    1.058404564398,1.058404564398,1.058404564398,1.058404564398,
    1.058404564398,1.058404564398,1.058404564398,1.058404564398,
    1.058404564398,1.058404564398,1.058404564398,1.058404564398,
    1.058404564398,1.058404564398,1.058404564398,1.058404564398,
    1.058404564398,1.058404564398,1.058404564398,1.058404564398,
    1.058404564398,1.058404564398,1.058404564398,1.058404564398,
1.058404564398,1.058404564398)) REPRESENTATION_ITEM('') );
#1357 = CARTESIAN_POINT('',(10.111873920068,4.111873920068,
    17.057708551648));
#1358 = CARTESIAN_POINT('',(9.865304154721,5.548987828556,16.21586671473
    ));
#1359 = CARTESIAN_POINT('',(9.156848563809,7.071353724561,
    15.640345218722));
#1360 = CARTESIAN_POINT('',(8.009765461755,8.50191111042,15.439898630351
    ));
#1361 = CARTESIAN_POINT('',(6.537132797025,9.646374045424,
    15.671949671621));
#1362 = CARTESIAN_POINT('',(4.920771545049,10.351556081325,
    16.316250674184));
#1363 = CARTESIAN_POINT('',(3.365131674245,10.543258777378,
    17.280699899562));
#1364 = CARTESIAN_POINT('',(2.047137941673,10.237922985992,
    18.428567214053));
#1365 = CARTESIAN_POINT('',(0.600920191448,9.164401657137,
    20.210291803692));
#1366 = CARTESIAN_POINT('',(0.207317074733,8.703962377814,
    20.814190973351));
#1367 = CARTESIAN_POINT('',(-8.32698716469E-02,8.15172631912,
    21.410156835579));
#1368 = CARTESIAN_POINT('',(-0.260011343056,7.522830268279,
    21.97982859074));
#1369 = CARTESIAN_POINT('',(-0.31677971384,6.836073445407,
    22.505580297157));
#1370 = CARTESIAN_POINT('',(-0.252603581202,6.11272233557,
    22.971687393523));
#1371 = CARTESIAN_POINT('',(-7.161066051553E-02,5.375092026159,
    23.365289465752));
#1372 = CARTESIAN_POINT('',(0.362089650948,4.280259125166,
    23.832780803072));
#1373 = CARTESIAN_POINT('',(0.53369142008,3.917250221072,23.968126086171
    ));
#1374 = CARTESIAN_POINT('',(0.731243196889,3.558929211725,
    24.081807100705));
#1375 = CARTESIAN_POINT('',(0.953374871735,3.208029961364,
    24.172859526549));
#1376 = CARTESIAN_POINT('',(1.198447297945,2.867225249233,
    24.240552475102));
#1377 = CARTESIAN_POINT('',(1.464574925213,2.539084884464,
    24.284402102308));
#1378 = CARTESIAN_POINT('',(1.749653972164,2.226035318417,
    24.304180246035));
#1379 = CARTESIAN_POINT('',(2.353138854635,1.634607816198,
    24.295654390695));
#1380 = CARTESIAN_POINT('',(2.671544689785,1.356229880319,
    24.267350391684));
#1381 = CARTESIAN_POINT('',(3.004325895943,1.097432776923,
    24.215035730921));
#1382 = CARTESIAN_POINT('',(3.349010191275,0.860280100229,24.13899939419
    ));
#1383 = CARTESIAN_POINT('',(3.702975068216,0.646615962963,24.03979178976
    ));
#1384 = CARTESIAN_POINT('',(4.063487425335,0.458029432825,
    23.918221871641));
#1385 = CARTESIAN_POINT('',(4.427749570107,0.295822473917,
    23.775347279543));
#1386 = CARTESIAN_POINT('',(4.792950172622,0.160985599242,
    23.612455525447));
#1387 = PCURVE('',#740,#1388);
#1388 = DEFINITIONAL_REPRESENTATION('',(#1389),#1393);
#1389 = LINE('',#1390,#1391);
#1390 = CARTESIAN_POINT('',(27.003426592721,0.));
#1391 = VECTOR('',#1392,1.);
#1392 = DIRECTION('',(0.,1.));
#1393 = ( GEOMETRIC_REPRESENTATION_CONTEXT(2) 
PARAMETRIC_REPRESENTATION_CONTEXT() REPRESENTATION_CONTEXT('2D SPACE',''
  ) );
#1394 = PCURVE('',#1273,#1395);
#1395 = DEFINITIONAL_REPRESENTATION('',(#1396),#1427);
#1396 = B_SPLINE_CURVE_WITH_KNOTS('',8,(#1397,#1398,#1399,#1400,#1401,
    #1402,#1403,#1404,#1405,#1406,#1407,#1408,#1409,#1410,#1411,#1412,
    #1413,#1414,#1415,#1416,#1417,#1418,#1419,#1420,#1421,#1422,#1423,
    #1424,#1425,#1426),.UNSPECIFIED.,.F.,.F.,(9,7,7,7,9),(
    6.991573919057E-15,13.50171329636,20.252569944541,23.627998268631,
    27.003426592721),.UNSPECIFIED.);
#1397 = CARTESIAN_POINT('',(8.881784197001E-16,9.981107153017));
#1398 = CARTESIAN_POINT('',(0.280613945639,9.981107153017));
#1399 = CARTESIAN_POINT('',(0.562428984423,9.981107153017));
#1400 = CARTESIAN_POINT('',(0.844332507284,9.981107153017));
#1401 = CARTESIAN_POINT('',(1.125978256012,9.981107153016));
#1402 = CARTESIAN_POINT('',(1.407478512694,9.981107153017));
#1403 = CARTESIAN_POINT('',(1.688990968223,9.981107153017));
#1404 = CARTESIAN_POINT('',(1.970486575296,9.981107153017));
#1405 = CARTESIAN_POINT('',(2.392733749417,9.981107153017));
#1406 = CARTESIAN_POINT('',(2.533482733559,9.981107153017));
#1407 = CARTESIAN_POINT('',(2.674231956453,9.981107153017));
#1408 = CARTESIAN_POINT('',(2.81498070387,9.981107153017));
#1409 = CARTESIAN_POINT('',(2.955729309208,9.981107153017));
#1410 = CARTESIAN_POINT('',(3.096481528537,9.981107153016));
#1411 = CARTESIAN_POINT('',(3.237244404101,9.981107153017));
#1412 = CARTESIAN_POINT('',(3.448412004186,9.981107153017));
#1413 = CARTESIAN_POINT('',(3.518805086866,9.981107153017));
#1414 = CARTESIAN_POINT('',(3.589202665583,9.981107153016));
#1415 = CARTESIAN_POINT('',(3.659605227279,9.981107153017));
#1416 = CARTESIAN_POINT('',(3.730012976119,9.981107153016));
#1417 = CARTESIAN_POINT('',(3.800425613079,9.981107153017));
#1418 = CARTESIAN_POINT('',(3.870842052273,9.981107153017));
#1419 = CARTESIAN_POINT('',(4.011678165062,9.981107153017));
#1420 = CARTESIAN_POINT('',(4.082097838656,9.981107153016));
#1421 = CARTESIAN_POINT('',(4.152516944431,9.981107153017));
#1422 = CARTESIAN_POINT('',(4.222932198159,9.981107153016));
#1423 = CARTESIAN_POINT('',(4.293338904387,9.981107153017));
#1424 = CARTESIAN_POINT('',(4.363730614975,9.981107153017));
#1425 = CARTESIAN_POINT('',(4.434098795655,9.981107153017));
#1426 = CARTESIAN_POINT('',(4.504432560741,9.981107153017));
#1427 = ( GEOMETRIC_REPRESENTATION_CONTEXT(2) 
PARAMETRIC_REPRESENTATION_CONTEXT() REPRESENTATION_CONTEXT('2D SPACE',''
  ) );
#1428 = ORIENTED_EDGE('',*,*,#1221,.F.);
#1429 = ORIENTED_EDGE('',*,*,#670,.F.);
#1430 = ADVANCED_FACE('',(#1431),#982,.F.);
#1431 = FACE_BOUND('',#1432,.F.);
#1432 = EDGE_LOOP('',(#1433,#1434,#1463,#1464));
#1433 = ORIENTED_EDGE('',*,*,#1302,.T.);
#1434 = ORIENTED_EDGE('',*,*,#1435,.T.);
#1435 = EDGE_CURVE('',#1247,#1330,#1436,.T.);
#1436 = SURFACE_CURVE('',#1437,(#1445,#1452),.PCURVE_S1.);
#1437 = ( BOUNDED_CURVE() B_SPLINE_CURVE(6,(#1438,#1439,#1440,#1441,
#1442,#1443,#1444),.UNSPECIFIED.,.F.,.F.) B_SPLINE_CURVE_WITH_KNOTS((7,7
),(31.550412776916,37.699111843078),.PIECEWISE_BEZIER_KNOTS.) CURVE() 
GEOMETRIC_REPRESENTATION_ITEM() RATIONAL_B_SPLINE_CURVE((1.058404559251,
    1.058404563953,1.05840457429,1.058404541017,1.058404574375,
1.058404564398,1.058404564398)) REPRESENTATION_ITEM('') );
#1438 = CARTESIAN_POINT('',(8.407747282432,0.160926015869,
    21.056450160729));
#1439 = CARTESIAN_POINT('',(9.073727342074,0.487065306083,
    20.354915792798));
#1440 = CARTESIAN_POINT('',(9.624017528939,0.982110775079,
    19.615751756611));
#1441 = CARTESIAN_POINT('',(10.018763193514,1.632418192161,
    18.876787974862));
#1442 = CARTESIAN_POINT('',(10.232590199172,2.397038034077,
    18.184921234054));
#1443 = CARTESIAN_POINT('',(10.261591540111,3.239255682354,
    17.568876480526));
#1444 = CARTESIAN_POINT('',(10.111873920068,4.111873920068,
    17.057708551648));
#1445 = PCURVE('',#982,#1446);
#1446 = DEFINITIONAL_REPRESENTATION('',(#1447),#1451);
#1447 = LINE('',#1448,#1449);
#1448 = CARTESIAN_POINT('',(6.148699066162,0.));
#1449 = VECTOR('',#1450,1.);
#1450 = DIRECTION('',(0.,1.));
#1451 = ( GEOMETRIC_REPRESENTATION_CONTEXT(2) 
PARAMETRIC_REPRESENTATION_CONTEXT() REPRESENTATION_CONTEXT('2D SPACE',''
  ) );
#1452 = PCURVE('',#1273,#1453);
#1453 = DEFINITIONAL_REPRESENTATION('',(#1454),#1462);
#1454 = B_SPLINE_CURVE_WITH_KNOTS('',6,(#1455,#1456,#1457,#1458,#1459,
    #1460,#1461),.UNSPECIFIED.,.F.,.F.,(7,7),(31.550412776916,
    37.699111843078),.PIECEWISE_BEZIER_KNOTS.);
#1455 = CARTESIAN_POINT('',(5.260151218648,9.981107190093));
#1456 = CARTESIAN_POINT('',(5.430285704268,9.981107156222));
#1457 = CARTESIAN_POINT('',(5.601128492011,9.981107081755));
#1458 = CARTESIAN_POINT('',(5.772254690819,9.981107321459));
#1459 = CARTESIAN_POINT('',(5.942344480081,9.981107081141));
#1460 = CARTESIAN_POINT('',(6.112795997553,9.981107153017));
#1461 = CARTESIAN_POINT('',(6.28318530718,9.981107153017));
#1462 = ( GEOMETRIC_REPRESENTATION_CONTEXT(2) 
PARAMETRIC_REPRESENTATION_CONTEXT() REPRESENTATION_CONTEXT('2D SPACE',''
  ) );
#1463 = ORIENTED_EDGE('',*,*,#1329,.F.);
#1464 = ORIENTED_EDGE('',*,*,#958,.F.);
#1465 = ADVANCED_FACE('',(#1466),#1273,.F.);
#1466 = FACE_BOUND('',#1467,.F.);
#1467 = EDGE_LOOP('',(#1468,#1491,#1492,#1493,#1494,#1495,#2403));
#1468 = ORIENTED_EDGE('',*,*,#1469,.T.);
#1469 = EDGE_CURVE('',#1470,#1330,#1472,.T.);
#1470 = VERTEX_POINT('',#1471);
#1471 = CARTESIAN_POINT('',(8.172959247493,2.172959247493,
    14.315669125408));
#1472 = SEAM_CURVE('',#1473,(#1477,#1484),.PCURVE_S1.);
#1473 = LINE('',#1474,#1475);
#1474 = CARTESIAN_POINT('',(5.12132034356,-0.87867965644,10.));
#1475 = VECTOR('',#1476,1.);
#1476 = DIRECTION('',(0.5,0.5,0.707106781187));
#1477 = PCURVE('',#1273,#1478);
#1478 = DEFINITIONAL_REPRESENTATION('',(#1479),#1483);
#1479 = LINE('',#1480,#1481);
#1480 = CARTESIAN_POINT('',(6.28318530718,-0.));
#1481 = VECTOR('',#1482,1.);
#1482 = DIRECTION('',(0.,1.));
#1483 = ( GEOMETRIC_REPRESENTATION_CONTEXT(2) 
PARAMETRIC_REPRESENTATION_CONTEXT() REPRESENTATION_CONTEXT('2D SPACE',''
  ) );
#1484 = PCURVE('',#1273,#1485);
#1485 = DEFINITIONAL_REPRESENTATION('',(#1486),#1490);
#1486 = LINE('',#1487,#1488);
#1487 = CARTESIAN_POINT('',(0.,-0.));
#1488 = VECTOR('',#1489,1.);
#1489 = DIRECTION('',(0.,1.));
#1490 = ( GEOMETRIC_REPRESENTATION_CONTEXT(2) 
PARAMETRIC_REPRESENTATION_CONTEXT() REPRESENTATION_CONTEXT('2D SPACE',''
  ) );
#1491 = ORIENTED_EDGE('',*,*,#1435,.F.);
#1492 = ORIENTED_EDGE('',*,*,#1246,.F.);
#1493 = ORIENTED_EDGE('',*,*,#1354,.F.);
#1494 = ORIENTED_EDGE('',*,*,#1469,.F.);
#1495 = ORIENTED_EDGE('',*,*,#1496,.T.);
#1496 = EDGE_CURVE('',#1470,#1497,#1499,.T.);
#1497 = VERTEX_POINT('',#1498);
#1498 = CARTESIAN_POINT('',(8.066877010202,9.843996481766E-02,
    15.857587247242));
#1499 = SURFACE_CURVE('',#1500,(#1679,#1861),.PCURVE_S1.);
#1500 = ( BOUNDED_CURVE() B_SPLINE_CURVE(12,(#1501,#1502,#1503,#1504,
    #1505,#1506,#1507,#1508,#1509,#1510,#1511,#1512,#1513,#1514,#1515,
    #1516,#1517,#1518,#1519,#1520,#1521,#1522,#1523,#1524,#1525,#1526,
    #1527,#1528,#1529,#1530,#1531,#1532,#1533,#1534,#1535,#1536,#1537,
    #1538,#1539,#1540,#1541,#1542,#1543,#1544,#1545,#1546,#1547,#1548,
    #1549,#1550,#1551,#1552,#1553,#1554,#1555,#1556,#1557,#1558,#1559,
    #1560,#1561,#1562,#1563,#1564,#1565,#1566,#1567,#1568,#1569,#1570,
    #1571,#1572,#1573,#1574,#1575,#1576,#1577,#1578,#1579,#1580,#1581,
    #1582,#1583,#1584,#1585,#1586,#1587,#1588,#1589,#1590,#1591,#1592,
    #1593,#1594,#1595,#1596,#1597,#1598,#1599,#1600,#1601,#1602,#1603,
    #1604,#1605,#1606,#1607,#1608,#1609,#1610,#1611,#1612,#1613,#1614,
    #1615,#1616,#1617,#1618,#1619,#1620,#1621,#1622,#1623,#1624,#1625,
    #1626,#1627,#1628,#1629,#1630,#1631,#1632,#1633,#1634,#1635,#1636,
    #1637,#1638,#1639,#1640,#1641,#1642,#1643,#1644,#1645,#1646,#1647,
    #1648,#1649,#1650,#1651,#1652,#1653,#1654,#1655,#1656,#1657,#1658,
    #1659,#1660,#1661,#1662,#1663,#1664,#1665,#1666,#1667,#1668,#1669,
    #1670,#1671,#1672,#1673,#1674,#1675,#1676,#1677,#1678),
.UNSPECIFIED.,.F.,.F.) B_SPLINE_CURVE_WITH_KNOTS((13,11,11,11,11,11,11,
    11,11,11,11,11,11,11,11,11,13),(2.689821950595,14.473677021732,
    20.365604557301,23.311568325085,24.784550208977,25.521041150923,
    25.889286621896,26.073409357382,26.257532092869,26.436306776466,
    26.615081460063,26.972630827257,27.687729561645,29.117927030421,
    31.978321967973,37.699111843078,37.779814481203),.UNSPECIFIED.) 
CURVE() GEOMETRIC_REPRESENTATION_ITEM() RATIONAL_B_SPLINE_CURVE((1.,1.,
    1.000000000001,0.999999999998,1.000000000004,0.999999999995,
    1.000000000005,0.999999999996,1.000000000003,0.999999999999,1.,1.,1.
    ,1.000000000001,0.999999999998,1.000000000004,0.999999999993,
    1.000000000007,0.999999999993,1.000000000004,0.999999999998,
    1.000000000001,1.,1.,1.,1.000000000001,0.999999999998,1.000000000003
    ,0.999999999997,1.000000000003,0.999999999998,1.000000000001,1.,1.,
    1.,1.,1.,1.,1.,1.000000000001,0.999999999999,1.,1.,1.,1.,1.,1.,
    1.000000000001,0.999999999998,1.000000000002,0.999999999997,
    1.000000000002,0.999999999998,1.000000000001,1.,1.,1.,1.,
    1.000000000001,0.999999999999,1.000000000002,0.999999999998,
    1.000000000002,0.999999999999,1.000000000001,1.,1.,1.,1.,1.,1.,1.,1.
    ,1.,1.,1.,1.,1.,1.,0.999999999999,1.000000000002,0.999999999997,
    1.000000000004,0.999999999996,1.000000000003,0.999999999998,
    1.000000000001,1.,1.,1.,1.,1.000000000001,0.999999999998,
    1.000000000003,0.999999999997,1.000000000002,0.999999999999,
    1.000000000001,1.,1.,1.,1.,0.999999999999,1.000000000001,
    0.999999999999,1.000000000001,0.999999999999,1.000000000001,1.,1.,1.
    ,1.,0.999999999999,1.000000000001,0.999999999998,1.000000000003,
    0.999999999997,1.000000000003,0.999999999998,1.000000000001,1.,1.,1.
    ,1.000000000001,0.999999999997,1.000000000005,0.999999999993,
    1.000000000007,0.999999999994,1.000000000004,0.999999999998,
    1.000000000001,1.,1.,1.,1.,1.,1.,1.,1.,1.,1.,1.,1.,1.,1.,
    1.000000000001,0.999999999999,1.000000000002,0.999999999998,
    1.000000000002,0.999999999999,1.,1.,1.,1.,0.999999999999,
    1.000000000002,0.999999999997,1.000000000005,0.999999999994,
    1.000000000005,0.999999999996,1.000000000002,0.999999999999,1.,1.,1.
    ,0.999999999999,1.000000000002,0.999999999998,1.000000000002,
    0.999999999998,1.000000000001,0.999999999999,1.,1.,1.)) 
REPRESENTATION_ITEM('') );
#1501 = CARTESIAN_POINT('',(8.172959247493,2.172959247493,
    14.315669125408));
#1502 = CARTESIAN_POINT('',(8.029660749496,3.008164100158,
    13.826417450076));
#1503 = CARTESIAN_POINT('',(7.74237714844,3.841195536691,13.440513248053
    ));
#1504 = CARTESIAN_POINT('',(7.329643276745,4.660269714678,
    13.153208272317));
#1505 = CARTESIAN_POINT('',(6.795332545278,5.458366021861,
    12.966697477024));
#1506 = CARTESIAN_POINT('',(6.14186347076,6.216308969922,12.892816621462
    ));
#1507 = CARTESIAN_POINT('',(5.380183498938,6.903069666455,
    12.945775999351));
#1508 = CARTESIAN_POINT('',(4.534142803944,7.483796137016,
    13.133370839301));
#1509 = CARTESIAN_POINT('',(3.638759099892,7.928730657819,
    13.451886389414));
#1510 = CARTESIAN_POINT('',(2.733762856156,8.218821148724,
    13.886693165405));
#1511 = CARTESIAN_POINT('',(1.85570066454,8.346482563891,14.417305308826
    ));
#1512 = CARTESIAN_POINT('',(1.033762860816,8.312613107299,
    15.022452468584));
#1513 = CARTESIAN_POINT('',(-7.22966396962E-02,8.029121928137,
    16.005013394387));
#1514 = CARTESIAN_POINT('',(-0.419886286395,7.89586083672,
    16.345026267846));
#1515 = CARTESIAN_POINT('',(-0.743025672761,7.724774120401,
    16.694497055929));
#1516 = CARTESIAN_POINT('',(-1.038570699713,7.517154735104,
    17.050288145874));
#1517 = CARTESIAN_POINT('',(-1.303639675069,7.274711046116,
    17.409153700626));
#1518 = CARTESIAN_POINT('',(-1.535667317378,6.999601095954,
    17.767753766369));
#1519 = CARTESIAN_POINT('',(-1.732459664791,6.694440280243,
    18.122687749182));
#1520 = CARTESIAN_POINT('',(-1.892249888377,6.36228243118,
    18.470547260899));
#1521 = CARTESIAN_POINT('',(-2.013755010726,6.006574308945,
    18.807988334278));
#1522 = CARTESIAN_POINT('',(-2.096233528871,5.631083500847,
    19.13182300718));
#1523 = CARTESIAN_POINT('',(-2.139543942446,5.239799728255,
    19.439130276172));
#1524 = CARTESIAN_POINT('',(-2.146534308317,4.635314477934,
    19.871514490626));
#1525 = CARTESIAN_POINT('',(-2.139198552819,4.430888796852,
    20.010880239828));
#1526 = CARTESIAN_POINT('',(-2.122247740106,4.224040826715,
    20.145160162513));
#1527 = CARTESIAN_POINT('',(-2.095772792756,4.015281699411,
    20.274057067429));
#1528 = CARTESIAN_POINT('',(-2.059900339166,3.805121101814,
    20.397299996258));
#1529 = CARTESIAN_POINT('',(-2.014788317402,3.59406300751,
    20.514644143618));
#1530 = CARTESIAN_POINT('',(-1.960621578443,3.382601408465,
    20.625870776973));
#1531 = CARTESIAN_POINT('',(-1.897607490246,3.171216046751,
    20.730787156685));
#1532 = CARTESIAN_POINT('',(-1.825971540891,2.960368146231,
    20.829226455886));
#1533 = CARTESIAN_POINT('',(-1.745952942579,2.750496144262,
    20.921047680536));
#1534 = CARTESIAN_POINT('',(-1.657800234978,2.542011423396,
    21.006135589325));
#1535 = CARTESIAN_POINT('',(-1.513750215973,2.23193535292,
    21.123533125858));
#1536 = CARTESIAN_POINT('',(-1.463762729588,2.129018746045,
    21.160959282183));
#1537 = CARTESIAN_POINT('',(-1.411835463986,2.026592207672,
    21.196667090795));
#1538 = CARTESIAN_POINT('',(-1.357999485449,1.924701820638,
    21.230645931794));
#1539 = CARTESIAN_POINT('',(-1.302285654983,1.823391774166,
    21.262886383289));
#1540 = CARTESIAN_POINT('',(-1.244724390939,1.722704372651,
    21.293380047512));
#1541 = CARTESIAN_POINT('',(-1.18534543162,1.622680044419,
    21.322119376814));
#1542 = CARTESIAN_POINT('',(-1.124177597904,1.523357350518,
    21.349097499836));
#1543 = CARTESIAN_POINT('',(-1.061248555849,1.424772993482,
    21.374308047464));
#1544 = CARTESIAN_POINT('',(-0.996584579317,1.326961826111,
    21.397744979009));
#1545 = CARTESIAN_POINT('',(-0.930210312581,1.229956860242,
    21.419402408188));
#1546 = CARTESIAN_POINT('',(-0.828117643124,1.085705483172,
    21.449210439784));
#1547 = CARTESIAN_POINT('',(-0.7936648741,1.037831056527,21.458700083015
    ));
#1548 = CARTESIAN_POINT('',(-0.758793072275,0.990169912904,
    21.467742606014));
#1549 = CARTESIAN_POINT('',(-0.723504967542,0.942725865409,
    21.476337247392));
#1550 = CARTESIAN_POINT('',(-0.687803165909,0.895502626196,
    21.484483229773));
#1551 = CARTESIAN_POINT('',(-0.651690142247,0.848503810425,
    21.492179751847));
#1552 = CARTESIAN_POINT('',(-0.615168233456,0.801732940722,
    21.499425980348));
#1553 = CARTESIAN_POINT('',(-0.578239631615,0.755193452405,
    21.506221041483));
#1554 = CARTESIAN_POINT('',(-0.540906377626,0.708888699193,
    21.512564012375));
#1555 = CARTESIAN_POINT('',(-0.50317035486,0.662821959657,
    21.518453911947));
#1556 = CARTESIAN_POINT('',(-0.465033283205,0.616996444206,
    21.523889691743));
#1557 = CARTESIAN_POINT('',(-0.407228428248,0.548624732027,
    21.531360493613));
#1558 = CARTESIAN_POINT('',(-0.387860268697,0.525895254808,
    21.533736949603));
#1559 = CARTESIAN_POINT('',(-0.368392428416,0.50322726485,
    21.535999453613));
#1560 = CARTESIAN_POINT('',(-0.348825090683,0.480621152123,
    21.53814786017));
#1561 = CARTESIAN_POINT('',(-0.329158428012,0.458077303093,
    21.540182018664));
#1562 = CARTESIAN_POINT('',(-0.309392602041,0.435596100906,
    21.542101773136));
#1563 = CARTESIAN_POINT('',(-0.289527763283,0.413177925762,
    21.543906961841));
#1564 = CARTESIAN_POINT('',(-0.269564051076,0.390823155056,
    21.545597417094));
#1565 = CARTESIAN_POINT('',(-0.249501593326,0.368532163809,
    21.547172964814));
#1566 = CARTESIAN_POINT('',(-0.229340506459,0.346305324848,
    21.548633424319));
#1567 = CARTESIAN_POINT('',(-0.209080895219,0.324143009205,
    21.549978607938));
#1568 = CARTESIAN_POINT('',(-0.178543831257,0.290996874985,
    21.551823177119));
#1569 = CARTESIAN_POINT('',(-0.168340202087,0.279964386786,
    21.552409165805));
#1570 = CARTESIAN_POINT('',(-0.158111976687,0.268948167985,
    21.552966262411));
#1571 = CARTESIAN_POINT('',(-0.147859165943,0.257948264674,
    21.553494442124));
#1572 = CARTESIAN_POINT('',(-0.13758178,0.246964722874,21.553993679634)
  );
#1573 = CARTESIAN_POINT('',(-0.127279828257,0.235997588511,
    21.554463949209));
#1574 = CARTESIAN_POINT('',(-0.116953319369,0.225046907474,
    21.554905224555));
#1575 = CARTESIAN_POINT('',(-0.106602261235,0.214112725576,
    21.555317478971));
#1576 = CARTESIAN_POINT('',(-9.622666100399E-02,0.203195088607,
    21.555700685168));
#1577 = CARTESIAN_POINT('',(-8.582652506232E-02,0.192294042316,
    21.556054815402));
#1578 = CARTESIAN_POINT('',(-7.540185903939E-02,0.18140963244,
    21.556379841364));
#1579 = CARTESIAN_POINT('',(-5.4503476556E-02,0.15967417697,
    21.556971627091));
#1580 = CARTESIAN_POINT('',(-4.402976009692E-02,0.148823131376,
    21.557238386855));
#1581 = CARTESIAN_POINT('',(-3.353152327967E-02,0.137988813653,
    21.557475984684));
#1582 = CARTESIAN_POINT('',(-2.300877021458E-02,0.127171269515,
    21.557684391222));
#1583 = CARTESIAN_POINT('',(-1.246150421404E-02,0.116370544703,
    21.557863576525));
#1584 = CARTESIAN_POINT('',(-1.889727871035E-03,0.105586684931,
    21.558013510161));
#1585 = CARTESIAN_POINT('',(8.706557061482E-03,9.481973600521E-02,
    21.558134161036));
#1586 = CARTESIAN_POINT('',(1.932734953058E-02,8.406974370135E-02,
    21.558225497581));
#1587 = CARTESIAN_POINT('',(2.99726493289E-02,7.333675391004E-02,
    21.558287487544));
#1588 = CARTESIAN_POINT('',(4.064245697781E-02,6.262081254479E-02,
    21.558320098145));
#1589 = CARTESIAN_POINT('',(5.133677381047E-02,5.19219656208E-02,
    21.558323295947));
#1590 = CARTESIAN_POINT('',(7.246308963238E-02,3.086881502305E-02,
    21.558271560321));
#1591 = CARTESIAN_POINT('',(8.2893685386E-02,2.051353007734E-02,
    21.558218312681));
#1592 = CARTESIAN_POINT('',(9.334728986926E-02,1.017454717586E-02,
    21.558137272853));
#1593 = CARTESIAN_POINT('',(0.103823802945,-1.479911832361E-04,
    21.558028410481));
#1594 = CARTESIAN_POINT('',(0.114323123705,-1.045394275301E-02,
    21.557891695975));
#1595 = CARTESIAN_POINT('',(0.124845150439,-2.074316566125E-02,
    21.557727100554));
#1596 = CARTESIAN_POINT('',(0.135389780738,-3.101551828595E-02,
    21.557534596193));
#1597 = CARTESIAN_POINT('',(0.145956911405,-4.127085945871E-02,
    21.557314155682));
#1598 = CARTESIAN_POINT('',(0.156546438584,-5.150904830183E-02,
    21.557065752582));
#1599 = CARTESIAN_POINT('',(0.167158257688,-6.172994440415E-02,
    21.556789361249));
#1600 = CARTESIAN_POINT('',(0.177792263481,-7.193340773277E-02,
    21.556484956828));
#1601 = CARTESIAN_POINT('',(0.199104436635,-9.230518969171E-02,
    21.555820073677));
#1602 = CARTESIAN_POINT('',(0.209782603997,-0.10247350832,
    21.555459594948));
#1603 = CARTESIAN_POINT('',(0.220482746239,-0.11262411502,
    21.555071054993));
#1604 = CARTESIAN_POINT('',(0.231204756815,-0.122756870638,
    21.554654430549));
#1605 = CARTESIAN_POINT('',(0.241948528508,-0.132871636508,
    21.554209699097));
#1606 = CARTESIAN_POINT('',(0.252713953531,-0.142968274388,
    21.553736838984));
#1607 = CARTESIAN_POINT('',(0.263500923431,-0.153046646593,
    21.553235829234));
#1608 = CARTESIAN_POINT('',(0.274309329234,-0.163106615876,
    21.552706649786));
#1609 = CARTESIAN_POINT('',(0.285139061341,-0.173148045574,
    21.552149281241));
#1610 = CARTESIAN_POINT('',(0.295990009639,-0.183170799519,
    21.551563705076));
#1611 = CARTESIAN_POINT('',(0.306862063455,-0.19317474212,
    21.550949903494));
#1612 = CARTESIAN_POINT('',(0.339541207907,-0.223129730784,
    21.549023771519));
#1613 = CARTESIAN_POINT('',(0.361411281545,-0.243023937714,
    21.547626713891));
#1614 = CARTESIAN_POINT('',(0.383364443032,-0.262841278849,
    21.546116550618));
#1615 = CARTESIAN_POINT('',(0.405399794536,-0.282580682995,
    21.544493158163));
#1616 = CARTESIAN_POINT('',(0.427516430412,-0.302241088389,
    21.542756425384));
#1617 = CARTESIAN_POINT('',(0.449713437648,-0.321821443217,
    21.540906253436));
#1618 = CARTESIAN_POINT('',(0.471989896392,-0.341320705763,
    21.538942555677));
#1619 = CARTESIAN_POINT('',(0.49434488034,-0.360737844973,
    21.536865257554));
#1620 = CARTESIAN_POINT('',(0.516777457243,-0.380071840479,
    21.53467429648));
#1621 = CARTESIAN_POINT('',(0.53928668927,-0.399321683065,21.5323696217)
  );
#1622 = CARTESIAN_POINT('',(0.561871633451,-0.41848637473,21.52995119415
    ));
#1623 = CARTESIAN_POINT('',(0.62985075924,-0.475722037393,
    21.522354570582));
#1624 = CARTESIAN_POINT('',(0.675469234159,-0.513534596276,
    21.516835033754));
#1625 = CARTESIAN_POINT('',(0.721379184745,-0.550994712834,
    21.510860155294));
#1626 = CARTESIAN_POINT('',(0.767572953019,-0.588094678609,
    21.50442989973));
#1627 = CARTESIAN_POINT('',(0.81404281733,-0.6248269747,21.497544411378)
  );
#1628 = CARTESIAN_POINT('',(0.860781003819,-0.66118427578,
    21.490204008974));
#1629 = CARTESIAN_POINT('',(0.907779697112,-0.697159453331,
    21.482409180035));
#1630 = CARTESIAN_POINT('',(0.955031050202,-0.732745577445,
    21.474160575222));
#1631 = CARTESIAN_POINT('',(1.002527193599,-0.767935917972,
    21.465459002329));
#1632 = CARTESIAN_POINT('',(1.050260243628,-0.802723944232,
    21.456305420319));
#1633 = CARTESIAN_POINT('',(1.098222310016,-0.837103323953,
    21.44670093302));
#1634 = CARTESIAN_POINT('',(1.242771887894,-0.938997114987,
    21.416538482281));
#1635 = CARTESIAN_POINT('',(1.34002287458,-1.005267224341,
    21.394631493503));
#1636 = CARTESIAN_POINT('',(1.438095154693,-1.069829069252,
    21.370935825216));
#1637 = CARTESIAN_POINT('',(1.536925618387,-1.132636726998,
    21.345463645339));
#1638 = CARTESIAN_POINT('',(1.636451458884,-1.193647404154,
    21.318229116763));
#1639 = CARTESIAN_POINT('',(1.736610277337,-1.25282130879,
    21.289248233076));
#1640 = CARTESIAN_POINT('',(1.837340187758,-1.31012152272,
    21.258538654456));
#1641 = CARTESIAN_POINT('',(1.938579921867,-1.365513873708,
    21.226119543342));
#1642 = CARTESIAN_POINT('',(2.040268934028,-1.418966807698,
    21.192011400345));
#1643 = CARTESIAN_POINT('',(2.1423475061,-1.470451261045,21.156235899949
    ));
#1644 = CARTESIAN_POINT('',(2.244756852355,-1.519940532723,
    21.118815726359));
#1645 = CARTESIAN_POINT('',(2.55280396836,-1.662349404253,
    21.001691775084));
#1646 = CARTESIAN_POINT('',(2.759261264196,-1.749207281992,
    20.917122296186));
#1647 = CARTESIAN_POINT('',(2.966345873096,-1.827792613763,
    20.826259715068));
#1648 = CARTESIAN_POINT('',(3.173609129666,-1.897944658933,
    20.729307588155));
#1649 = CARTESIAN_POINT('',(3.380617310322,-1.959530831181,
    20.626478825324));
#1650 = CARTESIAN_POINT('',(3.586950001695,-2.012444417394,
    20.517995229375));
#1651 = CARTESIAN_POINT('',(3.792198469071,-2.056602296608,20.4040870356
    ));
#1652 = CARTESIAN_POINT('',(3.995964024798,-2.091942658886,
    20.284992451199));
#1653 = CARTESIAN_POINT('',(4.197856396717,-2.118422724272,
    20.160957194887));
#1654 = CARTESIAN_POINT('',(4.397492096579,-2.136016461665,
    20.032234036311));
#1655 = CARTESIAN_POINT('',(4.594492788468,-2.144712307765,
    19.89908233562));
#1656 = CARTESIAN_POINT('',(5.17646539474,-2.144108042364,
    19.487138077558));
#1657 = CARTESIAN_POINT('',(5.552418730698,-2.108199210312,
    19.195907417876));
#1658 = CARTESIAN_POINT('',(5.913351970488,-2.036699063063,
    18.890130739926));
#1659 = CARTESIAN_POINT('',(6.256301670949,-1.929913960101,
    18.572120152219));
#1660 = CARTESIAN_POINT('',(6.578385611328,-1.788525994329,
    18.244396002908));
#1661 = CARTESIAN_POINT('',(6.876855764171,-1.613577039432,
    17.909638147075));
#1662 = CARTESIAN_POINT('',(7.149151266252,-1.406452796984,
    17.570637213871));
#1663 = CARTESIAN_POINT('',(7.39295138954,-1.168866843872,
    17.230245873789));
#1664 = CARTESIAN_POINT('',(7.606228512029,-0.902844679395,
    16.891330105861));
#1665 = CARTESIAN_POINT('',(7.787301088782,-0.610707772639,
    16.556720464863));
#1666 = CARTESIAN_POINT('',(7.934886622743,-0.295057609657,
    16.229163348558));
#1667 = CARTESIAN_POINT('',(8.049752496812,4.598438125487E-02,
    15.906787805633));
#1668 = CARTESIAN_POINT('',(8.05134351859,5.073262398598E-02,
    15.902305268711));
#1669 = CARTESIAN_POINT('',(8.052927698502,5.548497958444E-02,
    15.897824661482));
#1670 = CARTESIAN_POINT('',(8.054505033983,6.02414402085E-02,
    15.893345991307));
#1671 = CARTESIAN_POINT('',(8.056075522462,6.500199800973E-02,
    15.888869265546));
#1672 = CARTESIAN_POINT('',(8.057639161378,6.976664515317E-02,
    15.884394491566));
#1673 = CARTESIAN_POINT('',(8.059195948157,7.453537378268E-02,
    15.879921676721));
#1674 = CARTESIAN_POINT('',(8.060745880237,7.930817606856E-02,
    15.875450828379));
#1675 = CARTESIAN_POINT('',(8.062288955048,8.408504415467E-02,
    15.870981953897));
#1676 = CARTESIAN_POINT('',(8.063825170024,8.886597020609E-02,
    15.86651506064));
#1677 = CARTESIAN_POINT('',(8.065354522598,9.365094637433E-02,
    15.862050155968));
#1678 = CARTESIAN_POINT('',(8.066877010202,9.843996481766E-02,
    15.857587247242));
#1679 = PCURVE('',#1273,#1680);
#1680 = DEFINITIONAL_REPRESENTATION('',(#1681),#1860);
#1681 = B_SPLINE_CURVE_WITH_KNOTS('',12,(#1682,#1683,#1684,#1685,#1686,
    #1687,#1688,#1689,#1690,#1691,#1692,#1693,#1694,#1695,#1696,#1697,
    #1698,#1699,#1700,#1701,#1702,#1703,#1704,#1705,#1706,#1707,#1708,
    #1709,#1710,#1711,#1712,#1713,#1714,#1715,#1716,#1717,#1718,#1719,
    #1720,#1721,#1722,#1723,#1724,#1725,#1726,#1727,#1728,#1729,#1730,
    #1731,#1732,#1733,#1734,#1735,#1736,#1737,#1738,#1739,#1740,#1741,
    #1742,#1743,#1744,#1745,#1746,#1747,#1748,#1749,#1750,#1751,#1752,
    #1753,#1754,#1755,#1756,#1757,#1758,#1759,#1760,#1761,#1762,#1763,
    #1764,#1765,#1766,#1767,#1768,#1769,#1770,#1771,#1772,#1773,#1774,
    #1775,#1776,#1777,#1778,#1779,#1780,#1781,#1782,#1783,#1784,#1785,
    #1786,#1787,#1788,#1789,#1790,#1791,#1792,#1793,#1794,#1795,#1796,
    #1797,#1798,#1799,#1800,#1801,#1802,#1803,#1804,#1805,#1806,#1807,
    #1808,#1809,#1810,#1811,#1812,#1813,#1814,#1815,#1816,#1817,#1818,
    #1819,#1820,#1821,#1822,#1823,#1824,#1825,#1826,#1827,#1828,#1829,
    #1830,#1831,#1832,#1833,#1834,#1835,#1836,#1837,#1838,#1839,#1840,
    #1841,#1842,#1843,#1844,#1845,#1846,#1847,#1848,#1849,#1850,#1851,
    #1852,#1853,#1854,#1855,#1856,#1857,#1858,#1859),.UNSPECIFIED.,.F.,
  .F.,(13,11,11,11,11,11,11,11,11,11,11,11,11,11,11,11,13),(
    2.689821950595,14.473677021732,20.365604557301,23.311568325085,
    24.784550208977,25.521041150923,25.889286621896,26.073409357382,
    26.257532092869,26.436306776466,26.615081460063,26.972630827257,
    27.687729561645,29.117927030421,31.978321967973,37.699111843078,
    37.779814481203),.UNSPECIFIED.);
#1682 = CARTESIAN_POINT('',(1.479772084487E-15,6.103277807867));
#1683 = CARTESIAN_POINT('',(0.163083891777,6.103277807866));
#1684 = CARTESIAN_POINT('',(0.320725952668,6.10327624747));
#1685 = CARTESIAN_POINT('',(0.477036290075,6.103291103992));
#1686 = CARTESIAN_POINT('',(0.634749364166,6.103300843757));
#1687 = CARTESIAN_POINT('',(0.79514501957,6.103296126527));
#1688 = CARTESIAN_POINT('',(0.958330928811,6.103284424154));
#1689 = CARTESIAN_POINT('',(1.123694515792,6.103276895347));
#1690 = CARTESIAN_POINT('',(1.290371327143,6.103276809146));
#1691 = CARTESIAN_POINT('',(1.457615717377,6.103278752526));
#1692 = CARTESIAN_POINT('',(1.624998613418,6.103277809099));
#1693 = CARTESIAN_POINT('',(1.792396022318,6.103277839221));
#1694 = CARTESIAN_POINT('',(2.043458256758,6.103277992947));
#1695 = CARTESIAN_POINT('',(2.127139921639,6.103278032409));
#1696 = CARTESIAN_POINT('',(2.210808557959,6.103278145127));
#1697 = CARTESIAN_POINT('',(2.294465218852,6.103278231431));
#1698 = CARTESIAN_POINT('',(2.378109289056,6.103278166487));
#1699 = CARTESIAN_POINT('',(2.461731262074,6.103277908565));
#1700 = CARTESIAN_POINT('',(2.545308296956,6.10327755303));
#1701 = CARTESIAN_POINT('',(2.628802556199,6.103277336415));
#1702 = CARTESIAN_POINT('',(2.712162322965,6.103277585314));
#1703 = CARTESIAN_POINT('',(2.795325899433,6.103278615407));
#1704 = CARTESIAN_POINT('',(2.878228284739,6.103280576128));
#1705 = CARTESIAN_POINT('',(3.002101808048,6.103284578152));
#1706 = CARTESIAN_POINT('',(3.04331283287,6.103286081684));
#1707 = CARTESIAN_POINT('',(3.084436584858,6.103287746885));
#1708 = CARTESIAN_POINT('',(3.125466041309,6.103289532438));
#1709 = CARTESIAN_POINT('',(3.166394679917,6.103291371159));
#1710 = CARTESIAN_POINT('',(3.207216878518,6.1032931772));
#1711 = CARTESIAN_POINT('',(3.247928315051,6.10329485387));
#1712 = CARTESIAN_POINT('',(3.288526367236,6.103296300648));
#1713 = CARTESIAN_POINT('',(3.32901051256,6.103297421076));
#1714 = CARTESIAN_POINT('',(3.369382727983,6.103298129849));
#1715 = CARTESIAN_POINT('',(3.409647889857,6.10329836052));
#1716 = CARTESIAN_POINT('',(3.469897315635,6.103297928961));
#1717 = CARTESIAN_POINT('',(3.489955773403,6.103297657648));
#1718 = CARTESIAN_POINT('',(3.509990610162,6.103297254872));
#1719 = CARTESIAN_POINT('',(3.530003109413,6.103296719513));
#1720 = CARTESIAN_POINT('',(3.549994795897,6.103296053387));
#1721 = CARTESIAN_POINT('',(3.569967456669,6.103295261412));
#1722 = CARTESIAN_POINT('',(3.589923161877,6.103294351586));
#1723 = CARTESIAN_POINT('',(3.609864285926,6.103293335231));
#1724 = CARTESIAN_POINT('',(3.629793528224,6.103292226923));
#1725 = CARTESIAN_POINT('',(3.649713934309,6.10329104473));
#1726 = CARTESIAN_POINT('',(3.669628916682,6.103289810199));
#1727 = CARTESIAN_POINT('',(3.699498955409,6.103287917668));
#1728 = CARTESIAN_POINT('',(3.709455229669,6.103287279936));
#1729 = CARTESIAN_POINT('',(3.71941157415,6.103286638372));
#1730 = CARTESIAN_POINT('',(3.729368488793,6.103285996184));
#1731 = CARTESIAN_POINT('',(3.739326498785,6.103285356785));
#1732 = CARTESIAN_POINT('',(3.749286155048,6.103284723671));
#1733 = CARTESIAN_POINT('',(3.759248035265,6.103284100533));
#1734 = CARTESIAN_POINT('',(3.769212744198,6.103283491098));
#1735 = CARTESIAN_POINT('',(3.779180914764,6.103282899219));
#1736 = CARTESIAN_POINT('',(3.789153208413,6.103282328761));
#1737 = CARTESIAN_POINT('',(3.799130316023,6.103281783618));
#1738 = CARTESIAN_POINT('',(3.814104279689,6.103281009671));
#1739 = CARTESIAN_POINT('',(3.819096984618,6.103280758981));
#1740 = CARTESIAN_POINT('',(3.824091163367,6.103280516076));
#1741 = CARTESIAN_POINT('',(3.829086907914,6.103280281412));
#1742 = CARTESIAN_POINT('',(3.834084312152,6.103280055515));
#1743 = CARTESIAN_POINT('',(3.839083471869,6.103279838793));
#1744 = CARTESIAN_POINT('',(3.844084484811,6.103279631791));
#1745 = CARTESIAN_POINT('',(3.849087450672,6.103279434903));
#1746 = CARTESIAN_POINT('',(3.854092471123,6.103279248638));
#1747 = CARTESIAN_POINT('',(3.85909964984,6.103279073408));
#1748 = CARTESIAN_POINT('',(3.864109092507,6.103278909666));
#1749 = CARTESIAN_POINT('',(3.871626814024,6.103278681913));
#1750 = CARTESIAN_POINT('',(3.874133314115,6.103278608972));
#1751 = CARTESIAN_POINT('',(3.87664042059,6.10327853906));
#1752 = CARTESIAN_POINT('',(3.879148147043,6.103278472233));
#1753 = CARTESIAN_POINT('',(3.881656507193,6.103278408534));
#1754 = CARTESIAN_POINT('',(3.88416551489,6.103278348027));
#1755 = CARTESIAN_POINT('',(3.886675184112,6.103278290745));
#1756 = CARTESIAN_POINT('',(3.889185528965,6.103278236753));
#1757 = CARTESIAN_POINT('',(3.891696563689,6.103278186087));
#1758 = CARTESIAN_POINT('',(3.89420830265,6.103278138801));
#1759 = CARTESIAN_POINT('',(3.896720760349,6.103278094936));
#1760 = CARTESIAN_POINT('',(3.901747142484,6.103278014144));
#1761 = CARTESIAN_POINT('',(3.904261066919,6.103277977212));
#1762 = CARTESIAN_POINT('',(3.906775739361,6.103277943804));
#1763 = CARTESIAN_POINT('',(3.909291174549,6.103277913927));
#1764 = CARTESIAN_POINT('',(3.911807387423,6.103277887688));
#1765 = CARTESIAN_POINT('',(3.914324392951,6.103277865039));
#1766 = CARTESIAN_POINT('',(3.916842206357,6.103277846115));
#1767 = CARTESIAN_POINT('',(3.919360842887,6.103277830874));
#1768 = CARTESIAN_POINT('',(3.921880318002,6.103277819408));
#1769 = CARTESIAN_POINT('',(3.924400647252,6.103277811724));
#1770 = CARTESIAN_POINT('',(3.926921846343,6.103277807867));
#1771 = CARTESIAN_POINT('',(3.931892759089,6.103277807867));
#1772 = CARTESIAN_POINT('',(3.934342422038,6.103277811502));
#1773 = CARTESIAN_POINT('',(3.936792910678,6.103277818484));
#1774 = CARTESIAN_POINT('',(3.93924421568,6.103277828517));
#1775 = CARTESIAN_POINT('',(3.941696327765,6.103277841361));
#1776 = CARTESIAN_POINT('',(3.94414923755,6.103277856737));
#1777 = CARTESIAN_POINT('',(3.946602935764,6.103277874428));
#1778 = CARTESIAN_POINT('',(3.94905741302,6.103277894204));
#1779 = CARTESIAN_POINT('',(3.951512660024,6.103277915848));
#1780 = CARTESIAN_POINT('',(3.953968667426,6.103277939167));
#1781 = CARTESIAN_POINT('',(3.95642542592,6.103277963968));
#1782 = CARTESIAN_POINT('',(3.961340426469,6.103278016181));
#1783 = CARTESIAN_POINT('',(3.963798668525,6.103278043594));
#1784 = CARTESIAN_POINT('',(3.966257643055,6.103278072128));
#1785 = CARTESIAN_POINT('',(3.968717340767,6.103278101636));
#1786 = CARTESIAN_POINT('',(3.971177752374,6.103278131925));
#1787 = CARTESIAN_POINT('',(3.97363886862,6.103278162899));
#1788 = CARTESIAN_POINT('',(3.976100680256,6.103278194362));
#1789 = CARTESIAN_POINT('',(3.978563178062,6.10327822624));
#1790 = CARTESIAN_POINT('',(3.981026352844,6.10327825837));
#1791 = CARTESIAN_POINT('',(3.983490195432,6.103278290668));
#1792 = CARTESIAN_POINT('',(3.985954696689,6.103278323014));
#1793 = CARTESIAN_POINT('',(3.993350149144,6.103278419928));
#1794 = CARTESIAN_POINT('',(3.998283049026,6.103278484357));
#1795 = CARTESIAN_POINT('',(4.003218474308,6.10327854785));
#1796 = CARTESIAN_POINT('',(4.008156352634,6.1032786097));
#1797 = CARTESIAN_POINT('',(4.013096612269,6.103278669437));
#1798 = CARTESIAN_POINT('',(4.018039182065,6.103278726488));
#1799 = CARTESIAN_POINT('',(4.022983991633,6.103278780604));
#1800 = CARTESIAN_POINT('',(4.02793097128,6.103278831371));
#1801 = CARTESIAN_POINT('',(4.032880052149,6.103278878644));
#1802 = CARTESIAN_POINT('',(4.037831166196,6.103278922196));
#1803 = CARTESIAN_POINT('',(4.042784246262,6.103278961934));
#1804 = CARTESIAN_POINT('',(4.057649185729,6.103279069457));
#1805 = CARTESIAN_POINT('',(4.067566744442,6.103279125561));
#1806 = CARTESIAN_POINT('',(4.077491372038,6.10327916548));
#1807 = CARTESIAN_POINT('',(4.087422553042,6.103279189455));
#1808 = CARTESIAN_POINT('',(4.097359787319,6.103279198));
#1809 = CARTESIAN_POINT('',(4.107302591293,6.10327919246));
#1810 = CARTESIAN_POINT('',(4.117250497835,6.10327917386));
#1811 = CARTESIAN_POINT('',(4.127203057549,6.103279144002));
#1812 = CARTESIAN_POINT('',(4.137159838228,6.103279104206));
#1813 = CARTESIAN_POINT('',(4.147120425683,6.103279056193));
#1814 = CARTESIAN_POINT('',(4.157084423281,6.103279001424));
#1815 = CARTESIAN_POINT('',(4.186985509546,6.103278821393));
#1816 = CARTESIAN_POINT('',(4.206931698047,6.103278679737));
#1817 = CARTESIAN_POINT('',(4.226886973259,6.103278529611));
#1818 = CARTESIAN_POINT('',(4.246848588257,6.103278381455));
#1819 = CARTESIAN_POINT('',(4.266814081688,6.103278243297));
#1820 = CARTESIAN_POINT('',(4.286781266053,6.103278120814));
#1821 = CARTESIAN_POINT('',(4.306748215865,6.10327801778));
#1822 = CARTESIAN_POINT('',(4.326713255994,6.103277936026));
#1823 = CARTESIAN_POINT('',(4.346674949781,6.103277875907));
#1824 = CARTESIAN_POINT('',(4.366632087386,6.103277836339));
#1825 = CARTESIAN_POINT('',(4.386583673941,6.103277815128));
#1826 = CARTESIAN_POINT('',(4.446419405633,6.103277797181));
#1827 = CARTESIAN_POINT('',(4.486284418421,6.103277854217));
#1828 = CARTESIAN_POINT('',(4.526117701225,6.103277945522));
#1829 = CARTESIAN_POINT('',(4.565916020267,6.10327804482));
#1830 = CARTESIAN_POINT('',(4.605678700062,6.103278133543));
#1831 = CARTESIAN_POINT('',(4.645407160244,6.103278199759));
#1832 = CARTESIAN_POINT('',(4.685104452804,6.103278237608));
#1833 = CARTESIAN_POINT('',(4.724774798823,6.103278246086));
#1834 = CARTESIAN_POINT('',(4.764423125702,6.103278228516));
#1835 = CARTESIAN_POINT('',(4.804054603997,6.103278191423));
#1836 = CARTESIAN_POINT('',(4.843674184505,6.103278143833));
#1837 = CARTESIAN_POINT('',(4.962510036669,6.103278001323));
#1838 = CARTESIAN_POINT('',(5.041700337974,6.103277910974));
#1839 = CARTESIAN_POINT('',(5.120902914206,6.103277841999));
#1840 = CARTESIAN_POINT('',(5.200144033985,6.103277800626));
#1841 = CARTESIAN_POINT('',(5.279434183286,6.103277785412));
#1842 = CARTESIAN_POINT('',(5.358771888469,6.103277789307));
#1843 = CARTESIAN_POINT('',(5.438147540534,6.103277802934));
#1844 = CARTESIAN_POINT('',(5.517547217779,6.103277816256));
#1845 = CARTESIAN_POINT('',(5.596956510187,6.103277822018));
#1846 = CARTESIAN_POINT('',(5.676364342247,6.103277817557));
#1847 = CARTESIAN_POINT('',(5.755766796964,6.103277807868));
#1848 = CARTESIAN_POINT('',(5.836291085787,6.103277807867));
#1849 = CARTESIAN_POINT('',(5.837411232472,6.103277807869));
#1850 = CARTESIAN_POINT('',(5.838531379145,6.103277807861));
#1851 = CARTESIAN_POINT('',(5.839651525856,6.103277807878));
#1852 = CARTESIAN_POINT('',(5.840771672502,6.103277807854));
#1853 = CARTESIAN_POINT('',(5.841891819224,6.103277807879));
#1854 = CARTESIAN_POINT('',(5.843011965852,6.103277807858));
#1855 = CARTESIAN_POINT('',(5.844132112539,6.103277807872));
#1856 = CARTESIAN_POINT('',(5.845252259161,6.103277807865));
#1857 = CARTESIAN_POINT('',(5.846372405791,6.103277807868));
#1858 = CARTESIAN_POINT('',(5.847492552387,6.103277807867));
#1859 = CARTESIAN_POINT('',(5.848612698961,6.103277807867));
#1860 = ( GEOMETRIC_REPRESENTATION_CONTEXT(2) 
PARAMETRIC_REPRESENTATION_CONTEXT() REPRESENTATION_CONTEXT('2D SPACE',''
  ) );
#1861 = PCURVE('',#1862,#2397);
#1862 = ( BOUNDED_SURFACE() B_SPLINE_SURFACE(2,12,(
    (#1863,#1864,#1865,#1866,#1867,#1868,#1869,#1870,#1871,#1872,#1873
      ,#1874,#1875,#1876,#1877,#1878,#1879,#1880,#1881,#1882,#1883,#1884
      ,#1885,#1886,#1887,#1888,#1889,#1890,#1891,#1892,#1893,#1894,#1895
      ,#1896,#1897,#1898,#1899,#1900,#1901,#1902,#1903,#1904,#1905,#1906
      ,#1907,#1908,#1909,#1910,#1911,#1912,#1913,#1914,#1915,#1916,#1917
      ,#1918,#1919,#1920,#1921,#1922,#1923,#1924,#1925,#1926,#1927,#1928
      ,#1929,#1930,#1931,#1932,#1933,#1934,#1935,#1936,#1937,#1938,#1939
      ,#1940,#1941,#1942,#1943,#1944,#1945,#1946,#1947,#1948,#1949,#1950
      ,#1951,#1952,#1953,#1954,#1955,#1956,#1957,#1958,#1959,#1960,#1961
      ,#1962,#1963,#1964,#1965,#1966,#1967,#1968,#1969,#1970,#1971,#1972
      ,#1973,#1974,#1975,#1976,#1977,#1978,#1979,#1980,#1981,#1982,#1983
      ,#1984,#1985,#1986,#1987,#1988,#1989,#1990,#1991,#1992,#1993,#1994
      ,#1995,#1996,#1997,#1998,#1999,#2000,#2001,#2002,#2003,#2004,#2005
      ,#2006,#2007,#2008,#2009,#2010,#2011,#2012,#2013,#2014,#2015,#2016
      ,#2017,#2018,#2019,#2020,#2021,#2022,#2023,#2024,#2025,#2026,#2027
      ,#2028,#2029,#2030,#2031,#2032,#2033,#2034,#2035,#2036,#2037,#2038
      ,#2039,#2040)
    ,(#2041,#2042,#2043,#2044,#2045,#2046,#2047,#2048,#2049,#2050,#2051
      ,#2052,#2053,#2054,#2055,#2056,#2057,#2058,#2059,#2060,#2061,#2062
      ,#2063,#2064,#2065,#2066,#2067,#2068,#2069,#2070,#2071,#2072,#2073
      ,#2074,#2075,#2076,#2077,#2078,#2079,#2080,#2081,#2082,#2083,#2084
      ,#2085,#2086,#2087,#2088,#2089,#2090,#2091,#2092,#2093,#2094,#2095
      ,#2096,#2097,#2098,#2099,#2100,#2101,#2102,#2103,#2104,#2105,#2106
      ,#2107,#2108,#2109,#2110,#2111,#2112,#2113,#2114,#2115,#2116,#2117
      ,#2118,#2119,#2120,#2121,#2122,#2123,#2124,#2125,#2126,#2127,#2128
      ,#2129,#2130,#2131,#2132,#2133,#2134,#2135,#2136,#2137,#2138,#2139
      ,#2140,#2141,#2142,#2143,#2144,#2145,#2146,#2147,#2148,#2149,#2150
      ,#2151,#2152,#2153,#2154,#2155,#2156,#2157,#2158,#2159,#2160,#2161
      ,#2162,#2163,#2164,#2165,#2166,#2167,#2168,#2169,#2170,#2171,#2172
      ,#2173,#2174,#2175,#2176,#2177,#2178,#2179,#2180,#2181,#2182,#2183
      ,#2184,#2185,#2186,#2187,#2188,#2189,#2190,#2191,#2192,#2193,#2194
      ,#2195,#2196,#2197,#2198,#2199,#2200,#2201,#2202,#2203,#2204,#2205
      ,#2206,#2207,#2208,#2209,#2210,#2211,#2212,#2213,#2214,#2215,#2216
      ,#2217,#2218)
    ,(#2219,#2220,#2221,#2222,#2223,#2224,#2225,#2226,#2227,#2228,#2229
      ,#2230,#2231,#2232,#2233,#2234,#2235,#2236,#2237,#2238,#2239,#2240
      ,#2241,#2242,#2243,#2244,#2245,#2246,#2247,#2248,#2249,#2250,#2251
      ,#2252,#2253,#2254,#2255,#2256,#2257,#2258,#2259,#2260,#2261,#2262
      ,#2263,#2264,#2265,#2266,#2267,#2268,#2269,#2270,#2271,#2272,#2273
      ,#2274,#2275,#2276,#2277,#2278,#2279,#2280,#2281,#2282,#2283,#2284
      ,#2285,#2286,#2287,#2288,#2289,#2290,#2291,#2292,#2293,#2294,#2295
      ,#2296,#2297,#2298,#2299,#2300,#2301,#2302,#2303,#2304,#2305,#2306
      ,#2307,#2308,#2309,#2310,#2311,#2312,#2313,#2314,#2315,#2316,#2317
      ,#2318,#2319,#2320,#2321,#2322,#2323,#2324,#2325,#2326,#2327,#2328
      ,#2329,#2330,#2331,#2332,#2333,#2334,#2335,#2336,#2337,#2338,#2339
      ,#2340,#2341,#2342,#2343,#2344,#2345,#2346,#2347,#2348,#2349,#2350
      ,#2351,#2352,#2353,#2354,#2355,#2356,#2357,#2358,#2359,#2360,#2361
      ,#2362,#2363,#2364,#2365,#2366,#2367,#2368,#2369,#2370,#2371,#2372
      ,#2373,#2374,#2375,#2376,#2377,#2378,#2379,#2380,#2381,#2382,#2383
      ,#2384,#2385,#2386,#2387,#2388,#2389,#2390,#2391,#2392,#2393,#2394
      ,#2395,#2396
)),.UNSPECIFIED.,.F.,.F.,.F.) B_SPLINE_SURFACE_WITH_KNOTS((3,3),(13,11,
    11,11,11,11,11,11,11,11,11,11,11,11,11,11,13),(0.,35.089992530608),(
    2.689821950595,14.473677021732,20.365604557301,23.311568325085,
    24.784550208977,25.521041150923,25.889286621896,26.073409357382,
    26.257532092869,26.436306776466,26.615081460063,26.972630827257,
    27.687729561645,29.117927030421,31.978321967973,37.699111843078,
37.779814481203),.UNSPECIFIED.) GEOMETRIC_REPRESENTATION_ITEM() 
RATIONAL_B_SPLINE_SURFACE((
    (1.,1.,1.000000000001,0.999999999998,1.000000000004,0.999999999995
      ,1.000000000005,0.999999999996,1.000000000003,0.999999999999,1.,1.
      ,1.,1.000000000001,0.999999999998,1.000000000004,0.999999999993
      ,1.000000000007,0.999999999993,1.000000000004,0.999999999998
      ,1.000000000001,1.,1.,1.,1.000000000001,0.999999999998
      ,1.000000000003,0.999999999997,1.000000000003,0.999999999998
      ,1.000000000001,1.,1.,1.,1.,1.,1.,1.,1.000000000001,0.999999999999
      ,1.,1.,1.,1.,1.,1.,1.000000000001,0.999999999998,1.000000000002
      ,0.999999999997,1.000000000002,0.999999999998,1.000000000001,1.,1.
      ,1.,1.,1.000000000001,0.999999999999,1.000000000002,0.999999999998
      ,1.000000000002,0.999999999999,1.000000000001,1.,1.,1.,1.,1.,1.,1.
      ,1.,1.,1.,1.,1.,1.,1.,0.999999999999,1.000000000002,0.999999999997
      ,1.000000000004,0.999999999996,1.000000000003,0.999999999998
      ,1.000000000001,1.,1.,1.,1.,1.000000000001,0.999999999998
      ,1.000000000003,0.999999999997,1.000000000002,0.999999999999
      ,1.000000000001,1.,1.,1.,1.,0.999999999999,1.000000000001
      ,0.999999999999,1.000000000001,0.999999999999,1.000000000001,1.,1.
      ,1.,1.,0.999999999999,1.000000000001,0.999999999998,1.000000000003
      ,0.999999999997,1.000000000003,0.999999999998,1.000000000001,1.,1.
      ,1.,1.000000000001,0.999999999997,1.000000000005,0.999999999993
      ,1.000000000007,0.999999999994,1.000000000004,0.999999999998
      ,1.000000000001,1.,1.,1.,1.,1.,1.,1.,1.,1.,1.,1.,1.,1.,1.
      ,1.000000000001,0.999999999999,1.000000000002,0.999999999998
      ,1.000000000002,0.999999999999,1.,1.,1.,1.,0.999999999999
      ,1.000000000002,0.999999999997,1.000000000005,0.999999999994
      ,1.000000000005,0.999999999996,1.000000000002,0.999999999999,1.,1.
      ,1.,0.999999999999,1.000000000002,0.999999999998,1.000000000002
      ,0.999999999998,1.000000000001,0.999999999999,1.,1.,1.)
    ,(0.925376593112,0.925376593112,0.92537909236,0.925355303074
      ,0.925339707115,0.925347260745,0.925365999485,0.925378054754
      ,0.925378192387,0.92537508031,0.925376591161,0.92537654291
      ,0.925376296769,0.925376233591,0.925376053079,0.925375914975
      ,0.925376018834,0.925376431967,0.925377001061,0.925377348028
      ,0.925376949432,0.925375300147,0.925372160691,0.925365752599
      ,0.925363345107,0.925360678729,0.925357819553,0.925354875264
      ,0.925351983171,0.925349298314,0.925346981472,0.925345187283
      ,0.925344052255,0.925343682861,0.925344373946,0.925344808421
      ,0.92534545341,0.925346310723,0.925347377418,0.925348645667
      ,0.925350102589,0.925351730125,0.925353504864,0.925355397917
      ,0.925357374751,0.925360405205,0.92536142638,0.925362453696
      ,0.925363481983,0.925364505835,0.925365519576,0.925366517379
      ,0.925367493204,0.925368440935,0.925369354351,0.925370227234
      ,0.925371466473,0.925371867872,0.925372256818,0.925372632538
      ,0.925372994269,0.925373341246,0.925373672723,0.925373987952
      ,0.925374286208,0.925374566775,0.925374828954,0.925375193625
      ,0.925375310416,0.925375422355,0.92537552936,0.925375631345
      ,0.925375728235,0.925375819945,0.9253759064,0.925375987521
      ,0.925376063236,0.925376133469,0.925376262831,0.92537632196
      ,0.925376375466,0.925376423276,0.925376465329,0.925376501551
      ,0.925376531886,0.925376556267,0.925376574636,0.925376586936
      ,0.925376593112,0.925376593113,0.925376587289,0.925376576118
      ,0.92537656004,0.925376539492,0.925376514859,0.925376486539
      ,0.925376454874,0.925376420217,0.925376382881,0.92537634317
      ,0.925376259569,0.925376215679,0.925376169983,0.925376122752
      ,0.925376074232,0.925376024664,0.925375974262,0.925375923239
      ,0.925375871782,0.925375820073,0.925375768279,0.925375613107
      ,0.925375509939,0.925375408296,0.925375309226,0.92537521363
      ,0.925375122224,0.925375035628,0.925374954303,0.925374878634
      ,0.925374808889,0.925374745265,0.9253745731,0.92537448328
      ,0.925374419326,0.925374381014,0.925374367215,0.925374376229
      ,0.925374405871,0.925374453785,0.925374517441,0.925374594347
      ,0.925374682033,0.925374970295,0.925375197107,0.925375437491
      ,0.925375674696,0.925375895935,0.925376092019,0.925376257022
      ,0.925376387903,0.925376484172,0.925376547524,0.925376581486
      ,0.925376610223,0.925376518896,0.925376372713,0.925376213698
      ,0.925376071675,0.925375965608,0.925375905048,0.925375891442
      ,0.925375919592,0.925375978977,0.925376055178,0.92537628336
      ,0.925376428015,0.925376538479,0.925376604672,0.925376629118
      ,0.925376622772,0.925376601062,0.925376579643,0.925376570474
      ,0.925376577589,0.925376593113,0.925376593112,0.925376593113
      ,0.925376593111,0.925376593115,0.92537659311,0.925376593115
      ,0.92537659311,0.925376593114,0.925376593112,0.925376593113
      ,0.925376593112,0.925376593112)
    ,(1.,1.,1.000000000001,0.999999999998,1.000000000004,0.999999999995
      ,1.000000000005,0.999999999996,1.000000000003,0.999999999999,1.,1.
      ,1.,1.000000000001,0.999999999998,1.000000000004,0.999999999993
      ,1.000000000007,0.999999999993,1.000000000004,0.999999999998
      ,1.000000000001,1.,1.,1.,1.000000000001,0.999999999998
      ,1.000000000003,0.999999999997,1.000000000003,0.999999999998
      ,1.000000000001,1.,1.,1.,1.,1.,1.,1.,1.000000000001,0.999999999999
      ,1.,1.,1.,1.,1.,1.,1.000000000001,0.999999999998,1.000000000002
      ,0.999999999997,1.000000000002,0.999999999998,1.000000000001,1.,1.
      ,1.,1.,1.000000000001,0.999999999999,1.000000000002,0.999999999998
      ,1.000000000002,0.999999999999,1.000000000001,1.,1.,1.,1.,1.,1.,1.
      ,1.,1.,1.,1.,1.,1.,1.,0.999999999999,1.000000000002,0.999999999997
      ,1.000000000004,0.999999999996,1.000000000003,0.999999999998
      ,1.000000000001,1.,1.,1.,1.,1.000000000001,0.999999999998
      ,1.000000000003,0.999999999997,1.000000000002,0.999999999999
      ,1.000000000001,1.,1.,1.,1.,0.999999999999,1.000000000001
      ,0.999999999999,1.000000000001,0.999999999999,1.000000000001,1.,1.
      ,1.,1.,0.999999999999,1.000000000001,0.999999999998,1.000000000003
      ,0.999999999997,1.000000000003,0.999999999998,1.000000000001,1.,1.
      ,1.,1.000000000001,0.999999999997,1.000000000005,0.999999999993
      ,1.000000000007,0.999999999994,1.000000000004,0.999999999998
      ,1.000000000001,1.,1.,1.,1.,1.,1.,1.,1.,1.,1.,1.,1.,1.,1.
      ,1.000000000001,0.999999999999,1.000000000002,0.999999999998
      ,1.000000000002,0.999999999999,1.,1.,1.,1.,0.999999999999
      ,1.000000000002,0.999999999997,1.000000000005,0.999999999994
      ,1.000000000005,0.999999999996,1.000000000002,0.999999999999,1.,1.
      ,1.,0.999999999999,1.000000000002,0.999999999998,1.000000000002
      ,0.999999999998,1.000000000001,0.999999999999,1.,1.,1.
))) REPRESENTATION_ITEM('') SURFACE() );
#1863 = CARTESIAN_POINT('',(8.172959247493,2.172959247493,
    14.315669125408));
#1864 = CARTESIAN_POINT('',(8.029660749496,3.008164100158,
    13.826417450076));
#1865 = CARTESIAN_POINT('',(7.74237714844,3.841195536691,13.440513248053
    ));
#1866 = CARTESIAN_POINT('',(7.329643276745,4.660269714678,
    13.153208272317));
#1867 = CARTESIAN_POINT('',(6.795332545278,5.458366021861,
    12.966697477024));
#1868 = CARTESIAN_POINT('',(6.14186347076,6.216308969922,12.892816621462
    ));
#1869 = CARTESIAN_POINT('',(5.380183498938,6.903069666455,
    12.945775999351));
#1870 = CARTESIAN_POINT('',(4.534142803944,7.483796137016,
    13.133370839301));
#1871 = CARTESIAN_POINT('',(3.638759099892,7.928730657819,
    13.451886389414));
#1872 = CARTESIAN_POINT('',(2.733762856156,8.218821148724,
    13.886693165405));
#1873 = CARTESIAN_POINT('',(1.85570066454,8.346482563891,14.417305308826
    ));
#1874 = CARTESIAN_POINT('',(1.033762860816,8.312613107299,
    15.022452468584));
#1875 = CARTESIAN_POINT('',(-7.22966396962E-02,8.029121928137,
    16.005013394387));
#1876 = CARTESIAN_POINT('',(-0.419886286395,7.89586083672,
    16.345026267846));
#1877 = CARTESIAN_POINT('',(-0.743025672761,7.724774120401,
    16.694497055929));
#1878 = CARTESIAN_POINT('',(-1.038570699713,7.517154735104,
    17.050288145874));
#1879 = CARTESIAN_POINT('',(-1.303639675069,7.274711046116,
    17.409153700626));
#1880 = CARTESIAN_POINT('',(-1.535667317378,6.999601095954,
    17.767753766369));
#1881 = CARTESIAN_POINT('',(-1.732459664791,6.694440280243,
    18.122687749182));
#1882 = CARTESIAN_POINT('',(-1.892249888377,6.36228243118,
    18.470547260899));
#1883 = CARTESIAN_POINT('',(-2.013755010726,6.006574308945,
    18.807988334278));
#1884 = CARTESIAN_POINT('',(-2.096233528871,5.631083500847,
    19.13182300718));
#1885 = CARTESIAN_POINT('',(-2.139543942446,5.239799728255,
    19.439130276172));
#1886 = CARTESIAN_POINT('',(-2.146534308317,4.635314477934,
    19.871514490626));
#1887 = CARTESIAN_POINT('',(-2.139198552819,4.430888796852,
    20.010880239828));
#1888 = CARTESIAN_POINT('',(-2.122247740106,4.224040826715,
    20.145160162513));
#1889 = CARTESIAN_POINT('',(-2.095772792756,4.015281699411,
    20.274057067429));
#1890 = CARTESIAN_POINT('',(-2.059900339166,3.805121101814,
    20.397299996258));
#1891 = CARTESIAN_POINT('',(-2.014788317402,3.59406300751,
    20.514644143618));
#1892 = CARTESIAN_POINT('',(-1.960621578443,3.382601408465,
    20.625870776973));
#1893 = CARTESIAN_POINT('',(-1.897607490246,3.171216046751,
    20.730787156685));
#1894 = CARTESIAN_POINT('',(-1.825971540891,2.960368146231,
    20.829226455886));
#1895 = CARTESIAN_POINT('',(-1.745952942579,2.750496144262,
    20.921047680536));
#1896 = CARTESIAN_POINT('',(-1.657800234978,2.542011423396,
    21.006135589325));
#1897 = CARTESIAN_POINT('',(-1.513750215973,2.23193535292,
    21.123533125858));
#1898 = CARTESIAN_POINT('',(-1.463762729588,2.129018746045,
    21.160959282183));
#1899 = CARTESIAN_POINT('',(-1.411835463986,2.026592207672,
    21.196667090795));
#1900 = CARTESIAN_POINT('',(-1.357999485449,1.924701820638,
    21.230645931794));
#1901 = CARTESIAN_POINT('',(-1.302285654983,1.823391774166,
    21.262886383289));
#1902 = CARTESIAN_POINT('',(-1.244724390939,1.722704372651,
    21.293380047512));
#1903 = CARTESIAN_POINT('',(-1.18534543162,1.622680044419,
    21.322119376814));
#1904 = CARTESIAN_POINT('',(-1.124177597904,1.523357350518,
    21.349097499836));
#1905 = CARTESIAN_POINT('',(-1.061248555849,1.424772993482,
    21.374308047464));
#1906 = CARTESIAN_POINT('',(-0.996584579317,1.326961826111,
    21.397744979009));
#1907 = CARTESIAN_POINT('',(-0.930210312581,1.229956860242,
    21.419402408188));
#1908 = CARTESIAN_POINT('',(-0.828117643124,1.085705483172,
    21.449210439784));
#1909 = CARTESIAN_POINT('',(-0.7936648741,1.037831056527,21.458700083015
    ));
#1910 = CARTESIAN_POINT('',(-0.758793072275,0.990169912904,
    21.467742606014));
#1911 = CARTESIAN_POINT('',(-0.723504967542,0.942725865409,
    21.476337247392));
#1912 = CARTESIAN_POINT('',(-0.687803165909,0.895502626196,
    21.484483229773));
#1913 = CARTESIAN_POINT('',(-0.651690142247,0.848503810425,
    21.492179751847));
#1914 = CARTESIAN_POINT('',(-0.615168233456,0.801732940722,
    21.499425980348));
#1915 = CARTESIAN_POINT('',(-0.578239631615,0.755193452405,
    21.506221041483));
#1916 = CARTESIAN_POINT('',(-0.540906377626,0.708888699193,
    21.512564012375));
#1917 = CARTESIAN_POINT('',(-0.50317035486,0.662821959657,
    21.518453911947));
#1918 = CARTESIAN_POINT('',(-0.465033283205,0.616996444206,
    21.523889691743));
#1919 = CARTESIAN_POINT('',(-0.407228428248,0.548624732027,
    21.531360493613));
#1920 = CARTESIAN_POINT('',(-0.387860268697,0.525895254808,
    21.533736949603));
#1921 = CARTESIAN_POINT('',(-0.368392428416,0.50322726485,
    21.535999453613));
#1922 = CARTESIAN_POINT('',(-0.348825090683,0.480621152123,
    21.53814786017));
#1923 = CARTESIAN_POINT('',(-0.329158428012,0.458077303093,
    21.540182018664));
#1924 = CARTESIAN_POINT('',(-0.309392602041,0.435596100906,
    21.542101773136));
#1925 = CARTESIAN_POINT('',(-0.289527763283,0.413177925762,
    21.543906961841));
#1926 = CARTESIAN_POINT('',(-0.269564051076,0.390823155056,
    21.545597417094));
#1927 = CARTESIAN_POINT('',(-0.249501593326,0.368532163809,
    21.547172964814));
#1928 = CARTESIAN_POINT('',(-0.229340506459,0.346305324848,
    21.548633424319));
#1929 = CARTESIAN_POINT('',(-0.209080895219,0.324143009205,
    21.549978607938));
#1930 = CARTESIAN_POINT('',(-0.178543831257,0.290996874985,
    21.551823177119));
#1931 = CARTESIAN_POINT('',(-0.168340202087,0.279964386786,
    21.552409165805));
#1932 = CARTESIAN_POINT('',(-0.158111976687,0.268948167985,
    21.552966262411));
#1933 = CARTESIAN_POINT('',(-0.147859165943,0.257948264674,
    21.553494442124));
#1934 = CARTESIAN_POINT('',(-0.13758178,0.246964722874,21.553993679634)
  );
#1935 = CARTESIAN_POINT('',(-0.127279828257,0.235997588511,
    21.554463949209));
#1936 = CARTESIAN_POINT('',(-0.116953319369,0.225046907474,
    21.554905224555));
#1937 = CARTESIAN_POINT('',(-0.106602261235,0.214112725576,
    21.555317478971));
#1938 = CARTESIAN_POINT('',(-9.622666100399E-02,0.203195088607,
    21.555700685168));
#1939 = CARTESIAN_POINT('',(-8.582652506232E-02,0.192294042316,
    21.556054815402));
#1940 = CARTESIAN_POINT('',(-7.540185903939E-02,0.18140963244,
    21.556379841364));
#1941 = CARTESIAN_POINT('',(-5.4503476556E-02,0.15967417697,
    21.556971627091));
#1942 = CARTESIAN_POINT('',(-4.402976009692E-02,0.148823131376,
    21.557238386855));
#1943 = CARTESIAN_POINT('',(-3.353152327967E-02,0.137988813653,
    21.557475984684));
#1944 = CARTESIAN_POINT('',(-2.300877021458E-02,0.127171269515,
    21.557684391222));
#1945 = CARTESIAN_POINT('',(-1.246150421404E-02,0.116370544703,
    21.557863576525));
#1946 = CARTESIAN_POINT('',(-1.889727871035E-03,0.105586684931,
    21.558013510161));
#1947 = CARTESIAN_POINT('',(8.706557061482E-03,9.481973600521E-02,
    21.558134161036));
#1948 = CARTESIAN_POINT('',(1.932734953058E-02,8.406974370135E-02,
    21.558225497581));
#1949 = CARTESIAN_POINT('',(2.99726493289E-02,7.333675391004E-02,
    21.558287487544));
#1950 = CARTESIAN_POINT('',(4.064245697781E-02,6.262081254479E-02,
    21.558320098145));
#1951 = CARTESIAN_POINT('',(5.133677381047E-02,5.19219656208E-02,
    21.558323295947));
#1952 = CARTESIAN_POINT('',(7.246308963238E-02,3.086881502305E-02,
    21.558271560321));
#1953 = CARTESIAN_POINT('',(8.2893685386E-02,2.051353007734E-02,
    21.558218312681));
#1954 = CARTESIAN_POINT('',(9.334728986926E-02,1.017454717586E-02,
    21.558137272853));
#1955 = CARTESIAN_POINT('',(0.103823802945,-1.479911832361E-04,
    21.558028410481));
#1956 = CARTESIAN_POINT('',(0.114323123705,-1.045394275301E-02,
    21.557891695975));
#1957 = CARTESIAN_POINT('',(0.124845150439,-2.074316566125E-02,
    21.557727100554));
#1958 = CARTESIAN_POINT('',(0.135389780738,-3.101551828595E-02,
    21.557534596193));
#1959 = CARTESIAN_POINT('',(0.145956911405,-4.127085945871E-02,
    21.557314155682));
#1960 = CARTESIAN_POINT('',(0.156546438584,-5.150904830183E-02,
    21.557065752582));
#1961 = CARTESIAN_POINT('',(0.167158257688,-6.172994440415E-02,
    21.556789361249));
#1962 = CARTESIAN_POINT('',(0.177792263481,-7.193340773277E-02,
    21.556484956828));
#1963 = CARTESIAN_POINT('',(0.199104436635,-9.230518969171E-02,
    21.555820073677));
#1964 = CARTESIAN_POINT('',(0.209782603997,-0.10247350832,
    21.555459594948));
#1965 = CARTESIAN_POINT('',(0.220482746239,-0.11262411502,
    21.555071054993));
#1966 = CARTESIAN_POINT('',(0.231204756815,-0.122756870638,
    21.554654430549));
#1967 = CARTESIAN_POINT('',(0.241948528508,-0.132871636508,
    21.554209699097));
#1968 = CARTESIAN_POINT('',(0.252713953531,-0.142968274388,
    21.553736838984));
#1969 = CARTESIAN_POINT('',(0.263500923431,-0.153046646593,
    21.553235829234));
#1970 = CARTESIAN_POINT('',(0.274309329234,-0.163106615876,
    21.552706649786));
#1971 = CARTESIAN_POINT('',(0.285139061341,-0.173148045574,
    21.552149281241));
#1972 = CARTESIAN_POINT('',(0.295990009639,-0.183170799519,
    21.551563705076));
#1973 = CARTESIAN_POINT('',(0.306862063455,-0.19317474212,
    21.550949903494));
#1974 = CARTESIAN_POINT('',(0.339541207907,-0.223129730784,
    21.549023771519));
#1975 = CARTESIAN_POINT('',(0.361411281545,-0.243023937714,
    21.547626713891));
#1976 = CARTESIAN_POINT('',(0.383364443032,-0.262841278849,
    21.546116550618));
#1977 = CARTESIAN_POINT('',(0.405399794536,-0.282580682995,
    21.544493158163));
#1978 = CARTESIAN_POINT('',(0.427516430412,-0.302241088389,
    21.542756425384));
#1979 = CARTESIAN_POINT('',(0.449713437648,-0.321821443217,
    21.540906253436));
#1980 = CARTESIAN_POINT('',(0.471989896392,-0.341320705763,
    21.538942555677));
#1981 = CARTESIAN_POINT('',(0.49434488034,-0.360737844973,
    21.536865257554));
#1982 = CARTESIAN_POINT('',(0.516777457243,-0.380071840479,
    21.53467429648));
#1983 = CARTESIAN_POINT('',(0.53928668927,-0.399321683065,21.5323696217)
  );
#1984 = CARTESIAN_POINT('',(0.561871633451,-0.41848637473,21.52995119415
    ));
#1985 = CARTESIAN_POINT('',(0.62985075924,-0.475722037393,
    21.522354570582));
#1986 = CARTESIAN_POINT('',(0.675469234159,-0.513534596276,
    21.516835033754));
#1987 = CARTESIAN_POINT('',(0.721379184745,-0.550994712834,
    21.510860155294));
#1988 = CARTESIAN_POINT('',(0.767572953019,-0.588094678609,
    21.50442989973));
#1989 = CARTESIAN_POINT('',(0.81404281733,-0.6248269747,21.497544411378)
  );
#1990 = CARTESIAN_POINT('',(0.860781003819,-0.66118427578,
    21.490204008974));
#1991 = CARTESIAN_POINT('',(0.907779697112,-0.697159453331,
    21.482409180035));
#1992 = CARTESIAN_POINT('',(0.955031050202,-0.732745577445,
    21.474160575222));
#1993 = CARTESIAN_POINT('',(1.002527193599,-0.767935917972,
    21.465459002329));
#1994 = CARTESIAN_POINT('',(1.050260243628,-0.802723944232,
    21.456305420319));
#1995 = CARTESIAN_POINT('',(1.098222310016,-0.837103323953,
    21.44670093302));
#1996 = CARTESIAN_POINT('',(1.242771887894,-0.938997114987,
    21.416538482281));
#1997 = CARTESIAN_POINT('',(1.34002287458,-1.005267224341,
    21.394631493503));
#1998 = CARTESIAN_POINT('',(1.438095154693,-1.069829069252,
    21.370935825216));
#1999 = CARTESIAN_POINT('',(1.536925618387,-1.132636726998,
    21.345463645339));
#2000 = CARTESIAN_POINT('',(1.636451458884,-1.193647404154,
    21.318229116763));
#2001 = CARTESIAN_POINT('',(1.736610277337,-1.25282130879,
    21.289248233076));
#2002 = CARTESIAN_POINT('',(1.837340187758,-1.31012152272,
    21.258538654456));
#2003 = CARTESIAN_POINT('',(1.938579921867,-1.365513873708,
    21.226119543342));
#2004 = CARTESIAN_POINT('',(2.040268934028,-1.418966807698,
    21.192011400345));
#2005 = CARTESIAN_POINT('',(2.1423475061,-1.470451261045,21.156235899949
    ));
#2006 = CARTESIAN_POINT('',(2.244756852355,-1.519940532723,
    21.118815726359));
#2007 = CARTESIAN_POINT('',(2.55280396836,-1.662349404253,
    21.001691775084));
#2008 = CARTESIAN_POINT('',(2.759261264196,-1.749207281992,
    20.917122296186));
#2009 = CARTESIAN_POINT('',(2.966345873096,-1.827792613763,
    20.826259715068));
#2010 = CARTESIAN_POINT('',(3.173609129666,-1.897944658933,
    20.729307588155));
#2011 = CARTESIAN_POINT('',(3.380617310322,-1.959530831181,
    20.626478825324));
#2012 = CARTESIAN_POINT('',(3.586950001695,-2.012444417394,
    20.517995229375));
#2013 = CARTESIAN_POINT('',(3.792198469071,-2.056602296608,20.4040870356
    ));
#2014 = CARTESIAN_POINT('',(3.995964024798,-2.091942658886,
    20.284992451199));
#2015 = CARTESIAN_POINT('',(4.197856396717,-2.118422724272,
    20.160957194887));
#2016 = CARTESIAN_POINT('',(4.397492096579,-2.136016461665,
    20.032234036311));
#2017 = CARTESIAN_POINT('',(4.594492788468,-2.144712307765,
    19.89908233562));
#2018 = CARTESIAN_POINT('',(5.17646539474,-2.144108042364,
    19.487138077558));
#2019 = CARTESIAN_POINT('',(5.552418730698,-2.108199210312,
    19.195907417876));
#2020 = CARTESIAN_POINT('',(5.913351970488,-2.036699063063,
    18.890130739926));
#2021 = CARTESIAN_POINT('',(6.256301670949,-1.929913960101,
    18.572120152219));
#2022 = CARTESIAN_POINT('',(6.578385611328,-1.788525994329,
    18.244396002908));
#2023 = CARTESIAN_POINT('',(6.876855764171,-1.613577039432,
    17.909638147075));
#2024 = CARTESIAN_POINT('',(7.149151266252,-1.406452796984,
    17.570637213871));
#2025 = CARTESIAN_POINT('',(7.39295138954,-1.168866843872,
    17.230245873789));
#2026 = CARTESIAN_POINT('',(7.606228512029,-0.902844679395,
    16.891330105861));
#2027 = CARTESIAN_POINT('',(7.787301088782,-0.610707772639,
    16.556720464863));
#2028 = CARTESIAN_POINT('',(7.934886622743,-0.295057609657,
    16.229163348558));
#2029 = CARTESIAN_POINT('',(8.049752496812,4.598438125487E-02,
    15.906787805633));
#2030 = CARTESIAN_POINT('',(8.05134351859,5.073262398598E-02,
    15.902305268711));
#2031 = CARTESIAN_POINT('',(8.052927698502,5.548497958444E-02,
    15.897824661482));
#2032 = CARTESIAN_POINT('',(8.054505033983,6.02414402085E-02,
    15.893345991307));
#2033 = CARTESIAN_POINT('',(8.056075522462,6.500199800973E-02,
    15.888869265546));
#2034 = CARTESIAN_POINT('',(8.057639161378,6.976664515317E-02,
    15.884394491566));
#2035 = CARTESIAN_POINT('',(8.059195948157,7.453537378268E-02,
    15.879921676721));
#2036 = CARTESIAN_POINT('',(8.060745880237,7.930817606856E-02,
    15.875450828379));
#2037 = CARTESIAN_POINT('',(8.062288955048,8.408504415467E-02,
    15.870981953897));
#2038 = CARTESIAN_POINT('',(8.063825170024,8.886597020609E-02,
    15.86651506064));
#2039 = CARTESIAN_POINT('',(8.065354522598,9.365094637433E-02,
    15.862050155968));
#2040 = CARTESIAN_POINT('',(8.066877010202,9.843996481766E-02,
    15.857587247242));
#2041 = CARTESIAN_POINT('',(8.131997651467,2.131997651467,
    14.257740680772));
#2042 = CARTESIAN_POINT('',(7.988699153469,2.967202504132,13.76848900544
    ));
#2043 = CARTESIAN_POINT('',(7.701412146454,3.800253350075,
    13.382575664376));
#2044 = CARTESIAN_POINT('',(7.288654587928,4.619327446945,
    13.095266766852));
#2045 = CARTESIAN_POINT('',(6.754341484679,5.417414177303,
    12.908750831342));
#2046 = CARTESIAN_POINT('',(6.10090615553,6.175326761638,12.834874166157
    ));
#2047 = CARTESIAN_POINT('',(5.339264726245,6.862060074451,
    12.887841981109));
#2048 = CARTESIAN_POINT('',(4.493220934022,7.442802206581,
    13.075438441091));
#2049 = CARTESIAN_POINT('',(3.597792866326,7.887782886006,
    13.393952842278));
#2050 = CARTESIAN_POINT('',(2.692776329062,8.177883340406,
    13.828764211227));
#2051 = CARTESIAN_POINT('',(1.814751791236,8.305505168102,
    14.359379038269));
#2052 = CARTESIAN_POINT('',(0.992801118568,8.271651462293,
    14.964524118231));
#2053 = CARTESIAN_POINT('',(-0.113258359709,7.988160232435,
    15.947084849674));
#2054 = CARTESIAN_POINT('',(-0.460848361243,7.854898662292,16.2870982575
    ));
#2055 = CARTESIAN_POINT('',(-0.78398760686,7.683812059543,
    16.636568708456));
#2056 = CARTESIAN_POINT('',(-1.079532266114,7.4761932122,16.992359037657
    ));
#2057 = CARTESIAN_POINT('',(-1.344600994007,7.233749989591,
    17.351224178153));
#2058 = CARTESIAN_POINT('',(-1.576628619467,6.958640117002,
    17.709824537127));
#2059 = CARTESIAN_POINT('',(-1.773421102506,6.653478979715,
    18.064759339147));
#2060 = CARTESIAN_POINT('',(-1.933211514167,6.321320554506,
    18.412619693586));
#2061 = CARTESIAN_POINT('',(-2.054716875582,5.965611661388,
    18.750061133767));
#2062 = CARTESIAN_POINT('',(-2.137195791757,5.590119803304,
    19.073895393386));
#2063 = CARTESIAN_POINT('',(-2.180506925544,5.198834906232,
    19.381201231104));
#2064 = CARTESIAN_POINT('',(-2.187499249426,4.594349077091,
    19.813581655627));
#2065 = CARTESIAN_POINT('',(-2.180164183477,4.389922040865,
    19.952946752871));
#2066 = CARTESIAN_POINT('',(-2.163214090495,4.183072723089,
    20.087225814078));
#2067 = CARTESIAN_POINT('',(-2.13673989681,3.974312377269,
    20.216121622268));
#2068 = CARTESIAN_POINT('',(-2.100868227913,3.764150747589,
    20.33936327034));
#2069 = CARTESIAN_POINT('',(-2.055757010218,3.553091838363,
    20.456706042634));
#2070 = CARTESIAN_POINT('',(-2.001591074407,3.341629666602,
    20.567931309561));
#2071 = CARTESIAN_POINT('',(-1.938577757804,3.130243996903,
    20.672846434048));
#2072 = CARTESIAN_POINT('',(-1.866942502792,2.919396058444,
    20.771284687812));
#2073 = CARTESIAN_POINT('',(-1.786924449071,2.709524244056,
    20.863105176002));
#2074 = CARTESIAN_POINT('',(-1.698772017191,2.501039791921,
    20.948192767897));
#2075 = CARTESIAN_POINT('',(-1.554721749443,2.190963857135,
    21.065590634717));
#2076 = CARTESIAN_POINT('',(-1.504734160285,2.088047450485,
    21.103016955334));
#2077 = CARTESIAN_POINT('',(-1.452806745682,1.985621205678,
    21.138725012966));
#2078 = CARTESIAN_POINT('',(-1.398970565734,1.883731191025,
    21.172704195181));
#2079 = CARTESIAN_POINT('',(-1.343256473406,1.782421578313,
    21.204945084193));
#2080 = CARTESIAN_POINT('',(-1.285694878771,1.68173465298,
    21.235439282927));
#2081 = CARTESIAN_POINT('',(-1.226315513096,1.5817108242,21.264179241138
    ));
#2082 = CARTESIAN_POINT('',(-1.165147192687,1.482388634993,
    21.291158081192));
#2083 = CARTESIAN_POINT('',(-1.10221758259,1.383804772259,
    21.316369423971));
#2084 = CARTESIAN_POINT('',(-1.03755296005,1.285994076844,
    21.339807214424));
#2085 = CARTESIAN_POINT('',(-0.971177977813,1.188989553567,
    21.36146554716));
#2086 = CARTESIAN_POINT('',(-0.869084263345,1.04473895259,
    21.391274931554));
#2087 = CARTESIAN_POINT('',(-0.834631211864,0.996864884158,
    21.400765011544));
#2088 = CARTESIAN_POINT('',(-0.799759119631,0.949204090799,
    21.409807976653));
#2089 = CARTESIAN_POINT('',(-0.764470717257,0.90176038333,
    21.418403063121));
#2090 = CARTESIAN_POINT('',(-0.728768611702,0.854537471901,
    21.42654949094));
#2091 = CARTESIAN_POINT('',(-0.692655279213,0.807538969935,
    21.434246456072));
#2092 = CARTESIAN_POINT('',(-0.656133058305,0.760768398703,
    21.441493122253));
#2093 = CARTESIAN_POINT('',(-0.619204143202,0.714229192477,
    21.448288612705));
#2094 = CARTESIAN_POINT('',(-0.581870577233,0.667924704339,
    21.454632001369));
#2095 = CARTESIAN_POINT('',(-0.54413424671,0.62185821257,21.460522304044
    ));
#2096 = CARTESIAN_POINT('',(-0.505996874828,0.576032927682,
    21.465958469115));
#2097 = CARTESIAN_POINT('',(-0.448191612288,0.507661566762,
    21.473429814239));
#2098 = CARTESIAN_POINT('',(-0.428823335714,0.4849322209,21.475806444365
    ));
#2099 = CARTESIAN_POINT('',(-0.409355380348,0.462264356117,
    21.478069117402));
#2100 = CARTESIAN_POINT('',(-0.389787929789,0.439658362315,
    21.480217687479));
#2101 = CARTESIAN_POINT('',(-0.370121156907,0.41711462589,21.48225200362
    ));
#2102 = CARTESIAN_POINT('',(-0.3503552237,0.394633529992,21.484171909459
    ));
#2103 = CARTESIAN_POINT('',(-0.330490281092,0.37221545478,
    21.485977242904));
#2104 = CARTESIAN_POINT('',(-0.310526468824,0.349860777715,
    21.487667835881));
#2105 = CARTESIAN_POINT('',(-0.290463915258,0.327569873829,
    21.489243513964));
#2106 = CARTESIAN_POINT('',(-0.270302737272,0.305343116047,
    21.49070409612));
#2107 = CARTESIAN_POINT('',(-0.250043040098,0.283180875479,
    21.492049394347));
#2108 = CARTESIAN_POINT('',(-0.219505859777,0.250034849253,
    21.493894122654));
#2109 = CARTESIAN_POINT('',(-0.209302195621,0.239002398105,
    21.494480162171));
#2110 = CARTESIAN_POINT('',(-0.199073936415,0.22798621451,
    21.495037307526));
#2111 = CARTESIAN_POINT('',(-0.188821093097,0.216986344572,
    21.495565533836));
#2112 = CARTESIAN_POINT('',(-0.178543675866,0.206002834317,
    21.496064815808));
#2113 = CARTESIAN_POINT('',(-0.168241694178,0.195035729687,
    21.496535127583));
#2114 = CARTESIAN_POINT('',(-0.157915156745,0.18408507658,21.49697644294
    ));
#2115 = CARTESIAN_POINT('',(-0.147564071523,0.173150920826,
    21.497388735027));
#2116 = CARTESIAN_POINT('',(-0.13718844572,0.16223330823,21.497771976612
    ));
#2117 = CARTESIAN_POINT('',(-0.126788285784,0.151332284558,
    21.498126139854));
#2118 = CARTESIAN_POINT('',(-0.116363597404,0.140447895565,
    21.498451196443));
#2119 = CARTESIAN_POINT('',(-9.54651750665E-02,0.118712479949,
    21.499043038532));
#2120 = CARTESIAN_POINT('',(-8.499144086498E-02,0.107861453063,
    21.499309824048));
#2121 = CARTESIAN_POINT('',(-7.449318782193E-02,9.702715207413E-02,
    21.499547445192));
#2122 = CARTESIAN_POINT('',(-6.397042008425E-02,8.620962274127E-02,
    21.499755872553));
#2123 = CARTESIAN_POINT('',(-5.342314106115E-02,7.540891076838E-02,
    21.499935076203));
#2124 = CARTESIAN_POINT('',(-4.285135334133E-02,6.462506198256E-02,
    21.500085025604));
#2125 = CARTESIAN_POINT('',(-3.225505881537E-02,5.385812209055E-02,
    21.500205689727));
#2126 = CARTESIAN_POINT('',(-2.1634258516E-02,4.310813701508E-02,
    21.500297036879));
#2127 = CARTESIAN_POINT('',(-1.09889527759E-02,3.237515257082E-02,
    21.500359034862));
#2128 = CARTESIAN_POINT('',(-3.191410926875E-04,2.16592147604E-02,
    21.500391650816));
#2129 = CARTESIAN_POINT('',(1.03751777843E-02,1.096036959461E-02,
    21.500394851311));
#2130 = CARTESIAN_POINT('',(3.150149360654E-02,-1.00927810029E-02,
    21.500343115685));
#2131 = CARTESIAN_POINT('',(4.193208769703E-02,-2.044806787235E-02,
    21.500289865507));
#2132 = CARTESIAN_POINT('',(5.238568894665E-02,-3.078705442373E-02,
    21.500208820809));
#2133 = CARTESIAN_POINT('',(6.286219730628E-02,-4.110959796209E-02,
    21.500099951431));
#2134 = CARTESIAN_POINT('',(7.336151196383E-02,-5.141555609496E-02,
    21.499963227964));
#2135 = CARTESIAN_POINT('',(8.388353129474E-02,-6.170478675484E-02,
    21.499798621809));
#2136 = CARTESIAN_POINT('',(9.442815298209E-02,-7.19771482261E-02,
    21.499606105099));
#2137 = CARTESIAN_POINT('',(0.104995273915,-8.223249915843E-02,
    21.499385650793));
#2138 = CARTESIAN_POINT('',(0.115584790328,-9.247069859597E-02,
    21.499137232589));
#2139 = CARTESIAN_POINT('',(0.126196597719,-0.10269160599,
    21.498860824993));
#2140 = CARTESIAN_POINT('',(0.136830590934,-0.112895081222,
    21.498556403278));
#2141 = CARTESIAN_POINT('',(0.158142738331,-0.133266888937,
    21.497891483703));
#2142 = CARTESIAN_POINT('',(0.168820892615,-0.143435221508,
    21.497530985834));
#2143 = CARTESIAN_POINT('',(0.179521021165,-0.153585842642,
    21.497142425955));
#2144 = CARTESIAN_POINT('',(0.190243017482,-0.163718613096,
    21.496725780912));
#2145 = CARTESIAN_POINT('',(0.200986774442,-0.173833394089,
    21.496281028315));
#2146 = CARTESIAN_POINT('',(0.211752184276,-0.183930047335,
    21.495808146586));
#2147 = CARTESIAN_POINT('',(0.222539138642,-0.19400843503,
    21.495307114883));
#2148 = CARTESIAN_POINT('',(0.233347528575,-0.204068419904,
    21.494777913197));
#2149 = CARTESIAN_POINT('',(0.244177244576,-0.214109865201,
    21.494220522247));
#2150 = CARTESIAN_POINT('',(0.255028176559,-0.224132634723,
    21.493634923568));
#2151 = CARTESIAN_POINT('',(0.265900213921,-0.234136592821,
    21.493021099447));
#2152 = CARTESIAN_POINT('',(0.298579312394,-0.264091630965,
    21.491094899756));
#2153 = CARTESIAN_POINT('',(0.320449356247,-0.283985871475,
    21.489697797037));
#2154 = CARTESIAN_POINT('',(0.342402487887,-0.303803245219,
    21.488187589351));
#2155 = CARTESIAN_POINT('',(0.364437809785,-0.323542680647,
    21.486564153633));
#2156 = CARTESIAN_POINT('',(0.386554416556,-0.343203115763,
    21.484827379136));
#2157 = CARTESIAN_POINT('',(0.408751395487,-0.36278349855,
    21.482977167338));
#2158 = CARTESIAN_POINT('',(0.431027826943,-0.382282787211,
    21.481013431868));
#2159 = CARTESIAN_POINT('',(0.453382784887,-0.401699950593,
    21.47893609837));
#2160 = CARTESIAN_POINT('',(0.475815337251,-0.421033968332,
    21.476745104425));
#2161 = CARTESIAN_POINT('',(0.498324546409,-0.440283831197,
    21.474440399385));
#2162 = CARTESIAN_POINT('',(0.520909469542,-0.459448541227,
    21.472021944261));
#2163 = CARTESIAN_POINT('',(0.588888546507,-0.51668426048,
    21.464425245212));
#2164 = CARTESIAN_POINT('',(0.634506995949,-0.554496848747,
    21.458905668907));
#2165 = CARTESIAN_POINT('',(0.680416926199,-0.59195698435,
    21.452930762571));
#2166 = CARTESIAN_POINT('',(0.72661068,-0.629056959697,21.446500490611)
  );
#2167 = CARTESIAN_POINT('',(0.773080536281,-0.665789256966,
    21.439614996769));
#2168 = CARTESIAN_POINT('',(0.819818721532,-0.702146552196,
    21.432274598929));
#2169 = CARTESIAN_POINT('',(0.866817420551,-0.738121718049,
    21.424479783529));
#2170 = CARTESIAN_POINT('',(0.914068786205,-0.773707825908,
    21.416231200065));
#2171 = CARTESIAN_POINT('',(0.961564948664,-0.808898146553,
    21.407529655118));
#2172 = CARTESIAN_POINT('',(1.009298023668,-0.843686150192,
    21.39837610646));
#2173 = CARTESIAN_POINT('',(1.057260120219,-0.87806550522,
    21.388771656783));
#2174 = CARTESIAN_POINT('',(1.201809771895,-0.979959196866,
    21.35860933477));
#2175 = CARTESIAN_POINT('',(1.299060805489,-1.046229221902,
    21.336702450841));
#2176 = CARTESIAN_POINT('',(1.397133140637,-1.110790981484,
    21.313006892766));
#2177 = CARTESIAN_POINT('',(1.495963666539,-1.173598560367,
    21.287534819842));
#2178 = CARTESIAN_POINT('',(1.59548957409,-1.23460916991,21.260300388813
    ));
#2179 = CARTESIAN_POINT('',(1.69564846095,-1.293783020394,
    21.231319589345));
#2180 = CARTESIAN_POINT('',(1.79637843677,-1.35108319357,21.200610079429
    ));
#2181 = CARTESIAN_POINT('',(1.89761822862,-1.406475515455,
    21.168191020968));
#2182 = CARTESIAN_POINT('',(1.999307286597,-1.459928429316,
    21.134082915222));
#2183 = CARTESIAN_POINT('',(2.101385889664,-1.511412868903,
    21.098307438387));
#2184 = CARTESIAN_POINT('',(2.203795251684,-1.56090213184,
    21.060887277061));
#2185 = CARTESIAN_POINT('',(2.511842373354,-1.703310993042,
    20.94376333952));
#2186 = CARTESIAN_POINT('',(2.718299675262,-1.790168907342,20.8591938026
    ));
#2187 = CARTESIAN_POINT('',(2.925384280814,-1.868754297947,
    20.768331138062));
#2188 = CARTESIAN_POINT('',(3.132647515506,-1.938906403276,
    20.671378930608));
#2189 = CARTESIAN_POINT('',(3.339655653573,-2.000492621662,
    20.568550106738));
#2190 = CARTESIAN_POINT('',(3.545988287151,-2.053406232386,
    20.460066476592));
#2191 = CARTESIAN_POINT('',(3.751236693746,-2.097564114774,
    20.346158275237));
#2192 = CARTESIAN_POINT('',(3.955002201925,-2.132904465351,
    20.227063704353));
#2193 = CARTESIAN_POINT('',(4.156894554972,-2.159384513545,
    20.103028473744));
#2194 = CARTESIAN_POINT('',(4.356530272641,-2.176978235931,
    19.974305343719));
#2195 = CARTESIAN_POINT('',(4.553531010769,-2.185674069536,
    19.841153667895));
#2196 = CARTESIAN_POINT('',(5.135503639505,-2.185069733886,
    19.42920954311));
#2197 = CARTESIAN_POINT('',(5.511457021558,-2.149160858042,
    19.13797894592));
#2198 = CARTESIAN_POINT('',(5.872390298553,-2.077660683331,
    18.832202318499));
#2199 = CARTESIAN_POINT('',(6.215340016639,-1.9708755712,18.514191769531
    ));
#2200 = CARTESIAN_POINT('',(6.537423968746,-1.829487606323,
    18.186467633852));
#2201 = CARTESIAN_POINT('',(6.835894141509,-1.654538650354,
    17.851709757659));
#2202 = CARTESIAN_POINT('',(7.108189673928,-1.447414396792,
    17.512708776211));
#2203 = CARTESIAN_POINT('',(7.351989827182,-1.209828424463,17.1723173827
    ));
#2204 = CARTESIAN_POINT('',(7.565266962253,-0.943806245147,
    16.833401587385));
#2205 = CARTESIAN_POINT('',(7.74633952395,-0.651669343439,
    16.498791966806));
#2206 = CARTESIAN_POINT('',(7.893925026716,-0.336019205683,
    16.171234903921));
#2207 = CARTESIAN_POINT('',(8.008790900786,5.022785228909E-03,
    15.848859360996));
#2208 = CARTESIAN_POINT('',(8.010381922563,9.771027960101E-03,
    15.844376824075));
#2209 = CARTESIAN_POINT('',(8.01196610248,1.452338355829E-02,
    15.839896216845));
#2210 = CARTESIAN_POINT('',(8.01354343795,1.927984418284E-02,
    15.835417546671));
#2211 = CARTESIAN_POINT('',(8.015113926447,2.404040198351E-02,
    15.830940820909));
#2212 = CARTESIAN_POINT('',(8.01667756534,2.88050491273E-02,
    15.826466046931));
#2213 = CARTESIAN_POINT('',(8.018234352141,3.357377775688E-02,
    15.821993232083));
#2214 = CARTESIAN_POINT('',(8.019784284204,3.83465800423E-02,
    15.817522383744));
#2215 = CARTESIAN_POINT('',(8.021327359025,4.312344812901E-02,
    15.81305350926));
#2216 = CARTESIAN_POINT('',(8.022863573997,4.790437417998E-02,
    15.808586616004));
#2217 = CARTESIAN_POINT('',(8.024392926572,5.268935034842E-02,
    15.804121711331));
#2218 = CARTESIAN_POINT('',(8.025915414176,5.747836879171E-02,
    15.799658802606));
#2219 = CARTESIAN_POINT('',(8.151861421575,2.094390157207,
    14.187722708732));
#2220 = CARTESIAN_POINT('',(8.007160739977,2.937767534801,
    13.693683679136));
#2221 = CARTESIAN_POINT('',(7.716983382856,3.779287665656,13.30382591399
    ));
#2222 = CARTESIAN_POINT('',(7.299890751476,4.606693850959,
    13.013686132087));
#2223 = CARTESIAN_POINT('',(6.760046435927,5.41255185813,12.825583237395
    ));
#2224 = CARTESIAN_POINT('',(6.100150420214,6.177477450239,
    12.751317472145));
#2225 = CARTESIAN_POINT('',(5.331333409961,6.87036311501,12.805012417037
    ));
#2226 = CARTESIAN_POINT('',(4.477557308561,7.456277700048,
    12.994421283988));
#2227 = CARTESIAN_POINT('',(3.573962159417,7.905302556597,
    13.315851046127));
#2228 = CARTESIAN_POINT('',(2.660494163885,8.198157690365,
    13.754690048919));
#2229 = CARTESIAN_POINT('',(1.774043677326,8.327061312779,14.29035684546
    ));
#2230 = CARTESIAN_POINT('',(0.944216376571,8.292856082853,14.90132009841
    ));
#2231 = CARTESIAN_POINT('',(-0.172475559925,8.006609795512,
    15.893347185695));
#2232 = CARTESIAN_POINT('',(-0.523408274261,7.872055634796,
    16.236638235837));
#2233 = CARTESIAN_POINT('',(-0.849648677641,7.699308426486,
    16.589475727246));
#2234 = CARTESIAN_POINT('',(-1.148015899254,7.489679373452,
    16.94868331295));
#2235 = CARTESIAN_POINT('',(-1.415597953237,7.244903090255,
    17.310975386301));
#2236 = CARTESIAN_POINT('',(-1.649807105894,6.967169172175,
    17.672973877681));
#2237 = CARTESIAN_POINT('',(-1.848435233935,6.659127441197,
    18.031243673445));
#2238 = CARTESIAN_POINT('',(-2.009709173924,6.323866867998,
    18.382346657357));
#2239 = CARTESIAN_POINT('',(-2.132346062851,5.964868170912,
    18.722914374405));
#2240 = CARTESIAN_POINT('',(-2.215608669799,5.585930091069,
    19.04973931692));
#2241 = CARTESIAN_POINT('',(-2.259360718811,5.191069344233,
    19.359884833218));
#2242 = CARTESIAN_POINT('',(-2.266502944844,4.581056701495,
    19.796278071138));
#2243 = CARTESIAN_POINT('',(-2.259132777707,4.374761696136,
    19.93693873935));
#2244 = CARTESIAN_POINT('',(-2.24206307795,4.166020507576,
    20.072470468422));
#2245 = CARTESIAN_POINT('',(-2.215385165127,3.955346989637,
    20.202574493454));
#2246 = CARTESIAN_POINT('',(-2.179225914467,3.743253363122,
    20.326978353351));
#2247 = CARTESIAN_POINT('',(-2.133743369366,3.530246003555,
    20.445435764879));
#2248 = CARTESIAN_POINT('',(-2.079122354147,3.316821228914,
    20.557726496599));
#2249 = CARTESIAN_POINT('',(-2.015570086455,3.103461087366,
    20.663656242978));
#2250 = CARTESIAN_POINT('',(-1.943311790055,2.890629145018,
    20.763056498292));
#2251 = CARTESIAN_POINT('',(-1.862586307264,2.678766273636,
    20.855784430734));
#2252 = CARTESIAN_POINT('',(-1.77364171166,2.468286438395,
    20.941722756355));
#2253 = CARTESIAN_POINT('',(-1.628275525094,2.155215509222,
    21.06030804149));
#2254 = CARTESIAN_POINT('',(-1.577827941808,2.051300256253,
    21.098115471508));
#2255 = CARTESIAN_POINT('',(-1.525419152184,1.947875064107,
    21.134189631789));
#2256 = CARTESIAN_POINT('',(-1.471080170286,1.844986382537,
    21.168519607982));
#2257 = CARTESIAN_POINT('',(-1.414841808741,1.742678784461,
    21.201095669567));
#2258 = CARTESIAN_POINT('',(-1.356734444652,1.64099497678,
    21.231909096661));
#2259 = CARTESIAN_POINT('',(-1.296787785534,1.539975811197,
    21.260952006819));
#2260 = CARTESIAN_POINT('',(-1.235030635217,1.439660295022,
    21.288217181851));
#2261 = CARTESIAN_POINT('',(-1.171490659784,1.340085602005,
    21.313697894611));
#2262 = CARTESIAN_POINT('',(-1.106194153481,1.241287083136,
    21.337387735822));
#2263 = CARTESIAN_POINT('',(-1.039165804646,1.143298277472,
    21.359280440863));
#2264 = CARTESIAN_POINT('',(-0.936059790112,0.997577245684,
    21.389414354452));
#2265 = CARTESIAN_POINT('',(-0.901263869239,0.949213951583,
    21.399008120029));
#2266 = CARTESIAN_POINT('',(-0.866043554447,0.901065027699,
    21.40815021227));
#2267 = CARTESIAN_POINT('',(-0.830401586421,0.853134358783,
    21.416839821267));
#2268 = CARTESIAN_POINT('',(-0.794340583848,0.805425730635,
    21.425076120774));
#2269 = CARTESIAN_POINT('',(-0.757863036282,0.757942834037,
    21.432858260368));
#2270 = CARTESIAN_POINT('',(-0.720971297445,0.710689269375,
    21.44018535748));
#2271 = CARTESIAN_POINT('',(-0.683667578487,0.663668551778,
    21.44705648896));
#2272 = CARTESIAN_POINT('',(-0.645953941786,0.616884117006,
    21.453470682586));
#2273 = CARTESIAN_POINT('',(-0.607832294691,0.57033932782,
    21.459426908098));
#2274 = CARTESIAN_POINT('',(-0.569304383722,0.524037481092,
    21.464924068114));
#2275 = CARTESIAN_POINT('',(-0.510905491431,0.454953982628,
    21.472479448956));
#2276 = CARTESIAN_POINT('',(-0.491338023041,0.431987695087,
    21.474882849376));
#2277 = CARTESIAN_POINT('',(-0.471669581202,0.409083357665,
    21.477171043194));
#2278 = CARTESIAN_POINT('',(-0.451900353044,0.386241371574,
    21.479343878887));
#2279 = CARTESIAN_POINT('',(-0.432030515102,0.363462134635,
    21.481401199857));
#2280 = CARTESIAN_POINT('',(-0.412060233232,0.340746041538,
    21.483342844135));
#2281 = CARTESIAN_POINT('',(-0.391989662328,0.318093484111,
    21.485168644075));
#2282 = CARTESIAN_POINT('',(-0.371818946325,0.295504851588,
    21.486878426062));
#2283 = CARTESIAN_POINT('',(-0.351548217895,0.272980530914,
    21.488472010191));
#2284 = CARTESIAN_POINT('',(-0.331177598447,0.250520907028,
    21.48994920997));
#2285 = CARTESIAN_POINT('',(-0.310707197895,0.228126363196,
    21.491309831997));
#2286 = CARTESIAN_POINT('',(-0.279852072945,0.194632740381,
    21.493175597471));
#2287 = CARTESIAN_POINT('',(-0.269542110608,0.183484564932,
    21.493768324702));
#2288 = CARTESIAN_POINT('',(-0.259207239879,0.172352802707,
    21.49433183226));
#2289 = CARTESIAN_POINT('',(-0.248847472324,0.161237501368,
    21.494866094619));
#2290 = CARTESIAN_POINT('',(-0.238462818794,0.150138708479,
    21.495371085779));
#2291 = CARTESIAN_POINT('',(-0.228053289391,0.139056471576,
    21.495846779294));
#2292 = CARTESIAN_POINT('',(-0.217618893504,0.127990838091,
    21.496293148201));
#2293 = CARTESIAN_POINT('',(-0.207159639761,0.116941855472,
    21.496710165085));
#2294 = CARTESIAN_POINT('',(-0.196675536069,0.105909571079,
    21.497097801994));
#2295 = CARTESIAN_POINT('',(-0.186166589576,9.489403229548E-02,
    21.497456030492));
#2296 = CARTESIAN_POINT('',(-0.175632806692,8.389528646641E-02,
    21.497784821604));
#2297 = CARTESIAN_POINT('',(-0.154515579451,6.193147544077E-02,
    21.498383470062));
#2298 = CARTESIAN_POINT('',(-0.143932135096,5.096641024273E-02,
    21.498653327408));
#2299 = CARTESIAN_POINT('',(-0.133323865657,4.00182327196E-02,
    21.498893688364));
#2300 = CARTESIAN_POINT('',(-0.122690776052,2.908699022587E-02,
    21.499104522917));
#2301 = CARTESIAN_POINT('',(-0.112032870414,1.817273014235E-02,
    21.499285800458));
#2302 = CARTESIAN_POINT('',(-0.101350152166,7.275499862188E-03,
    21.499437489913));
#2303 = CARTESIAN_POINT('',(-9.064262391879E-02,-3.60465317746E-03,
    21.49955955953));
#2304 = CARTESIAN_POINT('',(-7.991028757664E-02,-1.446768148771E-02,
    21.499651977113));
#2305 = CARTESIAN_POINT('',(-6.915314423397E-02,-2.531353752349E-02,
    21.499714709766));
#2306 = CARTESIAN_POINT('',(-5.837119425548E-02,-3.614217366192E-02,
    21.499747724086));
#2307 = CARTESIAN_POINT('',(-4.75644372164E-02,-4.695354219264E-02,
    21.499750986016));
#2308 = CARTESIAN_POINT('',(-2.621592164724E-02,-6.822812300961E-02,
    21.499698706251));
#2309 = CARTESIAN_POINT('',(-1.56758482823E-02,-7.869206256723E-02,
    21.49964487047));
#2310 = CARTESIAN_POINT('',(-5.112749978053E-03,-8.913927449607E-02,
    21.499562924413));
#2311 = CARTESIAN_POINT('',(5.473274298024E-03,-9.956961953986E-02,
    21.499452839677));
#2312 = CARTESIAN_POINT('',(1.608212478113E-02,-0.109982958656,
    21.499314588552));
#2313 = CARTESIAN_POINT('',(2.671370090593E-02,-0.120379153113,
    21.499148144147));
#2314 = CARTESIAN_POINT('',(3.736790135965E-02,-0.130758064406,
    21.498953480198));
#2315 = CARTESIAN_POINT('',(4.804462406658E-02,-0.141119554409,
    21.498730571316));
#2316 = CARTESIAN_POINT('',(5.874376623618E-02,-0.15146348527,
    21.498479392737));
#2317 = CARTESIAN_POINT('',(6.94652243625E-02,-0.161789719533,
    21.498199920534));
#2318 = CARTESIAN_POINT('',(8.020889425403E-02,-0.172098120091,
    21.497892131477));
#2319 = CARTESIAN_POINT('',(0.101740447838,-0.192678980395,
    21.49721987474));
#2320 = CARTESIAN_POINT('',(0.112528331531,-0.202951440139,
    21.496855407056));
#2321 = CARTESIAN_POINT('',(0.12333821726,-0.213205792772,
    21.496462577602));
#2322 = CARTESIAN_POINT('',(0.134169999492,-0.223441901975,
    21.496041364641));
#2323 = CARTESIAN_POINT('',(0.145023572034,-0.23365963186,
    21.495591747252));
#2324 = CARTESIAN_POINT('',(0.155898828068,-0.243858846938,
    21.495113705155));
#2325 = CARTESIAN_POINT('',(0.166795660147,-0.254039412207,
    21.494607218967));
#2326 = CARTESIAN_POINT('',(0.177713960234,-0.264201193091,
    21.494072269896));
#2327 = CARTESIAN_POINT('',(0.1886536197,-0.274344055524,21.493508840042
    ));
#2328 = CARTESIAN_POINT('',(0.199614529356,-0.284467865916,
    21.49291691215));
#2329 = CARTESIAN_POINT('',(0.210596579458,-0.294572491198,
    21.492296469773));
#2330 = CARTESIAN_POINT('',(0.243605820268,-0.324828414058,
    21.490349552005));
#2331 = CARTESIAN_POINT('',(0.265696101484,-0.344921758658,
    21.488937485983));
#2332 = CARTESIAN_POINT('',(0.287869621156,-0.364936772213,
    21.487411173346));
#2333 = CARTESIAN_POINT('',(0.310125488512,-0.384872402714,
    21.485770500272));
#2334 = CARTESIAN_POINT('',(0.332462804746,-0.404727606963,
    21.484015364822));
#2335 = CARTESIAN_POINT('',(0.354880663493,-0.424501350997,
    21.482145676898));
#2336 = CARTESIAN_POINT('',(0.377378151329,-0.444192610398,
    21.480161358135));
#2337 = CARTESIAN_POINT('',(0.399954348198,-0.463800370694,
    21.478062341839));
#2338 = CARTESIAN_POINT('',(0.422608327889,-0.483323627564,
    21.475848572865));
#2339 = CARTESIAN_POINT('',(0.445339158423,-0.502761387181,
    21.473520007514));
#2340 = CARTESIAN_POINT('',(0.46814590249,-0.522112666376,
    21.471076613401));
#2341 = CARTESIAN_POINT('',(0.536791048483,-0.579904145837,
    21.463401881158));
#2342 = CARTESIAN_POINT('',(0.582854364273,-0.618081988199,
    21.457825993233));
#2343 = CARTESIAN_POINT('',(0.629210026876,-0.655902241113,
    21.451790535631));
#2344 = CARTESIAN_POINT('',(0.675850419061,-0.693357300808,
    21.445295517837));
#2345 = CARTESIAN_POINT('',(0.722767856919,-0.730439744143,
    21.438341124024));
#2346 = CARTESIAN_POINT('',(0.769954601427,-0.76714233311,
    21.430927708177));
#2347 = CARTESIAN_POINT('',(0.817402869039,-0.803458018272,
    21.423055788973));
#2348 = CARTESIAN_POINT('',(0.865104841711,-0.83937994113,
    21.414726044508));
#2349 = CARTESIAN_POINT('',(0.913052675906,-0.874901435433,
    21.405939306778));
#2350 = CARTESIAN_POINT('',(0.961238510995,-0.910016027412,
    21.396696556001));
#2351 = CARTESIAN_POINT('',(1.009654476736,-0.944717434957,
    21.386998914707));
#2352 = CARTESIAN_POINT('',(1.155569146644,-1.047563827261,
    21.356545095525));
#2353 = CARTESIAN_POINT('',(1.253734718597,-1.114451029444,
    21.334427989046));
#2354 = CARTESIAN_POINT('',(1.352726246762,-1.179612340045,
    21.31050645613));
#2355 = CARTESIAN_POINT('',(1.452480709837,-1.243002085032,
    21.284792760145));
#2356 = CARTESIAN_POINT('',(1.552935339746,-1.304577630348,
    21.257301135658));
#2357 = CARTESIAN_POINT('',(1.654027727027,-1.364299263538,
    21.228047630261));
#2358 = CARTESIAN_POINT('',(1.755695926213,-1.4221300756,21.197049946291
    ));
#2359 = CARTESIAN_POINT('',(1.857878561232,-1.478035842548,
    21.164327282673));
#2360 = CARTESIAN_POINT('',(1.96051493078,-1.531984907295,
    21.129900176641));
#2361 = CARTESIAN_POINT('',(2.063545113722,-1.583948061235,
    21.093790345562));
#2362 = CARTESIAN_POINT('',(2.166910074473,-1.633898426057,
    21.056020528689));
#2363 = CARTESIAN_POINT('',(2.477835156215,-1.777637154138,
    20.937801929474));
#2364 = CARTESIAN_POINT('',(2.686225926983,-1.865310495266,
    20.852441799905));
#2365 = CARTESIAN_POINT('',(2.895256517726,-1.944638304272,
    20.760728057039));
#2366 = CARTESIAN_POINT('',(3.104475204428,-2.015457792906,
    20.66286501692));
#2367 = CARTESIAN_POINT('',(3.313444590694,-2.077634252343,
    20.559066717302));
#2368 = CARTESIAN_POINT('',(3.52174009645,-2.131058866189,
    20.449556440329));
#2369 = CARTESIAN_POINT('',(3.728948446595,-2.175646523718,
    20.334566234873));
#2370 = CARTESIAN_POINT('',(3.934666159726,-2.211333632806,
    20.214336439314));
#2371 = CARTESIAN_POINT('',(4.138498036768,-2.238075933189,
    20.089115203842));
#2372 = CARTESIAN_POINT('',(4.34005564971,-2.255846309435,
    19.959158013192));
#2373 = CARTESIAN_POINT('',(4.538955830242,-2.264632604126,
    19.824727209052));
#2374 = CARTESIAN_POINT('',(5.126545814911,-2.264041084481,
    19.408820119922));
#2375 = CARTESIAN_POINT('',(5.506135965788,-2.227794089157,
    19.114778880052));
#2376 = CARTESIAN_POINT('',(5.870559806473,-2.155609738195,
    18.806050286936));
#2377 = CARTESIAN_POINT('',(6.216820336755,-2.04779890924,
    18.484973361603));
#2378 = CARTESIAN_POINT('',(6.542005949879,-1.90505182728,
    18.154094984188));
#2379 = CARTESIAN_POINT('',(6.843343021633,-1.728421828025,
    17.816121225938));
#2380 = CARTESIAN_POINT('',(7.118248499308,-1.519309120629,
    17.473868681154));
#2381 = CARTESIAN_POINT('',(7.364382490901,-1.279444551254,
    17.130215799176));
#2382 = CARTESIAN_POINT('',(7.579700853968,-1.010873365732,
    16.788054216376));
#2383 = CARTESIAN_POINT('',(7.762507784879,-0.715938973038,
    16.450240088082));
#2384 = CARTESIAN_POINT('',(7.911508407698,-0.397266708153,
    16.119545420609));
#2385 = CARTESIAN_POINT('',(8.027474529604,-5.295803150491E-02,
    15.794081989342));
#2386 = CARTESIAN_POINT('',(8.029080791054,-4.816430751944E-02,
    15.789556516241));
#2387 = CARTESIAN_POINT('',(8.030680145105,-4.336643127141E-02,
    15.785032991316));
#2388 = CARTESIAN_POINT('',(8.032272589161,-3.856441067704E-02,
    15.780511421999));
#2389 = CARTESIAN_POINT('',(8.033858120638,-3.375825366476E-02,
    15.775991815725));
#2390 = CARTESIAN_POINT('',(8.03543673693,-2.894796814164E-02,
    15.771474179928));
#2391 = CARTESIAN_POINT('',(8.037008435464,-2.413356204478E-02,
    15.766958522038));
#2392 = CARTESIAN_POINT('',(8.038573213626,-1.931504327675E-02,
    15.762444849492));
#2393 = CARTESIAN_POINT('',(8.040131068843,-1.449241977278E-02,
    15.757933169721));
#2394 = CARTESIAN_POINT('',(8.04168199851,-9.665699442774E-03,
    15.75342349016));
#2395 = CARTESIAN_POINT('',(8.043226000042,-4.834890212542E-03,
    15.748915818242));
#2396 = CARTESIAN_POINT('',(8.044763070844,-2.22044604925E-15,
    15.744410161399));
#2397 = DEFINITIONAL_REPRESENTATION('',(#2398),#2402);
#2398 = LINE('',#2399,#2400);
#2399 = CARTESIAN_POINT('',(0.,0.));
#2400 = VECTOR('',#2401,1.);
#2401 = DIRECTION('',(0.,1.));
#2402 = ( GEOMETRIC_REPRESENTATION_CONTEXT(2) 
PARAMETRIC_REPRESENTATION_CONTEXT() REPRESENTATION_CONTEXT('2D SPACE',''
  ) );
#2403 = ORIENTED_EDGE('',*,*,#2404,.T.);
#2404 = EDGE_CURVE('',#1497,#1470,#2405,.T.);
#2405 = SURFACE_CURVE('',#2406,(#2414,#2425),.PCURVE_S1.);
#2406 = ( BOUNDED_CURVE() B_SPLINE_CURVE(6,(#2407,#2408,#2409,#2410,
#2411,#2412,#2413),.UNSPECIFIED.,.F.,.F.) B_SPLINE_CURVE_WITH_KNOTS((7,7
),(37.779814481203,40.388933793673),.PIECEWISE_BEZIER_KNOTS.) CURVE() 
GEOMETRIC_REPRESENTATION_ITEM() RATIONAL_B_SPLINE_CURVE((1.,1.,1.,1.,1.,
1.,1.)) REPRESENTATION_ITEM('') );
#2407 = CARTESIAN_POINT('',(8.066877010202,9.843996481766E-02,
    15.857587247242));
#2408 = CARTESIAN_POINT('',(8.165321172711,0.408098256004,
    15.569015234815));
#2409 = CARTESIAN_POINT('',(8.232372367369,0.735992116741,
    15.289746910465));
#2410 = CARTESIAN_POINT('',(8.26599919621,1.081603167997,15.021585225087
    ));
#2411 = CARTESIAN_POINT('',(8.268562896555,1.43309750954,14.771228396243
    ));
#2412 = CARTESIAN_POINT('',(8.236416049417,1.803105901911,
    14.532324199161));
#2413 = CARTESIAN_POINT('',(8.172959247493,2.172959247493,
    14.315669125408));
#2414 = PCURVE('',#1273,#2415);
#2415 = DEFINITIONAL_REPRESENTATION('',(#2416),#2424);
#2416 = B_SPLINE_CURVE_WITH_KNOTS('',6,(#2417,#2418,#2419,#2420,#2421,
    #2422,#2423),.UNSPECIFIED.,.F.,.F.,(7,7),(37.779814481203,
    40.388933793673),.PIECEWISE_BEZIER_KNOTS.);
#2417 = CARTESIAN_POINT('',(5.848612698961,6.103277807867));
#2418 = CARTESIAN_POINT('',(5.921041460281,6.103277807867));
#2419 = CARTESIAN_POINT('',(5.993409250952,6.103277809646));
#2420 = CARTESIAN_POINT('',(6.066136599858,6.103277803509));
#2421 = CARTESIAN_POINT('',(6.137640119952,6.103277813061));
#2422 = CARTESIAN_POINT('',(6.210966949262,6.103277807867));
#2423 = CARTESIAN_POINT('',(6.28318530718,6.103277807867));
#2424 = ( GEOMETRIC_REPRESENTATION_CONTEXT(2) 
PARAMETRIC_REPRESENTATION_CONTEXT() REPRESENTATION_CONTEXT('2D SPACE',''
  ) );
#2425 = PCURVE('',#2426,#2448);
#2426 = ( BOUNDED_SURFACE() B_SPLINE_SURFACE(2,6,(
    (#2427,#2428,#2429,#2430,#2431,#2432,#2433)
    ,(#2434,#2435,#2436,#2437,#2438,#2439,#2440)
    ,(#2441,#2442,#2443,#2444,#2445,#2446,#2447
)),.UNSPECIFIED.,.F.,.F.,.F.) B_SPLINE_SURFACE_WITH_KNOTS((3,3),(7,7),(
    0.,2.60911931247),(37.779814481203,40.388933793673),
.PIECEWISE_BEZIER_KNOTS.) GEOMETRIC_REPRESENTATION_ITEM() 
RATIONAL_B_SPLINE_SURFACE((
    (1.,1.,1.,1.,1.,1.,1.)
    ,(0.925376593112,0.925376593112,0.925376590264,0.92537660009
      ,0.925376584797,0.925376593112,0.925376593112)
,(1.,1.,1.,1.,1.,1.,1.))) REPRESENTATION_ITEM('') SURFACE() );
#2427 = CARTESIAN_POINT('',(8.066877010202,9.843996481766E-02,
    15.857587247242));
#2428 = CARTESIAN_POINT('',(8.165321172711,0.408098256004,
    15.569015234815));
#2429 = CARTESIAN_POINT('',(8.232372367369,0.735992116741,
    15.289746910465));
#2430 = CARTESIAN_POINT('',(8.26599919621,1.081603167997,15.021585225087
    ));
#2431 = CARTESIAN_POINT('',(8.268562896555,1.43309750954,14.771228396243
    ));
#2432 = CARTESIAN_POINT('',(8.236416049417,1.803105901911,
    14.532324199161));
#2433 = CARTESIAN_POINT('',(8.172959247493,2.172959247493,
    14.315669125408));
#2434 = CARTESIAN_POINT('',(8.025915414176,5.747836879171E-02,
    15.799658802606));
#2435 = CARTESIAN_POINT('',(8.124359576685,0.367136659978,
    15.511086790178));
#2436 = CARTESIAN_POINT('',(8.191410770639,0.695030514084,
    15.231818468533));
#2437 = CARTESIAN_POINT('',(8.225037601718,1.040641585061,14.96365677619
    ));
#2438 = CARTESIAN_POINT('',(8.227601298505,1.392135905563,
    14.713299951414));
#2439 = CARTESIAN_POINT('',(8.195454453391,1.762144305885,
    14.474395754525));
#2440 = CARTESIAN_POINT('',(8.131997651467,2.131997651467,
    14.257740680772));
#2441 = CARTESIAN_POINT('',(8.044763070844,-6.661338147751E-16,
    15.744410161399));
#2442 = CARTESIAN_POINT('',(8.144150183989,0.312624363218,
    15.453074052536));
#2443 = CARTESIAN_POINT('',(8.211836946285,0.643672890759,15.17112562468
    ));
#2444 = CARTESIAN_POINT('',(8.245812935394,0.992526494862,
    14.900424225052));
#2445 = CARTESIAN_POINT('',(8.248356705471,1.347557296836,
    14.647580817618));
#2446 = CARTESIAN_POINT('',(8.215939151758,1.720917776514,14.40649776417
    ));
#2447 = CARTESIAN_POINT('',(8.151861421575,2.094390157207,
    14.187722708732));
#2448 = DEFINITIONAL_REPRESENTATION('',(#2449),#2453);
#2449 = LINE('',#2450,#2451);
#2450 = CARTESIAN_POINT('',(0.,0.));
#2451 = VECTOR('',#2452,1.);
#2452 = DIRECTION('',(0.,1.));
#2453 = ( GEOMETRIC_REPRESENTATION_CONTEXT(2) 
PARAMETRIC_REPRESENTATION_CONTEXT() REPRESENTATION_CONTEXT('2D SPACE',''
  ) );
#2454 = ADVANCED_FACE('',(#2455),#2426,.F.);
#2455 = FACE_BOUND('',#2456,.F.);
#2456 = EDGE_LOOP('',(#2457,#2478,#2514,#2533));
#2457 = ORIENTED_EDGE('',*,*,#2458,.T.);
#2458 = EDGE_CURVE('',#1497,#2459,#2461,.T.);
#2459 = VERTEX_POINT('',#2460);
#2460 = CARTESIAN_POINT('',(8.044763070844,-1.970398668921E-15,
    15.744410161399));
#2461 = SURFACE_CURVE('',#2462,(#2466,#2472),.PCURVE_S1.);
#2462 = ( BOUNDED_CURVE() B_SPLINE_CURVE(2,(#2463,#2464,#2465),
.UNSPECIFIED.,.F.,.F.) B_SPLINE_CURVE_WITH_KNOTS((3,3),(0.,
35.089992530608),.PIECEWISE_BEZIER_KNOTS.) CURVE() 
GEOMETRIC_REPRESENTATION_ITEM() RATIONAL_B_SPLINE_CURVE((1.,
0.925376593112,1.)) REPRESENTATION_ITEM('') );
#2463 = CARTESIAN_POINT('',(8.066877010202,9.843996481766E-02,
    15.857587247242));
#2464 = CARTESIAN_POINT('',(8.025915414176,5.747836879171E-02,
    15.799658802606));
#2465 = CARTESIAN_POINT('',(8.044763070844,-2.22044604925E-15,
    15.744410161399));
#2466 = PCURVE('',#2426,#2467);
#2467 = DEFINITIONAL_REPRESENTATION('',(#2468),#2471);
#2468 = B_SPLINE_CURVE_WITH_KNOTS('',1,(#2469,#2470),.UNSPECIFIED.,.F.,
  .F.,(2,2),(0.,35.089992530608),.PIECEWISE_BEZIER_KNOTS.);
#2469 = CARTESIAN_POINT('',(0.,37.779814481203));
#2470 = CARTESIAN_POINT('',(2.60911931247,37.779814481203));
#2471 = ( GEOMETRIC_REPRESENTATION_CONTEXT(2) 
PARAMETRIC_REPRESENTATION_CONTEXT() REPRESENTATION_CONTEXT('2D SPACE',''
  ) );
#2472 = PCURVE('',#1862,#2473);
#2473 = DEFINITIONAL_REPRESENTATION('',(#2474),#2477);
#2474 = B_SPLINE_CURVE_WITH_KNOTS('',1,(#2475,#2476),.UNSPECIFIED.,.F.,
  .F.,(2,2),(0.,35.089992530608),.PIECEWISE_BEZIER_KNOTS.);
#2475 = CARTESIAN_POINT('',(0.,37.779814481203));
#2476 = CARTESIAN_POINT('',(35.089992530608,37.779814481203));
#2477 = ( GEOMETRIC_REPRESENTATION_CONTEXT(2) 
PARAMETRIC_REPRESENTATION_CONTEXT() REPRESENTATION_CONTEXT('2D SPACE',''
  ) );
#2478 = ORIENTED_EDGE('',*,*,#2479,.T.);
#2479 = EDGE_CURVE('',#2459,#2480,#2482,.T.);
#2480 = VERTEX_POINT('',#2481);
#2481 = CARTESIAN_POINT('',(8.151861421575,2.094390157207,
    14.187722708732));
#2482 = SURFACE_CURVE('',#2483,(#2491,#2498),.PCURVE_S1.);
#2483 = ( BOUNDED_CURVE() B_SPLINE_CURVE(6,(#2484,#2485,#2486,#2487,
#2488,#2489,#2490),.UNSPECIFIED.,.F.,.F.) B_SPLINE_CURVE_WITH_KNOTS((7,7
),(37.779814481203,40.388933793673),.PIECEWISE_BEZIER_KNOTS.) CURVE() 
GEOMETRIC_REPRESENTATION_ITEM() RATIONAL_B_SPLINE_CURVE((1.,1.,1.,1.,1.,
1.,1.)) REPRESENTATION_ITEM('') );
#2484 = CARTESIAN_POINT('',(8.044763070844,-6.661338147751E-16,
    15.744410161399));
#2485 = CARTESIAN_POINT('',(8.144150183989,0.312624363218,
    15.453074052536));
#2486 = CARTESIAN_POINT('',(8.211836946285,0.643672890759,15.17112562468
    ));
#2487 = CARTESIAN_POINT('',(8.245812935394,0.992526494862,
    14.900424225052));
#2488 = CARTESIAN_POINT('',(8.248356705471,1.347557296836,
    14.647580817618));
#2489 = CARTESIAN_POINT('',(8.215939151758,1.720917776514,14.40649776417
    ));
#2490 = CARTESIAN_POINT('',(8.151861421575,2.094390157207,
    14.187722708732));
#2491 = PCURVE('',#2426,#2492);
#2492 = DEFINITIONAL_REPRESENTATION('',(#2493),#2497);
#2493 = LINE('',#2494,#2495);
#2494 = CARTESIAN_POINT('',(2.60911931247,0.));
#2495 = VECTOR('',#2496,1.);
#2496 = DIRECTION('',(0.,1.));
#2497 = ( GEOMETRIC_REPRESENTATION_CONTEXT(2) 
PARAMETRIC_REPRESENTATION_CONTEXT() REPRESENTATION_CONTEXT('2D SPACE',''
  ) );
#2498 = PCURVE('',#2499,#2504);
#2499 = SPHERICAL_SURFACE('',#2500,8.5);
#2500 = AXIS2_PLACEMENT_3D('',#2501,#2502,#2503);
#2501 = CARTESIAN_POINT('',(0.,0.,13.));
#2502 = DIRECTION('',(0.,0.,1.));
#2503 = DIRECTION('',(1.,0.,0.));
#2504 = DEFINITIONAL_REPRESENTATION('',(#2505),#2513);
#2505 = B_SPLINE_CURVE_WITH_KNOTS('',6,(#2506,#2507,#2508,#2509,#2510,
    #2511,#2512),.UNSPECIFIED.,.F.,.F.,(7,7),(37.779814481203,
    40.388933793673),.PIECEWISE_BEZIER_KNOTS.);
#2506 = CARTESIAN_POINT('',(-7.279152014497E-17,0.328762215272));
#2507 = CARTESIAN_POINT('',(3.88606053982E-02,0.292547835023));
#2508 = CARTESIAN_POINT('',(7.886053811541E-02,0.258035379504));
#2509 = CARTESIAN_POINT('',(0.120328877988,0.225288434878));
#2510 = CARTESIAN_POINT('',(0.162291124563,0.194942323208));
#2511 = CARTESIAN_POINT('',(0.206610567793,0.166184091014));
#2512 = CARTESIAN_POINT('',(0.251482527242,0.140190838442));
#2513 = ( GEOMETRIC_REPRESENTATION_CONTEXT(2) 
PARAMETRIC_REPRESENTATION_CONTEXT() REPRESENTATION_CONTEXT('2D SPACE',''
  ) );
#2514 = ORIENTED_EDGE('',*,*,#2515,.F.);
#2515 = EDGE_CURVE('',#1470,#2480,#2516,.T.);
#2516 = SURFACE_CURVE('',#2517,(#2521,#2527),.PCURVE_S1.);
#2517 = ( BOUNDED_CURVE() B_SPLINE_CURVE(2,(#2518,#2519,#2520),
.UNSPECIFIED.,.F.,.F.) B_SPLINE_CURVE_WITH_KNOTS((3,3),(0.,
35.089992530608),.PIECEWISE_BEZIER_KNOTS.) CURVE() 
GEOMETRIC_REPRESENTATION_ITEM() RATIONAL_B_SPLINE_CURVE((1.,
0.925376593112,1.)) REPRESENTATION_ITEM('') );
#2518 = CARTESIAN_POINT('',(8.172959247493,2.172959247493,
    14.315669125408));
#2519 = CARTESIAN_POINT('',(8.131997651467,2.131997651467,
    14.257740680772));
#2520 = CARTESIAN_POINT('',(8.151861421575,2.094390157207,
    14.187722708732));
#2521 = PCURVE('',#2426,#2522);
#2522 = DEFINITIONAL_REPRESENTATION('',(#2523),#2526);
#2523 = B_SPLINE_CURVE_WITH_KNOTS('',1,(#2524,#2525),.UNSPECIFIED.,.F.,
  .F.,(2,2),(0.,35.089992530608),.PIECEWISE_BEZIER_KNOTS.);
#2524 = CARTESIAN_POINT('',(0.,40.388933793673));
#2525 = CARTESIAN_POINT('',(2.60911931247,40.388933793673));
#2526 = ( GEOMETRIC_REPRESENTATION_CONTEXT(2) 
PARAMETRIC_REPRESENTATION_CONTEXT() REPRESENTATION_CONTEXT('2D SPACE',''
  ) );
#2527 = PCURVE('',#1862,#2528);
#2528 = DEFINITIONAL_REPRESENTATION('',(#2529),#2532);
#2529 = B_SPLINE_CURVE_WITH_KNOTS('',1,(#2530,#2531),.UNSPECIFIED.,.F.,
  .F.,(2,2),(0.,35.089992530608),.PIECEWISE_BEZIER_KNOTS.);
#2530 = CARTESIAN_POINT('',(0.,2.689821950595));
#2531 = CARTESIAN_POINT('',(35.089992530608,2.689821950595));
#2532 = ( GEOMETRIC_REPRESENTATION_CONTEXT(2) 
PARAMETRIC_REPRESENTATION_CONTEXT() REPRESENTATION_CONTEXT('2D SPACE',''
  ) );
#2533 = ORIENTED_EDGE('',*,*,#2404,.F.);
#2534 = ADVANCED_FACE('',(#2535),#1862,.F.);
#2535 = FACE_BOUND('',#2536,.F.);
#2536 = EDGE_LOOP('',(#2537,#2538,#2883,#2884));
#2537 = ORIENTED_EDGE('',*,*,#2515,.T.);
#2538 = ORIENTED_EDGE('',*,*,#2539,.T.);
#2539 = EDGE_CURVE('',#2480,#2459,#2540,.T.);
#2540 = SURFACE_CURVE('',#2541,(#2720,#2727),.PCURVE_S1.);
#2541 = ( BOUNDED_CURVE() B_SPLINE_CURVE(12,(#2542,#2543,#2544,#2545,
    #2546,#2547,#2548,#2549,#2550,#2551,#2552,#2553,#2554,#2555,#2556,
    #2557,#2558,#2559,#2560,#2561,#2562,#2563,#2564,#2565,#2566,#2567,
    #2568,#2569,#2570,#2571,#2572,#2573,#2574,#2575,#2576,#2577,#2578,
    #2579,#2580,#2581,#2582,#2583,#2584,#2585,#2586,#2587,#2588,#2589,
    #2590,#2591,#2592,#2593,#2594,#2595,#2596,#2597,#2598,#2599,#2600,
    #2601,#2602,#2603,#2604,#2605,#2606,#2607,#2608,#2609,#2610,#2611,
    #2612,#2613,#2614,#2615,#2616,#2617,#2618,#2619,#2620,#2621,#2622,
    #2623,#2624,#2625,#2626,#2627,#2628,#2629,#2630,#2631,#2632,#2633,
    #2634,#2635,#2636,#2637,#2638,#2639,#2640,#2641,#2642,#2643,#2644,
    #2645,#2646,#2647,#2648,#2649,#2650,#2651,#2652,#2653,#2654,#2655,
    #2656,#2657,#2658,#2659,#2660,#2661,#2662,#2663,#2664,#2665,#2666,
    #2667,#2668,#2669,#2670,#2671,#2672,#2673,#2674,#2675,#2676,#2677,
    #2678,#2679,#2680,#2681,#2682,#2683,#2684,#2685,#2686,#2687,#2688,
    #2689,#2690,#2691,#2692,#2693,#2694,#2695,#2696,#2697,#2698,#2699,
    #2700,#2701,#2702,#2703,#2704,#2705,#2706,#2707,#2708,#2709,#2710,
    #2711,#2712,#2713,#2714,#2715,#2716,#2717,#2718,#2719),
.UNSPECIFIED.,.F.,.F.) B_SPLINE_CURVE_WITH_KNOTS((13,11,11,11,11,11,11,
    11,11,11,11,11,11,11,11,11,13),(2.689821950595,14.473677021732,
    20.365604557301,23.311568325085,24.784550208977,25.521041150923,
    25.889286621896,26.073409357382,26.257532092869,26.436306776466,
    26.615081460063,26.972630827257,27.687729561645,29.117927030421,
    31.978321967973,37.699111843078,37.779814481203),.UNSPECIFIED.) 
CURVE() GEOMETRIC_REPRESENTATION_ITEM() RATIONAL_B_SPLINE_CURVE((1.,1.,
    1.000000000001,0.999999999998,1.000000000004,0.999999999995,
    1.000000000005,0.999999999996,1.000000000003,0.999999999999,1.,1.,1.
    ,1.000000000001,0.999999999998,1.000000000004,0.999999999993,
    1.000000000007,0.999999999993,1.000000000004,0.999999999998,
    1.000000000001,1.,1.,1.,1.000000000001,0.999999999998,1.000000000003
    ,0.999999999997,1.000000000003,0.999999999998,1.000000000001,1.,1.,
    1.,1.,1.,1.,1.,1.000000000001,0.999999999999,1.,1.,1.,1.,1.,1.,
    1.000000000001,0.999999999998,1.000000000002,0.999999999997,
    1.000000000002,0.999999999998,1.000000000001,1.,1.,1.,1.,
    1.000000000001,0.999999999999,1.000000000002,0.999999999998,
    1.000000000002,0.999999999999,1.000000000001,1.,1.,1.,1.,1.,1.,1.,1.
    ,1.,1.,1.,1.,1.,1.,0.999999999999,1.000000000002,0.999999999997,
    1.000000000004,0.999999999996,1.000000000003,0.999999999998,
    1.000000000001,1.,1.,1.,1.,1.000000000001,0.999999999998,
    1.000000000003,0.999999999997,1.000000000002,0.999999999999,
    1.000000000001,1.,1.,1.,1.,0.999999999999,1.000000000001,
    0.999999999999,1.000000000001,0.999999999999,1.000000000001,1.,1.,1.
    ,1.,0.999999999999,1.000000000001,0.999999999998,1.000000000003,
    0.999999999997,1.000000000003,0.999999999998,1.000000000001,1.,1.,1.
    ,1.000000000001,0.999999999997,1.000000000005,0.999999999993,
    1.000000000007,0.999999999994,1.000000000004,0.999999999998,
    1.000000000001,1.,1.,1.,1.,1.,1.,1.,1.,1.,1.,1.,1.,1.,1.,
    1.000000000001,0.999999999999,1.000000000002,0.999999999998,
    1.000000000002,0.999999999999,1.,1.,1.,1.,0.999999999999,
    1.000000000002,0.999999999997,1.000000000005,0.999999999994,
    1.000000000005,0.999999999996,1.000000000002,0.999999999999,1.,1.,1.
    ,0.999999999999,1.000000000002,0.999999999998,1.000000000002,
    0.999999999998,1.000000000001,0.999999999999,1.,1.,1.)) 
REPRESENTATION_ITEM('') );
#2542 = CARTESIAN_POINT('',(8.151861421575,2.094390157207,
    14.187722708732));
#2543 = CARTESIAN_POINT('',(8.007160739977,2.937767534801,
    13.693683679136));
#2544 = CARTESIAN_POINT('',(7.716983382856,3.779287665656,13.30382591399
    ));
#2545 = CARTESIAN_POINT('',(7.299890751476,4.606693850959,
    13.013686132087));
#2546 = CARTESIAN_POINT('',(6.760046435927,5.41255185813,12.825583237395
    ));
#2547 = CARTESIAN_POINT('',(6.100150420214,6.177477450239,
    12.751317472145));
#2548 = CARTESIAN_POINT('',(5.331333409961,6.87036311501,12.805012417037
    ));
#2549 = CARTESIAN_POINT('',(4.477557308561,7.456277700048,
    12.994421283988));
#2550 = CARTESIAN_POINT('',(3.573962159417,7.905302556597,
    13.315851046127));
#2551 = CARTESIAN_POINT('',(2.660494163885,8.198157690365,
    13.754690048919));
#2552 = CARTESIAN_POINT('',(1.774043677326,8.327061312779,14.29035684546
    ));
#2553 = CARTESIAN_POINT('',(0.944216376571,8.292856082853,14.90132009841
    ));
#2554 = CARTESIAN_POINT('',(-0.172475559925,8.006609795512,
    15.893347185695));
#2555 = CARTESIAN_POINT('',(-0.523408274261,7.872055634796,
    16.236638235837));
#2556 = CARTESIAN_POINT('',(-0.849648677641,7.699308426486,
    16.589475727246));
#2557 = CARTESIAN_POINT('',(-1.148015899254,7.489679373452,
    16.94868331295));
#2558 = CARTESIAN_POINT('',(-1.415597953237,7.244903090255,
    17.310975386301));
#2559 = CARTESIAN_POINT('',(-1.649807105894,6.967169172175,
    17.672973877681));
#2560 = CARTESIAN_POINT('',(-1.848435233935,6.659127441197,
    18.031243673445));
#2561 = CARTESIAN_POINT('',(-2.009709173924,6.323866867998,
    18.382346657357));
#2562 = CARTESIAN_POINT('',(-2.132346062851,5.964868170912,
    18.722914374405));
#2563 = CARTESIAN_POINT('',(-2.215608669799,5.585930091069,
    19.04973931692));
#2564 = CARTESIAN_POINT('',(-2.259360718811,5.191069344233,
    19.359884833218));
#2565 = CARTESIAN_POINT('',(-2.266502944844,4.581056701495,
    19.796278071138));
#2566 = CARTESIAN_POINT('',(-2.259132777707,4.374761696136,
    19.93693873935));
#2567 = CARTESIAN_POINT('',(-2.24206307795,4.166020507576,
    20.072470468422));
#2568 = CARTESIAN_POINT('',(-2.215385165127,3.955346989637,
    20.202574493454));
#2569 = CARTESIAN_POINT('',(-2.179225914467,3.743253363122,
    20.326978353351));
#2570 = CARTESIAN_POINT('',(-2.133743369366,3.530246003555,
    20.445435764879));
#2571 = CARTESIAN_POINT('',(-2.079122354147,3.316821228914,
    20.557726496599));
#2572 = CARTESIAN_POINT('',(-2.015570086455,3.103461087366,
    20.663656242978));
#2573 = CARTESIAN_POINT('',(-1.943311790055,2.890629145018,
    20.763056498292));
#2574 = CARTESIAN_POINT('',(-1.862586307264,2.678766273636,
    20.855784430734));
#2575 = CARTESIAN_POINT('',(-1.77364171166,2.468286438395,
    20.941722756355));
#2576 = CARTESIAN_POINT('',(-1.628275525094,2.155215509222,
    21.06030804149));
#2577 = CARTESIAN_POINT('',(-1.577827941808,2.051300256253,
    21.098115471508));
#2578 = CARTESIAN_POINT('',(-1.525419152184,1.947875064107,
    21.134189631789));
#2579 = CARTESIAN_POINT('',(-1.471080170286,1.844986382537,
    21.168519607982));
#2580 = CARTESIAN_POINT('',(-1.414841808741,1.742678784461,
    21.201095669567));
#2581 = CARTESIAN_POINT('',(-1.356734444652,1.64099497678,
    21.231909096661));
#2582 = CARTESIAN_POINT('',(-1.296787785534,1.539975811197,
    21.260952006819));
#2583 = CARTESIAN_POINT('',(-1.235030635217,1.439660295022,
    21.288217181851));
#2584 = CARTESIAN_POINT('',(-1.171490659784,1.340085602005,
    21.313697894611));
#2585 = CARTESIAN_POINT('',(-1.106194153481,1.241287083136,
    21.337387735822));
#2586 = CARTESIAN_POINT('',(-1.039165804646,1.143298277472,
    21.359280440863));
#2587 = CARTESIAN_POINT('',(-0.936059790112,0.997577245684,
    21.389414354452));
#2588 = CARTESIAN_POINT('',(-0.901263869239,0.949213951583,
    21.399008120029));
#2589 = CARTESIAN_POINT('',(-0.866043554447,0.901065027699,
    21.40815021227));
#2590 = CARTESIAN_POINT('',(-0.830401586421,0.853134358783,
    21.416839821267));
#2591 = CARTESIAN_POINT('',(-0.794340583848,0.805425730635,
    21.425076120774));
#2592 = CARTESIAN_POINT('',(-0.757863036282,0.757942834037,
    21.432858260368));
#2593 = CARTESIAN_POINT('',(-0.720971297445,0.710689269375,
    21.44018535748));
#2594 = CARTESIAN_POINT('',(-0.683667578487,0.663668551778,
    21.44705648896));
#2595 = CARTESIAN_POINT('',(-0.645953941786,0.616884117006,
    21.453470682586));
#2596 = CARTESIAN_POINT('',(-0.607832294691,0.57033932782,
    21.459426908098));
#2597 = CARTESIAN_POINT('',(-0.569304383722,0.524037481092,
    21.464924068114));
#2598 = CARTESIAN_POINT('',(-0.510905491431,0.454953982628,
    21.472479448956));
#2599 = CARTESIAN_POINT('',(-0.491338023041,0.431987695087,
    21.474882849376));
#2600 = CARTESIAN_POINT('',(-0.471669581202,0.409083357665,
    21.477171043194));
#2601 = CARTESIAN_POINT('',(-0.451900353044,0.386241371574,
    21.479343878887));
#2602 = CARTESIAN_POINT('',(-0.432030515102,0.363462134635,
    21.481401199857));
#2603 = CARTESIAN_POINT('',(-0.412060233232,0.340746041538,
    21.483342844135));
#2604 = CARTESIAN_POINT('',(-0.391989662328,0.318093484111,
    21.485168644075));
#2605 = CARTESIAN_POINT('',(-0.371818946325,0.295504851588,
    21.486878426062));
#2606 = CARTESIAN_POINT('',(-0.351548217895,0.272980530914,
    21.488472010191));
#2607 = CARTESIAN_POINT('',(-0.331177598447,0.250520907028,
    21.48994920997));
#2608 = CARTESIAN_POINT('',(-0.310707197895,0.228126363196,
    21.491309831997));
#2609 = CARTESIAN_POINT('',(-0.279852072945,0.194632740381,
    21.493175597471));
#2610 = CARTESIAN_POINT('',(-0.269542110608,0.183484564932,
    21.493768324702));
#2611 = CARTESIAN_POINT('',(-0.259207239879,0.172352802707,
    21.49433183226));
#2612 = CARTESIAN_POINT('',(-0.248847472324,0.161237501368,
    21.494866094619));
#2613 = CARTESIAN_POINT('',(-0.238462818794,0.150138708479,
    21.495371085779));
#2614 = CARTESIAN_POINT('',(-0.228053289391,0.139056471576,
    21.495846779294));
#2615 = CARTESIAN_POINT('',(-0.217618893504,0.127990838091,
    21.496293148201));
#2616 = CARTESIAN_POINT('',(-0.207159639761,0.116941855472,
    21.496710165085));
#2617 = CARTESIAN_POINT('',(-0.196675536069,0.105909571079,
    21.497097801994));
#2618 = CARTESIAN_POINT('',(-0.186166589576,9.489403229548E-02,
    21.497456030492));
#2619 = CARTESIAN_POINT('',(-0.175632806692,8.389528646641E-02,
    21.497784821604));
#2620 = CARTESIAN_POINT('',(-0.154515579451,6.193147544077E-02,
    21.498383470062));
#2621 = CARTESIAN_POINT('',(-0.143932135096,5.096641024273E-02,
    21.498653327408));
#2622 = CARTESIAN_POINT('',(-0.133323865657,4.00182327196E-02,
    21.498893688364));
#2623 = CARTESIAN_POINT('',(-0.122690776052,2.908699022587E-02,
    21.499104522917));
#2624 = CARTESIAN_POINT('',(-0.112032870414,1.817273014235E-02,
    21.499285800458));
#2625 = CARTESIAN_POINT('',(-0.101350152166,7.275499862188E-03,
    21.499437489913));
#2626 = CARTESIAN_POINT('',(-9.064262391879E-02,-3.60465317746E-03,
    21.49955955953));
#2627 = CARTESIAN_POINT('',(-7.991028757664E-02,-1.446768148771E-02,
    21.499651977113));
#2628 = CARTESIAN_POINT('',(-6.915314423397E-02,-2.531353752349E-02,
    21.499714709766));
#2629 = CARTESIAN_POINT('',(-5.837119425548E-02,-3.614217366192E-02,
    21.499747724086));
#2630 = CARTESIAN_POINT('',(-4.75644372164E-02,-4.695354219264E-02,
    21.499750986016));
#2631 = CARTESIAN_POINT('',(-2.621592164724E-02,-6.822812300961E-02,
    21.499698706251));
#2632 = CARTESIAN_POINT('',(-1.56758482823E-02,-7.869206256723E-02,
    21.49964487047));
#2633 = CARTESIAN_POINT('',(-5.112749978053E-03,-8.913927449607E-02,
    21.499562924413));
#2634 = CARTESIAN_POINT('',(5.473274298024E-03,-9.956961953986E-02,
    21.499452839677));
#2635 = CARTESIAN_POINT('',(1.608212478113E-02,-0.109982958656,
    21.499314588552));
#2636 = CARTESIAN_POINT('',(2.671370090593E-02,-0.120379153113,
    21.499148144147));
#2637 = CARTESIAN_POINT('',(3.736790135965E-02,-0.130758064406,
    21.498953480198));
#2638 = CARTESIAN_POINT('',(4.804462406658E-02,-0.141119554409,
    21.498730571316));
#2639 = CARTESIAN_POINT('',(5.874376623618E-02,-0.15146348527,
    21.498479392737));
#2640 = CARTESIAN_POINT('',(6.94652243625E-02,-0.161789719533,
    21.498199920534));
#2641 = CARTESIAN_POINT('',(8.020889425403E-02,-0.172098120091,
    21.497892131477));
#2642 = CARTESIAN_POINT('',(0.101740447838,-0.192678980395,
    21.49721987474));
#2643 = CARTESIAN_POINT('',(0.112528331531,-0.202951440139,
    21.496855407056));
#2644 = CARTESIAN_POINT('',(0.12333821726,-0.213205792772,
    21.496462577602));
#2645 = CARTESIAN_POINT('',(0.134169999492,-0.223441901975,
    21.496041364641));
#2646 = CARTESIAN_POINT('',(0.145023572034,-0.23365963186,
    21.495591747252));
#2647 = CARTESIAN_POINT('',(0.155898828068,-0.243858846938,
    21.495113705155));
#2648 = CARTESIAN_POINT('',(0.166795660147,-0.254039412207,
    21.494607218967));
#2649 = CARTESIAN_POINT('',(0.177713960234,-0.264201193091,
    21.494072269896));
#2650 = CARTESIAN_POINT('',(0.1886536197,-0.274344055524,21.493508840042
    ));
#2651 = CARTESIAN_POINT('',(0.199614529356,-0.284467865916,
    21.49291691215));
#2652 = CARTESIAN_POINT('',(0.210596579458,-0.294572491198,
    21.492296469773));
#2653 = CARTESIAN_POINT('',(0.243605820268,-0.324828414058,
    21.490349552005));
#2654 = CARTESIAN_POINT('',(0.265696101484,-0.344921758658,
    21.488937485983));
#2655 = CARTESIAN_POINT('',(0.287869621156,-0.364936772213,
    21.487411173346));
#2656 = CARTESIAN_POINT('',(0.310125488512,-0.384872402714,
    21.485770500272));
#2657 = CARTESIAN_POINT('',(0.332462804746,-0.404727606963,
    21.484015364822));
#2658 = CARTESIAN_POINT('',(0.354880663493,-0.424501350997,
    21.482145676898));
#2659 = CARTESIAN_POINT('',(0.377378151329,-0.444192610398,
    21.480161358135));
#2660 = CARTESIAN_POINT('',(0.399954348198,-0.463800370694,
    21.478062341839));
#2661 = CARTESIAN_POINT('',(0.422608327889,-0.483323627564,
    21.475848572865));
#2662 = CARTESIAN_POINT('',(0.445339158423,-0.502761387181,
    21.473520007514));
#2663 = CARTESIAN_POINT('',(0.46814590249,-0.522112666376,
    21.471076613401));
#2664 = CARTESIAN_POINT('',(0.536791048483,-0.579904145837,
    21.463401881158));
#2665 = CARTESIAN_POINT('',(0.582854364273,-0.618081988199,
    21.457825993233));
#2666 = CARTESIAN_POINT('',(0.629210026876,-0.655902241113,
    21.451790535631));
#2667 = CARTESIAN_POINT('',(0.675850419061,-0.693357300808,
    21.445295517837));
#2668 = CARTESIAN_POINT('',(0.722767856919,-0.730439744143,
    21.438341124024));
#2669 = CARTESIAN_POINT('',(0.769954601427,-0.76714233311,
    21.430927708177));
#2670 = CARTESIAN_POINT('',(0.817402869039,-0.803458018272,
    21.423055788973));
#2671 = CARTESIAN_POINT('',(0.865104841711,-0.83937994113,
    21.414726044508));
#2672 = CARTESIAN_POINT('',(0.913052675906,-0.874901435433,
    21.405939306778));
#2673 = CARTESIAN_POINT('',(0.961238510995,-0.910016027412,
    21.396696556001));
#2674 = CARTESIAN_POINT('',(1.009654476736,-0.944717434957,
    21.386998914707));
#2675 = CARTESIAN_POINT('',(1.155569146644,-1.047563827261,
    21.356545095525));
#2676 = CARTESIAN_POINT('',(1.253734718597,-1.114451029444,
    21.334427989046));
#2677 = CARTESIAN_POINT('',(1.352726246762,-1.179612340045,
    21.31050645613));
#2678 = CARTESIAN_POINT('',(1.452480709837,-1.243002085032,
    21.284792760145));
#2679 = CARTESIAN_POINT('',(1.552935339746,-1.304577630348,
    21.257301135658));
#2680 = CARTESIAN_POINT('',(1.654027727027,-1.364299263538,
    21.228047630261));
#2681 = CARTESIAN_POINT('',(1.755695926213,-1.4221300756,21.197049946291
    ));
#2682 = CARTESIAN_POINT('',(1.857878561232,-1.478035842548,
    21.164327282673));
#2683 = CARTESIAN_POINT('',(1.96051493078,-1.531984907295,
    21.129900176641));
#2684 = CARTESIAN_POINT('',(2.063545113722,-1.583948061235,
    21.093790345562));
#2685 = CARTESIAN_POINT('',(2.166910074473,-1.633898426057,
    21.056020528689));
#2686 = CARTESIAN_POINT('',(2.477835156215,-1.777637154138,
    20.937801929474));
#2687 = CARTESIAN_POINT('',(2.686225926983,-1.865310495266,
    20.852441799905));
#2688 = CARTESIAN_POINT('',(2.895256517726,-1.944638304272,
    20.760728057039));
#2689 = CARTESIAN_POINT('',(3.104475204428,-2.015457792906,
    20.66286501692));
#2690 = CARTESIAN_POINT('',(3.313444590694,-2.077634252343,
    20.559066717302));
#2691 = CARTESIAN_POINT('',(3.52174009645,-2.131058866189,
    20.449556440329));
#2692 = CARTESIAN_POINT('',(3.728948446595,-2.175646523718,
    20.334566234873));
#2693 = CARTESIAN_POINT('',(3.934666159726,-2.211333632806,
    20.214336439314));
#2694 = CARTESIAN_POINT('',(4.138498036768,-2.238075933189,
    20.089115203842));
#2695 = CARTESIAN_POINT('',(4.34005564971,-2.255846309435,
    19.959158013192));
#2696 = CARTESIAN_POINT('',(4.538955830242,-2.264632604126,
    19.824727209052));
#2697 = CARTESIAN_POINT('',(5.126545814911,-2.264041084481,
    19.408820119922));
#2698 = CARTESIAN_POINT('',(5.506135965788,-2.227794089157,
    19.114778880052));
#2699 = CARTESIAN_POINT('',(5.870559806473,-2.155609738195,
    18.806050286936));
#2700 = CARTESIAN_POINT('',(6.216820336755,-2.04779890924,
    18.484973361603));
#2701 = CARTESIAN_POINT('',(6.542005949879,-1.90505182728,
    18.154094984188));
#2702 = CARTESIAN_POINT('',(6.843343021633,-1.728421828025,
    17.816121225938));
#2703 = CARTESIAN_POINT('',(7.118248499308,-1.519309120629,
    17.473868681154));
#2704 = CARTESIAN_POINT('',(7.364382490901,-1.279444551254,
    17.130215799176));
#2705 = CARTESIAN_POINT('',(7.579700853968,-1.010873365732,
    16.788054216376));
#2706 = CARTESIAN_POINT('',(7.762507784879,-0.715938973038,
    16.450240088082));
#2707 = CARTESIAN_POINT('',(7.911508407698,-0.397266708153,
    16.119545420609));
#2708 = CARTESIAN_POINT('',(8.027474529604,-5.295803150491E-02,
    15.794081989342));
#2709 = CARTESIAN_POINT('',(8.029080791054,-4.816430751944E-02,
    15.789556516241));
#2710 = CARTESIAN_POINT('',(8.030680145105,-4.336643127141E-02,
    15.785032991316));
#2711 = CARTESIAN_POINT('',(8.032272589161,-3.856441067704E-02,
    15.780511421999));
#2712 = CARTESIAN_POINT('',(8.033858120638,-3.375825366476E-02,
    15.775991815725));
#2713 = CARTESIAN_POINT('',(8.03543673693,-2.894796814164E-02,
    15.771474179928));
#2714 = CARTESIAN_POINT('',(8.037008435464,-2.413356204478E-02,
    15.766958522038));
#2715 = CARTESIAN_POINT('',(8.038573213626,-1.931504327675E-02,
    15.762444849492));
#2716 = CARTESIAN_POINT('',(8.040131068843,-1.449241977278E-02,
    15.757933169721));
#2717 = CARTESIAN_POINT('',(8.04168199851,-9.665699442774E-03,
    15.75342349016));
#2718 = CARTESIAN_POINT('',(8.043226000042,-4.834890212542E-03,
    15.748915818242));
#2719 = CARTESIAN_POINT('',(8.044763070844,-2.22044604925E-15,
    15.744410161399));
#2720 = PCURVE('',#1862,#2721);
#2721 = DEFINITIONAL_REPRESENTATION('',(#2722),#2726);
#2722 = LINE('',#2723,#2724);
#2723 = CARTESIAN_POINT('',(35.089992530608,0.));
#2724 = VECTOR('',#2725,1.);
#2725 = DIRECTION('',(0.,1.));
#2726 = ( GEOMETRIC_REPRESENTATION_CONTEXT(2) 
PARAMETRIC_REPRESENTATION_CONTEXT() REPRESENTATION_CONTEXT('2D SPACE',''
  ) );
#2727 = PCURVE('',#2499,#2728);
#2728 = DEFINITIONAL_REPRESENTATION('',(#2729),#2882);
#2729 = B_SPLINE_CURVE_WITH_KNOTS('',11,(#2730,#2731,#2732,#2733,#2734,
    #2735,#2736,#2737,#2738,#2739,#2740,#2741,#2742,#2743,#2744,#2745,
    #2746,#2747,#2748,#2749,#2750,#2751,#2752,#2753,#2754,#2755,#2756,
    #2757,#2758,#2759,#2760,#2761,#2762,#2763,#2764,#2765,#2766,#2767,
    #2768,#2769,#2770,#2771,#2772,#2773,#2774,#2775,#2776,#2777,#2778,
    #2779,#2780,#2781,#2782,#2783,#2784,#2785,#2786,#2787,#2788,#2789,
    #2790,#2791,#2792,#2793,#2794,#2795,#2796,#2797,#2798,#2799,#2800,
    #2801,#2802,#2803,#2804,#2805,#2806,#2807,#2808,#2809,#2810,#2811,
    #2812,#2813,#2814,#2815,#2816,#2817,#2818,#2819,#2820,#2821,#2822,
    #2823,#2824,#2825,#2826,#2827,#2828,#2829,#2830,#2831,#2832,#2833,
    #2834,#2835,#2836,#2837,#2838,#2839,#2840,#2841,#2842,#2843,#2844,
    #2845,#2846,#2847,#2848,#2849,#2850,#2851,#2852,#2853,#2854,#2855,
    #2856,#2857,#2858,#2859,#2860,#2861,#2862,#2863,#2864,#2865,#2866,
    #2867,#2868,#2869,#2870,#2871,#2872,#2873,#2874,#2875,#2876,#2877,
    #2878,#2879,#2880,#2881),.UNSPECIFIED.,.F.,.F.,(12,10,10,10,10,10,10
    ,10,10,10,10,10,10,10,10,12),(2.689821950595,11.462320083247,
    20.234818215899,22.427942749062,24.621067282225,25.717629548806,
    25.991770115452,26.060305257113,26.128840398775,26.265910682097,
    26.40298096542,26.540051248743,26.814191815388,27.910754081969,
    29.007316348551,37.779814481203),.UNSPECIFIED.);
#2730 = CARTESIAN_POINT('',(0.251482527242,0.140190838442));
#2731 = CARTESIAN_POINT('',(0.333775536699,9.252046687801E-02));
#2732 = CARTESIAN_POINT('',(0.417583450127,5.344725099515E-02));
#2733 = CARTESIAN_POINT('',(0.503605988822,2.227712681231E-02));
#2734 = CARTESIAN_POINT('',(0.592545874501,-9.563668954917E-04));
#2735 = CARTESIAN_POINT('',(0.684510273175,-1.568540530824E-02));
#2736 = CARTESIAN_POINT('',(0.778858205243,-2.112332684672E-02));
#2737 = CARTESIAN_POINT('',(0.874357355039,-1.661106940932E-02));
#2738 = CARTESIAN_POINT('',(0.969513713319,-1.903447933403E-03));
#2739 = CARTESIAN_POINT('',(1.062937485849,2.269587234065E-02));
#2740 = CARTESIAN_POINT('',(1.153608701585,5.644185253041E-02));
#2741 = CARTESIAN_POINT('',(1.328203205743,0.140736452107));
#2742 = CARTESIAN_POINT('',(1.412120302569,0.191265752403));
#2743 = CARTESIAN_POINT('',(1.492031545458,0.249378855295));
#2744 = CARTESIAN_POINT('',(1.567719833924,0.314075170213));
#2745 = CARTESIAN_POINT('',(1.639307217766,0.384411258127));
#2746 = CARTESIAN_POINT('',(1.707134212503,0.459583907276));
#2747 = CARTESIAN_POINT('',(1.771626364074,0.538899941152));
#2748 = CARTESIAN_POINT('',(1.833186549134,0.62169595961));
#2749 = CARTESIAN_POINT('',(1.892151496798,0.707271213803));
#2750 = CARTESIAN_POINT('',(1.94885101816,0.794896815801));
#2751 = CARTESIAN_POINT('',(2.017547782347,0.906231400591));
#2752 = CARTESIAN_POINT('',(2.03117941752,0.928588440218));
#2753 = CARTESIAN_POINT('',(2.04470895474,0.951025368431));
#2754 = CARTESIAN_POINT('',(2.058143806473,0.973532507044));
#2755 = CARTESIAN_POINT('',(2.071493177956,0.996100733779));
#2756 = CARTESIAN_POINT('',(2.084768067169,1.018721482242));
#2757 = CARTESIAN_POINT('',(2.097981264868,1.041386741954));
#2758 = CARTESIAN_POINT('',(2.111147354555,1.064089058322));
#2759 = CARTESIAN_POINT('',(2.1242827125,1.086821532661));
#2760 = CARTESIAN_POINT('',(2.137405507727,1.109577822179));
#2761 = CARTESIAN_POINT('',(2.163665896321,1.155126457793));
#2762 = CARTESIAN_POINT('',(2.176800993781,1.177919228747));
#2763 = CARTESIAN_POINT('',(2.190001316548,1.200725200174));
#2764 = CARTESIAN_POINT('',(2.203259476868,1.223540118428));
#2765 = CARTESIAN_POINT('',(2.216604617177,1.246360667727));
#2766 = CARTESIAN_POINT('',(2.230115085618,1.269184627039));
#2767 = CARTESIAN_POINT('',(2.243887538459,1.292011112052));
#2768 = CARTESIAN_POINT('',(2.258010460841,1.314840769133));
#2769 = CARTESIAN_POINT('',(2.272590097377,1.337675788322));
#2770 = CARTESIAN_POINT('',(2.287876783987,1.36051960228));
#2771 = CARTESIAN_POINT('',(2.312871116769,1.394804406177));
#2772 = CARTESIAN_POINT('',(2.321521335753,1.406235952809));
#2773 = CARTESIAN_POINT('',(2.330695036284,1.417670767773));
#2774 = CARTESIAN_POINT('',(2.340138357343,1.429110830903));
#2775 = CARTESIAN_POINT('',(2.35044973368,1.44055480859));
#2776 = CARTESIAN_POINT('',(2.361716095319,1.452003576452));
#2777 = CARTESIAN_POINT('',(2.373875592908,1.463458763933));
#2778 = CARTESIAN_POINT('',(2.387728057783,1.474918678247));
#2779 = CARTESIAN_POINT('',(2.404392396757,1.486380515714));
#2780 = CARTESIAN_POINT('',(2.424246082636,1.497844706427));
#2781 = CARTESIAN_POINT('',(2.461408272921,1.512147029587));
#2782 = CARTESIAN_POINT('',(2.469458646074,1.515006094219));
#2783 = CARTESIAN_POINT('',(2.478222062215,1.517863415212));
#2784 = CARTESIAN_POINT('',(2.487827310523,1.520718511756));
#2785 = CARTESIAN_POINT('',(2.498455991021,1.52357068369));
#2786 = CARTESIAN_POINT('',(2.510339766368,1.526419029013));
#2787 = CARTESIAN_POINT('',(2.523763733532,1.529262438169));
#2788 = CARTESIAN_POINT('',(2.539103912542,1.532099442018));
#2789 = CARTESIAN_POINT('',(2.556926850041,1.534927790617));
#2790 = CARTESIAN_POINT('',(2.57817933485,1.537743639714));
#2791 = CARTESIAN_POINT('',(2.611075445262,1.541239367633));
#2792 = CARTESIAN_POINT('',(2.617975087885,1.541937291266));
#2793 = CARTESIAN_POINT('',(2.62521606595,1.542633909212));
#2794 = CARTESIAN_POINT('',(2.632825463085,1.543329110061));
#2795 = CARTESIAN_POINT('',(2.640836531687,1.544022754748));
#2796 = CARTESIAN_POINT('',(2.649288692852,1.544714676517));
#2797 = CARTESIAN_POINT('',(2.658227536461,1.545404680976));
#2798 = CARTESIAN_POINT('',(2.667704821095,1.546092546032));
#2799 = CARTESIAN_POINT('',(2.677778474106,1.54677802195));
#2800 = CARTESIAN_POINT('',(2.688512591566,1.547460831311));
#2801 = CARTESIAN_POINT('',(2.711442285029,1.548820506764));
#2802 = CARTESIAN_POINT('',(2.723642767929,1.54949734576));
#2803 = CARTESIAN_POINT('',(2.736645074236,1.550170900293));
#2804 = CARTESIAN_POINT('',(2.750552532716,1.550840727135));
#2805 = CARTESIAN_POINT('',(2.765473276362,1.551506340574));
#2806 = CARTESIAN_POINT('',(2.781517852856,1.552167223637));
#2807 = CARTESIAN_POINT('',(2.798814100926,1.552822775355));
#2808 = CARTESIAN_POINT('',(2.817526610129,1.55347223361));
#2809 = CARTESIAN_POINT('',(2.837868082313,1.554114613429));
#2810 = CARTESIAN_POINT('',(2.860089912297,1.554748700279));
#2811 = CARTESIAN_POINT('',(2.933138093054,1.55662201394));
#2812 = CARTESIAN_POINT('',(2.990375525032,1.557831833196));
#2813 = CARTESIAN_POINT('',(3.058460657176,1.558994263008));
#2814 = CARTESIAN_POINT('',(3.140232035482,1.560078653224));
#2815 = CARTESIAN_POINT('',(3.239812335674,1.561100910598));
#2816 = CARTESIAN_POINT('',(3.363968328271,1.561946869862));
#2817 = CARTESIAN_POINT('',(3.508699785056,1.562689247981));
#2818 = CARTESIAN_POINT('',(3.710122198158,1.563103456674));
#2819 = CARTESIAN_POINT('',(3.908308954216,1.56317883731));
#2820 = CARTESIAN_POINT('',(4.095366569202,1.562953688457));
#2821 = CARTESIAN_POINT('',(4.427540303193,1.562001781784));
#2822 = CARTESIAN_POINT('',(4.572919078417,1.56127543727));
#2823 = CARTESIAN_POINT('',(4.689240122857,1.56035091296));
#2824 = CARTESIAN_POINT('',(4.780740563492,1.559300401667));
#2825 = CARTESIAN_POINT('',(4.854984312882,1.558165236939));
#2826 = CARTESIAN_POINT('',(4.916771840043,1.556967263685));
#2827 = CARTESIAN_POINT('',(4.968238573227,1.555722653438));
#2828 = CARTESIAN_POINT('',(5.01153507784,1.554443686451));
#2829 = CARTESIAN_POINT('',(5.04922816204,1.553137143284));
#2830 = CARTESIAN_POINT('',(5.08167981974,1.551808902164));
#2831 = CARTESIAN_POINT('',(5.138621029636,1.549117345028));
#2832 = CARTESIAN_POINT('',(5.163069733056,1.547754077017));
#2833 = CARTESIAN_POINT('',(5.18439144465,1.546377363127));
#2834 = CARTESIAN_POINT('',(5.203227624048,1.54499002594));
#2835 = CARTESIAN_POINT('',(5.220038987028,1.543594038657));
#2836 = CARTESIAN_POINT('',(5.235163821999,1.542190819803));
#2837 = CARTESIAN_POINT('',(5.24886191646,1.540781450968));
#2838 = CARTESIAN_POINT('',(5.261344093821,1.539366817659));
#2839 = CARTESIAN_POINT('',(5.272787360153,1.537947673185));
#2840 = CARTESIAN_POINT('',(5.283335661272,1.536524625655));
#2841 = CARTESIAN_POINT('',(5.312587426977,1.532244892731));
#2842 = CARTESIAN_POINT('',(5.328929852487,1.529377795021));
#2843 = CARTESIAN_POINT('',(5.342991840247,1.526500389139));
#2844 = CARTESIAN_POINT('',(5.355340711824,1.523615015701));
#2845 = CARTESIAN_POINT('',(5.366339774992,1.520723171904));
#2846 = CARTESIAN_POINT('',(5.376231264739,1.517825859808));
#2847 = CARTESIAN_POINT('',(5.385195246692,1.514923832642));
#2848 = CARTESIAN_POINT('',(5.393384483068,1.512017739166));
#2849 = CARTESIAN_POINT('',(5.400935261021,1.509108166065));
#2850 = CARTESIAN_POINT('',(5.407954183514,1.506195578396));
#2851 = CARTESIAN_POINT('',(5.44058787902,1.491618476746));
#2852 = CARTESIAN_POINT('',(5.459009844047,1.479912298569));
#2853 = CARTESIAN_POINT('',(5.47460901177,1.468183282331));
#2854 = CARTESIAN_POINT('',(5.487832545071,1.456435383262));
#2855 = CARTESIAN_POINT('',(5.49962759482,1.444674554425));
#2856 = CARTESIAN_POINT('',(5.510600158802,1.432905311854));
#2857 = CARTESIAN_POINT('',(5.520705719008,1.421129469845));
#2858 = CARTESIAN_POINT('',(5.530068690562,1.409349434563));
#2859 = CARTESIAN_POINT('',(5.539190890903,1.397569039329));
#2860 = CARTESIAN_POINT('',(5.547826486225,1.385789011461));
#2861 = CARTESIAN_POINT('',(5.564517915729,1.36223454948));
#2862 = CARTESIAN_POINT('',(5.572553131119,1.350460030294));
#2863 = CARTESIAN_POINT('',(5.580346951879,1.338690130622));
#2864 = CARTESIAN_POINT('',(5.587951415589,1.326926593979));
#2865 = CARTESIAN_POINT('',(5.595404410591,1.315171014871));
#2866 = CARTESIAN_POINT('',(5.602732594162,1.303424854048));
#2867 = CARTESIAN_POINT('',(5.609954310311,1.291689453653));
#2868 = CARTESIAN_POINT('',(5.617082508026,1.279966052499));
#2869 = CARTESIAN_POINT('',(5.624127659076,1.268255801224));
#2870 = CARTESIAN_POINT('',(5.631100676175,1.256559777533));
#2871 = CARTESIAN_POINT('',(5.693337068746,1.151432792298));
#2872 = CARTESIAN_POINT('',(5.745106135517,1.058972086219));
#2873 = CARTESIAN_POINT('',(5.797471818219,0.967951990089));
#2874 = CARTESIAN_POINT('',(5.850296774911,0.87872216237));
#2875 = CARTESIAN_POINT('',(5.904368616303,0.791236009995));
#2876 = CARTESIAN_POINT('',(5.960508988927,0.705705427879));
#2877 = CARTESIAN_POINT('',(6.018967565246,0.622719329149));
#2878 = CARTESIAN_POINT('',(6.080025034855,0.542905661207));
#2879 = CARTESIAN_POINT('',(6.144305771541,0.466798847879));
#2880 = CARTESIAN_POINT('',(6.211916831115,0.395177642024));
#2881 = CARTESIAN_POINT('',(6.28318530718,0.328762215272));
#2882 = ( GEOMETRIC_REPRESENTATION_CONTEXT(2) 
PARAMETRIC_REPRESENTATION_CONTEXT() REPRESENTATION_CONTEXT('2D SPACE',''
  ) );
#2883 = ORIENTED_EDGE('',*,*,#2458,.F.);
#2884 = ORIENTED_EDGE('',*,*,#1496,.F.);
#2885 = ADVANCED_FACE('',(#2886),#2499,.F.);
#2886 = FACE_BOUND('',#2887,.F.);
#2887 = EDGE_LOOP('',(#2888,#2912,#2913,#2914));
#2888 = ORIENTED_EDGE('',*,*,#2889,.T.);
#2889 = EDGE_CURVE('',#2890,#2459,#2892,.T.);
#2890 = VERTEX_POINT('',#2891);
#2891 = CARTESIAN_POINT('',(5.204748896376E-16,-1.274795815263E-31,4.5)
  );
#2892 = SEAM_CURVE('',#2893,(#2898,#2905),.PCURVE_S1.);
#2893 = CIRCLE('',#2894,8.5);
#2894 = AXIS2_PLACEMENT_3D('',#2895,#2896,#2897);
#2895 = CARTESIAN_POINT('',(0.,0.,13.));
#2896 = DIRECTION('',(-2.449293598295E-16,-1.,0.));
#2897 = DIRECTION('',(1.,-2.449293598295E-16,0.));
#2898 = PCURVE('',#2499,#2899);
#2899 = DEFINITIONAL_REPRESENTATION('',(#2900),#2904);
#2900 = LINE('',#2901,#2902);
#2901 = CARTESIAN_POINT('',(6.28318530718,-6.28318530718));
#2902 = VECTOR('',#2903,1.);
#2903 = DIRECTION('',(0.,1.));
#2904 = ( GEOMETRIC_REPRESENTATION_CONTEXT(2) 
PARAMETRIC_REPRESENTATION_CONTEXT() REPRESENTATION_CONTEXT('2D SPACE',''
  ) );
#2905 = PCURVE('',#2499,#2906);
#2906 = DEFINITIONAL_REPRESENTATION('',(#2907),#2911);
#2907 = LINE('',#2908,#2909);
#2908 = CARTESIAN_POINT('',(0.,-6.28318530718));
#2909 = VECTOR('',#2910,1.);
#2910 = DIRECTION('',(0.,1.));
#2911 = ( GEOMETRIC_REPRESENTATION_CONTEXT(2) 
PARAMETRIC_REPRESENTATION_CONTEXT() REPRESENTATION_CONTEXT('2D SPACE',''
  ) );
#2912 = ORIENTED_EDGE('',*,*,#2539,.F.);
#2913 = ORIENTED_EDGE('',*,*,#2479,.F.);
#2914 = ORIENTED_EDGE('',*,*,#2889,.F.);
#2915 = ( GEOMETRIC_REPRESENTATION_CONTEXT(3) 
GLOBAL_UNCERTAINTY_ASSIGNED_CONTEXT((#2919)) 
GLOBAL_UNIT_ASSIGNED_CONTEXT((#2916,#2917,#2918)) REPRESENTATION_CONTEXT
('Context #1','3D Context with UNIT and UNCERTAINTY') );
#2916 = ( LENGTH_UNIT() NAMED_UNIT(*) SI_UNIT(.MILLI.,.METRE.) );
#2917 = ( NAMED_UNIT(*) PLANE_ANGLE_UNIT() SI_UNIT($,.RADIAN.) );
#2918 = ( NAMED_UNIT(*) SI_UNIT($,.STERADIAN.) SOLID_ANGLE_UNIT() );
#2919 = UNCERTAINTY_MEASURE_WITH_UNIT(LENGTH_MEASURE(5.E-05),#2916,
  'distance_accuracy_value','confusion accuracy');
#2920 = CONTEXT_DEPENDENT_SHAPE_REPRESENTATION(#2921,#2923);
#2921 = ( REPRESENTATION_RELATIONSHIP('','',#631,#10) 
REPRESENTATION_RELATIONSHIP_WITH_TRANSFORMATION(#2922) 
SHAPE_REPRESENTATION_RELATIONSHIP() );
#2922 = ITEM_DEFINED_TRANSFORMATION('','',#11,#19);
#2923 = PRODUCT_DEFINITION_SHAPE('Placement','Placement of an item',
  #2924);
#2924 = NEXT_ASSEMBLY_USAGE_OCCURRENCE('2','','',#5,#626,$);
#2925 = PRODUCT_RELATED_PRODUCT_CATEGORY('part',$,(#628));
ENDSEC;
END-ISO-10303-21;
