ISO-10303-21;
HEADER;
FILE_DESCRIPTION(('Open CASCADE Model'),'2;1');
FILE_NAME('Open CASCADE Shape Model','2026-07-11T18:32:20',('Author'),(
    'Open CASCADE'),'Open CASCADE STEP processor 8.0','Open CASCADE 8.0'
  ,'Unknown');
FILE_SCHEMA(('AUTOMOTIVE_DESIGN { 1 0 10303 214 1 1 1 1 }'));
ENDSEC;
DATA;
#1 = APPLICATION_PROTOCOL_DEFINITION('international standard',
  'automotive_design',2000,#2);
#2 = APPLICATION_CONTEXT(
  'core data for automotive mechanical design processes');
#3 = SHAPE_DEFINITION_REPRESENTATION(#4,#10);
#4 = PRODUCT_DEFINITION_SHAPE('','',#5);
#5 = PRODUCT_DEFINITION('design','',#6,#9);
#6 = PRODUCT_DEFINITION_FORMATION('','',#7);
#7 = PRODUCT('Open CASCADE STEP translator 8.0 1',
  'Open CASCADE STEP translator 8.0 1','',(#8));
#8 = PRODUCT_CONTEXT('',#2,'mechanical');
#9 = PRODUCT_DEFINITION_CONTEXT('part definition',#2,'design');
#10 = SHAPE_REPRESENTATION('',(#11,#15,#19),#23);
#11 = AXIS2_PLACEMENT_3D('',#12,#13,#14);
#12 = CARTESIAN_POINT('',(0.,0.,0.));
#13 = DIRECTION('',(0.,0.,1.));
#14 = DIRECTION('',(1.,0.,-0.));
#15 = AXIS2_PLACEMENT_3D('',#16,#17,#18);
#16 = CARTESIAN_POINT('',(0.,0.,0.));
#17 = DIRECTION('',(0.,0.,1.));
#18 = DIRECTION('',(1.,0.,-0.));
#19 = AXIS2_PLACEMENT_3D('',#20,#21,#22);
#20 = CARTESIAN_POINT('',(0.,0.,0.));
#21 = DIRECTION('',(0.,0.,1.));
#22 = DIRECTION('',(1.,0.,-0.));
#23 = ( GEOMETRIC_REPRESENTATION_CONTEXT(3) 
GLOBAL_UNCERTAINTY_ASSIGNED_CONTEXT((#27)) GLOBAL_UNIT_ASSIGNED_CONTEXT(
(#24,#25,#26)) REPRESENTATION_CONTEXT('Context #1',
  '3D Context with UNIT and UNCERTAINTY') );
#24 = ( LENGTH_UNIT() NAMED_UNIT(*) SI_UNIT(.MILLI.,.METRE.) );
#25 = ( NAMED_UNIT(*) PLANE_ANGLE_UNIT() SI_UNIT($,.RADIAN.) );
#26 = ( NAMED_UNIT(*) SI_UNIT($,.STERADIAN.) SOLID_ANGLE_UNIT() );
#27 = UNCERTAINTY_MEASURE_WITH_UNIT(LENGTH_MEASURE(2.E-03),#24,
  'distance_accuracy_value','confusion accuracy');
#28 = PRODUCT_RELATED_PRODUCT_CATEGORY('part',$,(#7));
#29 = SHAPE_DEFINITION_REPRESENTATION(#30,#36);
#30 = PRODUCT_DEFINITION_SHAPE('','',#31);
#31 = PRODUCT_DEFINITION('design','',#32,#35);
#32 = PRODUCT_DEFINITION_FORMATION('','',#33);
#33 = PRODUCT('Open CASCADE STEP translator 8.0 1.1',
  'Open CASCADE STEP translator 8.0 1.1','',(#34));
#34 = PRODUCT_CONTEXT('',#2,'mechanical');
#35 = PRODUCT_DEFINITION_CONTEXT('part definition',#2,'design');
#36 = ADVANCED_BREP_SHAPE_REPRESENTATION('',(#11,#37),#219);
#37 = MANIFOLD_SOLID_BREP('',#38);
#38 = CLOSED_SHELL('',(#39,#107,#162,#212));
#39 = ADVANCED_FACE('',(#40,#76),#53,.T.);
#40 = FACE_BOUND('',#41,.T.);
#41 = EDGE_LOOP('',(#42));
#42 = ORIENTED_EDGE('',*,*,#43,.T.);
#43 = EDGE_CURVE('',#44,#44,#46,.T.);
#44 = VERTEX_POINT('',#45);
#45 = CARTESIAN_POINT('',(175.2,-2.498196961798E-15,-77.));
#46 = SURFACE_CURVE('',#47,(#52,#64),.PCURVE_S1.);
#47 = CIRCLE('',#48,10.2);
#48 = AXIS2_PLACEMENT_3D('',#49,#50,#51);
#49 = CARTESIAN_POINT('',(165.,0.,-77.));
#50 = DIRECTION('',(0.,0.,1.));
#51 = DIRECTION('',(1.,0.,0.));
#52 = PCURVE('',#53,#58);
#53 = PLANE('',#54);
#54 = AXIS2_PLACEMENT_3D('',#55,#56,#57);
#55 = CARTESIAN_POINT('',(165.,0.,-77.));
#56 = DIRECTION('',(0.,0.,1.));
#57 = DIRECTION('',(1.,0.,0.));
#58 = DEFINITIONAL_REPRESENTATION('',(#59),#63);
#59 = CIRCLE('',#60,10.2);
#60 = AXIS2_PLACEMENT_2D('',#61,#62);
#61 = CARTESIAN_POINT('',(0.,0.));
#62 = DIRECTION('',(1.,0.));
#63 = ( GEOMETRIC_REPRESENTATION_CONTEXT(2) 
PARAMETRIC_REPRESENTATION_CONTEXT() REPRESENTATION_CONTEXT('2D SPACE',''
  ) );
#64 = PCURVE('',#65,#70);
#65 = CYLINDRICAL_SURFACE('',#66,10.2);
#66 = AXIS2_PLACEMENT_3D('',#67,#68,#69);
#67 = CARTESIAN_POINT('',(165.,0.,-149.));
#68 = DIRECTION('',(0.,0.,1.));
#69 = DIRECTION('',(1.,0.,0.));
#70 = DEFINITIONAL_REPRESENTATION('',(#71),#75);
#71 = LINE('',#72,#73);
#72 = CARTESIAN_POINT('',(0.,72.));
#73 = VECTOR('',#74,1.);
#74 = DIRECTION('',(1.,0.));
#75 = ( GEOMETRIC_REPRESENTATION_CONTEXT(2) 
PARAMETRIC_REPRESENTATION_CONTEXT() REPRESENTATION_CONTEXT('2D SPACE',''
  ) );
#76 = FACE_BOUND('',#77,.T.);
#77 = EDGE_LOOP('',(#78));
#78 = ORIENTED_EDGE('',*,*,#79,.F.);
#79 = EDGE_CURVE('',#80,#80,#82,.T.);
#80 = VERTEX_POINT('',#81);
#81 = CARTESIAN_POINT('',(171.,0.,-77.));
#82 = SURFACE_CURVE('',#83,(#88,#95),.PCURVE_S1.);
#83 = CIRCLE('',#84,6.);
#84 = AXIS2_PLACEMENT_3D('',#85,#86,#87);
#85 = CARTESIAN_POINT('',(165.,0.,-77.));
#86 = DIRECTION('',(-0.,0.,1.));
#87 = DIRECTION('',(0.,-1.,0.));
#88 = PCURVE('',#53,#89);
#89 = DEFINITIONAL_REPRESENTATION('',(#90),#94);
#90 = CIRCLE('',#91,6.);
#91 = AXIS2_PLACEMENT_2D('',#92,#93);
#92 = CARTESIAN_POINT('',(0.,0.));
#93 = DIRECTION('',(0.,-1.));
#94 = ( GEOMETRIC_REPRESENTATION_CONTEXT(2) 
PARAMETRIC_REPRESENTATION_CONTEXT() REPRESENTATION_CONTEXT('2D SPACE',''
  ) );
#95 = PCURVE('',#96,#101);
#96 = CYLINDRICAL_SURFACE('',#97,6.);
#97 = AXIS2_PLACEMENT_3D('',#98,#99,#100);
#98 = CARTESIAN_POINT('',(165.,0.,-159.));
#99 = DIRECTION('',(0.,0.,1.));
#100 = DIRECTION('',(1.,0.,0.));
#101 = DEFINITIONAL_REPRESENTATION('',(#102),#106);
#102 = LINE('',#103,#104);
#103 = CARTESIAN_POINT('',(-1.570796326795,82.));
#104 = VECTOR('',#105,1.);
#105 = DIRECTION('',(1.,0.));
#106 = ( GEOMETRIC_REPRESENTATION_CONTEXT(2) 
PARAMETRIC_REPRESENTATION_CONTEXT() REPRESENTATION_CONTEXT('2D SPACE',''
  ) );
#107 = ADVANCED_FACE('',(#108),#65,.T.);
#108 = FACE_BOUND('',#109,.T.);
#109 = EDGE_LOOP('',(#110,#111,#134,#161));
#110 = ORIENTED_EDGE('',*,*,#43,.F.);
#111 = ORIENTED_EDGE('',*,*,#112,.F.);
#112 = EDGE_CURVE('',#113,#44,#115,.T.);
#113 = VERTEX_POINT('',#114);
#114 = CARTESIAN_POINT('',(175.2,-2.498196961798E-15,-149.));
#115 = SEAM_CURVE('',#116,(#120,#127),.PCURVE_S1.);
#116 = LINE('',#117,#118);
#117 = CARTESIAN_POINT('',(175.2,-2.498196961798E-15,-149.));
#118 = VECTOR('',#119,1.);
#119 = DIRECTION('',(0.,0.,1.));
#120 = PCURVE('',#65,#121);
#121 = DEFINITIONAL_REPRESENTATION('',(#122),#126);
#122 = LINE('',#123,#124);
#123 = CARTESIAN_POINT('',(6.28318530718,0.));
#124 = VECTOR('',#125,1.);
#125 = DIRECTION('',(0.,1.));
#126 = ( GEOMETRIC_REPRESENTATION_CONTEXT(2) 
PARAMETRIC_REPRESENTATION_CONTEXT() REPRESENTATION_CONTEXT('2D SPACE',''
  ) );
#127 = PCURVE('',#65,#128);
#128 = DEFINITIONAL_REPRESENTATION('',(#129),#133);
#129 = LINE('',#130,#131);
#130 = CARTESIAN_POINT('',(0.,0.));
#131 = VECTOR('',#132,1.);
#132 = DIRECTION('',(0.,1.));
#133 = ( GEOMETRIC_REPRESENTATION_CONTEXT(2) 
PARAMETRIC_REPRESENTATION_CONTEXT() REPRESENTATION_CONTEXT('2D SPACE',''
  ) );
#134 = ORIENTED_EDGE('',*,*,#135,.T.);
#135 = EDGE_CURVE('',#113,#113,#136,.T.);
#136 = SURFACE_CURVE('',#137,(#142,#149),.PCURVE_S1.);
#137 = CIRCLE('',#138,10.2);
#138 = AXIS2_PLACEMENT_3D('',#139,#140,#141);
#139 = CARTESIAN_POINT('',(165.,0.,-149.));
#140 = DIRECTION('',(0.,0.,1.));
#141 = DIRECTION('',(1.,0.,0.));
#142 = PCURVE('',#65,#143);
#143 = DEFINITIONAL_REPRESENTATION('',(#144),#148);
#144 = LINE('',#145,#146);
#145 = CARTESIAN_POINT('',(0.,0.));
#146 = VECTOR('',#147,1.);
#147 = DIRECTION('',(1.,0.));
#148 = ( GEOMETRIC_REPRESENTATION_CONTEXT(2) 
PARAMETRIC_REPRESENTATION_CONTEXT() REPRESENTATION_CONTEXT('2D SPACE',''
  ) );
#149 = PCURVE('',#150,#155);
#150 = PLANE('',#151);
#151 = AXIS2_PLACEMENT_3D('',#152,#153,#154);
#152 = CARTESIAN_POINT('',(165.,0.,-149.));
#153 = DIRECTION('',(0.,0.,1.));
#154 = DIRECTION('',(1.,0.,0.));
#155 = DEFINITIONAL_REPRESENTATION('',(#156),#160);
#156 = CIRCLE('',#157,10.2);
#157 = AXIS2_PLACEMENT_2D('',#158,#159);
#158 = CARTESIAN_POINT('',(0.,0.));
#159 = DIRECTION('',(1.,0.));
#160 = ( GEOMETRIC_REPRESENTATION_CONTEXT(2) 
PARAMETRIC_REPRESENTATION_CONTEXT() REPRESENTATION_CONTEXT('2D SPACE',''
  ) );
#161 = ORIENTED_EDGE('',*,*,#112,.T.);
#162 = ADVANCED_FACE('',(#163),#96,.F.);
#163 = FACE_BOUND('',#164,.F.);
#164 = EDGE_LOOP('',(#165,#188,#189,#190));
#165 = ORIENTED_EDGE('',*,*,#166,.T.);
#166 = EDGE_CURVE('',#167,#80,#169,.T.);
#167 = VERTEX_POINT('',#168);
#168 = CARTESIAN_POINT('',(171.,0.,-149.));
#169 = SEAM_CURVE('',#170,(#174,#181),.PCURVE_S1.);
#170 = LINE('',#171,#172);
#171 = CARTESIAN_POINT('',(171.,-1.469527624587E-15,-159.));
#172 = VECTOR('',#173,1.);
#173 = DIRECTION('',(0.,0.,1.));
#174 = PCURVE('',#96,#175);
#175 = DEFINITIONAL_REPRESENTATION('',(#176),#180);
#176 = LINE('',#177,#178);
#177 = CARTESIAN_POINT('',(6.28318530718,0.));
#178 = VECTOR('',#179,1.);
#179 = DIRECTION('',(0.,1.));
#180 = ( GEOMETRIC_REPRESENTATION_CONTEXT(2) 
PARAMETRIC_REPRESENTATION_CONTEXT() REPRESENTATION_CONTEXT('2D SPACE',''
  ) );
#181 = PCURVE('',#96,#182);
#182 = DEFINITIONAL_REPRESENTATION('',(#183),#187);
#183 = LINE('',#184,#185);
#184 = CARTESIAN_POINT('',(0.,0.));
#185 = VECTOR('',#186,1.);
#186 = DIRECTION('',(0.,1.));
#187 = ( GEOMETRIC_REPRESENTATION_CONTEXT(2) 
PARAMETRIC_REPRESENTATION_CONTEXT() REPRESENTATION_CONTEXT('2D SPACE',''
  ) );
#188 = ORIENTED_EDGE('',*,*,#79,.F.);
#189 = ORIENTED_EDGE('',*,*,#166,.F.);
#190 = ORIENTED_EDGE('',*,*,#191,.T.);
#191 = EDGE_CURVE('',#167,#167,#192,.T.);
#192 = SURFACE_CURVE('',#193,(#198,#205),.PCURVE_S1.);
#193 = CIRCLE('',#194,6.);
#194 = AXIS2_PLACEMENT_3D('',#195,#196,#197);
#195 = CARTESIAN_POINT('',(165.,0.,-149.));
#196 = DIRECTION('',(-0.,0.,1.));
#197 = DIRECTION('',(0.,-1.,0.));
#198 = PCURVE('',#96,#199);
#199 = DEFINITIONAL_REPRESENTATION('',(#200),#204);
#200 = LINE('',#201,#202);
#201 = CARTESIAN_POINT('',(-1.570796326795,10.));
#202 = VECTOR('',#203,1.);
#203 = DIRECTION('',(1.,0.));
#204 = ( GEOMETRIC_REPRESENTATION_CONTEXT(2) 
PARAMETRIC_REPRESENTATION_CONTEXT() REPRESENTATION_CONTEXT('2D SPACE',''
  ) );
#205 = PCURVE('',#150,#206);
#206 = DEFINITIONAL_REPRESENTATION('',(#207),#211);
#207 = CIRCLE('',#208,6.);
#208 = AXIS2_PLACEMENT_2D('',#209,#210);
#209 = CARTESIAN_POINT('',(0.,0.));
#210 = DIRECTION('',(0.,-1.));
#211 = ( GEOMETRIC_REPRESENTATION_CONTEXT(2) 
PARAMETRIC_REPRESENTATION_CONTEXT() REPRESENTATION_CONTEXT('2D SPACE',''
  ) );
#212 = ADVANCED_FACE('',(#213,#216),#150,.F.);
#213 = FACE_BOUND('',#214,.T.);
#214 = EDGE_LOOP('',(#215));
#215 = ORIENTED_EDGE('',*,*,#135,.F.);
#216 = FACE_BOUND('',#217,.F.);
#217 = EDGE_LOOP('',(#218));
#218 = ORIENTED_EDGE('',*,*,#191,.F.);
#219 = ( GEOMETRIC_REPRESENTATION_CONTEXT(3) 
GLOBAL_UNCERTAINTY_ASSIGNED_CONTEXT((#223)) GLOBAL_UNIT_ASSIGNED_CONTEXT
((#220,#221,#222)) REPRESENTATION_CONTEXT('Context #1',
  '3D Context with UNIT and UNCERTAINTY') );
#220 = ( LENGTH_UNIT() NAMED_UNIT(*) SI_UNIT(.MILLI.,.METRE.) );
#221 = ( NAMED_UNIT(*) PLANE_ANGLE_UNIT() SI_UNIT($,.RADIAN.) );
#222 = ( NAMED_UNIT(*) SI_UNIT($,.STERADIAN.) SOLID_ANGLE_UNIT() );
#223 = UNCERTAINTY_MEASURE_WITH_UNIT(LENGTH_MEASURE(2.E-06),#220,
  'distance_accuracy_value','confusion accuracy');
#224 = CONTEXT_DEPENDENT_SHAPE_REPRESENTATION(#225,#227);
#225 = ( REPRESENTATION_RELATIONSHIP('','',#36,#10) 
REPRESENTATION_RELATIONSHIP_WITH_TRANSFORMATION(#226) 
SHAPE_REPRESENTATION_RELATIONSHIP() );
#226 = ITEM_DEFINED_TRANSFORMATION('','',#11,#15);
#227 = PRODUCT_DEFINITION_SHAPE('Placement','Placement of an item',#228
  );
#228 = NEXT_ASSEMBLY_USAGE_OCCURRENCE('1','','',#5,#31,$);
#229 = PRODUCT_RELATED_PRODUCT_CATEGORY('part',$,(#33));
#230 = SHAPE_DEFINITION_REPRESENTATION(#231,#237);
#231 = PRODUCT_DEFINITION_SHAPE('','',#232);
#232 = PRODUCT_DEFINITION('design','',#233,#236);
#233 = PRODUCT_DEFINITION_FORMATION('','',#234);
#234 = PRODUCT('Open CASCADE STEP translator 8.0 1.2',
  'Open CASCADE STEP translator 8.0 1.2','',(#235));
#235 = PRODUCT_CONTEXT('',#2,'mechanical');
#236 = PRODUCT_DEFINITION_CONTEXT('part definition',#2,'design');
#237 = ADVANCED_BREP_SHAPE_REPRESENTATION('',(#11,#238),#6059);
#238 = MANIFOLD_SOLID_BREP('',#239);
#239 = CLOSED_SHELL('',(#240,#1158,#1193,#1228,#1311,#1388,#1465,#1523,
    #1603,#1725,#1749,#1799,#1907,#2011,#2073,#2122,#2265,#2346,#2383,
    #2435,#2485,#2535,#2588,#2638,#2884,#3418,#3938,#3971,#4005,#4040,
    #4046,#4080,#4086,#4226,#4233,#4290,#4314,#4351,#4408,#4889,#5336,
    #5361,#5367,#5419,#5453,#5491,#5938,#5984,#6030));
#240 = ADVANCED_FACE('',(#241,#326),#255,.T.);
#241 = FACE_BOUND('',#242,.T.);
#242 = EDGE_LOOP('',(#243,#271,#298,#299));
#243 = ORIENTED_EDGE('',*,*,#244,.T.);
#244 = EDGE_CURVE('',#245,#247,#249,.T.);
#245 = VERTEX_POINT('',#246);
#246 = CARTESIAN_POINT('',(44.920735063958,20.41215859584,-123.5));
#247 = VERTEX_POINT('',#248);
#248 = CARTESIAN_POINT('',(44.920735063958,20.41215859584,-104.1));
#249 = SEAM_CURVE('',#250,(#254,#265),.PCURVE_S1.);
#250 = LINE('',#251,#252);
#251 = CARTESIAN_POINT('',(44.920735063958,20.41215859584,
    -124.3374793397));
#252 = VECTOR('',#253,1.);
#253 = DIRECTION('',(0.,0.,1.));
#254 = PCURVE('',#255,#260);
#255 = CYLINDRICAL_SURFACE('',#256,20.41215859584);
#256 = AXIS2_PLACEMENT_3D('',#257,#258,#259);
#257 = CARTESIAN_POINT('',(44.920735063958,1.331017645947E-14,
    -124.3374793397));
#258 = DIRECTION('',(0.,0.,1.));
#259 = DIRECTION('',(1.110223024625E-16,1.,0.));
#260 = DEFINITIONAL_REPRESENTATION('',(#261),#264);
#261 = B_SPLINE_CURVE_WITH_KNOTS('',1,(#262,#263),.UNSPECIFIED.,.F.,.F.,
  (2,2),(0.,21.772969168896),.PIECEWISE_BEZIER_KNOTS.);
#262 = CARTESIAN_POINT('',(6.28318530718,0.));
#263 = CARTESIAN_POINT('',(6.28318530718,21.772969168896));
#264 = ( GEOMETRIC_REPRESENTATION_CONTEXT(2) 
PARAMETRIC_REPRESENTATION_CONTEXT() REPRESENTATION_CONTEXT('2D SPACE',''
  ) );
#265 = PCURVE('',#255,#266);
#266 = DEFINITIONAL_REPRESENTATION('',(#267),#270);
#267 = B_SPLINE_CURVE_WITH_KNOTS('',1,(#268,#269),.UNSPECIFIED.,.F.,.F.,
  (2,2),(0.,21.772969168896),.PIECEWISE_BEZIER_KNOTS.);
#268 = CARTESIAN_POINT('',(0.,0.));
#269 = CARTESIAN_POINT('',(0.,21.772969168896));
#270 = ( GEOMETRIC_REPRESENTATION_CONTEXT(2) 
PARAMETRIC_REPRESENTATION_CONTEXT() REPRESENTATION_CONTEXT('2D SPACE',''
  ) );
#271 = ORIENTED_EDGE('',*,*,#272,.F.);
#272 = EDGE_CURVE('',#247,#247,#273,.T.);
#273 = SURFACE_CURVE('',#274,(#279,#286),.PCURVE_S1.);
#274 = CIRCLE('',#275,20.41215859584);
#275 = AXIS2_PLACEMENT_3D('',#276,#277,#278);
#276 = CARTESIAN_POINT('',(44.920735063958,1.331017645947E-14,-104.1));
#277 = DIRECTION('',(0.,0.,1.));
#278 = DIRECTION('',(0.,-1.,0.));
#279 = PCURVE('',#255,#280);
#280 = DEFINITIONAL_REPRESENTATION('',(#281),#285);
#281 = LINE('',#282,#283);
#282 = CARTESIAN_POINT('',(-3.14159265359,20.237479339776));
#283 = VECTOR('',#284,1.);
#284 = DIRECTION('',(1.,0.));
#285 = ( GEOMETRIC_REPRESENTATION_CONTEXT(2) 
PARAMETRIC_REPRESENTATION_CONTEXT() REPRESENTATION_CONTEXT('2D SPACE',''
  ) );
#286 = PCURVE('',#287,#292);
#287 = PLANE('',#288);
#288 = AXIS2_PLACEMENT_3D('',#289,#290,#291);
#289 = CARTESIAN_POINT('',(20.,-30.,-104.1));
#290 = DIRECTION('',(0.,0.,1.));
#291 = DIRECTION('',(1.,0.,0.));
#292 = DEFINITIONAL_REPRESENTATION('',(#293),#297);
#293 = CIRCLE('',#294,20.41215859584);
#294 = AXIS2_PLACEMENT_2D('',#295,#296);
#295 = CARTESIAN_POINT('',(24.920735063958,30.));
#296 = DIRECTION('',(0.,-1.));
#297 = ( GEOMETRIC_REPRESENTATION_CONTEXT(2) 
PARAMETRIC_REPRESENTATION_CONTEXT() REPRESENTATION_CONTEXT('2D SPACE',''
  ) );
#298 = ORIENTED_EDGE('',*,*,#244,.F.);
#299 = ORIENTED_EDGE('',*,*,#300,.T.);
#300 = EDGE_CURVE('',#245,#245,#301,.T.);
#301 = SURFACE_CURVE('',#302,(#307,#314),.PCURVE_S1.);
#302 = CIRCLE('',#303,20.41215859584);
#303 = AXIS2_PLACEMENT_3D('',#304,#305,#306);
#304 = CARTESIAN_POINT('',(44.920735063958,1.331017645947E-14,-123.5));
#305 = DIRECTION('',(0.,0.,1.));
#306 = DIRECTION('',(0.,-1.,0.));
#307 = PCURVE('',#255,#308);
#308 = DEFINITIONAL_REPRESENTATION('',(#309),#313);
#309 = LINE('',#310,#311);
#310 = CARTESIAN_POINT('',(-3.14159265359,0.837479339776));
#311 = VECTOR('',#312,1.);
#312 = DIRECTION('',(1.,0.));
#313 = ( GEOMETRIC_REPRESENTATION_CONTEXT(2) 
PARAMETRIC_REPRESENTATION_CONTEXT() REPRESENTATION_CONTEXT('2D SPACE',''
  ) );
#314 = PCURVE('',#315,#320);
#315 = PLANE('',#316);
#316 = AXIS2_PLACEMENT_3D('',#317,#318,#319);
#317 = CARTESIAN_POINT('',(20.,-30.,-123.5));
#318 = DIRECTION('',(0.,0.,1.));
#319 = DIRECTION('',(1.,0.,0.));
#320 = DEFINITIONAL_REPRESENTATION('',(#321),#325);
#321 = CIRCLE('',#322,20.41215859584);
#322 = AXIS2_PLACEMENT_2D('',#323,#324);
#323 = CARTESIAN_POINT('',(24.920735063958,30.));
#324 = DIRECTION('',(0.,-1.));
#325 = ( GEOMETRIC_REPRESENTATION_CONTEXT(2) 
PARAMETRIC_REPRESENTATION_CONTEXT() REPRESENTATION_CONTEXT('2D SPACE',''
  ) );
#326 = FACE_BOUND('',#327,.T.);
#327 = EDGE_LOOP('',(#328,#356,#384,#411,#501,#564,#592,#673,#757,#784,
    #812,#838,#866,#893,#974,#1006,#1105,#1132));
#328 = ORIENTED_EDGE('',*,*,#329,.T.);
#329 = EDGE_CURVE('',#330,#332,#334,.T.);
#330 = VERTEX_POINT('',#331);
#331 = CARTESIAN_POINT('',(58.648092348361,15.106815697826,
    -104.7418076069));
#332 = VERTEX_POINT('',#333);
#333 = CARTESIAN_POINT('',(58.648092348361,15.106815697826,
    -122.1601819037));
#334 = SURFACE_CURVE('',#335,(#339,#345),.PCURVE_S1.);
#335 = LINE('',#336,#337);
#336 = CARTESIAN_POINT('',(58.648092348361,15.106815697826,
    -1.372155672532E+04));
#337 = VECTOR('',#338,1.);
#338 = DIRECTION('',(0.,0.,-1.));
#339 = PCURVE('',#255,#340);
#340 = DEFINITIONAL_REPRESENTATION('',(#341),#344);
#341 = B_SPLINE_CURVE_WITH_KNOTS('',1,(#342,#343),.UNSPECIFIED.,.F.,.F.,
  (2,2),(-1.361681491771E+04,-1.359939654341E+04),
  .PIECEWISE_BEZIER_KNOTS.);
#342 = CARTESIAN_POINT('',(5.545591789886,19.595671732799));
#343 = CARTESIAN_POINT('',(5.545591789886,2.177297435999));
#344 = ( GEOMETRIC_REPRESENTATION_CONTEXT(2) 
PARAMETRIC_REPRESENTATION_CONTEXT() REPRESENTATION_CONTEXT('2D SPACE',''
  ) );
#345 = PCURVE('',#346,#351);
#346 = CYLINDRICAL_SURFACE('',#347,21.636887592482);
#347 = AXIS2_PLACEMENT_3D('',#348,#349,#350);
#348 = CARTESIAN_POINT('',(67.76874531232,34.727432257984,
    -1.372155672532E+04));
#349 = DIRECTION('',(0.,0.,-1.));
#350 = DIRECTION('',(1.110223024625E-16,1.,0.));
#351 = DEFINITIONAL_REPRESENTATION('',(#352),#355);
#352 = B_SPLINE_CURVE_WITH_KNOTS('',1,(#353,#354),.UNSPECIFIED.,.F.,.F.,
  (2,2),(-1.361681491771E+04,-1.359939654341E+04),
  .PIECEWISE_BEZIER_KNOTS.);
#353 = CARTESIAN_POINT('',(-2.706457928133,-1.361681491771E+04));
#354 = CARTESIAN_POINT('',(-2.706457928133,-1.359939654341E+04));
#355 = ( GEOMETRIC_REPRESENTATION_CONTEXT(2) 
PARAMETRIC_REPRESENTATION_CONTEXT() REPRESENTATION_CONTEXT('2D SPACE',''
  ) );
#356 = ORIENTED_EDGE('',*,*,#357,.F.);
#357 = EDGE_CURVE('',#358,#332,#360,.T.);
#358 = VERTEX_POINT('',#359);
#359 = CARTESIAN_POINT('',(62.614183081084,10.178315961231,
    -122.1601819037));
#360 = SURFACE_CURVE('',#361,(#366,#372),.PCURVE_S1.);
#361 = CIRCLE('',#362,20.41215859584);
#362 = AXIS2_PLACEMENT_3D('',#363,#364,#365);
#363 = CARTESIAN_POINT('',(44.920735063958,1.331017645947E-14,
    -122.1601819037));
#364 = DIRECTION('',(-0.,0.,1.));
#365 = DIRECTION('',(1.,-1.110223024625E-16,0.));
#366 = PCURVE('',#255,#367);
#367 = DEFINITIONAL_REPRESENTATION('',(#368),#371);
#368 = B_SPLINE_CURVE_WITH_KNOTS('',1,(#369,#370),.UNSPECIFIED.,.F.,.F.,
  (2,2),(0.522028935182,0.833202809502),.PIECEWISE_BEZIER_KNOTS.);
#369 = CARTESIAN_POINT('',(5.234417915566,2.177297435998));
#370 = CARTESIAN_POINT('',(5.545591789887,2.177297435998));
#371 = ( GEOMETRIC_REPRESENTATION_CONTEXT(2) 
PARAMETRIC_REPRESENTATION_CONTEXT() REPRESENTATION_CONTEXT('2D SPACE',''
  ) );
#372 = PCURVE('',#373,#378);
#373 = PLANE('',#374);
#374 = AXIS2_PLACEMENT_3D('',#375,#376,#377);
#375 = CARTESIAN_POINT('',(-1.344329758401E+04,-32.33285952727,
    -122.1601819037));
#376 = DIRECTION('',(0.,0.,1.));
#377 = DIRECTION('',(1.110223024625E-16,1.,0.));
#378 = DEFINITIONAL_REPRESENTATION('',(#379),#383);
#379 = CIRCLE('',#380,20.41215859584);
#380 = AXIS2_PLACEMENT_2D('',#381,#382);
#381 = CARTESIAN_POINT('',(32.332859527275,-1.348821831907E+04));
#382 = DIRECTION('',(0.,-1.));
#383 = ( GEOMETRIC_REPRESENTATION_CONTEXT(2) 
PARAMETRIC_REPRESENTATION_CONTEXT() REPRESENTATION_CONTEXT('2D SPACE',''
  ) );
#384 = ORIENTED_EDGE('',*,*,#385,.T.);
#385 = EDGE_CURVE('',#358,#386,#388,.T.);
#386 = VERTEX_POINT('',#387);
#387 = CARTESIAN_POINT('',(62.614183081094,10.178315961231,
    -121.9469489937));
#388 = SURFACE_CURVE('',#389,(#393,#399),.PCURVE_S1.);
#389 = LINE('',#390,#391);
#390 = CARTESIAN_POINT('',(62.614183081094,10.178315961231,
    -124.3374793397));
#391 = VECTOR('',#392,1.);
#392 = DIRECTION('',(0.,0.,1.));
#393 = PCURVE('',#255,#394);
#394 = DEFINITIONAL_REPRESENTATION('',(#395),#398);
#395 = B_SPLINE_CURVE_WITH_KNOTS('',1,(#396,#397),.UNSPECIFIED.,.F.,.F.,
  (2,2),(2.177297435998,2.390530346009),.PIECEWISE_BEZIER_KNOTS.);
#396 = CARTESIAN_POINT('',(5.234417915566,2.177297435998));
#397 = CARTESIAN_POINT('',(5.234417915566,2.390530346009));
#398 = ( GEOMETRIC_REPRESENTATION_CONTEXT(2) 
PARAMETRIC_REPRESENTATION_CONTEXT() REPRESENTATION_CONTEXT('2D SPACE',''
  ) );
#399 = PCURVE('',#400,#405);
#400 = PLANE('',#401);
#401 = AXIS2_PLACEMENT_3D('',#402,#403,#404);
#402 = CARTESIAN_POINT('',(32.557564654985,11.509508299679,
    -1.372155672532E+04));
#403 = DIRECTION('',(4.424611681352E-02,0.999020661021,
    1.223447454801E-16));
#404 = DIRECTION('',(0.999020661021,-4.424611681352E-02,
    -5.418586533038E-18));
#405 = DEFINITIONAL_REPRESENTATION('',(#406),#410);
#406 = LINE('',#407,#408);
#407 = CARTESIAN_POINT('',(30.086082899817,-1.359721924598E+04));
#408 = VECTOR('',#409,1.);
#409 = DIRECTION('',(-5.418586533038E-18,-1.));
#410 = ( GEOMETRIC_REPRESENTATION_CONTEXT(2) 
PARAMETRIC_REPRESENTATION_CONTEXT() REPRESENTATION_CONTEXT('2D SPACE',''
  ) );
#411 = ORIENTED_EDGE('',*,*,#412,.T.);
#412 = EDGE_CURVE('',#386,#413,#415,.T.);
#413 = VERTEX_POINT('',#414);
#414 = CARTESIAN_POINT('',(63.88967841789,7.538926089109,-116.4419258683
    ));
#415 = SURFACE_CURVE('',#416,(#433,#453),.PCURVE_S1.);
#416 = B_SPLINE_CURVE_WITH_KNOTS('',8,(#417,#418,#419,#420,#421,#422,
    #423,#424,#425,#426,#427,#428,#429,#430,#431,#432),.UNSPECIFIED.,.F.
  ,.F.,(9,7,9),(0.,0.430343372683,1.),.UNSPECIFIED.);
#417 = CARTESIAN_POINT('',(62.614183081094,10.178315961231,
    -121.9469489937));
#418 = CARTESIAN_POINT('',(62.614183102227,10.178315924495,
    -121.5126720894));
#419 = CARTESIAN_POINT('',(62.630159057731,10.150541078963,
    -121.0799582563));
#420 = CARTESIAN_POINT('',(62.662057977639,10.095103330146,
    -120.6597328633));
#421 = CARTESIAN_POINT('',(62.707737108376,10.015104981823,
    -120.2583887336));
#422 = CARTESIAN_POINT('',(62.764411419666,9.914368929867,
    -119.8792475128));
#423 = CARTESIAN_POINT('',(62.8294445046,9.796505185384,-119.5234697854)
  );
#424 = CARTESIAN_POINT('',(62.900710484977,9.664537521845,
    -119.1906177023));
#425 = CARTESIAN_POINT('',(63.077416004123,9.329401697493,
    -118.4666752838));
#426 = CARTESIAN_POINT('',(63.186537133733,9.116853221623,
    -118.0912569621));
#427 = CARTESIAN_POINT('',(63.300993256951,8.886501820913,
    -117.7483060725));
#428 = CARTESIAN_POINT('',(63.418525167177,8.640924071079,
    -117.4352890116));
#429 = CARTESIAN_POINT('',(63.537326811498,8.382202026825,
    -117.1498857413));
#430 = CARTESIAN_POINT('',(63.656068387828,8.111786204969,-116.890249708
    ));
#431 = CARTESIAN_POINT('',(63.773755755859,7.830602959625,
    -116.6547045576));
#432 = CARTESIAN_POINT('',(63.88967841789,7.538926089109,-116.4419258683
    ));
#433 = PCURVE('',#255,#434);
#434 = DEFINITIONAL_REPRESENTATION('',(#435),#452);
#435 = B_SPLINE_CURVE_WITH_KNOTS('',8,(#436,#437,#438,#439,#440,#441,
    #442,#443,#444,#445,#446,#447,#448,#449,#450,#451),.UNSPECIFIED.,.F.
  ,.F.,(9,7,9),(0.,0.430343372683,1.),.UNSPECIFIED.);
#436 = CARTESIAN_POINT('',(5.234417915566,2.390530346011));
#437 = CARTESIAN_POINT('',(5.23441791349,2.824807250325));
#438 = CARTESIAN_POINT('',(5.232848180455,3.257521083415));
#439 = CARTESIAN_POINT('',(5.229714732011,3.677746476466));
#440 = CARTESIAN_POINT('',(5.225201732894,4.079090606158));
#441 = CARTESIAN_POINT('',(5.219539457356,4.458231826947));
#442 = CARTESIAN_POINT('',(5.212945060216,4.814009554325));
#443 = CARTESIAN_POINT('',(5.205597783955,5.146861637446));
#444 = CARTESIAN_POINT('',(5.18703689212,5.870804055921));
#445 = CARTESIAN_POINT('',(5.175332646168,6.246222377672));
#446 = CARTESIAN_POINT('',(5.162733199021,6.589173267188));
#447 = CARTESIAN_POINT('',(5.149398408633,6.902190328101));
#448 = CARTESIAN_POINT('',(5.135454820782,7.187593598387));
#449 = CARTESIAN_POINT('',(5.120989670234,7.44722963168));
#450 = CARTESIAN_POINT('',(5.106058930958,7.682774782146));
#451 = CARTESIAN_POINT('',(5.090682382786,7.895553471415));
#452 = ( GEOMETRIC_REPRESENTATION_CONTEXT(2) 
PARAMETRIC_REPRESENTATION_CONTEXT() REPRESENTATION_CONTEXT('2D SPACE',''
  ) );
#453 = PCURVE('',#454,#482);
#454 = ( BOUNDED_SURFACE() B_SPLINE_SURFACE(2,8,(
    (#455,#456,#457,#458,#459,#460,#461,#462,#463)
    ,(#464,#465,#466,#467,#468,#469,#470,#471,#472)
    ,(#473,#474,#475,#476,#477,#478,#479,#480,#481
)),.UNSPECIFIED.,.F.,.F.,.F.) B_SPLINE_SURFACE_WITH_KNOTS((3,3),(9,9),(
    0.,1.483444753801),(8.507251221652E-17,1.483444753801),
.PIECEWISE_BEZIER_KNOTS.) GEOMETRIC_REPRESENTATION_ITEM() 
RATIONAL_B_SPLINE_SURFACE((
    (1.,1.,1.,1.,1.,1.,1.,1.,1.)
    ,(0.691347326967,0.691602628477,0.692468495683,0.693933930984
      ,0.695961361136,0.698469051408,0.701277310536,0.704209018434
      ,0.707106781187)
,(1.,1.,1.,1.,1.,1.,1.,1.,1.))) REPRESENTATION_ITEM('') SURFACE() );
#455 = CARTESIAN_POINT('',(61.178006525922,10.241923490188,
    -127.8459992276));
#456 = CARTESIAN_POINT('',(61.223895331287,10.239891098345,
    -127.3214877668));
#457 = CARTESIAN_POINT('',(60.980645367609,10.25066451548,
    -126.7715074978));
#458 = CARTESIAN_POINT('',(60.604806490282,10.267310228145,
    -125.939078613));
#459 = CARTESIAN_POINT('',(60.411981619757,10.275850343559,
    -124.7351871199));
#460 = CARTESIAN_POINT('',(60.724510295511,10.262008607512,
    -123.3631203593));
#461 = CARTESIAN_POINT('',(61.588703027917,10.223733951062,
    -122.2093899746));
#462 = CARTESIAN_POINT('',(62.796270853228,10.170251386442,
    -121.5750335909));
#463 = CARTESIAN_POINT('',(64.003849739319,10.116768331947,
    -121.5750335909));
#464 = CARTESIAN_POINT('',(50.845846095181,10.699529619062,
    -126.9402792015));
#465 = CARTESIAN_POINT('',(51.066745839344,10.689746081778,
    -124.4995329507));
#466 = CARTESIAN_POINT('',(51.814850699608,10.656612898124,
    -122.1122045949));
#467 = CARTESIAN_POINT('',(53.074296414407,10.600832688173,
    -119.9116737799));
#468 = CARTESIAN_POINT('',(54.789377617953,10.524872614235,
    -118.0255096177));
#469 = CARTESIAN_POINT('',(56.864894785296,10.432949014836,
    -116.5599954603));
#470 = CARTESIAN_POINT('',(59.179492438864,10.330436662337,
    -115.5838127915));
#471 = CARTESIAN_POINT('',(61.601609069264,10.223162349056,
    -115.1265876874));
#472 = CARTESIAN_POINT('',(64.003849739319,10.116768331947,
    -115.1792241571));
#473 = CARTESIAN_POINT('',(50.84235336427,0.317734719891,-126.9802012996
    ));
#474 = CARTESIAN_POINT('',(51.048632727305,0.315619012949,
    -124.6224173222));
#475 = CARTESIAN_POINT('',(51.748375172186,0.704633814028,
    -122.3060593948));
#476 = CARTESIAN_POINT('',(52.933567784128,1.351619848447,
    -120.1382764491));
#477 = CARTESIAN_POINT('',(54.576145769221,2.117559556866,
    -118.2291302367));
#478 = CARTESIAN_POINT('',(56.616658614912,2.861940552718,
    -116.7120957581));
#479 = CARTESIAN_POINT('',(58.914608950796,3.455308697834,
    -115.6862863577));
#480 = CARTESIAN_POINT('',(61.326144438068,3.780811147265,
    -115.1792241571));
#481 = CARTESIAN_POINT('',(63.720860007994,3.727222563618,
    -115.1792241571));
#482 = DEFINITIONAL_REPRESENTATION('',(#483),#500);
#483 = B_SPLINE_CURVE_WITH_KNOTS('',8,(#484,#485,#486,#487,#488,#489,
    #490,#491,#492,#493,#494,#495,#496,#497,#498,#499),.UNSPECIFIED.,.F.
  ,.F.,(9,7,9),(0.,0.430343372683,1.),.UNSPECIFIED.);
#484 = CARTESIAN_POINT('',(0.,1.260890769279));
#485 = CARTESIAN_POINT('',(6.244734929225E-02,1.276100429564));
#486 = CARTESIAN_POINT('',(0.123393981407,1.291579251463));
#487 = CARTESIAN_POINT('',(0.181938564856,1.306902515371));
#488 = CARTESIAN_POINT('',(0.237869988889,1.321809996506));
#489 = CARTESIAN_POINT('',(0.291192020141,1.336152309605));
#490 = CARTESIAN_POINT('',(0.342007071306,1.349858485257));
#491 = CARTESIAN_POINT('',(0.390550419858,1.362918837914));
#492 = CARTESIAN_POINT('',(0.498872745689,1.391868622058));
#493 = CARTESIAN_POINT('',(0.55725655878,1.407319395371));
#494 = CARTESIAN_POINT('',(0.613246697798,1.421862557059));
#495 = CARTESIAN_POINT('',(0.667349805937,1.435573703784));
#496 = CARTESIAN_POINT('',(0.720005146177,1.44852488878));
#497 = CARTESIAN_POINT('',(0.771566493371,1.460778601271));
#498 = CARTESIAN_POINT('',(0.822389486326,1.47239797624));
#499 = CARTESIAN_POINT('',(0.872853309675,1.483444753801));
#500 = ( GEOMETRIC_REPRESENTATION_CONTEXT(2) 
PARAMETRIC_REPRESENTATION_CONTEXT() REPRESENTATION_CONTEXT('2D SPACE',''
  ) );
#501 = ORIENTED_EDGE('',*,*,#502,.T.);
#502 = EDGE_CURVE('',#413,#503,#505,.T.);
#503 = VERTEX_POINT('',#504);
#504 = CARTESIAN_POINT('',(65.000156985256,3.670563151362,
    -115.1792241571));
#505 = SURFACE_CURVE('',#506,(#521,#539),.PCURVE_S1.);
#506 = B_SPLINE_CURVE_WITH_KNOTS('',7,(#507,#508,#509,#510,#511,#512,
    #513,#514,#515,#516,#517,#518,#519,#520),.UNSPECIFIED.,.F.,.F.,(8,6,
    8),(0.,0.599351370714,1.),.UNSPECIFIED.);
#507 = CARTESIAN_POINT('',(63.88967841789,7.538926089109,-116.4419258683
    ));
#508 = CARTESIAN_POINT('',(63.978077368603,7.316502541128,
    -116.2796675841));
#509 = CARTESIAN_POINT('',(64.068854000353,7.079234064756,
    -116.1232746151));
#510 = CARTESIAN_POINT('',(64.162066893849,6.824996169086,
    -115.9730501647));
#511 = CARTESIAN_POINT('',(64.25760005259,6.551562971376,-115.8299669999
    ));
#512 = CARTESIAN_POINT('',(64.355112311841,6.256241734529,
    -115.6958628142));
#513 = CARTESIAN_POINT('',(64.454001098931,5.936320482133,
    -115.5732008266));
#514 = CARTESIAN_POINT('',(64.620012807706,5.35291816575,-115.3947317565
    ));
#515 = CARTESIAN_POINT('',(64.686719163637,5.106163718469,
    -115.3303287947));
#516 = CARTESIAN_POINT('',(64.75337032105,4.844975105573,-115.2742882774
    ));
#517 = CARTESIAN_POINT('',(64.81927217286,4.568900667826,-115.2286919459
    ));
#518 = CARTESIAN_POINT('',(64.883324034222,4.278784314766,
    -115.1960756777));
#519 = CARTESIAN_POINT('',(64.944087998617,3.977282526416,
    -115.1792241576));
#520 = CARTESIAN_POINT('',(65.000156985263,3.670563151352,
    -115.1792241571));
#521 = PCURVE('',#255,#522);
#522 = DEFINITIONAL_REPRESENTATION('',(#523),#538);
#523 = B_SPLINE_CURVE_WITH_KNOTS('',7,(#524,#525,#526,#527,#528,#529,
    #530,#531,#532,#533,#534,#535,#536,#537),.UNSPECIFIED.,.F.,.F.,(8,6,
    8),(0.,0.599351370714,1.),.UNSPECIFIED.);
#524 = CARTESIAN_POINT('',(5.090682382786,7.895553471415));
#525 = CARTESIAN_POINT('',(5.078956713948,8.057811755593));
#526 = CARTESIAN_POINT('',(5.066512193036,8.214204724641));
#527 = CARTESIAN_POINT('',(5.053248345894,8.364429175005));
#528 = CARTESIAN_POINT('',(5.039062048594,8.507512339867));
#529 = CARTESIAN_POINT('',(5.023829899142,8.64161652548));
#530 = CARTESIAN_POINT('',(5.00742932999,8.764278513094));
#531 = CARTESIAN_POINT('',(4.977713581593,8.942747583251));
#532 = CARTESIAN_POINT('',(4.965192134093,9.007150545073));
#533 = CARTESIAN_POINT('',(4.951988554081,9.063191062342));
#534 = CARTESIAN_POINT('',(4.938086746423,9.108787393874));
#535 = CARTESIAN_POINT('',(4.923535407301,9.141403662068));
#536 = CARTESIAN_POINT('',(4.908470184883,9.158255182079));
#537 = CARTESIAN_POINT('',(4.893194875848,9.158255182622));
#538 = ( GEOMETRIC_REPRESENTATION_CONTEXT(2) 
PARAMETRIC_REPRESENTATION_CONTEXT() REPRESENTATION_CONTEXT('2D SPACE',''
  ) );
#539 = PCURVE('',#540,#547);
#540 = ( BOUNDED_SURFACE() B_SPLINE_SURFACE(2,1,(
    (#541,#542)
    ,(#543,#544)
,(#545,#546
    )),.UNSPECIFIED.,.F.,.F.,.F.) B_SPLINE_SURFACE_WITH_KNOTS((3,3),(2,2
    ),(0.,79.158389567628),(-3.091272777704,76.067116789924),
.PIECEWISE_BEZIER_KNOTS.) GEOMETRIC_REPRESENTATION_ITEM() 
RATIONAL_B_SPLINE_SURFACE((
    (1.,1.)
    ,(0.707106781187,0.707106781187)
,(1.,1.))) REPRESENTATION_ITEM('') SURFACE() );
#541 = CARTESIAN_POINT('',(47.389298364426,4.450539119945,
    -115.1792241571));
#542 = CARTESIAN_POINT('',(155.00337785704,-0.3156337109,-115.1792241571
    ));
#543 = CARTESIAN_POINT('',(47.672288095751,10.840084888273,
    -115.1792241571));
#544 = CARTESIAN_POINT('',(155.28636758837,6.073912057429,
    -115.1792241571));
#545 = CARTESIAN_POINT('',(47.672288095751,10.840084888273,
    -121.5750335909));
#546 = CARTESIAN_POINT('',(155.28636758837,6.073912057429,
    -121.5750335909));
#547 = DEFINITIONAL_REPRESENTATION('',(#548),#563);
#548 = B_SPLINE_CURVE_WITH_KNOTS('',7,(#549,#550,#551,#552,#553,#554,
    #555,#556,#557,#558,#559,#560,#561,#562),.UNSPECIFIED.,.F.,.F.,(8,6,
    8),(0.,0.599351370714,1.),.UNSPECIFIED.);
#549 = CARTESIAN_POINT('',(32.581891086243,8.921840422023));
#550 = CARTESIAN_POINT('',(30.539223916298,8.993969312262));
#551 = CARTESIAN_POINT('',(28.426684689841,9.068326420725));
#552 = CARTESIAN_POINT('',(26.22275815059,9.14502383047));
#553 = CARTESIAN_POINT('',(23.906065531595,9.224048757767));
#554 = CARTESIAN_POINT('',(21.448908352026,9.305238294228));
#555 = CARTESIAN_POINT('',(18.820969651493,9.388238247923));
#556 = CARTESIAN_POINT('',(14.045117328756,9.529082549013));
#557 = CARTESIAN_POINT('',(12.029133135514,9.58607722221));
#558 = CARTESIAN_POINT('',(9.892574347784,9.64350069228));
#559 = CARTESIAN_POINT('',(7.622108652865,9.700858075391));
#560 = CARTESIAN_POINT('',(5.211342812347,9.75731387934));
#561 = CARTESIAN_POINT('',(2.659938917796,9.811726110321));
#562 = CARTESIAN_POINT('',(0.,9.862861234326));
#563 = ( GEOMETRIC_REPRESENTATION_CONTEXT(2) 
PARAMETRIC_REPRESENTATION_CONTEXT() REPRESENTATION_CONTEXT('2D SPACE',''
  ) );
#564 = ORIENTED_EDGE('',*,*,#565,.F.);
#565 = EDGE_CURVE('',#566,#503,#568,.T.);
#566 = VERTEX_POINT('',#567);
#567 = CARTESIAN_POINT('',(65.023562923817,-3.540131435208,
    -115.1792241571));
#568 = SURFACE_CURVE('',#569,(#574,#580),.PCURVE_S1.);
#569 = CIRCLE('',#570,20.41215859584);
#570 = AXIS2_PLACEMENT_3D('',#571,#572,#573);
#571 = CARTESIAN_POINT('',(44.920735063958,1.331017645947E-14,
    -115.1792241571));
#572 = DIRECTION('',(-0.,0.,1.));
#573 = DIRECTION('',(1.,-1.110223024625E-16,0.));
#574 = PCURVE('',#255,#575);
#575 = DEFINITIONAL_REPRESENTATION('',(#576),#579);
#576 = B_SPLINE_CURVE_WITH_KNOTS('',1,(#577,#578),.UNSPECIFIED.,.F.,.F.,
  (2,2),(6.108871395553,6.463991202644),.PIECEWISE_BEZIER_KNOTS.);
#577 = CARTESIAN_POINT('',(4.538075068758,9.158255182622));
#578 = CARTESIAN_POINT('',(4.893194875849,9.158255182622));
#579 = ( GEOMETRIC_REPRESENTATION_CONTEXT(2) 
PARAMETRIC_REPRESENTATION_CONTEXT() REPRESENTATION_CONTEXT('2D SPACE',''
  ) );
#580 = PCURVE('',#581,#586);
#581 = PLANE('',#582);
#582 = AXIS2_PLACEMENT_3D('',#583,#584,#585);
#583 = CARTESIAN_POINT('',(151.08385063153,-1.360810573056E+04,
    -115.1792241571));
#584 = DIRECTION('',(-1.359631073447E-32,-1.224646799147E-16,1.));
#585 = DIRECTION('',(-1.,1.110223024625E-16,0.));
#586 = DEFINITIONAL_REPRESENTATION('',(#587),#591);
#587 = CIRCLE('',#588,20.41215859584);
#588 = AXIS2_PLACEMENT_2D('',#589,#590);
#589 = CARTESIAN_POINT('',(106.16311556758,-1.360810573056E+04));
#590 = DIRECTION('',(-1.,0.));
#591 = ( GEOMETRIC_REPRESENTATION_CONTEXT(2) 
PARAMETRIC_REPRESENTATION_CONTEXT() REPRESENTATION_CONTEXT('2D SPACE',''
  ) );
#592 = ORIENTED_EDGE('',*,*,#593,.F.);
#593 = EDGE_CURVE('',#594,#566,#596,.T.);
#594 = VERTEX_POINT('',#595);
#595 = CARTESIAN_POINT('',(63.894882136206,-7.525819651204,
    -116.4974850891));
#596 = SURFACE_CURVE('',#597,(#612,#630),.PCURVE_S1.);
#597 = B_SPLINE_CURVE_WITH_KNOTS('',7,(#598,#599,#600,#601,#602,#603,
    #604,#605,#606,#607,#608,#609,#610,#611),.UNSPECIFIED.,.F.,.F.,(8,6,
    8),(0.,0.594444323964,1.),.UNSPECIFIED.);
#598 = CARTESIAN_POINT('',(63.894882136206,-7.525819651204,
    -116.4974850891));
#599 = CARTESIAN_POINT('',(63.98462520257,-7.299558829269,
    -116.3297368866));
#600 = CARTESIAN_POINT('',(64.076732108754,-7.058156573672,
    -116.1679913691));
#601 = CARTESIAN_POINT('',(64.171233535026,-6.79948382236,
    -116.0125512111));
#602 = CARTESIAN_POINT('',(64.267986518366,-6.521297858213,
    -115.8643859537));
#603 = CARTESIAN_POINT('',(64.366620274082,-6.220863735356,
    -115.7253291183));
#604 = CARTESIAN_POINT('',(64.466503270023,-5.895405387583,
    -115.5978381165));
#605 = CARTESIAN_POINT('',(64.635263809957,-5.296902414633,
    -115.4099961706));
#606 = CARTESIAN_POINT('',(64.703821474116,-5.040370346636,
    -115.3412824265));
#607 = CARTESIAN_POINT('',(64.772235619955,-4.768408826119,
    -115.2813553907));
#608 = CARTESIAN_POINT('',(64.839755771639,-4.480427929181,
    -115.232466097));
#609 = CARTESIAN_POINT('',(64.905185804753,-4.177233327212,
    -115.1973852118));
#610 = CARTESIAN_POINT('',(64.966955290837,-3.861580940199,
    -115.1792241577));
#611 = CARTESIAN_POINT('',(65.023562923817,-3.540131435208,
    -115.1792241571));
#612 = PCURVE('',#255,#613);
#613 = DEFINITIONAL_REPRESENTATION('',(#614),#629);
#614 = B_SPLINE_CURVE_WITH_KNOTS('',7,(#615,#616,#617,#618,#619,#620,
    #621,#622,#623,#624,#625,#626,#627,#628),.UNSPECIFIED.,.F.,.F.,(8,6,
    8),(0.,0.594444323964,1.),.UNSPECIFIED.);
#615 = CARTESIAN_POINT('',(4.334786425104,7.839994250608));
#616 = CARTESIAN_POINT('',(4.346711115108,8.007742453171));
#617 = CARTESIAN_POINT('',(4.359368019805,8.169487970618));
#618 = CARTESIAN_POINT('',(4.372857482612,8.324928128644));
#619 = CARTESIAN_POINT('',(4.387283139109,8.473093385999));
#620 = CARTESIAN_POINT('',(4.402770187101,8.612150221461));
#621 = CARTESIAN_POINT('',(4.419444126013,8.739641223201));
#622 = CARTESIAN_POINT('',(4.449908359142,8.927483169134));
#623 = CARTESIAN_POINT('',(4.462915814001,8.996196913258));
#624 = CARTESIAN_POINT('',(4.47665194233,9.05612394901));
#625 = CARTESIAN_POINT('',(4.491139232302,9.105013242761));
#626 = CARTESIAN_POINT('',(4.506330387326,9.140094127886));
#627 = CARTESIAN_POINT('',(4.522084805733,9.158255182053));
#628 = CARTESIAN_POINT('',(4.538075068758,9.158255182622));
#629 = ( GEOMETRIC_REPRESENTATION_CONTEXT(2) 
PARAMETRIC_REPRESENTATION_CONTEXT() REPRESENTATION_CONTEXT('2D SPACE',''
  ) );
#630 = PCURVE('',#631,#656);
#631 = ( BOUNDED_SURFACE() B_SPLINE_SURFACE(2,3,(
    (#632,#633,#634,#635,#636,#637,#638,#639)
    ,(#640,#641,#642,#643,#644,#645,#646,#647)
    ,(#648,#649,#650,#651,#652,#653,#654,#655
)),.UNSPECIFIED.,.F.,.F.,.F.) B_SPLINE_SURFACE_WITH_KNOTS((3,3),(4,2,2,4
    ),(0.,79.167147043637),(-3.100030253713,0.,72.975844012219,
76.067116789924),.UNSPECIFIED.) GEOMETRIC_REPRESENTATION_ITEM() 
RATIONAL_B_SPLINE_SURFACE((
    (1.,1.,1.,1.,1.,1.,1.,1.)
    ,(0.707106781187,0.707106781187,0.707106781187,0.707106781187
      ,0.707106781187,0.707106781187,0.707106781187,0.707106781187)
,(1.,1.,1.,1.,1.,1.,1.,1.))) REPRESENTATION_ITEM('') SURFACE() );
#632 = CARTESIAN_POINT('',(47.660382500848,-10.84061218101,
    -121.7111151673));
#633 = CARTESIAN_POINT('',(49.065190018093,-10.77839397078,
    -121.7111151673));
#634 = CARTESIAN_POINT('',(50.469997535336,-10.71617576055,
    -121.7111151673));
#635 = CARTESIAN_POINT('',(84.944486912234,-9.189318165342,
    -121.7111151673));
#636 = CARTESIAN_POINT('',(118.01416877188,-7.724678780354,
    -121.5750335909));
#637 = CARTESIAN_POINT('',(152.48468961715,-6.197996949386,
    -121.5750335909));
#638 = CARTESIAN_POINT('',(153.88552860276,-6.135954503406,
    -121.5750335909));
#639 = CARTESIAN_POINT('',(155.28636758837,-6.073912057426,
    -121.5750335909));
#640 = CARTESIAN_POINT('',(47.660382500848,-10.84061218101,
    -115.1792241571));
#641 = CARTESIAN_POINT('',(49.065190018093,-10.77839397078,
    -115.1792241571));
#642 = CARTESIAN_POINT('',(50.469997535336,-10.71617576055,
    -115.1792241571));
#643 = CARTESIAN_POINT('',(84.944486912234,-9.189318165342,
    -115.1792241571));
#644 = CARTESIAN_POINT('',(118.01416877188,-7.724678780355,
    -115.1792241571));
#645 = CARTESIAN_POINT('',(152.48468961715,-6.197996949387,
    -115.1792241571));
#646 = CARTESIAN_POINT('',(153.88552860276,-6.135954503406,
    -115.1792241571));
#647 = CARTESIAN_POINT('',(155.28636758837,-6.073912057426,
    -115.1792241571));
#648 = CARTESIAN_POINT('',(47.371371688197,-4.315118106261,
    -115.1792241571));
#649 = CARTESIAN_POINT('',(48.776179205441,-4.252899896034,
    -115.1792241571));
#650 = CARTESIAN_POINT('',(50.180986722685,-4.190681685806,
    -115.1792241571));
#651 = CARTESIAN_POINT('',(84.655476099582,-2.663824090591,
    -115.1792241571));
#652 = CARTESIAN_POINT('',(117.73117904056,-1.335133012027,
    -115.1792241571));
#653 = CARTESIAN_POINT('',(152.20169988582,0.191548818941,
    -115.1792241571));
#654 = CARTESIAN_POINT('',(153.60253887143,0.253591264922,
    -115.1792241571));
#655 = CARTESIAN_POINT('',(155.00337785704,0.315633710903,
    -115.1792241571));
#656 = DEFINITIONAL_REPRESENTATION('',(#657),#672);
#657 = B_SPLINE_CURVE_WITH_KNOTS('',7,(#658,#659,#660,#661,#662,#663,
    #664,#665,#666,#667,#668,#669,#670,#671),.UNSPECIFIED.,.F.,.F.,(8,6,
    8),(0.,0.594444323964,1.),.UNSPECIFIED.);
#658 = CARTESIAN_POINT('',(46.215921731554,8.926086811056));
#659 = CARTESIAN_POINT('',(48.263450934066,8.999327232767));
#660 = CARTESIAN_POINT('',(50.379670755519,9.074795352088));
#661 = CARTESIAN_POINT('',(52.585839595114,9.152582917976));
#662 = CARTESIAN_POINT('',(54.903132284616,9.232657896959));
#663 = CARTESIAN_POINT('',(57.359078548873,9.314837007956));
#664 = CARTESIAN_POINT('',(59.983883867947,9.398746882676));
#665 = CARTESIAN_POINT('',(64.790413884042,9.542100191709));
#666 = CARTESIAN_POINT('',(66.845471864669,9.600771892527));
#667 = CARTESIAN_POINT('',(69.025940470918,9.659839912718));
#668 = CARTESIAN_POINT('',(71.346634625462,9.718772481704));
#669 = CARTESIAN_POINT('',(73.815053869829,9.776665284911));
#670 = CARTESIAN_POINT('',(76.432987371758,9.8322758061));
#671 = CARTESIAN_POINT('',(79.167147043637,9.884285313277));
#672 = ( GEOMETRIC_REPRESENTATION_CONTEXT(2) 
PARAMETRIC_REPRESENTATION_CONTEXT() REPRESENTATION_CONTEXT('2D SPACE',''
  ) );
#673 = ORIENTED_EDGE('',*,*,#674,.F.);
#674 = EDGE_CURVE('',#675,#594,#677,.T.);
#675 = VERTEX_POINT('',#676);
#676 = CARTESIAN_POINT('',(62.614183081096,-10.17831596122,
    -122.0846633065));
#677 = SURFACE_CURVE('',#678,(#693,#711),.PCURVE_S1.);
#678 = B_SPLINE_CURVE_WITH_KNOTS('',7,(#679,#680,#681,#682,#683,#684,
    #685,#686,#687,#688,#689,#690,#691,#692),.UNSPECIFIED.,.F.,.F.,(8,6,
    8),(0.,0.434945176506,1.),.UNSPECIFIED.);
#679 = CARTESIAN_POINT('',(62.614183081096,-10.17831596122,
    -122.0846633065));
#680 = CARTESIAN_POINT('',(62.614183105419,-10.17831591894,
    -121.5788221159));
#681 = CARTESIAN_POINT('',(62.635715931452,-10.14087984488,
    -121.0740052822));
#682 = CARTESIAN_POINT('',(62.679005621565,-10.0656532129,
    -120.5888123408));
#683 = CARTESIAN_POINT('',(62.739706153538,-9.958900961988,
    -120.1321340512));
#684 = CARTESIAN_POINT('',(62.813085271223,-9.826860129687,
    -119.7074290182));
#685 = CARTESIAN_POINT('',(62.895331657256,-9.675036553446,
    -119.3145885641));
#686 = CARTESIAN_POINT('',(63.099164368656,-9.287738433443,
    -118.4787911047));
#687 = CARTESIAN_POINT('',(63.22535175544,-9.040466880576,
    -118.0551972453));
#688 = CARTESIAN_POINT('',(63.357674996882,-8.770722944061,
    -117.6733140669));
#689 = CARTESIAN_POINT('',(63.492884864064,-8.48212919512,
    -117.3296785987));
#690 = CARTESIAN_POINT('',(63.628498138605,-8.177556357054,
    -117.0208406693));
#691 = CARTESIAN_POINT('',(63.762878591169,-7.858627869536,
    -116.7441618379));
#692 = CARTESIAN_POINT('',(63.894882136206,-7.525819651204,
    -116.4974850891));
#693 = PCURVE('',#255,#694);
#694 = DEFINITIONAL_REPRESENTATION('',(#695),#710);
#695 = B_SPLINE_CURVE_WITH_KNOTS('',7,(#696,#697,#698,#699,#700,#701,
    #702,#703,#704,#705,#706,#707,#708,#709),.UNSPECIFIED.,.F.,.F.,(8,6,
    8),(0.,0.434945176506,1.),.UNSPECIFIED.);
#696 = CARTESIAN_POINT('',(4.190360045203,2.252816033216));
#697 = CARTESIAN_POINT('',(4.190360047593,2.75865722378));
#698 = CARTESIAN_POINT('',(4.192475792278,3.263474057571));
#699 = CARTESIAN_POINT('',(4.196727859824,3.748666998895));
#700 = CARTESIAN_POINT('',(4.202743858688,4.205345288537));
#701 = CARTESIAN_POINT('',(4.210143724082,4.630050321505));
#702 = CARTESIAN_POINT('',(4.218602290466,5.022890775667));
#703 = CARTESIAN_POINT('',(4.24004350748,5.858688235034));
#704 = CARTESIAN_POINT('',(4.253642583565,6.282282094407));
#705 = CARTESIAN_POINT('',(4.268358801916,6.664165272838));
#706 = CARTESIAN_POINT('',(4.28396709778,7.007800741029));
#707 = CARTESIAN_POINT('',(4.300295385388,7.316638670388));
#708 = CARTESIAN_POINT('',(4.317246336586,7.59331750184));
#709 = CARTESIAN_POINT('',(4.334786425104,7.839994250608));
#710 = ( GEOMETRIC_REPRESENTATION_CONTEXT(2) 
PARAMETRIC_REPRESENTATION_CONTEXT() REPRESENTATION_CONTEXT('2D SPACE',''
  ) );
#711 = PCURVE('',#712,#740);
#712 = ( BOUNDED_SURFACE() B_SPLINE_SURFACE(2,8,(
    (#713,#714,#715,#716,#717,#718,#719,#720,#721)
    ,(#722,#723,#724,#725,#726,#727,#728,#729,#730)
    ,(#731,#732,#733,#734,#735,#736,#737,#738,#739
)),.UNSPECIFIED.,.F.,.F.,.F.) B_SPLINE_SURFACE_WITH_KNOTS((3,3),(9,9),(
    0.,1.483444753801),(-1.308682296485E-15,1.483444753801),
.PIECEWISE_BEZIER_KNOTS.) GEOMETRIC_REPRESENTATION_ITEM() 
RATIONAL_B_SPLINE_SURFACE((
    (1.,1.,1.,1.,1.,1.,1.,1.,1.)
    ,(0.691347326967,0.691602744503,0.692469282521,0.693935819988
      ,0.695963850448,0.698470600622,0.701277718124,0.704208847573
      ,0.707106781187)
,(1.,1.,1.,1.,1.,1.,1.,1.,1.))) REPRESENTATION_ITEM('') SURFACE() );
#713 = CARTESIAN_POINT('',(61.178006525922,-10.24192349018,
    -127.8459992276));
#714 = CARTESIAN_POINT('',(61.223989076826,-10.2398869464,
    -127.3204162504));
#715 = CARTESIAN_POINT('',(60.995823145751,-10.2499922994,
    -126.7706832382));
#716 = CARTESIAN_POINT('',(60.644188191357,-10.26556603263,
    -125.9503691261));
#717 = CARTESIAN_POINT('',(60.472653901609,-10.27316319906,
    -124.7747924636));
#718 = CARTESIAN_POINT('',(60.790914622195,-10.25906759366,
    -123.4406509188));
#719 = CARTESIAN_POINT('',(61.642627376146,-10.22134566911,
    -122.3208000109));
#720 = CARTESIAN_POINT('',(62.826119755512,-10.16892939374,
    -121.7055054237));
#721 = CARTESIAN_POINT('',(64.009622611272,-10.11651265438,
    -121.7055054237));
#722 = CARTESIAN_POINT('',(50.845846095181,-10.69952961905,
    -126.9402792015));
#723 = CARTESIAN_POINT('',(51.066842833561,-10.68974178595,
    -124.4984625305));
#724 = CARTESIAN_POINT('',(51.815506412305,-10.65658385693,
    -122.1101106936));
#725 = CARTESIAN_POINT('',(53.075949816941,-10.60075945981,
    -119.9088338806));
#726 = CARTESIAN_POINT('',(54.792268612165,-10.52474457356,
    -118.0223837851));
#727 = CARTESIAN_POINT('',(56.869048065473,-10.43276506816,
    -116.5571252447));
#728 = CARTESIAN_POINT('',(59.184623507617,-10.33020940991,
    -115.5817071478));
#729 = CARTESIAN_POINT('',(61.607287227046,-10.22291086633,
    -115.1255107455));
#730 = CARTESIAN_POINT('',(64.009622611272,-10.11651265438,
    -115.1792241571));
#731 = CARTESIAN_POINT('',(50.84235336427,-0.317734719888,
    -126.9802012996));
#732 = CARTESIAN_POINT('',(51.048726473918,-0.315618051433,
    -124.6213457935));
#733 = CARTESIAN_POINT('',(51.749006859927,-0.690016967852,
    -122.3040156067));
#734 = CARTESIAN_POINT('',(52.935075543929,-1.312689604393,
    -120.1360028114));
#735 = CARTESIAN_POINT('',(54.5781698188,-2.049742934114,-118.2277953981
    ));
#736 = CARTESIAN_POINT('',(56.617935711157,-2.765905485882,
    -116.7118362896));
#737 = CARTESIAN_POINT('',(58.914946378541,-3.336546920093,
    -115.6863422143));
#738 = CARTESIAN_POINT('',(61.32600323788,-3.649144099846,
    -115.1792241571));
#739 = CARTESIAN_POINT('',(63.720860007994,-3.596622829445,
    -115.1792241571));
#740 = DEFINITIONAL_REPRESENTATION('',(#741),#756);
#741 = B_SPLINE_CURVE_WITH_KNOTS('',7,(#742,#743,#744,#745,#746,#747,
    #748,#749,#750,#751,#752,#753,#754,#755),.UNSPECIFIED.,.F.,.F.,(8,6,
    8),(0.,0.434945176506,1.),.UNSPECIFIED.);
#742 = CARTESIAN_POINT('',(0.,1.255068651176));
#743 = CARTESIAN_POINT('',(7.103660836485E-02,1.273630268057));
#744 = CARTESIAN_POINT('',(0.140388415893,1.292353398456));
#745 = CARTESIAN_POINT('',(0.206395254386,1.310595539002));
#746 = CARTESIAN_POINT('',(0.268936374333,1.328043131611));
#747 = CARTESIAN_POINT('',(0.328031183265,1.344549569144));
#748 = CARTESIAN_POINT('',(0.383989366667,1.36009524121));
#749 = CARTESIAN_POINT('',(0.506650665447,1.393814008377));
#750 = CARTESIAN_POINT('',(0.571679742761,1.411414209086));
#751 = CARTESIAN_POINT('',(0.633821801367,1.42779859143));
#752 = CARTESIAN_POINT('',(0.69373620297,1.443081518197));
#753 = CARTESIAN_POINT('',(0.752049474926,1.45738286261));
#754 = CARTESIAN_POINT('',(0.809274592167,1.470803286159));
#755 = CARTESIAN_POINT('',(0.866000218461,1.483444753801));
#756 = ( GEOMETRIC_REPRESENTATION_CONTEXT(2) 
PARAMETRIC_REPRESENTATION_CONTEXT() REPRESENTATION_CONTEXT('2D SPACE',''
  ) );
#757 = ORIENTED_EDGE('',*,*,#758,.F.);
#758 = EDGE_CURVE('',#759,#675,#761,.T.);
#759 = VERTEX_POINT('',#760);
#760 = CARTESIAN_POINT('',(62.6141830811,-10.17831596122,-122.1601819037
    ));
#761 = SURFACE_CURVE('',#762,(#766,#772),.PCURVE_S1.);
#762 = LINE('',#763,#764);
#763 = CARTESIAN_POINT('',(62.614183081096,-10.17831596122,
    -124.3374793397));
#764 = VECTOR('',#765,1.);
#765 = DIRECTION('',(0.,0.,1.));
#766 = PCURVE('',#255,#767);
#767 = DEFINITIONAL_REPRESENTATION('',(#768),#771);
#768 = B_SPLINE_CURVE_WITH_KNOTS('',1,(#769,#770),.UNSPECIFIED.,.F.,.F.,
  (2,2),(2.177297435998,2.252816033222),.PIECEWISE_BEZIER_KNOTS.);
#769 = CARTESIAN_POINT('',(4.190360045203,2.177297435998));
#770 = CARTESIAN_POINT('',(4.190360045203,2.252816033222));
#771 = ( GEOMETRIC_REPRESENTATION_CONTEXT(2) 
PARAMETRIC_REPRESENTATION_CONTEXT() REPRESENTATION_CONTEXT('2D SPACE',''
  ) );
#772 = PCURVE('',#773,#778);
#773 = PLANE('',#774);
#774 = AXIS2_PLACEMENT_3D('',#775,#776,#777);
#775 = CARTESIAN_POINT('',(32.557564654985,-11.50950829967,
    -1.372155672532E+04));
#776 = DIRECTION('',(-4.424611681352E-02,0.999020661021,
    1.223447454801E-16));
#777 = DIRECTION('',(0.999020661021,4.424611681352E-02,
    5.418586533038E-18));
#778 = DEFINITIONAL_REPRESENTATION('',(#779),#783);
#779 = LINE('',#780,#781);
#780 = CARTESIAN_POINT('',(30.086082899819,-1.359721924598E+04));
#781 = VECTOR('',#782,1.);
#782 = DIRECTION('',(5.418586533038E-18,-1.));
#783 = ( GEOMETRIC_REPRESENTATION_CONTEXT(2) 
PARAMETRIC_REPRESENTATION_CONTEXT() REPRESENTATION_CONTEXT('2D SPACE',''
  ) );
#784 = ORIENTED_EDGE('',*,*,#785,.F.);
#785 = EDGE_CURVE('',#786,#759,#788,.T.);
#786 = VERTEX_POINT('',#787);
#787 = CARTESIAN_POINT('',(58.648092348361,-15.10681569782,
    -122.1601819037));
#788 = SURFACE_CURVE('',#789,(#794,#800),.PCURVE_S1.);
#789 = CIRCLE('',#790,20.41215859584);
#790 = AXIS2_PLACEMENT_3D('',#791,#792,#793);
#791 = CARTESIAN_POINT('',(44.920735063958,1.331017645947E-14,
    -122.1601819037));
#792 = DIRECTION('',(-0.,0.,1.));
#793 = DIRECTION('',(1.,-1.110223024625E-16,0.));
#794 = PCURVE('',#255,#795);
#795 = DEFINITIONAL_REPRESENTATION('',(#796),#799);
#796 = B_SPLINE_CURVE_WITH_KNOTS('',1,(#797,#798),.UNSPECIFIED.,.F.,.F.,
  (2,2),(5.449982497678,5.761156371998),.PIECEWISE_BEZIER_KNOTS.);
#797 = CARTESIAN_POINT('',(3.879186170883,2.177297435998));
#798 = CARTESIAN_POINT('',(4.190360045204,2.177297435998));
#799 = ( GEOMETRIC_REPRESENTATION_CONTEXT(2) 
PARAMETRIC_REPRESENTATION_CONTEXT() REPRESENTATION_CONTEXT('2D SPACE',''
  ) );
#800 = PCURVE('',#801,#806);
#801 = PLANE('',#802);
#802 = AXIS2_PLACEMENT_3D('',#803,#804,#805);
#803 = CARTESIAN_POINT('',(-1.344329758401E+04,-32.33285952727,
    -122.1601819037));
#804 = DIRECTION('',(0.,0.,1.));
#805 = DIRECTION('',(1.110223024625E-16,1.,0.));
#806 = DEFINITIONAL_REPRESENTATION('',(#807),#811);
#807 = CIRCLE('',#808,20.41215859584);
#808 = AXIS2_PLACEMENT_2D('',#809,#810);
#809 = CARTESIAN_POINT('',(32.332859527275,-1.348821831907E+04));
#810 = DIRECTION('',(0.,-1.));
#811 = ( GEOMETRIC_REPRESENTATION_CONTEXT(2) 
PARAMETRIC_REPRESENTATION_CONTEXT() REPRESENTATION_CONTEXT('2D SPACE',''
  ) );
#812 = ORIENTED_EDGE('',*,*,#813,.F.);
#813 = EDGE_CURVE('',#814,#786,#816,.T.);
#814 = VERTEX_POINT('',#815);
#815 = CARTESIAN_POINT('',(58.648092348359,-15.10681569782,
    -104.7418076068));
#816 = SURFACE_CURVE('',#817,(#821,#827),.PCURVE_S1.);
#817 = LINE('',#818,#819);
#818 = CARTESIAN_POINT('',(58.648092348361,-15.10681569782,
    -1.372155672532E+04));
#819 = VECTOR('',#820,1.);
#820 = DIRECTION('',(0.,0.,-1.));
#821 = PCURVE('',#255,#822);
#822 = DEFINITIONAL_REPRESENTATION('',(#823),#826);
#823 = B_SPLINE_CURVE_WITH_KNOTS('',1,(#824,#825),.UNSPECIFIED.,.F.,.F.,
  (2,2),(-1.361681491771E+04,-1.359939654341E+04),
  .PIECEWISE_BEZIER_KNOTS.);
#824 = CARTESIAN_POINT('',(3.879186170883,19.595671732799));
#825 = CARTESIAN_POINT('',(3.879186170883,2.177297435999));
#826 = ( GEOMETRIC_REPRESENTATION_CONTEXT(2) 
PARAMETRIC_REPRESENTATION_CONTEXT() REPRESENTATION_CONTEXT('2D SPACE',''
  ) );
#827 = PCURVE('',#828,#833);
#828 = CYLINDRICAL_SURFACE('',#829,21.636887592482);
#829 = AXIS2_PLACEMENT_3D('',#830,#831,#832);
#830 = CARTESIAN_POINT('',(67.76874531232,-34.72743225798,
    -1.372155672532E+04));
#831 = DIRECTION('',(0.,0.,-1.));
#832 = DIRECTION('',(1.110223024625E-16,1.,0.));
#833 = DEFINITIONAL_REPRESENTATION('',(#834),#837);
#834 = B_SPLINE_CURVE_WITH_KNOTS('',1,(#835,#836),.UNSPECIFIED.,.F.,.F.,
  (2,2),(-1.361681491771E+04,-1.359939654341E+04),
  .PIECEWISE_BEZIER_KNOTS.);
#835 = CARTESIAN_POINT('',(-0.435134725456,-1.361681491771E+04));
#836 = CARTESIAN_POINT('',(-0.435134725456,-1.359939654341E+04));
#837 = ( GEOMETRIC_REPRESENTATION_CONTEXT(2) 
PARAMETRIC_REPRESENTATION_CONTEXT() REPRESENTATION_CONTEXT('2D SPACE',''
  ) );
#838 = ORIENTED_EDGE('',*,*,#839,.T.);
#839 = EDGE_CURVE('',#814,#840,#842,.T.);
#840 = VERTEX_POINT('',#841);
#841 = CARTESIAN_POINT('',(62.614183081076,-10.17831596123,
    -104.7418076068));
#842 = SURFACE_CURVE('',#843,(#848,#854),.PCURVE_S1.);
#843 = CIRCLE('',#844,20.41215859584);
#844 = AXIS2_PLACEMENT_3D('',#845,#846,#847);
#845 = CARTESIAN_POINT('',(44.920735063958,1.331017645947E-14,
    -104.7418076068));
#846 = DIRECTION('',(-0.,0.,1.));
#847 = DIRECTION('',(1.,-1.110223024625E-16,0.));
#848 = PCURVE('',#255,#849);
#849 = DEFINITIONAL_REPRESENTATION('',(#850),#853);
#850 = B_SPLINE_CURVE_WITH_KNOTS('',1,(#851,#852),.UNSPECIFIED.,.F.,.F.,
  (2,2),(5.449982497678,5.761156371998),.PIECEWISE_BEZIER_KNOTS.);
#851 = CARTESIAN_POINT('',(3.879186170883,19.595671732898));
#852 = CARTESIAN_POINT('',(4.190360045203,19.595671732898));
#853 = ( GEOMETRIC_REPRESENTATION_CONTEXT(2) 
PARAMETRIC_REPRESENTATION_CONTEXT() REPRESENTATION_CONTEXT('2D SPACE',''
  ) );
#854 = PCURVE('',#855,#860);
#855 = PLANE('',#856);
#856 = AXIS2_PLACEMENT_3D('',#857,#858,#859);
#857 = CARTESIAN_POINT('',(-1.344329758401E+04,-32.33285952727,
    -104.7418076068));
#858 = DIRECTION('',(0.,0.,1.));
#859 = DIRECTION('',(1.110223024625E-16,1.,0.));
#860 = DEFINITIONAL_REPRESENTATION('',(#861),#865);
#861 = CIRCLE('',#862,20.41215859584);
#862 = AXIS2_PLACEMENT_2D('',#863,#864);
#863 = CARTESIAN_POINT('',(32.332859527275,-1.348821831907E+04));
#864 = DIRECTION('',(0.,-1.));
#865 = ( GEOMETRIC_REPRESENTATION_CONTEXT(2) 
PARAMETRIC_REPRESENTATION_CONTEXT() REPRESENTATION_CONTEXT('2D SPACE',''
  ) );
#866 = ORIENTED_EDGE('',*,*,#867,.F.);
#867 = EDGE_CURVE('',#868,#840,#870,.T.);
#868 = VERTEX_POINT('',#869);
#869 = CARTESIAN_POINT('',(62.614183081094,-10.17831596123,
    -105.3269559196));
#870 = SURFACE_CURVE('',#871,(#875,#881),.PCURVE_S1.);
#871 = LINE('',#872,#873);
#872 = CARTESIAN_POINT('',(62.614183081094,-10.17831596123,
    -124.3374793397));
#873 = VECTOR('',#874,1.);
#874 = DIRECTION('',(0.,0.,1.));
#875 = PCURVE('',#255,#876);
#876 = DEFINITIONAL_REPRESENTATION('',(#877),#880);
#877 = B_SPLINE_CURVE_WITH_KNOTS('',1,(#878,#879),.UNSPECIFIED.,.F.,.F.,
  (2,2),(19.01052342008,19.595671732898),.PIECEWISE_BEZIER_KNOTS.);
#878 = CARTESIAN_POINT('',(4.190360045203,19.01052342008));
#879 = CARTESIAN_POINT('',(4.190360045203,19.595671732898));
#880 = ( GEOMETRIC_REPRESENTATION_CONTEXT(2) 
PARAMETRIC_REPRESENTATION_CONTEXT() REPRESENTATION_CONTEXT('2D SPACE',''
  ) );
#881 = PCURVE('',#882,#887);
#882 = PLANE('',#883);
#883 = AXIS2_PLACEMENT_3D('',#884,#885,#886);
#884 = CARTESIAN_POINT('',(32.557564654985,-11.50950829967,
    1.34946547358E+04));
#885 = DIRECTION('',(4.424611681352E-02,-0.999020661021,0.));
#886 = DIRECTION('',(0.999020661021,4.424611681352E-02,0.));
#887 = DEFINITIONAL_REPRESENTATION('',(#888),#892);
#888 = LINE('',#889,#890);
#889 = CARTESIAN_POINT('',(30.086082899817,-1.361899221514E+04));
#890 = VECTOR('',#891,1.);
#891 = DIRECTION('',(0.,1.));
#892 = ( GEOMETRIC_REPRESENTATION_CONTEXT(2) 
PARAMETRIC_REPRESENTATION_CONTEXT() REPRESENTATION_CONTEXT('2D SPACE',''
  ) );
#893 = ORIENTED_EDGE('',*,*,#894,.T.);
#894 = EDGE_CURVE('',#868,#895,#897,.T.);
#895 = VERTEX_POINT('',#896);
#896 = CARTESIAN_POINT('',(65.000156985219,-3.670563151354,
    -111.7227653535));
#897 = SURFACE_CURVE('',#898,(#919,#943),.PCURVE_S1.);
#898 = B_SPLINE_CURVE_WITH_KNOTS('',7,(#899,#900,#901,#902,#903,#904,
    #905,#906,#907,#908,#909,#910,#911,#912,#913,#914,#915,#916,#917,
    #918),.UNSPECIFIED.,.F.,.F.,(8,6,6,8),(0.,0.290237842009,
    0.658725760119,1.),.UNSPECIFIED.);
#899 = CARTESIAN_POINT('',(62.614183081094,-10.17831596123,
    -105.3269559196));
#900 = CARTESIAN_POINT('',(62.614183081603,-10.17831596034,
    -105.8092506721));
#901 = CARTESIAN_POINT('',(62.639251533814,-10.13473227426,
    -106.2950028089));
#902 = CARTESIAN_POINT('',(62.690056900381,-10.04644911149,-106.76632857
    ));
#903 = CARTESIAN_POINT('',(62.761709781566,-9.920222616587,
    -107.214140415));
#904 = CARTESIAN_POINT('',(62.848645115941,-9.762871508265,
    -107.6342953388));
#905 = CARTESIAN_POINT('',(62.946334438195,-9.580534964571,
    -108.025911173));
#906 = CARTESIAN_POINT('',(63.185594521304,-9.117895451478,
    -108.8535106111));
#907 = CARTESIAN_POINT('',(63.332216253606,-8.823822139828,
    -109.2741026959));
#908 = CARTESIAN_POINT('',(63.486414965188,-8.499677068281,
    -109.6579965427));
#909 = CARTESIAN_POINT('',(63.644732242511,-8.14788823052,
    -110.0070483258));
#910 = CARTESIAN_POINT('',(63.804296902715,-7.769996501076,
    -110.3225192851));
#911 = CARTESIAN_POINT('',(63.962964856895,-7.366159676018,
    -110.6046151585));
#912 = CARTESIAN_POINT('',(64.263263075725,-6.534789612307,
    -111.0811809063));
#913 = CARTESIAN_POINT('',(64.404888590189,-6.112309228781,
    -111.2799460932));
#914 = CARTESIAN_POINT('',(64.542111965348,-5.666366968403,
    -111.4472743372));
#915 = CARTESIAN_POINT('',(64.672836261788,-5.196952599446,
    -111.579938912));
#916 = CARTESIAN_POINT('',(64.794535405631,-4.705279326848,
    -111.6736233467));
#917 = CARTESIAN_POINT('',(64.90440860804,-4.194344374599,
    -111.7227653525));
#918 = CARTESIAN_POINT('',(65.000156985219,-3.670563151354,
    -111.7227653535));
#919 = PCURVE('',#255,#920);
#920 = DEFINITIONAL_REPRESENTATION('',(#921),#942);
#921 = B_SPLINE_CURVE_WITH_KNOTS('',7,(#922,#923,#924,#925,#926,#927,
    #928,#929,#930,#931,#932,#933,#934,#935,#936,#937,#938,#939,#940,
    #941),.UNSPECIFIED.,.F.,.F.,(8,6,6,8),(0.,0.290237842009,
    0.658725760119,1.),.UNSPECIFIED.);
#922 = CARTESIAN_POINT('',(4.190360045203,19.010523420083));
#923 = CARTESIAN_POINT('',(4.190360045253,18.528228667673));
#924 = CARTESIAN_POINT('',(4.192823216804,18.042476530865));
#925 = CARTESIAN_POINT('',(4.197813351659,17.571150769677));
#926 = CARTESIAN_POINT('',(4.204923832007,17.123338924726));
#927 = CARTESIAN_POINT('',(4.213729726172,16.703184000959));
#928 = CARTESIAN_POINT('',(4.223862678227,16.31156816673));
#929 = CARTESIAN_POINT('',(4.249379143928,15.483968728675));
#930 = CARTESIAN_POINT('',(4.26547556457,15.063376643848));
#931 = CARTESIAN_POINT('',(4.283055870461,14.679482796995));
#932 = CARTESIAN_POINT('',(4.301946667642,14.330431013915));
#933 = CARTESIAN_POINT('',(4.322032876689,14.014960054668));
#934 = CARTESIAN_POINT('',(4.343281102417,13.732864181267));
#935 = CARTESIAN_POINT('',(4.386585830929,13.256298433436));
#936 = CARTESIAN_POINT('',(4.408409449996,13.057533246506));
#937 = CARTESIAN_POINT('',(4.431255541076,12.890205002488));
#938 = CARTESIAN_POINT('',(4.455111021275,12.757540427749));
#939 = CARTESIAN_POINT('',(4.479906796384,12.663855993044));
#940 = CARTESIAN_POINT('',(4.505497611676,12.614713987201));
#941 = CARTESIAN_POINT('',(4.531583084921,12.614713986274));
#942 = ( GEOMETRIC_REPRESENTATION_CONTEXT(2) 
PARAMETRIC_REPRESENTATION_CONTEXT() REPRESENTATION_CONTEXT('2D SPACE',''
  ) );
#943 = PCURVE('',#944,#951);
#944 = ( BOUNDED_SURFACE() B_SPLINE_SURFACE(2,1,(
    (#945,#946)
    ,(#947,#948)
,(#949,#950
    )),.UNSPECIFIED.,.F.,.F.,.F.) B_SPLINE_SURFACE_WITH_KNOTS((3,3),(2,2
    ),(0.,79.158389567628),(-3.091272777704,76.067116789924),
.PIECEWISE_BEZIER_KNOTS.) GEOMETRIC_REPRESENTATION_ITEM() 
RATIONAL_B_SPLINE_SURFACE((
    (1.,1.)
    ,(0.707106781187,0.707106781187)
,(1.,1.))) REPRESENTATION_ITEM('') SURFACE() );
#945 = CARTESIAN_POINT('',(47.389298364426,-4.450539119945,
    -111.7227653535));
#946 = CARTESIAN_POINT('',(155.00337785704,0.3156337109,-111.7227653535)
  );
#947 = CARTESIAN_POINT('',(47.672288095751,-10.84008488827,
    -111.7227653535));
#948 = CARTESIAN_POINT('',(155.28636758837,-6.073912057429,
    -111.7227653535));
#949 = CARTESIAN_POINT('',(47.672288095751,-10.84008488827,
    -105.3269559196));
#950 = CARTESIAN_POINT('',(155.28636758837,-6.073912057429,
    -105.3269559196));
#951 = DEFINITIONAL_REPRESENTATION('',(#952),#973);
#952 = B_SPLINE_CURVE_WITH_KNOTS('',7,(#953,#954,#955,#956,#957,#958,
    #959,#960,#961,#962,#963,#964,#965,#966,#967,#968,#969,#970,#971,
    #972),.UNSPECIFIED.,.F.,.F.,(8,6,6,8),(0.,0.290237842009,
    0.658725760119,1.),.UNSPECIFIED.);
#953 = CARTESIAN_POINT('',(79.158389567628,7.899634264431));
#954 = CARTESIAN_POINT('',(74.937548753556,7.899634264833));
#955 = CARTESIAN_POINT('',(70.840351979201,7.919455032762));
#956 = CARTESIAN_POINT('',(66.957697948556,7.959623590464));
#957 = CARTESIAN_POINT('',(63.282142924754,8.016330778438));
#958 = CARTESIAN_POINT('',(59.803882271839,8.085269374736));
#959 = CARTESIAN_POINT('',(56.498652345228,8.162915255357));
#960 = CARTESIAN_POINT('',(49.310147159879,8.353607313062));
#961 = CARTESIAN_POINT('',(45.501469089502,8.470809328671));
#962 = CARTESIAN_POINT('',(41.80966507022,8.594551650201));
#963 = CARTESIAN_POINT('',(38.184787718644,8.722216385097));
#964 = CARTESIAN_POINT('',(34.576632872508,8.851645592514));
#965 = CARTESIAN_POINT('',(30.939696422141,8.981260087944));
#966 = CARTESIAN_POINT('',(23.754191792734,9.228751567436));
#967 = CARTESIAN_POINT('',(20.228468556609,9.346460773001));
#968 = CARTESIAN_POINT('',(16.586206318592,9.461701059495));
#969 = CARTESIAN_POINT('',(12.786744981351,9.572933319915));
#970 = CARTESIAN_POINT('',(8.788741272323,9.678263624528));
#971 = CARTESIAN_POINT('',(4.542347739944,9.775538358794));
#972 = CARTESIAN_POINT('',(0.,9.862861234294));
#973 = ( GEOMETRIC_REPRESENTATION_CONTEXT(2) 
PARAMETRIC_REPRESENTATION_CONTEXT() REPRESENTATION_CONTEXT('2D SPACE',''
  ) );
#974 = ORIENTED_EDGE('',*,*,#975,.T.);
#975 = EDGE_CURVE('',#895,#976,#978,.T.);
#976 = VERTEX_POINT('',#977);
#977 = CARTESIAN_POINT('',(65.023562923854,3.540131435206,
    -111.7227653535));
#978 = SURFACE_CURVE('',#979,(#984,#990),.PCURVE_S1.);
#979 = CIRCLE('',#980,20.41215859584);
#980 = AXIS2_PLACEMENT_3D('',#981,#982,#983);
#981 = CARTESIAN_POINT('',(44.920735063958,1.331017645947E-14,
    -111.7227653535));
#982 = DIRECTION('',(-0.,0.,1.));
#983 = DIRECTION('',(1.,-1.110223024625E-16,0.));
#984 = PCURVE('',#255,#985);
#985 = DEFINITIONAL_REPRESENTATION('',(#986),#989);
#986 = B_SPLINE_CURVE_WITH_KNOTS('',1,(#987,#988),.UNSPECIFIED.,.F.,.F.,
  (2,2),(6.102379411715,6.457499218807),.PIECEWISE_BEZIER_KNOTS.);
#987 = CARTESIAN_POINT('',(4.53158308492,12.614713986274));
#988 = CARTESIAN_POINT('',(4.886702892012,12.614713986274));
#989 = ( GEOMETRIC_REPRESENTATION_CONTEXT(2) 
PARAMETRIC_REPRESENTATION_CONTEXT() REPRESENTATION_CONTEXT('2D SPACE',''
  ) );
#990 = PCURVE('',#991,#996);
#991 = PLANE('',#992);
#992 = AXIS2_PLACEMENT_3D('',#993,#994,#995);
#993 = CARTESIAN_POINT('',(151.08385063154,1.360810573056E+04,
    -111.7227653535));
#994 = DIRECTION('',(0.,0.,-1.));
#995 = DIRECTION('',(-1.,1.110223024625E-16,0.));
#996 = DEFINITIONAL_REPRESENTATION('',(#997),#1005);
#997 = ( BOUNDED_CURVE() B_SPLINE_CURVE(2,(#998,#999,#1000,#1001,#1002,
#1003,#1004),.UNSPECIFIED.,.T.,.F.) B_SPLINE_CURVE_WITH_KNOTS((1,2,2,2,2
    ,1),(-2.094395102393,0.,2.094395102393,4.188790204786,6.28318530718,
8.377580409573),.UNSPECIFIED.) CURVE() GEOMETRIC_REPRESENTATION_ITEM() 
RATIONAL_B_SPLINE_CURVE((1.,0.5,1.,0.5,1.,0.5,1.)) REPRESENTATION_ITEM(
  '') );
#998 = CARTESIAN_POINT('',(85.750956971743,-1.360810573056E+04));
#999 = CARTESIAN_POINT('',(85.750956971743,-1.357275083478E+04));
#1000 = CARTESIAN_POINT('',(116.3691948655,-1.359042828267E+04));
#1001 = CARTESIAN_POINT('',(146.98743275926,-1.360810573056E+04));
#1002 = CARTESIAN_POINT('',(116.3691948655,-1.362578317845E+04));
#1003 = CARTESIAN_POINT('',(85.750956971743,-1.364346062634E+04));
#1004 = CARTESIAN_POINT('',(85.750956971743,-1.360810573056E+04));
#1005 = ( GEOMETRIC_REPRESENTATION_CONTEXT(2) 
PARAMETRIC_REPRESENTATION_CONTEXT() REPRESENTATION_CONTEXT('2D SPACE',''
  ) );
#1006 = ORIENTED_EDGE('',*,*,#1007,.F.);
#1007 = EDGE_CURVE('',#1008,#976,#1010,.T.);
#1008 = VERTEX_POINT('',#1009);
#1009 = CARTESIAN_POINT('',(62.614183081095,10.178315961228,
    -105.195312946));
#1010 = SURFACE_CURVE('',#1011,(#1032,#1056),.PCURVE_S1.);
#1011 = B_SPLINE_CURVE_WITH_KNOTS('',7,(#1012,#1013,#1014,#1015,#1016,
    #1017,#1018,#1019,#1020,#1021,#1022,#1023,#1024,#1025,#1026,#1027,
    #1028,#1029,#1030,#1031),.UNSPECIFIED.,.F.,.F.,(8,6,6,8),(0.,
    0.290591086035,0.659633906559,1.),.UNSPECIFIED.);
#1012 = CARTESIAN_POINT('',(62.614183081095,10.178315961228,
    -105.195312946));
#1013 = CARTESIAN_POINT('',(62.614183081616,10.178315960324,
    -105.6881746026));
#1014 = CARTESIAN_POINT('',(62.639834030769,10.133719263291,
    -106.1844671667));
#1015 = CARTESIAN_POINT('',(62.69179714389,10.043426045872,
    -106.6657090789));
#1016 = CARTESIAN_POINT('',(62.764960643557,9.914491972916,
    -107.1226533339));
#1017 = CARTESIAN_POINT('',(62.853582653434,9.753933752807,
    -107.5511493096));
#1018 = CARTESIAN_POINT('',(62.953028110024,9.568034739934,
    -107.950409847));
#1019 = CARTESIAN_POINT('',(63.196397302985,9.096403137975,
    -108.7943011152));
#1020 = CARTESIAN_POINT('',(63.345399371817,8.796660060946,
    -109.2231871007));
#1021 = CARTESIAN_POINT('',(63.501949907236,8.466263626639,
    -109.6147804106));
#1022 = CARTESIAN_POINT('',(63.662544267554,8.107583816691,
    -109.9710005248));
#1023 = CARTESIAN_POINT('',(63.824255347829,7.722090841661,
    -110.2931403671));
#1024 = CARTESIAN_POINT('',(63.984885170665,7.309839462954,
    -110.5813770511));
#1025 = CARTESIAN_POINT('',(64.287844534196,6.46203353938,
    -111.0675791539));
#1026 = CARTESIAN_POINT('',(64.430220702939,6.031913061283,
    -111.2701611045));
#1027 = CARTESIAN_POINT('',(64.567946537465,5.577576379831,
    -111.4409414695));
#1028 = CARTESIAN_POINT('',(64.698847398068,5.098921835219,
    -111.5765376385));
#1029 = CARTESIAN_POINT('',(64.820285368702,4.597139239039,
    -111.6724279074));
#1030 = CARTESIAN_POINT('',(64.929319095041,4.075300113451,
    -111.7227653525));
#1031 = CARTESIAN_POINT('',(65.023562923854,3.540131435206,
    -111.7227653535));
#1032 = PCURVE('',#255,#1033);
#1033 = DEFINITIONAL_REPRESENTATION('',(#1034),#1055);
#1034 = B_SPLINE_CURVE_WITH_KNOTS('',7,(#1035,#1036,#1037,#1038,#1039,
    #1040,#1041,#1042,#1043,#1044,#1045,#1046,#1047,#1048,#1049,#1050,
    #1051,#1052,#1053,#1054),.UNSPECIFIED.,.F.,.F.,(8,6,6,8),(0.,
    0.290591086035,0.659633906559,1.),.UNSPECIFIED.);
#1035 = CARTESIAN_POINT('',(5.234417915566,19.14216639375));
#1036 = CARTESIAN_POINT('',(5.234417915515,18.649304737148));
#1037 = CARTESIAN_POINT('',(5.231897497493,18.153012173054));
#1038 = CARTESIAN_POINT('',(5.226793717714,17.671770260798));
#1039 = CARTESIAN_POINT('',(5.219531371031,17.214826005832));
#1040 = CARTESIAN_POINT('',(5.210548057368,16.786330030173));
#1041 = CARTESIAN_POINT('',(5.200220694544,16.387069492764));
#1042 = CARTESIAN_POINT('',(5.174220448617,15.543178224572));
#1043 = CARTESIAN_POINT('',(5.157823506807,15.114292239037));
#1044 = CARTESIAN_POINT('',(5.13991740491,14.722698929078));
#1045 = CARTESIAN_POINT('',(5.120673403999,14.366478814881));
#1046 = CARTESIAN_POINT('',(5.100203729249,14.044338972654));
#1047 = CARTESIAN_POINT('',(5.078537111023,13.756102288598));
#1048 = CARTESIAN_POINT('',(5.03443052415,13.269900185793));
#1049 = CARTESIAN_POINT('',(5.012240462372,13.067318235272));
#1050 = CARTESIAN_POINT('',(4.988994471127,12.89653787018));
#1051 = CARTESIAN_POINT('',(4.964701210941,12.760941701214));
#1052 = CARTESIAN_POINT('',(4.939428547117,12.66505143234));
#1053 = CARTESIAN_POINT('',(4.913324454014,12.614713987221));
#1054 = CARTESIAN_POINT('',(4.886702892011,12.614713986274));
#1055 = ( GEOMETRIC_REPRESENTATION_CONTEXT(2) 
PARAMETRIC_REPRESENTATION_CONTEXT() REPRESENTATION_CONTEXT('2D SPACE',''
  ) );
#1056 = PCURVE('',#1057,#1082);
#1057 = ( BOUNDED_SURFACE() B_SPLINE_SURFACE(2,3,(
    (#1058,#1059,#1060,#1061,#1062,#1063,#1064,#1065)
    ,(#1066,#1067,#1068,#1069,#1070,#1071,#1072,#1073)
    ,(#1074,#1075,#1076,#1077,#1078,#1079,#1080,#1081
)),.UNSPECIFIED.,.F.,.F.,.F.) B_SPLINE_SURFACE_WITH_KNOTS((3,3),(4,2,2,4
    ),(0.,79.167147043637),(-3.100030253713,0.,72.975844012219,
76.067116789924),.UNSPECIFIED.) GEOMETRIC_REPRESENTATION_ITEM() 
RATIONAL_B_SPLINE_SURFACE((
    (1.,1.,1.,1.,1.,1.,1.,1.)
    ,(0.707106781187,0.707106781187,0.707106781187,0.707106781187
      ,0.707106781187,0.707106781187,0.707106781187,0.707106781187)
,(1.,1.,1.,1.,1.,1.,1.,1.))) REPRESENTATION_ITEM('') SURFACE() );
#1058 = CARTESIAN_POINT('',(47.660382500848,10.840612181011,
    -105.1908743432));
#1059 = CARTESIAN_POINT('',(49.065190018092,10.778393970784,
    -105.1908743432));
#1060 = CARTESIAN_POINT('',(50.469997535336,10.716175760557,
    -105.1908743432));
#1061 = CARTESIAN_POINT('',(84.944486912234,9.189318165342,
    -105.1908743432));
#1062 = CARTESIAN_POINT('',(118.01416877188,7.724678780354,
    -105.3269559196));
#1063 = CARTESIAN_POINT('',(152.48468961715,6.197996949386,
    -105.3269559196));
#1064 = CARTESIAN_POINT('',(153.88552860276,6.135954503406,
    -105.3269559196));
#1065 = CARTESIAN_POINT('',(155.28636758837,6.073912057426,
    -105.3269559196));
#1066 = CARTESIAN_POINT('',(47.660382500849,10.840612181011,
    -111.7227653535));
#1067 = CARTESIAN_POINT('',(49.065190018093,10.778393970784,
    -111.7227653535));
#1068 = CARTESIAN_POINT('',(50.469997535336,10.716175760557,
    -111.7227653535));
#1069 = CARTESIAN_POINT('',(84.944486912234,9.189318165342,
    -111.7227653535));
#1070 = CARTESIAN_POINT('',(118.01416877188,7.724678780355,
    -111.7227653535));
#1071 = CARTESIAN_POINT('',(152.48468961715,6.197996949387,
    -111.7227653535));
#1072 = CARTESIAN_POINT('',(153.88552860276,6.135954503406,
    -111.7227653535));
#1073 = CARTESIAN_POINT('',(155.28636758837,6.073912057426,
    -111.7227653535));
#1074 = CARTESIAN_POINT('',(47.371371688197,4.315118106261,
    -111.7227653535));
#1075 = CARTESIAN_POINT('',(48.776179205441,4.252899896034,
    -111.7227653535));
#1076 = CARTESIAN_POINT('',(50.180986722685,4.190681685807,
    -111.7227653535));
#1077 = CARTESIAN_POINT('',(84.655476099582,2.663824090591,
    -111.7227653535));
#1078 = CARTESIAN_POINT('',(117.73117904056,1.335133012027,
    -111.7227653535));
#1079 = CARTESIAN_POINT('',(152.20169988582,-0.191548818941,
    -111.7227653535));
#1080 = CARTESIAN_POINT('',(153.60253887143,-0.253591264922,
    -111.7227653535));
#1081 = CARTESIAN_POINT('',(155.00337785704,-0.315633710903,
    -111.7227653535));
#1082 = DEFINITIONAL_REPRESENTATION('',(#1083),#1104);
#1083 = B_SPLINE_CURVE_WITH_KNOTS('',7,(#1084,#1085,#1086,#1087,#1088,
    #1089,#1090,#1091,#1092,#1093,#1094,#1095,#1096,#1097,#1098,#1099,
    #1100,#1101,#1102,#1103),.UNSPECIFIED.,.F.,.F.,(8,6,6,8),(0.,
    0.290591086035,0.659633906559,1.),.UNSPECIFIED.);
#1084 = CARTESIAN_POINT('',(0.,7.899634264432));
#1085 = CARTESIAN_POINT('',(4.226796263034,7.899634264843));
#1086 = CARTESIAN_POINT('',(8.328504977137,7.919915602593));
#1087 = CARTESIAN_POINT('',(12.212734539202,7.960999460237));
#1088 = CARTESIAN_POINT('',(15.887784235298,8.018903683951));
#1089 = CARTESIAN_POINT('',(19.363791995115,8.089184807968));
#1090 = CARTESIAN_POINT('',(22.665772410585,8.168235762854));
#1091 = CARTESIAN_POINT('',(29.848217121707,8.362236841478));
#1092 = CARTESIAN_POINT('',(33.653761983474,8.481370698687));
#1093 = CARTESIAN_POINT('',(37.343458659531,8.607042839976));
#1094 = CARTESIAN_POINT('',(40.967579711877,8.736603321252));
#1095 = CARTESIAN_POINT('',(44.576902587828,8.867855444841));
#1096 = CARTESIAN_POINT('',(48.217382129605,8.999183814848));
#1097 = CARTESIAN_POINT('',(55.402074498478,9.249163341964));
#1098 = CARTESIAN_POINT('',(58.922150879806,9.367672044292));
#1099 = CARTESIAN_POINT('',(62.561401465304,9.48355414519));
#1100 = CARTESIAN_POINT('',(66.36084650211,9.595216467772));
#1101 = CARTESIAN_POINT('',(70.36200079381,9.700683735519));
#1102 = CARTESIAN_POINT('',(74.615151800257,9.797696723868));
#1103 = CARTESIAN_POINT('',(79.167147043637,9.884285313304));
#1104 = ( GEOMETRIC_REPRESENTATION_CONTEXT(2) 
PARAMETRIC_REPRESENTATION_CONTEXT() REPRESENTATION_CONTEXT('2D SPACE',''
  ) );
#1105 = ORIENTED_EDGE('',*,*,#1106,.T.);
#1106 = EDGE_CURVE('',#1008,#1107,#1109,.T.);
#1107 = VERTEX_POINT('',#1108);
#1108 = CARTESIAN_POINT('',(62.614183081113,10.178315961227,
    -104.7418076068));
#1109 = SURFACE_CURVE('',#1110,(#1114,#1120),.PCURVE_S1.);
#1110 = LINE('',#1111,#1112);
#1111 = CARTESIAN_POINT('',(62.614183081096,10.178315961228,
    -124.3374793397));
#1112 = VECTOR('',#1113,1.);
#1113 = DIRECTION('',(0.,0.,1.));
#1114 = PCURVE('',#255,#1115);
#1115 = DEFINITIONAL_REPRESENTATION('',(#1116),#1119);
#1116 = B_SPLINE_CURVE_WITH_KNOTS('',1,(#1117,#1118),.UNSPECIFIED.,.F.,
  .F.,(2,2),(19.142166393749,19.595671732898),.PIECEWISE_BEZIER_KNOTS.);
#1117 = CARTESIAN_POINT('',(5.234417915566,19.142166393749));
#1118 = CARTESIAN_POINT('',(5.234417915566,19.595671732898));
#1119 = ( GEOMETRIC_REPRESENTATION_CONTEXT(2) 
PARAMETRIC_REPRESENTATION_CONTEXT() REPRESENTATION_CONTEXT('2D SPACE',''
  ) );
#1120 = PCURVE('',#1121,#1126);
#1121 = PLANE('',#1122);
#1122 = AXIS2_PLACEMENT_3D('',#1123,#1124,#1125);
#1123 = CARTESIAN_POINT('',(32.557564654985,11.509508299675,
    1.34946547358E+04));
#1124 = DIRECTION('',(-4.424611681352E-02,-0.999020661021,0.));
#1125 = DIRECTION('',(0.999020661021,-4.424611681352E-02,0.));
#1126 = DEFINITIONAL_REPRESENTATION('',(#1127),#1131);
#1127 = LINE('',#1128,#1129);
#1128 = CARTESIAN_POINT('',(30.086082899819,-1.361899221514E+04));
#1129 = VECTOR('',#1130,1.);
#1130 = DIRECTION('',(0.,1.));
#1131 = ( GEOMETRIC_REPRESENTATION_CONTEXT(2) 
PARAMETRIC_REPRESENTATION_CONTEXT() REPRESENTATION_CONTEXT('2D SPACE',''
  ) );
#1132 = ORIENTED_EDGE('',*,*,#1133,.T.);
#1133 = EDGE_CURVE('',#1107,#330,#1134,.T.);
#1134 = SURFACE_CURVE('',#1135,(#1140,#1146),.PCURVE_S1.);
#1135 = CIRCLE('',#1136,20.41215859584);
#1136 = AXIS2_PLACEMENT_3D('',#1137,#1138,#1139);
#1137 = CARTESIAN_POINT('',(44.920735063958,1.331017645947E-14,
    -104.7418076068));
#1138 = DIRECTION('',(-0.,0.,1.));
#1139 = DIRECTION('',(1.,-1.110223024625E-16,0.));
#1140 = PCURVE('',#255,#1141);
#1141 = DEFINITIONAL_REPRESENTATION('',(#1142),#1145);
#1142 = B_SPLINE_CURVE_WITH_KNOTS('',1,(#1143,#1144),.UNSPECIFIED.,.F.,
  .F.,(2,2),(0.522028935181,0.833202809502),.PIECEWISE_BEZIER_KNOTS.);
#1143 = CARTESIAN_POINT('',(5.234417915566,19.595671732898));
#1144 = CARTESIAN_POINT('',(5.545591789887,19.595671732898));
#1145 = ( GEOMETRIC_REPRESENTATION_CONTEXT(2) 
PARAMETRIC_REPRESENTATION_CONTEXT() REPRESENTATION_CONTEXT('2D SPACE',''
  ) );
#1146 = PCURVE('',#1147,#1152);
#1147 = PLANE('',#1148);
#1148 = AXIS2_PLACEMENT_3D('',#1149,#1150,#1151);
#1149 = CARTESIAN_POINT('',(-1.344329758401E+04,-32.33285952727,
    -104.7418076068));
#1150 = DIRECTION('',(0.,0.,1.));
#1151 = DIRECTION('',(1.110223024625E-16,1.,0.));
#1152 = DEFINITIONAL_REPRESENTATION('',(#1153),#1157);
#1153 = CIRCLE('',#1154,20.41215859584);
#1154 = AXIS2_PLACEMENT_2D('',#1155,#1156);
#1155 = CARTESIAN_POINT('',(32.332859527275,-1.348821831907E+04));
#1156 = DIRECTION('',(0.,-1.));
#1157 = ( GEOMETRIC_REPRESENTATION_CONTEXT(2) 
PARAMETRIC_REPRESENTATION_CONTEXT() REPRESENTATION_CONTEXT('2D SPACE',''
  ) );
#1158 = ADVANCED_FACE('',(#1159,#1162),#287,.T.);
#1159 = FACE_BOUND('',#1160,.T.);
#1160 = EDGE_LOOP('',(#1161));
#1161 = ORIENTED_EDGE('',*,*,#272,.T.);
#1162 = FACE_BOUND('',#1163,.T.);
#1163 = EDGE_LOOP('',(#1164));
#1164 = ORIENTED_EDGE('',*,*,#1165,.F.);
#1165 = EDGE_CURVE('',#1166,#1166,#1168,.T.);
#1166 = VERTEX_POINT('',#1167);
#1167 = CARTESIAN_POINT('',(44.920735063958,13.60810573056,-104.1));
#1168 = SURFACE_CURVE('',#1169,(#1174,#1181),.PCURVE_S1.);
#1169 = CIRCLE('',#1170,13.60810573056);
#1170 = AXIS2_PLACEMENT_3D('',#1171,#1172,#1173);
#1171 = CARTESIAN_POINT('',(44.920735063958,1.331017645947E-14,-104.1));
#1172 = DIRECTION('',(0.,0.,1.));
#1173 = DIRECTION('',(0.,-1.,0.));
#1174 = PCURVE('',#287,#1175);
#1175 = DEFINITIONAL_REPRESENTATION('',(#1176),#1180);
#1176 = CIRCLE('',#1177,13.60810573056);
#1177 = AXIS2_PLACEMENT_2D('',#1178,#1179);
#1178 = CARTESIAN_POINT('',(24.920735063958,30.));
#1179 = DIRECTION('',(0.,-1.));
#1180 = ( GEOMETRIC_REPRESENTATION_CONTEXT(2) 
PARAMETRIC_REPRESENTATION_CONTEXT() REPRESENTATION_CONTEXT('2D SPACE',''
  ) );
#1181 = PCURVE('',#1182,#1187);
#1182 = CYLINDRICAL_SURFACE('',#1183,13.60810573056);
#1183 = AXIS2_PLACEMENT_3D('',#1184,#1185,#1186);
#1184 = CARTESIAN_POINT('',(44.920735063958,1.331017645947E-14,
    -140.6672062164));
#1185 = DIRECTION('',(0.,0.,1.));
#1186 = DIRECTION('',(1.110223024625E-16,1.,0.));
#1187 = DEFINITIONAL_REPRESENTATION('',(#1188),#1192);
#1188 = LINE('',#1189,#1190);
#1189 = CARTESIAN_POINT('',(-3.14159265359,36.567206216448));
#1190 = VECTOR('',#1191,1.);
#1191 = DIRECTION('',(1.,0.));
#1192 = ( GEOMETRIC_REPRESENTATION_CONTEXT(2) 
PARAMETRIC_REPRESENTATION_CONTEXT() REPRESENTATION_CONTEXT('2D SPACE',''
  ) );
#1193 = ADVANCED_FACE('',(#1194,#1197),#315,.F.);
#1194 = FACE_BOUND('',#1195,.F.);
#1195 = EDGE_LOOP('',(#1196));
#1196 = ORIENTED_EDGE('',*,*,#300,.T.);
#1197 = FACE_BOUND('',#1198,.F.);
#1198 = EDGE_LOOP('',(#1199));
#1199 = ORIENTED_EDGE('',*,*,#1200,.F.);
#1200 = EDGE_CURVE('',#1201,#1201,#1203,.T.);
#1201 = VERTEX_POINT('',#1202);
#1202 = CARTESIAN_POINT('',(56.,3.63857164884E-14,-123.5));
#1203 = SURFACE_CURVE('',#1204,(#1209,#1216),.PCURVE_S1.);
#1204 = CIRCLE('',#1205,11.);
#1205 = AXIS2_PLACEMENT_3D('',#1206,#1207,#1208);
#1206 = CARTESIAN_POINT('',(45.,0.,-123.5));
#1207 = DIRECTION('',(0.,0.,1.));
#1208 = DIRECTION('',(0.,-1.,0.));
#1209 = PCURVE('',#315,#1210);
#1210 = DEFINITIONAL_REPRESENTATION('',(#1211),#1215);
#1211 = CIRCLE('',#1212,11.);
#1212 = AXIS2_PLACEMENT_2D('',#1213,#1214);
#1213 = CARTESIAN_POINT('',(25.,30.));
#1214 = DIRECTION('',(0.,-1.));
#1215 = ( GEOMETRIC_REPRESENTATION_CONTEXT(2) 
PARAMETRIC_REPRESENTATION_CONTEXT() REPRESENTATION_CONTEXT('2D SPACE',''
  ) );
#1216 = PCURVE('',#1217,#1222);
#1217 = CYLINDRICAL_SURFACE('',#1218,11.);
#1218 = AXIS2_PLACEMENT_3D('',#1219,#1220,#1221);
#1219 = CARTESIAN_POINT('',(45.,0.,-135.));
#1220 = DIRECTION('',(0.,0.,1.));
#1221 = DIRECTION('',(1.,0.,0.));
#1222 = DEFINITIONAL_REPRESENTATION('',(#1223),#1227);
#1223 = LINE('',#1224,#1225);
#1224 = CARTESIAN_POINT('',(-1.570796326795,11.5));
#1225 = VECTOR('',#1226,1.);
#1226 = DIRECTION('',(1.,0.));
#1227 = ( GEOMETRIC_REPRESENTATION_CONTEXT(2) 
PARAMETRIC_REPRESENTATION_CONTEXT() REPRESENTATION_CONTEXT('2D SPACE',''
  ) );
#1228 = ADVANCED_FACE('',(#1229),#346,.F.);
#1229 = FACE_BOUND('',#1230,.T.);
#1230 = EDGE_LOOP('',(#1231,#1258,#1259,#1286));
#1231 = ORIENTED_EDGE('',*,*,#1232,.T.);
#1232 = EDGE_CURVE('',#1233,#332,#1235,.T.);
#1233 = VERTEX_POINT('',#1234);
#1234 = CARTESIAN_POINT('',(66.811397056422,13.111734512904,
    -122.1601819037));
#1235 = SURFACE_CURVE('',#1236,(#1241,#1247),.PCURVE_S1.);
#1236 = CIRCLE('',#1237,21.636887592482);
#1237 = AXIS2_PLACEMENT_3D('',#1238,#1239,#1240);
#1238 = CARTESIAN_POINT('',(67.76874531232,34.727432257984,
    -122.1601819037));
#1239 = DIRECTION('',(0.,0.,-1.));
#1240 = DIRECTION('',(-1.,1.110223024625E-16,0.));
#1241 = PCURVE('',#346,#1242);
#1242 = DEFINITIONAL_REPRESENTATION('',(#1243),#1246);
#1243 = B_SPLINE_CURVE_WITH_KNOTS('',1,(#1244,#1245),.UNSPECIFIED.,.F.,
  .F.,(2,2),(4.756649546841,5.147523705841),.PIECEWISE_BEZIER_KNOTS.);
#1244 = CARTESIAN_POINT('',(-3.097332087133,-1.359939654341E+04));
#1245 = CARTESIAN_POINT('',(-2.706457928133,-1.359939654341E+04));
#1246 = ( GEOMETRIC_REPRESENTATION_CONTEXT(2) 
PARAMETRIC_REPRESENTATION_CONTEXT() REPRESENTATION_CONTEXT('2D SPACE',''
  ) );
#1247 = PCURVE('',#373,#1248);
#1248 = DEFINITIONAL_REPRESENTATION('',(#1249),#1257);
#1249 = ( BOUNDED_CURVE() B_SPLINE_CURVE(2,(#1250,#1251,#1252,#1253,
#1254,#1255,#1256),.UNSPECIFIED.,.T.,.F.) B_SPLINE_CURVE_WITH_KNOTS((1,2
    ,2,2,2,1),(-2.094395102393,0.,2.094395102393,4.188790204786,
6.28318530718,8.377580409573),.UNSPECIFIED.) CURVE() 
GEOMETRIC_REPRESENTATION_ITEM() RATIONAL_B_SPLINE_CURVE((1.,0.5,1.,0.5,
1.,0.5,1.)) REPRESENTATION_ITEM('') );
#1250 = CARTESIAN_POINT('',(67.060291785259,-1.348942944173E+04));
#1251 = CARTESIAN_POINT('',(104.53648041309,-1.348942944173E+04));
#1252 = CARTESIAN_POINT('',(85.798386099177,-1.352188477312E+04));
#1253 = CARTESIAN_POINT('',(67.060291785259,-1.355434010451E+04));
#1254 = CARTESIAN_POINT('',(48.322197471341,-1.352188477312E+04));
#1255 = CARTESIAN_POINT('',(29.584103157423,-1.348942944173E+04));
#1256 = CARTESIAN_POINT('',(67.060291785259,-1.348942944173E+04));
#1257 = ( GEOMETRIC_REPRESENTATION_CONTEXT(2) 
PARAMETRIC_REPRESENTATION_CONTEXT() REPRESENTATION_CONTEXT('2D SPACE',''
  ) );
#1258 = ORIENTED_EDGE('',*,*,#329,.F.);
#1259 = ORIENTED_EDGE('',*,*,#1260,.F.);
#1260 = EDGE_CURVE('',#1261,#330,#1263,.T.);
#1261 = VERTEX_POINT('',#1262);
#1262 = CARTESIAN_POINT('',(66.811397056422,13.111734512904,
    -104.7418076068));
#1263 = SURFACE_CURVE('',#1264,(#1269,#1275),.PCURVE_S1.);
#1264 = CIRCLE('',#1265,21.636887592482);
#1265 = AXIS2_PLACEMENT_3D('',#1266,#1267,#1268);
#1266 = CARTESIAN_POINT('',(67.76874531232,34.727432257984,
    -104.7418076068));
#1267 = DIRECTION('',(0.,0.,-1.));
#1268 = DIRECTION('',(-1.,1.110223024625E-16,0.));
#1269 = PCURVE('',#346,#1270);
#1270 = DEFINITIONAL_REPRESENTATION('',(#1271),#1274);
#1271 = B_SPLINE_CURVE_WITH_KNOTS('',1,(#1272,#1273),.UNSPECIFIED.,.F.,
  .F.,(2,2),(4.756649546841,5.147523705841),.PIECEWISE_BEZIER_KNOTS.);
#1272 = CARTESIAN_POINT('',(-3.097332087133,-1.361681491771E+04));
#1273 = CARTESIAN_POINT('',(-2.706457928133,-1.361681491771E+04));
#1274 = ( GEOMETRIC_REPRESENTATION_CONTEXT(2) 
PARAMETRIC_REPRESENTATION_CONTEXT() REPRESENTATION_CONTEXT('2D SPACE',''
  ) );
#1275 = PCURVE('',#1147,#1276);
#1276 = DEFINITIONAL_REPRESENTATION('',(#1277),#1285);
#1277 = ( BOUNDED_CURVE() B_SPLINE_CURVE(2,(#1278,#1279,#1280,#1281,
#1282,#1283,#1284),.UNSPECIFIED.,.T.,.F.) B_SPLINE_CURVE_WITH_KNOTS((1,2
    ,2,2,2,1),(-2.094395102393,0.,2.094395102393,4.188790204786,
6.28318530718,8.377580409573),.UNSPECIFIED.) CURVE() 
GEOMETRIC_REPRESENTATION_ITEM() RATIONAL_B_SPLINE_CURVE((1.,0.5,1.,0.5,
1.,0.5,1.)) REPRESENTATION_ITEM('') );
#1278 = CARTESIAN_POINT('',(67.060291785259,-1.348942944173E+04));
#1279 = CARTESIAN_POINT('',(104.53648041309,-1.348942944173E+04));
#1280 = CARTESIAN_POINT('',(85.798386099177,-1.352188477312E+04));
#1281 = CARTESIAN_POINT('',(67.060291785259,-1.355434010451E+04));
#1282 = CARTESIAN_POINT('',(48.322197471341,-1.352188477312E+04));
#1283 = CARTESIAN_POINT('',(29.584103157423,-1.348942944173E+04));
#1284 = CARTESIAN_POINT('',(67.060291785259,-1.348942944173E+04));
#1285 = ( GEOMETRIC_REPRESENTATION_CONTEXT(2) 
PARAMETRIC_REPRESENTATION_CONTEXT() REPRESENTATION_CONTEXT('2D SPACE',''
  ) );
#1286 = ORIENTED_EDGE('',*,*,#1287,.F.);
#1287 = EDGE_CURVE('',#1233,#1261,#1288,.T.);
#1288 = SURFACE_CURVE('',#1289,(#1293,#1299),.PCURVE_S1.);
#1289 = LINE('',#1290,#1291);
#1290 = CARTESIAN_POINT('',(66.811397056422,13.111734512904,
    -1.372155672532E+04));
#1291 = VECTOR('',#1292,1.);
#1292 = DIRECTION('',(0.,0.,1.));
#1293 = PCURVE('',#346,#1294);
#1294 = DEFINITIONAL_REPRESENTATION('',(#1295),#1298);
#1295 = B_SPLINE_CURVE_WITH_KNOTS('',1,(#1296,#1297),.UNSPECIFIED.,.F.,
  .F.,(2,2),(1.359939654341E+04,1.361681491771E+04),
  .PIECEWISE_BEZIER_KNOTS.);
#1296 = CARTESIAN_POINT('',(-3.097332087133,-1.359939654341E+04));
#1297 = CARTESIAN_POINT('',(-3.097332087133,-1.361681491771E+04));
#1298 = ( GEOMETRIC_REPRESENTATION_CONTEXT(2) 
PARAMETRIC_REPRESENTATION_CONTEXT() REPRESENTATION_CONTEXT('2D SPACE',''
  ) );
#1299 = PCURVE('',#1300,#1305);
#1300 = PLANE('',#1301);
#1301 = AXIS2_PLACEMENT_3D('',#1302,#1303,#1304);
#1302 = CARTESIAN_POINT('',(66.811397056422,13.111734512904,
    -1.372155672532E+04));
#1303 = DIRECTION('',(4.424611681352E-02,0.999020661021,0.));
#1304 = DIRECTION('',(0.999020661021,-4.424611681352E-02,0.));
#1305 = DEFINITIONAL_REPRESENTATION('',(#1306),#1310);
#1306 = LINE('',#1307,#1308);
#1307 = CARTESIAN_POINT('',(0.,0.));
#1308 = VECTOR('',#1309,1.);
#1309 = DIRECTION('',(0.,-1.));
#1310 = ( GEOMETRIC_REPRESENTATION_CONTEXT(2) 
PARAMETRIC_REPRESENTATION_CONTEXT() REPRESENTATION_CONTEXT('2D SPACE',''
  ) );
#1311 = ADVANCED_FACE('',(#1312),#1147,.T.);
#1312 = FACE_BOUND('',#1313,.T.);
#1313 = EDGE_LOOP('',(#1314,#1315,#1316,#1339,#1367));
#1314 = ORIENTED_EDGE('',*,*,#1260,.T.);
#1315 = ORIENTED_EDGE('',*,*,#1133,.F.);
#1316 = ORIENTED_EDGE('',*,*,#1317,.T.);
#1317 = EDGE_CURVE('',#1107,#1318,#1320,.T.);
#1318 = VERTEX_POINT('',#1319);
#1319 = CARTESIAN_POINT('',(68.710247255212,9.908324380399,
    -104.7418076068));
#1320 = SURFACE_CURVE('',#1321,(#1325,#1332),.PCURVE_S1.);
#1321 = LINE('',#1322,#1323);
#1322 = CARTESIAN_POINT('',(-6.691210064458E+03,309.3017558,
    -104.7418076068));
#1323 = VECTOR('',#1324,1.);
#1324 = DIRECTION('',(0.999020661021,-4.424611681352E-02,0.));
#1325 = PCURVE('',#1147,#1326);
#1326 = DEFINITIONAL_REPRESENTATION('',(#1327),#1331);
#1327 = LINE('',#1328,#1329);
#1328 = CARTESIAN_POINT('',(341.63461532727,-6.752087519552E+03));
#1329 = VECTOR('',#1330,1.);
#1330 = DIRECTION('',(-4.424611681352E-02,-0.999020661021));
#1331 = ( GEOMETRIC_REPRESENTATION_CONTEXT(2) 
PARAMETRIC_REPRESENTATION_CONTEXT() REPRESENTATION_CONTEXT('2D SPACE',''
  ) );
#1332 = PCURVE('',#1121,#1333);
#1333 = DEFINITIONAL_REPRESENTATION('',(#1334),#1338);
#1334 = LINE('',#1335,#1336);
#1335 = CARTESIAN_POINT('',(-6.730358931957E+03,-1.359939654341E+04));
#1336 = VECTOR('',#1337,1.);
#1337 = DIRECTION('',(1.,0.));
#1338 = ( GEOMETRIC_REPRESENTATION_CONTEXT(2) 
PARAMETRIC_REPRESENTATION_CONTEXT() REPRESENTATION_CONTEXT('2D SPACE',''
  ) );
#1339 = ORIENTED_EDGE('',*,*,#1340,.T.);
#1340 = EDGE_CURVE('',#1318,#1341,#1343,.T.);
#1341 = VERTEX_POINT('',#1342);
#1342 = CARTESIAN_POINT('',(68.710247254959,13.02763540367,
    -104.7418076068));
#1343 = SURFACE_CURVE('',#1344,(#1348,#1355),.PCURVE_S1.);
#1344 = LINE('',#1345,#1346);
#1345 = CARTESIAN_POINT('',(68.710247255213,6.787886435516E+03,
    -104.7418076068));
#1346 = VECTOR('',#1347,1.);
#1347 = DIRECTION('',(1.110223024625E-16,1.,0.));
#1348 = PCURVE('',#1147,#1349);
#1349 = DEFINITIONAL_REPRESENTATION('',(#1350),#1354);
#1350 = LINE('',#1351,#1352);
#1351 = CARTESIAN_POINT('',(6.820219295044E+03,-1.351200783127E+04));
#1352 = VECTOR('',#1353,1.);
#1353 = DIRECTION('',(1.,0.));
#1354 = ( GEOMETRIC_REPRESENTATION_CONTEXT(2) 
PARAMETRIC_REPRESENTATION_CONTEXT() REPRESENTATION_CONTEXT('2D SPACE',''
  ) );
#1355 = PCURVE('',#1356,#1361);
#1356 = PLANE('',#1357);
#1357 = AXIS2_PLACEMENT_3D('',#1358,#1359,#1360);
#1358 = CARTESIAN_POINT('',(167.74364437873,1.360810573056E+04,
    -107.7281133046));
#1359 = DIRECTION('',(-3.014083119581E-02,3.346304477493E-18,
    -0.999545661936));
#1360 = DIRECTION('',(-0.999545661936,1.109718608045E-16,
    3.014083119581E-02));
#1361 = DEFINITIONAL_REPRESENTATION('',(#1362),#1366);
#1362 = LINE('',#1363,#1364);
#1363 = CARTESIAN_POINT('',(99.078412217525,-6.820219295044E+03));
#1364 = VECTOR('',#1365,1.);
#1365 = DIRECTION('',(0.,1.));
#1366 = ( GEOMETRIC_REPRESENTATION_CONTEXT(2) 
PARAMETRIC_REPRESENTATION_CONTEXT() REPRESENTATION_CONTEXT('2D SPACE',''
  ) );
#1367 = ORIENTED_EDGE('',*,*,#1368,.F.);
#1368 = EDGE_CURVE('',#1261,#1341,#1369,.T.);
#1369 = SURFACE_CURVE('',#1370,(#1374,#1381),.PCURVE_S1.);
#1370 = LINE('',#1371,#1372);
#1371 = CARTESIAN_POINT('',(-6.67401420714E+03,311.65947105125,
    -104.7418076068));
#1372 = VECTOR('',#1373,1.);
#1373 = DIRECTION('',(0.999020661021,-4.424611681352E-02,0.));
#1374 = PCURVE('',#1147,#1375);
#1375 = DEFINITIONAL_REPRESENTATION('',(#1376),#1380);
#1376 = LINE('',#1377,#1378);
#1377 = CARTESIAN_POINT('',(343.99233057852,-6.76928337687E+03));
#1378 = VECTOR('',#1379,1.);
#1379 = DIRECTION('',(-4.424611681352E-02,-0.999020661021));
#1380 = ( GEOMETRIC_REPRESENTATION_CONTEXT(2) 
PARAMETRIC_REPRESENTATION_CONTEXT() REPRESENTATION_CONTEXT('2D SPACE',''
  ) );
#1381 = PCURVE('',#1300,#1382);
#1382 = DEFINITIONAL_REPRESENTATION('',(#1383),#1387);
#1383 = LINE('',#1384,#1385);
#1384 = CARTESIAN_POINT('',(-6.747433628957E+03,-1.361681491771E+04));
#1385 = VECTOR('',#1386,1.);
#1386 = DIRECTION('',(1.,0.));
#1387 = ( GEOMETRIC_REPRESENTATION_CONTEXT(2) 
PARAMETRIC_REPRESENTATION_CONTEXT() REPRESENTATION_CONTEXT('2D SPACE',''
  ) );
#1388 = ADVANCED_FACE('',(#1389),#373,.F.);
#1389 = FACE_BOUND('',#1390,.F.);
#1390 = EDGE_LOOP('',(#1391,#1392,#1393,#1416,#1444));
#1391 = ORIENTED_EDGE('',*,*,#1232,.T.);
#1392 = ORIENTED_EDGE('',*,*,#357,.F.);
#1393 = ORIENTED_EDGE('',*,*,#1394,.F.);
#1394 = EDGE_CURVE('',#1395,#358,#1397,.T.);
#1395 = VERTEX_POINT('',#1396);
#1396 = CARTESIAN_POINT('',(68.710247255212,9.908324380401,
    -122.1601819037));
#1397 = SURFACE_CURVE('',#1398,(#1402,#1409),.PCURVE_S1.);
#1398 = LINE('',#1399,#1400);
#1399 = CARTESIAN_POINT('',(-6.691210064458E+03,309.3017558,
    -122.1601819037));
#1400 = VECTOR('',#1401,1.);
#1401 = DIRECTION('',(-0.999020661021,4.424611681352E-02,0.));
#1402 = PCURVE('',#373,#1403);
#1403 = DEFINITIONAL_REPRESENTATION('',(#1404),#1408);
#1404 = LINE('',#1405,#1406);
#1405 = CARTESIAN_POINT('',(341.63461532728,-6.752087519552E+03));
#1406 = VECTOR('',#1407,1.);
#1407 = DIRECTION('',(4.424611681352E-02,0.999020661021));
#1408 = ( GEOMETRIC_REPRESENTATION_CONTEXT(2) 
PARAMETRIC_REPRESENTATION_CONTEXT() REPRESENTATION_CONTEXT('2D SPACE',''
  ) );
#1409 = PCURVE('',#400,#1410);
#1410 = DEFINITIONAL_REPRESENTATION('',(#1411),#1415);
#1411 = LINE('',#1412,#1413);
#1412 = CARTESIAN_POINT('',(-6.730358931957E+03,-1.359939654341E+04));
#1413 = VECTOR('',#1414,1.);
#1414 = DIRECTION('',(-1.,5.418586533038E-18));
#1415 = ( GEOMETRIC_REPRESENTATION_CONTEXT(2) 
PARAMETRIC_REPRESENTATION_CONTEXT() REPRESENTATION_CONTEXT('2D SPACE',''
  ) );
#1416 = ORIENTED_EDGE('',*,*,#1417,.F.);
#1417 = EDGE_CURVE('',#1418,#1395,#1420,.T.);
#1418 = VERTEX_POINT('',#1419);
#1419 = CARTESIAN_POINT('',(68.710247255007,13.02763540367,
    -122.1601819037));
#1420 = SURFACE_CURVE('',#1421,(#1425,#1432),.PCURVE_S1.);
#1421 = LINE('',#1422,#1423);
#1422 = CARTESIAN_POINT('',(68.710247255213,6.787886435516E+03,
    -122.1601819037));
#1423 = VECTOR('',#1424,1.);
#1424 = DIRECTION('',(-1.110223024625E-16,-1.,0.));
#1425 = PCURVE('',#373,#1426);
#1426 = DEFINITIONAL_REPRESENTATION('',(#1427),#1431);
#1427 = LINE('',#1428,#1429);
#1428 = CARTESIAN_POINT('',(6.820219295044E+03,-1.351200783127E+04));
#1429 = VECTOR('',#1430,1.);
#1430 = DIRECTION('',(-1.,0.));
#1431 = ( GEOMETRIC_REPRESENTATION_CONTEXT(2) 
PARAMETRIC_REPRESENTATION_CONTEXT() REPRESENTATION_CONTEXT('2D SPACE',''
  ) );
#1432 = PCURVE('',#1433,#1438);
#1433 = PLANE('',#1434);
#1434 = AXIS2_PLACEMENT_3D('',#1435,#1436,#1437);
#1435 = CARTESIAN_POINT('',(167.74364437873,1.360810573056E+04,
    -119.1738762059));
#1436 = DIRECTION('',(-3.014083119581E-02,3.346304477493E-18,
    0.999545661936));
#1437 = DIRECTION('',(0.999545661936,-1.109718608045E-16,
    3.014083119581E-02));
#1438 = DEFINITIONAL_REPRESENTATION('',(#1439),#1443);
#1439 = LINE('',#1440,#1441);
#1440 = CARTESIAN_POINT('',(-99.07841221752,-6.820219295044E+03));
#1441 = VECTOR('',#1442,1.);
#1442 = DIRECTION('',(-0.,-1.));
#1443 = ( GEOMETRIC_REPRESENTATION_CONTEXT(2) 
PARAMETRIC_REPRESENTATION_CONTEXT() REPRESENTATION_CONTEXT('2D SPACE',''
  ) );
#1444 = ORIENTED_EDGE('',*,*,#1445,.F.);
#1445 = EDGE_CURVE('',#1233,#1418,#1446,.T.);
#1446 = SURFACE_CURVE('',#1447,(#1451,#1458),.PCURVE_S1.);
#1447 = LINE('',#1448,#1449);
#1448 = CARTESIAN_POINT('',(-6.67401420714E+03,311.65947105125,
    -122.1601819037));
#1449 = VECTOR('',#1450,1.);
#1450 = DIRECTION('',(0.999020661021,-4.424611681352E-02,0.));
#1451 = PCURVE('',#373,#1452);
#1452 = DEFINITIONAL_REPRESENTATION('',(#1453),#1457);
#1453 = LINE('',#1454,#1455);
#1454 = CARTESIAN_POINT('',(343.99233057852,-6.76928337687E+03));
#1455 = VECTOR('',#1456,1.);
#1456 = DIRECTION('',(-4.424611681352E-02,-0.999020661021));
#1457 = ( GEOMETRIC_REPRESENTATION_CONTEXT(2) 
PARAMETRIC_REPRESENTATION_CONTEXT() REPRESENTATION_CONTEXT('2D SPACE',''
  ) );
#1458 = PCURVE('',#1300,#1459);
#1459 = DEFINITIONAL_REPRESENTATION('',(#1460),#1464);
#1460 = LINE('',#1461,#1462);
#1461 = CARTESIAN_POINT('',(-6.747433628957E+03,-1.359939654341E+04));
#1462 = VECTOR('',#1463,1.);
#1463 = DIRECTION('',(1.,0.));
#1464 = ( GEOMETRIC_REPRESENTATION_CONTEXT(2) 
PARAMETRIC_REPRESENTATION_CONTEXT() REPRESENTATION_CONTEXT('2D SPACE',''
  ) );
#1465 = ADVANCED_FACE('',(#1466),#1121,.T.);
#1466 = FACE_BOUND('',#1467,.T.);
#1467 = EDGE_LOOP('',(#1468,#1469,#1470,#1502));
#1468 = ORIENTED_EDGE('',*,*,#1317,.F.);
#1469 = ORIENTED_EDGE('',*,*,#1106,.F.);
#1470 = ORIENTED_EDGE('',*,*,#1471,.T.);
#1471 = EDGE_CURVE('',#1008,#1472,#1474,.T.);
#1472 = VERTEX_POINT('',#1473);
#1473 = CARTESIAN_POINT('',(84.761321401062,9.197430472645,
    -105.2258202285));
#1474 = SURFACE_CURVE('',#1475,(#1484,#1496),.PCURVE_S1.);
#1475 = B_SPLINE_CURVE_WITH_KNOTS('',3,(#1476,#1477,#1478,#1479,#1480,
    #1481,#1482,#1483),.UNSPECIFIED.,.F.,.F.,(4,2,2,4),(-3.100030253713,
    0.,72.975844012219,76.067116789924),.UNSPECIFIED.);
#1476 = CARTESIAN_POINT('',(47.660382500848,10.840612181011,
    -105.1908743432));
#1477 = CARTESIAN_POINT('',(49.065190018092,10.778393970784,
    -105.1908743432));
#1478 = CARTESIAN_POINT('',(50.469997535336,10.716175760557,
    -105.1908743432));
#1479 = CARTESIAN_POINT('',(84.944486912234,9.189318165342,
    -105.1908743432));
#1480 = CARTESIAN_POINT('',(118.01416877188,7.724678780354,
    -105.3269559196));
#1481 = CARTESIAN_POINT('',(152.48468961715,6.197996949386,
    -105.3269559196));
#1482 = CARTESIAN_POINT('',(153.88552860276,6.135954503406,
    -105.3269559196));
#1483 = CARTESIAN_POINT('',(155.28636758837,6.073912057426,
    -105.3269559196));
#1484 = PCURVE('',#1121,#1485);
#1485 = DEFINITIONAL_REPRESENTATION('',(#1486),#1495);
#1486 = B_SPLINE_CURVE_WITH_KNOTS('',3,(#1487,#1488,#1489,#1490,#1491,
    #1492,#1493,#1494),.UNSPECIFIED.,.F.,.F.,(4,2,2,4),(-3.100030253713,
    0.,72.975844012219,76.067116789924),.UNSPECIFIED.);
#1487 = CARTESIAN_POINT('',(15.117623123457,-1.359984561015E+04));
#1488 = CARTESIAN_POINT('',(16.523807772139,-1.359984561015E+04));
#1489 = CARTESIAN_POINT('',(17.929992420821,-1.359984561015E+04));
#1490 = CARTESIAN_POINT('',(52.438277106008,-1.359984561015E+04));
#1491 = CARTESIAN_POINT('',(85.540377142513,-1.359998169172E+04));
#1492 = CARTESIAN_POINT('',(120.04468940571,-1.359998169172E+04));
#1493 = CARTESIAN_POINT('',(121.44690163241,-1.359998169172E+04));
#1494 = CARTESIAN_POINT('',(122.84911385911,-1.359998169172E+04));
#1495 = ( GEOMETRIC_REPRESENTATION_CONTEXT(2) 
PARAMETRIC_REPRESENTATION_CONTEXT() REPRESENTATION_CONTEXT('2D SPACE',''
  ) );
#1496 = PCURVE('',#1057,#1497);
#1497 = DEFINITIONAL_REPRESENTATION('',(#1498),#1501);
#1498 = B_SPLINE_CURVE_WITH_KNOTS('',1,(#1499,#1500),.UNSPECIFIED.,.F.,
  .F.,(2,2),(7.899634264432,24.190549089014),.PIECEWISE_BEZIER_KNOTS.);
#1499 = CARTESIAN_POINT('',(0.,7.899634264432));
#1500 = CARTESIAN_POINT('',(0.,24.190549089014));
#1501 = ( GEOMETRIC_REPRESENTATION_CONTEXT(2) 
PARAMETRIC_REPRESENTATION_CONTEXT() REPRESENTATION_CONTEXT('2D SPACE',''
  ) );
#1502 = ORIENTED_EDGE('',*,*,#1503,.T.);
#1503 = EDGE_CURVE('',#1472,#1318,#1504,.T.);
#1504 = SURFACE_CURVE('',#1505,(#1509,#1516),.PCURVE_S1.);
#1505 = LINE('',#1506,#1507);
#1506 = CARTESIAN_POINT('',(-404.6512144287,30.873262690366,
    -90.46781447726));
#1507 = VECTOR('',#1508,1.);
#1508 = DIRECTION('',(-0.998567655899,4.422605344713E-02,
    3.011133988191E-02));
#1509 = PCURVE('',#1121,#1510);
#1510 = DEFINITIONAL_REPRESENTATION('',(#1511),#1515);
#1511 = LINE('',#1512,#1513);
#1512 = CARTESIAN_POINT('',(-437.6373744231,-1.358512255028E+04));
#1513 = VECTOR('',#1514,1.);
#1514 = DIRECTION('',(-0.999546550797,3.011133988191E-02));
#1515 = ( GEOMETRIC_REPRESENTATION_CONTEXT(2) 
PARAMETRIC_REPRESENTATION_CONTEXT() REPRESENTATION_CONTEXT('2D SPACE',''
  ) );
#1516 = PCURVE('',#1356,#1517);
#1517 = DEFINITIONAL_REPRESENTATION('',(#1518),#1522);
#1518 = LINE('',#1519,#1520);
#1519 = CARTESIAN_POINT('',(572.6550377888,-1.357723246787E+04));
#1520 = VECTOR('',#1521,1.);
#1521 = DIRECTION('',(0.999021549415,4.422605344713E-02));
#1522 = ( GEOMETRIC_REPRESENTATION_CONTEXT(2) 
PARAMETRIC_REPRESENTATION_CONTEXT() REPRESENTATION_CONTEXT('2D SPACE',''
  ) );
#1523 = ADVANCED_FACE('',(#1524),#400,.F.);
#1524 = FACE_BOUND('',#1525,.F.);
#1525 = EDGE_LOOP('',(#1526,#1560,#1580,#1601,#1602));
#1526 = ORIENTED_EDGE('',*,*,#1527,.T.);
#1527 = EDGE_CURVE('',#386,#1528,#1530,.T.);
#1528 = VERTEX_POINT('',#1529);
#1529 = CARTESIAN_POINT('',(64.003849739319,10.116768331947,
    -121.5750335909));
#1530 = SURFACE_CURVE('',#1531,(#1541,#1554),.PCURVE_S1.);
#1531 = ( BOUNDED_CURVE() B_SPLINE_CURVE(8,(#1532,#1533,#1534,#1535,
    #1536,#1537,#1538,#1539,#1540),.UNSPECIFIED.,.F.,.F.) 
B_SPLINE_CURVE_WITH_KNOTS((9,9),(8.507251221652E-17,1.483444753801),
.PIECEWISE_BEZIER_KNOTS.) CURVE() GEOMETRIC_REPRESENTATION_ITEM() 
RATIONAL_B_SPLINE_CURVE((1.,1.,1.,1.,1.,1.,1.,1.,1.)) 
REPRESENTATION_ITEM('') );
#1532 = CARTESIAN_POINT('',(61.178006525922,10.241923490188,
    -127.8459992276));
#1533 = CARTESIAN_POINT('',(61.223895331287,10.239891098345,
    -127.3214877668));
#1534 = CARTESIAN_POINT('',(60.980645367609,10.25066451548,
    -126.7715074978));
#1535 = CARTESIAN_POINT('',(60.604806490282,10.267310228145,
    -125.939078613));
#1536 = CARTESIAN_POINT('',(60.411981619757,10.275850343559,
    -124.7351871199));
#1537 = CARTESIAN_POINT('',(60.724510295511,10.262008607512,
    -123.3631203593));
#1538 = CARTESIAN_POINT('',(61.588703027917,10.223733951062,
    -122.2093899746));
#1539 = CARTESIAN_POINT('',(62.796270853228,10.170251386442,
    -121.5750335909));
#1540 = CARTESIAN_POINT('',(64.003849739319,10.116768331947,
    -121.5750335909));
#1541 = PCURVE('',#400,#1542);
#1542 = DEFINITIONAL_REPRESENTATION('',(#1543),#1553);
#1543 = ( BOUNDED_CURVE() B_SPLINE_CURVE(8,(#1544,#1545,#1546,#1547,
    #1548,#1549,#1550,#1551,#1552),.UNSPECIFIED.,.F.,.F.) 
B_SPLINE_CURVE_WITH_KNOTS((9,9),(8.507251221652E-17,1.483444753801),
.PIECEWISE_BEZIER_KNOTS.) CURVE() GEOMETRIC_REPRESENTATION_ITEM() 
RATIONAL_B_SPLINE_CURVE((1.,1.,1.,1.,1.,1.,1.,1.,1.)) 
REPRESENTATION_ITEM('') );
#1544 = CARTESIAN_POINT('',(28.64849846217,-1.359371072609E+04));
#1545 = CARTESIAN_POINT('',(28.694432252286,-1.359423523755E+04));
#1546 = CARTESIAN_POINT('',(28.450943830906,-1.359478521782E+04));
#1547 = CARTESIAN_POINT('',(28.074736519094,-1.35956176467E+04));
#1548 = CARTESIAN_POINT('',(27.881722622537,-1.35968215382E+04));
#1549 = CARTESIAN_POINT('',(28.194557669847,-1.359819360496E+04));
#1550 = CARTESIAN_POINT('',(29.059597569545,-1.359934733534E+04));
#1551 = CARTESIAN_POINT('',(30.268349172416,-1.359998169172E+04));
#1552 = CARTESIAN_POINT('',(31.477111846911,-1.359998169172E+04));
#1553 = ( GEOMETRIC_REPRESENTATION_CONTEXT(2) 
PARAMETRIC_REPRESENTATION_CONTEXT() REPRESENTATION_CONTEXT('2D SPACE',''
  ) );
#1554 = PCURVE('',#454,#1555);
#1555 = DEFINITIONAL_REPRESENTATION('',(#1556),#1559);
#1556 = B_SPLINE_CURVE_WITH_KNOTS('',1,(#1557,#1558),.UNSPECIFIED.,.F.,
  .F.,(2,2),(1.260890769279,1.483444753801),.PIECEWISE_BEZIER_KNOTS.);
#1557 = CARTESIAN_POINT('',(0.,1.260890769279));
#1558 = CARTESIAN_POINT('',(0.,1.483444753801));
#1559 = ( GEOMETRIC_REPRESENTATION_CONTEXT(2) 
PARAMETRIC_REPRESENTATION_CONTEXT() REPRESENTATION_CONTEXT('2D SPACE',''
  ) );
#1560 = ORIENTED_EDGE('',*,*,#1561,.T.);
#1561 = EDGE_CURVE('',#1528,#1562,#1564,.T.);
#1562 = VERTEX_POINT('',#1563);
#1563 = CARTESIAN_POINT('',(88.115234923152,9.048887349096,
    -121.5750335909));
#1564 = SURFACE_CURVE('',#1565,(#1568,#1574),.PCURVE_S1.);
#1565 = B_SPLINE_CURVE_WITH_KNOTS('',1,(#1566,#1567),.UNSPECIFIED.,.F.,
  .F.,(2,2),(-3.091272777704,76.067116789924),.PIECEWISE_BEZIER_KNOTS.);
#1566 = CARTESIAN_POINT('',(47.672288095751,10.840084888273,
    -121.5750335909));
#1567 = CARTESIAN_POINT('',(155.28636758837,6.073912057429,
    -121.5750335909));
#1568 = PCURVE('',#400,#1569);
#1569 = DEFINITIONAL_REPRESENTATION('',(#1570),#1573);
#1570 = B_SPLINE_CURVE_WITH_KNOTS('',1,(#1571,#1572),.UNSPECIFIED.,.F.,
  .F.,(2,2),(-3.091272777704,76.067116789924),.PIECEWISE_BEZIER_KNOTS.);
#1571 = CARTESIAN_POINT('',(15.129540389403,-1.359998169172E+04));
#1572 = CARTESIAN_POINT('',(122.84911385911,-1.359998169172E+04));
#1573 = ( GEOMETRIC_REPRESENTATION_CONTEXT(2) 
PARAMETRIC_REPRESENTATION_CONTEXT() REPRESENTATION_CONTEXT('2D SPACE',''
  ) );
#1574 = PCURVE('',#540,#1575);
#1575 = DEFINITIONAL_REPRESENTATION('',(#1576),#1579);
#1576 = B_SPLINE_CURVE_WITH_KNOTS('',1,(#1577,#1578),.UNSPECIFIED.,.F.,
  .F.,(2,2),(8.921840422023,26.657609109501),.PIECEWISE_BEZIER_KNOTS.);
#1577 = CARTESIAN_POINT('',(79.158389567628,8.921840422023));
#1578 = CARTESIAN_POINT('',(79.158389567628,26.657609109501));
#1579 = ( GEOMETRIC_REPRESENTATION_CONTEXT(2) 
PARAMETRIC_REPRESENTATION_CONTEXT() REPRESENTATION_CONTEXT('2D SPACE',''
  ) );
#1580 = ORIENTED_EDGE('',*,*,#1581,.F.);
#1581 = EDGE_CURVE('',#1395,#1562,#1582,.T.);
#1582 = SURFACE_CURVE('',#1583,(#1587,#1594),.PCURVE_S1.);
#1583 = LINE('',#1584,#1585);
#1584 = CARTESIAN_POINT('',(-404.6512144287,30.873262690369,
    -136.4341750333));
#1585 = VECTOR('',#1586,1.);
#1586 = DIRECTION('',(0.998567655899,-4.422605344713E-02,
    3.011133988191E-02));
#1587 = PCURVE('',#400,#1588);
#1588 = DEFINITIONAL_REPRESENTATION('',(#1589),#1593);
#1589 = LINE('',#1590,#1591);
#1590 = CARTESIAN_POINT('',(-437.6373744231,-1.358512255028E+04));
#1591 = VECTOR('',#1592,1.);
#1592 = DIRECTION('',(0.999546550797,-3.011133988191E-02));
#1593 = ( GEOMETRIC_REPRESENTATION_CONTEXT(2) 
PARAMETRIC_REPRESENTATION_CONTEXT() REPRESENTATION_CONTEXT('2D SPACE',''
  ) );
#1594 = PCURVE('',#1433,#1595);
#1595 = DEFINITIONAL_REPRESENTATION('',(#1596),#1600);
#1596 = LINE('',#1597,#1598);
#1597 = CARTESIAN_POINT('',(-572.6550377888,-1.357723246787E+04));
#1598 = VECTOR('',#1599,1.);
#1599 = DIRECTION('',(0.999021549415,-4.422605344713E-02));
#1600 = ( GEOMETRIC_REPRESENTATION_CONTEXT(2) 
PARAMETRIC_REPRESENTATION_CONTEXT() REPRESENTATION_CONTEXT('2D SPACE',''
  ) );
#1601 = ORIENTED_EDGE('',*,*,#1394,.T.);
#1602 = ORIENTED_EDGE('',*,*,#385,.T.);
#1603 = ADVANCED_FACE('',(#1604),#1057,.T.);
#1604 = FACE_BOUND('',#1605,.T.);
#1605 = EDGE_LOOP('',(#1606,#1607,#1608,#1640,#1683));
#1606 = ORIENTED_EDGE('',*,*,#1471,.F.);
#1607 = ORIENTED_EDGE('',*,*,#1007,.T.);
#1608 = ORIENTED_EDGE('',*,*,#1609,.T.);
#1609 = EDGE_CURVE('',#976,#1610,#1612,.T.);
#1610 = VERTEX_POINT('',#1611);
#1611 = CARTESIAN_POINT('',(142.97865513573,0.214528337754,
    -111.7227653535));
#1612 = SURFACE_CURVE('',#1613,(#1622,#1628),.PCURVE_S1.);
#1613 = B_SPLINE_CURVE_WITH_KNOTS('',3,(#1614,#1615,#1616,#1617,#1618,
    #1619,#1620,#1621),.UNSPECIFIED.,.F.,.F.,(4,2,2,4),(-3.100030253713,
    0.,72.975844012219,76.067116789924),.UNSPECIFIED.);
#1614 = CARTESIAN_POINT('',(47.371371688197,4.315118106261,
    -111.7227653535));
#1615 = CARTESIAN_POINT('',(48.776179205441,4.252899896034,
    -111.7227653535));
#1616 = CARTESIAN_POINT('',(50.180986722685,4.190681685807,
    -111.7227653535));
#1617 = CARTESIAN_POINT('',(84.655476099582,2.663824090591,
    -111.7227653535));
#1618 = CARTESIAN_POINT('',(117.73117904056,1.335133012027,
    -111.7227653535));
#1619 = CARTESIAN_POINT('',(152.20169988582,-0.191548818941,
    -111.7227653535));
#1620 = CARTESIAN_POINT('',(153.60253887143,-0.253591264922,
    -111.7227653535));
#1621 = CARTESIAN_POINT('',(155.00337785704,-0.315633710903,
    -111.7227653535));
#1622 = PCURVE('',#1057,#1623);
#1623 = DEFINITIONAL_REPRESENTATION('',(#1624),#1627);
#1624 = B_SPLINE_CURVE_WITH_KNOTS('',1,(#1625,#1626),.UNSPECIFIED.,.F.,
  .F.,(2,2),(9.884285313304,67.222091411744),.PIECEWISE_BEZIER_KNOTS.);
#1625 = CARTESIAN_POINT('',(79.167147043637,9.884285313304));
#1626 = CARTESIAN_POINT('',(79.167147043637,67.222091411744));
#1627 = ( GEOMETRIC_REPRESENTATION_CONTEXT(2) 
PARAMETRIC_REPRESENTATION_CONTEXT() REPRESENTATION_CONTEXT('2D SPACE',''
  ) );
#1628 = PCURVE('',#991,#1629);
#1629 = DEFINITIONAL_REPRESENTATION('',(#1630),#1639);
#1630 = B_SPLINE_CURVE_WITH_KNOTS('',3,(#1631,#1632,#1633,#1634,#1635,
    #1636,#1637,#1638),.UNSPECIFIED.,.F.,.F.,(4,2,2,4),(-3.100030253713,
    0.,72.975844012219,76.067116789924),.UNSPECIFIED.);
#1631 = CARTESIAN_POINT('',(103.71247894334,-1.360379061245E+04));
#1632 = CARTESIAN_POINT('',(102.3076714261,-1.360385283066E+04));
#1633 = CARTESIAN_POINT('',(100.90286390885,-1.360391504887E+04));
#1634 = CARTESIAN_POINT('',(66.428374531958,-1.360544190647E+04));
#1635 = CARTESIAN_POINT('',(33.352671590979,-1.360677059755E+04));
#1636 = CARTESIAN_POINT('',(-1.117849254284,-1.360829727938E+04));
#1637 = CARTESIAN_POINT('',(-2.518688239894,-1.360835932182E+04));
#1638 = CARTESIAN_POINT('',(-3.919527225504,-1.360842136427E+04));
#1639 = ( GEOMETRIC_REPRESENTATION_CONTEXT(2) 
PARAMETRIC_REPRESENTATION_CONTEXT() REPRESENTATION_CONTEXT('2D SPACE',''
  ) );
#1640 = ORIENTED_EDGE('',*,*,#1641,.F.);
#1641 = EDGE_CURVE('',#1642,#1610,#1644,.T.);
#1642 = VERTEX_POINT('',#1643);
#1643 = CARTESIAN_POINT('',(143.25199740244,6.386246708577,
    -106.9895791632));
#1644 = SURFACE_CURVE('',#1645,(#1649,#1655),.PCURVE_S1.);
#1645 = ( BOUNDED_CURVE() B_SPLINE_CURVE(2,(#1646,#1647,#1648),
.UNSPECIFIED.,.F.,.F.) B_SPLINE_CURVE_WITH_KNOTS((3,3),(0.,
1.483444753801),.PIECEWISE_BEZIER_KNOTS.) CURVE() 
GEOMETRIC_REPRESENTATION_ITEM() RATIONAL_B_SPLINE_CURVE((1.,
0.707106781187,1.)) REPRESENTATION_ITEM('') );
#1646 = CARTESIAN_POINT('',(143.26175125445,6.606476197196,
    -105.3245514738));
#1647 = CARTESIAN_POINT('',(143.26175125445,6.606476197196,
    -111.7227653535));
#1648 = CARTESIAN_POINT('',(142.97865513573,0.214528337754,
    -111.7227653535));
#1649 = PCURVE('',#1057,#1650);
#1650 = DEFINITIONAL_REPRESENTATION('',(#1651),#1654);
#1651 = B_SPLINE_CURVE_WITH_KNOTS('',1,(#1652,#1653),.UNSPECIFIED.,.F.,
  .F.,(2,2),(0.263317056481,1.483444753801),.PIECEWISE_BEZIER_KNOTS.);
#1652 = CARTESIAN_POINT('',(14.052468132806,67.222091411744));
#1653 = CARTESIAN_POINT('',(79.167147043637,67.222091411744));
#1654 = ( GEOMETRIC_REPRESENTATION_CONTEXT(2) 
PARAMETRIC_REPRESENTATION_CONTEXT() REPRESENTATION_CONTEXT('2D SPACE',''
  ) );
#1655 = PCURVE('',#1656,#1678);
#1656 = ( BOUNDED_SURFACE() B_SPLINE_SURFACE(2,6,(
    (#1657,#1658,#1659,#1660,#1661,#1662,#1663)
    ,(#1664,#1665,#1666,#1667,#1668,#1669,#1670)
    ,(#1671,#1672,#1673,#1674,#1675,#1676,#1677
)),.UNSPECIFIED.,.F.,.F.,.F.) B_SPLINE_SURFACE_WITH_KNOTS((3,3),(7,7),(
    0.,1.483444753801),(0.,1.483444753801),.PIECEWISE_BEZIER_KNOTS.) 
GEOMETRIC_REPRESENTATION_ITEM() RATIONAL_B_SPLINE_SURFACE((
    (1.,1.,1.,1.,1.,1.,1.)
    ,(0.722522576461,0.72219285228,0.720745342406,0.718213826641
      ,0.714820700767,0.710976299711,0.707106781187)
,(1.,1.,1.,1.,1.,1.,1.))) REPRESENTATION_ITEM('') SURFACE() );
#1657 = CARTESIAN_POINT('',(145.71947635235,6.497624803005,
    -103.092600962));
#1658 = CARTESIAN_POINT('',(145.6662617611,6.499981650178,
    -103.7008465411));
#1659 = CARTESIAN_POINT('',(145.42857120622,6.510508843926,
    -104.2929087982));
#1660 = CARTESIAN_POINT('',(145.01409249411,6.528865895214,
    -104.7973275976));
#1661 = CARTESIAN_POINT('',(144.47067458893,6.552933597765,
    -105.1495357421));
#1662 = CARTESIAN_POINT('',(143.86625463074,6.579703050207,
    -105.3245514738));
#1663 = CARTESIAN_POINT('',(143.26175125445,6.606476197196,
    -105.3245514738));
#1664 = CARTESIAN_POINT('',(151.79231783578,6.228661743331,
    -103.6249479173));
#1665 = CARTESIAN_POINT('',(151.61333085323,6.236588985726,
    -105.7375918966));
#1666 = CARTESIAN_POINT('',(150.82567079564,6.271474048946,
    -107.8064551326));
#1667 = CARTESIAN_POINT('',(149.44058458387,6.332818812587,
    -109.6145416896));
#1668 = CARTESIAN_POINT('',(147.57158945947,6.415595655774,
    -110.9428140307));
#1669 = CARTESIAN_POINT('',(145.43471372574,6.510236794861,
    -111.6531202552));
#1670 = CARTESIAN_POINT('',(143.26175125445,6.606476197196,
    -111.7227653535));
#1671 = CARTESIAN_POINT('',(151.79026494459,0.126647052524,
    -103.6484125717));
#1672 = CARTESIAN_POINT('',(151.59976358419,0.129001239242,
    -105.8258531486));
#1673 = CARTESIAN_POINT('',(150.76365554974,0.135314874109,
    -107.9467807641));
#1674 = CARTESIAN_POINT('',(149.30210210664,0.147342387326,
    -109.7736175883));
#1675 = CARTESIAN_POINT('',(147.35461947081,0.165114457034,
    -111.0734727226));
#1676 = CARTESIAN_POINT('',(145.1666071534,0.187719921592,
    -111.7227653535));
#1677 = CARTESIAN_POINT('',(142.97865513573,0.214528337754,
    -111.7227653535));
#1678 = DEFINITIONAL_REPRESENTATION('',(#1679),#1682);
#1679 = B_SPLINE_CURVE_WITH_KNOTS('',1,(#1680,#1681),.UNSPECIFIED.,.F.,
  .F.,(2,2),(0.263317056481,1.483444753801),.PIECEWISE_BEZIER_KNOTS.);
#1680 = CARTESIAN_POINT('',(0.263317056481,1.483444753801));
#1681 = CARTESIAN_POINT('',(1.483444753801,1.483444753801));
#1682 = ( GEOMETRIC_REPRESENTATION_CONTEXT(2) 
PARAMETRIC_REPRESENTATION_CONTEXT() REPRESENTATION_CONTEXT('2D SPACE',''
  ) );
#1683 = ORIENTED_EDGE('',*,*,#1684,.F.);
#1684 = EDGE_CURVE('',#1472,#1642,#1685,.T.);
#1685 = SURFACE_CURVE('',#1686,(#1697,#1711),.PCURVE_S1.);
#1686 = B_SPLINE_CURVE_WITH_KNOTS('',5,(#1687,#1688,#1689,#1690,#1691,
    #1692,#1693,#1694,#1695,#1696),.UNSPECIFIED.,.F.,.F.,(6,4,6),(0.,
    0.497757129174,1.),.UNSPECIFIED.);
#1687 = CARTESIAN_POINT('',(84.761321401113,9.197430472642,
    -105.2258202285));
#1688 = CARTESIAN_POINT('',(90.64639375353,8.936783612222,
    -105.4032818284));
#1689 = CARTESIAN_POINT('',(96.534296860327,8.670657755262,
    -105.5808287884));
#1690 = CARTESIAN_POINT('',(102.41441447177,8.399624262627,
    -105.7581409804));
#1691 = CARTESIAN_POINT('',(108.27778761768,8.124011302979,
    -105.9349482509));
#1692 = CARTESIAN_POINT('',(120.00846847069,7.561360369584,
    -106.2886814368));
#1693 = CARTESIAN_POINT('',(125.87525856806,7.274245521335,
    -106.4655917439));
#1694 = CARTESIAN_POINT('',(131.70930154148,6.982739988075,
    -106.6415145768));
#1695 = CARTESIAN_POINT('',(137.50363722438,6.686798162981,
    -106.8162400549));
#1696 = CARTESIAN_POINT('',(143.25199740244,6.386246708577,
    -106.9895791632));
#1697 = PCURVE('',#1057,#1698);
#1698 = DEFINITIONAL_REPRESENTATION('',(#1699),#1710);
#1699 = B_SPLINE_CURVE_WITH_KNOTS('',5,(#1700,#1701,#1702,#1703,#1704,
    #1705,#1706,#1707,#1708,#1709),.UNSPECIFIED.,.F.,.F.,(6,4,6),(0.,
    0.497757129174,1.),.UNSPECIFIED.);
#1700 = CARTESIAN_POINT('',(0.,24.190549089052));
#1701 = CARTESIAN_POINT('',(1.436582228278,28.519470101087));
#1702 = CARTESIAN_POINT('',(2.850268058302,32.85064742013));
#1703 = CARTESIAN_POINT('',(4.249539390569,37.176268692621));
#1704 = CARTESIAN_POINT('',(5.640978440683,41.489746141633));
#1705 = CARTESIAN_POINT('',(8.430929035877,50.119961023447));
#1706 = CARTESIAN_POINT('',(9.829372506735,54.436320959627));
#1707 = CARTESIAN_POINT('',(11.230257646667,58.728782799106));
#1708 = CARTESIAN_POINT('',(12.637163064269,62.992238312712));
#1709 = CARTESIAN_POINT('',(14.0524681328,67.222091411744));
#1710 = ( GEOMETRIC_REPRESENTATION_CONTEXT(2) 
PARAMETRIC_REPRESENTATION_CONTEXT() REPRESENTATION_CONTEXT('2D SPACE',''
  ) );
#1711 = PCURVE('',#1356,#1712);
#1712 = DEFINITIONAL_REPRESENTATION('',(#1713),#1724);
#1713 = B_SPLINE_CURVE_WITH_KNOTS('',5,(#1714,#1715,#1716,#1717,#1718,
    #1719,#1720,#1721,#1722,#1723),.UNSPECIFIED.,.F.,.F.,(6,4,6),(0.,
    0.497757129174,1.),.UNSPECIFIED.);
#1714 = CARTESIAN_POINT('',(83.020042142851,-1.359890830009E+04));
#1715 = CARTESIAN_POINT('',(77.132294762687,-1.359916894695E+04));
#1716 = CARTESIAN_POINT('',(71.241715341439,-1.35994350728E+04));
#1717 = CARTESIAN_POINT('',(65.358924954399,-1.35997061063E+04));
#1718 = CARTESIAN_POINT('',(59.492886643994,-1.359998171926E+04));
#1719 = CARTESIAN_POINT('',(47.756873673577,-1.360054437019E+04));
#1720 = CARTESIAN_POINT('',(41.887416858551,-1.360083148504E+04));
#1721 = CARTESIAN_POINT('',(36.050722052517,-1.360112299057E+04));
#1722 = CARTESIAN_POINT('',(30.253752585736,-1.36014189324E+04));
#1723 = CARTESIAN_POINT('',(24.502779521703,-1.360171948385E+04));
#1724 = ( GEOMETRIC_REPRESENTATION_CONTEXT(2) 
PARAMETRIC_REPRESENTATION_CONTEXT() REPRESENTATION_CONTEXT('2D SPACE',''
  ) );
#1725 = ADVANCED_FACE('',(#1726),#454,.F.);
#1726 = FACE_BOUND('',#1727,.F.);
#1727 = EDGE_LOOP('',(#1728,#1729,#1730));
#1728 = ORIENTED_EDGE('',*,*,#1527,.F.);
#1729 = ORIENTED_EDGE('',*,*,#412,.T.);
#1730 = ORIENTED_EDGE('',*,*,#1731,.F.);
#1731 = EDGE_CURVE('',#1528,#413,#1732,.T.);
#1732 = SURFACE_CURVE('',#1733,(#1737,#1743),.PCURVE_S1.);
#1733 = ( BOUNDED_CURVE() B_SPLINE_CURVE(2,(#1734,#1735,#1736),
.UNSPECIFIED.,.F.,.F.) B_SPLINE_CURVE_WITH_KNOTS((3,3),(0.,
1.483444753801),.PIECEWISE_BEZIER_KNOTS.) CURVE() 
GEOMETRIC_REPRESENTATION_ITEM() RATIONAL_B_SPLINE_CURVE((1.,
0.707106781187,1.)) REPRESENTATION_ITEM('') );
#1734 = CARTESIAN_POINT('',(64.003849739319,10.116768331947,
    -121.5750335909));
#1735 = CARTESIAN_POINT('',(64.003849739319,10.116768331947,
    -115.1792241571));
#1736 = CARTESIAN_POINT('',(63.720860007994,3.727222563618,
    -115.1792241571));
#1737 = PCURVE('',#454,#1738);
#1738 = DEFINITIONAL_REPRESENTATION('',(#1739),#1742);
#1739 = B_SPLINE_CURVE_WITH_KNOTS('',1,(#1740,#1741),.UNSPECIFIED.,.F.,
  .F.,(2,2),(0.,0.872853309675),.PIECEWISE_BEZIER_KNOTS.);
#1740 = CARTESIAN_POINT('',(0.,1.483444753801));
#1741 = CARTESIAN_POINT('',(0.872853309675,1.483444753801));
#1742 = ( GEOMETRIC_REPRESENTATION_CONTEXT(2) 
PARAMETRIC_REPRESENTATION_CONTEXT() REPRESENTATION_CONTEXT('2D SPACE',''
  ) );
#1743 = PCURVE('',#540,#1744);
#1744 = DEFINITIONAL_REPRESENTATION('',(#1745),#1748);
#1745 = B_SPLINE_CURVE_WITH_KNOTS('',1,(#1746,#1747),.UNSPECIFIED.,.F.,
  .F.,(2,2),(0.,0.872853309675),.PIECEWISE_BEZIER_KNOTS.);
#1746 = CARTESIAN_POINT('',(79.158389567628,8.921840422023));
#1747 = CARTESIAN_POINT('',(32.581891086243,8.921840422023));
#1748 = ( GEOMETRIC_REPRESENTATION_CONTEXT(2) 
PARAMETRIC_REPRESENTATION_CONTEXT() REPRESENTATION_CONTEXT('2D SPACE',''
  ) );
#1749 = ADVANCED_FACE('',(#1750),#991,.F.);
#1750 = FACE_BOUND('',#1751,.F.);
#1751 = EDGE_LOOP('',(#1752,#1753,#1780,#1798));
#1752 = ORIENTED_EDGE('',*,*,#1609,.T.);
#1753 = ORIENTED_EDGE('',*,*,#1754,.T.);
#1754 = EDGE_CURVE('',#1610,#1755,#1757,.T.);
#1755 = VERTEX_POINT('',#1756);
#1756 = CARTESIAN_POINT('',(142.97865513573,-0.216935140713,
    -111.7227653535));
#1757 = SURFACE_CURVE('',#1758,(#1762,#1769),.PCURVE_S1.);
#1758 = LINE('',#1759,#1760);
#1759 = CARTESIAN_POINT('',(142.97865513573,6.260039395365,
    -111.7227653535));
#1760 = VECTOR('',#1761,1.);
#1761 = DIRECTION('',(-1.110223024625E-16,-1.,0.));
#1762 = PCURVE('',#991,#1763);
#1763 = DEFINITIONAL_REPRESENTATION('',(#1764),#1768);
#1764 = LINE('',#1765,#1766);
#1765 = CARTESIAN_POINT('',(8.105195495809,-1.360184569116E+04));
#1766 = VECTOR('',#1767,1.);
#1767 = DIRECTION('',(0.,-1.));
#1768 = ( GEOMETRIC_REPRESENTATION_CONTEXT(2) 
PARAMETRIC_REPRESENTATION_CONTEXT() REPRESENTATION_CONTEXT('2D SPACE',''
  ) );
#1769 = PCURVE('',#1770,#1775);
#1770 = CYLINDRICAL_SURFACE('',#1771,8.845268724864);
#1771 = AXIS2_PLACEMENT_3D('',#1772,#1773,#1774);
#1772 = CARTESIAN_POINT('',(142.97865513573,6.260039395365,
    -102.8774966286));
#1773 = DIRECTION('',(-1.110223024625E-16,-1.,0.));
#1774 = DIRECTION('',(0.996194698313,-1.105998291077E-16,
    -8.715574021868E-02));
#1775 = DEFINITIONAL_REPRESENTATION('',(#1776),#1779);
#1776 = B_SPLINE_CURVE_WITH_KNOTS('',1,(#1777,#1778),.UNSPECIFIED.,.F.,
  .F.,(2,2),(6.045511057607,6.476974536077),.PIECEWISE_BEZIER_KNOTS.);
#1777 = CARTESIAN_POINT('',(-1.483529866734,6.045511057607));
#1778 = CARTESIAN_POINT('',(-1.483529866734,6.476974536077));
#1779 = ( GEOMETRIC_REPRESENTATION_CONTEXT(2) 
PARAMETRIC_REPRESENTATION_CONTEXT() REPRESENTATION_CONTEXT('2D SPACE',''
  ) );
#1780 = ORIENTED_EDGE('',*,*,#1781,.F.);
#1781 = EDGE_CURVE('',#895,#1755,#1782,.T.);
#1782 = SURFACE_CURVE('',#1783,(#1786,#1792),.PCURVE_S1.);
#1783 = B_SPLINE_CURVE_WITH_KNOTS('',1,(#1784,#1785),.UNSPECIFIED.,.F.,
  .F.,(2,2),(-3.091272777704,76.067116789924),.PIECEWISE_BEZIER_KNOTS.);
#1784 = CARTESIAN_POINT('',(47.389298364426,-4.450539119945,
    -111.7227653535));
#1785 = CARTESIAN_POINT('',(155.00337785704,0.3156337109,-111.7227653535
    ));
#1786 = PCURVE('',#991,#1787);
#1787 = DEFINITIONAL_REPRESENTATION('',(#1788),#1791);
#1788 = B_SPLINE_CURVE_WITH_KNOTS('',1,(#1789,#1790),.UNSPECIFIED.,.F.,
  .F.,(2,2),(-3.091272777704,76.067116789924),.PIECEWISE_BEZIER_KNOTS.);
#1789 = CARTESIAN_POINT('',(103.69455226711,-1.361255626968E+04));
#1790 = CARTESIAN_POINT('',(-3.919527225504,-1.360779009685E+04));
#1791 = ( GEOMETRIC_REPRESENTATION_CONTEXT(2) 
PARAMETRIC_REPRESENTATION_CONTEXT() REPRESENTATION_CONTEXT('2D SPACE',''
  ) );
#1792 = PCURVE('',#944,#1793);
#1793 = DEFINITIONAL_REPRESENTATION('',(#1794),#1797);
#1794 = B_SPLINE_CURVE_WITH_KNOTS('',1,(#1795,#1796),.UNSPECIFIED.,.F.,
  .F.,(2,2),(9.862861234294,67.222013155676),.PIECEWISE_BEZIER_KNOTS.);
#1795 = CARTESIAN_POINT('',(0.,9.862861234294));
#1796 = CARTESIAN_POINT('',(0.,67.222013155676));
#1797 = ( GEOMETRIC_REPRESENTATION_CONTEXT(2) 
PARAMETRIC_REPRESENTATION_CONTEXT() REPRESENTATION_CONTEXT('2D SPACE',''
  ) );
#1798 = ORIENTED_EDGE('',*,*,#975,.T.);
#1799 = ADVANCED_FACE('',(#1800),#540,.T.);
#1800 = FACE_BOUND('',#1801,.T.);
#1801 = EDGE_LOOP('',(#1802,#1803,#1804,#1842,#1888,#1906));
#1802 = ORIENTED_EDGE('',*,*,#1731,.F.);
#1803 = ORIENTED_EDGE('',*,*,#1561,.T.);
#1804 = ORIENTED_EDGE('',*,*,#1805,.T.);
#1805 = EDGE_CURVE('',#1562,#1806,#1808,.T.);
#1806 = VERTEX_POINT('',#1807);
#1807 = CARTESIAN_POINT('',(139.51235103051,6.581724240229,
    -120.0251776318));
#1808 = SURFACE_CURVE('',#1809,(#1818,#1830),.PCURVE_S1.);
#1809 = B_SPLINE_CURVE_WITH_KNOTS('',4,(#1810,#1811,#1812,#1813,#1814,
    #1815,#1816,#1817),.UNSPECIFIED.,.F.,.F.,(5,3,5),(0.,0.49747932826,
    1.),.UNSPECIFIED.);
#1810 = CARTESIAN_POINT('',(88.115234923152,9.048887349096,
    -121.5750335909));
#1811 = CARTESIAN_POINT('',(94.546026322893,8.7640708697,-121.3811160888
    ));
#1812 = CARTESIAN_POINT('',(100.97380372065,8.471540580783,
    -121.1872894725));
#1813 = CARTESIAN_POINT('',(107.39092960213,8.171653105885,
    -120.9937840476));
#1814 = CARTESIAN_POINT('',(120.25498360231,7.554559167218,
    -120.6058745254));
#1815 = CARTESIAN_POINT('',(126.70151742828,7.23720900678,
    -120.4114823178));
#1816 = CARTESIAN_POINT('',(133.12304578412,6.912872396899,
    -120.2178441384));
#1817 = CARTESIAN_POINT('',(139.51235103051,6.581724240229,
    -120.0251776318));
#1818 = PCURVE('',#540,#1819);
#1819 = DEFINITIONAL_REPRESENTATION('',(#1820),#1829);
#1820 = B_SPLINE_CURVE_WITH_KNOTS('',4,(#1821,#1822,#1823,#1824,#1825,
    #1826,#1827,#1828),.UNSPECIFIED.,.F.,.F.,(5,3,5),(0.,0.49747932826,
    1.),.UNSPECIFIED.);
#1821 = CARTESIAN_POINT('',(79.158389567628,26.657609109501));
#1822 = CARTESIAN_POINT('',(77.461305151861,31.387948236584));
#1823 = CARTESIAN_POINT('',(75.793424288222,36.116325485807));
#1824 = CARTESIAN_POINT('',(74.149448864627,40.837122283989));
#1825 = CARTESIAN_POINT('',(70.883298513546,50.301157908178));
#1826 = CARTESIAN_POINT('',(69.261503198658,55.044111941733));
#1827 = CARTESIAN_POINT('',(67.654304936486,59.768935709013));
#1828 = CARTESIAN_POINT('',(66.056980170071,64.470324790945));
#1829 = ( GEOMETRIC_REPRESENTATION_CONTEXT(2) 
PARAMETRIC_REPRESENTATION_CONTEXT() REPRESENTATION_CONTEXT('2D SPACE',''
  ) );
#1830 = PCURVE('',#1433,#1831);
#1831 = DEFINITIONAL_REPRESENTATION('',(#1832),#1841);
#1832 = B_SPLINE_CURVE_WITH_KNOTS('',4,(#1833,#1834,#1835,#1836,#1837,
    #1838,#1839,#1840),.UNSPECIFIED.,.F.,.F.,(5,3,5),(0.,0.49747932826,
    1.),.UNSPECIFIED.);
#1833 = CARTESIAN_POINT('',(-79.66460411759,-1.359905684321E+04));
#1834 = CARTESIAN_POINT('',(-73.23088963647,-1.359934165969E+04));
#1835 = CARTESIAN_POINT('',(-66.80019052732,-1.359963418998E+04));
#1836 = CARTESIAN_POINT('',(-60.38014777605,-1.359993407745E+04));
#1837 = CARTESIAN_POINT('',(-47.51024648983,-1.360055117139E+04));
#1838 = CARTESIAN_POINT('',(-41.06078242684,-1.360086852155E+04));
#1839 = CARTESIAN_POINT('',(-34.63633520009,-1.360119285816E+04));
#1840 = CARTESIAN_POINT('',(-28.24412572962,-1.360152400632E+04));
#1841 = ( GEOMETRIC_REPRESENTATION_CONTEXT(2) 
PARAMETRIC_REPRESENTATION_CONTEXT() REPRESENTATION_CONTEXT('2D SPACE',''
  ) );
#1842 = ORIENTED_EDGE('',*,*,#1843,.T.);
#1843 = EDGE_CURVE('',#1806,#1844,#1846,.T.);
#1844 = VERTEX_POINT('',#1845);
#1845 = CARTESIAN_POINT('',(139.23779567612,0.382615902974,
    -115.1792241571));
#1846 = SURFACE_CURVE('',#1847,(#1851,#1857),.PCURVE_S1.);
#1847 = ( BOUNDED_CURVE() B_SPLINE_CURVE(2,(#1848,#1849,#1850),
.UNSPECIFIED.,.F.,.F.) B_SPLINE_CURVE_WITH_KNOTS((3,3),(0.,
1.483444753801),.PIECEWISE_BEZIER_KNOTS.) CURVE() 
GEOMETRIC_REPRESENTATION_ITEM() RATIONAL_B_SPLINE_CURVE((1.,
0.707106781187,1.)) REPRESENTATION_ITEM('') );
#1848 = CARTESIAN_POINT('',(139.52078540745,6.772161671303,
    -121.5750335909));
#1849 = CARTESIAN_POINT('',(139.52078540745,6.772161671303,
    -115.1792241571));
#1850 = CARTESIAN_POINT('',(139.23779567612,0.382615902974,
    -115.1792241571));
#1851 = PCURVE('',#540,#1852);
#1852 = DEFINITIONAL_REPRESENTATION('',(#1853),#1856);
#1853 = B_SPLINE_CURVE_WITH_KNOTS('',1,(#1854,#1855),.UNSPECIFIED.,.F.,
  .F.,(2,2),(0.245523148517,1.483444753801),.PIECEWISE_BEZIER_KNOTS.);
#1854 = CARTESIAN_POINT('',(66.056980170071,64.470324790945));
#1855 = CARTESIAN_POINT('',(0.,64.470324790945));
#1856 = ( GEOMETRIC_REPRESENTATION_CONTEXT(2) 
PARAMETRIC_REPRESENTATION_CONTEXT() REPRESENTATION_CONTEXT('2D SPACE',''
  ) );
#1857 = PCURVE('',#1858,#1883);
#1858 = ( BOUNDED_SURFACE() B_SPLINE_SURFACE(2,7,(
    (#1859,#1860,#1861,#1862,#1863,#1864,#1865,#1866)
    ,(#1867,#1868,#1869,#1870,#1871,#1872,#1873,#1874)
    ,(#1875,#1876,#1877,#1878,#1879,#1880,#1881,#1882
)),.UNSPECIFIED.,.F.,.F.,.F.) B_SPLINE_SURFACE_WITH_KNOTS((3,3),(8,8),(
    0.,1.483444753801),(2.241522952521E-16,1.483444753801),
.PIECEWISE_BEZIER_KNOTS.) GEOMETRIC_REPRESENTATION_ITEM() 
RATIONAL_B_SPLINE_SURFACE((
    (1.,1.,1.,1.,1.,1.,1.,1.)
    ,(0.722522576461,0.72223986476,0.721158225256,0.719297069618
      ,0.716756945095,0.713719822418,0.710422119527,0.707106781187)
,(1.,1.,1.,1.,1.,1.,1.,1.))) REPRESENTATION_ITEM('') SURFACE() );
#1859 = CARTESIAN_POINT('',(146.09259193361,6.481099703741,
    -127.5317026599));
#1860 = CARTESIAN_POINT('',(145.97062688144,6.48650147385,
    -126.1376356937));
#1861 = CARTESIAN_POINT('',(145.49456253517,6.507586121543,
    -124.7746305211));
#1862 = CARTESIAN_POINT('',(144.67782362568,6.54375907232,
    -123.5531659601));
#1863 = CARTESIAN_POINT('',(143.57770972852,6.592482557129,
    -122.5750384692));
#1864 = CARTESIAN_POINT('',(142.28693187228,6.649650451684,
    -121.9069950754));
#1865 = CARTESIAN_POINT('',(140.90385555387,6.710906198171,
    -121.5750335909));
#1866 = CARTESIAN_POINT('',(139.52078540745,6.772161671303,
    -121.5750335909));
#1867 = CARTESIAN_POINT('',(152.11833929113,6.214222418944,
    -127.0034839886));
#1868 = CARTESIAN_POINT('',(151.88938681691,6.224362607545,
    -124.3297060926));
#1869 = CARTESIAN_POINT('',(151.01188998724,6.263226495694,
    -121.7047097326));
#1870 = CARTESIAN_POINT('',(149.49706884856,6.330317153244,
    -119.3174625291));
#1871 = CARTESIAN_POINT('',(147.42480386988,6.422096714861,
    -117.3554715951));
#1872 = CARTESIAN_POINT('',(144.94466771217,6.531940683489,
    -115.9685853916));
#1873 = CARTESIAN_POINT('',(142.24515894425,6.651500553414,
    -115.2389190108));
#1874 = CARTESIAN_POINT('',(139.52078540745,6.772161671303,
    -115.1792241571));
#1875 = CARTESIAN_POINT('',(152.11630231985,0.159528088623,
    -126.9802012996));
#1876 = CARTESIAN_POINT('',(151.8775754436,0.164925930698,
    -124.2515405383));
#1877 = CARTESIAN_POINT('',(150.96432446863,0.176274192154,
    -121.5818084985));
#1878 = CARTESIAN_POINT('',(149.39408007043,0.196866572893,
    -119.1706590277));
#1879 = CARTESIAN_POINT('',(147.25737558672,0.228071276595,
    -117.2118359532));
#1880 = CARTESIAN_POINT('',(144.71780965766,0.269714087743,
    -115.8566643596));
#1881 = CARTESIAN_POINT('',(141.9775963503,0.32130505694,-115.1792241571
    ));
#1882 = CARTESIAN_POINT('',(139.23779567612,0.382615902974,
    -115.1792241571));
#1883 = DEFINITIONAL_REPRESENTATION('',(#1884),#1887);
#1884 = B_SPLINE_CURVE_WITH_KNOTS('',1,(#1885,#1886),.UNSPECIFIED.,.F.,
  .F.,(2,2),(0.245523148517,1.483444753801),.PIECEWISE_BEZIER_KNOTS.);
#1885 = CARTESIAN_POINT('',(0.245523148517,1.483444753801));
#1886 = CARTESIAN_POINT('',(1.483444753801,1.483444753801));
#1887 = ( GEOMETRIC_REPRESENTATION_CONTEXT(2) 
PARAMETRIC_REPRESENTATION_CONTEXT() REPRESENTATION_CONTEXT('2D SPACE',''
  ) );
#1888 = ORIENTED_EDGE('',*,*,#1889,.F.);
#1889 = EDGE_CURVE('',#503,#1844,#1890,.T.);
#1890 = SURFACE_CURVE('',#1891,(#1894,#1900),.PCURVE_S1.);
#1891 = B_SPLINE_CURVE_WITH_KNOTS('',1,(#1892,#1893),.UNSPECIFIED.,.F.,
  .F.,(2,2),(-3.091272777704,76.067116789924),.PIECEWISE_BEZIER_KNOTS.);
#1892 = CARTESIAN_POINT('',(47.389298364426,4.450539119945,
    -115.1792241571));
#1893 = CARTESIAN_POINT('',(155.00337785704,-0.3156337109,
    -115.1792241571));
#1894 = PCURVE('',#540,#1895);
#1895 = DEFINITIONAL_REPRESENTATION('',(#1896),#1899);
#1896 = B_SPLINE_CURVE_WITH_KNOTS('',1,(#1897,#1898),.UNSPECIFIED.,.F.,
  .F.,(2,2),(9.862861234321,64.470324790945),.PIECEWISE_BEZIER_KNOTS.);
#1897 = CARTESIAN_POINT('',(0.,9.862861234321));
#1898 = CARTESIAN_POINT('',(0.,64.470324790945));
#1899 = ( GEOMETRIC_REPRESENTATION_CONTEXT(2) 
PARAMETRIC_REPRESENTATION_CONTEXT() REPRESENTATION_CONTEXT('2D SPACE',''
  ) );
#1900 = PCURVE('',#581,#1901);
#1901 = DEFINITIONAL_REPRESENTATION('',(#1902),#1905);
#1902 = B_SPLINE_CURVE_WITH_KNOTS('',1,(#1903,#1904),.UNSPECIFIED.,.F.,
  .F.,(2,2),(-3.091272777704,76.067116789924),.PIECEWISE_BEZIER_KNOTS.);
#1903 = CARTESIAN_POINT('',(103.69455226711,-1.361255626968E+04));
#1904 = CARTESIAN_POINT('',(-3.919527225504,-1.360779009685E+04));
#1905 = ( GEOMETRIC_REPRESENTATION_CONTEXT(2) 
PARAMETRIC_REPRESENTATION_CONTEXT() REPRESENTATION_CONTEXT('2D SPACE',''
  ) );
#1906 = ORIENTED_EDGE('',*,*,#502,.F.);
#1907 = ADVANCED_FACE('',(#1908),#944,.T.);
#1908 = FACE_BOUND('',#1909,.T.);
#1909 = EDGE_LOOP('',(#1910,#1930,#1968,#2009,#2010));
#1910 = ORIENTED_EDGE('',*,*,#1911,.T.);
#1911 = EDGE_CURVE('',#868,#1912,#1914,.T.);
#1912 = VERTEX_POINT('',#1913);
#1913 = CARTESIAN_POINT('',(88.115234923152,-9.048887349096,
    -105.3269559196));
#1914 = SURFACE_CURVE('',#1915,(#1918,#1924),.PCURVE_S1.);
#1915 = B_SPLINE_CURVE_WITH_KNOTS('',1,(#1916,#1917),.UNSPECIFIED.,.F.,
  .F.,(2,2),(-3.091272777704,76.067116789924),.PIECEWISE_BEZIER_KNOTS.);
#1916 = CARTESIAN_POINT('',(47.672288095751,-10.84008488827,
    -105.3269559196));
#1917 = CARTESIAN_POINT('',(155.28636758837,-6.073912057429,
    -105.3269559196));
#1918 = PCURVE('',#944,#1919);
#1919 = DEFINITIONAL_REPRESENTATION('',(#1920),#1923);
#1920 = B_SPLINE_CURVE_WITH_KNOTS('',1,(#1921,#1922),.UNSPECIFIED.,.F.,
  .F.,(2,2),(7.899634264431,26.657609109501),.PIECEWISE_BEZIER_KNOTS.);
#1921 = CARTESIAN_POINT('',(79.158389567628,7.899634264431));
#1922 = CARTESIAN_POINT('',(79.158389567628,26.657609109501));
#1923 = ( GEOMETRIC_REPRESENTATION_CONTEXT(2) 
PARAMETRIC_REPRESENTATION_CONTEXT() REPRESENTATION_CONTEXT('2D SPACE',''
  ) );
#1924 = PCURVE('',#882,#1925);
#1925 = DEFINITIONAL_REPRESENTATION('',(#1926),#1929);
#1926 = B_SPLINE_CURVE_WITH_KNOTS('',1,(#1927,#1928),.UNSPECIFIED.,.F.,
  .F.,(2,2),(-3.091272777704,76.067116789924),.PIECEWISE_BEZIER_KNOTS.);
#1927 = CARTESIAN_POINT('',(15.129540389403,-1.359998169172E+04));
#1928 = CARTESIAN_POINT('',(122.84911385911,-1.359998169172E+04));
#1929 = ( GEOMETRIC_REPRESENTATION_CONTEXT(2) 
PARAMETRIC_REPRESENTATION_CONTEXT() REPRESENTATION_CONTEXT('2D SPACE',''
  ) );
#1930 = ORIENTED_EDGE('',*,*,#1931,.T.);
#1931 = EDGE_CURVE('',#1912,#1932,#1934,.T.);
#1932 = VERTEX_POINT('',#1933);
#1933 = CARTESIAN_POINT('',(143.25191590932,-6.386813501303,
    -106.9895767059));
#1934 = SURFACE_CURVE('',#1935,(#1944,#1956),.PCURVE_S1.);
#1935 = B_SPLINE_CURVE_WITH_KNOTS('',4,(#1936,#1937,#1938,#1939,#1940,
    #1941,#1942,#1943),.UNSPECIFIED.,.F.,.F.,(5,3,5),(0.,0.500456272683,
    1.),.UNSPECIFIED.);
#1936 = CARTESIAN_POINT('',(88.115234923152,-9.048887349096,
    -105.3269559196));
#1937 = CARTESIAN_POINT('',(95.059635724147,-8.74132337062,
    -105.5363610727));
#1938 = CARTESIAN_POINT('',(102.00090093905,-8.424747329495,
    -105.7456716736));
#1939 = CARTESIAN_POINT('',(108.92941411893,-8.099606396381,
    -105.9545977428));
#1940 = CARTESIAN_POINT('',(122.7310851269,-7.433418485077,
    -106.3707806666));
#1941 = CARTESIAN_POINT('',(129.60426801886,-7.092403014972,
    -106.578038277));
#1942 = CARTESIAN_POINT('',(136.44751076406,-6.743468768275,
    -106.7843930562));
#1943 = CARTESIAN_POINT('',(143.25191590932,-6.386813501303,
    -106.9895767059));
#1944 = PCURVE('',#944,#1945);
#1945 = DEFINITIONAL_REPRESENTATION('',(#1946),#1955);
#1946 = B_SPLINE_CURVE_WITH_KNOTS('',4,(#1947,#1948,#1949,#1950,#1951,
    #1952,#1953,#1954),.UNSPECIFIED.,.F.,.F.,(5,3,5),(0.,0.500456272683,
    1.),.UNSPECIFIED.);
#1947 = CARTESIAN_POINT('',(79.158389567628,26.657609109501));
#1948 = CARTESIAN_POINT('',(77.32576374545,31.765747250076));
#1949 = CARTESIAN_POINT('',(75.527089718614,36.871876465559));
#1950 = CARTESIAN_POINT('',(73.755715390006,41.968922430583));
#1951 = CARTESIAN_POINT('',(70.258831050252,52.122893156052));
#1952 = CARTESIAN_POINT('',(68.533228987121,57.179835292329));
#1953 = CARTESIAN_POINT('',(66.822944794546,62.215054750451));
#1954 = CARTESIAN_POINT('',(65.122239640918,67.222013155676));
#1955 = ( GEOMETRIC_REPRESENTATION_CONTEXT(2) 
PARAMETRIC_REPRESENTATION_CONTEXT() REPRESENTATION_CONTEXT('2D SPACE',''
  ) );
#1956 = PCURVE('',#1356,#1957);
#1957 = DEFINITIONAL_REPRESENTATION('',(#1958),#1967);
#1958 = B_SPLINE_CURVE_WITH_KNOTS('',4,(#1959,#1960,#1961,#1962,#1963,
    #1964,#1965,#1966),.UNSPECIFIED.,.F.,.F.,(5,3,5),(0.,0.500456272683,
    1.),.UNSPECIFIED.);
#1959 = CARTESIAN_POINT('',(79.664604117595,-1.361715461791E+04));
#1960 = CARTESIAN_POINT('',(72.717046776847,-1.361684705393E+04));
#1961 = CARTESIAN_POINT('',(65.772626447447,-1.361653047789E+04));
#1962 = CARTESIAN_POINT('',(58.840963949454,-1.361620533696E+04));
#1963 = CARTESIAN_POINT('',(45.033019466719,-1.361553914905E+04));
#1964 = CARTESIAN_POINT('',(38.156712406712,-1.361519813357E+04));
#1965 = CARTESIAN_POINT('',(31.310359102613,-1.361484919933E+04));
#1966 = CARTESIAN_POINT('',(24.502861051862,-1.361449254406E+04));
#1967 = ( GEOMETRIC_REPRESENTATION_CONTEXT(2) 
PARAMETRIC_REPRESENTATION_CONTEXT() REPRESENTATION_CONTEXT('2D SPACE',''
  ) );
#1968 = ORIENTED_EDGE('',*,*,#1969,.T.);
#1969 = EDGE_CURVE('',#1932,#1755,#1970,.T.);
#1970 = SURFACE_CURVE('',#1971,(#1975,#1981),.PCURVE_S1.);
#1971 = ( BOUNDED_CURVE() B_SPLINE_CURVE(2,(#1972,#1973,#1974),
.UNSPECIFIED.,.F.,.F.) B_SPLINE_CURVE_WITH_KNOTS((3,3),(0.,
1.483444753801),.PIECEWISE_BEZIER_KNOTS.) CURVE() 
GEOMETRIC_REPRESENTATION_ITEM() RATIONAL_B_SPLINE_CURVE((1.,
0.707106781187,1.)) REPRESENTATION_ITEM('') );
#1972 = CARTESIAN_POINT('',(143.26164486705,-6.606480909042,
    -105.3269559196));
#1973 = CARTESIAN_POINT('',(143.26164486705,-6.606480909042,
    -111.7227653535));
#1974 = CARTESIAN_POINT('',(142.97865513573,-0.216935140713,
    -111.7227653535));
#1975 = PCURVE('',#944,#1976);
#1976 = DEFINITIONAL_REPRESENTATION('',(#1977),#1980);
#1977 = B_SPLINE_CURVE_WITH_KNOTS('',1,(#1978,#1979),.UNSPECIFIED.,.F.,
  .F.,(2,2),(0.263040381267,1.483444753801),.PIECEWISE_BEZIER_KNOTS.);
#1978 = CARTESIAN_POINT('',(65.122239640918,67.222013155676));
#1979 = CARTESIAN_POINT('',(0.,67.222013155676));
#1980 = ( GEOMETRIC_REPRESENTATION_CONTEXT(2) 
PARAMETRIC_REPRESENTATION_CONTEXT() REPRESENTATION_CONTEXT('2D SPACE',''
  ) );
#1981 = PCURVE('',#1982,#2004);
#1982 = ( BOUNDED_SURFACE() B_SPLINE_SURFACE(2,6,(
    (#1983,#1984,#1985,#1986,#1987,#1988,#1989)
    ,(#1990,#1991,#1992,#1993,#1994,#1995,#1996)
    ,(#1997,#1998,#1999,#2000,#2001,#2002,#2003
)),.UNSPECIFIED.,.F.,.F.,.F.) B_SPLINE_SURFACE_WITH_KNOTS((3,3),(7,7),(
    0.,1.483444753801),(0.,1.483444753801),.PIECEWISE_BEZIER_KNOTS.) 
GEOMETRIC_REPRESENTATION_ITEM() RATIONAL_B_SPLINE_SURFACE((
    (1.,1.,1.,1.,1.,1.,1.)
    ,(0.722522576461,0.72219292671,0.72074597152,0.718215496635
      ,0.714821272399,0.710976221517,0.707106781187)
,(1.,1.,1.,1.,1.,1.,1.))) REPRESENTATION_ITEM('') SURFACE() );
#1983 = CARTESIAN_POINT('',(145.76655455835,-6.495539733216,
    -103.0969112115));
#1984 = CARTESIAN_POINT('',(145.71231832768,-6.497941828279,
    -103.7168341829));
#1985 = CARTESIAN_POINT('',(145.46141409443,-6.509054249119,
    -104.3195365298));
#1986 = CARTESIAN_POINT('',(145.02636315402,-6.528322433933,
    -104.8225972484));
#1987 = CARTESIAN_POINT('',(144.47158809005,-6.552893139268,
    -105.1611411838));
#1988 = CARTESIAN_POINT('',(143.86669915183,-6.579683362597,
    -105.3269559196));
#1989 = CARTESIAN_POINT('',(143.26164486705,-6.606480909042,
    -105.3269559196));
#1990 = CARTESIAN_POINT('',(151.79230191587,-6.228662448418,
    -103.6251298828));
#1991 = CARTESIAN_POINT('',(151.61326670734,-6.236591826718,
    -105.7377919864));
#1992 = CARTESIAN_POINT('',(150.8255392807,-6.271479873679,
    -107.8066423894));
#1993 = CARTESIAN_POINT('',(149.44039284542,-6.332827304588,
    -109.6146619298));
#1994 = CARTESIAN_POINT('',(147.57141060014,-6.415603577366,
    -110.9428813723));
#1995 = CARTESIAN_POINT('',(145.43456482486,-6.510243389608,
    -111.653147827));
#1996 = CARTESIAN_POINT('',(143.26164486705,-6.606480909042,
    -111.7227653535));
#1997 = CARTESIAN_POINT('',(151.79026494459,-0.173968118098,
    -103.6484125717));
#1998 = CARTESIAN_POINT('',(151.59980658694,-0.176368935817,
    -105.8253616248));
#1999 = CARTESIAN_POINT('',(150.76402022306,-0.173877306759,
    -107.9458177838));
#2000 = CARTESIAN_POINT('',(149.30306306816,-0.172734031411,
    -109.7730855123));
#2001 = CARTESIAN_POINT('',(147.35494012461,-0.176887178795,
    -111.0735383582));
#2002 = CARTESIAN_POINT('',(145.16656294001,-0.1901009252,
    -111.7227653535));
#2003 = CARTESIAN_POINT('',(142.97865513573,-0.216935140713,
    -111.7227653535));
#2004 = DEFINITIONAL_REPRESENTATION('',(#2005),#2008);
#2005 = B_SPLINE_CURVE_WITH_KNOTS('',1,(#2006,#2007),.UNSPECIFIED.,.F.,
  .F.,(2,2),(0.263040381267,1.483444753801),.PIECEWISE_BEZIER_KNOTS.);
#2006 = CARTESIAN_POINT('',(0.263040381267,1.483444753801));
#2007 = CARTESIAN_POINT('',(1.483444753801,1.483444753801));
#2008 = ( GEOMETRIC_REPRESENTATION_CONTEXT(2) 
PARAMETRIC_REPRESENTATION_CONTEXT() REPRESENTATION_CONTEXT('2D SPACE',''
  ) );
#2009 = ORIENTED_EDGE('',*,*,#1781,.F.);
#2010 = ORIENTED_EDGE('',*,*,#894,.F.);
#2011 = ADVANCED_FACE('',(#2012),#581,.F.);
#2012 = FACE_BOUND('',#2013,.F.);
#2013 = EDGE_LOOP('',(#2014,#2046,#2071,#2072));
#2014 = ORIENTED_EDGE('',*,*,#2015,.T.);
#2015 = EDGE_CURVE('',#566,#2016,#2018,.T.);
#2016 = VERTEX_POINT('',#2017);
#2017 = CARTESIAN_POINT('',(139.23779567612,-0.377496201303,
    -115.1792241571));
#2018 = SURFACE_CURVE('',#2019,(#2028,#2040),.PCURVE_S1.);
#2019 = ( BOUNDED_CURVE() B_SPLINE_CURVE(3,(#2020,#2021,#2022,#2023,
    #2024,#2025,#2026,#2027),.UNSPECIFIED.,.F.,.F.) 
B_SPLINE_CURVE_WITH_KNOTS((4,2,2,4),(-3.100030253713,0.,72.975844012219,
76.067116789924),.UNSPECIFIED.) CURVE() GEOMETRIC_REPRESENTATION_ITEM() 
RATIONAL_B_SPLINE_CURVE((1.,1.,1.,1.,1.,1.,1.,1.)) REPRESENTATION_ITEM(
  '') );
#2020 = CARTESIAN_POINT('',(47.371371688197,-4.315118106261,
    -115.1792241571));
#2021 = CARTESIAN_POINT('',(48.776179205441,-4.252899896034,
    -115.1792241571));
#2022 = CARTESIAN_POINT('',(50.180986722685,-4.190681685806,
    -115.1792241571));
#2023 = CARTESIAN_POINT('',(84.655476099582,-2.663824090591,
    -115.1792241571));
#2024 = CARTESIAN_POINT('',(117.73117904056,-1.335133012027,
    -115.1792241571));
#2025 = CARTESIAN_POINT('',(152.20169988582,0.191548818941,
    -115.1792241571));
#2026 = CARTESIAN_POINT('',(153.60253887143,0.253591264922,
    -115.1792241571));
#2027 = CARTESIAN_POINT('',(155.00337785704,0.315633710903,
    -115.1792241571));
#2028 = PCURVE('',#581,#2029);
#2029 = DEFINITIONAL_REPRESENTATION('',(#2030),#2039);
#2030 = ( BOUNDED_CURVE() B_SPLINE_CURVE(3,(#2031,#2032,#2033,#2034,
    #2035,#2036,#2037,#2038),.UNSPECIFIED.,.F.,.F.) 
B_SPLINE_CURVE_WITH_KNOTS((4,2,2,4),(-3.100030253713,0.,72.975844012219,
76.067116789924),.UNSPECIFIED.) CURVE() GEOMETRIC_REPRESENTATION_ITEM() 
RATIONAL_B_SPLINE_CURVE((1.,1.,1.,1.,1.,1.,1.,1.)) REPRESENTATION_ITEM(
  '') );
#2031 = CARTESIAN_POINT('',(103.71247894334,-1.360379061245E+04));
#2032 = CARTESIAN_POINT('',(102.3076714261,-1.360385283066E+04));
#2033 = CARTESIAN_POINT('',(100.90286390885,-1.360391504887E+04));
#2034 = CARTESIAN_POINT('',(66.428374531958,-1.360544190647E+04));
#2035 = CARTESIAN_POINT('',(33.352671590979,-1.360677059755E+04));
#2036 = CARTESIAN_POINT('',(-1.117849254284,-1.360829727938E+04));
#2037 = CARTESIAN_POINT('',(-2.518688239894,-1.360835932182E+04));
#2038 = CARTESIAN_POINT('',(-3.919527225504,-1.360842136427E+04));
#2039 = ( GEOMETRIC_REPRESENTATION_CONTEXT(2) 
PARAMETRIC_REPRESENTATION_CONTEXT() REPRESENTATION_CONTEXT('2D SPACE',''
  ) );
#2040 = PCURVE('',#631,#2041);
#2041 = DEFINITIONAL_REPRESENTATION('',(#2042),#2045);
#2042 = B_SPLINE_CURVE_WITH_KNOTS('',1,(#2043,#2044),.UNSPECIFIED.,.F.,
  .F.,(2,2),(9.884285313277,64.47049125564),.PIECEWISE_BEZIER_KNOTS.);
#2043 = CARTESIAN_POINT('',(79.167147043637,9.884285313277));
#2044 = CARTESIAN_POINT('',(79.167147043637,64.47049125564));
#2045 = ( GEOMETRIC_REPRESENTATION_CONTEXT(2) 
PARAMETRIC_REPRESENTATION_CONTEXT() REPRESENTATION_CONTEXT('2D SPACE',''
  ) );
#2046 = ORIENTED_EDGE('',*,*,#2047,.T.);
#2047 = EDGE_CURVE('',#2016,#1844,#2048,.T.);
#2048 = SURFACE_CURVE('',#2049,(#2053,#2060),.PCURVE_S1.);
#2049 = LINE('',#2050,#2051);
#2050 = CARTESIAN_POINT('',(139.23779567612,-6.260039395365,
    -115.1792241571));
#2051 = VECTOR('',#2052,1.);
#2052 = DIRECTION('',(1.110223024625E-16,1.,1.224646799147E-16));
#2053 = PCURVE('',#581,#2054);
#2054 = DEFINITIONAL_REPRESENTATION('',(#2055),#2059);
#2055 = LINE('',#2056,#2057);
#2056 = CARTESIAN_POINT('',(11.846054955413,-1.360184569116E+04));
#2057 = VECTOR('',#2058,1.);
#2058 = DIRECTION('',(0.,-1.));
#2059 = ( GEOMETRIC_REPRESENTATION_CONTEXT(2) 
PARAMETRIC_REPRESENTATION_CONTEXT() REPRESENTATION_CONTEXT('2D SPACE',''
  ) );
#2060 = PCURVE('',#2061,#2066);
#2061 = CYLINDRICAL_SURFACE('',#2062,12.927700444032);
#2062 = AXIS2_PLACEMENT_3D('',#2063,#2064,#2065);
#2063 = CARTESIAN_POINT('',(139.23779567612,-6.260039395365,
    -128.1069246011));
#2064 = DIRECTION('',(1.110223024625E-16,1.,1.224646799147E-16));
#2065 = DIRECTION('',(0.996194698313,-1.212733289363E-16,
    8.715574021868E-02));
#2066 = DEFINITIONAL_REPRESENTATION('',(#2067),#2070);
#2067 = B_SPLINE_CURVE_WITH_KNOTS('',1,(#2068,#2069),.UNSPECIFIED.,.F.,
  .F.,(2,2),(5.88254319406,6.642655298337),.PIECEWISE_BEZIER_KNOTS.);
#2068 = CARTESIAN_POINT('',(-1.483529866734,5.88254319406));
#2069 = CARTESIAN_POINT('',(-1.483529866734,6.642655298337));
#2070 = ( GEOMETRIC_REPRESENTATION_CONTEXT(2) 
PARAMETRIC_REPRESENTATION_CONTEXT() REPRESENTATION_CONTEXT('2D SPACE',''
  ) );
#2071 = ORIENTED_EDGE('',*,*,#1889,.F.);
#2072 = ORIENTED_EDGE('',*,*,#565,.F.);
#2073 = ADVANCED_FACE('',(#2074),#882,.F.);
#2074 = FACE_BOUND('',#2075,.F.);
#2075 = EDGE_LOOP('',(#2076,#2099,#2100,#2101));
#2076 = ORIENTED_EDGE('',*,*,#2077,.F.);
#2077 = EDGE_CURVE('',#840,#2078,#2080,.T.);
#2078 = VERTEX_POINT('',#2079);
#2079 = CARTESIAN_POINT('',(68.710247255212,-9.908324380401,
    -104.7418076068));
#2080 = SURFACE_CURVE('',#2081,(#2085,#2092),.PCURVE_S1.);
#2081 = LINE('',#2082,#2083);
#2082 = CARTESIAN_POINT('',(-6.692639266892E+03,-309.3650544486,
    -104.7418076068));
#2083 = VECTOR('',#2084,1.);
#2084 = DIRECTION('',(0.999020661021,4.424611681352E-02,0.));
#2085 = PCURVE('',#882,#2086);
#2086 = DEFINITIONAL_REPRESENTATION('',(#2087),#2091);
#2087 = LINE('',#2088,#2089);
#2088 = CARTESIAN_POINT('',(-6.731789535437E+03,-1.359939654341E+04));
#2089 = VECTOR('',#2090,1.);
#2090 = DIRECTION('',(1.,0.));
#2091 = ( GEOMETRIC_REPRESENTATION_CONTEXT(2) 
PARAMETRIC_REPRESENTATION_CONTEXT() REPRESENTATION_CONTEXT('2D SPACE',''
  ) );
#2092 = PCURVE('',#855,#2093);
#2093 = DEFINITIONAL_REPRESENTATION('',(#2094),#2098);
#2094 = LINE('',#2095,#2096);
#2095 = CARTESIAN_POINT('',(-277.0321949214,-6.750658317118E+03));
#2096 = VECTOR('',#2097,1.);
#2097 = DIRECTION('',(4.424611681352E-02,-0.999020661021));
#2098 = ( GEOMETRIC_REPRESENTATION_CONTEXT(2) 
PARAMETRIC_REPRESENTATION_CONTEXT() REPRESENTATION_CONTEXT('2D SPACE',''
  ) );
#2099 = ORIENTED_EDGE('',*,*,#867,.F.);
#2100 = ORIENTED_EDGE('',*,*,#1911,.T.);
#2101 = ORIENTED_EDGE('',*,*,#2102,.T.);
#2102 = EDGE_CURVE('',#1912,#2078,#2103,.T.);
#2103 = SURFACE_CURVE('',#2104,(#2108,#2115),.PCURVE_S1.);
#2104 = LINE('',#2105,#2106);
#2105 = CARTESIAN_POINT('',(196.31956524778,-4.256572609199,
    -108.589806812));
#2106 = VECTOR('',#2107,1.);
#2107 = DIRECTION('',(-0.998567655899,-4.422605344713E-02,
    3.011133988191E-02));
#2108 = PCURVE('',#882,#2109);
#2109 = DEFINITIONAL_REPRESENTATION('',(#2110),#2114);
#2110 = LINE('',#2111,#2112);
#2111 = CARTESIAN_POINT('',(163.92253632214,-1.360324454262E+04));
#2112 = VECTOR('',#2113,1.);
#2113 = DIRECTION('',(-0.999546550797,3.011133988191E-02));
#2114 = ( GEOMETRIC_REPRESENTATION_CONTEXT(2) 
PARAMETRIC_REPRESENTATION_CONTEXT() REPRESENTATION_CONTEXT('2D SPACE',''
  ) );
#2115 = PCURVE('',#1356,#2116);
#2116 = DEFINITIONAL_REPRESENTATION('',(#2117),#2121);
#2117 = LINE('',#2118,#2119);
#2118 = CARTESIAN_POINT('',(-28.58890989902,-1.361236230317E+04));
#2119 = VECTOR('',#2120,1.);
#2120 = DIRECTION('',(0.999021549415,-4.422605344713E-02));
#2121 = ( GEOMETRIC_REPRESENTATION_CONTEXT(2) 
PARAMETRIC_REPRESENTATION_CONTEXT() REPRESENTATION_CONTEXT('2D SPACE',''
  ) );
#2122 = ADVANCED_FACE('',(#2123),#631,.T.);
#2123 = FACE_BOUND('',#2124,.T.);
#2124 = EDGE_LOOP('',(#2125,#2146,#2147,#2148,#2191,#2235));
#2125 = ORIENTED_EDGE('',*,*,#2126,.T.);
#2126 = EDGE_CURVE('',#2127,#594,#2129,.T.);
#2127 = VERTEX_POINT('',#2128);
#2128 = CARTESIAN_POINT('',(64.009622611272,-10.11651265438,
    -121.7055054237));
#2129 = SURFACE_CURVE('',#2130,(#2134,#2140),.PCURVE_S1.);
#2130 = ( BOUNDED_CURVE() B_SPLINE_CURVE(2,(#2131,#2132,#2133),
.UNSPECIFIED.,.F.,.F.) B_SPLINE_CURVE_WITH_KNOTS((3,3),(0.,
1.483444753801),.PIECEWISE_BEZIER_KNOTS.) CURVE() 
GEOMETRIC_REPRESENTATION_ITEM() RATIONAL_B_SPLINE_CURVE((1.,
0.707106781187,1.)) REPRESENTATION_ITEM('') );
#2131 = CARTESIAN_POINT('',(64.009622611272,-10.11651265438,
    -121.7055054237));
#2132 = CARTESIAN_POINT('',(64.009622611272,-10.11651265438,
    -115.1792241571));
#2133 = CARTESIAN_POINT('',(63.720860007994,-3.596622829445,
    -115.1792241571));
#2134 = PCURVE('',#631,#2135);
#2135 = DEFINITIONAL_REPRESENTATION('',(#2136),#2139);
#2136 = B_SPLINE_CURVE_WITH_KNOTS('',1,(#2137,#2138),.UNSPECIFIED.,.F.,
  .F.,(2,2),(0.,0.866000218461),.PIECEWISE_BEZIER_KNOTS.);
#2137 = CARTESIAN_POINT('',(0.,8.926086811056));
#2138 = CARTESIAN_POINT('',(46.215921731553,8.926086811056));
#2139 = ( GEOMETRIC_REPRESENTATION_CONTEXT(2) 
PARAMETRIC_REPRESENTATION_CONTEXT() REPRESENTATION_CONTEXT('2D SPACE',''
  ) );
#2140 = PCURVE('',#712,#2141);
#2141 = DEFINITIONAL_REPRESENTATION('',(#2142),#2145);
#2142 = B_SPLINE_CURVE_WITH_KNOTS('',1,(#2143,#2144),.UNSPECIFIED.,.F.,
  .F.,(2,2),(0.,0.866000218461),.PIECEWISE_BEZIER_KNOTS.);
#2143 = CARTESIAN_POINT('',(0.,1.483444753801));
#2144 = CARTESIAN_POINT('',(0.866000218461,1.483444753801));
#2145 = ( GEOMETRIC_REPRESENTATION_CONTEXT(2) 
PARAMETRIC_REPRESENTATION_CONTEXT() REPRESENTATION_CONTEXT('2D SPACE',''
  ) );
#2146 = ORIENTED_EDGE('',*,*,#593,.T.);
#2147 = ORIENTED_EDGE('',*,*,#2015,.T.);
#2148 = ORIENTED_EDGE('',*,*,#2149,.F.);
#2149 = EDGE_CURVE('',#2150,#2016,#2152,.T.);
#2150 = VERTEX_POINT('',#2151);
#2151 = CARTESIAN_POINT('',(139.51252764811,-6.580592337741,
    -120.025172306));
#2152 = SURFACE_CURVE('',#2153,(#2157,#2163),.PCURVE_S1.);
#2153 = ( BOUNDED_CURVE() B_SPLINE_CURVE(2,(#2154,#2155,#2156),
.UNSPECIFIED.,.F.,.F.) B_SPLINE_CURVE_WITH_KNOTS((3,3),(0.,
1.483444753801),.PIECEWISE_BEZIER_KNOTS.) CURVE() 
GEOMETRIC_REPRESENTATION_ITEM() RATIONAL_B_SPLINE_CURVE((1.,
0.707106781187,1.)) REPRESENTATION_ITEM('') );
#2154 = CARTESIAN_POINT('',(139.52101171252,-6.772151648364,
    -121.5801482787));
#2155 = CARTESIAN_POINT('',(139.52101171252,-6.772151648364,
    -115.1792241571));
#2156 = CARTESIAN_POINT('',(139.23779567612,-0.377496201303,
    -115.1792241571));
#2157 = PCURVE('',#631,#2158);
#2158 = DEFINITIONAL_REPRESENTATION('',(#2159),#2162);
#2159 = B_SPLINE_CURVE_WITH_KNOTS('',1,(#2160,#2161),.UNSPECIFIED.,.F.,
  .F.,(2,2),(0.246125583102,1.483444753801),.PIECEWISE_BEZIER_KNOTS.);
#2160 = CARTESIAN_POINT('',(13.135009024559,64.47049125564));
#2161 = CARTESIAN_POINT('',(79.167147043637,64.47049125564));
#2162 = ( GEOMETRIC_REPRESENTATION_CONTEXT(2) 
PARAMETRIC_REPRESENTATION_CONTEXT() REPRESENTATION_CONTEXT('2D SPACE',''
  ) );
#2163 = PCURVE('',#2164,#2186);
#2164 = ( BOUNDED_SURFACE() B_SPLINE_SURFACE(2,6,(
    (#2165,#2166,#2167,#2168,#2169,#2170,#2171)
    ,(#2172,#2173,#2174,#2175,#2176,#2177,#2178)
    ,(#2179,#2180,#2181,#2182,#2183,#2184,#2185
)),.UNSPECIFIED.,.F.,.F.,.F.) B_SPLINE_SURFACE_WITH_KNOTS((3,3),(7,7),(
    0.,1.483444753801),(1.238502270287E-17,1.483444753801),
.PIECEWISE_BEZIER_KNOTS.) GEOMETRIC_REPRESENTATION_ITEM() 
RATIONAL_B_SPLINE_SURFACE((
    (1.,1.,1.,1.,1.,1.,1.)
    ,(0.722522576461,0.722192715241,0.72074419616,0.718210708021
      ,0.714817605847,0.710974710509,0.707106781187)
,(1.,1.,1.,1.,1.,1.,1.))) REPRESENTATION_ITEM('') SURFACE() );
#2165 = CARTESIAN_POINT('',(146.06038532612,-6.482526117998,
    -127.5346513388));
#2166 = CARTESIAN_POINT('',(145.91879500172,-6.48879708143,
    -125.916266478));
#2167 = CARTESIAN_POINT('',(145.28942620256,-6.516671505346,
    -124.3406837517));
#2168 = CARTESIAN_POINT('',(144.1910742217,-6.56531695578,
    -122.9946437774));
#2169 = CARTESIAN_POINT('',(142.74550751759,-6.629340369656,
    -122.0502709841));
#2170 = CARTESIAN_POINT('',(141.13335631227,-6.700741726339,
    -121.5801482787));
#2171 = CARTESIAN_POINT('',(139.52101171252,-6.772151648364,
    -121.5801482787));
#2172 = CARTESIAN_POINT('',(152.11835018208,-6.214221936586,
    -127.0036084727));
#2173 = CARTESIAN_POINT('',(151.8512575168,-6.226051334845,
    -123.8840478615));
#2174 = CARTESIAN_POINT('',(150.67580727631,-6.278111427972,
    -120.8316380816));
#2175 = CARTESIAN_POINT('',(148.60954009938,-6.369625350002,
    -118.1777065626));
#2176 = CARTESIAN_POINT('',(145.83904139217,-6.492329328222,
    -116.2549243412));
#2177 = CARTESIAN_POINT('',(142.6970030707,-6.631488606932,
    -115.2488702971));
#2178 = CARTESIAN_POINT('',(139.52101171252,-6.772151648364,
    -115.1792241571));
#2179 = CARTESIAN_POINT('',(152.11630231985,-0.127155338799,
    -126.9802012996));
#2180 = CARTESIAN_POINT('',(151.83776153657,-0.13342112632,
    -123.7964654852));
#2181 = CARTESIAN_POINT('',(150.61490487416,-0.153400578159,
    -120.6954728179));
#2182 = CARTESIAN_POINT('',(148.47712287887,-0.190185858669,
    -118.0255618167));
#2183 = CARTESIAN_POINT('',(145.63086216916,-0.242420158956,
    -116.127450459));
#2184 = CARTESIAN_POINT('',(142.43425838277,-0.306022251555,
    -115.1792241571));
#2185 = CARTESIAN_POINT('',(139.23779567612,-0.377496201303,
    -115.1792241571));
#2186 = DEFINITIONAL_REPRESENTATION('',(#2187),#2190);
#2187 = B_SPLINE_CURVE_WITH_KNOTS('',1,(#2188,#2189),.UNSPECIFIED.,.F.,
  .F.,(2,2),(0.246125583102,1.483444753801),.PIECEWISE_BEZIER_KNOTS.);
#2188 = CARTESIAN_POINT('',(0.246125583102,1.483444753801));
#2189 = CARTESIAN_POINT('',(1.483444753801,1.483444753801));
#2190 = ( GEOMETRIC_REPRESENTATION_CONTEXT(2) 
PARAMETRIC_REPRESENTATION_CONTEXT() REPRESENTATION_CONTEXT('2D SPACE',''
  ) );
#2191 = ORIENTED_EDGE('',*,*,#2192,.F.);
#2192 = EDGE_CURVE('',#2193,#2150,#2195,.T.);
#2193 = VERTEX_POINT('',#2194);
#2194 = CARTESIAN_POINT('',(84.761321401062,-9.197430472645,
    -121.676169282));
#2195 = SURFACE_CURVE('',#2196,(#2207,#2221),.PCURVE_S1.);
#2196 = B_SPLINE_CURVE_WITH_KNOTS('',5,(#2197,#2198,#2199,#2200,#2201,
    #2202,#2203,#2204,#2205,#2206),.UNSPECIFIED.,.F.,.F.,(6,4,6),(0.,
    0.492855065493,1.),.UNSPECIFIED.);
#2197 = CARTESIAN_POINT('',(84.761321401113,-9.197430472642,
    -121.676169282));
#2198 = CARTESIAN_POINT('',(90.209000310882,-8.95615554527,
    -121.5118970765));
#2199 = CARTESIAN_POINT('',(95.658993738507,-8.710190707066,
    -121.3475550777));
#2200 = CARTESIAN_POINT('',(101.10285588428,-8.459990620715,
    -121.1833979649));
#2201 = CARTESIAN_POINT('',(106.53337907137,-8.2058306481,
    -121.0196430822));
#2202 = CARTESIAN_POINT('',(117.51228523487,-7.682362118689,
    -120.6885793099));
#2203 = CARTESIAN_POINT('',(123.05946138078,-7.412830821636,
    -120.5213068118));
#2204 = CARTESIAN_POINT('',(128.57913464935,-7.139382586113,
    -120.3548636501));
#2205 = CARTESIAN_POINT('',(134.06529422328,-6.862008715041,
    -120.1894310781));
#2206 = CARTESIAN_POINT('',(139.51252764811,-6.580592337742,
    -120.025172306));
#2207 = PCURVE('',#631,#2208);
#2208 = DEFINITIONAL_REPRESENTATION('',(#2209),#2220);
#2209 = B_SPLINE_CURVE_WITH_KNOTS('',5,(#2210,#2211,#2212,#2213,#2214,
    #2215,#2216,#2217,#2218,#2219),.UNSPECIFIED.,.F.,.F.,(6,4,6),(0.,
    0.492855065493,1.),.UNSPECIFIED.);
#2210 = CARTESIAN_POINT('',(0.,24.190549089052));
#2211 = CARTESIAN_POINT('',(1.329811808333,28.197733756821));
#2212 = CARTESIAN_POINT('',(2.639976973371,32.206770086792));
#2213 = CARTESIAN_POINT('',(3.937219244779,36.211442926294));
#2214 = CARTESIAN_POINT('',(5.226869895324,40.206451903693));
#2215 = CARTESIAN_POINT('',(7.836745825815,48.283487576456));
#2216 = CARTESIAN_POINT('',(9.156759122193,52.364635535844));
#2217 = CARTESIAN_POINT('',(10.477797185923,56.425719987552));
#2218 = CARTESIAN_POINT('',(11.803124425037,60.462328454213));
#2219 = CARTESIAN_POINT('',(13.13500902456,64.47049125564));
#2220 = ( GEOMETRIC_REPRESENTATION_CONTEXT(2) 
PARAMETRIC_REPRESENTATION_CONTEXT() REPRESENTATION_CONTEXT('2D SPACE',''
  ) );
#2221 = PCURVE('',#1433,#2222);
#2222 = DEFINITIONAL_REPRESENTATION('',(#2223),#2234);
#2223 = B_SPLINE_CURVE_WITH_KNOTS('',5,(#2224,#2225,#2226,#2227,#2228,
    #2229,#2230,#2231,#2232,#2233),.UNSPECIFIED.,.F.,.F.,(6,4,6),(0.,
    0.492855065493,1.),.UNSPECIFIED.);
#2224 = CARTESIAN_POINT('',(-83.02004214285,-1.361730316103E+04));
#2225 = CARTESIAN_POINT('',(-77.56988702015,-1.361706188611E+04));
#2226 = CARTESIAN_POINT('',(-72.11741632755,-1.361681592127E+04));
#2227 = CARTESIAN_POINT('',(-66.67107970373,-1.361656572118E+04));
#2228 = CARTESIAN_POINT('',(-61.23808810175,-1.361631156121E+04));
#2229 = CARTESIAN_POINT('',(-50.25419153595,-1.361578809268E+04));
#2230 = CARTESIAN_POINT('',(-44.70449395119,-1.361551856138E+04));
#2231 = CARTESIAN_POINT('',(-39.18231174504,-1.361524511315E+04));
#2232 = CARTESIAN_POINT('',(-33.693658467,-1.361496773928E+04));
#2233 = CARTESIAN_POINT('',(-28.24394903174,-1.36146863229E+04));
#2234 = ( GEOMETRIC_REPRESENTATION_CONTEXT(2) 
PARAMETRIC_REPRESENTATION_CONTEXT() REPRESENTATION_CONTEXT('2D SPACE',''
  ) );
#2235 = ORIENTED_EDGE('',*,*,#2236,.F.);
#2236 = EDGE_CURVE('',#2127,#2193,#2237,.T.);
#2237 = SURFACE_CURVE('',#2238,(#2247,#2253),.PCURVE_S1.);
#2238 = ( BOUNDED_CURVE() B_SPLINE_CURVE(3,(#2239,#2240,#2241,#2242,
    #2243,#2244,#2245,#2246),.UNSPECIFIED.,.F.,.F.) 
B_SPLINE_CURVE_WITH_KNOTS((4,2,2,4),(-3.100030253713,0.,72.975844012219,
76.067116789924),.UNSPECIFIED.) CURVE() GEOMETRIC_REPRESENTATION_ITEM() 
RATIONAL_B_SPLINE_CURVE((1.,1.,1.,1.,1.,1.,1.,1.)) REPRESENTATION_ITEM(
  '') );
#2239 = CARTESIAN_POINT('',(47.660382500848,-10.84061218101,
    -121.7111151673));
#2240 = CARTESIAN_POINT('',(49.065190018093,-10.77839397078,
    -121.7111151673));
#2241 = CARTESIAN_POINT('',(50.469997535336,-10.71617576055,
    -121.7111151673));
#2242 = CARTESIAN_POINT('',(84.944486912234,-9.189318165342,
    -121.7111151673));
#2243 = CARTESIAN_POINT('',(118.01416877188,-7.724678780354,
    -121.5750335909));
#2244 = CARTESIAN_POINT('',(152.48468961715,-6.197996949386,
    -121.5750335909));
#2245 = CARTESIAN_POINT('',(153.88552860276,-6.135954503406,
    -121.5750335909));
#2246 = CARTESIAN_POINT('',(155.28636758837,-6.073912057426,
    -121.5750335909));
#2247 = PCURVE('',#631,#2248);
#2248 = DEFINITIONAL_REPRESENTATION('',(#2249),#2252);
#2249 = B_SPLINE_CURVE_WITH_KNOTS('',1,(#2250,#2251),.UNSPECIFIED.,.F.,
  .F.,(2,2),(8.926086811056,24.190549089014),.PIECEWISE_BEZIER_KNOTS.);
#2250 = CARTESIAN_POINT('',(0.,8.926086811056));
#2251 = CARTESIAN_POINT('',(0.,24.190549089014));
#2252 = ( GEOMETRIC_REPRESENTATION_CONTEXT(2) 
PARAMETRIC_REPRESENTATION_CONTEXT() REPRESENTATION_CONTEXT('2D SPACE',''
  ) );
#2253 = PCURVE('',#773,#2254);
#2254 = DEFINITIONAL_REPRESENTATION('',(#2255),#2264);
#2255 = ( BOUNDED_CURVE() B_SPLINE_CURVE(3,(#2256,#2257,#2258,#2259,
    #2260,#2261,#2262,#2263),.UNSPECIFIED.,.F.,.F.) 
B_SPLINE_CURVE_WITH_KNOTS((4,2,2,4),(-3.100030253713,0.,72.975844012219,
76.067116789924),.UNSPECIFIED.) CURVE() GEOMETRIC_REPRESENTATION_ITEM() 
RATIONAL_B_SPLINE_CURVE((1.,1.,1.,1.,1.,1.,1.,1.)) REPRESENTATION_ITEM(
  '') );
#2256 = CARTESIAN_POINT('',(15.117623123457,-1.359984561015E+04));
#2257 = CARTESIAN_POINT('',(16.52380777214,-1.359984561015E+04));
#2258 = CARTESIAN_POINT('',(17.929992420821,-1.359984561015E+04));
#2259 = CARTESIAN_POINT('',(52.438277106008,-1.359984561015E+04));
#2260 = CARTESIAN_POINT('',(85.540377142513,-1.359998169172E+04));
#2261 = CARTESIAN_POINT('',(120.04468940571,-1.359998169172E+04));
#2262 = CARTESIAN_POINT('',(121.44690163241,-1.359998169172E+04));
#2263 = CARTESIAN_POINT('',(122.84911385911,-1.359998169172E+04));
#2264 = ( GEOMETRIC_REPRESENTATION_CONTEXT(2) 
PARAMETRIC_REPRESENTATION_CONTEXT() REPRESENTATION_CONTEXT('2D SPACE',''
  ) );
#2265 = ADVANCED_FACE('',(#2266),#855,.T.);
#2266 = FACE_BOUND('',#2267,.T.);
#2267 = EDGE_LOOP('',(#2268,#2295,#2323,#2344,#2345));
#2268 = ORIENTED_EDGE('',*,*,#2269,.T.);
#2269 = EDGE_CURVE('',#814,#2270,#2272,.T.);
#2270 = VERTEX_POINT('',#2271);
#2271 = CARTESIAN_POINT('',(66.811397056422,-13.1117345129,
    -104.7418076068));
#2272 = SURFACE_CURVE('',#2273,(#2278,#2289),.PCURVE_S1.);
#2273 = CIRCLE('',#2274,21.636887592482);
#2274 = AXIS2_PLACEMENT_3D('',#2275,#2276,#2277);
#2275 = CARTESIAN_POINT('',(67.76874531232,-34.72743225798,
    -104.7418076068));
#2276 = DIRECTION('',(0.,0.,-1.));
#2277 = DIRECTION('',(-1.,1.110223024625E-16,0.));
#2278 = PCURVE('',#855,#2279);
#2279 = DEFINITIONAL_REPRESENTATION('',(#2280),#2288);
#2280 = ( BOUNDED_CURVE() B_SPLINE_CURVE(2,(#2281,#2282,#2283,#2284,
#2285,#2286,#2287),.UNSPECIFIED.,.T.,.F.) B_SPLINE_CURVE_WITH_KNOTS((1,2
    ,2,2,2,1),(-2.094395102393,0.,2.094395102393,4.188790204786,
6.28318530718,8.377580409573),.UNSPECIFIED.) CURVE() 
GEOMETRIC_REPRESENTATION_ITEM() RATIONAL_B_SPLINE_CURVE((1.,0.5,1.,0.5,
1.,0.5,1.)) REPRESENTATION_ITEM('') );
#2281 = CARTESIAN_POINT('',(-2.394572730709,-1.348942944173E+04));
#2282 = CARTESIAN_POINT('',(35.081615897128,-1.348942944173E+04));
#2283 = CARTESIAN_POINT('',(16.343521583209,-1.352188477312E+04));
#2284 = CARTESIAN_POINT('',(-2.394572730709,-1.355434010451E+04));
#2285 = CARTESIAN_POINT('',(-21.13266704462,-1.352188477312E+04));
#2286 = CARTESIAN_POINT('',(-39.87076135854,-1.348942944173E+04));
#2287 = CARTESIAN_POINT('',(-2.394572730709,-1.348942944173E+04));
#2288 = ( GEOMETRIC_REPRESENTATION_CONTEXT(2) 
PARAMETRIC_REPRESENTATION_CONTEXT() REPRESENTATION_CONTEXT('2D SPACE',''
  ) );
#2289 = PCURVE('',#828,#2290);
#2290 = DEFINITIONAL_REPRESENTATION('',(#2291),#2294);
#2291 = B_SPLINE_CURVE_WITH_KNOTS('',1,(#2292,#2293),.UNSPECIFIED.,.F.,
  .F.,(2,2),(1.135661601338,1.526535760338),.PIECEWISE_BEZIER_KNOTS.);
#2292 = CARTESIAN_POINT('',(-0.435134725457,-1.361681491771E+04));
#2293 = CARTESIAN_POINT('',(-4.426056645641E-02,-1.361681491771E+04));
#2294 = ( GEOMETRIC_REPRESENTATION_CONTEXT(2) 
PARAMETRIC_REPRESENTATION_CONTEXT() REPRESENTATION_CONTEXT('2D SPACE',''
  ) );
#2295 = ORIENTED_EDGE('',*,*,#2296,.T.);
#2296 = EDGE_CURVE('',#2270,#2297,#2299,.T.);
#2297 = VERTEX_POINT('',#2298);
#2298 = CARTESIAN_POINT('',(68.710247255008,-13.02763540367,
    -104.7418076068));
#2299 = SURFACE_CURVE('',#2300,(#2304,#2311),.PCURVE_S1.);
#2300 = LINE('',#2301,#2302);
#2301 = CARTESIAN_POINT('',(-6.675443409574E+03,-311.7227696999,
    -104.7418076068));
#2302 = VECTOR('',#2303,1.);
#2303 = DIRECTION('',(0.999020661021,4.424611681352E-02,0.));
#2304 = PCURVE('',#855,#2305);
#2305 = DEFINITIONAL_REPRESENTATION('',(#2306),#2310);
#2306 = LINE('',#2307,#2308);
#2307 = CARTESIAN_POINT('',(-279.3899101726,-6.767854174436E+03));
#2308 = VECTOR('',#2309,1.);
#2309 = DIRECTION('',(4.424611681352E-02,-0.999020661021));
#2310 = ( GEOMETRIC_REPRESENTATION_CONTEXT(2) 
PARAMETRIC_REPRESENTATION_CONTEXT() REPRESENTATION_CONTEXT('2D SPACE',''
  ) );
#2311 = PCURVE('',#2312,#2317);
#2312 = PLANE('',#2313);
#2313 = AXIS2_PLACEMENT_3D('',#2314,#2315,#2316);
#2314 = CARTESIAN_POINT('',(66.811397056422,-13.1117345129,
    -1.372155672532E+04));
#2315 = DIRECTION('',(-4.424611681352E-02,0.999020661021,0.));
#2316 = DIRECTION('',(0.999020661021,4.424611681352E-02,0.));
#2317 = DEFINITIONAL_REPRESENTATION('',(#2318),#2322);
#2318 = LINE('',#2319,#2320);
#2319 = CARTESIAN_POINT('',(-6.748864232437E+03,-1.361681491771E+04));
#2320 = VECTOR('',#2321,1.);
#2321 = DIRECTION('',(1.,0.));
#2322 = ( GEOMETRIC_REPRESENTATION_CONTEXT(2) 
PARAMETRIC_REPRESENTATION_CONTEXT() REPRESENTATION_CONTEXT('2D SPACE',''
  ) );
#2323 = ORIENTED_EDGE('',*,*,#2324,.T.);
#2324 = EDGE_CURVE('',#2297,#2078,#2325,.T.);
#2325 = SURFACE_CURVE('',#2326,(#2330,#2337),.PCURVE_S1.);
#2326 = LINE('',#2327,#2328);
#2327 = CARTESIAN_POINT('',(68.710247255213,6.787886435516E+03,
    -104.7418076068));
#2328 = VECTOR('',#2329,1.);
#2329 = DIRECTION('',(1.110223024625E-16,1.,0.));
#2330 = PCURVE('',#855,#2331);
#2331 = DEFINITIONAL_REPRESENTATION('',(#2332),#2336);
#2332 = LINE('',#2333,#2334);
#2333 = CARTESIAN_POINT('',(6.820219295044E+03,-1.351200783127E+04));
#2334 = VECTOR('',#2335,1.);
#2335 = DIRECTION('',(1.,0.));
#2336 = ( GEOMETRIC_REPRESENTATION_CONTEXT(2) 
PARAMETRIC_REPRESENTATION_CONTEXT() REPRESENTATION_CONTEXT('2D SPACE',''
  ) );
#2337 = PCURVE('',#1356,#2338);
#2338 = DEFINITIONAL_REPRESENTATION('',(#2339),#2343);
#2339 = LINE('',#2340,#2341);
#2340 = CARTESIAN_POINT('',(99.078412217525,-6.820219295044E+03));
#2341 = VECTOR('',#2342,1.);
#2342 = DIRECTION('',(0.,1.));
#2343 = ( GEOMETRIC_REPRESENTATION_CONTEXT(2) 
PARAMETRIC_REPRESENTATION_CONTEXT() REPRESENTATION_CONTEXT('2D SPACE',''
  ) );
#2344 = ORIENTED_EDGE('',*,*,#2077,.F.);
#2345 = ORIENTED_EDGE('',*,*,#839,.F.);
#2346 = ADVANCED_FACE('',(#2347),#712,.T.);
#2347 = FACE_BOUND('',#2348,.T.);
#2348 = EDGE_LOOP('',(#2349,#2381,#2382));
#2349 = ORIENTED_EDGE('',*,*,#2350,.F.);
#2350 = EDGE_CURVE('',#675,#2127,#2351,.T.);
#2351 = SURFACE_CURVE('',#2352,(#2362,#2368),.PCURVE_S1.);
#2352 = ( BOUNDED_CURVE() B_SPLINE_CURVE(8,(#2353,#2354,#2355,#2356,
    #2357,#2358,#2359,#2360,#2361),.UNSPECIFIED.,.F.,.F.) 
B_SPLINE_CURVE_WITH_KNOTS((9,9),(-1.308682296485E-15,1.483444753801),
.PIECEWISE_BEZIER_KNOTS.) CURVE() GEOMETRIC_REPRESENTATION_ITEM() 
RATIONAL_B_SPLINE_CURVE((1.,1.,1.,1.,1.,1.,1.,1.,1.)) 
REPRESENTATION_ITEM('') );
#2353 = CARTESIAN_POINT('',(61.178006525922,-10.24192349018,
    -127.8459992276));
#2354 = CARTESIAN_POINT('',(61.223989076826,-10.2398869464,
    -127.3204162504));
#2355 = CARTESIAN_POINT('',(60.995823145751,-10.2499922994,
    -126.7706832382));
#2356 = CARTESIAN_POINT('',(60.644188191357,-10.26556603263,
    -125.9503691261));
#2357 = CARTESIAN_POINT('',(60.472653901609,-10.27316319906,
    -124.7747924636));
#2358 = CARTESIAN_POINT('',(60.790914622195,-10.25906759366,
    -123.4406509188));
#2359 = CARTESIAN_POINT('',(61.642627376146,-10.22134566911,
    -122.3208000109));
#2360 = CARTESIAN_POINT('',(62.826119755512,-10.16892939374,
    -121.7055054237));
#2361 = CARTESIAN_POINT('',(64.009622611272,-10.11651265438,
    -121.7055054237));
#2362 = PCURVE('',#712,#2363);
#2363 = DEFINITIONAL_REPRESENTATION('',(#2364),#2367);
#2364 = B_SPLINE_CURVE_WITH_KNOTS('',1,(#2365,#2366),.UNSPECIFIED.,.F.,
  .F.,(2,2),(1.255068651176,1.483444753801),.PIECEWISE_BEZIER_KNOTS.);
#2365 = CARTESIAN_POINT('',(0.,1.255068651176));
#2366 = CARTESIAN_POINT('',(0.,1.483444753801));
#2367 = ( GEOMETRIC_REPRESENTATION_CONTEXT(2) 
PARAMETRIC_REPRESENTATION_CONTEXT() REPRESENTATION_CONTEXT('2D SPACE',''
  ) );
#2368 = PCURVE('',#773,#2369);
#2369 = DEFINITIONAL_REPRESENTATION('',(#2370),#2380);
#2370 = ( BOUNDED_CURVE() B_SPLINE_CURVE(8,(#2371,#2372,#2373,#2374,
    #2375,#2376,#2377,#2378,#2379),.UNSPECIFIED.,.F.,.F.) 
B_SPLINE_CURVE_WITH_KNOTS((9,9),(-1.308682296485E-15,1.483444753801),
.PIECEWISE_BEZIER_KNOTS.) CURVE() GEOMETRIC_REPRESENTATION_ITEM() 
RATIONAL_B_SPLINE_CURVE((1.,1.,1.,1.,1.,1.,1.,1.,1.)) 
REPRESENTATION_ITEM('') );
#2371 = CARTESIAN_POINT('',(28.64849846217,-1.359371072609E+04));
#2372 = CARTESIAN_POINT('',(28.694526089723,-1.359423630906E+04));
#2373 = CARTESIAN_POINT('',(28.466136487809,-1.359478604208E+04));
#2374 = CARTESIAN_POINT('',(28.114156826012,-1.359560635619E+04));
#2375 = CARTESIAN_POINT('',(27.942454381367,-1.359678193285E+04));
#2376 = CARTESIAN_POINT('',(28.261027092627,-1.35981160744E+04));
#2377 = CARTESIAN_POINT('',(29.11357477976,-1.35992359253E+04));
#2378 = CARTESIAN_POINT('',(30.29822733555,-1.359985121989E+04));
#2379 = CARTESIAN_POINT('',(31.482890378004,-1.359985121989E+04));
#2380 = ( GEOMETRIC_REPRESENTATION_CONTEXT(2) 
PARAMETRIC_REPRESENTATION_CONTEXT() REPRESENTATION_CONTEXT('2D SPACE',''
  ) );
#2381 = ORIENTED_EDGE('',*,*,#674,.T.);
#2382 = ORIENTED_EDGE('',*,*,#2126,.F.);
#2383 = ADVANCED_FACE('',(#2384),#828,.F.);
#2384 = FACE_BOUND('',#2385,.T.);
#2385 = EDGE_LOOP('',(#2386,#2413,#2433,#2434));
#2386 = ORIENTED_EDGE('',*,*,#2387,.T.);
#2387 = EDGE_CURVE('',#786,#2388,#2390,.T.);
#2388 = VERTEX_POINT('',#2389);
#2389 = CARTESIAN_POINT('',(66.811397056422,-13.1117345129,
    -122.1601819037));
#2390 = SURFACE_CURVE('',#2391,(#2396,#2402),.PCURVE_S1.);
#2391 = CIRCLE('',#2392,21.636887592482);
#2392 = AXIS2_PLACEMENT_3D('',#2393,#2394,#2395);
#2393 = CARTESIAN_POINT('',(67.76874531232,-34.72743225798,
    -122.1601819037));
#2394 = DIRECTION('',(0.,0.,-1.));
#2395 = DIRECTION('',(-1.,1.110223024625E-16,0.));
#2396 = PCURVE('',#828,#2397);
#2397 = DEFINITIONAL_REPRESENTATION('',(#2398),#2401);
#2398 = B_SPLINE_CURVE_WITH_KNOTS('',1,(#2399,#2400),.UNSPECIFIED.,.F.,
  .F.,(2,2),(1.135661601339,1.526535760338),.PIECEWISE_BEZIER_KNOTS.);
#2399 = CARTESIAN_POINT('',(-0.435134725456,-1.359939654341E+04));
#2400 = CARTESIAN_POINT('',(-4.426056645641E-02,-1.359939654341E+04));
#2401 = ( GEOMETRIC_REPRESENTATION_CONTEXT(2) 
PARAMETRIC_REPRESENTATION_CONTEXT() REPRESENTATION_CONTEXT('2D SPACE',''
  ) );
#2402 = PCURVE('',#801,#2403);
#2403 = DEFINITIONAL_REPRESENTATION('',(#2404),#2412);
#2404 = ( BOUNDED_CURVE() B_SPLINE_CURVE(2,(#2405,#2406,#2407,#2408,
#2409,#2410,#2411),.UNSPECIFIED.,.T.,.F.) B_SPLINE_CURVE_WITH_KNOTS((1,2
    ,2,2,2,1),(-2.094395102393,0.,2.094395102393,4.188790204786,
6.28318530718,8.377580409573),.UNSPECIFIED.) CURVE() 
GEOMETRIC_REPRESENTATION_ITEM() RATIONAL_B_SPLINE_CURVE((1.,0.5,1.,0.5,
1.,0.5,1.)) REPRESENTATION_ITEM('') );
#2405 = CARTESIAN_POINT('',(-2.394572730709,-1.348942944173E+04));
#2406 = CARTESIAN_POINT('',(35.081615897128,-1.348942944173E+04));
#2407 = CARTESIAN_POINT('',(16.343521583209,-1.352188477312E+04));
#2408 = CARTESIAN_POINT('',(-2.394572730709,-1.355434010451E+04));
#2409 = CARTESIAN_POINT('',(-21.13266704462,-1.352188477312E+04));
#2410 = CARTESIAN_POINT('',(-39.87076135854,-1.348942944173E+04));
#2411 = CARTESIAN_POINT('',(-2.394572730709,-1.348942944173E+04));
#2412 = ( GEOMETRIC_REPRESENTATION_CONTEXT(2) 
PARAMETRIC_REPRESENTATION_CONTEXT() REPRESENTATION_CONTEXT('2D SPACE',''
  ) );
#2413 = ORIENTED_EDGE('',*,*,#2414,.T.);
#2414 = EDGE_CURVE('',#2388,#2270,#2415,.T.);
#2415 = SURFACE_CURVE('',#2416,(#2420,#2426),.PCURVE_S1.);
#2416 = LINE('',#2417,#2418);
#2417 = CARTESIAN_POINT('',(66.811397056422,-13.1117345129,
    -1.372155672532E+04));
#2418 = VECTOR('',#2419,1.);
#2419 = DIRECTION('',(0.,0.,1.));
#2420 = PCURVE('',#828,#2421);
#2421 = DEFINITIONAL_REPRESENTATION('',(#2422),#2425);
#2422 = B_SPLINE_CURVE_WITH_KNOTS('',1,(#2423,#2424),.UNSPECIFIED.,.F.,
  .F.,(2,2),(1.359939654341E+04,1.361681491771E+04),
  .PIECEWISE_BEZIER_KNOTS.);
#2423 = CARTESIAN_POINT('',(-4.426056645641E-02,-1.359939654341E+04));
#2424 = CARTESIAN_POINT('',(-4.426056645641E-02,-1.361681491771E+04));
#2425 = ( GEOMETRIC_REPRESENTATION_CONTEXT(2) 
PARAMETRIC_REPRESENTATION_CONTEXT() REPRESENTATION_CONTEXT('2D SPACE',''
  ) );
#2426 = PCURVE('',#2312,#2427);
#2427 = DEFINITIONAL_REPRESENTATION('',(#2428),#2432);
#2428 = LINE('',#2429,#2430);
#2429 = CARTESIAN_POINT('',(0.,0.));
#2430 = VECTOR('',#2431,1.);
#2431 = DIRECTION('',(0.,-1.));
#2432 = ( GEOMETRIC_REPRESENTATION_CONTEXT(2) 
PARAMETRIC_REPRESENTATION_CONTEXT() REPRESENTATION_CONTEXT('2D SPACE',''
  ) );
#2433 = ORIENTED_EDGE('',*,*,#2269,.F.);
#2434 = ORIENTED_EDGE('',*,*,#813,.T.);
#2435 = ADVANCED_FACE('',(#2436),#773,.T.);
#2436 = FACE_BOUND('',#2437,.T.);
#2437 = EDGE_LOOP('',(#2438,#2439,#2440,#2463,#2484));
#2438 = ORIENTED_EDGE('',*,*,#2350,.T.);
#2439 = ORIENTED_EDGE('',*,*,#2236,.T.);
#2440 = ORIENTED_EDGE('',*,*,#2441,.F.);
#2441 = EDGE_CURVE('',#2442,#2193,#2444,.T.);
#2442 = VERTEX_POINT('',#2443);
#2443 = CARTESIAN_POINT('',(68.710247255212,-9.908324380399,
    -122.1601819037));
#2444 = SURFACE_CURVE('',#2445,(#2449,#2456),.PCURVE_S1.);
#2445 = LINE('',#2446,#2447);
#2446 = CARTESIAN_POINT('',(196.31956524778,-4.256572609196,
    -118.3121826986));
#2447 = VECTOR('',#2448,1.);
#2448 = DIRECTION('',(0.998567655899,4.422605344713E-02,
    3.011133988191E-02));
#2449 = PCURVE('',#773,#2450);
#2450 = DEFINITIONAL_REPRESENTATION('',(#2451),#2455);
#2451 = LINE('',#2452,#2453);
#2452 = CARTESIAN_POINT('',(163.92253632214,-1.360324454262E+04));
#2453 = VECTOR('',#2454,1.);
#2454 = DIRECTION('',(0.999546550797,-3.011133988191E-02));
#2455 = ( GEOMETRIC_REPRESENTATION_CONTEXT(2) 
PARAMETRIC_REPRESENTATION_CONTEXT() REPRESENTATION_CONTEXT('2D SPACE',''
  ) );
#2456 = PCURVE('',#1433,#2457);
#2457 = DEFINITIONAL_REPRESENTATION('',(#2458),#2462);
#2458 = LINE('',#2459,#2460);
#2459 = CARTESIAN_POINT('',(28.588909899027,-1.361236230317E+04));
#2460 = VECTOR('',#2461,1.);
#2461 = DIRECTION('',(0.999021549415,4.422605344713E-02));
#2462 = ( GEOMETRIC_REPRESENTATION_CONTEXT(2) 
PARAMETRIC_REPRESENTATION_CONTEXT() REPRESENTATION_CONTEXT('2D SPACE',''
  ) );
#2463 = ORIENTED_EDGE('',*,*,#2464,.T.);
#2464 = EDGE_CURVE('',#2442,#759,#2465,.T.);
#2465 = SURFACE_CURVE('',#2466,(#2470,#2477),.PCURVE_S1.);
#2466 = LINE('',#2467,#2468);
#2467 = CARTESIAN_POINT('',(-6.692639266892E+03,-309.3650544486,
    -122.1601819037));
#2468 = VECTOR('',#2469,1.);
#2469 = DIRECTION('',(-0.999020661021,-4.424611681352E-02,0.));
#2470 = PCURVE('',#773,#2471);
#2471 = DEFINITIONAL_REPRESENTATION('',(#2472),#2476);
#2472 = LINE('',#2473,#2474);
#2473 = CARTESIAN_POINT('',(-6.731789535437E+03,-1.359939654341E+04));
#2474 = VECTOR('',#2475,1.);
#2475 = DIRECTION('',(-1.,-5.418586533038E-18));
#2476 = ( GEOMETRIC_REPRESENTATION_CONTEXT(2) 
PARAMETRIC_REPRESENTATION_CONTEXT() REPRESENTATION_CONTEXT('2D SPACE',''
  ) );
#2477 = PCURVE('',#801,#2478);
#2478 = DEFINITIONAL_REPRESENTATION('',(#2479),#2483);
#2479 = LINE('',#2480,#2481);
#2480 = CARTESIAN_POINT('',(-277.0321949213,-6.750658317118E+03));
#2481 = VECTOR('',#2482,1.);
#2482 = DIRECTION('',(-4.424611681352E-02,0.999020661021));
#2483 = ( GEOMETRIC_REPRESENTATION_CONTEXT(2) 
PARAMETRIC_REPRESENTATION_CONTEXT() REPRESENTATION_CONTEXT('2D SPACE',''
  ) );
#2484 = ORIENTED_EDGE('',*,*,#758,.T.);
#2485 = ADVANCED_FACE('',(#2486),#801,.F.);
#2486 = FACE_BOUND('',#2487,.F.);
#2487 = EDGE_LOOP('',(#2488,#2489,#2512,#2533,#2534));
#2488 = ORIENTED_EDGE('',*,*,#2387,.T.);
#2489 = ORIENTED_EDGE('',*,*,#2490,.T.);
#2490 = EDGE_CURVE('',#2388,#2491,#2493,.T.);
#2491 = VERTEX_POINT('',#2492);
#2492 = CARTESIAN_POINT('',(68.710247255008,-13.02763540367,
    -122.1601819037));
#2493 = SURFACE_CURVE('',#2494,(#2498,#2505),.PCURVE_S1.);
#2494 = LINE('',#2495,#2496);
#2495 = CARTESIAN_POINT('',(-6.675443409574E+03,-311.7227696999,
    -122.1601819037));
#2496 = VECTOR('',#2497,1.);
#2497 = DIRECTION('',(0.999020661021,4.424611681352E-02,0.));
#2498 = PCURVE('',#801,#2499);
#2499 = DEFINITIONAL_REPRESENTATION('',(#2500),#2504);
#2500 = LINE('',#2501,#2502);
#2501 = CARTESIAN_POINT('',(-279.3899101726,-6.767854174436E+03));
#2502 = VECTOR('',#2503,1.);
#2503 = DIRECTION('',(4.424611681352E-02,-0.999020661021));
#2504 = ( GEOMETRIC_REPRESENTATION_CONTEXT(2) 
PARAMETRIC_REPRESENTATION_CONTEXT() REPRESENTATION_CONTEXT('2D SPACE',''
  ) );
#2505 = PCURVE('',#2312,#2506);
#2506 = DEFINITIONAL_REPRESENTATION('',(#2507),#2511);
#2507 = LINE('',#2508,#2509);
#2508 = CARTESIAN_POINT('',(-6.748864232437E+03,-1.359939654341E+04));
#2509 = VECTOR('',#2510,1.);
#2510 = DIRECTION('',(1.,0.));
#2511 = ( GEOMETRIC_REPRESENTATION_CONTEXT(2) 
PARAMETRIC_REPRESENTATION_CONTEXT() REPRESENTATION_CONTEXT('2D SPACE',''
  ) );
#2512 = ORIENTED_EDGE('',*,*,#2513,.F.);
#2513 = EDGE_CURVE('',#2442,#2491,#2514,.T.);
#2514 = SURFACE_CURVE('',#2515,(#2519,#2526),.PCURVE_S1.);
#2515 = LINE('',#2516,#2517);
#2516 = CARTESIAN_POINT('',(68.710247255213,6.787886435516E+03,
    -122.1601819037));
#2517 = VECTOR('',#2518,1.);
#2518 = DIRECTION('',(-1.110223024625E-16,-1.,0.));
#2519 = PCURVE('',#801,#2520);
#2520 = DEFINITIONAL_REPRESENTATION('',(#2521),#2525);
#2521 = LINE('',#2522,#2523);
#2522 = CARTESIAN_POINT('',(6.820219295044E+03,-1.351200783127E+04));
#2523 = VECTOR('',#2524,1.);
#2524 = DIRECTION('',(-1.,0.));
#2525 = ( GEOMETRIC_REPRESENTATION_CONTEXT(2) 
PARAMETRIC_REPRESENTATION_CONTEXT() REPRESENTATION_CONTEXT('2D SPACE',''
  ) );
#2526 = PCURVE('',#1433,#2527);
#2527 = DEFINITIONAL_REPRESENTATION('',(#2528),#2532);
#2528 = LINE('',#2529,#2530);
#2529 = CARTESIAN_POINT('',(-99.07841221752,-6.820219295044E+03));
#2530 = VECTOR('',#2531,1.);
#2531 = DIRECTION('',(-0.,-1.));
#2532 = ( GEOMETRIC_REPRESENTATION_CONTEXT(2) 
PARAMETRIC_REPRESENTATION_CONTEXT() REPRESENTATION_CONTEXT('2D SPACE',''
  ) );
#2533 = ORIENTED_EDGE('',*,*,#2464,.T.);
#2534 = ORIENTED_EDGE('',*,*,#785,.F.);
#2535 = ADVANCED_FACE('',(#2536),#1182,.F.);
#2536 = FACE_BOUND('',#2537,.F.);
#2537 = EDGE_LOOP('',(#2538,#2559,#2560,#2561));
#2538 = ORIENTED_EDGE('',*,*,#2539,.T.);
#2539 = EDGE_CURVE('',#2540,#1166,#2542,.T.);
#2540 = VERTEX_POINT('',#2541);
#2541 = CARTESIAN_POINT('',(44.920735063958,13.60810573056,-110.));
#2542 = SEAM_CURVE('',#2543,(#2547,#2553),.PCURVE_S1.);
#2543 = LINE('',#2544,#2545);
#2544 = CARTESIAN_POINT('',(44.920735063958,13.60810573056,
    -140.6672062164));
#2545 = VECTOR('',#2546,1.);
#2546 = DIRECTION('',(0.,0.,1.));
#2547 = PCURVE('',#1182,#2548);
#2548 = DEFINITIONAL_REPRESENTATION('',(#2549),#2552);
#2549 = B_SPLINE_CURVE_WITH_KNOTS('',1,(#2550,#2551),.UNSPECIFIED.,.F.,
  .F.,(2,2),(16.329726876672,38.102696045568),.PIECEWISE_BEZIER_KNOTS.);
#2550 = CARTESIAN_POINT('',(6.28318530718,16.329726876672));
#2551 = CARTESIAN_POINT('',(6.28318530718,38.102696045568));
#2552 = ( GEOMETRIC_REPRESENTATION_CONTEXT(2) 
PARAMETRIC_REPRESENTATION_CONTEXT() REPRESENTATION_CONTEXT('2D SPACE',''
  ) );
#2553 = PCURVE('',#1182,#2554);
#2554 = DEFINITIONAL_REPRESENTATION('',(#2555),#2558);
#2555 = B_SPLINE_CURVE_WITH_KNOTS('',1,(#2556,#2557),.UNSPECIFIED.,.F.,
  .F.,(2,2),(16.329726876672,38.102696045568),.PIECEWISE_BEZIER_KNOTS.);
#2556 = CARTESIAN_POINT('',(0.,16.329726876672));
#2557 = CARTESIAN_POINT('',(0.,38.102696045568));
#2558 = ( GEOMETRIC_REPRESENTATION_CONTEXT(2) 
PARAMETRIC_REPRESENTATION_CONTEXT() REPRESENTATION_CONTEXT('2D SPACE',''
  ) );
#2559 = ORIENTED_EDGE('',*,*,#1165,.F.);
#2560 = ORIENTED_EDGE('',*,*,#2539,.F.);
#2561 = ORIENTED_EDGE('',*,*,#2562,.T.);
#2562 = EDGE_CURVE('',#2540,#2540,#2563,.T.);
#2563 = SURFACE_CURVE('',#2564,(#2569,#2576),.PCURVE_S1.);
#2564 = CIRCLE('',#2565,13.60810573056);
#2565 = AXIS2_PLACEMENT_3D('',#2566,#2567,#2568);
#2566 = CARTESIAN_POINT('',(44.920735063958,1.331017645947E-14,-110.));
#2567 = DIRECTION('',(0.,0.,1.));
#2568 = DIRECTION('',(0.,-1.,0.));
#2569 = PCURVE('',#1182,#2570);
#2570 = DEFINITIONAL_REPRESENTATION('',(#2571),#2575);
#2571 = LINE('',#2572,#2573);
#2572 = CARTESIAN_POINT('',(-3.14159265359,30.667206216448));
#2573 = VECTOR('',#2574,1.);
#2574 = DIRECTION('',(1.,0.));
#2575 = ( GEOMETRIC_REPRESENTATION_CONTEXT(2) 
PARAMETRIC_REPRESENTATION_CONTEXT() REPRESENTATION_CONTEXT('2D SPACE',''
  ) );
#2576 = PCURVE('',#2577,#2582);
#2577 = PLANE('',#2578);
#2578 = AXIS2_PLACEMENT_3D('',#2579,#2580,#2581);
#2579 = CARTESIAN_POINT('',(45.,0.,-110.));
#2580 = DIRECTION('',(0.,0.,1.));
#2581 = DIRECTION('',(1.,0.,0.));
#2582 = DEFINITIONAL_REPRESENTATION('',(#2583),#2587);
#2583 = CIRCLE('',#2584,13.60810573056);
#2584 = AXIS2_PLACEMENT_2D('',#2585,#2586);
#2585 = CARTESIAN_POINT('',(-7.92649360416E-02,1.331017645947E-14));
#2586 = DIRECTION('',(0.,-1.));
#2587 = ( GEOMETRIC_REPRESENTATION_CONTEXT(2) 
PARAMETRIC_REPRESENTATION_CONTEXT() REPRESENTATION_CONTEXT('2D SPACE',''
  ) );
#2588 = ADVANCED_FACE('',(#2589),#1217,.F.);
#2589 = FACE_BOUND('',#2590,.F.);
#2590 = EDGE_LOOP('',(#2591,#2614,#2636,#2637));
#2591 = ORIENTED_EDGE('',*,*,#2592,.T.);
#2592 = EDGE_CURVE('',#1201,#2593,#2595,.T.);
#2593 = VERTEX_POINT('',#2594);
#2594 = CARTESIAN_POINT('',(56.,0.,-110.));
#2595 = SEAM_CURVE('',#2596,(#2600,#2607),.PCURVE_S1.);
#2596 = LINE('',#2597,#2598);
#2597 = CARTESIAN_POINT('',(56.,-2.694133978409E-15,-135.));
#2598 = VECTOR('',#2599,1.);
#2599 = DIRECTION('',(0.,0.,1.));
#2600 = PCURVE('',#1217,#2601);
#2601 = DEFINITIONAL_REPRESENTATION('',(#2602),#2606);
#2602 = LINE('',#2603,#2604);
#2603 = CARTESIAN_POINT('',(6.28318530718,0.));
#2604 = VECTOR('',#2605,1.);
#2605 = DIRECTION('',(0.,1.));
#2606 = ( GEOMETRIC_REPRESENTATION_CONTEXT(2) 
PARAMETRIC_REPRESENTATION_CONTEXT() REPRESENTATION_CONTEXT('2D SPACE',''
  ) );
#2607 = PCURVE('',#1217,#2608);
#2608 = DEFINITIONAL_REPRESENTATION('',(#2609),#2613);
#2609 = LINE('',#2610,#2611);
#2610 = CARTESIAN_POINT('',(0.,0.));
#2611 = VECTOR('',#2612,1.);
#2612 = DIRECTION('',(0.,1.));
#2613 = ( GEOMETRIC_REPRESENTATION_CONTEXT(2) 
PARAMETRIC_REPRESENTATION_CONTEXT() REPRESENTATION_CONTEXT('2D SPACE',''
  ) );
#2614 = ORIENTED_EDGE('',*,*,#2615,.F.);
#2615 = EDGE_CURVE('',#2593,#2593,#2616,.T.);
#2616 = SURFACE_CURVE('',#2617,(#2622,#2629),.PCURVE_S1.);
#2617 = CIRCLE('',#2618,11.);
#2618 = AXIS2_PLACEMENT_3D('',#2619,#2620,#2621);
#2619 = CARTESIAN_POINT('',(45.,0.,-110.));
#2620 = DIRECTION('',(-0.,0.,1.));
#2621 = DIRECTION('',(0.,-1.,0.));
#2622 = PCURVE('',#1217,#2623);
#2623 = DEFINITIONAL_REPRESENTATION('',(#2624),#2628);
#2624 = LINE('',#2625,#2626);
#2625 = CARTESIAN_POINT('',(-1.570796326795,25.));
#2626 = VECTOR('',#2627,1.);
#2627 = DIRECTION('',(1.,0.));
#2628 = ( GEOMETRIC_REPRESENTATION_CONTEXT(2) 
PARAMETRIC_REPRESENTATION_CONTEXT() REPRESENTATION_CONTEXT('2D SPACE',''
  ) );
#2629 = PCURVE('',#2577,#2630);
#2630 = DEFINITIONAL_REPRESENTATION('',(#2631),#2635);
#2631 = CIRCLE('',#2632,11.);
#2632 = AXIS2_PLACEMENT_2D('',#2633,#2634);
#2633 = CARTESIAN_POINT('',(0.,0.));
#2634 = DIRECTION('',(0.,-1.));
#2635 = ( GEOMETRIC_REPRESENTATION_CONTEXT(2) 
PARAMETRIC_REPRESENTATION_CONTEXT() REPRESENTATION_CONTEXT('2D SPACE',''
  ) );
#2636 = ORIENTED_EDGE('',*,*,#2592,.F.);
#2637 = ORIENTED_EDGE('',*,*,#1200,.T.);
#2638 = ADVANCED_FACE('',(#2639),#1300,.T.);
#2639 = FACE_BOUND('',#2640,.T.);
#2640 = EDGE_LOOP('',(#2641,#2664,#2665,#2666,#2667,#2690,#2757,#2819));
#2641 = ORIENTED_EDGE('',*,*,#2642,.T.);
#2642 = EDGE_CURVE('',#2643,#1418,#2645,.T.);
#2643 = VERTEX_POINT('',#2644);
#2644 = CARTESIAN_POINT('',(149.02039032214,9.470740025924,
    -119.738467161));
#2645 = SURFACE_CURVE('',#2646,(#2650,#2657),.PCURVE_S1.);
#2646 = LINE('',#2647,#2648);
#2647 = CARTESIAN_POINT('',(21.700433451595,15.109676140244,
    -123.5777408171));
#2648 = VECTOR('',#2649,1.);
#2649 = DIRECTION('',(-0.998567655899,4.422605344713E-02,
    -3.011133988191E-02));
#2650 = PCURVE('',#1300,#2651);
#2651 = DEFINITIONAL_REPRESENTATION('',(#2652),#2656);
#2652 = LINE('',#2653,#2654);
#2653 = CARTESIAN_POINT('',(-45.15518583842,-1.35979789845E+04));
#2654 = VECTOR('',#2655,1.);
#2655 = DIRECTION('',(-0.999546550797,3.011133988191E-02));
#2656 = ( GEOMETRIC_REPRESENTATION_CONTEXT(2) 
PARAMETRIC_REPRESENTATION_CONTEXT() REPRESENTATION_CONTEXT('2D SPACE',''
  ) );
#2657 = PCURVE('',#1433,#2658);
#2658 = DEFINITIONAL_REPRESENTATION('',(#2659),#2663);
#2659 = LINE('',#2660,#2661);
#2660 = CARTESIAN_POINT('',(-146.1095940772,-1.359299605442E+04));
#2661 = VECTOR('',#2662,1.);
#2662 = DIRECTION('',(-0.999021549415,4.422605344713E-02));
#2663 = ( GEOMETRIC_REPRESENTATION_CONTEXT(2) 
PARAMETRIC_REPRESENTATION_CONTEXT() REPRESENTATION_CONTEXT('2D SPACE',''
  ) );
#2664 = ORIENTED_EDGE('',*,*,#1445,.F.);
#2665 = ORIENTED_EDGE('',*,*,#1287,.T.);
#2666 = ORIENTED_EDGE('',*,*,#1368,.T.);
#2667 = ORIENTED_EDGE('',*,*,#2668,.F.);
#2668 = EDGE_CURVE('',#2669,#1341,#2671,.T.);
#2669 = VERTEX_POINT('',#2670);
#2670 = CARTESIAN_POINT('',(149.02039032214,9.470740025924,
    -107.1635223495));
#2671 = SURFACE_CURVE('',#2672,(#2676,#2683),.PCURVE_S1.);
#2672 = LINE('',#2673,#2674);
#2673 = CARTESIAN_POINT('',(21.700433451595,15.109676140244,
    -103.3242486935));
#2674 = VECTOR('',#2675,1.);
#2675 = DIRECTION('',(-0.998567655899,4.422605344713E-02,
    3.011133988191E-02));
#2676 = PCURVE('',#1300,#2677);
#2677 = DEFINITIONAL_REPRESENTATION('',(#2678),#2682);
#2678 = LINE('',#2679,#2680);
#2679 = CARTESIAN_POINT('',(-45.15518583842,-1.361823247662E+04));
#2680 = VECTOR('',#2681,1.);
#2681 = DIRECTION('',(-0.999546550797,-3.011133988191E-02));
#2682 = ( GEOMETRIC_REPRESENTATION_CONTEXT(2) 
PARAMETRIC_REPRESENTATION_CONTEXT() REPRESENTATION_CONTEXT('2D SPACE',''
  ) );
#2683 = PCURVE('',#1356,#2684);
#2684 = DEFINITIONAL_REPRESENTATION('',(#2685),#2689);
#2685 = LINE('',#2686,#2687);
#2686 = CARTESIAN_POINT('',(146.10959407726,-1.359299605442E+04));
#2687 = VECTOR('',#2688,1.);
#2688 = DIRECTION('',(0.999021549415,4.422605344713E-02));
#2689 = ( GEOMETRIC_REPRESENTATION_CONTEXT(2) 
PARAMETRIC_REPRESENTATION_CONTEXT() REPRESENTATION_CONTEXT('2D SPACE',''
  ) );
#2690 = ORIENTED_EDGE('',*,*,#2691,.T.);
#2691 = EDGE_CURVE('',#2669,#2692,#2694,.T.);
#2692 = VERTEX_POINT('',#2693);
#2693 = CARTESIAN_POINT('',(148.17165534421,9.508330066293,
    -112.3820108859));
#2694 = SURFACE_CURVE('',#2695,(#2706,#2720),.PCURVE_S1.);
#2695 = ( BOUNDED_CURVE() B_SPLINE_CURVE(3,(#2696,#2697,#2698,#2699,
    #2700,#2701,#2702,#2703,#2704,#2705),.UNSPECIFIED.,.F.,.F.) 
B_SPLINE_CURVE_WITH_KNOTS((4,3,3,4),(-2.415625231678,0.,4.513902197164,
5.905517523815),.UNSPECIFIED.) CURVE() GEOMETRIC_REPRESENTATION_ITEM() 
RATIONAL_B_SPLINE_CURVE((1.,1.,1.,1.,1.,1.,1.,1.,1.,1.)) 
REPRESENTATION_ITEM('') );
#2696 = CARTESIAN_POINT('',(149.63538676006,9.443502146574,
    -103.508336696));
#2697 = CARTESIAN_POINT('',(149.45680672412,9.451411365512,
    -104.5542480947));
#2698 = CARTESIAN_POINT('',(149.28046879492,9.459221282682,
    -105.6004198876));
#2699 = CARTESIAN_POINT('',(149.10615952985,9.46694135135,
    -106.6468272859));
#2700 = CARTESIAN_POINT('',(148.77982509343,9.481394537513,
    -108.608963927));
#2701 = CARTESIAN_POINT('',(148.44967740609,9.496016610619,
    -110.6372478801));
#2702 = CARTESIAN_POINT('',(148.11521780173,9.510829656336,
    -112.7356988311));
#2703 = CARTESIAN_POINT('',(148.01227768836,9.515388821585,
    -113.3807209155));
#2704 = CARTESIAN_POINT('',(147.90998226461,9.519919433859,
    -114.0258158171));
#2705 = CARTESIAN_POINT('',(147.80829808647,9.524422974376,
    -114.6709797584));
#2706 = PCURVE('',#1300,#2707);
#2707 = DEFINITIONAL_REPRESENTATION('',(#2708),#2719);
#2708 = ( BOUNDED_CURVE() B_SPLINE_CURVE(3,(#2709,#2710,#2711,#2712,
    #2713,#2714,#2715,#2716,#2717,#2718),.UNSPECIFIED.,.F.,.F.) 
B_SPLINE_CURVE_WITH_KNOTS((4,3,3,4),(-2.415625231678,0.,4.513902197164,
5.905517523815),.UNSPECIFIED.) CURVE() GEOMETRIC_REPRESENTATION_ITEM() 
RATIONAL_B_SPLINE_CURVE((1.,1.,1.,1.,1.,1.,1.,1.,1.,1.)) 
REPRESENTATION_ITEM('') );
#2709 = CARTESIAN_POINT('',(82.905181979913,-1.361804838862E+04));
#2710 = CARTESIAN_POINT('',(82.72642688214,-1.361700247722E+04));
#2711 = CARTESIAN_POINT('',(82.549916089042,-1.361595630543E+04));
#2712 = CARTESIAN_POINT('',(82.375435948768,-1.361490989803E+04));
#2713 = CARTESIAN_POINT('',(82.048781607011,-1.361294776139E+04));
#2714 = CARTESIAN_POINT('',(81.718310276219,-1.361091947744E+04));
#2715 = CARTESIAN_POINT('',(81.383522801432,-1.360882102648E+04));
#2716 = CARTESIAN_POINT('',(81.280481775976,-1.36081760044E+04));
#2717 = CARTESIAN_POINT('',(81.178086072119,-1.36075309095E+04));
#2718 = CARTESIAN_POINT('',(81.076302213083,-1.360688574556E+04));
#2719 = ( GEOMETRIC_REPRESENTATION_CONTEXT(2) 
PARAMETRIC_REPRESENTATION_CONTEXT() REPRESENTATION_CONTEXT('2D SPACE',''
  ) );
#2720 = PCURVE('',#2721,#2752);
#2721 = ( BOUNDED_SURFACE() B_SPLINE_SURFACE(2,3,(
    (#2722,#2723,#2724,#2725,#2726,#2727,#2728,#2729,#2730,#2731)
    ,(#2732,#2733,#2734,#2735,#2736,#2737,#2738,#2739,#2740,#2741)
    ,(#2742,#2743,#2744,#2745,#2746,#2747,#2748,#2749,#2750,#2751
)),.UNSPECIFIED.,.F.,.F.,.F.) B_SPLINE_SURFACE_WITH_KNOTS((3,3),(4,3,3,4
    ),(0.,8.321142755493),(-2.415625231678,0.,4.513902197164,
5.905517523815),.UNSPECIFIED.) GEOMETRIC_REPRESENTATION_ITEM() 
RATIONAL_B_SPLINE_SURFACE((
    (1.,1.,1.,1.,1.,1.,1.,1.,1.,1.)
    ,(0.963354782982,0.962677396298,0.962005512193,0.961338995543
      ,0.960097198682,0.958832162461,0.957544388001,0.95714637532
      ,0.956750303907,0.956356144993)
,(1.,1.,1.,1.,1.,1.,1.,1.,1.,1.))) REPRESENTATION_ITEM('') SURFACE() );
#2722 = CARTESIAN_POINT('',(158.60874022869,11.535352388919,
    -104.5377067882));
#2723 = CARTESIAN_POINT('',(158.5063141421,11.585044198339,
    -105.5922307582));
#2724 = CARTESIAN_POINT('',(158.40416346307,11.634309384075,
    -106.646788841));
#2725 = CARTESIAN_POINT('',(158.30224652613,11.683161063983,
    -107.7013761399));
#2726 = CARTESIAN_POINT('',(158.11196745944,11.77419488398,
    -109.6685711621));
#2727 = CARTESIAN_POINT('',(157.91614006072,11.866860311506,
    -111.7019589281));
#2728 = CARTESIAN_POINT('',(157.71429892609,11.961126580586,
    -113.805550408));
#2729 = CARTESIAN_POINT('',(157.65202340668,11.990256709524,
    -114.4550338557));
#2730 = CARTESIAN_POINT('',(157.58981366292,12.019238857078,
    -115.104525457));
#2731 = CARTESIAN_POINT('',(157.52766393772,12.048075658533,
    -115.7540245497));
#2732 = CARTESIAN_POINT('',(154.41061292036,9.23200980938,
    -104.0629228649));
#2733 = CARTESIAN_POINT('',(154.27860904009,9.237856194078,
    -105.1149940823));
#2734 = CARTESIAN_POINT('',(154.14802864361,9.24363953341,
    -106.1664685444));
#2735 = CARTESIAN_POINT('',(154.01872668882,9.249366251204,
    -107.2173639911));
#2736 = CARTESIAN_POINT('',(153.77640448715,9.260098578231,
    -109.1862545947));
#2737 = CARTESIAN_POINT('',(153.53045354641,9.270991620266,
    -111.2191121081));
#2738 = CARTESIAN_POINT('',(153.28048621436,9.282062546229,
    -113.3191112975));
#2739 = CARTESIAN_POINT('',(153.20334759198,9.285478976569,
    -113.9673206935));
#2740 = CARTESIAN_POINT('',(153.12661491317,9.288877427872,
    -114.6153003524));
#2741 = CARTESIAN_POINT('',(153.05026537515,9.292258910067,
    -115.2630552945));
#2742 = CARTESIAN_POINT('',(149.63538676006,9.443502146574,
    -103.508336696));
#2743 = CARTESIAN_POINT('',(149.45680672412,9.451411365512,
    -104.5542480947));
#2744 = CARTESIAN_POINT('',(149.28046879492,9.459221282682,
    -105.6004198876));
#2745 = CARTESIAN_POINT('',(149.10615952985,9.46694135135,
    -106.6468272859));
#2746 = CARTESIAN_POINT('',(148.77982509343,9.481394537513,
    -108.608963927));
#2747 = CARTESIAN_POINT('',(148.44967740609,9.496016610619,
    -110.6372478801));
#2748 = CARTESIAN_POINT('',(148.11521780173,9.510829656336,
    -112.7356988311));
#2749 = CARTESIAN_POINT('',(148.01227768836,9.515388821585,
    -113.3807209155));
#2750 = CARTESIAN_POINT('',(147.90998226461,9.519919433859,
    -114.0258158171));
#2751 = CARTESIAN_POINT('',(147.80829808647,9.524422974376,
    -114.6709797584));
#2752 = DEFINITIONAL_REPRESENTATION('',(#2753),#2756);
#2753 = B_SPLINE_CURVE_WITH_KNOTS('',1,(#2754,#2755),.UNSPECIFIED.,.F.,
  .F.,(2,2),(0.395051958858,4.259822698708),.PIECEWISE_BEZIER_KNOTS.);
#2754 = CARTESIAN_POINT('',(8.321142755493,0.395051958858));
#2755 = CARTESIAN_POINT('',(8.321142755493,4.259822698708));
#2756 = ( GEOMETRIC_REPRESENTATION_CONTEXT(2) 
PARAMETRIC_REPRESENTATION_CONTEXT() REPRESENTATION_CONTEXT('2D SPACE',''
  ) );
#2757 = ORIENTED_EDGE('',*,*,#2758,.T.);
#2758 = EDGE_CURVE('',#2692,#2759,#2761,.T.);
#2759 = VERTEX_POINT('',#2760);
#2760 = CARTESIAN_POINT('',(148.17165534412,9.508330066296,
    -114.5199786247));
#2761 = SURFACE_CURVE('',#2762,(#2772,#2785),.PCURVE_S1.);
#2762 = ( BOUNDED_CURVE() B_SPLINE_CURVE(8,(#2763,#2764,#2765,#2766,
    #2767,#2768,#2769,#2770,#2771),.UNSPECIFIED.,.F.,.F.) 
B_SPLINE_CURVE_WITH_KNOTS((9,9),(0.,1.),.PIECEWISE_BEZIER_KNOTS.) CURVE(
) GEOMETRIC_REPRESENTATION_ITEM() RATIONAL_B_SPLINE_CURVE((1.,1.,1.,1.,
1.,1.,1.,1.,1.)) REPRESENTATION_ITEM('') );
#2763 = CARTESIAN_POINT('',(148.17165534421,9.508330066293,
    -112.3820108859));
#2764 = CARTESIAN_POINT('',(148.15641395287,9.509005099761,
    -112.5170146026));
#2765 = CARTESIAN_POINT('',(148.13052852702,9.510151552102,
    -112.7667777301));
#2766 = CARTESIAN_POINT('',(148.10625538063,9.511226597407,
    -113.0784345546));
#2767 = CARTESIAN_POINT('',(148.09273200585,9.511825540795,
    -113.4509947267));
#2768 = CARTESIAN_POINT('',(148.10625538047,9.511226597414,
    -113.8235549977));
#2769 = CARTESIAN_POINT('',(148.13052852698,9.510151552104,
    -114.1352117628));
#2770 = CARTESIAN_POINT('',(148.15641395288,9.50900509976,
    -114.3849749088));
#2771 = CARTESIAN_POINT('',(148.17165534412,9.508330066296,
    -114.5199786247));
#2772 = PCURVE('',#1300,#2773);
#2773 = DEFINITIONAL_REPRESENTATION('',(#2774),#2784);
#2774 = ( BOUNDED_CURVE() B_SPLINE_CURVE(8,(#2775,#2776,#2777,#2778,
    #2779,#2780,#2781,#2782,#2783),.UNSPECIFIED.,.F.,.F.) 
B_SPLINE_CURVE_WITH_KNOTS((9,9),(0.,1.),.PIECEWISE_BEZIER_KNOTS.) CURVE(
) GEOMETRIC_REPRESENTATION_ITEM() RATIONAL_B_SPLINE_CURVE((1.,1.,1.,1.,
1.,1.,1.,1.,1.)) REPRESENTATION_ITEM('') );
#2775 = CARTESIAN_POINT('',(81.440015669583,-1.360917471443E+04));
#2776 = CARTESIAN_POINT('',(81.42475933712,-1.360903971071E+04));
#2777 = CARTESIAN_POINT('',(81.398848535818,-1.360878994759E+04));
#2778 = CARTESIAN_POINT('',(81.374551594482,-1.360847829076E+04));
#2779 = CARTESIAN_POINT('',(81.361014962753,-1.360810573059E+04));
#2780 = CARTESIAN_POINT('',(81.374551594327,-1.360773317032E+04));
#2781 = CARTESIAN_POINT('',(81.398848535774,-1.360742151355E+04));
#2782 = CARTESIAN_POINT('',(81.424759337132,-1.360717175041E+04));
#2783 = CARTESIAN_POINT('',(81.440015669495,-1.360703674669E+04));
#2784 = ( GEOMETRIC_REPRESENTATION_CONTEXT(2) 
PARAMETRIC_REPRESENTATION_CONTEXT() REPRESENTATION_CONTEXT('2D SPACE',''
  ) );
#2785 = PCURVE('',#2786,#2814);
#2786 = ( BOUNDED_SURFACE() B_SPLINE_SURFACE(2,8,(
    (#2787,#2788,#2789,#2790,#2791,#2792,#2793,#2794,#2795)
    ,(#2796,#2797,#2798,#2799,#2800,#2801,#2802,#2803,#2804)
    ,(#2805,#2806,#2807,#2808,#2809,#2810,#2811,#2812,#2813
)),.UNSPECIFIED.,.F.,.F.,.F.) B_SPLINE_SURFACE_WITH_KNOTS((3,3),(9,9),(
    0.,1.),(0.,1.),.PIECEWISE_BEZIER_KNOTS.) 
GEOMETRIC_REPRESENTATION_ITEM() RATIONAL_B_SPLINE_SURFACE((
    (1.,1.,1.,1.,1.,1.,1.,1.,1.)
    ,(0.957761631754,0.957761631754,0.957761631747,0.957761631771
      ,0.957761631735,0.957761631763,0.957761631753,0.957761631753
      ,0.957761631753)
,(1.,1.,1.,1.,1.,1.,1.,1.,1.))) REPRESENTATION_ITEM('') SURFACE() );
#2787 = CARTESIAN_POINT('',(148.17165534421,9.508330066293,
    -112.3820108859));
#2788 = CARTESIAN_POINT('',(148.15641395287,9.509005099761,
    -112.5170146026));
#2789 = CARTESIAN_POINT('',(148.13052852702,9.510151552102,
    -112.7667777301));
#2790 = CARTESIAN_POINT('',(148.10625538063,9.511226597407,
    -113.0784345546));
#2791 = CARTESIAN_POINT('',(148.09273200585,9.511825540795,
    -113.4509947267));
#2792 = CARTESIAN_POINT('',(148.10625538047,9.511226597414,
    -113.8235549977));
#2793 = CARTESIAN_POINT('',(148.13052852698,9.510151552104,
    -114.1352117628));
#2794 = CARTESIAN_POINT('',(148.15641395288,9.50900509976,
    -114.3849749088));
#2795 = CARTESIAN_POINT('',(148.17165534412,9.508330066296,
    -114.5199786247));
#2796 = CARTESIAN_POINT('',(153.32271212348,9.280192382197,
    -112.9646857534));
#2797 = CARTESIAN_POINT('',(153.31577841192,9.280499472754,
    -113.0261025106));
#2798 = CARTESIAN_POINT('',(153.30400244795,9.281021023955,
    -113.1397263553));
#2799 = CARTESIAN_POINT('',(153.2929599522,9.28151009135,-113.2815072779
    ));
#2800 = CARTESIAN_POINT('',(153.28680781209,9.281782565225,
    -113.4509947423));
#2801 = CARTESIAN_POINT('',(153.29295995221,9.281510091034,
    -113.6204822516));
#2802 = CARTESIAN_POINT('',(153.30400244787,9.281021024197,
    -113.7622631472));
#2803 = CARTESIAN_POINT('',(153.31577841193,9.280499472732,
    -113.8758870004));
#2804 = CARTESIAN_POINT('',(153.32271212345,9.280192382176,
    -113.9373037572));
#2805 = CARTESIAN_POINT('',(157.74832566841,11.945223536437,
    -113.4509947553));
#2806 = CARTESIAN_POINT('',(157.74832566841,11.945223536437,
    -113.4509947553));
#2807 = CARTESIAN_POINT('',(157.74832566841,11.945223536437,
    -113.4509947553));
#2808 = CARTESIAN_POINT('',(157.74832566841,11.945223536439,
    -113.4509947553));
#2809 = CARTESIAN_POINT('',(157.74832566841,11.945223536436,
    -113.4509947553));
#2810 = CARTESIAN_POINT('',(157.74832566841,11.945223536438,
    -113.4509947553));
#2811 = CARTESIAN_POINT('',(157.74832566841,11.945223536437,
    -113.4509947553));
#2812 = CARTESIAN_POINT('',(157.74832566841,11.945223536437,
    -113.4509947553));
#2813 = CARTESIAN_POINT('',(157.74832566841,11.945223536437,
    -113.4509947553));
#2814 = DEFINITIONAL_REPRESENTATION('',(#2815),#2818);
#2815 = B_SPLINE_CURVE_WITH_KNOTS('',1,(#2816,#2817),.UNSPECIFIED.,.F.,
  .F.,(2,2),(0.,1.),.PIECEWISE_BEZIER_KNOTS.);
#2816 = CARTESIAN_POINT('',(0.,0.));
#2817 = CARTESIAN_POINT('',(0.,1.));
#2818 = ( GEOMETRIC_REPRESENTATION_CONTEXT(2) 
PARAMETRIC_REPRESENTATION_CONTEXT() REPRESENTATION_CONTEXT('2D SPACE',''
  ) );
#2819 = ORIENTED_EDGE('',*,*,#2820,.T.);
#2820 = EDGE_CURVE('',#2759,#2643,#2821,.T.);
#2821 = SURFACE_CURVE('',#2822,(#2833,#2847),.PCURVE_S1.);
#2822 = ( BOUNDED_CURVE() B_SPLINE_CURVE(3,(#2823,#2824,#2825,#2826,
    #2827,#2828,#2829,#2830,#2831,#2832),.UNSPECIFIED.,.F.,.F.) 
B_SPLINE_CURVE_WITH_KNOTS((4,3,3,4),(-1.39161532665,0.,4.513902197164,
6.929527428843),.UNSPECIFIED.) CURVE() GEOMETRIC_REPRESENTATION_ITEM() 
RATIONAL_B_SPLINE_CURVE((1.,1.,1.,1.,1.,1.,1.,1.,1.,1.)) 
REPRESENTATION_ITEM('') );
#2823 = CARTESIAN_POINT('',(147.80829808649,9.524422974375,
    -112.2310097522));
#2824 = CARTESIAN_POINT('',(147.90998226462,9.519919433858,
    -112.8761736934));
#2825 = CARTESIAN_POINT('',(148.01227768836,9.515388821585,
    -113.521268595));
#2826 = CARTESIAN_POINT('',(148.11521780173,9.510829656336,
    -114.1662906795));
#2827 = CARTESIAN_POINT('',(148.44967740609,9.496016610619,
    -116.2647416305));
#2828 = CARTESIAN_POINT('',(148.77982509343,9.481394537513,
    -118.2930255835));
#2829 = CARTESIAN_POINT('',(149.10615952985,9.46694135135,
    -120.2551622246));
#2830 = CARTESIAN_POINT('',(149.28046879492,9.459221282682,
    -121.3015696229));
#2831 = CARTESIAN_POINT('',(149.45680672415,9.45141136551,
    -122.3477414159));
#2832 = CARTESIAN_POINT('',(149.63538676009,9.443502146573,
    -123.3936528145));
#2833 = PCURVE('',#1300,#2834);
#2834 = DEFINITIONAL_REPRESENTATION('',(#2835),#2846);
#2835 = ( BOUNDED_CURVE() B_SPLINE_CURVE(3,(#2836,#2837,#2838,#2839,
    #2840,#2841,#2842,#2843,#2844,#2845),.UNSPECIFIED.,.F.,.F.) 
B_SPLINE_CURVE_WITH_KNOTS((4,3,3,4),(-1.39161532665,0.,4.513902197164,
6.929527428843),.UNSPECIFIED.) CURVE() GEOMETRIC_REPRESENTATION_ITEM() 
RATIONAL_B_SPLINE_CURVE((1.,1.,1.,1.,1.,1.,1.,1.,1.,1.)) 
REPRESENTATION_ITEM('') );
#2836 = CARTESIAN_POINT('',(81.076302213097,-1.360932571556E+04));
#2837 = CARTESIAN_POINT('',(81.178086072134,-1.360868055162E+04));
#2838 = CARTESIAN_POINT('',(81.280481775976,-1.360803545672E+04));
#2839 = CARTESIAN_POINT('',(81.383522801432,-1.360739043464E+04));
#2840 = CARTESIAN_POINT('',(81.718310276219,-1.360529198368E+04));
#2841 = CARTESIAN_POINT('',(82.048781607011,-1.360326369973E+04));
#2842 = CARTESIAN_POINT('',(82.375435948767,-1.360130156309E+04));
#2843 = CARTESIAN_POINT('',(82.549916089041,-1.360025515569E+04));
#2844 = CARTESIAN_POINT('',(82.726426882165,-1.35992089839E+04));
#2845 = CARTESIAN_POINT('',(82.905181979938,-1.35981630725E+04));
#2846 = ( GEOMETRIC_REPRESENTATION_CONTEXT(2) 
PARAMETRIC_REPRESENTATION_CONTEXT() REPRESENTATION_CONTEXT('2D SPACE',''
  ) );
#2847 = PCURVE('',#2848,#2879);
#2848 = ( BOUNDED_SURFACE() B_SPLINE_SURFACE(2,3,(
    (#2849,#2850,#2851,#2852,#2853,#2854,#2855,#2856,#2857,#2858)
    ,(#2859,#2860,#2861,#2862,#2863,#2864,#2865,#2866,#2867,#2868)
    ,(#2869,#2870,#2871,#2872,#2873,#2874,#2875,#2876,#2877,#2878
)),.UNSPECIFIED.,.F.,.F.,.F.) B_SPLINE_SURFACE_WITH_KNOTS((3,3),(4,3,3,4
    ),(0.,8.321142755493),(-1.39161532665,0.,4.513902197164,
6.929527428843),.UNSPECIFIED.) GEOMETRIC_REPRESENTATION_ITEM() 
RATIONAL_B_SPLINE_SURFACE((
    (1.,1.,1.,1.,1.,1.,1.,1.,1.,1.)
    ,(0.956356144993,0.956750303907,0.95714637532,0.957544388001
      ,0.958832162461,0.960097198682,0.961338995543,0.962005512193
      ,0.962677396298,0.963354782982)
,(1.,1.,1.,1.,1.,1.,1.,1.,1.,1.))) REPRESENTATION_ITEM('') SURFACE() );
#2849 = CARTESIAN_POINT('',(157.52766393773,12.048075658536,
    -111.1479649609));
#2850 = CARTESIAN_POINT('',(157.58981366293,12.019238857081,
    -111.7974640536));
#2851 = CARTESIAN_POINT('',(157.65202340668,11.990256709524,
    -112.4469556548));
#2852 = CARTESIAN_POINT('',(157.71429892609,11.961126580586,
    -113.0964391025));
#2853 = CARTESIAN_POINT('',(157.91614006072,11.866860311506,
    -115.2000305825));
#2854 = CARTESIAN_POINT('',(158.11196745944,11.77419488398,
    -117.2334183485));
#2855 = CARTESIAN_POINT('',(158.30224652613,11.683161063983,
    -119.2006133707));
#2856 = CARTESIAN_POINT('',(158.40416346307,11.634309384075,
    -120.2552006696));
#2857 = CARTESIAN_POINT('',(158.5063141421,11.585044198343,
    -121.3097587524));
#2858 = CARTESIAN_POINT('',(158.6087402287,11.535352388924,
    -122.3642827224));
#2859 = CARTESIAN_POINT('',(153.05026537516,9.29225891007,
    -111.6389342161));
#2860 = CARTESIAN_POINT('',(153.12661491318,9.288877427875,
    -112.2866891582));
#2861 = CARTESIAN_POINT('',(153.20334759198,9.285478976569,
    -112.9346688171));
#2862 = CARTESIAN_POINT('',(153.28048621436,9.282062546229,
    -113.5828782131));
#2863 = CARTESIAN_POINT('',(153.53045354641,9.270991620266,
    -115.6828774024));
#2864 = CARTESIAN_POINT('',(153.77640448715,9.260098578231,
    -117.7157349158));
#2865 = CARTESIAN_POINT('',(154.01872668881,9.249366251204,
    -119.6846255194));
#2866 = CARTESIAN_POINT('',(154.14802864361,9.24363953341,
    -120.7355209662));
#2867 = CARTESIAN_POINT('',(154.27860904011,9.237856194083,
    -121.7869954283));
#2868 = CARTESIAN_POINT('',(154.41061292038,9.232009809384,
    -122.8390666456));
#2869 = CARTESIAN_POINT('',(147.80829808649,9.524422974375,
    -112.2310097522));
#2870 = CARTESIAN_POINT('',(147.90998226462,9.519919433858,
    -112.8761736934));
#2871 = CARTESIAN_POINT('',(148.01227768836,9.515388821585,
    -113.521268595));
#2872 = CARTESIAN_POINT('',(148.11521780173,9.510829656336,
    -114.1662906795));
#2873 = CARTESIAN_POINT('',(148.44967740609,9.496016610619,
    -116.2647416305));
#2874 = CARTESIAN_POINT('',(148.77982509343,9.481394537513,
    -118.2930255835));
#2875 = CARTESIAN_POINT('',(149.10615952985,9.46694135135,
    -120.2551622246));
#2876 = CARTESIAN_POINT('',(149.28046879492,9.459221282682,
    -121.3015696229));
#2877 = CARTESIAN_POINT('',(149.45680672415,9.45141136551,
    -122.3477414159));
#2878 = CARTESIAN_POINT('',(149.63538676009,9.443502146573,
    -123.3936528145));
#2879 = DEFINITIONAL_REPRESENTATION('',(#2880),#2883);
#2880 = B_SPLINE_CURVE_WITH_KNOTS('',1,(#2881,#2882),.UNSPECIFIED.,.F.,
  .F.,(2,2),(0.254079498457,4.118850238306),.PIECEWISE_BEZIER_KNOTS.);
#2881 = CARTESIAN_POINT('',(8.321142755493,0.254079498457));
#2882 = CARTESIAN_POINT('',(8.321142755493,4.118850238306));
#2883 = ( GEOMETRIC_REPRESENTATION_CONTEXT(2) 
PARAMETRIC_REPRESENTATION_CONTEXT() REPRESENTATION_CONTEXT('2D SPACE',''
  ) );
#2884 = ADVANCED_FACE('',(#2885),#1356,.F.);
#2885 = FACE_BOUND('',#2886,.F.);
#2886 = EDGE_LOOP('',(#2887,#2910,#2911,#2912,#2913,#2996,#3018,#3099,
    #3100,#3101,#3102,#3103,#3198,#3241,#3271,#3309));
#2887 = ORIENTED_EDGE('',*,*,#2888,.T.);
#2888 = EDGE_CURVE('',#2889,#2297,#2891,.T.);
#2889 = VERTEX_POINT('',#2890);
#2890 = CARTESIAN_POINT('',(149.02039032214,-9.470740025924,
    -107.1635223495));
#2891 = SURFACE_CURVE('',#2892,(#2896,#2903),.PCURVE_S1.);
#2892 = LINE('',#2893,#2894);
#2893 = CARTESIAN_POINT('',(622.67121312817,11.507013940924,
    -121.4462410282));
#2894 = VECTOR('',#2895,1.);
#2895 = DIRECTION('',(-0.998567655899,-4.422605344713E-02,
    3.011133988191E-02));
#2896 = PCURVE('',#1356,#2897);
#2897 = DEFINITIONAL_REPRESENTATION('',(#2898),#2902);
#2898 = LINE('',#2899,#2900);
#2899 = CARTESIAN_POINT('',(-455.1343536105,-1.359659871662E+04));
#2900 = VECTOR('',#2901,1.);
#2901 = DIRECTION('',(0.999021549415,-4.422605344713E-02));
#2902 = ( GEOMETRIC_REPRESENTATION_CONTEXT(2) 
PARAMETRIC_REPRESENTATION_CONTEXT() REPRESENTATION_CONTEXT('2D SPACE',''
  ) );
#2903 = PCURVE('',#2312,#2904);
#2904 = DEFINITIONAL_REPRESENTATION('',(#2905),#2909);
#2905 = LINE('',#2906,#2907);
#2906 = CARTESIAN_POINT('',(556.40472490692,-1.360011048429E+04));
#2907 = VECTOR('',#2908,1.);
#2908 = DIRECTION('',(-0.999546550797,-3.011133988191E-02));
#2909 = ( GEOMETRIC_REPRESENTATION_CONTEXT(2) 
PARAMETRIC_REPRESENTATION_CONTEXT() REPRESENTATION_CONTEXT('2D SPACE',''
  ) );
#2910 = ORIENTED_EDGE('',*,*,#2324,.T.);
#2911 = ORIENTED_EDGE('',*,*,#2102,.F.);
#2912 = ORIENTED_EDGE('',*,*,#1931,.T.);
#2913 = ORIENTED_EDGE('',*,*,#2914,.F.);
#2914 = EDGE_CURVE('',#2915,#1932,#2917,.T.);
#2915 = VERTEX_POINT('',#2916);
#2916 = CARTESIAN_POINT('',(150.68807533896,-0.174798774822,
    -107.21381061));
#2917 = SURFACE_CURVE('',#2918,(#2942,#2969),.PCURVE_S1.);
#2918 = B_SPLINE_CURVE_WITH_KNOTS('',8,(#2919,#2920,#2921,#2922,#2923,
    #2924,#2925,#2926,#2927,#2928,#2929,#2930,#2931,#2932,#2933,#2934,
    #2935,#2936,#2937,#2938,#2939,#2940,#2941),.UNSPECIFIED.,.F.,.F.,(9,
    7,7,9),(0.,0.30584662058,0.695782133254,1.),.UNSPECIFIED.);
#2919 = CARTESIAN_POINT('',(150.68807622628,-0.174798774737,
    -107.2138106367));
#2920 = CARTESIAN_POINT('',(150.68807617906,-0.625921384601,
    -107.2138106353));
#2921 = CARTESIAN_POINT('',(150.64669193256,-1.084357725192,
    -107.2125627127));
#2922 = CARTESIAN_POINT('',(150.5615728214,-1.543159187563,
    -107.2099959858));
#2923 = CARTESIAN_POINT('',(150.43230374554,-1.995382965018,
    -107.2060979374));
#2924 = CARTESIAN_POINT('',(150.26015946328,-2.434449040526,
    -107.2009070072));
#2925 = CARTESIAN_POINT('',(150.04793772387,-2.85437816336,
    -107.1945075601));
#2926 = CARTESIAN_POINT('',(149.79988628723,-3.250022697156,
    -107.1870276852));
#2927 = CARTESIAN_POINT('',(149.16711814583,-4.085788378473,
    -107.1679468583));
#2928 = CARTESIAN_POINT('',(148.76211150526,-4.510166349123,
    -107.1557340728));
#2929 = CARTESIAN_POINT('',(148.31794571449,-4.881532652487,
    -107.1423404614));
#2930 = CARTESIAN_POINT('',(147.84781702888,-5.196881385828,
    -107.1281639512));
#2931 = CARTESIAN_POINT('',(147.36456463748,-5.457249102416,
    -107.1135917017));
#2932 = CARTESIAN_POINT('',(146.88012971158,-5.66787481618,
    -107.0989837934));
#2933 = CARTESIAN_POINT('',(146.40316042383,-5.836127772625,
    -107.084601008));
#2934 = CARTESIAN_POINT('',(145.5774062583,-6.073401697326,
    -107.0597007779));
#2935 = CARTESIAN_POINT('',(145.22309780134,-6.156220359563,
    -107.0490167724));
#2936 = CARTESIAN_POINT('',(144.87784632158,-6.221663475686,
    -107.0386058758));
#2937 = CARTESIAN_POINT('',(144.54163691222,-6.273351801076,
    -107.0284676385));
#2938 = CARTESIAN_POINT('',(144.21320011342,-6.314135842381,
    -107.0185637807));
#2939 = CARTESIAN_POINT('',(143.89047088469,-6.345988090885,
    -107.008832032));
#2940 = CARTESIAN_POINT('',(143.57098396163,-6.370089429864,
    -106.9991980535));
#2941 = CARTESIAN_POINT('',(143.25191590932,-6.386813501303,
    -106.9895767059));
#2942 = PCURVE('',#1356,#2943);
#2943 = DEFINITIONAL_REPRESENTATION('',(#2944),#2968);
#2944 = B_SPLINE_CURVE_WITH_KNOTS('',8,(#2945,#2946,#2947,#2948,#2949,
    #2950,#2951,#2952,#2953,#2954,#2955,#2956,#2957,#2958,#2959,#2960,
    #2961,#2962,#2963,#2964,#2965,#2966,#2967),.UNSPECIFIED.,.F.,.F.,(9,
    7,7,9),(0.,0.30584662058,0.695782133254,1.),.UNSPECIFIED.);
#2945 = CARTESIAN_POINT('',(17.063320668529,-1.360828052933E+04));
#2946 = CARTESIAN_POINT('',(17.063320715772,-1.360873165194E+04));
#2947 = CARTESIAN_POINT('',(17.104723773254,-1.360919008829E+04));
#2948 = CARTESIAN_POINT('',(17.189881574845,-1.360964888975E+04));
#2949 = CARTESIAN_POINT('',(17.319209409265,-1.361010111353E+04));
#2950 = CARTESIAN_POINT('',(17.491431938776,-1.36105401796E+04));
#2951 = CARTESIAN_POINT('',(17.703750142422,-1.361096010872E+04));
#2952 = CARTESIAN_POINT('',(17.951914329505,-1.361135575326E+04));
#2953 = CARTESIAN_POINT('',(18.58497009223,-1.361219151894E+04));
#2954 = CARTESIAN_POINT('',(18.990160826376,-1.361261589691E+04));
#2955 = CARTESIAN_POINT('',(19.434528510299,-1.361298726321E+04));
#2956 = CARTESIAN_POINT('',(19.904870890357,-1.361330261195E+04));
#2957 = CARTESIAN_POINT('',(20.388342941513,-1.361356297966E+04));
#2958 = CARTESIAN_POINT('',(20.872998064681,-1.361377360538E+04));
#2959 = CARTESIAN_POINT('',(21.350184156239,-1.361394185833E+04));
#2960 = CARTESIAN_POINT('',(22.176313663852,-1.361417913226E+04));
#2961 = CARTESIAN_POINT('',(22.530783169798,-1.361426195092E+04));
#2962 = CARTESIAN_POINT('',(22.876191581746,-1.361432739404E+04));
#2963 = CARTESIAN_POINT('',(23.21255381327,-1.361437908236E+04));
#2964 = CARTESIAN_POINT('',(23.541139901242,-1.36144198664E+04));
#2965 = CARTESIAN_POINT('',(23.864015824792,-1.361445171865E+04));
#2966 = CARTESIAN_POINT('',(24.183647968905,-1.361447581999E+04));
#2967 = CARTESIAN_POINT('',(24.502861051862,-1.361449254406E+04));
#2968 = ( GEOMETRIC_REPRESENTATION_CONTEXT(2) 
PARAMETRIC_REPRESENTATION_CONTEXT() REPRESENTATION_CONTEXT('2D SPACE',''
  ) );
#2969 = PCURVE('',#1982,#2970);
#2970 = DEFINITIONAL_REPRESENTATION('',(#2971),#2995);
#2971 = B_SPLINE_CURVE_WITH_KNOTS('',8,(#2972,#2973,#2974,#2975,#2976,
    #2977,#2978,#2979,#2980,#2981,#2982,#2983,#2984,#2985,#2986,#2987,
    #2988,#2989,#2990,#2991,#2992,#2993,#2994),.UNSPECIFIED.,.F.,.F.,(9,
    7,7,9),(0.,0.30584662058,0.695782133254,1.),.UNSPECIFIED.);
#2972 = CARTESIAN_POINT('',(1.483444753801,0.425346004487));
#2973 = CARTESIAN_POINT('',(1.40732247765,0.42645356143));
#2974 = CARTESIAN_POINT('',(1.332464449595,0.429755312949));
#2975 = CARTESIAN_POINT('',(1.259173196673,0.435391814584));
#2976 = CARTESIAN_POINT('',(1.187576399787,0.443513283092));
#2977 = CARTESIAN_POINT('',(1.11774233789,0.454304872924));
#2978 = CARTESIAN_POINT('',(1.049757024024,0.468015502293));
#2979 = CARTESIAN_POINT('',(0.98378125149,0.484950305159));
#2980 = CARTESIAN_POINT('',(0.83892346852,0.531442032904));
#2981 = CARTESIAN_POINT('',(0.761145222994,0.563296584104));
#2982 = CARTESIAN_POINT('',(0.687434738629,0.601598161856));
#2983 = CARTESIAN_POINT('',(0.618288081931,0.647106248971));
#2984 = CARTESIAN_POINT('',(0.554398793851,0.700600159382));
#2985 = CARTESIAN_POINT('',(0.496760503933,0.762778974673));
#2986 = CARTESIAN_POINT('',(0.44622739619,0.833294650479));
#2987 = CARTESIAN_POINT('',(0.369714503302,0.971334354263));
#2988 = CARTESIAN_POINT('',(0.340743069699,1.036173766163));
#2989 = CARTESIAN_POINT('',(0.316448892006,1.10495825518));
#2990 = CARTESIAN_POINT('',(0.296845728594,1.177087802843));
#2991 = CARTESIAN_POINT('',(0.281833997103,1.251803813196));
#2992 = CARTESIAN_POINT('',(0.271265254446,1.328288051959));
#2993 = CARTESIAN_POINT('',(0.265020436049,1.405751078429));
#2994 = CARTESIAN_POINT('',(0.263040381267,1.483444753801));
#2995 = ( GEOMETRIC_REPRESENTATION_CONTEXT(2) 
PARAMETRIC_REPRESENTATION_CONTEXT() REPRESENTATION_CONTEXT('2D SPACE',''
  ) );
#2996 = ORIENTED_EDGE('',*,*,#2997,.F.);
#2997 = EDGE_CURVE('',#2998,#2915,#3000,.T.);
#2998 = VERTEX_POINT('',#2999);
#2999 = CARTESIAN_POINT('',(150.688075622,0.136239000065,-107.2138106185
    ));
#3000 = SURFACE_CURVE('',#3001,(#3005,#3012),.PCURVE_S1.);
#3001 = LINE('',#3002,#3003);
#3002 = CARTESIAN_POINT('',(150.68807533896,6.260039395365,-107.21381061
    ));
#3003 = VECTOR('',#3004,1.);
#3004 = DIRECTION('',(-1.110223024625E-16,-1.,0.));
#3005 = PCURVE('',#1356,#3006);
#3006 = DEFINITIONAL_REPRESENTATION('',(#3007),#3011);
#3007 = LINE('',#3008,#3009);
#3008 = CARTESIAN_POINT('',(17.063321556255,-1.360184569116E+04));
#3009 = VECTOR('',#3010,1.);
#3010 = DIRECTION('',(0.,-1.));
#3011 = ( GEOMETRIC_REPRESENTATION_CONTEXT(2) 
PARAMETRIC_REPRESENTATION_CONTEXT() REPRESENTATION_CONTEXT('2D SPACE',''
  ) );
#3012 = PCURVE('',#1770,#3013);
#3013 = DEFINITIONAL_REPRESENTATION('',(#3014),#3017);
#3014 = B_SPLINE_CURVE_WITH_KNOTS('',1,(#3015,#3016),.UNSPECIFIED.,.F.,
  .F.,(2,2),(6.123800381634,6.434838170187),.PIECEWISE_BEZIER_KNOTS.);
#3015 = CARTESIAN_POINT('',(-0.425099855874,6.123800381634));
#3016 = CARTESIAN_POINT('',(-0.425099855874,6.434838170187));
#3017 = ( GEOMETRIC_REPRESENTATION_CONTEXT(2) 
PARAMETRIC_REPRESENTATION_CONTEXT() REPRESENTATION_CONTEXT('2D SPACE',''
  ) );
#3018 = ORIENTED_EDGE('',*,*,#3019,.T.);
#3019 = EDGE_CURVE('',#2998,#1642,#3020,.T.);
#3020 = SURFACE_CURVE('',#3021,(#3045,#3072),.PCURVE_S1.);
#3021 = B_SPLINE_CURVE_WITH_KNOTS('',8,(#3022,#3023,#3024,#3025,#3026,
    #3027,#3028,#3029,#3030,#3031,#3032,#3033,#3034,#3035,#3036,#3037,
    #3038,#3039,#3040,#3041,#3042,#3043,#3044),.UNSPECIFIED.,.F.,.F.,(9,
    7,7,9),(0.,0.306305682414,0.696823708124,1.),.UNSPECIFIED.);
#3022 = CARTESIAN_POINT('',(150.688075622,0.136239000065,-107.2138106185
    ));
#3023 = CARTESIAN_POINT('',(150.68807560939,0.590599627506,
    -107.2138106181));
#3024 = CARTESIAN_POINT('',(150.64636635588,1.05237079692,
    -107.2125528951));
#3025 = CARTESIAN_POINT('',(150.56058905673,1.514469535721,
    -107.2099663208));
#3026 = CARTESIAN_POINT('',(150.4303728223,1.969843587048,
    -107.2060397113));
#3027 = CARTESIAN_POINT('',(150.25706812622,2.411835596981,
    -107.2008137894));
#3028 = CARTESIAN_POINT('',(150.04356596372,2.834421566282,
    -107.1943757317));
#3029 = CARTESIAN_POINT('',(149.79421340183,3.232437724197,
    -107.186856622));
#3030 = CARTESIAN_POINT('',(149.15865008309,4.072960911948,
    -107.1676915078));
#3031 = CARTESIAN_POINT('',(148.75219139996,4.499557562025,
    -107.1554349367));
#3032 = CARTESIAN_POINT('',(148.30683447652,4.872766440453,
    -107.1420054073));
#3033 = CARTESIAN_POINT('',(147.83586688707,5.189682211584,
    -107.1278036002));
#3034 = CARTESIAN_POINT('',(147.35216220467,5.451431421929,
    -107.1132177121));
#3035 = CARTESIAN_POINT('',(146.86762353765,5.663302945451,
    -107.0986066756));
#3036 = CARTESIAN_POINT('',(146.39077401471,5.832665674221,
    -107.0842275016));
#3037 = CARTESIAN_POINT('',(145.56708382958,6.071137065876,
    -107.0593895099));
#3038 = CARTESIAN_POINT('',(145.21462870938,6.154310391739,
    -107.0487613909));
#3039 = CARTESIAN_POINT('',(144.87110994389,6.220157647933,
    -107.0384027435));
#3040 = CARTESIAN_POINT('',(144.53648356137,6.272225980804,
    -107.0283122416));
#3041 = CARTESIAN_POINT('',(144.209487121,6.313320519309,-107.0184518172
    ));
#3042 = CARTESIAN_POINT('',(143.88808147503,6.345388418494,
    -107.0087599805));
#3043 = CARTESIAN_POINT('',(143.56983748506,6.369584033609,
    -106.999163482));
#3044 = CARTESIAN_POINT('',(143.25199740244,6.386246708577,
    -106.9895791632));
#3045 = PCURVE('',#1356,#3046);
#3046 = DEFINITIONAL_REPRESENTATION('',(#3047),#3071);
#3047 = B_SPLINE_CURVE_WITH_KNOTS('',8,(#3048,#3049,#3050,#3051,#3052,
    #3053,#3054,#3055,#3056,#3057,#3058,#3059,#3060,#3061,#3062,#3063,
    #3064,#3065,#3066,#3067,#3068,#3069,#3070),.UNSPECIFIED.,.F.,.F.,(9,
    7,7,9),(0.,0.306305682414,0.696823708124,1.),.UNSPECIFIED.);
#3048 = CARTESIAN_POINT('',(17.063321273088,-1.360796949156E+04));
#3049 = CARTESIAN_POINT('',(17.063321285698,-1.360751513093E+04));
#3050 = CARTESIAN_POINT('',(17.105049497923,-1.360705335976E+04));
#3051 = CARTESIAN_POINT('',(17.190865786686,-1.360659126102E+04));
#3052 = CARTESIAN_POINT('',(17.321141210191,-1.360613588697E+04));
#3053 = CARTESIAN_POINT('',(17.494524680989,-1.360569389496E+04));
#3054 = CARTESIAN_POINT('',(17.708123889736,-1.360527130899E+04));
#3055 = CARTESIAN_POINT('',(17.95758979348,-1.360487329284E+04));
#3056 = CARTESIAN_POINT('',(18.593442004086,-1.360403276965E+04));
#3057 = CARTESIAN_POINT('',(19.000085440805,-1.3603606173E+04));
#3058 = CARTESIAN_POINT('',(19.445644798825,-1.360323296412E+04));
#3059 = CARTESIAN_POINT('',(19.916826464039,-1.360291604835E+04));
#3060 = CARTESIAN_POINT('',(20.400751011783,-1.360265429914E+04));
#3061 = CARTESIAN_POINT('',(20.885509923221,-1.360244242761E+04));
#3062 = CARTESIAN_POINT('',(21.362576195535,-1.360227306489E+04));
#3063 = CARTESIAN_POINT('',(22.186640784571,-1.360203459349E+04));
#3064 = CARTESIAN_POINT('',(22.539256111334,-1.360195142017E+04));
#3065 = CARTESIAN_POINT('',(22.882931021416,-1.360188557291E+04));
#3066 = CARTESIAN_POINT('',(23.217709506548,-1.360183350458E+04));
#3067 = CARTESIAN_POINT('',(23.544854581384,-1.360179241004E+04));
#3068 = CARTESIAN_POINT('',(23.866406320539,-1.360176034214E+04));
#3069 = CARTESIAN_POINT('',(24.184794966597,-1.360173614653E+04));
#3070 = CARTESIAN_POINT('',(24.502779521703,-1.360171948385E+04));
#3071 = ( GEOMETRIC_REPRESENTATION_CONTEXT(2) 
PARAMETRIC_REPRESENTATION_CONTEXT() REPRESENTATION_CONTEXT('2D SPACE',''
  ) );
#3072 = PCURVE('',#1656,#3073);
#3073 = DEFINITIONAL_REPRESENTATION('',(#3074),#3098);
#3074 = B_SPLINE_CURVE_WITH_KNOTS('',8,(#3075,#3076,#3077,#3078,#3079,
    #3080,#3081,#3082,#3083,#3084,#3085,#3086,#3087,#3088,#3089,#3090,
    #3091,#3092,#3093,#3094,#3095,#3096,#3097),.UNSPECIFIED.,.F.,.F.,(9,
    7,7,9),(0.,0.306305682414,0.696823708124,1.),.UNSPECIFIED.);
#3075 = CARTESIAN_POINT('',(1.483444753801,0.425274495949));
#3076 = CARTESIAN_POINT('',(1.407264324491,0.426389670084));
#3077 = CARTESIAN_POINT('',(1.332355894868,0.429715734083));
#3078 = CARTESIAN_POINT('',(1.259031332004,0.435393812343));
#3079 = CARTESIAN_POINT('',(1.187421641794,0.443573733691));
#3080 = CARTESIAN_POINT('',(1.117596236223,0.454440356162));
#3081 = CARTESIAN_POINT('',(1.049641351023,0.468242498724));
#3082 = CARTESIAN_POINT('',(0.98371685774,0.485284673333));
#3083 = CARTESIAN_POINT('',(0.839017391279,0.532050703102));
#3084 = CARTESIAN_POINT('',(0.76135849619,0.564080765408));
#3085 = CARTESIAN_POINT('',(0.687781877916,0.60257822188));
#3086 = CARTESIAN_POINT('',(0.618766103014,0.648298855272));
#3087 = CARTESIAN_POINT('',(0.554988430114,0.702018769289));
#3088 = CARTESIAN_POINT('',(0.497410400034,0.76441980098));
#3089 = CARTESIAN_POINT('',(0.446866444556,0.835138397904));
#3090 = CARTESIAN_POINT('',(0.37039222946,0.973226347649));
#3091 = CARTESIAN_POINT('',(0.341449390825,1.037872086264));
#3092 = CARTESIAN_POINT('',(0.317109168994,1.106420632381));
#3093 = CARTESIAN_POINT('',(0.297404191256,1.178281250896));
#3094 = CARTESIAN_POINT('',(0.282268423901,1.252707722556));
#3095 = CARTESIAN_POINT('',(0.271592514145,1.328892835895));
#3096 = CARTESIAN_POINT('',(0.265289465149,1.406053380981));
#3097 = CARTESIAN_POINT('',(0.263317056481,1.483444753801));
#3098 = ( GEOMETRIC_REPRESENTATION_CONTEXT(2) 
PARAMETRIC_REPRESENTATION_CONTEXT() REPRESENTATION_CONTEXT('2D SPACE',''
  ) );
#3099 = ORIENTED_EDGE('',*,*,#1684,.F.);
#3100 = ORIENTED_EDGE('',*,*,#1503,.T.);
#3101 = ORIENTED_EDGE('',*,*,#1340,.T.);
#3102 = ORIENTED_EDGE('',*,*,#2668,.F.);
#3103 = ORIENTED_EDGE('',*,*,#3104,.F.);
#3104 = EDGE_CURVE('',#3105,#2669,#3107,.T.);
#3105 = VERTEX_POINT('',#3106);
#3106 = CARTESIAN_POINT('',(158.32710880111,11.671237895931,
    -107.4441620855));
#3107 = SURFACE_CURVE('',#3108,(#3136,#3167),.PCURVE_S1.);
#3108 = B_SPLINE_CURVE_WITH_KNOTS('',6,(#3109,#3110,#3111,#3112,#3113,
    #3114,#3115,#3116,#3117,#3118,#3119,#3120,#3121,#3122,#3123,#3124,
    #3125,#3126,#3127,#3128,#3129,#3130,#3131,#3132,#3133,#3134,#3135),
  .UNSPECIFIED.,.F.,.F.,(7,5,5,5,5,7),(0.,0.390821725776,0.484404162195,
    0.564092511917,0.714370741519,1.),.UNSPECIFIED.);
#3109 = CARTESIAN_POINT('',(158.32710880111,11.671237895934,
    -107.4441620855));
#3110 = CARTESIAN_POINT('',(157.88857947214,11.426399263231,
    -107.430938439));
#3111 = CARTESIAN_POINT('',(157.4290806028,11.189744428373,
    -107.4170824659));
#3112 = CARTESIAN_POINT('',(156.94669534604,10.962305840531,
    -107.4025363644));
#3113 = CARTESIAN_POINT('',(156.43938635635,10.745631698182,
    -107.3872386995));
#3114 = CARTESIAN_POINT('',(155.90502886953,10.541785062121,
    -107.3711253998));
#3115 = CARTESIAN_POINT('',(155.20582876096,10.308525470552,
    -107.3500413481));
#3116 = CARTESIAN_POINT('',(155.06905835727,10.264363599531,
    -107.3459171006));
#3117 = CARTESIAN_POINT('',(154.93054243297,10.221137274833,
    -107.3417402178));
#3118 = CARTESIAN_POINT('',(154.79025428766,10.178891837179,
    -107.3375098945));
#3119 = CARTESIAN_POINT('',(154.64817406717,10.137677429549,
    -107.333225532));
#3120 = CARTESIAN_POINT('',(154.38172822333,10.063366437427,
    -107.3251909824));
#3121 = CARTESIAN_POINT('',(154.25786734574,10.029973954373,
    -107.3214560157));
#3122 = CARTESIAN_POINT('',(154.13267014347,9.99739681703,
    -107.3176807527));
#3123 = CARTESIAN_POINT('',(154.00612474931,9.965668917456,
    -107.3138648356));
#3124 = CARTESIAN_POINT('',(153.87822304892,9.934826282709,
    -107.3100080197));
#3125 = CARTESIAN_POINT('',(153.5051945993,9.848484657555,
    -107.2987595216));
#3126 = CARTESIAN_POINT('',(153.25659905783,9.795348333709,
    -107.2912632395));
#3127 = CARTESIAN_POINT('',(153.00313338889,9.74574803521,-107.283620101
    ));
#3128 = CARTESIAN_POINT('',(152.74485436297,9.699972664789,
    -107.2758318179));
#3129 = CARTESIAN_POINT('',(152.48194096219,9.658328274155,
    -107.2679037875));
#3130 = CARTESIAN_POINT('',(151.70681879364,9.550388465164,
    -107.2445303416));
#3131 = CARTESIAN_POINT('',(151.1825319604,9.495557968042,
    -107.2287207178));
#3132 = CARTESIAN_POINT('',(150.6456440735,9.459007735913,-107.212531115
    ));
#3133 = CARTESIAN_POINT('',(150.10143752445,9.442607319148,
    -107.1961208215));
#3134 = CARTESIAN_POINT('',(149.55683556003,9.446981142789,
    -107.1796986044));
#3135 = CARTESIAN_POINT('',(149.02039023509,9.470740029781,
    -107.1635223469));
#3136 = PCURVE('',#1356,#3137);
#3137 = DEFINITIONAL_REPRESENTATION('',(#3138),#3166);
#3138 = B_SPLINE_CURVE_WITH_KNOTS('',6,(#3139,#3140,#3141,#3142,#3143,
    #3144,#3145,#3146,#3147,#3148,#3149,#3150,#3151,#3152,#3153,#3154,
    #3155,#3156,#3157,#3158,#3159,#3160,#3161,#3162,#3163,#3164,#3165),
  .UNSPECIFIED.,.F.,.F.,(7,5,5,5,5,7),(0.,0.390821725776,0.484404162195,
    0.564092511917,0.714370741519,1.),.UNSPECIFIED.);
#3139 = CARTESIAN_POINT('',(9.42081581284,-1.359643449266E+04));
#3140 = CARTESIAN_POINT('',(9.859544472936,-1.35966793313E+04));
#3141 = CARTESIAN_POINT('',(10.319252204999,-1.359691598613E+04));
#3142 = CARTESIAN_POINT('',(10.80185672736,-1.359714342472E+04));
#3143 = CARTESIAN_POINT('',(11.309396311608,-1.359736009886E+04));
#3144 = CARTESIAN_POINT('',(11.843996687726,-1.35975639455E+04));
#3145 = CARTESIAN_POINT('',(12.543514613914,-1.359779720509E+04));
#3146 = CARTESIAN_POINT('',(12.680347185855,-1.359784136696E+04));
#3147 = CARTESIAN_POINT('',(12.818926071811,-1.359788459329E+04));
#3148 = CARTESIAN_POINT('',(12.959277984336,-1.359792683872E+04));
#3149 = CARTESIAN_POINT('',(13.101422786625,-1.359796805313E+04));
#3150 = CARTESIAN_POINT('',(13.367989741983,-1.359804236412E+04));
#3151 = CARTESIAN_POINT('',(13.491906919862,-1.359807575661E+04));
#3152 = CARTESIAN_POINT('',(13.61716102984,-1.359810833374E+04));
#3153 = CARTESIAN_POINT('',(13.743763944522,-1.359814006164E+04));
#3154 = CARTESIAN_POINT('',(13.871723781935,-1.359817090428E+04));
#3155 = CARTESIAN_POINT('',(14.244921789616,-1.35982572459E+04));
#3156 = CARTESIAN_POINT('',(14.493630328849,-1.359831038223E+04));
#3157 = CARTESIAN_POINT('',(14.747211209234,-1.359835998252E+04));
#3158 = CARTESIAN_POINT('',(15.005607634482,-1.35984057579E+04));
#3159 = CARTESIAN_POINT('',(15.268640541127,-1.359844740229E+04));
#3160 = CARTESIAN_POINT('',(16.044115037252,-1.359855534209E+04));
#3161 = CARTESIAN_POINT('',(16.568640182234,-1.359861017259E+04));
#3162 = CARTESIAN_POINT('',(17.105772108609,-1.359864672282E+04));
#3163 = CARTESIAN_POINT('',(17.650226023803,-1.359866312324E+04));
#3164 = CARTESIAN_POINT('',(18.195075534093,-1.359865874942E+04));
#3165 = CARTESIAN_POINT('',(18.731764697347,-1.359863499053E+04));
#3166 = ( GEOMETRIC_REPRESENTATION_CONTEXT(2) 
PARAMETRIC_REPRESENTATION_CONTEXT() REPRESENTATION_CONTEXT('2D SPACE',''
  ) );
#3167 = PCURVE('',#2721,#3168);
#3168 = DEFINITIONAL_REPRESENTATION('',(#3169),#3197);
#3169 = B_SPLINE_CURVE_WITH_KNOTS('',6,(#3170,#3171,#3172,#3173,#3174,
    #3175,#3176,#3177,#3178,#3179,#3180,#3181,#3182,#3183,#3184,#3185,
    #3186,#3187,#3188,#3189,#3190,#3191,#3192,#3193,#3194,#3195,#3196),
  .UNSPECIFIED.,.F.,.F.,(7,5,5,5,5,7),(0.,0.390821725776,0.484404162195,
    0.564092511917,0.714370741519,1.),.UNSPECIFIED.);
#3170 = CARTESIAN_POINT('',(0.,-0.19639093769));
#3171 = CARTESIAN_POINT('',(0.440177712285,-0.168950745914));
#3172 = CARTESIAN_POINT('',(0.890400712633,-0.140121336048));
#3173 = CARTESIAN_POINT('',(1.352425676962,-0.109774616305));
#3174 = CARTESIAN_POINT('',(1.828090693194,-7.777269550468E-02));
#3175 = CARTESIAN_POINT('',(2.319401168822,-4.397002800754E-02));
#3176 = CARTESIAN_POINT('',(2.951243174178,3.899878583738E-04));
#3177 = CARTESIAN_POINT('',(3.074353311499,9.074272694044E-03));
#3178 = CARTESIAN_POINT('',(3.198562905346,1.787022554781E-02));
#3179 = CARTESIAN_POINT('',(3.323902127762,2.678087894039E-02));
#3180 = CARTESIAN_POINT('',(3.450395940897,3.580999606828E-02));
#3181 = CARTESIAN_POINT('',(3.686814541303,5.274621452354E-02));
#3182 = CARTESIAN_POINT('',(3.796408361884,6.06214544454E-02));
#3183 = CARTESIAN_POINT('',(3.906885278132,6.858378690981E-02));
#3184 = CARTESIAN_POINT('',(4.018262790406,7.663400939083E-02));
#3185 = CARTESIAN_POINT('',(4.130556196033,8.477268195518E-02));
#3186 = CARTESIAN_POINT('',(4.457296134691,0.108515641349));
#3187 = CARTESIAN_POINT('',(4.674109436998,0.124346254144));
#3188 = CARTESIAN_POINT('',(4.894316974168,0.140494851748));
#3189 = CARTESIAN_POINT('',(5.117948952417,0.15695813641));
#3190 = CARTESIAN_POINT('',(5.344950628804,0.173725011081));
#3191 = CARTESIAN_POINT('',(6.012728288994,0.223181290669));
#3192 = CARTESIAN_POINT('',(6.462607140672,0.256662706074));
#3193 = CARTESIAN_POINT('',(6.922381568083,0.290979824871));
#3194 = CARTESIAN_POINT('',(7.388697342503,0.325796602418));
#3195 = CARTESIAN_POINT('',(7.857058975974,0.360670486984));
#3196 = CARTESIAN_POINT('',(8.321142755493,0.395051958858));
#3197 = ( GEOMETRIC_REPRESENTATION_CONTEXT(2) 
PARAMETRIC_REPRESENTATION_CONTEXT() REPRESENTATION_CONTEXT('2D SPACE',''
  ) );
#3198 = ORIENTED_EDGE('',*,*,#3199,.F.);
#3199 = EDGE_CURVE('',#3200,#3105,#3202,.T.);
#3200 = VERTEX_POINT('',#3201);
#3201 = CARTESIAN_POINT('',(155.14546217504,9.199463709759,
    -107.3482210219));
#3202 = SURFACE_CURVE('',#3203,(#3212,#3224),.PCURVE_S1.);
#3203 = B_SPLINE_CURVE_WITH_KNOTS('',4,(#3204,#3205,#3206,#3207,#3208,
    #3209,#3210,#3211),.UNSPECIFIED.,.F.,.F.,(5,3,5),(0.,0.503096075632,
    1.),.UNSPECIFIED.);
#3204 = CARTESIAN_POINT('',(155.14546217503,9.199463709756,
    -107.3482210219));
#3205 = CARTESIAN_POINT('',(155.49982320451,9.573023680458,
    -107.3589066128));
#3206 = CARTESIAN_POINT('',(155.87172648864,9.926649602248,
    -107.3701211821));
#3207 = CARTESIAN_POINT('',(156.25950974299,10.259401151059,
    -107.3818146045));
#3208 = CARTESIAN_POINT('',(157.05863819585,10.87793967471,
    -107.4059119486));
#3209 = CARTESIAN_POINT('',(157.4696336807,11.164251680622,
    -107.4183053247));
#3210 = CARTESIAN_POINT('',(157.89297157204,11.428851442633,
    -107.4310708809));
#3211 = CARTESIAN_POINT('',(158.32710879557,11.671237889056,
    -107.4441620855));
#3212 = PCURVE('',#1356,#3213);
#3213 = DEFINITIONAL_REPRESENTATION('',(#3214),#3223);
#3214 = B_SPLINE_CURVE_WITH_KNOTS('',4,(#3215,#3216,#3217,#3218,#3219,
    #3220,#3221,#3222),.UNSPECIFIED.,.F.,.F.,(5,3,5),(0.,0.503096075632,
    1.),.UNSPECIFIED.);
#3215 = CARTESIAN_POINT('',(12.603908639145,-1.359890626685E+04));
#3216 = CARTESIAN_POINT('',(12.249386536787,-1.359853270688E+04));
#3217 = CARTESIAN_POINT('',(11.87731420603,-1.359817908096E+04));
#3218 = CARTESIAN_POINT('',(11.489354686901,-1.359784632941E+04));
#3219 = CARTESIAN_POINT('',(10.689862994533,-1.359722779089E+04));
#3220 = CARTESIAN_POINT('',(10.278680693922,-1.359694147888E+04));
#3221 = CARTESIAN_POINT('',(9.855150376631,-1.359667687912E+04));
#3222 = CARTESIAN_POINT('',(9.420815818377,-1.359643449267E+04));
#3223 = ( GEOMETRIC_REPRESENTATION_CONTEXT(2) 
PARAMETRIC_REPRESENTATION_CONTEXT() REPRESENTATION_CONTEXT('2D SPACE',''
  ) );
#3224 = PCURVE('',#3225,#3230);
#3225 = CONICAL_SURFACE('',#3226,13.875497692632,8.726646006107E-02);
#3226 = AXIS2_PLACEMENT_3D('',#3227,#3228,#3229);
#3227 = CARTESIAN_POINT('',(164.80814655019,1.577721810442E-30,
    -113.4509947553));
#3228 = DIRECTION('',(0.,0.,-1.));
#3229 = DIRECTION('',(1.110223024625E-16,1.,0.));
#3230 = DEFINITIONAL_REPRESENTATION('',(#3231),#3240);
#3231 = B_SPLINE_CURVE_WITH_KNOTS('',4,(#3232,#3233,#3234,#3235,#3236,
    #3237,#3238,#3239),.UNSPECIFIED.,.F.,.F.,(5,3,5),(0.,0.503096075632,
    1.),.UNSPECIFIED.);
#3232 = CARTESIAN_POINT('',(-0.809951441916,-6.102773733345));
#3233 = CARTESIAN_POINT('',(-0.771358093184,-6.092088142503));
#3234 = CARTESIAN_POINT('',(-0.732947428401,-6.080873573189));
#3235 = CARTESIAN_POINT('',(-0.694703953077,-6.069180150812));
#3236 = CARTESIAN_POINT('',(-0.618982943931,-6.04508280667));
#3237 = CARTESIAN_POINT('',(-0.581501921388,-6.032689430565));
#3238 = CARTESIAN_POINT('',(-0.544147986768,-6.01992387439));
#3239 = CARTESIAN_POINT('',(-0.50690315855,-6.006832669787));
#3240 = ( GEOMETRIC_REPRESENTATION_CONTEXT(2) 
PARAMETRIC_REPRESENTATION_CONTEXT() REPRESENTATION_CONTEXT('2D SPACE',''
  ) );
#3241 = ORIENTED_EDGE('',*,*,#3242,.F.);
#3242 = EDGE_CURVE('',#3243,#3200,#3245,.T.);
#3243 = VERTEX_POINT('',#3244);
#3244 = CARTESIAN_POINT('',(155.14546217504,-9.199463709759,
    -107.3482210219));
#3245 = SURFACE_CURVE('',#3246,(#3251,#3258),.PCURVE_S1.);
#3246 = ELLIPSE('',#3247,13.373235092245,13.367112604765);
#3247 = AXIS2_PLACEMENT_3D('',#3248,#3249,#3250);
#3248 = CARTESIAN_POINT('',(164.84341151652,-3.915197758845E-18,
    -107.6406581413));
#3249 = DIRECTION('',(-3.014083119581E-02,3.346304477493E-18,
    -0.999545661936));
#3250 = DIRECTION('',(0.999545661936,-1.109718608045E-16,
    -3.014083119581E-02));
#3251 = PCURVE('',#1356,#3252);
#3252 = DEFINITIONAL_REPRESENTATION('',(#3253),#3257);
#3253 = ELLIPSE('',#3254,13.373235092246,13.367112604765);
#3254 = AXIS2_PLACEMENT_2D('',#3255,#3256);
#3255 = CARTESIAN_POINT('',(2.901551147337,-1.360810573056E+04));
#3256 = DIRECTION('',(-1.,0.));
#3257 = ( GEOMETRIC_REPRESENTATION_CONTEXT(2) 
PARAMETRIC_REPRESENTATION_CONTEXT() REPRESENTATION_CONTEXT('2D SPACE',''
  ) );
#3258 = PCURVE('',#3225,#3259);
#3259 = DEFINITIONAL_REPRESENTATION('',(#3260),#3270);
#3260 = B_SPLINE_CURVE_WITH_KNOTS('',8,(#3261,#3262,#3263,#3264,#3265,
    #3266,#3267,#3268,#3269),.UNSPECIFIED.,.F.,.F.,(9,9),(2.382565148601
    ,3.900620158578),.PIECEWISE_BEZIER_KNOTS.);
#3261 = CARTESIAN_POINT('',(-2.331641211674,-6.102773733345));
#3262 = CARTESIAN_POINT('',(-2.141521102448,-6.155413521358));
#3263 = CARTESIAN_POINT('',(-1.951325991027,-6.196019047294));
#3264 = CARTESIAN_POINT('',(-1.761075813492,-6.221702016795));
#3265 = CARTESIAN_POINT('',(-1.570796326777,-6.230498638861));
#3266 = CARTESIAN_POINT('',(-1.380516840105,-6.22170201679));
#3267 = CARTESIAN_POINT('',(-1.190266662558,-6.196019047297));
#3268 = CARTESIAN_POINT('',(-1.000071551142,-6.155413521358));
#3269 = CARTESIAN_POINT('',(-0.809951441916,-6.102773733345));
#3270 = ( GEOMETRIC_REPRESENTATION_CONTEXT(2) 
PARAMETRIC_REPRESENTATION_CONTEXT() REPRESENTATION_CONTEXT('2D SPACE',''
  ) );
#3271 = ORIENTED_EDGE('',*,*,#3272,.T.);
#3272 = EDGE_CURVE('',#3243,#3273,#3275,.T.);
#3273 = VERTEX_POINT('',#3274);
#3274 = CARTESIAN_POINT('',(158.32710880111,-11.67123789593,
    -107.4441620855));
#3275 = SURFACE_CURVE('',#3276,(#3285,#3297),.PCURVE_S1.);
#3276 = B_SPLINE_CURVE_WITH_KNOTS('',4,(#3277,#3278,#3279,#3280,#3281,
    #3282,#3283,#3284),.UNSPECIFIED.,.F.,.F.,(5,3,5),(0.,0.503096075632,
    1.),.UNSPECIFIED.);
#3277 = CARTESIAN_POINT('',(155.14546217504,-9.199463709759,
    -107.3482210219));
#3278 = CARTESIAN_POINT('',(155.49982320451,-9.573023680459,
    -107.3589066128));
#3279 = CARTESIAN_POINT('',(155.87172648864,-9.92664960225,
    -107.3701211821));
#3280 = CARTESIAN_POINT('',(156.259509743,-10.25940115106,
    -107.3818146045));
#3281 = CARTESIAN_POINT('',(157.05863819586,-10.87793967471,
    -107.4059119486));
#3282 = CARTESIAN_POINT('',(157.4696336807,-11.16425168062,
    -107.4183053247));
#3283 = CARTESIAN_POINT('',(157.89297157204,-11.42885144263,
    -107.4310708809));
#3284 = CARTESIAN_POINT('',(158.32710879557,-11.67123788905,
    -107.4441620855));
#3285 = PCURVE('',#1356,#3286);
#3286 = DEFINITIONAL_REPRESENTATION('',(#3287),#3296);
#3287 = B_SPLINE_CURVE_WITH_KNOTS('',4,(#3288,#3289,#3290,#3291,#3292,
    #3293,#3294,#3295),.UNSPECIFIED.,.F.,.F.,(5,3,5),(0.,0.503096075632,
    1.),.UNSPECIFIED.);
#3288 = CARTESIAN_POINT('',(12.603908639143,-1.361730519427E+04));
#3289 = CARTESIAN_POINT('',(12.249386536785,-1.361767875424E+04));
#3290 = CARTESIAN_POINT('',(11.877314206028,-1.361803238016E+04));
#3291 = CARTESIAN_POINT('',(11.4893546869,-1.361836513171E+04));
#3292 = CARTESIAN_POINT('',(10.689862994531,-1.361898367023E+04));
#3293 = CARTESIAN_POINT('',(10.278680693922,-1.361926998224E+04));
#3294 = CARTESIAN_POINT('',(9.855150376631,-1.3619534582E+04));
#3295 = CARTESIAN_POINT('',(9.420815818378,-1.361977696845E+04));
#3296 = ( GEOMETRIC_REPRESENTATION_CONTEXT(2) 
PARAMETRIC_REPRESENTATION_CONTEXT() REPRESENTATION_CONTEXT('2D SPACE',''
  ) );
#3297 = PCURVE('',#3225,#3298);
#3298 = DEFINITIONAL_REPRESENTATION('',(#3299),#3308);
#3299 = B_SPLINE_CURVE_WITH_KNOTS('',4,(#3300,#3301,#3302,#3303,#3304,
    #3305,#3306,#3307),.UNSPECIFIED.,.F.,.F.,(5,3,5),(0.,0.503096075632,
    1.),.UNSPECIFIED.);
#3300 = CARTESIAN_POINT('',(-2.331641211674,-6.102773733345));
#3301 = CARTESIAN_POINT('',(-2.370234560406,-6.092088142503));
#3302 = CARTESIAN_POINT('',(-2.408645225189,-6.080873573189));
#3303 = CARTESIAN_POINT('',(-2.446888700513,-6.069180150812));
#3304 = CARTESIAN_POINT('',(-2.522609709659,-6.04508280667));
#3305 = CARTESIAN_POINT('',(-2.560090732201,-6.032689430565));
#3306 = CARTESIAN_POINT('',(-2.597444666822,-6.01992387439));
#3307 = CARTESIAN_POINT('',(-2.63468949504,-6.006832669787));
#3308 = ( GEOMETRIC_REPRESENTATION_CONTEXT(2) 
PARAMETRIC_REPRESENTATION_CONTEXT() REPRESENTATION_CONTEXT('2D SPACE',''
  ) );
#3309 = ORIENTED_EDGE('',*,*,#3310,.F.);
#3310 = EDGE_CURVE('',#2889,#3273,#3311,.T.);
#3311 = SURFACE_CURVE('',#3312,(#3335,#3361),.PCURVE_S1.);
#3312 = B_SPLINE_CURVE_WITH_KNOTS('',6,(#3313,#3314,#3315,#3316,#3317,
    #3318,#3319,#3320,#3321,#3322,#3323,#3324,#3325,#3326,#3327,#3328,
    #3329,#3330,#3331,#3332,#3333,#3334),.UNSPECIFIED.,.F.,.F.,(7,5,5,5,
    7),(0.,0.294674815907,0.536015963842,0.619826933433,1.),
  .UNSPECIFIED.);
#3313 = CARTESIAN_POINT('',(149.02039023509,-9.470740029779,
    -107.1635223469));
#3314 = CARTESIAN_POINT('',(149.57386323747,-9.446226995729,
    -107.180212066));
#3315 = CARTESIAN_POINT('',(150.13605990735,-9.442347253896,
    -107.1971648432));
#3316 = CARTESIAN_POINT('',(150.69750314199,-9.460636772951,
    -107.214094901));
#3317 = CARTESIAN_POINT('',(151.25065117663,-9.500322115861,
    -107.2307748208));
#3318 = CARTESIAN_POINT('',(151.78988439271,-9.559268631172,
    -107.2470351458));
#3319 = CARTESIAN_POINT('',(152.73836706679,-9.696736484417,
    -107.2756361966));
#3320 = CARTESIAN_POINT('',(153.15399376074,-9.769858416447,
    -107.2881692248));
#3321 = CARTESIAN_POINT('',(153.55715598067,-9.852973675387,
    -107.3003263927));
#3322 = CARTESIAN_POINT('',(153.94758183863,-9.94483766163,
    -107.3120995015));
#3323 = CARTESIAN_POINT('',(154.32549383971,-10.04440462339,
    -107.3234952609));
#3324 = CARTESIAN_POINT('',(154.81860797256,-10.1878639767,
    -107.3383648866));
#3325 = CARTESIAN_POINT('',(154.94426329016,-10.22567178272,
    -107.3421539638));
#3326 = CARTESIAN_POINT('',(155.06851068478,-10.26428044538,
    -107.3459005858));
#3327 = CARTESIAN_POINT('',(155.19132908574,-10.30364624593,
    -107.3496041171));
#3328 = CARTESIAN_POINT('',(155.31278803739,-10.34374944928,
    -107.3532666549));
#3329 = CARTESIAN_POINT('',(155.97771541913,-10.56968467024,
    -107.3733172286));
#3330 = CARTESIAN_POINT('',(156.49462549788,-10.76932068024,
    -107.3889044099));
#3331 = CARTESIAN_POINT('',(156.98611186005,-10.98093517432,
    -107.4037249509));
#3332 = CARTESIAN_POINT('',(157.45413065047,-11.20265942091,
    -107.4178378383));
#3333 = CARTESIAN_POINT('',(157.90054592397,-11.43308034362,
    -107.4312992818));
#3334 = CARTESIAN_POINT('',(158.32710880111,-11.67123789593,
    -107.4441620855));
#3335 = PCURVE('',#1356,#3336);
#3336 = DEFINITIONAL_REPRESENTATION('',(#3337),#3360);
#3337 = B_SPLINE_CURVE_WITH_KNOTS('',6,(#3338,#3339,#3340,#3341,#3342,
    #3343,#3344,#3345,#3346,#3347,#3348,#3349,#3350,#3351,#3352,#3353,
    #3354,#3355,#3356,#3357,#3358,#3359),.UNSPECIFIED.,.F.,.F.,(7,5,5,5,
    7),(0.,0.294674815907,0.536015963842,0.619826933433,1.),
  .UNSPECIFIED.);
#3338 = CARTESIAN_POINT('',(18.731764697348,-1.361757647059E+04));
#3339 = CARTESIAN_POINT('',(18.178040116814,-1.361755195756E+04));
#3340 = CARTESIAN_POINT('',(17.615587903485,-1.361754807781E+04));
#3341 = CARTESIAN_POINT('',(17.053889467865,-1.361756636733E+04));
#3342 = CARTESIAN_POINT('',(16.500490002783,-1.361760605268E+04));
#3343 = CARTESIAN_POINT('',(15.961011681167,-1.361766499919E+04));
#3344 = CARTESIAN_POINT('',(15.012097879426,-1.361780246704E+04));
#3345 = CARTESIAN_POINT('',(14.596282264613,-1.361787558898E+04));
#3346 = CARTESIAN_POINT('',(14.192936789485,-1.361795870424E+04));
#3347 = CARTESIAN_POINT('',(13.802333465568,-1.361805056822E+04));
#3348 = CARTESIAN_POINT('',(13.424249686632,-1.361815013518E+04));
#3349 = CARTESIAN_POINT('',(12.930911411427,-1.361829359454E+04));
#3350 = CARTESIAN_POINT('',(12.805198977878,-1.361833140234E+04));
#3351 = CARTESIAN_POINT('',(12.68089510728,-1.361837001101E+04));
#3352 = CARTESIAN_POINT('',(12.558020879884,-1.361840937681E+04));
#3353 = CARTESIAN_POINT('',(12.436506719726,-1.361844948001E+04));
#3354 = CARTESIAN_POINT('',(11.771277098847,-1.361867541523E+04));
#3355 = CARTESIAN_POINT('',(11.254132061425,-1.361887505124E+04));
#3356 = CARTESIAN_POINT('',(10.762422296789,-1.361908666573E+04));
#3357 = CARTESIAN_POINT('',(10.294190770963,-1.361930838998E+04));
#3358 = CARTESIAN_POINT('',(9.847572581822,-1.36195388109E+04));
#3359 = CARTESIAN_POINT('',(9.42081581284,-1.361977696846E+04));
#3360 = ( GEOMETRIC_REPRESENTATION_CONTEXT(2) 
PARAMETRIC_REPRESENTATION_CONTEXT() REPRESENTATION_CONTEXT('2D SPACE',''
  ) );
#3361 = PCURVE('',#3362,#3393);
#3362 = ( BOUNDED_SURFACE() B_SPLINE_SURFACE(2,3,(
    (#3363,#3364,#3365,#3366,#3367,#3368,#3369,#3370,#3371,#3372)
    ,(#3373,#3374,#3375,#3376,#3377,#3378,#3379,#3380,#3381,#3382)
    ,(#3383,#3384,#3385,#3386,#3387,#3388,#3389,#3390,#3391,#3392
)),.UNSPECIFIED.,.F.,.F.,.F.) B_SPLINE_SURFACE_WITH_KNOTS((3,3),(4,3,3,4
    ),(0.,8.321142755493),(-2.415625231679,0.,4.513902197165,
5.905517523815),.UNSPECIFIED.) GEOMETRIC_REPRESENTATION_ITEM() 
RATIONAL_B_SPLINE_SURFACE((
    (1.,1.,1.,1.,1.,1.,1.,1.,1.,1.)
    ,(0.963354782982,0.962677396298,0.962005512193,0.961338995543
      ,0.960097198682,0.958832162461,0.957544388001,0.95714637532
      ,0.956750303907,0.956356144993)
,(1.,1.,1.,1.,1.,1.,1.,1.,1.,1.))) REPRESENTATION_ITEM('') SURFACE() );
#3363 = CARTESIAN_POINT('',(149.63538676006,-9.443502146574,
    -103.508336696));
#3364 = CARTESIAN_POINT('',(149.45680672412,-9.451411365512,
    -104.5542480947));
#3365 = CARTESIAN_POINT('',(149.28046879492,-9.459221282682,
    -105.6004198876));
#3366 = CARTESIAN_POINT('',(149.10615952985,-9.46694135135,
    -106.6468272859));
#3367 = CARTESIAN_POINT('',(148.77982509343,-9.481394537513,
    -108.608963927));
#3368 = CARTESIAN_POINT('',(148.44967740609,-9.496016610619,
    -110.6372478801));
#3369 = CARTESIAN_POINT('',(148.11521780173,-9.510829656336,
    -112.7356988311));
#3370 = CARTESIAN_POINT('',(148.01227768836,-9.515388821585,
    -113.3807209155));
#3371 = CARTESIAN_POINT('',(147.90998226461,-9.519919433859,
    -114.0258158171));
#3372 = CARTESIAN_POINT('',(147.80829808647,-9.524422974376,
    -114.6709797584));
#3373 = CARTESIAN_POINT('',(154.41061292036,-9.232009809379,
    -104.0629228649));
#3374 = CARTESIAN_POINT('',(154.27860904009,-9.237856194077,
    -105.1149940823));
#3375 = CARTESIAN_POINT('',(154.14802864361,-9.243639533409,
    -106.1664685444));
#3376 = CARTESIAN_POINT('',(154.01872668881,-9.249366251204,
    -107.2173639911));
#3377 = CARTESIAN_POINT('',(153.77640448715,-9.260098578231,
    -109.1862545947));
#3378 = CARTESIAN_POINT('',(153.53045354641,-9.270991620266,
    -111.2191121081));
#3379 = CARTESIAN_POINT('',(153.28048621436,-9.282062546229,
    -113.3191112975));
#3380 = CARTESIAN_POINT('',(153.20334759198,-9.285478976569,
    -113.9673206935));
#3381 = CARTESIAN_POINT('',(153.12661491317,-9.288877427872,
    -114.6153003524));
#3382 = CARTESIAN_POINT('',(153.05026537515,-9.292258910067,
    -115.2630552945));
#3383 = CARTESIAN_POINT('',(158.60874022869,-11.53535238891,
    -104.5377067882));
#3384 = CARTESIAN_POINT('',(158.5063141421,-11.58504419833,
    -105.5922307582));
#3385 = CARTESIAN_POINT('',(158.40416346307,-11.63430938407,
    -106.646788841));
#3386 = CARTESIAN_POINT('',(158.30224652613,-11.68316106398,
    -107.7013761399));
#3387 = CARTESIAN_POINT('',(158.11196745944,-11.77419488398,
    -109.6685711621));
#3388 = CARTESIAN_POINT('',(157.91614006072,-11.8668603115,
    -111.7019589281));
#3389 = CARTESIAN_POINT('',(157.71429892609,-11.96112658058,
    -113.805550408));
#3390 = CARTESIAN_POINT('',(157.65202340668,-11.99025670952,
    -114.4550338557));
#3391 = CARTESIAN_POINT('',(157.58981366292,-12.01923885707,
    -115.104525457));
#3392 = CARTESIAN_POINT('',(157.52766393772,-12.04807565853,
    -115.7540245497));
#3393 = DEFINITIONAL_REPRESENTATION('',(#3394),#3417);
#3394 = B_SPLINE_CURVE_WITH_KNOTS('',6,(#3395,#3396,#3397,#3398,#3399,
    #3400,#3401,#3402,#3403,#3404,#3405,#3406,#3407,#3408,#3409,#3410,
    #3411,#3412,#3413,#3414,#3415,#3416),.UNSPECIFIED.,.F.,.F.,(7,5,5,5,
    7),(0.,0.294674815907,0.536015963842,0.619826933433,1.),
  .UNSPECIFIED.);
#3395 = CARTESIAN_POINT('',(0.,0.39505195886));
#3396 = CARTESIAN_POINT('',(0.478814579725,0.359579161205));
#3397 = CARTESIAN_POINT('',(0.962218328962,0.323579567155));
#3398 = CARTESIAN_POINT('',(1.44319230509,0.287662130589));
#3399 = CARTESIAN_POINT('',(1.916869781566,0.252308818161));
#3400 = CARTESIAN_POINT('',(2.379700402015,0.21787695393));
#3401 = CARTESIAN_POINT('',(3.197383253207,0.157368270248));
#3402 = CARTESIAN_POINT('',(3.557061472113,0.130874293175));
#3403 = CARTESIAN_POINT('',(3.907858299321,0.105195297214));
#3404 = CARTESIAN_POINT('',(4.249878685263,8.034724086252E-02));
#3405 = CARTESIAN_POINT('',(4.583527968945,5.631467642924E-02));
#3406 = CARTESIAN_POINT('',(5.022699923203,2.498142202787E-02));
#3407 = CARTESIAN_POINT('',(5.134961664637,1.699783977229E-02));
#3408 = CARTESIAN_POINT('',(5.246329828757,9.11089837606E-03));
#3409 = CARTESIAN_POINT('',(5.35678540324,1.309378294216E-03));
#3410 = CARTESIAN_POINT('',(5.466402429822,-6.39770400593E-03));
#3411 = CARTESIAN_POINT('',(6.068641055704,-4.856740879638E-02));
#3412 = CARTESIAN_POINT('',(6.544889397672,-8.125690292794E-02));
#3413 = CARTESIAN_POINT('',(7.006492563386,-0.112254123857));
#3414 = CARTESIAN_POINT('',(7.455293955619,-0.141692948244));
#3415 = CARTESIAN_POINT('',(7.892976475607,-0.169699525326));
#3416 = CARTESIAN_POINT('',(8.321142755493,-0.196390937689));
#3417 = ( GEOMETRIC_REPRESENTATION_CONTEXT(2) 
PARAMETRIC_REPRESENTATION_CONTEXT() REPRESENTATION_CONTEXT('2D SPACE',''
  ) );
#3418 = ADVANCED_FACE('',(#3419),#1433,.F.);
#3419 = FACE_BOUND('',#3420,.T.);
#3420 = EDGE_LOOP('',(#3421,#3422,#3517,#3560,#3594,#3632,#3743,#3764,
    #3765,#3766,#3767,#3841,#3863,#3935,#3936,#3937));
#3421 = ORIENTED_EDGE('',*,*,#2642,.F.);
#3422 = ORIENTED_EDGE('',*,*,#3423,.F.);
#3423 = EDGE_CURVE('',#3424,#2643,#3426,.T.);
#3424 = VERTEX_POINT('',#3425);
#3425 = CARTESIAN_POINT('',(158.32710880111,11.671237895931,
    -119.4578274251));
#3426 = SURFACE_CURVE('',#3427,(#3455,#3486),.PCURVE_S1.);
#3427 = B_SPLINE_CURVE_WITH_KNOTS('',6,(#3428,#3429,#3430,#3431,#3432,
    #3433,#3434,#3435,#3436,#3437,#3438,#3439,#3440,#3441,#3442,#3443,
    #3444,#3445,#3446,#3447,#3448,#3449,#3450,#3451,#3452,#3453,#3454),
  .UNSPECIFIED.,.F.,.F.,(7,5,5,5,5,7),(0.,0.390821725776,0.484404162195,
    0.564092511918,0.71437074152,1.),.UNSPECIFIED.);
#3428 = CARTESIAN_POINT('',(158.32710880111,11.671237895934,
    -119.4578274251));
#3429 = CARTESIAN_POINT('',(157.88857947214,11.426399263231,
    -119.4710510716));
#3430 = CARTESIAN_POINT('',(157.4290806028,11.189744428373,
    -119.4849070447));
#3431 = CARTESIAN_POINT('',(156.94669534604,10.962305840531,
    -119.4994531461));
#3432 = CARTESIAN_POINT('',(156.43938635635,10.745631698182,
    -119.5147508111));
#3433 = CARTESIAN_POINT('',(155.90502886953,10.541785062121,
    -119.5308641108));
#3434 = CARTESIAN_POINT('',(155.20582876096,10.30852547055,
    -119.5519481625));
#3435 = CARTESIAN_POINT('',(155.06905835727,10.264363599529,
    -119.55607241));
#3436 = CARTESIAN_POINT('',(154.93054243297,10.221137274833,
    -119.5602492928));
#3437 = CARTESIAN_POINT('',(154.79025428766,10.178891837179,
    -119.5644796161));
#3438 = CARTESIAN_POINT('',(154.64817406717,10.137677429549,
    -119.5687639786));
#3439 = CARTESIAN_POINT('',(154.38172822333,10.063366437427,
    -119.5767985282));
#3440 = CARTESIAN_POINT('',(154.25786734574,10.029973954373,
    -119.5805334949));
#3441 = CARTESIAN_POINT('',(154.13267014347,9.99739681703,
    -119.5843087579));
#3442 = CARTESIAN_POINT('',(154.00612474931,9.965668917456,
    -119.588124675));
#3443 = CARTESIAN_POINT('',(153.87822304892,9.934826282709,
    -119.5919814908));
#3444 = CARTESIAN_POINT('',(153.5051945993,9.848484657555,-119.603229989
    ));
#3445 = CARTESIAN_POINT('',(153.25659905783,9.795348333712,
    -119.6107262711));
#3446 = CARTESIAN_POINT('',(153.00313338889,9.745748035212,
    -119.6183694096));
#3447 = CARTESIAN_POINT('',(152.74485436297,9.699972664789,
    -119.6261576926));
#3448 = CARTESIAN_POINT('',(152.48194096219,9.658328274155,
    -119.6340857231));
#3449 = CARTESIAN_POINT('',(151.70681879364,9.550388465164,
    -119.6574591689));
#3450 = CARTESIAN_POINT('',(151.1825319604,9.495557968042,
    -119.6732687928));
#3451 = CARTESIAN_POINT('',(150.6456440735,9.459007735913,
    -119.6894583955));
#3452 = CARTESIAN_POINT('',(150.10143752445,9.442607319148,
    -119.7058686891));
#3453 = CARTESIAN_POINT('',(149.55683556003,9.446981142789,
    -119.7222909062));
#3454 = CARTESIAN_POINT('',(149.02039023509,9.470740029781,
    -119.7384671637));
#3455 = PCURVE('',#1433,#3456);
#3456 = DEFINITIONAL_REPRESENTATION('',(#3457),#3485);
#3457 = B_SPLINE_CURVE_WITH_KNOTS('',6,(#3458,#3459,#3460,#3461,#3462,
    #3463,#3464,#3465,#3466,#3467,#3468,#3469,#3470,#3471,#3472,#3473,
    #3474,#3475,#3476,#3477,#3478,#3479,#3480,#3481,#3482,#3483,#3484),
  .UNSPECIFIED.,.F.,.F.,(7,5,5,5,5,7),(0.,0.390821725776,0.484404162195,
    0.564092511918,0.71437074152,1.),.UNSPECIFIED.);
#3458 = CARTESIAN_POINT('',(-9.42081581284,-1.359643449266E+04));
#3459 = CARTESIAN_POINT('',(-9.859544472936,-1.35966793313E+04));
#3460 = CARTESIAN_POINT('',(-10.31925220499,-1.359691598613E+04));
#3461 = CARTESIAN_POINT('',(-10.80185672735,-1.359714342472E+04));
#3462 = CARTESIAN_POINT('',(-11.3093963116,-1.359736009886E+04));
#3463 = CARTESIAN_POINT('',(-11.84399668772,-1.35975639455E+04));
#3464 = CARTESIAN_POINT('',(-12.54351461391,-1.359779720509E+04));
#3465 = CARTESIAN_POINT('',(-12.68034718585,-1.359784136696E+04));
#3466 = CARTESIAN_POINT('',(-12.81892607181,-1.359788459329E+04));
#3467 = CARTESIAN_POINT('',(-12.95927798433,-1.359792683872E+04));
#3468 = CARTESIAN_POINT('',(-13.10142278662,-1.359796805313E+04));
#3469 = CARTESIAN_POINT('',(-13.36798974198,-1.359804236412E+04));
#3470 = CARTESIAN_POINT('',(-13.49190691986,-1.359807575661E+04));
#3471 = CARTESIAN_POINT('',(-13.61716102984,-1.359810833374E+04));
#3472 = CARTESIAN_POINT('',(-13.74376394452,-1.359814006164E+04));
#3473 = CARTESIAN_POINT('',(-13.87172378193,-1.359817090428E+04));
#3474 = CARTESIAN_POINT('',(-14.24492178961,-1.35982572459E+04));
#3475 = CARTESIAN_POINT('',(-14.49363032884,-1.359831038223E+04));
#3476 = CARTESIAN_POINT('',(-14.74721120923,-1.359835998252E+04));
#3477 = CARTESIAN_POINT('',(-15.00560763448,-1.35984057579E+04));
#3478 = CARTESIAN_POINT('',(-15.26864054112,-1.359844740229E+04));
#3479 = CARTESIAN_POINT('',(-16.04411503725,-1.359855534209E+04));
#3480 = CARTESIAN_POINT('',(-16.56864018223,-1.359861017259E+04));
#3481 = CARTESIAN_POINT('',(-17.10577210861,-1.359864672282E+04));
#3482 = CARTESIAN_POINT('',(-17.6502260238,-1.359866312324E+04));
#3483 = CARTESIAN_POINT('',(-18.19507553409,-1.359865874942E+04));
#3484 = CARTESIAN_POINT('',(-18.73176469734,-1.359863499053E+04));
#3485 = ( GEOMETRIC_REPRESENTATION_CONTEXT(2) 
PARAMETRIC_REPRESENTATION_CONTEXT() REPRESENTATION_CONTEXT('2D SPACE',''
  ) );
#3486 = PCURVE('',#2848,#3487);
#3487 = DEFINITIONAL_REPRESENTATION('',(#3488),#3516);
#3488 = B_SPLINE_CURVE_WITH_KNOTS('',6,(#3489,#3490,#3491,#3492,#3493,
    #3494,#3495,#3496,#3497,#3498,#3499,#3500,#3501,#3502,#3503,#3504,
    #3505,#3506,#3507,#3508,#3509,#3510,#3511,#3512,#3513,#3514,#3515),
  .UNSPECIFIED.,.F.,.F.,(7,5,5,5,5,7),(0.,0.390821725776,0.484404162195,
    0.564092511918,0.71437074152,1.),.UNSPECIFIED.);
#3489 = CARTESIAN_POINT('',(0.,4.710293134854));
#3490 = CARTESIAN_POINT('',(0.440177712285,4.682852943079));
#3491 = CARTESIAN_POINT('',(0.890400712633,4.654023533213));
#3492 = CARTESIAN_POINT('',(1.352425676962,4.62367681347));
#3493 = CARTESIAN_POINT('',(1.828090693194,4.591674892669));
#3494 = CARTESIAN_POINT('',(2.319401168822,4.557872225172));
#3495 = CARTESIAN_POINT('',(2.951243174178,4.513512209306));
#3496 = CARTESIAN_POINT('',(3.074353311499,4.50482792447));
#3497 = CARTESIAN_POINT('',(3.198562905346,4.496031971617));
#3498 = CARTESIAN_POINT('',(3.323902127762,4.487121318224));
#3499 = CARTESIAN_POINT('',(3.450395940896,4.478092201096));
#3500 = CARTESIAN_POINT('',(3.686814541303,4.461155982641));
#3501 = CARTESIAN_POINT('',(3.796408361884,4.453280742719));
#3502 = CARTESIAN_POINT('',(3.906885278132,4.445318410255));
#3503 = CARTESIAN_POINT('',(4.018262790406,4.437268187774));
#3504 = CARTESIAN_POINT('',(4.130556196033,4.429129515209));
#3505 = CARTESIAN_POINT('',(4.457296134691,4.405386555816));
#3506 = CARTESIAN_POINT('',(4.674109436998,4.38955594302));
#3507 = CARTESIAN_POINT('',(4.894316974168,4.373407345416));
#3508 = CARTESIAN_POINT('',(5.117948952417,4.356944060755));
#3509 = CARTESIAN_POINT('',(5.344950628803,4.340177186084));
#3510 = CARTESIAN_POINT('',(6.012728288994,4.290720906496));
#3511 = CARTESIAN_POINT('',(6.462607140672,4.257239491091));
#3512 = CARTESIAN_POINT('',(6.922381568084,4.222922372293));
#3513 = CARTESIAN_POINT('',(7.388697342502,4.188105594746));
#3514 = CARTESIAN_POINT('',(7.857058975974,4.15323171018));
#3515 = CARTESIAN_POINT('',(8.321142755493,4.118850238306));
#3516 = ( GEOMETRIC_REPRESENTATION_CONTEXT(2) 
PARAMETRIC_REPRESENTATION_CONTEXT() REPRESENTATION_CONTEXT('2D SPACE',''
  ) );
#3517 = ORIENTED_EDGE('',*,*,#3518,.F.);
#3518 = EDGE_CURVE('',#3519,#3424,#3521,.T.);
#3519 = VERTEX_POINT('',#3520);
#3520 = CARTESIAN_POINT('',(155.14546217504,9.199463709759,
    -119.5537684886));
#3521 = SURFACE_CURVE('',#3522,(#3531,#3543),.PCURVE_S1.);
#3522 = B_SPLINE_CURVE_WITH_KNOTS('',4,(#3523,#3524,#3525,#3526,#3527,
    #3528,#3529,#3530),.UNSPECIFIED.,.F.,.F.,(5,3,5),(0.,0.503096075632,
    1.),.UNSPECIFIED.);
#3523 = CARTESIAN_POINT('',(155.14546217503,9.199463709756,
    -119.5537684886));
#3524 = CARTESIAN_POINT('',(155.49982320451,9.573023680458,
    -119.5430828978));
#3525 = CARTESIAN_POINT('',(155.87172648864,9.926649602248,
    -119.5318683285));
#3526 = CARTESIAN_POINT('',(156.25950974299,10.259401151059,
    -119.5201749061));
#3527 = CARTESIAN_POINT('',(157.05863819585,10.87793967471,
    -119.4960775619));
#3528 = CARTESIAN_POINT('',(157.4696336807,11.164251680622,
    -119.4836841858));
#3529 = CARTESIAN_POINT('',(157.89297157204,11.428851442633,
    -119.4709186297));
#3530 = CARTESIAN_POINT('',(158.32710879557,11.671237889056,
    -119.4578274251));
#3531 = PCURVE('',#1433,#3532);
#3532 = DEFINITIONAL_REPRESENTATION('',(#3533),#3542);
#3533 = B_SPLINE_CURVE_WITH_KNOTS('',4,(#3534,#3535,#3536,#3537,#3538,
    #3539,#3540,#3541),.UNSPECIFIED.,.F.,.F.,(5,3,5),(0.,0.503096075632,
    1.),.UNSPECIFIED.);
#3534 = CARTESIAN_POINT('',(-12.60390863914,-1.359890626685E+04));
#3535 = CARTESIAN_POINT('',(-12.24938653678,-1.359853270688E+04));
#3536 = CARTESIAN_POINT('',(-11.87731420603,-1.359817908096E+04));
#3537 = CARTESIAN_POINT('',(-11.4893546869,-1.359784632941E+04));
#3538 = CARTESIAN_POINT('',(-10.68986299453,-1.359722779089E+04));
#3539 = CARTESIAN_POINT('',(-10.27868069392,-1.359694147888E+04));
#3540 = CARTESIAN_POINT('',(-9.855150376631,-1.359667687912E+04));
#3541 = CARTESIAN_POINT('',(-9.420815818377,-1.359643449267E+04));
#3542 = ( GEOMETRIC_REPRESENTATION_CONTEXT(2) 
PARAMETRIC_REPRESENTATION_CONTEXT() REPRESENTATION_CONTEXT('2D SPACE',''
  ) );
#3543 = PCURVE('',#3544,#3549);
#3544 = CONICAL_SURFACE('',#3545,13.875497692632,8.726646006107E-02);
#3545 = AXIS2_PLACEMENT_3D('',#3546,#3547,#3548);
#3546 = CARTESIAN_POINT('',(164.80814655019,1.577721810442E-30,
    -113.4509947553));
#3547 = DIRECTION('',(0.,0.,1.));
#3548 = DIRECTION('',(1.110223024625E-16,1.,0.));
#3549 = DEFINITIONAL_REPRESENTATION('',(#3550),#3559);
#3550 = B_SPLINE_CURVE_WITH_KNOTS('',4,(#3551,#3552,#3553,#3554,#3555,
    #3556,#3557,#3558),.UNSPECIFIED.,.F.,.F.,(5,3,5),(0.,0.503096075632,
    1.),.UNSPECIFIED.);
#3551 = CARTESIAN_POINT('',(0.809951441916,-6.102773733345));
#3552 = CARTESIAN_POINT('',(0.771358093184,-6.092088142503));
#3553 = CARTESIAN_POINT('',(0.732947428401,-6.080873573189));
#3554 = CARTESIAN_POINT('',(0.694703953077,-6.069180150812));
#3555 = CARTESIAN_POINT('',(0.618982943931,-6.04508280667));
#3556 = CARTESIAN_POINT('',(0.581501921388,-6.032689430565));
#3557 = CARTESIAN_POINT('',(0.544147986768,-6.01992387439));
#3558 = CARTESIAN_POINT('',(0.50690315855,-6.006832669787));
#3559 = ( GEOMETRIC_REPRESENTATION_CONTEXT(2) 
PARAMETRIC_REPRESENTATION_CONTEXT() REPRESENTATION_CONTEXT('2D SPACE',''
  ) );
#3560 = ORIENTED_EDGE('',*,*,#3561,.F.);
#3561 = EDGE_CURVE('',#3562,#3519,#3564,.T.);
#3562 = VERTEX_POINT('',#3563);
#3563 = CARTESIAN_POINT('',(155.14546217504,-9.199463709759,
    -119.5537684886));
#3564 = SURFACE_CURVE('',#3565,(#3570,#3581),.PCURVE_S1.);
#3565 = ELLIPSE('',#3566,13.373235092245,13.367112604765);
#3566 = AXIS2_PLACEMENT_3D('',#3567,#3568,#3569);
#3567 = CARTESIAN_POINT('',(164.84341151652,-3.915197758845E-18,
    -119.2613313693));
#3568 = DIRECTION('',(3.014083119581E-02,-3.346304477493E-18,
    -0.999545661936));
#3569 = DIRECTION('',(0.999545661936,-1.109718608045E-16,
    3.014083119581E-02));
#3570 = PCURVE('',#1433,#3571);
#3571 = DEFINITIONAL_REPRESENTATION('',(#3572),#3580);
#3572 = ( BOUNDED_CURVE() B_SPLINE_CURVE(2,(#3573,#3574,#3575,#3576,
#3577,#3578,#3579),.UNSPECIFIED.,.T.,.F.) B_SPLINE_CURVE_WITH_KNOTS((1,2
    ,2,2,2,1),(-2.094395102393,0.,2.094395102393,4.188790204786,
6.28318530718,8.377580409573),.UNSPECIFIED.) CURVE() 
GEOMETRIC_REPRESENTATION_ITEM() RATIONAL_B_SPLINE_CURVE((1.,0.5,1.,0.5,
1.,0.5,1.)) REPRESENTATION_ITEM('') );
#3573 = CARTESIAN_POINT('',(10.471683944909,-1.360810573056E+04));
#3574 = CARTESIAN_POINT('',(10.471683944909,-1.363125824874E+04));
#3575 = CARTESIAN_POINT('',(-9.588168693459,-1.361968198965E+04));
#3576 = CARTESIAN_POINT('',(-29.64802133182,-1.360810573056E+04));
#3577 = CARTESIAN_POINT('',(-9.588168693459,-1.359652947147E+04));
#3578 = CARTESIAN_POINT('',(10.471683944909,-1.358495321238E+04));
#3579 = CARTESIAN_POINT('',(10.471683944909,-1.360810573056E+04));
#3580 = ( GEOMETRIC_REPRESENTATION_CONTEXT(2) 
PARAMETRIC_REPRESENTATION_CONTEXT() REPRESENTATION_CONTEXT('2D SPACE',''
  ) );
#3581 = PCURVE('',#3544,#3582);
#3582 = DEFINITIONAL_REPRESENTATION('',(#3583),#3593);
#3583 = B_SPLINE_CURVE_WITH_KNOTS('',8,(#3584,#3585,#3586,#3587,#3588,
    #3589,#3590,#3591,#3592),.UNSPECIFIED.,.F.,.F.,(9,9),(2.382565148601
    ,3.900620158578),.PIECEWISE_BEZIER_KNOTS.);
#3584 = CARTESIAN_POINT('',(2.331641211674,-6.102773733345));
#3585 = CARTESIAN_POINT('',(2.141521102448,-6.155413521358));
#3586 = CARTESIAN_POINT('',(1.951325991027,-6.196019047294));
#3587 = CARTESIAN_POINT('',(1.761075813492,-6.221702016795));
#3588 = CARTESIAN_POINT('',(1.570796326777,-6.230498638861));
#3589 = CARTESIAN_POINT('',(1.380516840105,-6.22170201679));
#3590 = CARTESIAN_POINT('',(1.190266662558,-6.196019047297));
#3591 = CARTESIAN_POINT('',(1.000071551142,-6.155413521358));
#3592 = CARTESIAN_POINT('',(0.809951441916,-6.102773733345));
#3593 = ( GEOMETRIC_REPRESENTATION_CONTEXT(2) 
PARAMETRIC_REPRESENTATION_CONTEXT() REPRESENTATION_CONTEXT('2D SPACE',''
  ) );
#3594 = ORIENTED_EDGE('',*,*,#3595,.T.);
#3595 = EDGE_CURVE('',#3562,#3596,#3598,.T.);
#3596 = VERTEX_POINT('',#3597);
#3597 = CARTESIAN_POINT('',(158.32710880111,-11.67123789593,
    -119.4578274251));
#3598 = SURFACE_CURVE('',#3599,(#3608,#3620),.PCURVE_S1.);
#3599 = B_SPLINE_CURVE_WITH_KNOTS('',4,(#3600,#3601,#3602,#3603,#3604,
    #3605,#3606,#3607),.UNSPECIFIED.,.F.,.F.,(5,3,5),(0.,0.503096075632,
    1.),.UNSPECIFIED.);
#3600 = CARTESIAN_POINT('',(155.14546217504,-9.199463709759,
    -119.5537684886));
#3601 = CARTESIAN_POINT('',(155.49982320451,-9.57302368046,
    -119.5430828978));
#3602 = CARTESIAN_POINT('',(155.87172648864,-9.926649602249,
    -119.5318683285));
#3603 = CARTESIAN_POINT('',(156.259509743,-10.25940115106,
    -119.5201749061));
#3604 = CARTESIAN_POINT('',(157.05863819586,-10.87793967471,
    -119.4960775619));
#3605 = CARTESIAN_POINT('',(157.4696336807,-11.16425168062,
    -119.4836841858));
#3606 = CARTESIAN_POINT('',(157.89297157204,-11.42885144263,
    -119.4709186297));
#3607 = CARTESIAN_POINT('',(158.32710879557,-11.67123788905,
    -119.4578274251));
#3608 = PCURVE('',#1433,#3609);
#3609 = DEFINITIONAL_REPRESENTATION('',(#3610),#3619);
#3610 = B_SPLINE_CURVE_WITH_KNOTS('',4,(#3611,#3612,#3613,#3614,#3615,
    #3616,#3617,#3618),.UNSPECIFIED.,.F.,.F.,(5,3,5),(0.,0.503096075632,
    1.),.UNSPECIFIED.);
#3611 = CARTESIAN_POINT('',(-12.60390863914,-1.361730519427E+04));
#3612 = CARTESIAN_POINT('',(-12.24938653678,-1.361767875424E+04));
#3613 = CARTESIAN_POINT('',(-11.87731420602,-1.361803238016E+04));
#3614 = CARTESIAN_POINT('',(-11.48935468689,-1.361836513171E+04));
#3615 = CARTESIAN_POINT('',(-10.68986299453,-1.361898367023E+04));
#3616 = CARTESIAN_POINT('',(-10.27868069392,-1.361926998224E+04));
#3617 = CARTESIAN_POINT('',(-9.855150376631,-1.3619534582E+04));
#3618 = CARTESIAN_POINT('',(-9.420815818377,-1.361977696845E+04));
#3619 = ( GEOMETRIC_REPRESENTATION_CONTEXT(2) 
PARAMETRIC_REPRESENTATION_CONTEXT() REPRESENTATION_CONTEXT('2D SPACE',''
  ) );
#3620 = PCURVE('',#3544,#3621);
#3621 = DEFINITIONAL_REPRESENTATION('',(#3622),#3631);
#3622 = B_SPLINE_CURVE_WITH_KNOTS('',4,(#3623,#3624,#3625,#3626,#3627,
    #3628,#3629,#3630),.UNSPECIFIED.,.F.,.F.,(5,3,5),(0.,0.503096075632,
    1.),.UNSPECIFIED.);
#3623 = CARTESIAN_POINT('',(2.331641211674,-6.102773733345));
#3624 = CARTESIAN_POINT('',(2.370234560406,-6.092088142503));
#3625 = CARTESIAN_POINT('',(2.408645225189,-6.080873573189));
#3626 = CARTESIAN_POINT('',(2.446888700513,-6.069180150812));
#3627 = CARTESIAN_POINT('',(2.522609709659,-6.04508280667));
#3628 = CARTESIAN_POINT('',(2.560090732202,-6.032689430565));
#3629 = CARTESIAN_POINT('',(2.597444666822,-6.01992387439));
#3630 = CARTESIAN_POINT('',(2.63468949504,-6.006832669787));
#3631 = ( GEOMETRIC_REPRESENTATION_CONTEXT(2) 
PARAMETRIC_REPRESENTATION_CONTEXT() REPRESENTATION_CONTEXT('2D SPACE',''
  ) );
#3632 = ORIENTED_EDGE('',*,*,#3633,.F.);
#3633 = EDGE_CURVE('',#3634,#3596,#3636,.T.);
#3634 = VERTEX_POINT('',#3635);
#3635 = CARTESIAN_POINT('',(149.02039032214,-9.470740025924,
    -119.738467161));
#3636 = SURFACE_CURVE('',#3637,(#3660,#3686),.PCURVE_S1.);
#3637 = B_SPLINE_CURVE_WITH_KNOTS('',6,(#3638,#3639,#3640,#3641,#3642,
    #3643,#3644,#3645,#3646,#3647,#3648,#3649,#3650,#3651,#3652,#3653,
    #3654,#3655,#3656,#3657,#3658,#3659),.UNSPECIFIED.,.F.,.F.,(7,5,5,5,
    7),(0.,0.294674815912,0.536015963852,0.619826933443,1.),
  .UNSPECIFIED.);
#3638 = CARTESIAN_POINT('',(149.02039023509,-9.470740029779,
    -119.7384671637));
#3639 = CARTESIAN_POINT('',(149.57386323747,-9.446226995729,
    -119.7217774446));
#3640 = CARTESIAN_POINT('',(150.13605990735,-9.442347253896,
    -119.7048246673));
#3641 = CARTESIAN_POINT('',(150.69750314199,-9.460636772951,
    -119.6878946096));
#3642 = CARTESIAN_POINT('',(151.25065117663,-9.500322115861,
    -119.6712146897));
#3643 = CARTESIAN_POINT('',(151.78988439271,-9.559268631172,
    -119.6549543647));
#3644 = CARTESIAN_POINT('',(152.73836706679,-9.696736484417,
    -119.626353314));
#3645 = CARTESIAN_POINT('',(153.15399376074,-9.769858416447,
    -119.6138202857));
#3646 = CARTESIAN_POINT('',(153.55715598067,-9.852973675387,
    -119.6016631179));
#3647 = CARTESIAN_POINT('',(153.94758183863,-9.94483766163,
    -119.589890009));
#3648 = CARTESIAN_POINT('',(154.32549383971,-10.04440462339,
    -119.5784942497));
#3649 = CARTESIAN_POINT('',(154.81860797256,-10.1878639767,
    -119.563624624));
#3650 = CARTESIAN_POINT('',(154.94426329017,-10.22567178271,
    -119.5598355467));
#3651 = CARTESIAN_POINT('',(155.06851068477,-10.26428044539,
    -119.5560889248));
#3652 = CARTESIAN_POINT('',(155.19132908575,-10.30364624592,
    -119.5523853934));
#3653 = CARTESIAN_POINT('',(155.31278803739,-10.34374944928,
    -119.5487228556));
#3654 = CARTESIAN_POINT('',(155.97771541913,-10.56968467024,
    -119.5286722819));
#3655 = CARTESIAN_POINT('',(156.49462549788,-10.76932068024,
    -119.5130851006));
#3656 = CARTESIAN_POINT('',(156.98611186005,-10.98093517432,
    -119.4982645596));
#3657 = CARTESIAN_POINT('',(157.45413065047,-11.20265942091,
    -119.4841516722));
#3658 = CARTESIAN_POINT('',(157.90054592397,-11.43308034362,
    -119.4706902288));
#3659 = CARTESIAN_POINT('',(158.32710880111,-11.67123789593,
    -119.4578274251));
#3660 = PCURVE('',#1433,#3661);
#3661 = DEFINITIONAL_REPRESENTATION('',(#3662),#3685);
#3662 = B_SPLINE_CURVE_WITH_KNOTS('',6,(#3663,#3664,#3665,#3666,#3667,
    #3668,#3669,#3670,#3671,#3672,#3673,#3674,#3675,#3676,#3677,#3678,
    #3679,#3680,#3681,#3682,#3683,#3684),.UNSPECIFIED.,.F.,.F.,(7,5,5,5,
    7),(0.,0.294674815912,0.536015963852,0.619826933443,1.),
  .UNSPECIFIED.);
#3663 = CARTESIAN_POINT('',(-18.73176469734,-1.361757647059E+04));
#3664 = CARTESIAN_POINT('',(-18.17804011681,-1.361755195756E+04));
#3665 = CARTESIAN_POINT('',(-17.61558790348,-1.361754807781E+04));
#3666 = CARTESIAN_POINT('',(-17.05388946786,-1.361756636733E+04));
#3667 = CARTESIAN_POINT('',(-16.50049000278,-1.361760605268E+04));
#3668 = CARTESIAN_POINT('',(-15.96101168116,-1.361766499919E+04));
#3669 = CARTESIAN_POINT('',(-15.01209787942,-1.361780246704E+04));
#3670 = CARTESIAN_POINT('',(-14.59628226461,-1.361787558898E+04));
#3671 = CARTESIAN_POINT('',(-14.19293678948,-1.361795870424E+04));
#3672 = CARTESIAN_POINT('',(-13.80233346556,-1.361805056822E+04));
#3673 = CARTESIAN_POINT('',(-13.42424968663,-1.361815013518E+04));
#3674 = CARTESIAN_POINT('',(-12.93091141142,-1.361829359454E+04));
#3675 = CARTESIAN_POINT('',(-12.80519897786,-1.361833140234E+04));
#3676 = CARTESIAN_POINT('',(-12.68089510729,-1.361837001101E+04));
#3677 = CARTESIAN_POINT('',(-12.55802087987,-1.361840937681E+04));
#3678 = CARTESIAN_POINT('',(-12.43650671972,-1.361844948001E+04));
#3679 = CARTESIAN_POINT('',(-11.77127709884,-1.361867541523E+04));
#3680 = CARTESIAN_POINT('',(-11.25413206142,-1.361887505124E+04));
#3681 = CARTESIAN_POINT('',(-10.76242229678,-1.361908666573E+04));
#3682 = CARTESIAN_POINT('',(-10.29419077096,-1.361930838998E+04));
#3683 = CARTESIAN_POINT('',(-9.847572581822,-1.36195388109E+04));
#3684 = CARTESIAN_POINT('',(-9.42081581284,-1.361977696846E+04));
#3685 = ( GEOMETRIC_REPRESENTATION_CONTEXT(2) 
PARAMETRIC_REPRESENTATION_CONTEXT() REPRESENTATION_CONTEXT('2D SPACE',''
  ) );
#3686 = PCURVE('',#3687,#3718);
#3687 = ( BOUNDED_SURFACE() B_SPLINE_SURFACE(2,3,(
    (#3688,#3689,#3690,#3691,#3692,#3693,#3694,#3695,#3696,#3697)
    ,(#3698,#3699,#3700,#3701,#3702,#3703,#3704,#3705,#3706,#3707)
    ,(#3708,#3709,#3710,#3711,#3712,#3713,#3714,#3715,#3716,#3717
)),.UNSPECIFIED.,.F.,.F.,.F.) B_SPLINE_SURFACE_WITH_KNOTS((3,3),(4,3,3,4
    ),(0.,8.321142755493),(-1.39161532665,0.,4.513902197165,
6.929527428843),.UNSPECIFIED.) GEOMETRIC_REPRESENTATION_ITEM() 
RATIONAL_B_SPLINE_SURFACE((
    (1.,1.,1.,1.,1.,1.,1.,1.,1.,1.)
    ,(0.956356144993,0.956750303907,0.95714637532,0.957544388001
      ,0.958832162461,0.960097198682,0.961338995543,0.962005512193
      ,0.962677396298,0.963354782982)
,(1.,1.,1.,1.,1.,1.,1.,1.,1.,1.))) REPRESENTATION_ITEM('') SURFACE() );
#3688 = CARTESIAN_POINT('',(147.80829808649,-9.524422974375,
    -112.2310097522));
#3689 = CARTESIAN_POINT('',(147.90998226462,-9.519919433858,
    -112.8761736934));
#3690 = CARTESIAN_POINT('',(148.01227768836,-9.515388821585,
    -113.521268595));
#3691 = CARTESIAN_POINT('',(148.11521780173,-9.510829656336,
    -114.1662906795));
#3692 = CARTESIAN_POINT('',(148.44967740609,-9.496016610619,
    -116.2647416305));
#3693 = CARTESIAN_POINT('',(148.77982509343,-9.481394537513,
    -118.2930255835));
#3694 = CARTESIAN_POINT('',(149.10615952985,-9.46694135135,
    -120.2551622246));
#3695 = CARTESIAN_POINT('',(149.28046879492,-9.459221282682,
    -121.301569623));
#3696 = CARTESIAN_POINT('',(149.45680672415,-9.45141136551,
    -122.3477414159));
#3697 = CARTESIAN_POINT('',(149.63538676009,-9.443502146573,
    -123.3936528145));
#3698 = CARTESIAN_POINT('',(153.05026537516,-9.29225891007,
    -111.6389342161));
#3699 = CARTESIAN_POINT('',(153.12661491318,-9.288877427875,
    -112.2866891582));
#3700 = CARTESIAN_POINT('',(153.20334759198,-9.285478976569,
    -112.9346688171));
#3701 = CARTESIAN_POINT('',(153.28048621436,-9.282062546229,
    -113.5828782131));
#3702 = CARTESIAN_POINT('',(153.53045354641,-9.270991620266,
    -115.6828774024));
#3703 = CARTESIAN_POINT('',(153.77640448715,-9.260098578231,
    -117.7157349158));
#3704 = CARTESIAN_POINT('',(154.01872668881,-9.249366251204,
    -119.6846255194));
#3705 = CARTESIAN_POINT('',(154.14802864361,-9.24363953341,
    -120.7355209662));
#3706 = CARTESIAN_POINT('',(154.27860904011,-9.237856194083,
    -121.7869954283));
#3707 = CARTESIAN_POINT('',(154.41061292038,-9.232009809384,
    -122.8390666456));
#3708 = CARTESIAN_POINT('',(157.52766393773,-12.04807565853,
    -111.1479649609));
#3709 = CARTESIAN_POINT('',(157.58981366293,-12.01923885708,
    -111.7974640536));
#3710 = CARTESIAN_POINT('',(157.65202340668,-11.99025670952,
    -112.4469556548));
#3711 = CARTESIAN_POINT('',(157.71429892609,-11.96112658058,
    -113.0964391025));
#3712 = CARTESIAN_POINT('',(157.91614006072,-11.8668603115,
    -115.2000305825));
#3713 = CARTESIAN_POINT('',(158.11196745944,-11.77419488398,
    -117.2334183485));
#3714 = CARTESIAN_POINT('',(158.30224652613,-11.68316106398,
    -119.2006133707));
#3715 = CARTESIAN_POINT('',(158.40416346307,-11.63430938407,
    -120.2552006696));
#3716 = CARTESIAN_POINT('',(158.5063141421,-11.58504419834,
    -121.3097587524));
#3717 = CARTESIAN_POINT('',(158.6087402287,-11.53535238892,
    -122.3642827224));
#3718 = DEFINITIONAL_REPRESENTATION('',(#3719),#3742);
#3719 = B_SPLINE_CURVE_WITH_KNOTS('',6,(#3720,#3721,#3722,#3723,#3724,
    #3725,#3726,#3727,#3728,#3729,#3730,#3731,#3732,#3733,#3734,#3735,
    #3736,#3737,#3738,#3739,#3740,#3741),.UNSPECIFIED.,.F.,.F.,(7,5,5,5,
    7),(0.,0.294674815912,0.536015963852,0.619826933443,1.),
  .UNSPECIFIED.);
#3720 = CARTESIAN_POINT('',(0.,4.118850238304));
#3721 = CARTESIAN_POINT('',(0.478814579725,4.154323035959));
#3722 = CARTESIAN_POINT('',(0.962218328962,4.190322630009));
#3723 = CARTESIAN_POINT('',(1.44319230509,4.226240066575));
#3724 = CARTESIAN_POINT('',(1.916869781567,4.261593379004));
#3725 = CARTESIAN_POINT('',(2.379700402015,4.296025243234));
#3726 = CARTESIAN_POINT('',(3.197383253207,4.356533926917));
#3727 = CARTESIAN_POINT('',(3.557061472113,4.38302790399));
#3728 = CARTESIAN_POINT('',(3.907858299321,4.40870689995));
#3729 = CARTESIAN_POINT('',(4.249878685263,4.433554956302));
#3730 = CARTESIAN_POINT('',(4.583527968945,4.457587520735));
#3731 = CARTESIAN_POINT('',(5.022699923201,4.488920775137));
#3732 = CARTESIAN_POINT('',(5.134961664646,4.496904357393));
#3733 = CARTESIAN_POINT('',(5.246329828742,4.504791298787));
#3734 = CARTESIAN_POINT('',(5.35678540325,4.512592818871));
#3735 = CARTESIAN_POINT('',(5.466402429819,4.52029990117));
#3736 = CARTESIAN_POINT('',(6.068641055704,4.562469605961));
#3737 = CARTESIAN_POINT('',(6.544889397672,4.595159100093));
#3738 = CARTESIAN_POINT('',(7.006492563386,4.626156321022));
#3739 = CARTESIAN_POINT('',(7.45529395562,4.655595145409));
#3740 = CARTESIAN_POINT('',(7.892976475607,4.683601722491));
#3741 = CARTESIAN_POINT('',(8.321142755493,4.710293134854));
#3742 = ( GEOMETRIC_REPRESENTATION_CONTEXT(2) 
PARAMETRIC_REPRESENTATION_CONTEXT() REPRESENTATION_CONTEXT('2D SPACE',''
  ) );
#3743 = ORIENTED_EDGE('',*,*,#3744,.T.);
#3744 = EDGE_CURVE('',#3634,#2491,#3745,.T.);
#3745 = SURFACE_CURVE('',#3746,(#3750,#3757),.PCURVE_S1.);
#3746 = LINE('',#3747,#3748);
#3747 = CARTESIAN_POINT('',(622.67121312817,11.507013940924,
    -105.4557484823));
#3748 = VECTOR('',#3749,1.);
#3749 = DIRECTION('',(-0.998567655899,-4.422605344713E-02,
    -3.011133988191E-02));
#3750 = PCURVE('',#1433,#3751);
#3751 = DEFINITIONAL_REPRESENTATION('',(#3752),#3756);
#3752 = LINE('',#3753,#3754);
#3753 = CARTESIAN_POINT('',(455.13435361057,-1.359659871662E+04));
#3754 = VECTOR('',#3755,1.);
#3755 = DIRECTION('',(-0.999021549415,-4.422605344713E-02));
#3756 = ( GEOMETRIC_REPRESENTATION_CONTEXT(2) 
PARAMETRIC_REPRESENTATION_CONTEXT() REPRESENTATION_CONTEXT('2D SPACE',''
  ) );
#3757 = PCURVE('',#2312,#3758);
#3758 = DEFINITIONAL_REPRESENTATION('',(#3759),#3763);
#3759 = LINE('',#3760,#3761);
#3760 = CARTESIAN_POINT('',(556.40472490692,-1.361610097683E+04));
#3761 = VECTOR('',#3762,1.);
#3762 = DIRECTION('',(-0.999546550797,3.011133988191E-02));
#3763 = ( GEOMETRIC_REPRESENTATION_CONTEXT(2) 
PARAMETRIC_REPRESENTATION_CONTEXT() REPRESENTATION_CONTEXT('2D SPACE',''
  ) );
#3764 = ORIENTED_EDGE('',*,*,#2513,.F.);
#3765 = ORIENTED_EDGE('',*,*,#2441,.T.);
#3766 = ORIENTED_EDGE('',*,*,#2192,.T.);
#3767 = ORIENTED_EDGE('',*,*,#3768,.F.);
#3768 = EDGE_CURVE('',#3769,#2150,#3771,.T.);
#3769 = VERTEX_POINT('',#3770);
#3770 = CARTESIAN_POINT('',(149.08966742566,-0.180972590741,
    -119.7363781424));
#3771 = SURFACE_CURVE('',#3772,(#3793,#3817),.PCURVE_S1.);
#3772 = B_SPLINE_CURVE_WITH_KNOTS('',7,(#3773,#3774,#3775,#3776,#3777,
    #3778,#3779,#3780,#3781,#3782,#3783,#3784,#3785,#3786,#3787,#3788,
    #3789,#3790,#3791,#3792),.UNSPECIFIED.,.F.,.F.,(8,6,6,8),(0.,
    0.26684394213,0.611788171588,1.),.UNSPECIFIED.);
#3773 = CARTESIAN_POINT('',(149.08966742566,-0.180972590741,
    -119.7363781424));
#3774 = CARTESIAN_POINT('',(149.08966716779,-0.640491816479,
    -119.7363781502));
#3775 = CARTESIAN_POINT('',(149.04024979043,-1.107656779791,
    -119.7378683081));
#3776 = CARTESIAN_POINT('',(148.9385894,-1.575564678835,-119.7409338295)
  );
#3777 = CARTESIAN_POINT('',(148.78381003642,-2.036924566291,
    -119.7456011287));
#3778 = CARTESIAN_POINT('',(148.57694170009,-2.484422195269,
    -119.7518391465));
#3779 = CARTESIAN_POINT('',(148.32114261894,-2.911223346283,
    -119.759552648));
#3780 = CARTESIAN_POINT('',(147.63573433201,-3.829195343133,
    -119.7802208138));
#3781 = CARTESIAN_POINT('',(147.17643717985,-4.303618278416,
    -119.7940707042));
#3782 = CARTESIAN_POINT('',(146.65658645399,-4.72191836596,
    -119.8097465594));
#3783 = CARTESIAN_POINT('',(146.0924005895,-5.07927392967,
    -119.8267593198));
#3784 = CARTESIAN_POINT('',(145.49974988753,-5.377267959932,
    -119.8446304241));
#3785 = CARTESIAN_POINT('',(144.89233935516,-5.622213334294,
    -119.8629466042));
#3786 = CARTESIAN_POINT('',(143.59186410843,-6.04651439215,
    -119.902161826));
#3787 = CARTESIAN_POINT('',(142.89699815194,-6.21400055352,
    -119.9231151834));
#3788 = CARTESIAN_POINT('',(142.20609768691,-6.336601915279,
    -119.9439489633));
#3789 = CARTESIAN_POINT('',(141.52400485419,-6.427132992372,
    -119.9645171531));
#3790 = CARTESIAN_POINT('',(140.85020881452,-6.495136712225,
    -119.9848351571));
#3791 = CARTESIAN_POINT('',(140.18148771955,-6.545907710993,
    -120.0050001284));
#3792 = CARTESIAN_POINT('',(139.51252764811,-6.580592337741,
    -120.025172306));
#3793 = PCURVE('',#1433,#3794);
#3794 = DEFINITIONAL_REPRESENTATION('',(#3795),#3816);
#3795 = B_SPLINE_CURVE_WITH_KNOTS('',7,(#3796,#3797,#3798,#3799,#3800,
    #3801,#3802,#3803,#3804,#3805,#3806,#3807,#3808,#3809,#3810,#3811,
    #3812,#3813,#3814,#3815),.UNSPECIFIED.,.F.,.F.,(8,6,6,8),(0.,
    0.26684394213,0.611788171588,1.),.UNSPECIFIED.);
#3796 = CARTESIAN_POINT('',(-18.6624560172,-1.360828670315E+04));
#3797 = CARTESIAN_POINT('',(-18.66245627519,-1.360874622238E+04));
#3798 = CARTESIAN_POINT('',(-18.71189611495,-1.360921338734E+04));
#3799 = CARTESIAN_POINT('',(-18.81360271456,-1.360968129524E+04));
#3800 = CARTESIAN_POINT('',(-18.96845243226,-1.361014265513E+04));
#3801 = CARTESIAN_POINT('',(-19.17541479947,-1.361059015276E+04));
#3802 = CARTESIAN_POINT('',(-19.43133015271,-1.361101695391E+04));
#3803 = CARTESIAN_POINT('',(-20.11704998826,-1.36119349259E+04));
#3804 = CARTESIAN_POINT('',(-20.57655591146,-1.361240934884E+04));
#3805 = CARTESIAN_POINT('',(-21.09664293264,-1.361282764893E+04));
#3806 = CARTESIAN_POINT('',(-21.66108524476,-1.361318500449E+04));
#3807 = CARTESIAN_POINT('',(-22.2540053329,-1.361348299852E+04));
#3808 = CARTESIAN_POINT('',(-22.86169196043,-1.361372794389E+04));
#3809 = CARTESIAN_POINT('',(-24.16275833114,-1.361415224495E+04));
#3810 = CARTESIAN_POINT('',(-24.85794013519,-1.361431973111E+04));
#3811 = CARTESIAN_POINT('',(-25.54915464527,-1.361444233248E+04));
#3812 = CARTESIAN_POINT('',(-26.23155751959,-1.361453286355E+04));
#3813 = CARTESIAN_POINT('',(-26.90565982961,-1.361460086727E+04));
#3814 = CARTESIAN_POINT('',(-27.57468488812,-1.361465163827E+04));
#3815 = CARTESIAN_POINT('',(-28.24394903174,-1.36146863229E+04));
#3816 = ( GEOMETRIC_REPRESENTATION_CONTEXT(2) 
PARAMETRIC_REPRESENTATION_CONTEXT() REPRESENTATION_CONTEXT('2D SPACE',''
  ) );
#3817 = PCURVE('',#2164,#3818);
#3818 = DEFINITIONAL_REPRESENTATION('',(#3819),#3840);
#3819 = B_SPLINE_CURVE_WITH_KNOTS('',7,(#3820,#3821,#3822,#3823,#3824,
    #3825,#3826,#3827,#3828,#3829,#3830,#3831,#3832,#3833,#3834,#3835,
    #3836,#3837,#3838,#3839),.UNSPECIFIED.,.F.,.F.,(8,6,6,8),(0.,
    0.26684394213,0.611788171588,1.),.UNSPECIFIED.);
#3820 = CARTESIAN_POINT('',(1.483444753801,0.617037643217));
#3821 = CARTESIAN_POINT('',(1.406537114151,0.618056134868));
#3822 = CARTESIAN_POINT('',(1.331029055227,0.621479112635));
#3823 = CARTESIAN_POINT('',(1.257104195186,0.627455044427));
#3824 = CARTESIAN_POINT('',(1.184842465031,0.63612315458));
#3825 = CARTESIAN_POINT('',(1.114322047754,0.647659480351));
#3826 = CARTESIAN_POINT('',(1.045709035249,0.662250582078));
#3827 = CARTESIAN_POINT('',(0.893534060391,0.702932667746));
#3828 = CARTESIAN_POINT('',(0.811313341064,0.731181467373));
#3829 = CARTESIAN_POINT('',(0.733471156602,0.76496682963));
#3830 = CARTESIAN_POINT('',(0.660436910755,0.804433284311));
#3831 = CARTESIAN_POINT('',(0.5929167813,0.849655364913));
#3832 = CARTESIAN_POINT('',(0.531687575954,0.900271137317));
#3833 = CARTESIAN_POINT('',(0.416203613288,1.017756777268));
#3834 = CARTESIAN_POINT('',(0.363732502045,1.085925062083));
#3835 = CARTESIAN_POINT('',(0.32042741898,1.15943183491));
#3836 = CARTESIAN_POINT('',(0.286862711176,1.237288491007));
#3837 = CARTESIAN_POINT('',(0.263305935272,1.318119836516));
#3838 = CARTESIAN_POINT('',(0.249739437149,1.400571736265));
#3839 = CARTESIAN_POINT('',(0.246125583102,1.483444753801));
#3840 = ( GEOMETRIC_REPRESENTATION_CONTEXT(2) 
PARAMETRIC_REPRESENTATION_CONTEXT() REPRESENTATION_CONTEXT('2D SPACE',''
  ) );
#3841 = ORIENTED_EDGE('',*,*,#3842,.T.);
#3842 = EDGE_CURVE('',#3769,#3843,#3845,.T.);
#3843 = VERTEX_POINT('',#3844);
#3844 = CARTESIAN_POINT('',(149.08966810775,0.203274625193,
    -119.7363781219));
#3845 = SURFACE_CURVE('',#3846,(#3850,#3857),.PCURVE_S1.);
#3846 = LINE('',#3847,#3848);
#3847 = CARTESIAN_POINT('',(149.08966810775,-6.260039395365,
    -119.7363781219));
#3848 = VECTOR('',#3849,1.);
#3849 = DIRECTION('',(1.110223024625E-16,1.,1.224646799147E-16));
#3850 = PCURVE('',#1433,#3851);
#3851 = DEFINITIONAL_REPRESENTATION('',(#3852),#3856);
#3852 = LINE('',#3853,#3854);
#3853 = CARTESIAN_POINT('',(-18.6624553348,-1.361436576996E+04));
#3854 = VECTOR('',#3855,1.);
#3855 = DIRECTION('',(3.691187244759E-18,1.));
#3856 = ( GEOMETRIC_REPRESENTATION_CONTEXT(2) 
PARAMETRIC_REPRESENTATION_CONTEXT() REPRESENTATION_CONTEXT('2D SPACE',''
  ) );
#3857 = PCURVE('',#2061,#3858);
#3858 = DEFINITIONAL_REPRESENTATION('',(#3859),#3862);
#3859 = B_SPLINE_CURVE_WITH_KNOTS('',1,(#3860,#3861),.UNSPECIFIED.,.F.,
  .F.,(2,2),(6.079066682664,6.463314020559),.PIECEWISE_BEZIER_KNOTS.);
#3860 = CARTESIAN_POINT('',(-0.617018662021,6.079066682664));
#3861 = CARTESIAN_POINT('',(-0.617018662021,6.463314020559));
#3862 = ( GEOMETRIC_REPRESENTATION_CONTEXT(2) 
PARAMETRIC_REPRESENTATION_CONTEXT() REPRESENTATION_CONTEXT('2D SPACE',''
  ) );
#3863 = ORIENTED_EDGE('',*,*,#3864,.T.);
#3864 = EDGE_CURVE('',#3843,#1806,#3865,.T.);
#3865 = SURFACE_CURVE('',#3866,(#3887,#3911),.PCURVE_S1.);
#3866 = B_SPLINE_CURVE_WITH_KNOTS('',7,(#3867,#3868,#3869,#3870,#3871,
    #3872,#3873,#3874,#3875,#3876,#3877,#3878,#3879,#3880,#3881,#3882,
    #3883,#3884,#3885,#3886),.UNSPECIFIED.,.F.,.F.,(8,6,6,8),(0.,
    0.266586373618,0.610882351722,1.),.UNSPECIFIED.);
#3867 = CARTESIAN_POINT('',(149.08966788022,0.203274625782,
    -119.7363781287));
#3868 = CARTESIAN_POINT('',(149.0896678209,0.660945594265,
    -119.7363781305));
#3869 = CARTESIAN_POINT('',(149.04046361189,1.126198313997,
    -119.7378618604));
#3870 = CARTESIAN_POINT('',(148.93923050692,1.592203549011,
    -119.7409144972));
#3871 = CARTESIAN_POINT('',(148.78506369438,2.051734507818,
    -119.7455633253));
#3872 = CARTESIAN_POINT('',(148.57894309784,2.497525437656,
    -119.7517787953));
#3873 = CARTESIAN_POINT('',(148.32396429237,2.922772538943,
    -119.7594675617));
#3874 = CARTESIAN_POINT('',(147.64080261043,3.83709123554,
    -119.7800679822));
#3875 = CARTESIAN_POINT('',(147.18306503962,4.309609720538,
    -119.7938708442));
#3876 = CARTESIAN_POINT('',(146.66476585295,4.726385878175,
    -119.8094999134));
#3877 = CARTESIAN_POINT('',(146.1020008299,5.082550064749,
    -119.8264698291));
#3878 = CARTESIAN_POINT('',(145.51057816908,5.379617081899,
    -119.8443039023));
#3879 = CARTESIAN_POINT('',(144.90421261779,5.623842878768,
    -119.8625885715));
#3880 = CARTESIAN_POINT('',(143.60282321116,6.047909502413,
    -119.9018313594));
#3881 = CARTESIAN_POINT('',(142.90591991634,6.215441003944,
    -119.9228461518));
#3882 = CARTESIAN_POINT('',(142.21298803817,6.337918063101,
    -119.943741188));
#3883 = CARTESIAN_POINT('',(141.52898203524,6.428311320581,
    -119.9643670686));
#3884 = CARTESIAN_POINT('',(140.85339697333,6.49622075335,
    -119.9847390196));
#3885 = CARTESIAN_POINT('',(140.18297866314,6.546966594262,
    -120.0049551697));
#3886 = CARTESIAN_POINT('',(139.51235103051,6.581724240229,
    -120.0251776318));
#3887 = PCURVE('',#1433,#3888);
#3888 = DEFINITIONAL_REPRESENTATION('',(#3889),#3910);
#3889 = B_SPLINE_CURVE_WITH_KNOTS('',7,(#3890,#3891,#3892,#3893,#3894,
    #3895,#3896,#3897,#3898,#3899,#3900,#3901,#3902,#3903,#3904,#3905,
    #3906,#3907,#3908,#3909),.UNSPECIFIED.,.F.,.F.,(8,6,6,8),(0.,
    0.266586373618,0.610882351722,1.),.UNSPECIFIED.);
#3890 = CARTESIAN_POINT('',(-18.66245556244,-1.360790245593E+04));
#3891 = CARTESIAN_POINT('',(-18.66245562178,-1.360744478497E+04));
#3892 = CARTESIAN_POINT('',(-18.7116821963,-1.360697953225E+04));
#3893 = CARTESIAN_POINT('',(-18.81296131623,-1.360651352701E+04));
#3894 = CARTESIAN_POINT('',(-18.96719820446,-1.360605399605E+04));
#3895 = CARTESIAN_POINT('',(-19.173412492,-1.360560820512E+04));
#3896 = CARTESIAN_POINT('',(-19.4285071967,-1.360518295802E+04));
#3897 = CARTESIAN_POINT('',(-20.11197940608,-1.360426863932E+04));
#3898 = CARTESIAN_POINT('',(-20.56992503903,-1.360379612084E+04));
#3899 = CARTESIAN_POINT('',(-21.08845981578,-1.360337934468E+04));
#3900 = CARTESIAN_POINT('',(-21.65148064063,-1.36030231805E+04));
#3901 = CARTESIAN_POINT('',(-22.24317212941,-1.360272611348E+04));
#3902 = CARTESIAN_POINT('',(-22.84981330087,-1.360248188768E+04));
#3903 = CARTESIAN_POINT('',(-24.15179424701,-1.360205782106E+04));
#3904 = CARTESIAN_POINT('',(-24.84901431544,-1.360189028956E+04));
#3905 = CARTESIAN_POINT('',(-25.54226116204,-1.36017678125E+04));
#3906 = CARTESIAN_POINT('',(-26.2265780762,-1.360167741924E+04));
#3907 = CARTESIAN_POINT('',(-26.90247022164,-1.360160950981E+04));
#3908 = CARTESIAN_POINT('',(-27.57319326684,-1.360155876397E+04));
#3909 = CARTESIAN_POINT('',(-28.24412572962,-1.360152400632E+04));
#3910 = ( GEOMETRIC_REPRESENTATION_CONTEXT(2) 
PARAMETRIC_REPRESENTATION_CONTEXT() REPRESENTATION_CONTEXT('2D SPACE',''
  ) );
#3911 = PCURVE('',#1858,#3912);
#3912 = DEFINITIONAL_REPRESENTATION('',(#3913),#3934);
#3913 = B_SPLINE_CURVE_WITH_KNOTS('',7,(#3914,#3915,#3916,#3917,#3918,
    #3919,#3920,#3921,#3922,#3923,#3924,#3925,#3926,#3927,#3928,#3929,
    #3930,#3931,#3932,#3933),.UNSPECIFIED.,.F.,.F.,(8,6,6,8),(0.,
    0.266586373618,0.610882351722,1.),.UNSPECIFIED.);
#3914 = CARTESIAN_POINT('',(1.483444753801,0.61707032322));
#3915 = CARTESIAN_POINT('',(1.406563913051,0.618084786347));
#3916 = CARTESIAN_POINT('',(1.331076963678,0.621493496895));
#3917 = CARTESIAN_POINT('',(1.257163742854,0.627444838781));
#3918 = CARTESIAN_POINT('',(1.184902991396,0.636078567383));
#3919 = CARTESIAN_POINT('',(1.114372562009,0.647571408684));
#3920 = CARTESIAN_POINT('',(1.045738491672,0.662110968987));
#3921 = CARTESIAN_POINT('',(0.893570246333,0.702640676435));
#3922 = CARTESIAN_POINT('',(0.811362470592,0.730775257154));
#3923 = CARTESIAN_POINT('',(0.733515505089,0.76442971125));
#3924 = CARTESIAN_POINT('',(0.660466130034,0.803751047236));
#3925 = CARTESIAN_POINT('',(0.592927669904,0.848817733569));
#3926 = CARTESIAN_POINT('',(0.53168456783,0.899273482837));
#3927 = CARTESIAN_POINT('',(0.41592360016,1.016670906322));
#3928 = CARTESIAN_POINT('',(0.363264618366,1.084959606867));
#3929 = CARTESIAN_POINT('',(0.319854286072,1.158625778795));
#3930 = CARTESIAN_POINT('',(0.286258208708,1.236671893383));
#3931 = CARTESIAN_POINT('',(0.262708557413,1.317706605172));
#3932 = CARTESIAN_POINT('',(0.249147316735,1.400364086583));
#3933 = CARTESIAN_POINT('',(0.245523148517,1.483444753801));
#3934 = ( GEOMETRIC_REPRESENTATION_CONTEXT(2) 
PARAMETRIC_REPRESENTATION_CONTEXT() REPRESENTATION_CONTEXT('2D SPACE',''
  ) );
#3935 = ORIENTED_EDGE('',*,*,#1805,.F.);
#3936 = ORIENTED_EDGE('',*,*,#1581,.F.);
#3937 = ORIENTED_EDGE('',*,*,#1417,.F.);
#3938 = ADVANCED_FACE('',(#3939),#1656,.F.);
#3939 = FACE_BOUND('',#3940,.F.);
#3940 = EDGE_LOOP('',(#3941,#3969,#3970));
#3941 = ORIENTED_EDGE('',*,*,#3942,.T.);
#3942 = EDGE_CURVE('',#2998,#1610,#3943,.T.);
#3943 = SURFACE_CURVE('',#3944,(#3952,#3958),.PCURVE_S1.);
#3944 = ( BOUNDED_CURVE() B_SPLINE_CURVE(6,(#3945,#3946,#3947,#3948,
#3949,#3950,#3951),.UNSPECIFIED.,.F.,.F.) B_SPLINE_CURVE_WITH_KNOTS((7,7
),(0.,1.483444753801),.PIECEWISE_BEZIER_KNOTS.) CURVE() 
GEOMETRIC_REPRESENTATION_ITEM() RATIONAL_B_SPLINE_CURVE((1.,1.,1.,1.,1.,
1.,1.)) REPRESENTATION_ITEM('') );
#3945 = CARTESIAN_POINT('',(151.79026494459,0.126647052524,
    -103.6484125717));
#3946 = CARTESIAN_POINT('',(151.59976358419,0.129001239242,
    -105.8258531486));
#3947 = CARTESIAN_POINT('',(150.76365554974,0.135314874109,
    -107.9467807641));
#3948 = CARTESIAN_POINT('',(149.30210210664,0.147342387326,
    -109.7736175883));
#3949 = CARTESIAN_POINT('',(147.35461947081,0.165114457034,
    -111.0734727226));
#3950 = CARTESIAN_POINT('',(145.1666071534,0.187719921592,
    -111.7227653535));
#3951 = CARTESIAN_POINT('',(142.97865513573,0.214528337754,
    -111.7227653535));
#3952 = PCURVE('',#1656,#3953);
#3953 = DEFINITIONAL_REPRESENTATION('',(#3954),#3957);
#3954 = B_SPLINE_CURVE_WITH_KNOTS('',1,(#3955,#3956),.UNSPECIFIED.,.F.,
  .F.,(2,2),(0.425274495949,1.483444753801),.PIECEWISE_BEZIER_KNOTS.);
#3955 = CARTESIAN_POINT('',(1.483444753801,0.425274495949));
#3956 = CARTESIAN_POINT('',(1.483444753801,1.483444753801));
#3957 = ( GEOMETRIC_REPRESENTATION_CONTEXT(2) 
PARAMETRIC_REPRESENTATION_CONTEXT() REPRESENTATION_CONTEXT('2D SPACE',''
  ) );
#3958 = PCURVE('',#1770,#3959);
#3959 = DEFINITIONAL_REPRESENTATION('',(#3960),#3968);
#3960 = B_SPLINE_CURVE_WITH_KNOTS('',6,(#3961,#3962,#3963,#3964,#3965,
    #3966,#3967),.UNSPECIFIED.,.F.,.F.,(7,7),(0.425274495949,
    1.483444753801),.PIECEWISE_BEZIER_KNOTS.);
#3961 = CARTESIAN_POINT('',(-0.425099484354,6.1238003953));
#3962 = CARTESIAN_POINT('',(-0.601419141334,6.117314405599));
#3963 = CARTESIAN_POINT('',(-0.777776904197,6.10818356859));
#3964 = CARTESIAN_POINT('',(-0.954182373608,6.096235444281));
#3965 = CARTESIAN_POINT('',(-1.130628006922,6.081618430037));
#3966 = CARTESIAN_POINT('',(-1.307084225025,6.064634027018));
#3967 = CARTESIAN_POINT('',(-1.483529866734,6.045511057612));
#3968 = ( GEOMETRIC_REPRESENTATION_CONTEXT(2) 
PARAMETRIC_REPRESENTATION_CONTEXT() REPRESENTATION_CONTEXT('2D SPACE',''
  ) );
#3969 = ORIENTED_EDGE('',*,*,#1641,.F.);
#3970 = ORIENTED_EDGE('',*,*,#3019,.F.);
#3971 = ADVANCED_FACE('',(#3972),#1770,.F.);
#3972 = FACE_BOUND('',#3973,.T.);
#3973 = EDGE_LOOP('',(#3974,#3975,#3976,#4004));
#3974 = ORIENTED_EDGE('',*,*,#3942,.T.);
#3975 = ORIENTED_EDGE('',*,*,#1754,.T.);
#3976 = ORIENTED_EDGE('',*,*,#3977,.F.);
#3977 = EDGE_CURVE('',#2915,#1755,#3978,.T.);
#3978 = SURFACE_CURVE('',#3979,(#3987,#3998),.PCURVE_S1.);
#3979 = ( BOUNDED_CURVE() B_SPLINE_CURVE(6,(#3980,#3981,#3982,#3983,
#3984,#3985,#3986),.UNSPECIFIED.,.F.,.F.) B_SPLINE_CURVE_WITH_KNOTS((7,7
),(0.,1.483444753801),.PIECEWISE_BEZIER_KNOTS.) CURVE() 
GEOMETRIC_REPRESENTATION_ITEM() RATIONAL_B_SPLINE_CURVE((1.,1.,1.,1.,1.,
1.,1.)) REPRESENTATION_ITEM('') );
#3980 = CARTESIAN_POINT('',(151.79026494459,-0.173968118098,
    -103.6484125717));
#3981 = CARTESIAN_POINT('',(151.59980658694,-0.176368935817,
    -105.8253616248));
#3982 = CARTESIAN_POINT('',(150.76402022306,-0.173877306759,
    -107.9458177838));
#3983 = CARTESIAN_POINT('',(149.30306306816,-0.172734031411,
    -109.7730855123));
#3984 = CARTESIAN_POINT('',(147.35494012461,-0.176887178795,
    -111.0735383582));
#3985 = CARTESIAN_POINT('',(145.16656294001,-0.1901009252,
    -111.7227653535));
#3986 = CARTESIAN_POINT('',(142.97865513573,-0.216935140713,
    -111.7227653535));
#3987 = PCURVE('',#1770,#3988);
#3988 = DEFINITIONAL_REPRESENTATION('',(#3989),#3997);
#3989 = B_SPLINE_CURVE_WITH_KNOTS('',6,(#3990,#3991,#3992,#3993,#3994,
    #3995,#3996),.UNSPECIFIED.,.F.,.F.,(7,7),(0.425346456801,
    1.483444753801),.PIECEWISE_BEZIER_KNOTS.);
#3990 = CARTESIAN_POINT('',(-0.425099855874,6.434838170187));
#3991 = CARTESIAN_POINT('',(-0.601393881225,6.434871110164));
#3992 = CARTESIAN_POINT('',(-0.777745407032,6.435578394467));
#3993 = CARTESIAN_POINT('',(-0.954165969674,6.438688107763));
#3994 = CARTESIAN_POINT('',(-1.13063530039,6.445623885432));
#3995 = CARTESIAN_POINT('',(-1.307099789519,6.457834465198));
#3996 = CARTESIAN_POINT('',(-1.483529866734,6.476974536079));
#3997 = ( GEOMETRIC_REPRESENTATION_CONTEXT(2) 
PARAMETRIC_REPRESENTATION_CONTEXT() REPRESENTATION_CONTEXT('2D SPACE',''
  ) );
#3998 = PCURVE('',#1982,#3999);
#3999 = DEFINITIONAL_REPRESENTATION('',(#4000),#4003);
#4000 = B_SPLINE_CURVE_WITH_KNOTS('',1,(#4001,#4002),.UNSPECIFIED.,.F.,
  .F.,(2,2),(0.425346456801,1.483444753801),.PIECEWISE_BEZIER_KNOTS.);
#4001 = CARTESIAN_POINT('',(1.483444753801,0.425346456801));
#4002 = CARTESIAN_POINT('',(1.483444753801,1.483444753801));
#4003 = ( GEOMETRIC_REPRESENTATION_CONTEXT(2) 
PARAMETRIC_REPRESENTATION_CONTEXT() REPRESENTATION_CONTEXT('2D SPACE',''
  ) );
#4004 = ORIENTED_EDGE('',*,*,#2997,.F.);
#4005 = ADVANCED_FACE('',(#4006),#1858,.T.);
#4006 = FACE_BOUND('',#4007,.T.);
#4007 = EDGE_LOOP('',(#4008,#4038,#4039));
#4008 = ORIENTED_EDGE('',*,*,#4009,.T.);
#4009 = EDGE_CURVE('',#3843,#1844,#4010,.T.);
#4010 = SURFACE_CURVE('',#4011,(#4020,#4026),.PCURVE_S1.);
#4011 = ( BOUNDED_CURVE() B_SPLINE_CURVE(7,(#4012,#4013,#4014,#4015,
    #4016,#4017,#4018,#4019),.UNSPECIFIED.,.F.,.F.) 
B_SPLINE_CURVE_WITH_KNOTS((8,8),(2.241522952521E-16,1.483444753801),
.PIECEWISE_BEZIER_KNOTS.) CURVE() GEOMETRIC_REPRESENTATION_ITEM() 
RATIONAL_B_SPLINE_CURVE((1.,1.,1.,1.,1.,1.,1.,1.)) REPRESENTATION_ITEM(
  '') );
#4012 = CARTESIAN_POINT('',(152.11630231985,0.159528088623,
    -126.9802012996));
#4013 = CARTESIAN_POINT('',(151.8775754436,0.164925930698,
    -124.2515405383));
#4014 = CARTESIAN_POINT('',(150.96432446863,0.176274192154,
    -121.5818084985));
#4015 = CARTESIAN_POINT('',(149.39408007043,0.196866572893,
    -119.1706590277));
#4016 = CARTESIAN_POINT('',(147.25737558672,0.228071276595,
    -117.2118359532));
#4017 = CARTESIAN_POINT('',(144.71780965766,0.269714087743,
    -115.8566643596));
#4018 = CARTESIAN_POINT('',(141.9775963503,0.32130505694,-115.1792241571
    ));
#4019 = CARTESIAN_POINT('',(139.23779567612,0.382615902974,
    -115.1792241571));
#4020 = PCURVE('',#1858,#4021);
#4021 = DEFINITIONAL_REPRESENTATION('',(#4022),#4025);
#4022 = B_SPLINE_CURVE_WITH_KNOTS('',1,(#4023,#4024),.UNSPECIFIED.,.F.,
  .F.,(2,2),(0.617070318471,1.483444753801),.PIECEWISE_BEZIER_KNOTS.);
#4023 = CARTESIAN_POINT('',(1.483444753801,0.617070318471));
#4024 = CARTESIAN_POINT('',(1.483444753801,1.483444753801));
#4025 = ( GEOMETRIC_REPRESENTATION_CONTEXT(2) 
PARAMETRIC_REPRESENTATION_CONTEXT() REPRESENTATION_CONTEXT('2D SPACE',''
  ) );
#4026 = PCURVE('',#2061,#4027);
#4027 = DEFINITIONAL_REPRESENTATION('',(#4028),#4037);
#4028 = B_SPLINE_CURVE_WITH_KNOTS('',7,(#4029,#4030,#4031,#4032,#4033,
    #4034,#4035,#4036),.UNSPECIFIED.,.F.,.F.,(8,8),(0.617070318471,
    1.483444753801),.PIECEWISE_BEZIER_KNOTS.);
#4029 = CARTESIAN_POINT('',(-0.617018662021,6.463314020559));
#4030 = CARTESIAN_POINT('',(-0.74079614629,6.478646725225));
#4031 = CARTESIAN_POINT('',(-0.864582992424,6.497340027701));
#4032 = CARTESIAN_POINT('',(-0.988377268403,6.519530540699));
#4033 = CARTESIAN_POINT('',(-1.112174612035,6.545224924139));
#4034 = CARTESIAN_POINT('',(-1.2359690889,6.574356049758));
#4035 = CARTESIAN_POINT('',(-1.359755150387,6.606847999499));
#4036 = CARTESIAN_POINT('',(-1.483529866734,6.64265529834));
#4037 = ( GEOMETRIC_REPRESENTATION_CONTEXT(2) 
PARAMETRIC_REPRESENTATION_CONTEXT() REPRESENTATION_CONTEXT('2D SPACE',''
  ) );
#4038 = ORIENTED_EDGE('',*,*,#1843,.F.);
#4039 = ORIENTED_EDGE('',*,*,#3864,.F.);
#4040 = ADVANCED_FACE('',(#4041),#1982,.T.);
#4041 = FACE_BOUND('',#4042,.T.);
#4042 = EDGE_LOOP('',(#4043,#4044,#4045));
#4043 = ORIENTED_EDGE('',*,*,#3977,.T.);
#4044 = ORIENTED_EDGE('',*,*,#1969,.F.);
#4045 = ORIENTED_EDGE('',*,*,#2914,.F.);
#4046 = ADVANCED_FACE('',(#4047),#2061,.F.);
#4047 = FACE_BOUND('',#4048,.T.);
#4048 = EDGE_LOOP('',(#4049,#4077,#4078,#4079));
#4049 = ORIENTED_EDGE('',*,*,#4050,.T.);
#4050 = EDGE_CURVE('',#3769,#2016,#4051,.T.);
#4051 = SURFACE_CURVE('',#4052,(#4060,#4071),.PCURVE_S1.);
#4052 = ( BOUNDED_CURVE() B_SPLINE_CURVE(6,(#4053,#4054,#4055,#4056,
#4057,#4058,#4059),.UNSPECIFIED.,.F.,.F.) B_SPLINE_CURVE_WITH_KNOTS((7,7
    ),(1.238502270287E-17,1.483444753801),.PIECEWISE_BEZIER_KNOTS.) 
CURVE() GEOMETRIC_REPRESENTATION_ITEM() RATIONAL_B_SPLINE_CURVE((1.,1.,
1.,1.,1.,1.,1.)) REPRESENTATION_ITEM('') );
#4053 = CARTESIAN_POINT('',(152.11630231985,-0.127155338799,
    -126.9802012996));
#4054 = CARTESIAN_POINT('',(151.83776153657,-0.13342112632,
    -123.7964654852));
#4055 = CARTESIAN_POINT('',(150.61490487416,-0.153400578159,
    -120.6954728179));
#4056 = CARTESIAN_POINT('',(148.47712287887,-0.190185858669,
    -118.0255618167));
#4057 = CARTESIAN_POINT('',(145.63086216916,-0.242420158956,
    -116.127450459));
#4058 = CARTESIAN_POINT('',(142.43425838277,-0.306022251555,
    -115.1792241571));
#4059 = CARTESIAN_POINT('',(139.23779567612,-0.377496201303,
    -115.1792241571));
#4060 = PCURVE('',#2061,#4061);
#4061 = DEFINITIONAL_REPRESENTATION('',(#4062),#4070);
#4062 = B_SPLINE_CURVE_WITH_KNOTS('',6,(#4063,#4064,#4065,#4066,#4067,
    #4068,#4069),.UNSPECIFIED.,.F.,.F.,(7,7),(0.617037643217,
    1.483444753801),.PIECEWISE_BEZIER_KNOTS.);
#4063 = CARTESIAN_POINT('',(-0.617017851662,6.079066804624));
#4064 = CARTESIAN_POINT('',(-0.761429068418,6.057332672089));
#4065 = CARTESIAN_POINT('',(-0.905848358706,6.030555532505));
#4066 = CARTESIAN_POINT('',(-1.050273638809,5.999024324371));
#4067 = CARTESIAN_POINT('',(-1.19469958458,5.963346819303));
#4068 = CARTESIAN_POINT('',(-1.339119293315,5.924287612332));
#4069 = CARTESIAN_POINT('',(-1.483529866734,5.882543194062));
#4070 = ( GEOMETRIC_REPRESENTATION_CONTEXT(2) 
PARAMETRIC_REPRESENTATION_CONTEXT() REPRESENTATION_CONTEXT('2D SPACE',''
  ) );
#4071 = PCURVE('',#2164,#4072);
#4072 = DEFINITIONAL_REPRESENTATION('',(#4073),#4076);
#4073 = B_SPLINE_CURVE_WITH_KNOTS('',1,(#4074,#4075),.UNSPECIFIED.,.F.,
  .F.,(2,2),(0.617037643217,1.483444753801),.PIECEWISE_BEZIER_KNOTS.);
#4074 = CARTESIAN_POINT('',(1.483444753801,0.617037643217));
#4075 = CARTESIAN_POINT('',(1.483444753801,1.483444753801));
#4076 = ( GEOMETRIC_REPRESENTATION_CONTEXT(2) 
PARAMETRIC_REPRESENTATION_CONTEXT() REPRESENTATION_CONTEXT('2D SPACE',''
  ) );
#4077 = ORIENTED_EDGE('',*,*,#2047,.T.);
#4078 = ORIENTED_EDGE('',*,*,#4009,.F.);
#4079 = ORIENTED_EDGE('',*,*,#3842,.F.);
#4080 = ADVANCED_FACE('',(#4081),#2164,.F.);
#4081 = FACE_BOUND('',#4082,.F.);
#4082 = EDGE_LOOP('',(#4083,#4084,#4085));
#4083 = ORIENTED_EDGE('',*,*,#4050,.T.);
#4084 = ORIENTED_EDGE('',*,*,#2149,.F.);
#4085 = ORIENTED_EDGE('',*,*,#3768,.F.);
#4086 = ADVANCED_FACE('',(#4087),#2312,.F.);
#4087 = FACE_BOUND('',#4088,.F.);
#4088 = EDGE_LOOP('',(#4089,#4090,#4091,#4092,#4093,#4094,#4130,#4192));
#4089 = ORIENTED_EDGE('',*,*,#3744,.T.);
#4090 = ORIENTED_EDGE('',*,*,#2490,.F.);
#4091 = ORIENTED_EDGE('',*,*,#2414,.T.);
#4092 = ORIENTED_EDGE('',*,*,#2296,.T.);
#4093 = ORIENTED_EDGE('',*,*,#2888,.F.);
#4094 = ORIENTED_EDGE('',*,*,#4095,.T.);
#4095 = EDGE_CURVE('',#2889,#4096,#4098,.T.);
#4096 = VERTEX_POINT('',#4097);
#4097 = CARTESIAN_POINT('',(148.17165534412,-9.508330066296,
    -112.3820108859));
#4098 = SURFACE_CURVE('',#4099,(#4110,#4124),.PCURVE_S1.);
#4099 = ( BOUNDED_CURVE() B_SPLINE_CURVE(3,(#4100,#4101,#4102,#4103,
    #4104,#4105,#4106,#4107,#4108,#4109),.UNSPECIFIED.,.F.,.F.) 
B_SPLINE_CURVE_WITH_KNOTS((4,3,3,4),(-2.415625231679,0.,4.513902197165,
5.905517523815),.UNSPECIFIED.) CURVE() GEOMETRIC_REPRESENTATION_ITEM() 
RATIONAL_B_SPLINE_CURVE((1.,1.,1.,1.,1.,1.,1.,1.,1.,1.)) 
REPRESENTATION_ITEM('') );
#4100 = CARTESIAN_POINT('',(149.63538676006,-9.443502146574,
    -103.508336696));
#4101 = CARTESIAN_POINT('',(149.45680672412,-9.451411365512,
    -104.5542480947));
#4102 = CARTESIAN_POINT('',(149.28046879492,-9.459221282682,
    -105.6004198876));
#4103 = CARTESIAN_POINT('',(149.10615952985,-9.46694135135,
    -106.6468272859));
#4104 = CARTESIAN_POINT('',(148.77982509343,-9.481394537513,
    -108.608963927));
#4105 = CARTESIAN_POINT('',(148.44967740609,-9.496016610619,
    -110.6372478801));
#4106 = CARTESIAN_POINT('',(148.11521780173,-9.510829656336,
    -112.7356988311));
#4107 = CARTESIAN_POINT('',(148.01227768836,-9.515388821585,
    -113.3807209155));
#4108 = CARTESIAN_POINT('',(147.90998226461,-9.519919433859,
    -114.0258158171));
#4109 = CARTESIAN_POINT('',(147.80829808647,-9.524422974376,
    -114.6709797584));
#4110 = PCURVE('',#2312,#4111);
#4111 = DEFINITIONAL_REPRESENTATION('',(#4112),#4123);
#4112 = ( BOUNDED_CURVE() B_SPLINE_CURVE(3,(#4113,#4114,#4115,#4116,
    #4117,#4118,#4119,#4120,#4121,#4122),.UNSPECIFIED.,.F.,.F.) 
B_SPLINE_CURVE_WITH_KNOTS((4,3,3,4),(-2.415625231679,0.,4.513902197165,
5.905517523815),.UNSPECIFIED.) CURVE() GEOMETRIC_REPRESENTATION_ITEM() 
RATIONAL_B_SPLINE_CURVE((1.,1.,1.,1.,1.,1.,1.,1.,1.,1.)) 
REPRESENTATION_ITEM('') );
#4113 = CARTESIAN_POINT('',(82.905181979913,-1.361804838862E+04));
#4114 = CARTESIAN_POINT('',(82.72642688214,-1.361700247722E+04));
#4115 = CARTESIAN_POINT('',(82.549916089041,-1.361595630543E+04));
#4116 = CARTESIAN_POINT('',(82.375435948767,-1.361490989803E+04));
#4117 = CARTESIAN_POINT('',(82.048781607011,-1.361294776139E+04));
#4118 = CARTESIAN_POINT('',(81.718310276219,-1.361091947744E+04));
#4119 = CARTESIAN_POINT('',(81.383522801432,-1.360882102648E+04));
#4120 = CARTESIAN_POINT('',(81.280481775976,-1.36081760044E+04));
#4121 = CARTESIAN_POINT('',(81.178086072119,-1.36075309095E+04));
#4122 = CARTESIAN_POINT('',(81.076302213083,-1.360688574556E+04));
#4123 = ( GEOMETRIC_REPRESENTATION_CONTEXT(2) 
PARAMETRIC_REPRESENTATION_CONTEXT() REPRESENTATION_CONTEXT('2D SPACE',''
  ) );
#4124 = PCURVE('',#3362,#4125);
#4125 = DEFINITIONAL_REPRESENTATION('',(#4126),#4129);
#4126 = B_SPLINE_CURVE_WITH_KNOTS('',1,(#4127,#4128),.UNSPECIFIED.,.F.,
  .F.,(2,2),(0.39505195886,4.259822698708),.PIECEWISE_BEZIER_KNOTS.);
#4127 = CARTESIAN_POINT('',(0.,0.39505195886));
#4128 = CARTESIAN_POINT('',(0.,4.259822698708));
#4129 = ( GEOMETRIC_REPRESENTATION_CONTEXT(2) 
PARAMETRIC_REPRESENTATION_CONTEXT() REPRESENTATION_CONTEXT('2D SPACE',''
  ) );
#4130 = ORIENTED_EDGE('',*,*,#4131,.F.);
#4131 = EDGE_CURVE('',#4132,#4096,#4134,.T.);
#4132 = VERTEX_POINT('',#4133);
#4133 = CARTESIAN_POINT('',(148.17165534421,-9.508330066293,
    -114.5199786247));
#4134 = SURFACE_CURVE('',#4135,(#4145,#4158),.PCURVE_S1.);
#4135 = ( BOUNDED_CURVE() B_SPLINE_CURVE(8,(#4136,#4137,#4138,#4139,
    #4140,#4141,#4142,#4143,#4144),.UNSPECIFIED.,.F.,.F.) 
B_SPLINE_CURVE_WITH_KNOTS((9,9),(0.,1.),.PIECEWISE_BEZIER_KNOTS.) CURVE(
) GEOMETRIC_REPRESENTATION_ITEM() RATIONAL_B_SPLINE_CURVE((1.,1.,1.,1.,
1.,1.,1.,1.,1.)) REPRESENTATION_ITEM('') );
#4136 = CARTESIAN_POINT('',(148.17165534421,-9.508330066293,
    -114.5199786247));
#4137 = CARTESIAN_POINT('',(148.15641395287,-9.509005099761,
    -114.3849749079));
#4138 = CARTESIAN_POINT('',(148.13052852702,-9.510151552102,
    -114.1352117805));
#4139 = CARTESIAN_POINT('',(148.10625538063,-9.511226597405,
    -113.8235549559));
#4140 = CARTESIAN_POINT('',(148.09273200585,-9.511825540797,
    -113.4509947838));
#4141 = CARTESIAN_POINT('',(148.10625538048,-9.511226597412,
    -113.0784345129));
#4142 = CARTESIAN_POINT('',(148.13052852698,-9.510151552104,
    -112.7667777477));
#4143 = CARTESIAN_POINT('',(148.15641395288,-9.50900509976,
    -112.5170146017));
#4144 = CARTESIAN_POINT('',(148.17165534412,-9.508330066296,
    -112.3820108859));
#4145 = PCURVE('',#2312,#4146);
#4146 = DEFINITIONAL_REPRESENTATION('',(#4147),#4157);
#4147 = ( BOUNDED_CURVE() B_SPLINE_CURVE(8,(#4148,#4149,#4150,#4151,
    #4152,#4153,#4154,#4155,#4156),.UNSPECIFIED.,.F.,.F.) 
B_SPLINE_CURVE_WITH_KNOTS((9,9),(0.,1.),.PIECEWISE_BEZIER_KNOTS.) CURVE(
) GEOMETRIC_REPRESENTATION_ITEM() RATIONAL_B_SPLINE_CURVE((1.,1.,1.,1.,
1.,1.,1.,1.,1.)) REPRESENTATION_ITEM('') );
#4148 = CARTESIAN_POINT('',(81.440015669583,-1.360703674669E+04));
#4149 = CARTESIAN_POINT('',(81.42475933712,-1.360717175041E+04));
#4150 = CARTESIAN_POINT('',(81.398848535817,-1.360742151353E+04));
#4151 = CARTESIAN_POINT('',(81.374551594485,-1.360773317036E+04));
#4152 = CARTESIAN_POINT('',(81.361014962749,-1.360810573053E+04));
#4153 = CARTESIAN_POINT('',(81.37455159433,-1.36084782908E+04));
#4154 = CARTESIAN_POINT('',(81.398848535773,-1.360878994757E+04));
#4155 = CARTESIAN_POINT('',(81.424759337132,-1.360903971071E+04));
#4156 = CARTESIAN_POINT('',(81.440015669495,-1.360917471443E+04));
#4157 = ( GEOMETRIC_REPRESENTATION_CONTEXT(2) 
PARAMETRIC_REPRESENTATION_CONTEXT() REPRESENTATION_CONTEXT('2D SPACE',''
  ) );
#4158 = PCURVE('',#4159,#4187);
#4159 = ( BOUNDED_SURFACE() B_SPLINE_SURFACE(2,8,(
    (#4160,#4161,#4162,#4163,#4164,#4165,#4166,#4167,#4168)
    ,(#4169,#4170,#4171,#4172,#4173,#4174,#4175,#4176,#4177)
    ,(#4178,#4179,#4180,#4181,#4182,#4183,#4184,#4185,#4186
)),.UNSPECIFIED.,.F.,.F.,.F.) B_SPLINE_SURFACE_WITH_KNOTS((3,3),(9,9),(
    0.,1.),(0.,1.),.PIECEWISE_BEZIER_KNOTS.) 
GEOMETRIC_REPRESENTATION_ITEM() RATIONAL_B_SPLINE_SURFACE((
    (1.,1.,1.,1.,1.,1.,1.,1.,1.)
    ,(0.957761631754,0.957761631754,0.957761631747,0.957761631771
      ,0.957761631736,0.957761631762,0.957761631754,0.957761631753
      ,0.957761631753)
,(1.,1.,1.,1.,1.,1.,1.,1.,1.))) REPRESENTATION_ITEM('') SURFACE() );
#4160 = CARTESIAN_POINT('',(148.17165534421,-9.508330066293,
    -114.5199786247));
#4161 = CARTESIAN_POINT('',(148.15641395287,-9.509005099761,
    -114.3849749079));
#4162 = CARTESIAN_POINT('',(148.13052852702,-9.510151552102,
    -114.1352117805));
#4163 = CARTESIAN_POINT('',(148.10625538063,-9.511226597405,
    -113.8235549559));
#4164 = CARTESIAN_POINT('',(148.09273200585,-9.511825540797,
    -113.4509947838));
#4165 = CARTESIAN_POINT('',(148.10625538048,-9.511226597412,
    -113.0784345129));
#4166 = CARTESIAN_POINT('',(148.13052852698,-9.510151552104,
    -112.7667777477));
#4167 = CARTESIAN_POINT('',(148.15641395288,-9.50900509976,
    -112.5170146017));
#4168 = CARTESIAN_POINT('',(148.17165534412,-9.508330066296,
    -112.3820108859));
#4169 = CARTESIAN_POINT('',(153.32271212348,-9.280192382197,
    -113.9373037572));
#4170 = CARTESIAN_POINT('',(153.31577841192,-9.280499472754,-113.875887)
  );
#4171 = CARTESIAN_POINT('',(153.30400244795,-9.281021023954,
    -113.7622631552));
#4172 = CARTESIAN_POINT('',(153.2929599522,-9.281510091353,
    -113.6204822326));
#4173 = CARTESIAN_POINT('',(153.28680781209,-9.28178256522,
    -113.4509947682));
#4174 = CARTESIAN_POINT('',(153.29295995221,-9.281510091037,
    -113.281507259));
#4175 = CARTESIAN_POINT('',(153.30400244787,-9.281021024196,
    -113.1397263633));
#4176 = CARTESIAN_POINT('',(153.31577841193,-9.280499472732,
    -113.0261025102));
#4177 = CARTESIAN_POINT('',(153.32271212345,-9.280192382176,
    -112.9646857534));
#4178 = CARTESIAN_POINT('',(157.74832566841,-11.94522353643,
    -113.4509947553));
#4179 = CARTESIAN_POINT('',(157.74832566841,-11.94522353643,
    -113.4509947553));
#4180 = CARTESIAN_POINT('',(157.74832566841,-11.94522353643,
    -113.4509947553));
#4181 = CARTESIAN_POINT('',(157.74832566841,-11.94522353643,
    -113.4509947553));
#4182 = CARTESIAN_POINT('',(157.74832566841,-11.94522353644,
    -113.4509947553));
#4183 = CARTESIAN_POINT('',(157.74832566841,-11.94522353643,
    -113.4509947553));
#4184 = CARTESIAN_POINT('',(157.74832566841,-11.94522353643,
    -113.4509947553));
#4185 = CARTESIAN_POINT('',(157.74832566841,-11.94522353643,
    -113.4509947553));
#4186 = CARTESIAN_POINT('',(157.74832566841,-11.94522353643,
    -113.4509947553));
#4187 = DEFINITIONAL_REPRESENTATION('',(#4188),#4191);
#4188 = B_SPLINE_CURVE_WITH_KNOTS('',1,(#4189,#4190),.UNSPECIFIED.,.F.,
  .F.,(2,2),(0.,1.),.PIECEWISE_BEZIER_KNOTS.);
#4189 = CARTESIAN_POINT('',(0.,0.));
#4190 = CARTESIAN_POINT('',(0.,1.));
#4191 = ( GEOMETRIC_REPRESENTATION_CONTEXT(2) 
PARAMETRIC_REPRESENTATION_CONTEXT() REPRESENTATION_CONTEXT('2D SPACE',''
  ) );
#4192 = ORIENTED_EDGE('',*,*,#4193,.T.);
#4193 = EDGE_CURVE('',#4132,#3634,#4194,.T.);
#4194 = SURFACE_CURVE('',#4195,(#4206,#4220),.PCURVE_S1.);
#4195 = ( BOUNDED_CURVE() B_SPLINE_CURVE(3,(#4196,#4197,#4198,#4199,
    #4200,#4201,#4202,#4203,#4204,#4205),.UNSPECIFIED.,.F.,.F.) 
B_SPLINE_CURVE_WITH_KNOTS((4,3,3,4),(-1.39161532665,0.,4.513902197165,
6.929527428843),.UNSPECIFIED.) CURVE() GEOMETRIC_REPRESENTATION_ITEM() 
RATIONAL_B_SPLINE_CURVE((1.,1.,1.,1.,1.,1.,1.,1.,1.,1.)) 
REPRESENTATION_ITEM('') );
#4196 = CARTESIAN_POINT('',(147.80829808649,-9.524422974375,
    -112.2310097522));
#4197 = CARTESIAN_POINT('',(147.90998226462,-9.519919433858,
    -112.8761736934));
#4198 = CARTESIAN_POINT('',(148.01227768836,-9.515388821585,
    -113.521268595));
#4199 = CARTESIAN_POINT('',(148.11521780173,-9.510829656336,
    -114.1662906795));
#4200 = CARTESIAN_POINT('',(148.44967740609,-9.496016610619,
    -116.2647416305));
#4201 = CARTESIAN_POINT('',(148.77982509343,-9.481394537513,
    -118.2930255835));
#4202 = CARTESIAN_POINT('',(149.10615952985,-9.46694135135,
    -120.2551622246));
#4203 = CARTESIAN_POINT('',(149.28046879492,-9.459221282682,
    -121.301569623));
#4204 = CARTESIAN_POINT('',(149.45680672415,-9.45141136551,
    -122.3477414159));
#4205 = CARTESIAN_POINT('',(149.63538676009,-9.443502146573,
    -123.3936528145));
#4206 = PCURVE('',#2312,#4207);
#4207 = DEFINITIONAL_REPRESENTATION('',(#4208),#4219);
#4208 = ( BOUNDED_CURVE() B_SPLINE_CURVE(3,(#4209,#4210,#4211,#4212,
    #4213,#4214,#4215,#4216,#4217,#4218),.UNSPECIFIED.,.F.,.F.) 
B_SPLINE_CURVE_WITH_KNOTS((4,3,3,4),(-1.39161532665,0.,4.513902197165,
6.929527428843),.UNSPECIFIED.) CURVE() GEOMETRIC_REPRESENTATION_ITEM() 
RATIONAL_B_SPLINE_CURVE((1.,1.,1.,1.,1.,1.,1.,1.,1.,1.)) 
REPRESENTATION_ITEM('') );
#4209 = CARTESIAN_POINT('',(81.076302213097,-1.360932571556E+04));
#4210 = CARTESIAN_POINT('',(81.178086072134,-1.360868055162E+04));
#4211 = CARTESIAN_POINT('',(81.280481775976,-1.360803545672E+04));
#4212 = CARTESIAN_POINT('',(81.383522801432,-1.360739043464E+04));
#4213 = CARTESIAN_POINT('',(81.718310276219,-1.360529198368E+04));
#4214 = CARTESIAN_POINT('',(82.048781607011,-1.360326369973E+04));
#4215 = CARTESIAN_POINT('',(82.375435948767,-1.360130156309E+04));
#4216 = CARTESIAN_POINT('',(82.549916089041,-1.360025515569E+04));
#4217 = CARTESIAN_POINT('',(82.726426882165,-1.35992089839E+04));
#4218 = CARTESIAN_POINT('',(82.905181979938,-1.35981630725E+04));
#4219 = ( GEOMETRIC_REPRESENTATION_CONTEXT(2) 
PARAMETRIC_REPRESENTATION_CONTEXT() REPRESENTATION_CONTEXT('2D SPACE',''
  ) );
#4220 = PCURVE('',#3687,#4221);
#4221 = DEFINITIONAL_REPRESENTATION('',(#4222),#4225);
#4222 = B_SPLINE_CURVE_WITH_KNOTS('',1,(#4223,#4224),.UNSPECIFIED.,.F.,
  .F.,(2,2),(0.254079498457,4.118850238304),.PIECEWISE_BEZIER_KNOTS.);
#4223 = CARTESIAN_POINT('',(0.,0.254079498457));
#4224 = CARTESIAN_POINT('',(0.,4.118850238304));
#4225 = ( GEOMETRIC_REPRESENTATION_CONTEXT(2) 
PARAMETRIC_REPRESENTATION_CONTEXT() REPRESENTATION_CONTEXT('2D SPACE',''
  ) );
#4226 = ADVANCED_FACE('',(#4227,#4230),#2577,.T.);
#4227 = FACE_BOUND('',#4228,.T.);
#4228 = EDGE_LOOP('',(#4229));
#4229 = ORIENTED_EDGE('',*,*,#2615,.F.);
#4230 = FACE_BOUND('',#4231,.T.);
#4231 = EDGE_LOOP('',(#4232));
#4232 = ORIENTED_EDGE('',*,*,#2562,.T.);
#4233 = ADVANCED_FACE('',(#4234),#2848,.F.);
#4234 = FACE_BOUND('',#4235,.F.);
#4235 = EDGE_LOOP('',(#4236,#4257,#4258,#4259));
#4236 = ORIENTED_EDGE('',*,*,#4237,.F.);
#4237 = EDGE_CURVE('',#2759,#4238,#4240,.T.);
#4238 = VERTEX_POINT('',#4239);
#4239 = CARTESIAN_POINT('',(157.74832569038,11.94522354942,
    -113.4509947553));
#4240 = SURFACE_CURVE('',#4241,(#4245,#4251),.PCURVE_S1.);
#4241 = ( BOUNDED_CURVE() B_SPLINE_CURVE(2,(#4242,#4243,#4244),
.UNSPECIFIED.,.F.,.F.) B_SPLINE_CURVE_WITH_KNOTS((3,3),(0.,1.),
.PIECEWISE_BEZIER_KNOTS.) CURVE() GEOMETRIC_REPRESENTATION_ITEM() 
RATIONAL_B_SPLINE_CURVE((1.,0.957761631753,1.)) REPRESENTATION_ITEM('') 
  );
#4242 = CARTESIAN_POINT('',(148.17165534412,9.508330066296,
    -114.5199786247));
#4243 = CARTESIAN_POINT('',(153.32271212345,9.280192382176,
    -113.9373037572));
#4244 = CARTESIAN_POINT('',(157.74832566841,11.945223536437,
    -113.4509947553));
#4245 = PCURVE('',#2848,#4246);
#4246 = DEFINITIONAL_REPRESENTATION('',(#4247),#4250);
#4247 = B_SPLINE_CURVE_WITH_KNOTS('',1,(#4248,#4249),.UNSPECIFIED.,.F.,
  .F.,(2,2),(0.,1.),.PIECEWISE_BEZIER_KNOTS.);
#4248 = CARTESIAN_POINT('',(8.321142755493,0.254079498457));
#4249 = CARTESIAN_POINT('',(0.,0.254079498457));
#4250 = ( GEOMETRIC_REPRESENTATION_CONTEXT(2) 
PARAMETRIC_REPRESENTATION_CONTEXT() REPRESENTATION_CONTEXT('2D SPACE',''
  ) );
#4251 = PCURVE('',#2786,#4252);
#4252 = DEFINITIONAL_REPRESENTATION('',(#4253),#4256);
#4253 = B_SPLINE_CURVE_WITH_KNOTS('',1,(#4254,#4255),.UNSPECIFIED.,.F.,
  .F.,(2,2),(0.,1.),.PIECEWISE_BEZIER_KNOTS.);
#4254 = CARTESIAN_POINT('',(0.,1.));
#4255 = CARTESIAN_POINT('',(1.,1.));
#4256 = ( GEOMETRIC_REPRESENTATION_CONTEXT(2) 
PARAMETRIC_REPRESENTATION_CONTEXT() REPRESENTATION_CONTEXT('2D SPACE',''
  ) );
#4257 = ORIENTED_EDGE('',*,*,#2820,.T.);
#4258 = ORIENTED_EDGE('',*,*,#3423,.F.);
#4259 = ORIENTED_EDGE('',*,*,#4260,.F.);
#4260 = EDGE_CURVE('',#4238,#3424,#4261,.T.);
#4261 = SURFACE_CURVE('',#4262,(#4273,#4279),.PCURVE_S1.);
#4262 = ( BOUNDED_CURVE() B_SPLINE_CURVE(3,(#4263,#4264,#4265,#4266,
    #4267,#4268,#4269,#4270,#4271,#4272),.UNSPECIFIED.,.F.,.F.) 
B_SPLINE_CURVE_WITH_KNOTS((4,3,3,4),(-1.39161532665,0.,4.513902197164,
6.929527428843),.UNSPECIFIED.) CURVE() GEOMETRIC_REPRESENTATION_ITEM() 
RATIONAL_B_SPLINE_CURVE((1.,1.,1.,1.,1.,1.,1.,1.,1.,1.)) 
REPRESENTATION_ITEM('') );
#4263 = CARTESIAN_POINT('',(157.52766393773,12.048075658536,
    -111.1479649609));
#4264 = CARTESIAN_POINT('',(157.58981366293,12.019238857081,
    -111.7974640536));
#4265 = CARTESIAN_POINT('',(157.65202340668,11.990256709524,
    -112.4469556548));
#4266 = CARTESIAN_POINT('',(157.71429892609,11.961126580586,
    -113.0964391025));
#4267 = CARTESIAN_POINT('',(157.91614006072,11.866860311506,
    -115.2000305825));
#4268 = CARTESIAN_POINT('',(158.11196745944,11.77419488398,
    -117.2334183485));
#4269 = CARTESIAN_POINT('',(158.30224652613,11.683161063983,
    -119.2006133707));
#4270 = CARTESIAN_POINT('',(158.40416346307,11.634309384075,
    -120.2552006696));
#4271 = CARTESIAN_POINT('',(158.5063141421,11.585044198343,
    -121.3097587524));
#4272 = CARTESIAN_POINT('',(158.6087402287,11.535352388924,
    -122.3642827224));
#4273 = PCURVE('',#2848,#4274);
#4274 = DEFINITIONAL_REPRESENTATION('',(#4275),#4278);
#4275 = B_SPLINE_CURVE_WITH_KNOTS('',1,(#4276,#4277),.UNSPECIFIED.,.F.,
  .F.,(2,2),(0.254079498457,4.710293134854),.PIECEWISE_BEZIER_KNOTS.);
#4276 = CARTESIAN_POINT('',(0.,0.254079498457));
#4277 = CARTESIAN_POINT('',(0.,4.710293134854));
#4278 = ( GEOMETRIC_REPRESENTATION_CONTEXT(2) 
PARAMETRIC_REPRESENTATION_CONTEXT() REPRESENTATION_CONTEXT('2D SPACE',''
  ) );
#4279 = PCURVE('',#3544,#4280);
#4280 = DEFINITIONAL_REPRESENTATION('',(#4281),#4289);
#4281 = B_SPLINE_CURVE_WITH_KNOTS('',3,(#4282,#4283,#4284,#4285,#4286,
    #4287,#4288),.UNSPECIFIED.,.F.,.F.,(4,3,4),(0.254079498457,
    4.513902197164,4.710293134854),.UNSPECIFIED.);
#4282 = CARTESIAN_POINT('',(0.53378759266,1.382497863846E-16));
#4283 = CARTESIAN_POINT('',(0.525264925311,-1.977737641053));
#4284 = CARTESIAN_POINT('',(0.516702048239,-3.893153490009));
#4285 = CARTESIAN_POINT('',(0.508095721822,-5.749618615407));
#4286 = CARTESIAN_POINT('',(0.507698871272,-5.835356827521));
#4287 = CARTESIAN_POINT('',(0.50730135188,-5.921094846525));
#4288 = CARTESIAN_POINT('',(0.50690315855,-6.006832669787));
#4289 = ( GEOMETRIC_REPRESENTATION_CONTEXT(2) 
PARAMETRIC_REPRESENTATION_CONTEXT() REPRESENTATION_CONTEXT('2D SPACE',''
  ) );
#4290 = ADVANCED_FACE('',(#4291),#2786,.T.);
#4291 = FACE_BOUND('',#4292,.T.);
#4292 = EDGE_LOOP('',(#4293,#4312,#4313));
#4293 = ORIENTED_EDGE('',*,*,#4294,.T.);
#4294 = EDGE_CURVE('',#2692,#4238,#4295,.T.);
#4295 = SURFACE_CURVE('',#4296,(#4300,#4306),.PCURVE_S1.);
#4296 = ( BOUNDED_CURVE() B_SPLINE_CURVE(2,(#4297,#4298,#4299),
.UNSPECIFIED.,.F.,.F.) B_SPLINE_CURVE_WITH_KNOTS((3,3),(0.,1.),
.PIECEWISE_BEZIER_KNOTS.) CURVE() GEOMETRIC_REPRESENTATION_ITEM() 
RATIONAL_B_SPLINE_CURVE((1.,0.957761631754,1.)) REPRESENTATION_ITEM('') 
  );
#4297 = CARTESIAN_POINT('',(148.17165534421,9.508330066293,
    -112.3820108859));
#4298 = CARTESIAN_POINT('',(153.32271212348,9.280192382197,
    -112.9646857534));
#4299 = CARTESIAN_POINT('',(157.74832566841,11.945223536437,
    -113.4509947553));
#4300 = PCURVE('',#2786,#4301);
#4301 = DEFINITIONAL_REPRESENTATION('',(#4302),#4305);
#4302 = B_SPLINE_CURVE_WITH_KNOTS('',1,(#4303,#4304),.UNSPECIFIED.,.F.,
  .F.,(2,2),(0.,1.),.PIECEWISE_BEZIER_KNOTS.);
#4303 = CARTESIAN_POINT('',(0.,0.));
#4304 = CARTESIAN_POINT('',(1.,0.));
#4305 = ( GEOMETRIC_REPRESENTATION_CONTEXT(2) 
PARAMETRIC_REPRESENTATION_CONTEXT() REPRESENTATION_CONTEXT('2D SPACE',''
  ) );
#4306 = PCURVE('',#2721,#4307);
#4307 = DEFINITIONAL_REPRESENTATION('',(#4308),#4311);
#4308 = B_SPLINE_CURVE_WITH_KNOTS('',1,(#4309,#4310),.UNSPECIFIED.,.F.,
  .F.,(2,2),(0.,1.),.PIECEWISE_BEZIER_KNOTS.);
#4309 = CARTESIAN_POINT('',(8.321142755493,4.259822698708));
#4310 = CARTESIAN_POINT('',(0.,4.259822698708));
#4311 = ( GEOMETRIC_REPRESENTATION_CONTEXT(2) 
PARAMETRIC_REPRESENTATION_CONTEXT() REPRESENTATION_CONTEXT('2D SPACE',''
  ) );
#4312 = ORIENTED_EDGE('',*,*,#4237,.F.);
#4313 = ORIENTED_EDGE('',*,*,#2758,.F.);
#4314 = ADVANCED_FACE('',(#4315),#2721,.F.);
#4315 = FACE_BOUND('',#4316,.F.);
#4316 = EDGE_LOOP('',(#4317,#4318,#4319,#4320));
#4317 = ORIENTED_EDGE('',*,*,#3104,.T.);
#4318 = ORIENTED_EDGE('',*,*,#2691,.T.);
#4319 = ORIENTED_EDGE('',*,*,#4294,.T.);
#4320 = ORIENTED_EDGE('',*,*,#4321,.F.);
#4321 = EDGE_CURVE('',#3105,#4238,#4322,.T.);
#4322 = SURFACE_CURVE('',#4323,(#4334,#4340),.PCURVE_S1.);
#4323 = ( BOUNDED_CURVE() B_SPLINE_CURVE(3,(#4324,#4325,#4326,#4327,
    #4328,#4329,#4330,#4331,#4332,#4333),.UNSPECIFIED.,.F.,.F.) 
B_SPLINE_CURVE_WITH_KNOTS((4,3,3,4),(-2.415625231678,0.,4.513902197164,
5.905517523815),.UNSPECIFIED.) CURVE() GEOMETRIC_REPRESENTATION_ITEM() 
RATIONAL_B_SPLINE_CURVE((1.,1.,1.,1.,1.,1.,1.,1.,1.,1.)) 
REPRESENTATION_ITEM('') );
#4324 = CARTESIAN_POINT('',(158.60874022869,11.535352388919,
    -104.5377067882));
#4325 = CARTESIAN_POINT('',(158.5063141421,11.585044198339,
    -105.5922307582));
#4326 = CARTESIAN_POINT('',(158.40416346307,11.634309384075,
    -106.646788841));
#4327 = CARTESIAN_POINT('',(158.30224652613,11.683161063983,
    -107.7013761399));
#4328 = CARTESIAN_POINT('',(158.11196745944,11.77419488398,
    -109.6685711621));
#4329 = CARTESIAN_POINT('',(157.91614006072,11.866860311506,
    -111.7019589281));
#4330 = CARTESIAN_POINT('',(157.71429892609,11.961126580586,
    -113.805550408));
#4331 = CARTESIAN_POINT('',(157.65202340668,11.990256709524,
    -114.4550338557));
#4332 = CARTESIAN_POINT('',(157.58981366292,12.019238857078,
    -115.104525457));
#4333 = CARTESIAN_POINT('',(157.52766393772,12.048075658533,
    -115.7540245497));
#4334 = PCURVE('',#2721,#4335);
#4335 = DEFINITIONAL_REPRESENTATION('',(#4336),#4339);
#4336 = B_SPLINE_CURVE_WITH_KNOTS('',1,(#4337,#4338),.UNSPECIFIED.,.F.,
  .F.,(2,2),(-0.19639093769,4.259822698708),.PIECEWISE_BEZIER_KNOTS.);
#4337 = CARTESIAN_POINT('',(0.,-0.19639093769));
#4338 = CARTESIAN_POINT('',(0.,4.259822698708));
#4339 = ( GEOMETRIC_REPRESENTATION_CONTEXT(2) 
PARAMETRIC_REPRESENTATION_CONTEXT() REPRESENTATION_CONTEXT('2D SPACE',''
  ) );
#4340 = PCURVE('',#3225,#4341);
#4341 = DEFINITIONAL_REPRESENTATION('',(#4342),#4350);
#4342 = B_SPLINE_CURVE_WITH_KNOTS('',3,(#4343,#4344,#4345,#4346,#4347,
    #4348,#4349),.UNSPECIFIED.,.F.,.F.,(4,3,4),(-0.19639093769,0.,
    4.259822698708),.UNSPECIFIED.);
#4343 = CARTESIAN_POINT('',(-0.50690315855,-6.006832669787));
#4344 = CARTESIAN_POINT('',(-0.50730135188,-5.921094846525));
#4345 = CARTESIAN_POINT('',(-0.507698871272,-5.835356827521));
#4346 = CARTESIAN_POINT('',(-0.508095721822,-5.749618615407));
#4347 = CARTESIAN_POINT('',(-0.516702048239,-3.893153490009));
#4348 = CARTESIAN_POINT('',(-0.525264925311,-1.977737641053));
#4349 = CARTESIAN_POINT('',(-0.53378759266,-1.147473226992E-15));
#4350 = ( GEOMETRIC_REPRESENTATION_CONTEXT(2) 
PARAMETRIC_REPRESENTATION_CONTEXT() REPRESENTATION_CONTEXT('2D SPACE',''
  ) );
#4351 = ADVANCED_FACE('',(#4352),#3362,.F.);
#4352 = FACE_BOUND('',#4353,.F.);
#4353 = EDGE_LOOP('',(#4354,#4355,#4388,#4407));
#4354 = ORIENTED_EDGE('',*,*,#3310,.T.);
#4355 = ORIENTED_EDGE('',*,*,#4356,.T.);
#4356 = EDGE_CURVE('',#3273,#4357,#4359,.T.);
#4357 = VERTEX_POINT('',#4358);
#4358 = CARTESIAN_POINT('',(157.74832569038,-11.94522354942,
    -113.4509947553));
#4359 = SURFACE_CURVE('',#4360,(#4371,#4377),.PCURVE_S1.);
#4360 = ( BOUNDED_CURVE() B_SPLINE_CURVE(3,(#4361,#4362,#4363,#4364,
    #4365,#4366,#4367,#4368,#4369,#4370),.UNSPECIFIED.,.F.,.F.) 
B_SPLINE_CURVE_WITH_KNOTS((4,3,3,4),(-2.415625231679,0.,4.513902197165,
5.905517523815),.UNSPECIFIED.) CURVE() GEOMETRIC_REPRESENTATION_ITEM() 
RATIONAL_B_SPLINE_CURVE((1.,1.,1.,1.,1.,1.,1.,1.,1.,1.)) 
REPRESENTATION_ITEM('') );
#4361 = CARTESIAN_POINT('',(158.60874022869,-11.53535238891,
    -104.5377067882));
#4362 = CARTESIAN_POINT('',(158.5063141421,-11.58504419833,
    -105.5922307582));
#4363 = CARTESIAN_POINT('',(158.40416346307,-11.63430938407,
    -106.646788841));
#4364 = CARTESIAN_POINT('',(158.30224652613,-11.68316106398,
    -107.7013761399));
#4365 = CARTESIAN_POINT('',(158.11196745944,-11.77419488398,
    -109.6685711621));
#4366 = CARTESIAN_POINT('',(157.91614006072,-11.8668603115,
    -111.7019589281));
#4367 = CARTESIAN_POINT('',(157.71429892609,-11.96112658058,
    -113.805550408));
#4368 = CARTESIAN_POINT('',(157.65202340668,-11.99025670952,
    -114.4550338557));
#4369 = CARTESIAN_POINT('',(157.58981366292,-12.01923885707,
    -115.104525457));
#4370 = CARTESIAN_POINT('',(157.52766393772,-12.04807565853,
    -115.7540245497));
#4371 = PCURVE('',#3362,#4372);
#4372 = DEFINITIONAL_REPRESENTATION('',(#4373),#4376);
#4373 = B_SPLINE_CURVE_WITH_KNOTS('',1,(#4374,#4375),.UNSPECIFIED.,.F.,
  .F.,(2,2),(-0.196390937689,4.259822698708),.PIECEWISE_BEZIER_KNOTS.);
#4374 = CARTESIAN_POINT('',(8.321142755493,-0.196390937689));
#4375 = CARTESIAN_POINT('',(8.321142755493,4.259822698708));
#4376 = ( GEOMETRIC_REPRESENTATION_CONTEXT(2) 
PARAMETRIC_REPRESENTATION_CONTEXT() REPRESENTATION_CONTEXT('2D SPACE',''
  ) );
#4377 = PCURVE('',#3225,#4378);
#4378 = DEFINITIONAL_REPRESENTATION('',(#4379),#4387);
#4379 = B_SPLINE_CURVE_WITH_KNOTS('',3,(#4380,#4381,#4382,#4383,#4384,
    #4385,#4386),.UNSPECIFIED.,.F.,.F.,(4,3,4),(-0.196390937689,0.,
    4.259822698708),.UNSPECIFIED.);
#4380 = CARTESIAN_POINT('',(-2.63468949504,-6.006832669787));
#4381 = CARTESIAN_POINT('',(-2.63429130171,-5.921094846525));
#4382 = CARTESIAN_POINT('',(-2.633893782317,-5.835356827521));
#4383 = CARTESIAN_POINT('',(-2.633496931768,-5.749618615407));
#4384 = CARTESIAN_POINT('',(-2.62489060535,-3.89315349001));
#4385 = CARTESIAN_POINT('',(-2.616327728279,-1.977737641053));
#4386 = CARTESIAN_POINT('',(-2.60780506093,5.585291369937E-15));
#4387 = ( GEOMETRIC_REPRESENTATION_CONTEXT(2) 
PARAMETRIC_REPRESENTATION_CONTEXT() REPRESENTATION_CONTEXT('2D SPACE',''
  ) );
#4388 = ORIENTED_EDGE('',*,*,#4389,.F.);
#4389 = EDGE_CURVE('',#4096,#4357,#4390,.T.);
#4390 = SURFACE_CURVE('',#4391,(#4395,#4401),.PCURVE_S1.);
#4391 = ( BOUNDED_CURVE() B_SPLINE_CURVE(2,(#4392,#4393,#4394),
.UNSPECIFIED.,.F.,.F.) B_SPLINE_CURVE_WITH_KNOTS((3,3),(0.,1.),
.PIECEWISE_BEZIER_KNOTS.) CURVE() GEOMETRIC_REPRESENTATION_ITEM() 
RATIONAL_B_SPLINE_CURVE((1.,0.957761631753,1.)) REPRESENTATION_ITEM('') 
  );
#4392 = CARTESIAN_POINT('',(148.17165534412,-9.508330066296,
    -112.3820108859));
#4393 = CARTESIAN_POINT('',(153.32271212345,-9.280192382176,
    -112.9646857534));
#4394 = CARTESIAN_POINT('',(157.74832566841,-11.94522353643,
    -113.4509947553));
#4395 = PCURVE('',#3362,#4396);
#4396 = DEFINITIONAL_REPRESENTATION('',(#4397),#4400);
#4397 = B_SPLINE_CURVE_WITH_KNOTS('',1,(#4398,#4399),.UNSPECIFIED.,.F.,
  .F.,(2,2),(0.,1.),.PIECEWISE_BEZIER_KNOTS.);
#4398 = CARTESIAN_POINT('',(0.,4.259822698708));
#4399 = CARTESIAN_POINT('',(8.321142755493,4.259822698708));
#4400 = ( GEOMETRIC_REPRESENTATION_CONTEXT(2) 
PARAMETRIC_REPRESENTATION_CONTEXT() REPRESENTATION_CONTEXT('2D SPACE',''
  ) );
#4401 = PCURVE('',#4159,#4402);
#4402 = DEFINITIONAL_REPRESENTATION('',(#4403),#4406);
#4403 = B_SPLINE_CURVE_WITH_KNOTS('',1,(#4404,#4405),.UNSPECIFIED.,.F.,
  .F.,(2,2),(0.,1.),.PIECEWISE_BEZIER_KNOTS.);
#4404 = CARTESIAN_POINT('',(0.,1.));
#4405 = CARTESIAN_POINT('',(1.,1.));
#4406 = ( GEOMETRIC_REPRESENTATION_CONTEXT(2) 
PARAMETRIC_REPRESENTATION_CONTEXT() REPRESENTATION_CONTEXT('2D SPACE',''
  ) );
#4407 = ORIENTED_EDGE('',*,*,#4095,.F.);
#4408 = ADVANCED_FACE('',(#4409),#3225,.T.);
#4409 = FACE_BOUND('',#4410,.F.);
#4410 = EDGE_LOOP('',(#4411,#4433,#4434,#4435,#4436,#4437,#4438,#4460,
    #4481,#4507,#4508,#4530));
#4411 = ORIENTED_EDGE('',*,*,#4412,.F.);
#4412 = EDGE_CURVE('',#4357,#4413,#4415,.T.);
#4413 = VERTEX_POINT('',#4414);
#4414 = CARTESIAN_POINT('',(178.38726647374,-2.852531913937,
    -113.4509947553));
#4415 = SURFACE_CURVE('',#4416,(#4421,#4427),.PCURVE_S1.);
#4416 = CIRCLE('',#4417,13.875497692632);
#4417 = AXIS2_PLACEMENT_3D('',#4418,#4419,#4420);
#4418 = CARTESIAN_POINT('',(164.80814655019,1.577721810442E-30,
    -113.4509947553));
#4419 = DIRECTION('',(0.,0.,1.));
#4420 = DIRECTION('',(-1.,1.110223024625E-16,0.));
#4421 = PCURVE('',#3225,#4422);
#4422 = DEFINITIONAL_REPRESENTATION('',(#4423),#4426);
#4423 = B_SPLINE_CURVE_WITH_KNOTS('',1,(#4424,#4425),.UNSPECIFIED.,.F.,
  .F.,(2,2),(7.320194041315,9.217721108616),.PIECEWISE_BEZIER_KNOTS.);
#4424 = CARTESIAN_POINT('',(-2.60780506093,0.));
#4425 = CARTESIAN_POINT('',(-4.505332128231,0.));
#4426 = ( GEOMETRIC_REPRESENTATION_CONTEXT(2) 
PARAMETRIC_REPRESENTATION_CONTEXT() REPRESENTATION_CONTEXT('2D SPACE',''
  ) );
#4427 = PCURVE('',#3544,#4428);
#4428 = DEFINITIONAL_REPRESENTATION('',(#4429),#4432);
#4429 = B_SPLINE_CURVE_WITH_KNOTS('',1,(#4430,#4431),.UNSPECIFIED.,.F.,
  .F.,(2,2),(7.320194041315,9.217721108616),.PIECEWISE_BEZIER_KNOTS.);
#4430 = CARTESIAN_POINT('',(2.60780506093,0.));
#4431 = CARTESIAN_POINT('',(4.505332128231,0.));
#4432 = ( GEOMETRIC_REPRESENTATION_CONTEXT(2) 
PARAMETRIC_REPRESENTATION_CONTEXT() REPRESENTATION_CONTEXT('2D SPACE',''
  ) );
#4433 = ORIENTED_EDGE('',*,*,#4356,.F.);
#4434 = ORIENTED_EDGE('',*,*,#3272,.F.);
#4435 = ORIENTED_EDGE('',*,*,#3242,.T.);
#4436 = ORIENTED_EDGE('',*,*,#3199,.T.);
#4437 = ORIENTED_EDGE('',*,*,#4321,.T.);
#4438 = ORIENTED_EDGE('',*,*,#4439,.F.);
#4439 = EDGE_CURVE('',#4440,#4238,#4442,.T.);
#4440 = VERTEX_POINT('',#4441);
#4441 = CARTESIAN_POINT('',(164.80814655019,13.875497692632,
    -113.4509947553));
#4442 = SURFACE_CURVE('',#4443,(#4448,#4454),.PCURVE_S1.);
#4443 = CIRCLE('',#4444,13.875497692632);
#4444 = AXIS2_PLACEMENT_3D('',#4445,#4446,#4447);
#4445 = CARTESIAN_POINT('',(164.80814655019,1.577721810442E-30,
    -113.4509947553));
#4446 = DIRECTION('',(0.,0.,1.));
#4447 = DIRECTION('',(-1.,1.110223024625E-16,0.));
#4448 = PCURVE('',#3225,#4449);
#4449 = DEFINITIONAL_REPRESENTATION('',(#4450),#4453);
#4450 = B_SPLINE_CURVE_WITH_KNOTS('',1,(#4451,#4452),.UNSPECIFIED.,.F.,
  .F.,(2,2),(4.712388980385,5.246176573044),.PIECEWISE_BEZIER_KNOTS.);
#4451 = CARTESIAN_POINT('',(0.,0.));
#4452 = CARTESIAN_POINT('',(-0.53378759266,0.));
#4453 = ( GEOMETRIC_REPRESENTATION_CONTEXT(2) 
PARAMETRIC_REPRESENTATION_CONTEXT() REPRESENTATION_CONTEXT('2D SPACE',''
  ) );
#4454 = PCURVE('',#3544,#4455);
#4455 = DEFINITIONAL_REPRESENTATION('',(#4456),#4459);
#4456 = B_SPLINE_CURVE_WITH_KNOTS('',1,(#4457,#4458),.UNSPECIFIED.,.F.,
  .F.,(2,2),(4.712388980385,5.246176573044),.PIECEWISE_BEZIER_KNOTS.);
#4457 = CARTESIAN_POINT('',(0.,0.));
#4458 = CARTESIAN_POINT('',(0.53378759266,0.));
#4459 = ( GEOMETRIC_REPRESENTATION_CONTEXT(2) 
PARAMETRIC_REPRESENTATION_CONTEXT() REPRESENTATION_CONTEXT('2D SPACE',''
  ) );
#4460 = ORIENTED_EDGE('',*,*,#4461,.T.);
#4461 = EDGE_CURVE('',#4440,#4462,#4464,.T.);
#4462 = VERTEX_POINT('',#4463);
#4463 = CARTESIAN_POINT('',(164.80814655019,12.835845574618,
    -101.5677163222));
#4464 = SEAM_CURVE('',#4465,(#4469,#4475),.PCURVE_S1.);
#4465 = LINE('',#4466,#4467);
#4466 = CARTESIAN_POINT('',(164.80814655019,12.835845574618,
    -101.5677163222));
#4467 = VECTOR('',#4468,1.);
#4468 = DIRECTION('',(-9.676230951902E-18,-8.715574021868E-02,
    0.996194698313));
#4469 = PCURVE('',#3225,#4470);
#4470 = DEFINITIONAL_REPRESENTATION('',(#4471),#4474);
#4471 = B_SPLINE_CURVE_WITH_KNOTS('',1,(#4472,#4473),.UNSPECIFIED.,.F.,
  .F.,(2,2),(-11.92867062348,0.),.PIECEWISE_BEZIER_KNOTS.);
#4472 = CARTESIAN_POINT('',(-6.28318530718,0.));
#4473 = CARTESIAN_POINT('',(-6.28318530718,-11.88327843303));
#4474 = ( GEOMETRIC_REPRESENTATION_CONTEXT(2) 
PARAMETRIC_REPRESENTATION_CONTEXT() REPRESENTATION_CONTEXT('2D SPACE',''
  ) );
#4475 = PCURVE('',#3225,#4476);
#4476 = DEFINITIONAL_REPRESENTATION('',(#4477),#4480);
#4477 = B_SPLINE_CURVE_WITH_KNOTS('',1,(#4478,#4479),.UNSPECIFIED.,.F.,
  .F.,(2,2),(-11.92867062348,0.),.PIECEWISE_BEZIER_KNOTS.);
#4478 = CARTESIAN_POINT('',(0.,0.));
#4479 = CARTESIAN_POINT('',(0.,-11.88327843303));
#4480 = ( GEOMETRIC_REPRESENTATION_CONTEXT(2) 
PARAMETRIC_REPRESENTATION_CONTEXT() REPRESENTATION_CONTEXT('2D SPACE',''
  ) );
#4481 = ORIENTED_EDGE('',*,*,#4482,.T.);
#4482 = EDGE_CURVE('',#4462,#4462,#4483,.T.);
#4483 = SURFACE_CURVE('',#4484,(#4489,#4495),.PCURVE_S1.);
#4484 = CIRCLE('',#4485,12.835845574618);
#4485 = AXIS2_PLACEMENT_3D('',#4486,#4487,#4488);
#4486 = CARTESIAN_POINT('',(164.80814655019,1.577721810442E-30,
    -101.5677163222));
#4487 = DIRECTION('',(0.,0.,1.));
#4488 = DIRECTION('',(-1.,1.110223024625E-16,0.));
#4489 = PCURVE('',#3225,#4490);
#4490 = DEFINITIONAL_REPRESENTATION('',(#4491),#4494);
#4491 = B_SPLINE_CURVE_WITH_KNOTS('',1,(#4492,#4493),.UNSPECIFIED.,.F.,
  .F.,(2,2),(4.712388980385,10.995574287564),.PIECEWISE_BEZIER_KNOTS.);
#4492 = CARTESIAN_POINT('',(0.,-11.88327843303));
#4493 = CARTESIAN_POINT('',(-6.28318530718,-11.88327843303));
#4494 = ( GEOMETRIC_REPRESENTATION_CONTEXT(2) 
PARAMETRIC_REPRESENTATION_CONTEXT() REPRESENTATION_CONTEXT('2D SPACE',''
  ) );
#4495 = PCURVE('',#4496,#4501);
#4496 = PLANE('',#4497);
#4497 = AXIS2_PLACEMENT_3D('',#4498,#4499,#4500);
#4498 = CARTESIAN_POINT('',(164.80814655019,1.577721810442E-30,
    -101.5677163222));
#4499 = DIRECTION('',(0.,0.,1.));
#4500 = DIRECTION('',(1.110223024625E-16,1.,0.));
#4501 = DEFINITIONAL_REPRESENTATION('',(#4502),#4506);
#4502 = CIRCLE('',#4503,12.835845574618);
#4503 = AXIS2_PLACEMENT_2D('',#4504,#4505);
#4504 = CARTESIAN_POINT('',(0.,0.));
#4505 = DIRECTION('',(0.,1.));
#4506 = ( GEOMETRIC_REPRESENTATION_CONTEXT(2) 
PARAMETRIC_REPRESENTATION_CONTEXT() REPRESENTATION_CONTEXT('2D SPACE',''
  ) );
#4507 = ORIENTED_EDGE('',*,*,#4461,.F.);
#4508 = ORIENTED_EDGE('',*,*,#4509,.F.);
#4509 = EDGE_CURVE('',#4510,#4440,#4512,.T.);
#4510 = VERTEX_POINT('',#4511);
#4511 = CARTESIAN_POINT('',(178.38726647374,2.852531913937,
    -113.4509947553));
#4512 = SURFACE_CURVE('',#4513,(#4518,#4524),.PCURVE_S1.);
#4513 = CIRCLE('',#4514,13.875497692632);
#4514 = AXIS2_PLACEMENT_3D('',#4515,#4516,#4517);
#4515 = CARTESIAN_POINT('',(164.80814655019,1.577721810442E-30,
    -113.4509947553));
#4516 = DIRECTION('',(0.,0.,1.));
#4517 = DIRECTION('',(-1.,1.110223024625E-16,0.));
#4518 = PCURVE('',#3225,#4519);
#4519 = DEFINITIONAL_REPRESENTATION('',(#4520),#4523);
#4520 = B_SPLINE_CURVE_WITH_KNOTS('',1,(#4521,#4522),.UNSPECIFIED.,.F.,
  .F.,(2,2),(9.631834812923,10.995574287564),.PIECEWISE_BEZIER_KNOTS.);
#4521 = CARTESIAN_POINT('',(-4.919445832538,0.));
#4522 = CARTESIAN_POINT('',(-6.28318530718,0.));
#4523 = ( GEOMETRIC_REPRESENTATION_CONTEXT(2) 
PARAMETRIC_REPRESENTATION_CONTEXT() REPRESENTATION_CONTEXT('2D SPACE',''
  ) );
#4524 = PCURVE('',#3544,#4525);
#4525 = DEFINITIONAL_REPRESENTATION('',(#4526),#4529);
#4526 = B_SPLINE_CURVE_WITH_KNOTS('',1,(#4527,#4528),.UNSPECIFIED.,.F.,
  .F.,(2,2),(9.631834812923,10.995574287564),.PIECEWISE_BEZIER_KNOTS.);
#4527 = CARTESIAN_POINT('',(4.919445832538,0.));
#4528 = CARTESIAN_POINT('',(6.28318530718,0.));
#4529 = ( GEOMETRIC_REPRESENTATION_CONTEXT(2) 
PARAMETRIC_REPRESENTATION_CONTEXT() REPRESENTATION_CONTEXT('2D SPACE',''
  ) );
#4530 = ORIENTED_EDGE('',*,*,#4531,.F.);
#4531 = EDGE_CURVE('',#4413,#4510,#4532,.T.);
#4532 = SURFACE_CURVE('',#4533,(#4648,#4766),.PCURVE_S1.);
#4533 = B_SPLINE_CURVE_WITH_KNOTS('',8,(#4534,#4535,#4536,#4537,#4538,
    #4539,#4540,#4541,#4542,#4543,#4544,#4545,#4546,#4547,#4548,#4549,
    #4550,#4551,#4552,#4553,#4554,#4555,#4556,#4557,#4558,#4559,#4560,
    #4561,#4562,#4563,#4564,#4565,#4566,#4567,#4568,#4569,#4570,#4571,
    #4572,#4573,#4574,#4575,#4576,#4577,#4578,#4579,#4580,#4581,#4582,
    #4583,#4584,#4585,#4586,#4587,#4588,#4589,#4590,#4591,#4592,#4593,
    #4594,#4595,#4596,#4597,#4598,#4599,#4600,#4601,#4602,#4603,#4604,
    #4605,#4606,#4607,#4608,#4609,#4610,#4611,#4612,#4613,#4614,#4615,
    #4616,#4617,#4618,#4619,#4620,#4621,#4622,#4623,#4624,#4625,#4626,
    #4627,#4628,#4629,#4630,#4631,#4632,#4633,#4634,#4635,#4636,#4637,
    #4638,#4639,#4640,#4641,#4642,#4643,#4644,#4645,#4646,#4647),
  .UNSPECIFIED.,.F.,.F.,(9,7,7,7,7,7,7,7,7,7,7,7,7,7,7,7,9),(0.,
    0.117046071079,0.189913704123,0.26276333959,0.361580562856,
    0.446470778185,0.477440003109,0.501430254585,0.519839901927,
    0.562577285471,0.629969745125,0.724468028146,0.767693529479,
    0.808041928604,0.871036046038,0.922336264589,1.),.UNSPECIFIED.);
#4534 = CARTESIAN_POINT('',(178.38726647374,-2.852531913937,
    -113.4509947553));
#4535 = CARTESIAN_POINT('',(178.38247561876,-2.847741059318,
    -113.3861471558));
#4536 = CARTESIAN_POINT('',(178.37777310152,-2.841350621907,
    -113.3185430185));
#4537 = CARTESIAN_POINT('',(178.37314978156,-2.833113138376,
    -113.2475096965));
#4538 = CARTESIAN_POINT('',(178.36861786447,-2.822571435197,
    -113.1721745401));
#4539 = CARTESIAN_POINT('',(178.3641953401,-2.809382004491,
    -113.0919316115));
#4540 = CARTESIAN_POINT('',(178.35994022494,-2.792492117674,
    -113.0051897618));
#4541 = CARTESIAN_POINT('',(178.35590854897,-2.771201115255,
    -112.911015794));
#4542 = CARTESIAN_POINT('',(178.34997772254,-2.724473016972,
    -112.7385802171));
#4543 = CARTESIAN_POINT('',(178.3478450824,-2.703606780068,
    -112.6676337613));
#4544 = CARTESIAN_POINT('',(178.34584817591,-2.678682358823,
    -112.5894516462));
#4545 = CARTESIAN_POINT('',(178.34409884521,-2.648494617905,
    -112.5028247472));
#4546 = CARTESIAN_POINT('',(178.34277977128,-2.611834243175,
    -112.4076859661));
#4547 = CARTESIAN_POINT('',(178.34215379105,-2.567775907858,
    -112.3055495349));
#4548 = CARTESIAN_POINT('',(178.34240667856,-2.516143869633,
    -112.2001181236));
#4549 = CARTESIAN_POINT('',(178.34417996094,-2.409594848409,
    -112.0020366903));
#4550 = CARTESIAN_POINT('',(178.34566390541,-2.35685523078,
    -111.9134310976));
#4551 = CARTESIAN_POINT('',(178.34751438726,-2.304712928893,
    -111.8327279168));
#4552 = CARTESIAN_POINT('',(178.34961494675,-2.253402096809,
    -111.758998759));
#4553 = CARTESIAN_POINT('',(178.35186942243,-2.20294753811,
    -111.6910265112));
#4554 = CARTESIAN_POINT('',(178.35423692278,-2.153151715877,
    -111.6278475699));
#4555 = CARTESIAN_POINT('',(178.35670084729,-2.103527467033,
    -111.568323542));
#4556 = CARTESIAN_POINT('',(178.3627820571,-1.984863803514,
    -111.4338649903));
#4557 = CARTESIAN_POINT('',(178.3664327747,-1.916464544519,
    -111.3624188172));
#4558 = CARTESIAN_POINT('',(178.37018876976,-1.847372276924,
    -111.2954305365));
#4559 = CARTESIAN_POINT('',(178.3740230712,-1.777214170829,
    -111.2321865862));
#4560 = CARTESIAN_POINT('',(178.37791510549,-1.705611188881,
    -111.1721696088));
#4561 = CARTESIAN_POINT('',(178.38184871935,-1.632128871825,
    -111.1149485791));
#4562 = CARTESIAN_POINT('',(178.38581292801,-1.556238786331,
    -111.0602273959));
#4563 = CARTESIAN_POINT('',(178.39322248659,-1.409145633336,
    -110.9626411607));
#4564 = CARTESIAN_POINT('',(178.39665474976,-1.338935071148,
    -110.9192919989));
#4565 = CARTESIAN_POINT('',(178.40009218485,-1.26595343621,
    -110.877475954));
#4566 = CARTESIAN_POINT('',(178.40352736444,-1.18951014923,
    -110.8370969722));
#4567 = CARTESIAN_POINT('',(178.40695066451,-1.109029025698,
    -110.7981114605));
#4568 = CARTESIAN_POINT('',(178.41034351584,-1.023200508215,
    -110.7605794325));
#4569 = CARTESIAN_POINT('',(178.41368575783,-0.930968316262,
    -110.7245808685));
#4570 = CARTESIAN_POINT('',(178.41811900138,-0.790997723913,
    -110.6779484638));
#4571 = CARTESIAN_POINT('',(178.41928998431,-0.752247921649,
    -110.6657431551));
#4572 = CARTESIAN_POINT('',(178.42044564961,-0.711976812894,
    -110.6538029599));
#4573 = CARTESIAN_POINT('',(178.42158276746,-0.669935230607,
    -110.6421533075));
#4574 = CARTESIAN_POINT('',(178.422696629,-0.625857240615,
    -110.6308340648));
#4575 = CARTESIAN_POINT('',(178.42378069822,-0.579429149607,
    -110.619902018));
#4576 = CARTESIAN_POINT('',(178.42482541405,-0.530180603198,
    -110.6094417135));
#4577 = CARTESIAN_POINT('',(178.42658359836,-0.436332171311,
    -110.5919490132));
#4578 = CARTESIAN_POINT('',(178.42731097971,-0.39357628517,
    -110.5847516968));
#4579 = CARTESIAN_POINT('',(178.42800027314,-0.34832658623,
    -110.5779651227));
#4580 = CARTESIAN_POINT('',(178.42864177016,-0.299974406153,
    -110.571678939));
#4581 = CARTESIAN_POINT('',(178.42921678604,-0.248126282374,
    -110.5660692683));
#4582 = CARTESIAN_POINT('',(178.42969530936,-0.19254523665,
    -110.5614173725));
#4583 = CARTESIAN_POINT('',(178.43003821378,-0.133241703594,
    -110.558089208));
#4584 = CARTESIAN_POINT('',(178.43034828503,-2.331262806451E-02,
    -110.5550813759));
#4585 = CARTESIAN_POINT('',(178.4303846702,2.616560528334E-02,
    -110.5547299725));
#4586 = CARTESIAN_POINT('',(178.43030326218,7.542338013534E-02,
    -110.555518318));
#4587 = CARTESIAN_POINT('',(178.43011170468,0.12323798734,
    -110.5573737263));
#4588 = CARTESIAN_POINT('',(178.42982957191,0.1689426606,-110.5601109551
    ));
#4589 = CARTESIAN_POINT('',(178.42947761212,0.212282217859,-110.56353432
    ));
#4590 = CARTESIAN_POINT('',(178.42907150421,0.253314186673,
    -110.5674965948));
#4591 = CARTESIAN_POINT('',(178.42757228196,0.382988317305,
    -110.5821712265));
#4592 = CARTESIAN_POINT('',(178.42628996869,0.46210107576,
    -110.5947931279));
#4593 = CARTESIAN_POINT('',(178.42488502265,0.534320760683,
    -110.6087422914));
#4594 = CARTESIAN_POINT('',(178.4233923927,0.600279123609,
    -110.6237125142));
#4595 = CARTESIAN_POINT('',(178.42185547827,0.661592328397,
    -110.6392975083));
#4596 = CARTESIAN_POINT('',(178.42028147264,0.718899876342,
    -110.655439958));
#4597 = CARTESIAN_POINT('',(178.41867718151,0.773190323808,
    -110.6720884809));
#4598 = CARTESIAN_POINT('',(178.4144339072,0.90761964572,-110.7166940615
    ));
#4599 = CARTESIAN_POINT('',(178.41177553349,0.983248805351,
    -110.7451762027));
#4600 = CARTESIAN_POINT('',(178.40907882762,1.054228427658,
    -110.7746805943));
#4601 = CARTESIAN_POINT('',(178.40635731666,1.12142691154,
    -110.8051351382));
#4602 = CARTESIAN_POINT('',(178.40362101858,1.185481912982,
    -110.8365026479));
#4603 = CARTESIAN_POINT('',(178.40087734832,1.246941080601,
    -110.8687763844));
#4604 = CARTESIAN_POINT('',(178.39813044937,1.306170854289,
    -110.9019929958));
#4605 = CARTESIAN_POINT('',(178.39153016967,1.443995543754,
    -110.984231722));
#4606 = CARTESIAN_POINT('',(178.38768232939,1.520661487829,
    -111.0341593285));
#4607 = CARTESIAN_POINT('',(178.38384997865,1.594461246416,
    -111.0861638845));
#4608 = CARTESIAN_POINT('',(178.38004356735,1.665966038669,
    -111.1404390925));
#4609 = CARTESIAN_POINT('',(178.37627528193,1.735625912462,
    -111.1972555237));
#4610 = CARTESIAN_POINT('',(178.37255926504,1.803830417,-111.2569546763)
  );
#4611 = CARTESIAN_POINT('',(178.36891266629,1.870936089501,
    -111.3200110166));
#4612 = CARTESIAN_POINT('',(178.36373507086,1.967791375819,
    -111.4180396326));
#4613 = CARTESIAN_POINT('',(178.36213024587,1.998042724871,
    -111.4496733151));
#4614 = CARTESIAN_POINT('',(178.36054802278,2.028192401523,
    -111.4822604836));
#4615 = CARTESIAN_POINT('',(178.35899138791,2.058280067113,
    -111.5158898225));
#4616 = CARTESIAN_POINT('',(178.35746414763,2.088343871322,
    -111.5506627929));
#4617 = CARTESIAN_POINT('',(178.35597119929,2.118424723293,
    -111.5867046379));
#4618 = CARTESIAN_POINT('',(178.35451880208,2.148570562737,
    -111.6241753871));
#4619 = CARTESIAN_POINT('',(178.35180436297,2.207095771986,
    -111.6997835742));
#4620 = CARTESIAN_POINT('',(178.35053827851,2.235416383569,
    -111.7376584416));
#4621 = CARTESIAN_POINT('',(178.3493209391,2.263890586791,
    -111.7771187074));
#4622 = CARTESIAN_POINT('',(178.34816088569,2.292577585905,
    -111.8183863312));
#4623 = CARTESIAN_POINT('',(178.34707052325,2.321509771264,
    -111.8616836186));
#4624 = CARTESIAN_POINT('',(178.34606667308,2.350698830231,
    -111.9072453271));
#4625 = CARTESIAN_POINT('',(178.34517201004,2.380145866188,
    -111.9553512466));
#4626 = CARTESIAN_POINT('',(178.34323925582,2.456239704637,
    -112.0860470559));
#4627 = CARTESIAN_POINT('',(178.34232519632,2.506314690077,
    -112.1780763459));
#4628 = CARTESIAN_POINT('',(178.34203919774,2.553691011413,
    -112.2743349538));
#4629 = CARTESIAN_POINT('',(178.34250051102,2.595470281176,
    -112.3692843837));
#4630 = CARTESIAN_POINT('',(178.34356320365,2.631287071706,
    -112.4592751983));
#4631 = CARTESIAN_POINT('',(178.34504031749,2.66133491736,-112.542146578
    ));
#4632 = CARTESIAN_POINT('',(178.34673852166,2.686286795158,
    -112.6167135536));
#4633 = CARTESIAN_POINT('',(178.3499663057,2.723691953373,
    -112.7367048546));
#4634 = CARTESIAN_POINT('',(178.35153175621,2.738343362014,
    -112.7873268093));
#4635 = CARTESIAN_POINT('',(178.35318744143,2.751299650915,
    -112.8352981316));
#4636 = CARTESIAN_POINT('',(178.35491517749,2.762845643,-112.8809928216)
  );
#4637 = CARTESIAN_POINT('',(178.35670198579,2.773182844481,
    -112.9246822357));
#4638 = CARTESIAN_POINT('',(178.35853826927,2.782474195591,
    -112.9666001187));
#4639 = CARTESIAN_POINT('',(178.36041719215,2.790859376439,
    -113.0069645789));
#4640 = CARTESIAN_POINT('',(178.36523901304,2.809918233942,
    -113.1049878646));
#4641 = CARTESIAN_POINT('',(178.36822796128,2.819544614975,
    -113.1608005215));
#4642 = CARTESIAN_POINT('',(178.37128515863,2.82768408519,
    -113.2139847527));
#4643 = CARTESIAN_POINT('',(178.37439850273,2.834573748486,
    -113.2649211906));
#4644 = CARTESIAN_POINT('',(178.37755909094,2.84038121382,
    -113.3138811699));
#4645 = CARTESIAN_POINT('',(178.38076020793,2.845240007829,
    -113.3610880636));
#4646 = CARTESIAN_POINT('',(178.38399694826,2.849262724795,
    -113.4067401137));
#4647 = CARTESIAN_POINT('',(178.38726647374,2.852531913937,
    -113.4509947553));
#4648 = PCURVE('',#3225,#4649);
#4649 = DEFINITIONAL_REPRESENTATION('',(#4650),#4765);
#4650 = B_SPLINE_CURVE_WITH_KNOTS('',8,(#4651,#4652,#4653,#4654,#4655,
    #4656,#4657,#4658,#4659,#4660,#4661,#4662,#4663,#4664,#4665,#4666,
    #4667,#4668,#4669,#4670,#4671,#4672,#4673,#4674,#4675,#4676,#4677,
    #4678,#4679,#4680,#4681,#4682,#4683,#4684,#4685,#4686,#4687,#4688,
    #4689,#4690,#4691,#4692,#4693,#4694,#4695,#4696,#4697,#4698,#4699,
    #4700,#4701,#4702,#4703,#4704,#4705,#4706,#4707,#4708,#4709,#4710,
    #4711,#4712,#4713,#4714,#4715,#4716,#4717,#4718,#4719,#4720,#4721,
    #4722,#4723,#4724,#4725,#4726,#4727,#4728,#4729,#4730,#4731,#4732,
    #4733,#4734,#4735,#4736,#4737,#4738,#4739,#4740,#4741,#4742,#4743,
    #4744,#4745,#4746,#4747,#4748,#4749,#4750,#4751,#4752,#4753,#4754,
    #4755,#4756,#4757,#4758,#4759,#4760,#4761,#4762,#4763,#4764),
  .UNSPECIFIED.,.F.,.F.,(9,7,7,7,7,7,7,7,7,7,7,7,7,7,7,7,9),(0.,
    0.117046071079,0.189913704123,0.26276333959,0.361580562856,
    0.446470778185,0.477440003109,0.501430254585,0.519839901927,
    0.562577285471,0.629969745125,0.724468028146,0.767693529479,
    0.808041928604,0.871036046038,0.922336264589,1.),.UNSPECIFIED.);
#4651 = CARTESIAN_POINT('',(-4.505332128231,0.));
#4652 = CARTESIAN_POINT('',(-4.505599045975,-6.484759952554E-02));
#4653 = CARTESIAN_POINT('',(-4.505980343966,-0.132451736765));
#4654 = CARTESIAN_POINT('',(-4.506493521509,-0.203485058763));
#4655 = CARTESIAN_POINT('',(-4.507171374623,-0.278820215204));
#4656 = CARTESIAN_POINT('',(-4.508038626096,-0.359063143812));
#4657 = CARTESIAN_POINT('',(-4.509171368617,-0.445804993517));
#4658 = CARTESIAN_POINT('',(-4.51062047913,-0.539978961292));
#4659 = CARTESIAN_POINT('',(-4.513849501056,-0.712414538134));
#4660 = CARTESIAN_POINT('',(-4.515300000142,-0.783360994003));
#4661 = CARTESIAN_POINT('',(-4.517041969678,-0.861543109071));
#4662 = CARTESIAN_POINT('',(-4.519163402398,-0.948170008058));
#4663 = CARTESIAN_POINT('',(-4.521754177552,-1.043308789133));
#4664 = CARTESIAN_POINT('',(-4.52488559253,-1.145445220401));
#4665 = CARTESIAN_POINT('',(-4.528575792104,-1.250876631726));
#4666 = CARTESIAN_POINT('',(-4.536218605988,-1.448958064933));
#4667 = CARTESIAN_POINT('',(-4.540015032728,-1.537563657662));
#4668 = CARTESIAN_POINT('',(-4.54377802672,-1.618266838499));
#4669 = CARTESIAN_POINT('',(-4.547488688934,-1.691995996258));
#4670 = CARTESIAN_POINT('',(-4.551143346939,-1.759968244123));
#4671 = CARTESIAN_POINT('',(-4.554755257068,-1.823147185387));
#4672 = CARTESIAN_POINT('',(-4.558358959724,-1.882671213317));
#4673 = CARTESIAN_POINT('',(-4.566985649672,-2.017129765011));
#4674 = CARTESIAN_POINT('',(-4.571965380285,-2.088575938094));
#4675 = CARTESIAN_POINT('',(-4.577001329784,-2.155564218815));
#4676 = CARTESIAN_POINT('',(-4.582119964683,-2.218808169049));
#4677 = CARTESIAN_POINT('',(-4.587348446426,-2.278825146453));
#4678 = CARTESIAN_POINT('',(-4.592718125208,-2.336046176143));
#4679 = CARTESIAN_POINT('',(-4.598267423097,-2.390767359396));
#4680 = CARTESIAN_POINT('',(-4.609029740676,-2.488353594548));
#4681 = CARTESIAN_POINT('',(-4.61416927224,-2.531702756341));
#4682 = CARTESIAN_POINT('',(-4.619513916805,-2.573518801265));
#4683 = CARTESIAN_POINT('',(-4.625114227686,-2.613897783033));
#4684 = CARTESIAN_POINT('',(-4.631012398986,-2.65288329475));
#4685 = CARTESIAN_POINT('',(-4.637304494173,-2.690415322797));
#4686 = CARTESIAN_POINT('',(-4.644067998713,-2.726413886806));
#4687 = CARTESIAN_POINT('',(-4.654335092936,-2.773046291439));
#4688 = CARTESIAN_POINT('',(-4.657177712752,-2.785251600155));
#4689 = CARTESIAN_POINT('',(-4.660132183275,-2.797191795357));
#4690 = CARTESIAN_POINT('',(-4.663216795852,-2.808841447746));
#4691 = CARTESIAN_POINT('',(-4.666451074689,-2.820160690437));
#4692 = CARTESIAN_POINT('',(-4.669858050992,-2.831092737307));
#4693 = CARTESIAN_POINT('',(-4.67347225646,-2.841553041797));
#4694 = CARTESIAN_POINT('',(-4.680359986096,-2.859045742062));
#4695 = CARTESIAN_POINT('',(-4.683498076681,-2.866243058518));
#4696 = CARTESIAN_POINT('',(-4.686819344618,-2.873029632628));
#4697 = CARTESIAN_POINT('',(-4.690368473457,-2.879315816277));
#4698 = CARTESIAN_POINT('',(-4.694174354161,-2.884925486998));
#4699 = CARTESIAN_POINT('',(-4.698254382688,-2.889577382739));
#4700 = CARTESIAN_POINT('',(-4.702607771599,-2.892905547276));
#4701 = CARTESIAN_POINT('',(-4.710677596807,-2.89591337935));
#4702 = CARTESIAN_POINT('',(-4.714309791464,-2.896264782818));
#4703 = CARTESIAN_POINT('',(-4.717925807425,-2.895476437278));
#4704 = CARTESIAN_POINT('',(-4.721435853568,-2.89362102901));
#4705 = CARTESIAN_POINT('',(-4.724790958375,-2.890883800172));
#4706 = CARTESIAN_POINT('',(-4.727972379223,-2.887460435248));
#4707 = CARTESIAN_POINT('',(-4.730984339536,-2.883498160485));
#4708 = CARTESIAN_POINT('',(-4.740502846856,-2.868823528826));
#4709 = CARTESIAN_POINT('',(-4.746309561313,-2.856201627414));
#4710 = CARTESIAN_POINT('',(-4.751609882873,-2.842252463919));
#4711 = CARTESIAN_POINT('',(-4.756450208538,-2.827282241065));
#4712 = CARTESIAN_POINT('',(-4.760949201312,-2.811697246933));
#4713 = CARTESIAN_POINT('',(-4.765153822072,-2.795554797276));
#4714 = CARTESIAN_POINT('',(-4.769136637213,-2.778906274362));
#4715 = CARTESIAN_POINT('',(-4.778997333861,-2.734300693809));
#4716 = CARTESIAN_POINT('',(-4.78454369399,-2.705818552594));
#4717 = CARTESIAN_POINT('',(-4.789747892455,-2.676314160931));
#4718 = CARTESIAN_POINT('',(-4.794673655024,-2.645859617041));
#4719 = CARTESIAN_POINT('',(-4.799367759833,-2.614492107329));
#4720 = CARTESIAN_POINT('',(-4.803870366388,-2.582218370853));
#4721 = CARTESIAN_POINT('',(-4.808208313915,-2.549001759465));
#4722 = CARTESIAN_POINT('',(-4.818299126078,-2.466763033278));
#4723 = CARTESIAN_POINT('',(-4.823909360562,-2.416835426789));
#4724 = CARTESIAN_POINT('',(-4.829306858802,-2.364830870812));
#4725 = CARTESIAN_POINT('',(-4.834533291032,-2.310555662738));
#4726 = CARTESIAN_POINT('',(-4.839621340653,-2.253739231587));
#4727 = CARTESIAN_POINT('',(-4.844599163266,-2.194040078938));
#4728 = CARTESIAN_POINT('',(-4.849492337478,-2.130983738701));
#4729 = CARTESIAN_POINT('',(-4.856547032021,-2.032955122641));
#4730 = CARTESIAN_POINT('',(-4.858749343143,-2.001321440208));
#4731 = CARTESIAN_POINT('',(-4.860943051708,-1.968734271677));
#4732 = CARTESIAN_POINT('',(-4.863130960416,-1.935104932823));
#4733 = CARTESIAN_POINT('',(-4.865315742625,-1.900331962388));
#4734 = CARTESIAN_POINT('',(-4.867500243589,-1.864290117352));
#4735 = CARTESIAN_POINT('',(-4.869687781703,-1.826819368212));
#4736 = CARTESIAN_POINT('',(-4.873931029273,-1.751211181059));
#4737 = CARTESIAN_POINT('',(-4.875982715869,-1.713336313675));
#4738 = CARTESIAN_POINT('',(-4.878043741183,-1.673876047913));
#4739 = CARTESIAN_POINT('',(-4.880118176237,-1.632608424117));
#4740 = CARTESIAN_POINT('',(-4.88220809634,-1.589311136666));
#4741 = CARTESIAN_POINT('',(-4.884314015915,-1.54374942822));
#4742 = CARTESIAN_POINT('',(-4.886435593279,-1.495643508714));
#4743 = CARTESIAN_POINT('',(-4.891909012953,-1.364947699346));
#4744 = CARTESIAN_POINT('',(-4.895502476173,-1.272918409344));
#4745 = CARTESIAN_POINT('',(-4.898889284087,-1.176659801467));
#4746 = CARTESIAN_POINT('',(-4.90186141049,-1.081710371584));
#4747 = CARTESIAN_POINT('',(-4.90439688529,-0.991719557005));
#4748 = CARTESIAN_POINT('',(-4.906513332022,-0.908848177312));
#4749 = CARTESIAN_POINT('',(-4.908262564098,-0.834281201645));
#4750 = CARTESIAN_POINT('',(-4.91087306927,-0.714289900713));
#4751 = CARTESIAN_POINT('',(-4.91189040366,-0.663667945986));
#4752 = CARTESIAN_POINT('',(-4.91278546803,-0.615696623662));
#4753 = CARTESIAN_POINT('',(-4.913578931652,-0.570001933721));
#4754 = CARTESIAN_POINT('',(-4.91428540924,-0.526312519539));
#4755 = CARTESIAN_POINT('',(-4.914916697652,-0.48439463653));
#4756 = CARTESIAN_POINT('',(-4.915482884022,-0.444030176369));
#4757 = CARTESIAN_POINT('',(-4.916761072802,-0.346006890657));
#4758 = CARTESIAN_POINT('',(-4.917397928169,-0.290194233771));
#4759 = CARTESIAN_POINT('',(-4.917928171271,-0.237010002615));
#4760 = CARTESIAN_POINT('',(-4.918368914809,-0.186073564654));
#4761 = CARTESIAN_POINT('',(-4.918732253838,-0.137113585388));
#4762 = CARTESIAN_POINT('',(-4.919027813957,-8.990669170734E-02));
#4763 = CARTESIAN_POINT('',(-4.919263698187,-4.425464157057E-02));
#4764 = CARTESIAN_POINT('',(-4.919445832538,0.));
#4765 = ( GEOMETRIC_REPRESENTATION_CONTEXT(2) 
PARAMETRIC_REPRESENTATION_CONTEXT() REPRESENTATION_CONTEXT('2D SPACE',''
  ) );
#4766 = PCURVE('',#4767,#4772);
#4767 = CONICAL_SURFACE('',#4768,2.109256323348,0.785398125648);
#4768 = AXIS2_PLACEMENT_3D('',#4769,#4770,#4771);
#4769 = CARTESIAN_POINT('',(177.64399082704,-1.425064985666E-15,
    -113.4509947553));
#4770 = DIRECTION('',(1.,-1.110223024625E-16,-0.));
#4771 = DIRECTION('',(1.110223024625E-16,1.,0.));
#4772 = DEFINITIONAL_REPRESENTATION('',(#4773),#4888);
#4773 = B_SPLINE_CURVE_WITH_KNOTS('',8,(#4774,#4775,#4776,#4777,#4778,
    #4779,#4780,#4781,#4782,#4783,#4784,#4785,#4786,#4787,#4788,#4789,
    #4790,#4791,#4792,#4793,#4794,#4795,#4796,#4797,#4798,#4799,#4800,
    #4801,#4802,#4803,#4804,#4805,#4806,#4807,#4808,#4809,#4810,#4811,
    #4812,#4813,#4814,#4815,#4816,#4817,#4818,#4819,#4820,#4821,#4822,
    #4823,#4824,#4825,#4826,#4827,#4828,#4829,#4830,#4831,#4832,#4833,
    #4834,#4835,#4836,#4837,#4838,#4839,#4840,#4841,#4842,#4843,#4844,
    #4845,#4846,#4847,#4848,#4849,#4850,#4851,#4852,#4853,#4854,#4855,
    #4856,#4857,#4858,#4859,#4860,#4861,#4862,#4863,#4864,#4865,#4866,
    #4867,#4868,#4869,#4870,#4871,#4872,#4873,#4874,#4875,#4876,#4877,
    #4878,#4879,#4880,#4881,#4882,#4883,#4884,#4885,#4886,#4887),
  .UNSPECIFIED.,.F.,.F.,(9,7,7,7,7,7,7,7,7,7,7,7,7,7,7,7,9),(0.,
    0.117046071079,0.189913704123,0.26276333959,0.361580562856,
    0.446470778185,0.477440003109,0.501430254585,0.519839901927,
    0.562577285471,0.629969745125,0.724468028146,0.767693529479,
    0.808041928604,0.871036046038,0.922336264589,1.),.UNSPECIFIED.);
#4774 = CARTESIAN_POINT('',(3.14159265359,0.743275646704));
#4775 = CARTESIAN_POINT('',(3.118859305995,0.738484791724));
#4776 = CARTESIAN_POINT('',(3.095072013535,0.733782274488));
#4777 = CARTESIAN_POINT('',(3.069975245439,0.729158954515));
#4778 = CARTESIAN_POINT('',(3.043222581346,0.724627037457));
#4779 = CARTESIAN_POINT('',(3.014574870012,0.720204513045));
#4780 = CARTESIAN_POINT('',(2.983371575532,0.715949397915));
#4781 = CARTESIAN_POINT('',(2.94922063268,0.711917721932));
#4782 = CARTESIAN_POINT('',(2.885847018706,0.705986895502));
#4783 = CARTESIAN_POINT('',(2.859594365773,0.703854255369));
#4784 = CARTESIAN_POINT('',(2.830443057233,0.701857348862));
#4785 = CARTESIAN_POINT('',(2.797837934642,0.700108018183));
#4786 = CARTESIAN_POINT('',(2.761579791914,0.698788944243));
#4787 = CARTESIAN_POINT('',(2.722027876586,0.69816296402));
#4788 = CARTESIAN_POINT('',(2.680244142687,0.698415851526));
#4789 = CARTESIAN_POINT('',(2.600162901682,0.700189133907));
#4790 = CARTESIAN_POINT('',(2.563500806678,0.701673078376));
#4791 = CARTESIAN_POINT('',(2.529369576297,0.703523560223));
#4792 = CARTESIAN_POINT('',(2.497491073623,0.705624119724));
#4793 = CARTESIAN_POINT('',(2.467470609382,0.707878595388));
#4794 = CARTESIAN_POINT('',(2.438965278129,0.710246095743));
#4795 = CARTESIAN_POINT('',(2.411525029248,0.712710020249));
#4796 = CARTESIAN_POINT('',(2.348070809467,0.718791230064));
#4797 = CARTESIAN_POINT('',(2.313157288923,0.722441947664));
#4798 = CARTESIAN_POINT('',(2.279251897359,0.726197942721));
#4799 = CARTESIAN_POINT('',(2.246031340369,0.73003224416));
#4800 = CARTESIAN_POINT('',(2.213223813358,0.733924278453));
#4801 = CARTESIAN_POINT('',(2.18056461468,0.737857892312));
#4802 = CARTESIAN_POINT('',(2.147795743338,0.741822100972));
#4803 = CARTESIAN_POINT('',(2.086023093236,0.749231659558));
#4804 = CARTESIAN_POINT('',(2.05720127405,0.752663922725));
#4805 = CARTESIAN_POINT('',(2.027872199673,0.756101357805));
#4806 = CARTESIAN_POINT('',(1.997771806349,0.759536537411));
#4807 = CARTESIAN_POINT('',(1.966686051742,0.762959837474));
#4808 = CARTESIAN_POINT('',(1.934157467276,0.766352688806));
#4809 = CARTESIAN_POINT('',(1.89982058296,0.769694930797));
#4810 = CARTESIAN_POINT('',(1.848655672978,0.77412817434));
#4811 = CARTESIAN_POINT('',(1.834574015858,0.775299157277));
#4812 = CARTESIAN_POINT('',(1.820022902845,0.776454822579));
#4813 = CARTESIAN_POINT('',(1.804917210136,0.777591940424));
#4814 = CARTESIAN_POINT('',(1.789166749926,0.778705801959));
#4815 = CARTESIAN_POINT('',(1.772665244566,0.779789871181));
#4816 = CARTESIAN_POINT('',(1.755252358297,0.780834587012));
#4817 = CARTESIAN_POINT('',(1.722237573103,0.782592771321));
#4818 = CARTESIAN_POINT('',(1.707249246052,0.783320152672));
#4819 = CARTESIAN_POINT('',(1.69143799714,0.784009446102));
#4820 = CARTESIAN_POINT('',(1.674594450971,0.784650943128));
#4821 = CARTESIAN_POINT('',(1.656585743782,0.785225958998));
#4822 = CARTESIAN_POINT('',(1.637330269234,0.785704482325));
#4823 = CARTESIAN_POINT('',(1.616823908859,0.786047386745));
#4824 = CARTESIAN_POINT('',(1.578844016997,0.786357457994));
#4825 = CARTESIAN_POINT('',(1.561760052726,0.786393843162));
#4826 = CARTESIAN_POINT('',(1.54475414121,0.78631243514));
#4827 = CARTESIAN_POINT('',(1.528236487388,0.786120877649));
#4828 = CARTESIAN_POINT('',(1.512428315043,0.785838744872));
#4829 = CARTESIAN_POINT('',(1.497414232736,0.785486785083));
#4830 = CARTESIAN_POINT('',(1.483174682523,0.785080677173));
#4831 = CARTESIAN_POINT('',(1.438081889523,0.783581454924));
#4832 = CARTESIAN_POINT('',(1.410417009756,0.782299141653));
#4833 = CARTESIAN_POINT('',(1.384998166284,0.780894195608));
#4834 = CARTESIAN_POINT('',(1.361617601291,0.779401565676));
#4835 = CARTESIAN_POINT('',(1.339727301995,0.777864651227));
#4836 = CARTESIAN_POINT('',(1.319114190989,0.776290645607));
#4837 = CARTESIAN_POINT('',(1.29943779749,0.774686354478));
#4838 = CARTESIAN_POINT('',(1.25031968684,0.770443080167));
#4839 = CARTESIAN_POINT('',(1.222287617755,0.767784706458));
#4840 = CARTESIAN_POINT('',(1.195601531735,0.76508800058));
#4841 = CARTESIAN_POINT('',(1.169963043313,0.762366489629));
#4842 = CARTESIAN_POINT('',(1.145150572576,0.759630191546));
#4843 = CARTESIAN_POINT('',(1.120970161179,0.75688652128));
#4844 = CARTESIAN_POINT('',(1.097285238382,0.754139622336));
#4845 = CARTESIAN_POINT('',(1.041228059074,0.74753934263));
#4846 = CARTESIAN_POINT('',(1.009248380098,0.743691502351));
#4847 = CARTESIAN_POINT('',(0.977653393938,0.739859151607));
#4848 = CARTESIAN_POINT('',(0.946194726084,0.736052740311));
#4849 = CARTESIAN_POINT('',(0.914644715344,0.732284454898));
#4850 = CARTESIAN_POINT('',(0.882777039901,0.728568438002));
#4851 = CARTESIAN_POINT('',(0.850341844223,0.724921839256));
#4852 = CARTESIAN_POINT('',(0.801692168386,0.71974424382));
#4853 = CARTESIAN_POINT('',(0.786231576962,0.718139418836));
#4854 = CARTESIAN_POINT('',(0.77054102837,0.716557195747));
#4855 = CARTESIAN_POINT('',(0.754582936764,0.715000560872));
#4856 = CARTESIAN_POINT('',(0.738316206917,0.713473320593));
#4857 = CARTESIAN_POINT('',(0.721691907481,0.711980372252));
#4858 = CARTESIAN_POINT('',(0.704648944257,0.710527975046));
#4859 = CARTESIAN_POINT('',(0.670737932165,0.707813535933));
#4860 = CARTESIAN_POINT('',(0.653957552155,0.706547451478));
#4861 = CARTESIAN_POINT('',(0.636684025258,0.70533011206));
#4862 = CARTESIAN_POINT('',(0.618835145501,0.704170058655));
#4863 = CARTESIAN_POINT('',(0.600332883592,0.703079696215));
#4864 = CARTESIAN_POINT('',(0.581097956782,0.702075846041));
#4865 = CARTESIAN_POINT('',(0.561037154107,0.701181183007));
#4866 = CARTESIAN_POINT('',(0.507215617201,0.69924842878));
#4867 = CARTESIAN_POINT('',(0.469927290806,0.698334369285));
#4868 = CARTESIAN_POINT('',(0.431762526169,0.698048370706));
#4869 = CARTESIAN_POINT('',(0.394867386325,0.698509683988));
#4870 = CARTESIAN_POINT('',(0.360412641813,0.699572376606));
#4871 = CARTESIAN_POINT('',(0.329066057203,0.701049490462));
#4872 = CARTESIAN_POINT('',(0.301115395859,0.70274769462));
#4873 = CARTESIAN_POINT('',(0.256462040974,0.705975478663));
#4874 = CARTESIAN_POINT('',(0.237756712113,0.707540929176));
#4875 = CARTESIAN_POINT('',(0.220134218652,0.709196614392));
#4876 = CARTESIAN_POINT('',(0.20343262633,0.710924350452));
#4877 = CARTESIAN_POINT('',(0.187535750345,0.712711158756));
#4878 = CARTESIAN_POINT('',(0.172345138361,0.714547442234));
#4879 = CARTESIAN_POINT('',(0.157770526988,0.71642636511));
#4880 = CARTESIAN_POINT('',(0.122495986063,0.721248186004));
#4881 = CARTESIAN_POINT('',(0.102523110208,0.724237134243));
#4882 = CARTESIAN_POINT('',(8.357843559952E-02,0.72729433159));
#4883 = CARTESIAN_POINT('',(6.55063669149E-02,0.730407675693));
#4884 = CARTESIAN_POINT('',(4.81965847961E-02,0.733568263901));
#4885 = CARTESIAN_POINT('',(3.155894710559E-02,0.736769380894));
#4886 = CARTESIAN_POINT('',(1.551412874004E-02,0.740006121221));
#4887 = CARTESIAN_POINT('',(0.,0.743275646704));
#4888 = ( GEOMETRIC_REPRESENTATION_CONTEXT(2) 
PARAMETRIC_REPRESENTATION_CONTEXT() REPRESENTATION_CONTEXT('2D SPACE',''
  ) );
#4889 = ADVANCED_FACE('',(#4890),#3544,.T.);
#4890 = FACE_BOUND('',#4891,.T.);
#4891 = EDGE_LOOP('',(#4892,#4893,#4924,#4925,#4926,#4927,#4928,#4929,
    #4950,#4980,#4981,#4982));
#4892 = ORIENTED_EDGE('',*,*,#4412,.F.);
#4893 = ORIENTED_EDGE('',*,*,#4894,.T.);
#4894 = EDGE_CURVE('',#4357,#3596,#4895,.T.);
#4895 = SURFACE_CURVE('',#4896,(#4907,#4918),.PCURVE_S1.);
#4896 = ( BOUNDED_CURVE() B_SPLINE_CURVE(3,(#4897,#4898,#4899,#4900,
    #4901,#4902,#4903,#4904,#4905,#4906),.UNSPECIFIED.,.F.,.F.) 
B_SPLINE_CURVE_WITH_KNOTS((4,3,3,4),(-1.39161532665,0.,4.513902197165,
6.929527428843),.UNSPECIFIED.) CURVE() GEOMETRIC_REPRESENTATION_ITEM() 
RATIONAL_B_SPLINE_CURVE((1.,1.,1.,1.,1.,1.,1.,1.,1.,1.)) 
REPRESENTATION_ITEM('') );
#4897 = CARTESIAN_POINT('',(157.52766393773,-12.04807565853,
    -111.1479649609));
#4898 = CARTESIAN_POINT('',(157.58981366293,-12.01923885708,
    -111.7974640536));
#4899 = CARTESIAN_POINT('',(157.65202340668,-11.99025670952,
    -112.4469556548));
#4900 = CARTESIAN_POINT('',(157.71429892609,-11.96112658058,
    -113.0964391025));
#4901 = CARTESIAN_POINT('',(157.91614006072,-11.8668603115,
    -115.2000305825));
#4902 = CARTESIAN_POINT('',(158.11196745944,-11.77419488398,
    -117.2334183485));
#4903 = CARTESIAN_POINT('',(158.30224652613,-11.68316106398,
    -119.2006133707));
#4904 = CARTESIAN_POINT('',(158.40416346307,-11.63430938407,
    -120.2552006696));
#4905 = CARTESIAN_POINT('',(158.5063141421,-11.58504419834,
    -121.3097587524));
#4906 = CARTESIAN_POINT('',(158.6087402287,-11.53535238892,
    -122.3642827224));
#4907 = PCURVE('',#3544,#4908);
#4908 = DEFINITIONAL_REPRESENTATION('',(#4909),#4917);
#4909 = B_SPLINE_CURVE_WITH_KNOTS('',3,(#4910,#4911,#4912,#4913,#4914,
    #4915,#4916),.UNSPECIFIED.,.F.,.F.,(4,3,4),(0.254079498457,
    4.513902197165,4.710293134854),.UNSPECIFIED.);
#4910 = CARTESIAN_POINT('',(2.60780506093,9.67748504692E-17));
#4911 = CARTESIAN_POINT('',(2.616327728279,-1.977737641053));
#4912 = CARTESIAN_POINT('',(2.62489060535,-3.89315349001));
#4913 = CARTESIAN_POINT('',(2.633496931768,-5.749618615407));
#4914 = CARTESIAN_POINT('',(2.633893782317,-5.835356827521));
#4915 = CARTESIAN_POINT('',(2.63429130171,-5.921094846525));
#4916 = CARTESIAN_POINT('',(2.63468949504,-6.006832669787));
#4917 = ( GEOMETRIC_REPRESENTATION_CONTEXT(2) 
PARAMETRIC_REPRESENTATION_CONTEXT() REPRESENTATION_CONTEXT('2D SPACE',''
  ) );
#4918 = PCURVE('',#3687,#4919);
#4919 = DEFINITIONAL_REPRESENTATION('',(#4920),#4923);
#4920 = B_SPLINE_CURVE_WITH_KNOTS('',1,(#4921,#4922),.UNSPECIFIED.,.F.,
  .F.,(2,2),(0.254079498457,4.710293134854),.PIECEWISE_BEZIER_KNOTS.);
#4921 = CARTESIAN_POINT('',(8.321142755493,0.254079498457));
#4922 = CARTESIAN_POINT('',(8.321142755493,4.710293134854));
#4923 = ( GEOMETRIC_REPRESENTATION_CONTEXT(2) 
PARAMETRIC_REPRESENTATION_CONTEXT() REPRESENTATION_CONTEXT('2D SPACE',''
  ) );
#4924 = ORIENTED_EDGE('',*,*,#3595,.F.);
#4925 = ORIENTED_EDGE('',*,*,#3561,.T.);
#4926 = ORIENTED_EDGE('',*,*,#3518,.T.);
#4927 = ORIENTED_EDGE('',*,*,#4260,.F.);
#4928 = ORIENTED_EDGE('',*,*,#4439,.F.);
#4929 = ORIENTED_EDGE('',*,*,#4930,.T.);
#4930 = EDGE_CURVE('',#4440,#4931,#4933,.T.);
#4931 = VERTEX_POINT('',#4932);
#4932 = CARTESIAN_POINT('',(164.80814655019,12.835845574618,
    -125.3342731883));
#4933 = SEAM_CURVE('',#4934,(#4938,#4944),.PCURVE_S1.);
#4934 = LINE('',#4935,#4936);
#4935 = CARTESIAN_POINT('',(164.80814655019,12.835845574618,
    -125.3342731883));
#4936 = VECTOR('',#4937,1.);
#4937 = DIRECTION('',(-9.676230951902E-18,-8.715574021868E-02,
    -0.996194698313));
#4938 = PCURVE('',#3544,#4939);
#4939 = DEFINITIONAL_REPRESENTATION('',(#4940),#4943);
#4940 = B_SPLINE_CURVE_WITH_KNOTS('',1,(#4941,#4942),.UNSPECIFIED.,.F.,
  .F.,(2,2),(-11.92867062348,0.),.PIECEWISE_BEZIER_KNOTS.);
#4941 = CARTESIAN_POINT('',(6.28318530718,0.));
#4942 = CARTESIAN_POINT('',(6.28318530718,-11.88327843303));
#4943 = ( GEOMETRIC_REPRESENTATION_CONTEXT(2) 
PARAMETRIC_REPRESENTATION_CONTEXT() REPRESENTATION_CONTEXT('2D SPACE',''
  ) );
#4944 = PCURVE('',#3544,#4945);
#4945 = DEFINITIONAL_REPRESENTATION('',(#4946),#4949);
#4946 = B_SPLINE_CURVE_WITH_KNOTS('',1,(#4947,#4948),.UNSPECIFIED.,.F.,
  .F.,(2,2),(-11.92867062348,0.),.PIECEWISE_BEZIER_KNOTS.);
#4947 = CARTESIAN_POINT('',(0.,0.));
#4948 = CARTESIAN_POINT('',(0.,-11.88327843303));
#4949 = ( GEOMETRIC_REPRESENTATION_CONTEXT(2) 
PARAMETRIC_REPRESENTATION_CONTEXT() REPRESENTATION_CONTEXT('2D SPACE',''
  ) );
#4950 = ORIENTED_EDGE('',*,*,#4951,.T.);
#4951 = EDGE_CURVE('',#4931,#4931,#4952,.T.);
#4952 = SURFACE_CURVE('',#4953,(#4958,#4964),.PCURVE_S1.);
#4953 = CIRCLE('',#4954,12.835845574618);
#4954 = AXIS2_PLACEMENT_3D('',#4955,#4956,#4957);
#4955 = CARTESIAN_POINT('',(164.80814655019,1.577721810442E-30,
    -125.3342731883));
#4956 = DIRECTION('',(0.,0.,1.));
#4957 = DIRECTION('',(-1.,1.110223024625E-16,0.));
#4958 = PCURVE('',#3544,#4959);
#4959 = DEFINITIONAL_REPRESENTATION('',(#4960),#4963);
#4960 = B_SPLINE_CURVE_WITH_KNOTS('',1,(#4961,#4962),.UNSPECIFIED.,.F.,
  .F.,(2,2),(4.712388980385,10.995574287564),.PIECEWISE_BEZIER_KNOTS.);
#4961 = CARTESIAN_POINT('',(0.,-11.88327843303));
#4962 = CARTESIAN_POINT('',(6.28318530718,-11.88327843303));
#4963 = ( GEOMETRIC_REPRESENTATION_CONTEXT(2) 
PARAMETRIC_REPRESENTATION_CONTEXT() REPRESENTATION_CONTEXT('2D SPACE',''
  ) );
#4964 = PCURVE('',#4965,#4970);
#4965 = PLANE('',#4966);
#4966 = AXIS2_PLACEMENT_3D('',#4967,#4968,#4969);
#4967 = CARTESIAN_POINT('',(164.80814655019,1.577721810442E-30,
    -125.3342731883));
#4968 = DIRECTION('',(0.,0.,-1.));
#4969 = DIRECTION('',(-1.110223024625E-16,-1.,-0.));
#4970 = DEFINITIONAL_REPRESENTATION('',(#4971),#4979);
#4971 = ( BOUNDED_CURVE() B_SPLINE_CURVE(2,(#4972,#4973,#4974,#4975,
#4976,#4977,#4978),.UNSPECIFIED.,.T.,.F.) B_SPLINE_CURVE_WITH_KNOTS((1,2
    ,2,2,2,1),(-2.094395102393,0.,2.094395102393,4.188790204786,
6.28318530718,8.377580409573),.UNSPECIFIED.) CURVE() 
GEOMETRIC_REPRESENTATION_ITEM() RATIONAL_B_SPLINE_CURVE((1.,0.5,1.,0.5,
1.,0.5,1.)) REPRESENTATION_ITEM('') );
#4972 = CARTESIAN_POINT('',(0.,12.835845574618));
#4973 = CARTESIAN_POINT('',(22.232336693347,12.835845574618));
#4974 = CARTESIAN_POINT('',(11.116168346674,-6.417922787309));
#4975 = CARTESIAN_POINT('',(3.143875439461E-15,-25.67169114923));
#4976 = CARTESIAN_POINT('',(-11.11616834667,-6.417922787309));
#4977 = CARTESIAN_POINT('',(-22.23233669334,12.835845574618));
#4978 = CARTESIAN_POINT('',(0.,12.835845574618));
#4979 = ( GEOMETRIC_REPRESENTATION_CONTEXT(2) 
PARAMETRIC_REPRESENTATION_CONTEXT() REPRESENTATION_CONTEXT('2D SPACE',''
  ) );
#4980 = ORIENTED_EDGE('',*,*,#4930,.F.);
#4981 = ORIENTED_EDGE('',*,*,#4509,.F.);
#4982 = ORIENTED_EDGE('',*,*,#4983,.F.);
#4983 = EDGE_CURVE('',#4413,#4510,#4984,.T.);
#4984 = SURFACE_CURVE('',#4985,(#5100,#5218),.PCURVE_S1.);
#4985 = B_SPLINE_CURVE_WITH_KNOTS('',8,(#4986,#4987,#4988,#4989,#4990,
    #4991,#4992,#4993,#4994,#4995,#4996,#4997,#4998,#4999,#5000,#5001,
    #5002,#5003,#5004,#5005,#5006,#5007,#5008,#5009,#5010,#5011,#5012,
    #5013,#5014,#5015,#5016,#5017,#5018,#5019,#5020,#5021,#5022,#5023,
    #5024,#5025,#5026,#5027,#5028,#5029,#5030,#5031,#5032,#5033,#5034,
    #5035,#5036,#5037,#5038,#5039,#5040,#5041,#5042,#5043,#5044,#5045,
    #5046,#5047,#5048,#5049,#5050,#5051,#5052,#5053,#5054,#5055,#5056,
    #5057,#5058,#5059,#5060,#5061,#5062,#5063,#5064,#5065,#5066,#5067,
    #5068,#5069,#5070,#5071,#5072,#5073,#5074,#5075,#5076,#5077,#5078,
    #5079,#5080,#5081,#5082,#5083,#5084,#5085,#5086,#5087,#5088,#5089,
    #5090,#5091,#5092,#5093,#5094,#5095,#5096,#5097,#5098,#5099),
  .UNSPECIFIED.,.F.,.F.,(9,7,7,7,7,7,7,7,7,7,7,7,7,7,7,7,9),(0.,
    0.117046153574,0.189913837975,0.262763524787,0.3615808177,
    0.44647109286,0.477440329849,0.501430572084,0.519840208489,
    0.562577564747,0.629969981374,0.724468204062,0.767693677798,
    0.808042051162,0.871036128377,0.922336314174,1.),.UNSPECIFIED.);
#4986 = CARTESIAN_POINT('',(178.38726647374,-2.852531913937,
    -113.4509947553));
#4987 = CARTESIAN_POINT('',(178.38247561876,-2.847741059318,
    -113.5158423548));
#4988 = CARTESIAN_POINT('',(178.37777310152,-2.841350621907,
    -113.583446492));
#4989 = CARTESIAN_POINT('',(178.37314978156,-2.833113138376,
    -113.654479814));
#4990 = CARTESIAN_POINT('',(178.36861786447,-2.822571435197,
    -113.7298149705));
#4991 = CARTESIAN_POINT('',(178.3641953401,-2.809382004491,
    -113.8100578991));
#4992 = CARTESIAN_POINT('',(178.35994022494,-2.792492117674,
    -113.8967997488));
#4993 = CARTESIAN_POINT('',(178.35590854897,-2.771201115255,
    -113.9909737166));
#4994 = CARTESIAN_POINT('',(178.34997772254,-2.724473016972,
    -114.1634092934));
#4995 = CARTESIAN_POINT('',(178.3478450824,-2.703606780068,
    -114.2343557493));
#4996 = CARTESIAN_POINT('',(178.34584817591,-2.678682358823,
    -114.3125378644));
#4997 = CARTESIAN_POINT('',(178.34409884521,-2.648494617906,
    -114.3991647633));
#4998 = CARTESIAN_POINT('',(178.34277977128,-2.611834243174,
    -114.4943035444));
#4999 = CARTESIAN_POINT('',(178.34215379105,-2.567775907858,
    -114.5964399757));
#5000 = CARTESIAN_POINT('',(178.34240667856,-2.516143869633,
    -114.701871387));
#5001 = CARTESIAN_POINT('',(178.34417996094,-2.409594848409,
    -114.8999528202));
#5002 = CARTESIAN_POINT('',(178.34566390541,-2.35685523078,
    -114.9885584129));
#5003 = CARTESIAN_POINT('',(178.34751438726,-2.304712928893,
    -115.0692615938));
#5004 = CARTESIAN_POINT('',(178.34961494675,-2.253402096808,
    -115.1429907515));
#5005 = CARTESIAN_POINT('',(178.35186942243,-2.20294753811,
    -115.2109629994));
#5006 = CARTESIAN_POINT('',(178.35423692278,-2.153151715876,
    -115.2741419407));
#5007 = CARTESIAN_POINT('',(178.35670084729,-2.103527467033,
    -115.3336659686));
#5008 = CARTESIAN_POINT('',(178.3627820571,-1.984863803514,
    -115.4681245203));
#5009 = CARTESIAN_POINT('',(178.3664327747,-1.916464544519,
    -115.5395706934));
#5010 = CARTESIAN_POINT('',(178.37018876976,-1.847372276924,
    -115.6065589741));
#5011 = CARTESIAN_POINT('',(178.3740230712,-1.777214170829,
    -115.6698029243));
#5012 = CARTESIAN_POINT('',(178.37791510549,-1.705611188881,
    -115.7298199017));
#5013 = CARTESIAN_POINT('',(178.38184871935,-1.632128871825,
    -115.7870409314));
#5014 = CARTESIAN_POINT('',(178.38581292801,-1.556238786331,
    -115.8417621147));
#5015 = CARTESIAN_POINT('',(178.39322248659,-1.409145633336,
    -115.9393483498));
#5016 = CARTESIAN_POINT('',(178.39665474976,-1.338935071149,
    -115.9826975116));
#5017 = CARTESIAN_POINT('',(178.40009218485,-1.26595343621,
    -116.0245135565));
#5018 = CARTESIAN_POINT('',(178.40352736444,-1.189510149231,
    -116.0648925383));
#5019 = CARTESIAN_POINT('',(178.40695066451,-1.109029025697,
    -116.10387805));
#5020 = CARTESIAN_POINT('',(178.41034351584,-1.023200508215,
    -116.1414100781));
#5021 = CARTESIAN_POINT('',(178.41368575783,-0.930968316262,
    -116.1774086421));
#5022 = CARTESIAN_POINT('',(178.41811900094,-0.790997736163,
    -116.2240410442));
#5023 = CARTESIAN_POINT('',(178.41928998454,-0.752247913788,
    -116.2362463567));
#5024 = CARTESIAN_POINT('',(178.42044564956,-0.711976815126,
    -116.2481865504));
#5025 = CARTESIAN_POINT('',(178.42158276707,-0.669935243116,
    -116.2598362009));
#5026 = CARTESIAN_POINT('',(178.4226966289,-0.625857242802,
    -116.2711554451));
#5027 = CARTESIAN_POINT('',(178.42378069842,-0.579429142692,
    -116.2820874937));
#5028 = CARTESIAN_POINT('',(178.42482541366,-0.530180617761,
    -116.2925477951));
#5029 = CARTESIAN_POINT('',(178.42658359784,-0.436332192052,
    -116.3100404945));
#5030 = CARTESIAN_POINT('',(178.42731098026,-0.393576264059,
    -116.3172378181));
#5031 = CARTESIAN_POINT('',(178.42800027269,-0.348326604478,
    -116.3240243839));
#5032 = CARTESIAN_POINT('',(178.4286417699,-0.299974417458,
    -116.330310571));
#5033 = CARTESIAN_POINT('',(178.42921678638,-0.248126269513,
    -116.3359202462));
#5034 = CARTESIAN_POINT('',(178.4296953091,-0.1925452473,-116.3405721346
    ));
#5035 = CARTESIAN_POINT('',(178.43003821374,-0.133241707452,
    -116.3439003042));
#5036 = CARTESIAN_POINT('',(178.43034828489,-2.3312635154E-02,
    -116.346908136));
#5037 = CARTESIAN_POINT('',(178.43038467031,2.616560360376E-02,
    -116.347259537));
#5038 = CARTESIAN_POINT('',(178.43030326223,7.542338087858E-02,
    -116.3464711922));
#5039 = CARTESIAN_POINT('',(178.43011170461,0.12323798734,
    -116.3446157852));
#5040 = CARTESIAN_POINT('',(178.42982957188,0.168942659835,
    -116.3418785557));
#5041 = CARTESIAN_POINT('',(178.4294776122,0.212282216986,
    -116.3384551897));
#5042 = CARTESIAN_POINT('',(178.4290715042,0.253314184986,
    -116.3344929164));
#5043 = CARTESIAN_POINT('',(178.42757228196,0.382988317305,
    -116.3198182841));
#5044 = CARTESIAN_POINT('',(178.42628996869,0.462101075762,
    -116.3071963827));
#5045 = CARTESIAN_POINT('',(178.42488502265,0.53432076068,
    -116.2932472192));
#5046 = CARTESIAN_POINT('',(178.4233923927,0.600279123613,
    -116.2782769963));
#5047 = CARTESIAN_POINT('',(178.42185547827,0.661592328395,
    -116.2626920022));
#5048 = CARTESIAN_POINT('',(178.42028147264,0.718899876343,
    -116.2465495526));
#5049 = CARTESIAN_POINT('',(178.41867718151,0.773190323808,
    -116.2299010296));
#5050 = CARTESIAN_POINT('',(178.4144339072,0.90761964572,-116.1852954491
    ));
#5051 = CARTESIAN_POINT('',(178.41177553349,0.983248805351,
    -116.1568133079));
#5052 = CARTESIAN_POINT('',(178.40907882762,1.054228427659,
    -116.1273089162));
#5053 = CARTESIAN_POINT('',(178.40635731666,1.12142691154,
    -116.0968543723));
#5054 = CARTESIAN_POINT('',(178.40362101858,1.185481912982,
    -116.0654868626));
#5055 = CARTESIAN_POINT('',(178.40087734832,1.246941080601,
    -116.0332131261));
#5056 = CARTESIAN_POINT('',(178.39813044937,1.306170854289,
    -115.9999965147));
#5057 = CARTESIAN_POINT('',(178.39153016967,1.443995543754,
    -115.9177577886));
#5058 = CARTESIAN_POINT('',(178.38768232939,1.520661487829,
    -115.8678301821));
#5059 = CARTESIAN_POINT('',(178.38384997865,1.594461246416,
    -115.8158256261));
#5060 = CARTESIAN_POINT('',(178.38004356735,1.665966038669,
    -115.761550418));
#5061 = CARTESIAN_POINT('',(178.37627528193,1.735625912462,
    -115.7047339869));
#5062 = CARTESIAN_POINT('',(178.37255926504,1.803830417,-115.6450348342)
  );
#5063 = CARTESIAN_POINT('',(178.36891266629,1.870936089501,
    -115.581978494));
#5064 = CARTESIAN_POINT('',(178.36373507086,1.967791375819,
    -115.4839498779));
#5065 = CARTESIAN_POINT('',(178.36213024587,1.998042724871,
    -115.4523161955));
#5066 = CARTESIAN_POINT('',(178.36054802278,2.028192401523,
    -115.419729027));
#5067 = CARTESIAN_POINT('',(178.35899138791,2.058280067113,
    -115.3860996881));
#5068 = CARTESIAN_POINT('',(178.35746414763,2.088343871322,
    -115.3513267177));
#5069 = CARTESIAN_POINT('',(178.35597119929,2.118424723293,
    -115.3152848726));
#5070 = CARTESIAN_POINT('',(178.35451880208,2.148570562737,
    -115.2778141235));
#5071 = CARTESIAN_POINT('',(178.35180436297,2.207095771985,
    -115.2022059363));
#5072 = CARTESIAN_POINT('',(178.35053827851,2.23541638357,-115.164331069
    ));
#5073 = CARTESIAN_POINT('',(178.3493209391,2.263890586791,
    -115.1248708032));
#5074 = CARTESIAN_POINT('',(178.34816088569,2.292577585905,
    -115.0836031794));
#5075 = CARTESIAN_POINT('',(178.34707052325,2.321509771264,
    -115.0403058919));
#5076 = CARTESIAN_POINT('',(178.34606667308,2.350698830231,
    -114.9947441835));
#5077 = CARTESIAN_POINT('',(178.34517201004,2.380145866188,
    -114.946638264));
#5078 = CARTESIAN_POINT('',(178.34323925582,2.456239704637,
    -114.8159424546));
#5079 = CARTESIAN_POINT('',(178.34232519632,2.506314690078,
    -114.7239131646));
#5080 = CARTESIAN_POINT('',(178.34203919774,2.553691011411,
    -114.6276545567));
#5081 = CARTESIAN_POINT('',(178.34250051102,2.595470281178,
    -114.5327051269));
#5082 = CARTESIAN_POINT('',(178.34356320365,2.631287071705,
    -114.4427143123));
#5083 = CARTESIAN_POINT('',(178.34504031749,2.66133491736,
    -114.3598429326));
#5084 = CARTESIAN_POINT('',(178.34673852166,2.686286795158,
    -114.2852759569));
#5085 = CARTESIAN_POINT('',(178.3499663057,2.723691953374,-114.165284656
    ));
#5086 = CARTESIAN_POINT('',(178.35153175621,2.738343362014,
    -114.1146627013));
#5087 = CARTESIAN_POINT('',(178.35318744143,2.751299650915,
    -114.0666913789));
#5088 = CARTESIAN_POINT('',(178.35491517749,2.762845643,-114.020996689)
  );
#5089 = CARTESIAN_POINT('',(178.35670198579,2.77318284448,
    -113.9773072748));
#5090 = CARTESIAN_POINT('',(178.35853826927,2.782474195591,
    -113.9353893918));
#5091 = CARTESIAN_POINT('',(178.36041719215,2.790859376439,
    -113.8950249316));
#5092 = CARTESIAN_POINT('',(178.36523901304,2.809918233942,
    -113.7970016459));
#5093 = CARTESIAN_POINT('',(178.36822796128,2.819544614974,
    -113.741188989));
#5094 = CARTESIAN_POINT('',(178.37128515863,2.82768408519,
    -113.6880047579));
#5095 = CARTESIAN_POINT('',(178.37439850273,2.834573748486,
    -113.6370683199));
#5096 = CARTESIAN_POINT('',(178.37755909094,2.84038121382,
    -113.5881083407));
#5097 = CARTESIAN_POINT('',(178.38076020793,2.845240007829,
    -113.540901447));
#5098 = CARTESIAN_POINT('',(178.38399694826,2.849262724795,
    -113.4952493968));
#5099 = CARTESIAN_POINT('',(178.38726647374,2.852531913937,
    -113.4509947553));
#5100 = PCURVE('',#3544,#5101);
#5101 = DEFINITIONAL_REPRESENTATION('',(#5102),#5217);
#5102 = B_SPLINE_CURVE_WITH_KNOTS('',8,(#5103,#5104,#5105,#5106,#5107,
    #5108,#5109,#5110,#5111,#5112,#5113,#5114,#5115,#5116,#5117,#5118,
    #5119,#5120,#5121,#5122,#5123,#5124,#5125,#5126,#5127,#5128,#5129,
    #5130,#5131,#5132,#5133,#5134,#5135,#5136,#5137,#5138,#5139,#5140,
    #5141,#5142,#5143,#5144,#5145,#5146,#5147,#5148,#5149,#5150,#5151,
    #5152,#5153,#5154,#5155,#5156,#5157,#5158,#5159,#5160,#5161,#5162,
    #5163,#5164,#5165,#5166,#5167,#5168,#5169,#5170,#5171,#5172,#5173,
    #5174,#5175,#5176,#5177,#5178,#5179,#5180,#5181,#5182,#5183,#5184,
    #5185,#5186,#5187,#5188,#5189,#5190,#5191,#5192,#5193,#5194,#5195,
    #5196,#5197,#5198,#5199,#5200,#5201,#5202,#5203,#5204,#5205,#5206,
    #5207,#5208,#5209,#5210,#5211,#5212,#5213,#5214,#5215,#5216),
  .UNSPECIFIED.,.F.,.F.,(9,7,7,7,7,7,7,7,7,7,7,7,7,7,7,7,9),(0.,
    0.117046153574,0.189913837975,0.262763524787,0.3615808177,
    0.44647109286,0.477440329849,0.501430572084,0.519840208489,
    0.562577564747,0.629969981374,0.724468204062,0.767693677798,
    0.808042051162,0.871036128377,0.922336314174,1.),.UNSPECIFIED.);
#5103 = CARTESIAN_POINT('',(4.505332128231,0.));
#5104 = CARTESIAN_POINT('',(4.505599045975,-6.484759952555E-02));
#5105 = CARTESIAN_POINT('',(4.505980343966,-0.132451736765));
#5106 = CARTESIAN_POINT('',(4.506493521509,-0.203485058764));
#5107 = CARTESIAN_POINT('',(4.507171374623,-0.278820215203));
#5108 = CARTESIAN_POINT('',(4.508038626096,-0.359063143813));
#5109 = CARTESIAN_POINT('',(4.509171368617,-0.445804993517));
#5110 = CARTESIAN_POINT('',(4.51062047913,-0.539978961292));
#5111 = CARTESIAN_POINT('',(4.513849501056,-0.712414538134));
#5112 = CARTESIAN_POINT('',(4.515300000142,-0.783360994002));
#5113 = CARTESIAN_POINT('',(4.517041969678,-0.861543109073));
#5114 = CARTESIAN_POINT('',(4.519163402398,-0.948170008056));
#5115 = CARTESIAN_POINT('',(4.521754177552,-1.043308789135));
#5116 = CARTESIAN_POINT('',(4.52488559253,-1.1454452204));
#5117 = CARTESIAN_POINT('',(4.528575792104,-1.250876631727));
#5118 = CARTESIAN_POINT('',(4.536218605988,-1.448958064932));
#5119 = CARTESIAN_POINT('',(4.540015032728,-1.537563657662));
#5120 = CARTESIAN_POINT('',(4.54377802672,-1.618266838499));
#5121 = CARTESIAN_POINT('',(4.547488688934,-1.691995996259));
#5122 = CARTESIAN_POINT('',(4.551143346939,-1.759968244122));
#5123 = CARTESIAN_POINT('',(4.554755257068,-1.823147185387));
#5124 = CARTESIAN_POINT('',(4.558358959724,-1.882671213317));
#5125 = CARTESIAN_POINT('',(4.566985649672,-2.017129765011));
#5126 = CARTESIAN_POINT('',(4.571965380285,-2.088575938094));
#5127 = CARTESIAN_POINT('',(4.577001329784,-2.155564218815));
#5128 = CARTESIAN_POINT('',(4.582119964683,-2.218808169049));
#5129 = CARTESIAN_POINT('',(4.587348446426,-2.278825146453));
#5130 = CARTESIAN_POINT('',(4.592718125208,-2.336046176143));
#5131 = CARTESIAN_POINT('',(4.598267423097,-2.390767359396));
#5132 = CARTESIAN_POINT('',(4.609029740676,-2.488353594548));
#5133 = CARTESIAN_POINT('',(4.61416927224,-2.531702756341));
#5134 = CARTESIAN_POINT('',(4.619513916805,-2.573518801266));
#5135 = CARTESIAN_POINT('',(4.625114227686,-2.613897783032));
#5136 = CARTESIAN_POINT('',(4.631012398986,-2.652883294751));
#5137 = CARTESIAN_POINT('',(4.637304494173,-2.690415322797));
#5138 = CARTESIAN_POINT('',(4.644067998713,-2.726413886806));
#5139 = CARTESIAN_POINT('',(4.654335092037,-2.773046288881));
#5140 = CARTESIAN_POINT('',(4.657177713329,-2.785251601407));
#5141 = CARTESIAN_POINT('',(4.660132183111,-2.797191795124));
#5142 = CARTESIAN_POINT('',(4.663216794934,-2.8088414456));
#5143 = CARTESIAN_POINT('',(4.666451074529,-2.82016068982));
#5144 = CARTESIAN_POINT('',(4.669858051499,-2.831092738428));
#5145 = CARTESIAN_POINT('',(4.673472255391,-2.841553039826));
#5146 = CARTESIAN_POINT('',(4.680359984573,-2.859045739214));
#5147 = CARTESIAN_POINT('',(4.683498078231,-2.866243062847));
#5148 = CARTESIAN_POINT('',(4.686819343278,-2.873029628596));
#5149 = CARTESIAN_POINT('',(4.690368472627,-2.879315815677));
#5150 = CARTESIAN_POINT('',(4.694174355105,-2.884925490897));
#5151 = CARTESIAN_POINT('',(4.698254381906,-2.889577379312));
#5152 = CARTESIAN_POINT('',(4.702607771315,-2.89290554896));
#5153 = CARTESIAN_POINT('',(4.710677596287,-2.895913380753));
#5154 = CARTESIAN_POINT('',(4.714309791341,-2.89626478171));
#5155 = CARTESIAN_POINT('',(4.717925807479,-2.895476436884));
#5156 = CARTESIAN_POINT('',(4.721435853568,-2.893621029892));
#5157 = CARTESIAN_POINT('',(4.724790958319,-2.890883800424));
#5158 = CARTESIAN_POINT('',(4.727972379159,-2.887460434437));
#5159 = CARTESIAN_POINT('',(4.730984339412,-2.883498161078));
#5160 = CARTESIAN_POINT('',(4.740502846856,-2.868823528826));
#5161 = CARTESIAN_POINT('',(4.746309561314,-2.856201627413));
#5162 = CARTESIAN_POINT('',(4.751609882873,-2.842252463919));
#5163 = CARTESIAN_POINT('',(4.756450208538,-2.827282241065));
#5164 = CARTESIAN_POINT('',(4.760949201312,-2.811697246933));
#5165 = CARTESIAN_POINT('',(4.765153822072,-2.795554797276));
#5166 = CARTESIAN_POINT('',(4.769136637213,-2.778906274362));
#5167 = CARTESIAN_POINT('',(4.778997333861,-2.734300693809));
#5168 = CARTESIAN_POINT('',(4.78454369399,-2.705818552594));
#5169 = CARTESIAN_POINT('',(4.789747892455,-2.676314160931));
#5170 = CARTESIAN_POINT('',(4.794673655024,-2.645859617041));
#5171 = CARTESIAN_POINT('',(4.799367759833,-2.614492107329));
#5172 = CARTESIAN_POINT('',(4.803870366388,-2.582218370853));
#5173 = CARTESIAN_POINT('',(4.808208313915,-2.549001759465));
#5174 = CARTESIAN_POINT('',(4.818299126078,-2.466763033278));
#5175 = CARTESIAN_POINT('',(4.823909360562,-2.416835426789));
#5176 = CARTESIAN_POINT('',(4.829306858802,-2.364830870811));
#5177 = CARTESIAN_POINT('',(4.834533291032,-2.310555662738));
#5178 = CARTESIAN_POINT('',(4.839621340653,-2.253739231587));
#5179 = CARTESIAN_POINT('',(4.844599163266,-2.194040078938));
#5180 = CARTESIAN_POINT('',(4.849492337478,-2.130983738701));
#5181 = CARTESIAN_POINT('',(4.856547032021,-2.032955122641));
#5182 = CARTESIAN_POINT('',(4.858749343143,-2.001321440208));
#5183 = CARTESIAN_POINT('',(4.860943051708,-1.968734271677));
#5184 = CARTESIAN_POINT('',(4.863130960416,-1.935104932823));
#5185 = CARTESIAN_POINT('',(4.865315742625,-1.900331962388));
#5186 = CARTESIAN_POINT('',(4.867500243589,-1.864290117352));
#5187 = CARTESIAN_POINT('',(4.869687781703,-1.826819368212));
#5188 = CARTESIAN_POINT('',(4.873931029273,-1.751211181059));
#5189 = CARTESIAN_POINT('',(4.875982715869,-1.713336313675));
#5190 = CARTESIAN_POINT('',(4.878043741183,-1.673876047913));
#5191 = CARTESIAN_POINT('',(4.880118176237,-1.632608424117));
#5192 = CARTESIAN_POINT('',(4.88220809634,-1.589311136666));
#5193 = CARTESIAN_POINT('',(4.884314015915,-1.54374942822));
#5194 = CARTESIAN_POINT('',(4.886435593279,-1.495643508714));
#5195 = CARTESIAN_POINT('',(4.891909012953,-1.364947699346));
#5196 = CARTESIAN_POINT('',(4.895502476173,-1.272918409343));
#5197 = CARTESIAN_POINT('',(4.898889284087,-1.176659801468));
#5198 = CARTESIAN_POINT('',(4.90186141049,-1.081710371584));
#5199 = CARTESIAN_POINT('',(4.90439688529,-0.991719557005));
#5200 = CARTESIAN_POINT('',(4.906513332022,-0.908848177312));
#5201 = CARTESIAN_POINT('',(4.908262564098,-0.834281201645));
#5202 = CARTESIAN_POINT('',(4.91087306927,-0.714289900713));
#5203 = CARTESIAN_POINT('',(4.91189040366,-0.663667945986));
#5204 = CARTESIAN_POINT('',(4.91278546803,-0.615696623662));
#5205 = CARTESIAN_POINT('',(4.913578931652,-0.570001933721));
#5206 = CARTESIAN_POINT('',(4.91428540924,-0.526312519539));
#5207 = CARTESIAN_POINT('',(4.914916697652,-0.48439463653));
#5208 = CARTESIAN_POINT('',(4.915482884022,-0.444030176369));
#5209 = CARTESIAN_POINT('',(4.916761072802,-0.346006890657));
#5210 = CARTESIAN_POINT('',(4.917397928169,-0.29019423377));
#5211 = CARTESIAN_POINT('',(4.917928171271,-0.237010002615));
#5212 = CARTESIAN_POINT('',(4.918368914809,-0.186073564654));
#5213 = CARTESIAN_POINT('',(4.918732253838,-0.137113585388));
#5214 = CARTESIAN_POINT('',(4.919027813957,-8.990669170727E-02));
#5215 = CARTESIAN_POINT('',(4.919263698187,-4.42546415706E-02));
#5216 = CARTESIAN_POINT('',(4.919445832538,0.));
#5217 = ( GEOMETRIC_REPRESENTATION_CONTEXT(2) 
PARAMETRIC_REPRESENTATION_CONTEXT() REPRESENTATION_CONTEXT('2D SPACE',''
  ) );
#5218 = PCURVE('',#4767,#5219);
#5219 = DEFINITIONAL_REPRESENTATION('',(#5220),#5335);
#5220 = B_SPLINE_CURVE_WITH_KNOTS('',8,(#5221,#5222,#5223,#5224,#5225,
    #5226,#5227,#5228,#5229,#5230,#5231,#5232,#5233,#5234,#5235,#5236,
    #5237,#5238,#5239,#5240,#5241,#5242,#5243,#5244,#5245,#5246,#5247,
    #5248,#5249,#5250,#5251,#5252,#5253,#5254,#5255,#5256,#5257,#5258,
    #5259,#5260,#5261,#5262,#5263,#5264,#5265,#5266,#5267,#5268,#5269,
    #5270,#5271,#5272,#5273,#5274,#5275,#5276,#5277,#5278,#5279,#5280,
    #5281,#5282,#5283,#5284,#5285,#5286,#5287,#5288,#5289,#5290,#5291,
    #5292,#5293,#5294,#5295,#5296,#5297,#5298,#5299,#5300,#5301,#5302,
    #5303,#5304,#5305,#5306,#5307,#5308,#5309,#5310,#5311,#5312,#5313,
    #5314,#5315,#5316,#5317,#5318,#5319,#5320,#5321,#5322,#5323,#5324,
    #5325,#5326,#5327,#5328,#5329,#5330,#5331,#5332,#5333,#5334),
  .UNSPECIFIED.,.F.,.F.,(9,7,7,7,7,7,7,7,7,7,7,7,7,7,7,7,9),(0.,
    0.117046153574,0.189913837975,0.262763524787,0.3615808177,
    0.44647109286,0.477440329849,0.501430572084,0.519840208489,
    0.562577564747,0.629969981374,0.724468204062,0.767693677798,
    0.808042051162,0.871036128377,0.922336314174,1.),.UNSPECIFIED.);
#5221 = CARTESIAN_POINT('',(3.14159265359,0.743275646704));
#5222 = CARTESIAN_POINT('',(3.164326001185,0.738484791724));
#5223 = CARTESIAN_POINT('',(3.188113293645,0.733782274488));
#5224 = CARTESIAN_POINT('',(3.21321006174,0.729158954515));
#5225 = CARTESIAN_POINT('',(3.239962725836,0.724627037457));
#5226 = CARTESIAN_POINT('',(3.268610437166,0.720204513045));
#5227 = CARTESIAN_POINT('',(3.299813731648,0.715949397915));
#5228 = CARTESIAN_POINT('',(3.333964674499,0.711917721932));
#5229 = CARTESIAN_POINT('',(3.397338288474,0.705986895502));
#5230 = CARTESIAN_POINT('',(3.423590941406,0.703854255369));
#5231 = CARTESIAN_POINT('',(3.452742249947,0.701857348862));
#5232 = CARTESIAN_POINT('',(3.485347372538,0.700108018183));
#5233 = CARTESIAN_POINT('',(3.521605515266,0.698788944243));
#5234 = CARTESIAN_POINT('',(3.561157430593,0.69816296402));
#5235 = CARTESIAN_POINT('',(3.602941164493,0.698415851526));
#5236 = CARTESIAN_POINT('',(3.683022405497,0.700189133907));
#5237 = CARTESIAN_POINT('',(3.719684500502,0.701673078376));
#5238 = CARTESIAN_POINT('',(3.753815730882,0.703523560223));
#5239 = CARTESIAN_POINT('',(3.785694233557,0.705624119724));
#5240 = CARTESIAN_POINT('',(3.815714697797,0.707878595388));
#5241 = CARTESIAN_POINT('',(3.844220029051,0.710246095743));
#5242 = CARTESIAN_POINT('',(3.871660277932,0.712710020249));
#5243 = CARTESIAN_POINT('',(3.935114497712,0.718791230064));
#5244 = CARTESIAN_POINT('',(3.970028018257,0.722441947664));
#5245 = CARTESIAN_POINT('',(4.00393340982,0.726197942721));
#5246 = CARTESIAN_POINT('',(4.03715396681,0.73003224416));
#5247 = CARTESIAN_POINT('',(4.069961493821,0.733924278453));
#5248 = CARTESIAN_POINT('',(4.1026206925,0.737857892312));
#5249 = CARTESIAN_POINT('',(4.135389563842,0.741822100972));
#5250 = CARTESIAN_POINT('',(4.197162213944,0.749231659558));
#5251 = CARTESIAN_POINT('',(4.225984033129,0.752663922725));
#5252 = CARTESIAN_POINT('',(4.255313107506,0.756101357805));
#5253 = CARTESIAN_POINT('',(4.28541350083,0.759536537411));
#5254 = CARTESIAN_POINT('',(4.316499255437,0.762959837474));
#5255 = CARTESIAN_POINT('',(4.349027839903,0.766352688806));
#5256 = CARTESIAN_POINT('',(4.38336472422,0.769694930797));
#5257 = CARTESIAN_POINT('',(4.434529629852,0.774128175107));
#5258 = CARTESIAN_POINT('',(4.448611294087,0.77529915683));
#5259 = CARTESIAN_POINT('',(4.463162403561,0.776454822708));
#5260 = CARTESIAN_POINT('',(4.478268092637,0.777591941165));
#5261 = CARTESIAN_POINT('',(4.494018556468,0.778705802103));
#5262 = CARTESIAN_POINT('',(4.510520065048,0.77978987078));
#5263 = CARTESIAN_POINT('',(4.52793294379,0.780834587852));
#5264 = CARTESIAN_POINT('',(4.560947726848,0.782592772261));
#5265 = CARTESIAN_POINT('',(4.575936068515,0.783320152498));
#5266 = CARTESIAN_POINT('',(4.591747303661,0.784009445889));
#5267 = CARTESIAN_POINT('',(4.608590852287,0.784650944126));
#5268 = CARTESIAN_POINT('',(4.626599567921,0.78522595963));
#5269 = CARTESIAN_POINT('',(4.645855034212,0.785704481486));
#5270 = CARTESIAN_POINT('',(4.666361397012,0.786047388056));
#5271 = CARTESIAN_POINT('',(4.704341287738,0.786357459653));
#5272 = CARTESIAN_POINT('',(4.72142525387,0.786393841866));
#5273 = CARTESIAN_POINT('',(4.738431166224,0.7863124346));
#5274 = CARTESIAN_POINT('',(4.754948819794,0.786120878616));
#5275 = CARTESIAN_POINT('',(4.770756991874,0.785838745196));
#5276 = CARTESIAN_POINT('',(4.785771074139,0.785486784131));
#5277 = CARTESIAN_POINT('',(4.80001062407,0.785080677622));
#5278 = CARTESIAN_POINT('',(4.845103417656,0.783581454924));
#5279 = CARTESIAN_POINT('',(4.872768297424,0.782299141653));
#5280 = CARTESIAN_POINT('',(4.898187140895,0.780894195608));
#5281 = CARTESIAN_POINT('',(4.921567705889,0.779401565676));
#5282 = CARTESIAN_POINT('',(4.943458005184,0.777864651227));
#5283 = CARTESIAN_POINT('',(4.96407111619,0.776290645607));
#5284 = CARTESIAN_POINT('',(4.98374750969,0.774686354478));
#5285 = CARTESIAN_POINT('',(5.03286562034,0.770443080167));
#5286 = CARTESIAN_POINT('',(5.060897689425,0.767784706458));
#5287 = CARTESIAN_POINT('',(5.087583775445,0.76508800058));
#5288 = CARTESIAN_POINT('',(5.113222263867,0.762366489629));
#5289 = CARTESIAN_POINT('',(5.138034734604,0.759630191546));
#5290 = CARTESIAN_POINT('',(5.162215146,0.75688652128));
#5291 = CARTESIAN_POINT('',(5.185900068798,0.754139622336));
#5292 = CARTESIAN_POINT('',(5.241957248106,0.74753934263));
#5293 = CARTESIAN_POINT('',(5.273936927082,0.743691502351));
#5294 = CARTESIAN_POINT('',(5.305531913242,0.739859151607));
#5295 = CARTESIAN_POINT('',(5.336990581096,0.736052740311));
#5296 = CARTESIAN_POINT('',(5.368540591835,0.732284454898));
#5297 = CARTESIAN_POINT('',(5.400408267279,0.728568438002));
#5298 = CARTESIAN_POINT('',(5.432843462957,0.724921839256));
#5299 = CARTESIAN_POINT('',(5.481493138793,0.71974424382));
#5300 = CARTESIAN_POINT('',(5.496953730217,0.718139418836));
#5301 = CARTESIAN_POINT('',(5.51264427881,0.716557195747));
#5302 = CARTESIAN_POINT('',(5.528602370415,0.715000560872));
#5303 = CARTESIAN_POINT('',(5.544869100263,0.713473320593));
#5304 = CARTESIAN_POINT('',(5.561493399699,0.711980372252));
#5305 = CARTESIAN_POINT('',(5.578536362922,0.710527975046));
#5306 = CARTESIAN_POINT('',(5.612447375014,0.707813535933));
#5307 = CARTESIAN_POINT('',(5.629227755025,0.706547451478));
#5308 = CARTESIAN_POINT('',(5.646501281922,0.70533011206));
#5309 = CARTESIAN_POINT('',(5.664350161679,0.704170058655));
#5310 = CARTESIAN_POINT('',(5.682852423588,0.703079696215));
#5311 = CARTESIAN_POINT('',(5.702087350398,0.702075846041));
#5312 = CARTESIAN_POINT('',(5.722148153072,0.701181183007));
#5313 = CARTESIAN_POINT('',(5.775969689979,0.69924842878));
#5314 = CARTESIAN_POINT('',(5.813258016374,0.698334369285));
#5315 = CARTESIAN_POINT('',(5.851422781009,0.698048370706));
#5316 = CARTESIAN_POINT('',(5.888317920856,0.698509683988));
#5317 = CARTESIAN_POINT('',(5.922772665366,0.699572376606));
#5318 = CARTESIAN_POINT('',(5.954119249977,0.701049490462));
#5319 = CARTESIAN_POINT('',(5.98206991132,0.70274769462));
#5320 = CARTESIAN_POINT('',(6.026723266205,0.705975478663));
#5321 = CARTESIAN_POINT('',(6.045428595067,0.707540929176));
#5322 = CARTESIAN_POINT('',(6.063051088528,0.709196614392));
#5323 = CARTESIAN_POINT('',(6.07975268085,0.710924350452));
#5324 = CARTESIAN_POINT('',(6.095649556834,0.712711158756));
#5325 = CARTESIAN_POINT('',(6.110840168818,0.714547442234));
#5326 = CARTESIAN_POINT('',(6.125414780192,0.71642636511));
#5327 = CARTESIAN_POINT('',(6.160689321117,0.721248186004));
#5328 = CARTESIAN_POINT('',(6.180662196971,0.724237134243));
#5329 = CARTESIAN_POINT('',(6.19960687158,0.72729433159));
#5330 = CARTESIAN_POINT('',(6.217678940265,0.730407675693));
#5331 = CARTESIAN_POINT('',(6.234988722383,0.733568263901));
#5332 = CARTESIAN_POINT('',(6.251626360074,0.736769380894));
#5333 = CARTESIAN_POINT('',(6.26767117844,0.740006121221));
#5334 = CARTESIAN_POINT('',(6.28318530718,0.743275646704));
#5335 = ( GEOMETRIC_REPRESENTATION_CONTEXT(2) 
PARAMETRIC_REPRESENTATION_CONTEXT() REPRESENTATION_CONTEXT('2D SPACE',''
  ) );
#5336 = ADVANCED_FACE('',(#5337),#3687,.F.);
#5337 = FACE_BOUND('',#5338,.F.);
#5338 = EDGE_LOOP('',(#5339,#5358,#5359,#5360));
#5339 = ORIENTED_EDGE('',*,*,#5340,.T.);
#5340 = EDGE_CURVE('',#4132,#4357,#5341,.T.);
#5341 = SURFACE_CURVE('',#5342,(#5346,#5352),.PCURVE_S1.);
#5342 = ( BOUNDED_CURVE() B_SPLINE_CURVE(2,(#5343,#5344,#5345),
.UNSPECIFIED.,.F.,.F.) B_SPLINE_CURVE_WITH_KNOTS((3,3),(0.,1.),
.PIECEWISE_BEZIER_KNOTS.) CURVE() GEOMETRIC_REPRESENTATION_ITEM() 
RATIONAL_B_SPLINE_CURVE((1.,0.957761631754,1.)) REPRESENTATION_ITEM('') 
  );
#5343 = CARTESIAN_POINT('',(148.17165534421,-9.508330066293,
    -114.5199786247));
#5344 = CARTESIAN_POINT('',(153.32271212348,-9.280192382197,
    -113.9373037572));
#5345 = CARTESIAN_POINT('',(157.74832566841,-11.94522353643,
    -113.4509947553));
#5346 = PCURVE('',#3687,#5347);
#5347 = DEFINITIONAL_REPRESENTATION('',(#5348),#5351);
#5348 = B_SPLINE_CURVE_WITH_KNOTS('',1,(#5349,#5350),.UNSPECIFIED.,.F.,
  .F.,(2,2),(0.,1.),.PIECEWISE_BEZIER_KNOTS.);
#5349 = CARTESIAN_POINT('',(0.,0.254079498457));
#5350 = CARTESIAN_POINT('',(8.321142755493,0.254079498457));
#5351 = ( GEOMETRIC_REPRESENTATION_CONTEXT(2) 
PARAMETRIC_REPRESENTATION_CONTEXT() REPRESENTATION_CONTEXT('2D SPACE',''
  ) );
#5352 = PCURVE('',#4159,#5353);
#5353 = DEFINITIONAL_REPRESENTATION('',(#5354),#5357);
#5354 = B_SPLINE_CURVE_WITH_KNOTS('',1,(#5355,#5356),.UNSPECIFIED.,.F.,
  .F.,(2,2),(0.,1.),.PIECEWISE_BEZIER_KNOTS.);
#5355 = CARTESIAN_POINT('',(0.,0.));
#5356 = CARTESIAN_POINT('',(1.,0.));
#5357 = ( GEOMETRIC_REPRESENTATION_CONTEXT(2) 
PARAMETRIC_REPRESENTATION_CONTEXT() REPRESENTATION_CONTEXT('2D SPACE',''
  ) );
#5358 = ORIENTED_EDGE('',*,*,#4894,.T.);
#5359 = ORIENTED_EDGE('',*,*,#3633,.F.);
#5360 = ORIENTED_EDGE('',*,*,#4193,.F.);
#5361 = ADVANCED_FACE('',(#5362),#4159,.T.);
#5362 = FACE_BOUND('',#5363,.T.);
#5363 = EDGE_LOOP('',(#5364,#5365,#5366));
#5364 = ORIENTED_EDGE('',*,*,#5340,.T.);
#5365 = ORIENTED_EDGE('',*,*,#4389,.F.);
#5366 = ORIENTED_EDGE('',*,*,#4131,.F.);
#5367 = ADVANCED_FACE('',(#5368),#4767,.F.);
#5368 = FACE_BOUND('',#5369,.T.);
#5369 = EDGE_LOOP('',(#5370,#5391,#5392,#5393,#5394));
#5370 = ORIENTED_EDGE('',*,*,#5371,.F.);
#5371 = EDGE_CURVE('',#4510,#5372,#5374,.T.);
#5372 = VERTEX_POINT('',#5373);
#5373 = CARTESIAN_POINT('',(177.64399082704,2.109256323348,
    -113.4509947553));
#5374 = SEAM_CURVE('',#5375,(#5379,#5385),.PCURVE_S1.);
#5375 = LINE('',#5376,#5377);
#5376 = CARTESIAN_POINT('',(177.64399082704,2.109256323348,
    -113.4509947553));
#5377 = VECTOR('',#5378,1.);
#5378 = DIRECTION('',(-0.707106807879,-0.707106754494,0.));
#5379 = PCURVE('',#4767,#5380);
#5380 = DEFINITIONAL_REPRESENTATION('',(#5381),#5384);
#5381 = B_SPLINE_CURVE_WITH_KNOTS('',1,(#5382,#5383),.UNSPECIFIED.,.F.,
  .F.,(2,2),(-1.051150460471,-3.304882066413E-17),
  .PIECEWISE_BEZIER_KNOTS.);
#5382 = CARTESIAN_POINT('',(0.,0.743275646704));
#5383 = CARTESIAN_POINT('',(0.,2.336904608398E-17));
#5384 = ( GEOMETRIC_REPRESENTATION_CONTEXT(2) 
PARAMETRIC_REPRESENTATION_CONTEXT() REPRESENTATION_CONTEXT('2D SPACE',''
  ) );
#5385 = PCURVE('',#4767,#5386);
#5386 = DEFINITIONAL_REPRESENTATION('',(#5387),#5390);
#5387 = B_SPLINE_CURVE_WITH_KNOTS('',1,(#5388,#5389),.UNSPECIFIED.,.F.,
  .F.,(2,2),(-1.051150460471,-3.304882066413E-17),
  .PIECEWISE_BEZIER_KNOTS.);
#5388 = CARTESIAN_POINT('',(6.28318530718,0.743275646704));
#5389 = CARTESIAN_POINT('',(6.28318530718,2.336904608398E-17));
#5390 = ( GEOMETRIC_REPRESENTATION_CONTEXT(2) 
PARAMETRIC_REPRESENTATION_CONTEXT() REPRESENTATION_CONTEXT('2D SPACE',''
  ) );
#5391 = ORIENTED_EDGE('',*,*,#4531,.F.);
#5392 = ORIENTED_EDGE('',*,*,#4983,.T.);
#5393 = ORIENTED_EDGE('',*,*,#5371,.T.);
#5394 = ORIENTED_EDGE('',*,*,#5395,.T.);
#5395 = EDGE_CURVE('',#5372,#5372,#5396,.T.);
#5396 = SURFACE_CURVE('',#5397,(#5402,#5408),.PCURVE_S1.);
#5397 = CIRCLE('',#5398,2.109256323348);
#5398 = AXIS2_PLACEMENT_3D('',#5399,#5400,#5401);
#5399 = CARTESIAN_POINT('',(177.64399082704,-1.425064985666E-15,
    -113.4509947553));
#5400 = DIRECTION('',(-1.,1.110223024625E-16,0.));
#5401 = DIRECTION('',(0.,0.,1.));
#5402 = PCURVE('',#4767,#5403);
#5403 = DEFINITIONAL_REPRESENTATION('',(#5404),#5407);
#5404 = B_SPLINE_CURVE_WITH_KNOTS('',1,(#5405,#5406),.UNSPECIFIED.,.F.,
  .F.,(2,2),(1.570796326795,7.853981633974),.PIECEWISE_BEZIER_KNOTS.);
#5405 = CARTESIAN_POINT('',(6.28318530718,0.));
#5406 = CARTESIAN_POINT('',(0.,0.));
#5407 = ( GEOMETRIC_REPRESENTATION_CONTEXT(2) 
PARAMETRIC_REPRESENTATION_CONTEXT() REPRESENTATION_CONTEXT('2D SPACE',''
  ) );
#5408 = PCURVE('',#5409,#5414);
#5409 = CYLINDRICAL_SURFACE('',#5410,2.109256323348);
#5410 = AXIS2_PLACEMENT_3D('',#5411,#5412,#5413);
#5411 = CARTESIAN_POINT('',(164.80814655019,1.577721810442E-30,
    -113.4509947553));
#5412 = DIRECTION('',(-1.,1.110223024625E-16,0.));
#5413 = DIRECTION('',(1.110223024625E-16,1.,0.));
#5414 = DEFINITIONAL_REPRESENTATION('',(#5415),#5418);
#5415 = B_SPLINE_CURVE_WITH_KNOTS('',1,(#5416,#5417),.UNSPECIFIED.,.F.,
  .F.,(2,2),(1.570796326795,7.853981633974),.PIECEWISE_BEZIER_KNOTS.);
#5416 = CARTESIAN_POINT('',(-6.28318530718,-12.83584427684));
#5417 = CARTESIAN_POINT('',(0.,-12.83584427684));
#5418 = ( GEOMETRIC_REPRESENTATION_CONTEXT(2) 
PARAMETRIC_REPRESENTATION_CONTEXT() REPRESENTATION_CONTEXT('2D SPACE',''
  ) );
#5419 = ADVANCED_FACE('',(#5420,#5450),#4496,.T.);
#5420 = FACE_BOUND('',#5421,.T.);
#5421 = EDGE_LOOP('',(#5422));
#5422 = ORIENTED_EDGE('',*,*,#5423,.F.);
#5423 = EDGE_CURVE('',#5424,#5424,#5426,.T.);
#5424 = VERTEX_POINT('',#5425);
#5425 = CARTESIAN_POINT('',(164.80814655019,11.338953911812,
    -101.5677163222));
#5426 = SURFACE_CURVE('',#5427,(#5432,#5439),.PCURVE_S1.);
#5427 = CIRCLE('',#5428,11.338953911812);
#5428 = AXIS2_PLACEMENT_3D('',#5429,#5430,#5431);
#5429 = CARTESIAN_POINT('',(164.80814655019,1.577721810442E-30,
    -101.5677163222));
#5430 = DIRECTION('',(0.,-0.,1.));
#5431 = DIRECTION('',(1.722546424199E-16,1.,0.));
#5432 = PCURVE('',#4496,#5433);
#5433 = DEFINITIONAL_REPRESENTATION('',(#5434),#5438);
#5434 = CIRCLE('',#5435,11.338953911812);
#5435 = AXIS2_PLACEMENT_2D('',#5436,#5437);
#5436 = CARTESIAN_POINT('',(0.,0.));
#5437 = DIRECTION('',(1.,-6.123233995737E-17));
#5438 = ( GEOMETRIC_REPRESENTATION_CONTEXT(2) 
PARAMETRIC_REPRESENTATION_CONTEXT() REPRESENTATION_CONTEXT('2D SPACE',''
  ) );
#5439 = PCURVE('',#5440,#5445);
#5440 = CONICAL_SURFACE('',#5441,10.794629715034,0.785398163397);
#5441 = AXIS2_PLACEMENT_3D('',#5442,#5443,#5444);
#5442 = CARTESIAN_POINT('',(164.80814655019,1.577721810442E-30,
    -102.112040519));
#5443 = DIRECTION('',(0.,0.,1.));
#5444 = DIRECTION('',(1.722546424199E-16,1.,0.));
#5445 = DEFINITIONAL_REPRESENTATION('',(#5446),#5449);
#5446 = B_SPLINE_CURVE_WITH_KNOTS('',1,(#5447,#5448),.UNSPECIFIED.,.F.,
  .F.,(2,2),(0.,6.28318530718),.PIECEWISE_BEZIER_KNOTS.);
#5447 = CARTESIAN_POINT('',(0.,0.544324196778));
#5448 = CARTESIAN_POINT('',(6.28318530718,0.544324196778));
#5449 = ( GEOMETRIC_REPRESENTATION_CONTEXT(2) 
PARAMETRIC_REPRESENTATION_CONTEXT() REPRESENTATION_CONTEXT('2D SPACE',''
  ) );
#5450 = FACE_BOUND('',#5451,.T.);
#5451 = EDGE_LOOP('',(#5452));
#5452 = ORIENTED_EDGE('',*,*,#4482,.T.);
#5453 = ADVANCED_FACE('',(#5454,#5488),#4965,.T.);
#5454 = FACE_BOUND('',#5455,.F.);
#5455 = EDGE_LOOP('',(#5456));
#5456 = ORIENTED_EDGE('',*,*,#5457,.F.);
#5457 = EDGE_CURVE('',#5458,#5458,#5460,.T.);
#5458 = VERTEX_POINT('',#5459);
#5459 = CARTESIAN_POINT('',(164.80814655019,11.338953911812,
    -125.3342731883));
#5460 = SURFACE_CURVE('',#5461,(#5466,#5477),.PCURVE_S1.);
#5461 = CIRCLE('',#5462,11.338953911812);
#5462 = AXIS2_PLACEMENT_3D('',#5463,#5464,#5465);
#5463 = CARTESIAN_POINT('',(164.80814655019,1.577721810442E-30,
    -125.3342731883));
#5464 = DIRECTION('',(0.,-0.,1.));
#5465 = DIRECTION('',(1.722546424199E-16,1.,0.));
#5466 = PCURVE('',#4965,#5467);
#5467 = DEFINITIONAL_REPRESENTATION('',(#5468),#5476);
#5468 = ( BOUNDED_CURVE() B_SPLINE_CURVE(2,(#5469,#5470,#5471,#5472,
#5473,#5474,#5475),.UNSPECIFIED.,.T.,.F.) B_SPLINE_CURVE_WITH_KNOTS((1,2
    ,2,2,2,1),(-2.094395102393,0.,2.094395102393,4.188790204786,
6.28318530718,8.377580409573),.UNSPECIFIED.) CURVE() 
GEOMETRIC_REPRESENTATION_ITEM() RATIONAL_B_SPLINE_CURVE((1.,0.5,1.,0.5,
1.,0.5,1.)) REPRESENTATION_ITEM('') );
#5469 = CARTESIAN_POINT('',(-11.33895391181,-6.94310680689E-16));
#5470 = CARTESIAN_POINT('',(-11.33895391181,19.639644279941));
#5471 = CARTESIAN_POINT('',(5.669476955906,9.819822139971));
#5472 = CARTESIAN_POINT('',(22.677907823625,4.165864084134E-15));
#5473 = CARTESIAN_POINT('',(5.669476955906,-9.819822139971));
#5474 = CARTESIAN_POINT('',(-11.33895391181,-19.63964427994));
#5475 = CARTESIAN_POINT('',(-11.33895391181,-6.94310680689E-16));
#5476 = ( GEOMETRIC_REPRESENTATION_CONTEXT(2) 
PARAMETRIC_REPRESENTATION_CONTEXT() REPRESENTATION_CONTEXT('2D SPACE',''
  ) );
#5477 = PCURVE('',#5478,#5483);
#5478 = CONICAL_SURFACE('',#5479,10.794629715034,0.785398163397);
#5479 = AXIS2_PLACEMENT_3D('',#5480,#5481,#5482);
#5480 = CARTESIAN_POINT('',(164.80814655019,1.577721810442E-30,
    -124.7899489915));
#5481 = DIRECTION('',(0.,-0.,-1.));
#5482 = DIRECTION('',(1.722546424199E-16,1.,0.));
#5483 = DEFINITIONAL_REPRESENTATION('',(#5484),#5487);
#5484 = B_SPLINE_CURVE_WITH_KNOTS('',1,(#5485,#5486),.UNSPECIFIED.,.F.,
  .F.,(2,2),(0.,6.28318530718),.PIECEWISE_BEZIER_KNOTS.);
#5485 = CARTESIAN_POINT('',(0.,0.544324196778));
#5486 = CARTESIAN_POINT('',(-6.28318530718,0.544324196778));
#5487 = ( GEOMETRIC_REPRESENTATION_CONTEXT(2) 
PARAMETRIC_REPRESENTATION_CONTEXT() REPRESENTATION_CONTEXT('2D SPACE',''
  ) );
#5488 = FACE_BOUND('',#5489,.F.);
#5489 = EDGE_LOOP('',(#5490));
#5490 = ORIENTED_EDGE('',*,*,#4951,.T.);
#5491 = ADVANCED_FACE('',(#5492),#5409,.F.);
#5492 = FACE_BOUND('',#5493,.T.);
#5493 = EDGE_LOOP('',(#5494,#5515,#5516,#5517,#5731));
#5494 = ORIENTED_EDGE('',*,*,#5495,.T.);
#5495 = EDGE_CURVE('',#5496,#5372,#5498,.T.);
#5496 = VERTEX_POINT('',#5497);
#5497 = CARTESIAN_POINT('',(175.39469785111,2.109256323348,
    -113.4509947553));
#5498 = SEAM_CURVE('',#5499,(#5503,#5509),.PCURVE_S1.);
#5499 = LINE('',#5500,#5501);
#5500 = CARTESIAN_POINT('',(164.80814655019,2.109256323348,
    -113.4509947553));
#5501 = VECTOR('',#5502,1.);
#5502 = DIRECTION('',(1.,-1.110223024625E-16,0.));
#5503 = PCURVE('',#5409,#5504);
#5504 = DEFINITIONAL_REPRESENTATION('',(#5505),#5508);
#5505 = B_SPLINE_CURVE_WITH_KNOTS('',1,(#5506,#5507),.UNSPECIFIED.,.F.,
  .F.,(2,2),(10.586551300925,12.835844276848),.PIECEWISE_BEZIER_KNOTS.);
#5506 = CARTESIAN_POINT('',(0.,-10.58655130092));
#5507 = CARTESIAN_POINT('',(0.,-12.83584427684));
#5508 = ( GEOMETRIC_REPRESENTATION_CONTEXT(2) 
PARAMETRIC_REPRESENTATION_CONTEXT() REPRESENTATION_CONTEXT('2D SPACE',''
  ) );
#5509 = PCURVE('',#5409,#5510);
#5510 = DEFINITIONAL_REPRESENTATION('',(#5511),#5514);
#5511 = B_SPLINE_CURVE_WITH_KNOTS('',1,(#5512,#5513),.UNSPECIFIED.,.F.,
  .F.,(2,2),(10.586551300925,12.835844276848),.PIECEWISE_BEZIER_KNOTS.);
#5512 = CARTESIAN_POINT('',(-6.28318530718,-10.58655130092));
#5513 = CARTESIAN_POINT('',(-6.28318530718,-12.83584427684));
#5514 = ( GEOMETRIC_REPRESENTATION_CONTEXT(2) 
PARAMETRIC_REPRESENTATION_CONTEXT() REPRESENTATION_CONTEXT('2D SPACE',''
  ) );
#5515 = ORIENTED_EDGE('',*,*,#5395,.F.);
#5516 = ORIENTED_EDGE('',*,*,#5495,.F.);
#5517 = ORIENTED_EDGE('',*,*,#5518,.F.);
#5518 = EDGE_CURVE('',#5519,#5496,#5521,.T.);
#5519 = VERTEX_POINT('',#5520);
#5520 = CARTESIAN_POINT('',(175.39469785111,-2.109256323347,
    -113.4509947553));
#5521 = SURFACE_CURVE('',#5522,(#5588,#5657),.PCURVE_S1.);
#5522 = B_SPLINE_CURVE_WITH_KNOTS('',8,(#5523,#5524,#5525,#5526,#5527,
    #5528,#5529,#5530,#5531,#5532,#5533,#5534,#5535,#5536,#5537,#5538,
    #5539,#5540,#5541,#5542,#5543,#5544,#5545,#5546,#5547,#5548,#5549,
    #5550,#5551,#5552,#5553,#5554,#5555,#5556,#5557,#5558,#5559,#5560,
    #5561,#5562,#5563,#5564,#5565,#5566,#5567,#5568,#5569,#5570,#5571,
    #5572,#5573,#5574,#5575,#5576,#5577,#5578,#5579,#5580,#5581,#5582,
    #5583,#5584,#5585,#5586,#5587),.UNSPECIFIED.,.F.,.F.,(9,7,7,7,7,7,7,
    7,7,9),(0.,0.168958643384,0.371041442102,0.446909732768,
    0.519867411149,0.555601423988,0.613657014423,0.699565607942,
    0.856112212722,1.),.UNSPECIFIED.);
#5523 = CARTESIAN_POINT('',(175.39469785111,-2.109256323347,
    -113.4509947553));
#5524 = CARTESIAN_POINT('',(175.39469785111,-2.109256323347,
    -113.6032585265));
#5525 = CARTESIAN_POINT('',(175.39720077841,-2.096693251657,
    -113.7503471375));
#5526 = CARTESIAN_POINT('',(175.40190813407,-2.073070670997,
    -113.8889988107));
#5527 = CARTESIAN_POINT('',(175.40823550754,-2.040863358991,
    -114.0184738312));
#5528 = CARTESIAN_POINT('',(175.41571018474,-2.001903785254,
    -114.1388294137));
#5529 = CARTESIAN_POINT('',(175.42397411877,-1.957626277249,
    -114.2508862141));
#5530 = CARTESIAN_POINT('',(175.43284687228,-1.908616262068,
    -114.3560604499));
#5531 = CARTESIAN_POINT('',(175.45365386721,-1.789289450418,
    -114.5761610329));
#5532 = CARTESIAN_POINT('',(175.46572553346,-1.717372232252,
    -114.6876686402));
#5533 = CARTESIAN_POINT('',(175.47832948165,-1.638761707807,
    -114.7926299997));
#5534 = CARTESIAN_POINT('',(175.49132804378,-1.55304022971,
    -114.8918719719));
#5535 = CARTESIAN_POINT('',(175.5046024984,-1.459845252381,
    -114.9860452812));
#5536 = CARTESIAN_POINT('',(175.51803308349,-1.357598192127,
    -115.0754440214));
#5537 = CARTESIAN_POINT('',(175.53151375506,-1.245029434621,
    -115.1603160535));
#5538 = CARTESIAN_POINT('',(175.54988420406,-1.068386945047,
    -115.2705385018));
#5539 = CARTESIAN_POINT('',(175.55487223365,-1.018023787168,
    -115.299904489));
#5540 = CARTESIAN_POINT('',(175.55982711111,-0.96518893814,
    -115.3285579786));
#5541 = CARTESIAN_POINT('',(175.56473631322,-0.909558864787,
    -115.3564684769));
#5542 = CARTESIAN_POINT('',(175.56957772041,-0.850686029917,
    -115.3835540057));
#5543 = CARTESIAN_POINT('',(175.57432078708,-0.788045853103,
    -115.4096914368));
#5544 = CARTESIAN_POINT('',(175.57892335541,-0.720935872957,
    -115.4347036409));
#5545 = CARTESIAN_POINT('',(175.58753730702,-0.577680897261,
    -115.4809436793));
#5546 = CARTESIAN_POINT('',(175.59157884859,-0.501738750067,
    -115.5023571885));
#5547 = CARTESIAN_POINT('',(175.59542486516,-0.417826260872,
    -115.5224889647));
#5548 = CARTESIAN_POINT('',(175.59890337446,-0.324574878226,
    -115.5404885589));
#5549 = CARTESIAN_POINT('',(175.60167931658,-0.221519953959,
    -115.5546511439));
#5550 = CARTESIAN_POINT('',(175.60334241693,-0.109621280746,
    -115.5631312124));
#5551 = CARTESIAN_POINT('',(175.60339111491,8.832988743252E-03,
    -115.5634060736));
#5552 = CARTESIAN_POINT('',(175.60140766506,0.180971754861,
    -115.553238254));
#5553 = CARTESIAN_POINT('',(175.60043886341,0.235577286305,
    -115.5482660825));
#5554 = CARTESIAN_POINT('',(175.59920186245,0.28772974839,
    -115.5419031521));
#5555 = CARTESIAN_POINT('',(175.59775127369,0.337295198264,
    -115.5344150467));
#5556 = CARTESIAN_POINT('',(175.59613627843,0.384335315961,
    -115.5260407862));
#5557 = CARTESIAN_POINT('',(175.59439378374,0.429024742794,
    -115.5169599072));
#5558 = CARTESIAN_POINT('',(175.5925461891,0.471621586794,
    -115.5072798159));
#5559 = CARTESIAN_POINT('',(175.58744776758,0.578889830898,
    -115.4804116563));
#5560 = CARTESIAN_POINT('',(175.58406322385,0.640251075571,
    -115.4624265105));
#5561 = CARTESIAN_POINT('',(175.58051938739,0.697690776753,
    -115.4434104243));
#5562 = CARTESIAN_POINT('',(175.5768590283,0.751785234747,
    -115.4235573039));
#5563 = CARTESIAN_POINT('',(175.57311306044,0.802975728359,
    -115.4030055918));
#5564 = CARTESIAN_POINT('',(175.56930361949,0.851648455155,
    -115.381851617));
#5565 = CARTESIAN_POINT('',(175.5654432852,0.898107156296,
    -115.3601423869));
#5566 = CARTESIAN_POINT('',(175.55575927809,1.008576798018,
    -115.3049532906));
#5567 = CARTESIAN_POINT('',(175.54989473643,1.070174707269,
    -115.2708944563));
#5568 = CARTESIAN_POINT('',(175.54397702938,1.128258883161,
    -115.2358187197));
#5569 = CARTESIAN_POINT('',(175.53802970323,1.183334252382,
    -115.1997899295));
#5570 = CARTESIAN_POINT('',(175.53207064827,1.235748498792,
    -115.1628424351));
#5571 = CARTESIAN_POINT('',(175.52611419277,1.285781256132,
    -115.1249888066));
#5572 = CARTESIAN_POINT('',(175.52017198158,1.333675303535,
    -115.086220387));
#5573 = CARTESIAN_POINT('',(175.50346628768,1.46331446372,-114.97412249)
  );
#5574 = CARTESIAN_POINT('',(175.49277209135,1.540404797157,
    -114.898694383));
#5575 = CARTESIAN_POINT('',(175.48222286832,1.612070828734,
    -114.8200102614));
#5576 = CARTESIAN_POINT('',(175.47187288156,1.678886704083,
    -114.7377956609));
#5577 = CARTESIAN_POINT('',(175.46178831097,1.74116154922,
    -114.6516897125));
#5578 = CARTESIAN_POINT('',(175.45204877691,1.799038314592,
    -114.5612484812));
#5579 = CARTESIAN_POINT('',(175.44275316106,1.852462907426,
    -114.4658726659));
#5580 = CARTESIAN_POINT('',(175.42603711179,1.945892350622,
    -114.2714448518));
#5581 = CARTESIAN_POINT('',(175.41857911933,1.986334129577,
    -114.1739286573));
#5582 = CARTESIAN_POINT('',(175.4116916886,2.022760224561,
    -114.0704887911));
#5583 = CARTESIAN_POINT('',(175.40554131226,2.054556294342,
    -113.9600724313));
#5584 = CARTESIAN_POINT('',(175.40040327547,2.080624739324,
    -113.8422075322));
#5585 = CARTESIAN_POINT('',(175.39665534612,2.099430312504,
    -113.7170383869));
#5586 = CARTESIAN_POINT('',(175.3946978538,2.109256309883,
    -113.5856439888));
#5587 = CARTESIAN_POINT('',(175.39469785111,2.109256323348,
    -113.4509947553));
#5588 = PCURVE('',#5409,#5589);
#5589 = DEFINITIONAL_REPRESENTATION('',(#5590),#5656);
#5590 = B_SPLINE_CURVE_WITH_KNOTS('',8,(#5591,#5592,#5593,#5594,#5595,
    #5596,#5597,#5598,#5599,#5600,#5601,#5602,#5603,#5604,#5605,#5606,
    #5607,#5608,#5609,#5610,#5611,#5612,#5613,#5614,#5615,#5616,#5617,
    #5618,#5619,#5620,#5621,#5622,#5623,#5624,#5625,#5626,#5627,#5628,
    #5629,#5630,#5631,#5632,#5633,#5634,#5635,#5636,#5637,#5638,#5639,
    #5640,#5641,#5642,#5643,#5644,#5645,#5646,#5647,#5648,#5649,#5650,
    #5651,#5652,#5653,#5654,#5655),.UNSPECIFIED.,.F.,.F.,(9,7,7,7,7,7,7,
    7,7,9),(0.,0.168958643384,0.371041442102,0.446909732768,
    0.519867411149,0.555601423988,0.613657014423,0.699565607942,
    0.856112212722,1.),.UNSPECIFIED.);
#5591 = CARTESIAN_POINT('',(-3.14159265359,-10.58655130092));
#5592 = CARTESIAN_POINT('',(-3.213781021358,-10.58655130092));
#5593 = CARTESIAN_POINT('',(-3.28351557623,-10.58905422822));
#5594 = CARTESIAN_POINT('',(-3.349825361496,-10.59376158388));
#5595 = CARTESIAN_POINT('',(-3.412759697639,-10.60008895735));
#5596 = CARTESIAN_POINT('',(-3.472474282561,-10.60756363454));
#5597 = CARTESIAN_POINT('',(-3.529425990094,-10.61582756857));
#5598 = CARTESIAN_POINT('',(-3.584335456009,-10.62470032209));
#5599 = CARTESIAN_POINT('',(-3.703034183405,-10.64550731702));
#5600 = CARTESIAN_POINT('',(-3.765761068874,-10.65757898327));
#5601 = CARTESIAN_POINT('',(-3.82767541802,-10.67018293146));
#5602 = CARTESIAN_POINT('',(-3.889559946493,-10.68318149359));
#5603 = CARTESIAN_POINT('',(-3.952047893273,-10.69645594821));
#5604 = CARTESIAN_POINT('',(-4.016168982853,-10.7098865333));
#5605 = CARTESIAN_POINT('',(-4.082748316946,-10.72336720487));
#5606 = CARTESIAN_POINT('',(-4.181461088392,-10.74173765387));
#5607 = CARTESIAN_POINT('',(-4.209088027235,-10.74672568346));
#5608 = CARTESIAN_POINT('',(-4.237561330044,-10.75168056092));
#5609 = CARTESIAN_POINT('',(-4.267036594409,-10.75658976302));
#5610 = CARTESIAN_POINT('',(-4.297723267373,-10.76143117022));
#5611 = CARTESIAN_POINT('',(-4.329864350025,-10.76617423689));
#5612 = CARTESIAN_POINT('',(-4.363785790922,-10.77077680522));
#5613 = CARTESIAN_POINT('',(-4.435153475214,-10.77939075683));
#5614 = CARTESIAN_POINT('',(-4.472534946957,-10.7834322984));
#5615 = CARTESIAN_POINT('',(-4.513394865426,-10.78727831497));
#5616 = CARTESIAN_POINT('',(-4.558313055847,-10.79075682427));
#5617 = CARTESIAN_POINT('',(-4.607486356581,-10.79353276639));
#5618 = CARTESIAN_POINT('',(-4.6604619235,-10.79519586674));
#5619 = CARTESIAN_POINT('',(-4.716515444053,-10.79524456471));
#5620 = CARTESIAN_POINT('',(-4.798268862204,-10.79326111487));
#5621 = CARTESIAN_POINT('',(-4.824251119462,-10.79229231322));
#5622 = CARTESIAN_POINT('',(-4.849141484145,-10.79105531225));
#5623 = CARTESIAN_POINT('',(-4.872889073255,-10.78960472349));
#5624 = CARTESIAN_POINT('',(-4.895527274072,-10.78798972824));
#5625 = CARTESIAN_POINT('',(-4.917138218718,-10.78624723355));
#5626 = CARTESIAN_POINT('',(-4.937843038487,-10.78439963891));
#5627 = CARTESIAN_POINT('',(-4.990270083467,-10.77930121739));
#5628 = CARTESIAN_POINT('',(-5.020561643743,-10.77591667366));
#5629 = CARTESIAN_POINT('',(-5.049219952917,-10.7723728372));
#5630 = CARTESIAN_POINT('',(-5.076512588834,-10.76871247811));
#5631 = CARTESIAN_POINT('',(-5.102642587027,-10.76496651024));
#5632 = CARTESIAN_POINT('',(-5.127788280958,-10.7611570693));
#5633 = CARTESIAN_POINT('',(-5.152091944874,-10.75729673501));
#5634 = CARTESIAN_POINT('',(-5.210637815912,-10.7476127279));
#5635 = CARTESIAN_POINT('',(-5.243979554291,-10.74174818624));
#5636 = CARTESIAN_POINT('',(-5.276110364368,-10.73583047919));
#5637 = CARTESIAN_POINT('',(-5.307273516985,-10.72988315304));
#5638 = CARTESIAN_POINT('',(-5.337641390278,-10.72392409807));
#5639 = CARTESIAN_POINT('',(-5.367358319453,-10.71796764258));
#5640 = CARTESIAN_POINT('',(-5.396556766325,-10.71202543139));
#5641 = CARTESIAN_POINT('',(-5.477809603604,-10.69531973748));
#5642 = CARTESIAN_POINT('',(-5.528846078007,-10.68462554115));
#5643 = CARTESIAN_POINT('',(-5.579166955147,-10.67407631813));
#5644 = CARTESIAN_POINT('',(-5.629233733067,-10.66372633137));
#5645 = CARTESIAN_POINT('',(-5.679451500357,-10.65364176077));
#5646 = CARTESIAN_POINT('',(-5.730214740431,-10.64390222672));
#5647 = CARTESIAN_POINT('',(-5.781941375021,-10.63460661087));
#5648 = CARTESIAN_POINT('',(-5.884210121682,-10.61789056159));
#5649 = CARTESIAN_POINT('',(-5.934186658521,-10.61043256914));
#5650 = CARTESIAN_POINT('',(-5.986043477577,-10.60354513841));
#5651 = CARTESIAN_POINT('',(-6.040331073665,-10.59739476207));
#5652 = CARTESIAN_POINT('',(-6.097311594956,-10.59225672528));
#5653 = CARTESIAN_POINT('',(-6.157054709801,-10.58850879593));
#5654 = CARTESIAN_POINT('',(-6.219348004886,-10.5865513036));
#5655 = CARTESIAN_POINT('',(-6.28318530718,-10.58655130092));
#5656 = ( GEOMETRIC_REPRESENTATION_CONTEXT(2) 
PARAMETRIC_REPRESENTATION_CONTEXT() REPRESENTATION_CONTEXT('2D SPACE',''
  ) );
#5657 = PCURVE('',#5658,#5663);
#5658 = CYLINDRICAL_SURFACE('',#5659,10.794629715034);
#5659 = AXIS2_PLACEMENT_3D('',#5660,#5661,#5662);
#5660 = CARTESIAN_POINT('',(164.80814655019,1.577721810442E-30,
    554.02659132864));
#5661 = DIRECTION('',(0.,0.,1.));
#5662 = DIRECTION('',(1.110223024625E-16,1.,0.));
#5663 = DEFINITIONAL_REPRESENTATION('',(#5664),#5730);
#5664 = B_SPLINE_CURVE_WITH_KNOTS('',8,(#5665,#5666,#5667,#5668,#5669,
    #5670,#5671,#5672,#5673,#5674,#5675,#5676,#5677,#5678,#5679,#5680,
    #5681,#5682,#5683,#5684,#5685,#5686,#5687,#5688,#5689,#5690,#5691,
    #5692,#5693,#5694,#5695,#5696,#5697,#5698,#5699,#5700,#5701,#5702,
    #5703,#5704,#5705,#5706,#5707,#5708,#5709,#5710,#5711,#5712,#5713,
    #5714,#5715,#5716,#5717,#5718,#5719,#5720,#5721,#5722,#5723,#5724,
    #5725,#5726,#5727,#5728,#5729),.UNSPECIFIED.,.F.,.F.,(9,7,7,7,7,7,7,
    7,7,9),(0.,0.168958643384,0.371041442102,0.446909732768,
    0.519867411149,0.555601423988,0.613657014423,0.699565607942,
    0.856112212722,1.),.UNSPECIFIED.);
#5665 = CARTESIAN_POINT('',(4.51572503762,-667.4775860839));
#5666 = CARTESIAN_POINT('',(4.51572503762,-667.6298498551));
#5667 = CARTESIAN_POINT('',(4.516911736125,-667.7769384662));
#5668 = CARTESIAN_POINT('',(4.519143128472,-667.9155901393));
#5669 = CARTESIAN_POINT('',(4.522183788583,-668.0450651598));
#5670 = CARTESIAN_POINT('',(4.525858690165,-668.1654207423));
#5671 = CARTESIAN_POINT('',(4.53003123969,-668.2774775427));
#5672 = CARTESIAN_POINT('',(4.534645168731,-668.3826517785));
#5673 = CARTESIAN_POINT('',(4.545866237684,-668.6027523616));
#5674 = CARTESIAN_POINT('',(4.552621627983,-668.7142599689));
#5675 = CARTESIAN_POINT('',(4.559996634813,-668.8192213284));
#5676 = CARTESIAN_POINT('',(4.56802801959,-668.9184633005));
#5677 = CARTESIAN_POINT('',(4.576747640367,-669.0126366098));
#5678 = CARTESIAN_POINT('',(4.58630013583,-669.10203535));
#5679 = CARTESIAN_POINT('',(4.596801597925,-669.1869073822));
#5680 = CARTESIAN_POINT('',(4.613253776053,-669.2971298305));
#5681 = CARTESIAN_POINT('',(4.617942119054,-669.3264958176));
#5682 = CARTESIAN_POINT('',(4.622858036944,-669.3551493073));
#5683 = CARTESIAN_POINT('',(4.62803138787,-669.3830598055));
#5684 = CARTESIAN_POINT('',(4.633503488231,-669.4101453343));
#5685 = CARTESIAN_POINT('',(4.639322770049,-669.4362827655));
#5686 = CARTESIAN_POINT('',(4.645554133189,-669.4612949696));
#5687 = CARTESIAN_POINT('',(4.658849051326,-669.5075350079));
#5688 = CARTESIAN_POINT('',(4.665894015682,-669.5289485172));
#5689 = CARTESIAN_POINT('',(4.673675363625,-669.5490802933));
#5690 = CARTESIAN_POINT('',(4.682319316362,-669.5670798875));
#5691 = CARTESIAN_POINT('',(4.691868583506,-669.5812424725));
#5692 = CARTESIAN_POINT('',(4.702234138207,-669.589722541));
#5693 = CARTESIAN_POINT('',(4.713206800954,-669.5899974023));
#5694 = CARTESIAN_POINT('',(4.729154564095,-669.5798295826));
#5695 = CARTESIAN_POINT('',(4.734213843578,-669.5748574111));
#5696 = CARTESIAN_POINT('',(4.739046400272,-669.5684944807));
#5697 = CARTESIAN_POINT('',(4.743639911781,-669.5610063753));
#5698 = CARTESIAN_POINT('',(4.748000111818,-669.5526321149));
#5699 = CARTESIAN_POINT('',(4.752143161701,-669.5435512358));
#5700 = CARTESIAN_POINT('',(4.756092950063,-669.5338711445));
#5701 = CARTESIAN_POINT('',(4.766041354593,-669.5070029849));
#5702 = CARTESIAN_POINT('',(4.771734254799,-669.4890178392));
#5703 = CARTESIAN_POINT('',(4.777065330134,-669.4700017529));
#5704 = CARTESIAN_POINT('',(4.782087864408,-669.4501486325));
#5705 = CARTESIAN_POINT('',(4.786842630329,-669.4295969204));
#5706 = CARTESIAN_POINT('',(4.791365310072,-669.4084429457));
#5707 = CARTESIAN_POINT('',(4.795683967907,-669.3867337156));
#5708 = CARTESIAN_POINT('',(4.805956972946,-669.3315446192));
#5709 = CARTESIAN_POINT('',(4.811688966655,-669.2974857849));
#5710 = CARTESIAN_POINT('',(4.81709746947,-669.2624100483));
#5711 = CARTESIAN_POINT('',(4.822229065948,-669.2263812582));
#5712 = CARTESIAN_POINT('',(4.827115789899,-669.1894337637));
#5713 = CARTESIAN_POINT('',(4.831783385698,-669.1515801352));
#5714 = CARTESIAN_POINT('',(4.836254198111,-669.1128117156));
#5715 = CARTESIAN_POINT('',(4.848363098116,-669.0007138186));
#5716 = CARTESIAN_POINT('',(4.855572694542,-668.9252857116));
#5717 = CARTESIAN_POINT('',(4.862282917329,-668.84660159));
#5718 = CARTESIAN_POINT('',(4.868546151082,-668.7643869896));
#5719 = CARTESIAN_POINT('',(4.874390116735,-668.6782810411));
#5720 = CARTESIAN_POINT('',(4.879826990703,-668.5878398098));
#5721 = CARTESIAN_POINT('',(4.884850472592,-668.4924639945));
#5722 = CARTESIAN_POINT('',(4.893643090127,-668.2980361804));
#5723 = CARTESIAN_POINT('',(4.897452682092,-668.2005199859));
#5724 = CARTESIAN_POINT('',(4.900886880922,-668.0970801197));
#5725 = CARTESIAN_POINT('',(4.903886987158,-667.98666376));
#5726 = CARTESIAN_POINT('',(4.90634837926,-667.8687988609));
#5727 = CARTESIAN_POINT('',(4.908124768692,-667.7436297155));
#5728 = CARTESIAN_POINT('',(4.909052921877,-667.6122353174));
#5729 = CARTESIAN_POINT('',(4.909052923149,-667.4775860839));
#5730 = ( GEOMETRIC_REPRESENTATION_CONTEXT(2) 
PARAMETRIC_REPRESENTATION_CONTEXT() REPRESENTATION_CONTEXT('2D SPACE',''
  ) );
#5731 = ORIENTED_EDGE('',*,*,#5732,.F.);
#5732 = EDGE_CURVE('',#5496,#5519,#5733,.T.);
#5733 = SURFACE_CURVE('',#5734,(#5800,#5869),.PCURVE_S1.);
#5734 = B_SPLINE_CURVE_WITH_KNOTS('',8,(#5735,#5736,#5737,#5738,#5739,
    #5740,#5741,#5742,#5743,#5744,#5745,#5746,#5747,#5748,#5749,#5750,
    #5751,#5752,#5753,#5754,#5755,#5756,#5757,#5758,#5759,#5760,#5761,
    #5762,#5763,#5764,#5765,#5766,#5767,#5768,#5769,#5770,#5771,#5772,
    #5773,#5774,#5775,#5776,#5777,#5778,#5779,#5780,#5781,#5782,#5783,
    #5784,#5785,#5786,#5787,#5788,#5789,#5790,#5791,#5792,#5793,#5794,
    #5795,#5796,#5797,#5798,#5799),.UNSPECIFIED.,.F.,.F.,(9,7,7,7,7,7,7,
    7,7,9),(0.,0.164405120567,0.366438917242,0.443147311768,
    0.517290164172,0.552435602531,0.609624299029,0.694892884473,
    0.851634700498,1.),.UNSPECIFIED.);
#5735 = CARTESIAN_POINT('',(175.39469785111,2.109256323348,
    -113.4509947553));
#5736 = CARTESIAN_POINT('',(175.39469784816,2.109256338167,
    -113.3028119118));
#5737 = CARTESIAN_POINT('',(175.3970683886,2.097357796627,
    -113.1592126887));
#5738 = CARTESIAN_POINT('',(175.40155230553,2.074856287674,
    -113.0235011811));
#5739 = CARTESIAN_POINT('',(175.40760684307,2.044064569433,
    -112.8965475027));
#5740 = CARTESIAN_POINT('',(175.41477914344,2.006749986065,
    -112.7783661745));
#5741 = CARTESIAN_POINT('',(175.42272764777,1.964291686987,
    -112.6682067565));
#5742 = CARTESIAN_POINT('',(175.43127683541,1.917272419987,
    -112.5647187508));
#5743 = CARTESIAN_POINT('',(175.45165498961,1.801107168926,
    -112.3447460511));
#5744 = CARTESIAN_POINT('',(175.46366368039,1.730056979785,
    -112.2320366144));
#5745 = CARTESIAN_POINT('',(175.47622649538,1.652303858139,
    -112.1260203258));
#5746 = CARTESIAN_POINT('',(175.48920033809,1.567492079347,
    -112.0258430038));
#5747 = CARTESIAN_POINT('',(175.50246236348,1.475281706696,
    -111.9308259365));
#5748 = CARTESIAN_POINT('',(175.51589396662,1.374201479003,
    -111.8406398191));
#5749 = CARTESIAN_POINT('',(175.52939050459,1.262993740899,
    -111.7550069525));
#5750 = CARTESIAN_POINT('',(175.54787468566,1.088394652057,
    -111.6433414506));
#5751 = CARTESIAN_POINT('',(175.55293869042,1.038217300478,
    -111.6133398935));
#5752 = CARTESIAN_POINT('',(175.55797296838,0.985600040963,
    -111.5840582125));
#5753 = CARTESIAN_POINT('',(175.5629652277,0.930228211651,
    -111.5555241396));
#5754 = CARTESIAN_POINT('',(175.56789430172,0.871668746394,
    -111.5278133938));
#5755 = CARTESIAN_POINT('',(175.57273111263,0.809410921134,
    -111.5010405662));
#5756 = CARTESIAN_POINT('',(175.57743567129,0.742768879372,
    -111.4753711367));
#5757 = CARTESIAN_POINT('',(175.58629671816,0.600356511221,
    -111.4276351505));
#5758 = CARTESIAN_POINT('',(175.59044962689,0.525231215491,
    -111.4055657806));
#5759 = CARTESIAN_POINT('',(175.59441750696,0.442523888599,
    -111.3847375494));
#5760 = CARTESIAN_POINT('',(175.5980655416,0.350558877407,
    -111.3658127741));
#5761 = CARTESIAN_POINT('',(175.60106757674,0.248583470901,
    -111.350457838));
#5762 = CARTESIAN_POINT('',(175.60303692443,0.137171601604,
    -111.340419309));
#5763 = CARTESIAN_POINT('',(175.60341182145,1.788435661647E-02,
    -111.3384809386));
#5764 = CARTESIAN_POINT('',(175.60178403093,-0.156774823916,
    -111.3468206871));
#5765 = CARTESIAN_POINT('',(175.600941295,-0.211301247526,
    -111.3511420592));
#5766 = CARTESIAN_POINT('',(175.59982094771,-0.263557479236,
    -111.3568974944));
#5767 = CARTESIAN_POINT('',(175.598476529,-0.313311712663,
    -111.3638262035));
#5768 = CARTESIAN_POINT('',(175.59695867708,-0.360569045256,
    -111.3716816532));
#5769 = CARTESIAN_POINT('',(175.595306192,-0.40547273908,-111.3802747539
    ));
#5770 = CARTESIAN_POINT('',(175.59354286979,-0.448266912848,
    -111.3894909825));
#5771 = CARTESIAN_POINT('',(175.5886487761,-0.556123073547,
    -111.4152137117));
#5772 = CARTESIAN_POINT('',(175.58537586611,-0.617813718765,
    -111.4325519846));
#5773 = CARTESIAN_POINT('',(175.58193478464,-0.675525327381,
    -111.4509526176));
#5774 = CARTESIAN_POINT('',(175.57837073339,-0.729839088196,
    -111.4702092184));
#5775 = CARTESIAN_POINT('',(175.57471633523,-0.781202848858,
    -111.4901742612));
#5776 = CARTESIAN_POINT('',(175.57099485701,-0.830011854853,
    -111.5107450456));
#5777 = CARTESIAN_POINT('',(175.56721931536,-0.876578735477,
    -111.5318716623));
#5778 = CARTESIAN_POINT('',(175.55769461832,-0.98777840646,
    -111.5858601402));
#5779 = CARTESIAN_POINT('',(175.55190038386,-1.049897554138,
    -111.6193129323));
#5780 = CARTESIAN_POINT('',(175.54604740087,-1.108426555708,
    -111.6537841814));
#5781 = CARTESIAN_POINT('',(175.54016026786,-1.16389063484,
    -111.6892028924));
#5782 = CARTESIAN_POINT('',(175.53425746204,-1.216649392213,
    -111.7255294308));
#5783 = CARTESIAN_POINT('',(175.52835361842,-1.266992642693,
    -111.7627468884));
#5784 = CARTESIAN_POINT('',(175.52246045741,-1.315173265048,
    -111.8008602834));
#5785 = CARTESIAN_POINT('',(175.50578868616,-1.446310364577,
    -111.9116724992));
#5786 = CARTESIAN_POINT('',(175.4950718603,-1.524455508836,
    -111.9864744221));
#5787 = CARTESIAN_POINT('',(175.48449037619,-1.597071108216,
    -112.0644939792));
#5788 = CARTESIAN_POINT('',(175.4740985493,-1.664764709648,
    -112.1459886383));
#5789 = CARTESIAN_POINT('',(175.46396121375,-1.727874855596,
    -112.2313020421));
#5790 = CARTESIAN_POINT('',(175.45415542887,-1.786574198759,
    -112.3208611802));
#5791 = CARTESIAN_POINT('',(175.44477596075,-1.840837096289,
    -112.4152464728));
#5792 = CARTESIAN_POINT('',(175.42760992802,-1.937343597121,
    -112.6102475596));
#5793 = CARTESIAN_POINT('',(175.4198193949,-1.979768321226,
    -112.7096437766));
#5794 = CARTESIAN_POINT('',(175.41261172604,-2.0179977774,
    -112.8151949755));
#5795 = CARTESIAN_POINT('',(175.40615393047,-2.051449085892,
    -112.9280108014));
#5796 = CARTESIAN_POINT('',(175.40074653553,-2.078899662569,
    -113.0486537803));
#5797 = CARTESIAN_POINT('',(175.39677974231,-2.09880668963,
    -113.1770058433));
#5798 = CARTESIAN_POINT('',(175.39469785111,-2.109256323347,
    -113.3121251844));
#5799 = CARTESIAN_POINT('',(175.39469785111,-2.109256323347,
    -113.4509947553));
#5800 = PCURVE('',#5409,#5801);
#5801 = DEFINITIONAL_REPRESENTATION('',(#5802),#5868);
#5802 = B_SPLINE_CURVE_WITH_KNOTS('',8,(#5803,#5804,#5805,#5806,#5807,
    #5808,#5809,#5810,#5811,#5812,#5813,#5814,#5815,#5816,#5817,#5818,
    #5819,#5820,#5821,#5822,#5823,#5824,#5825,#5826,#5827,#5828,#5829,
    #5830,#5831,#5832,#5833,#5834,#5835,#5836,#5837,#5838,#5839,#5840,
    #5841,#5842,#5843,#5844,#5845,#5846,#5847,#5848,#5849,#5850,#5851,
    #5852,#5853,#5854,#5855,#5856,#5857,#5858,#5859,#5860,#5861,#5862,
    #5863,#5864,#5865,#5866,#5867),.UNSPECIFIED.,.F.,.F.,(9,7,7,7,7,7,7,
    7,7,9),(0.,0.164405120567,0.366438917242,0.443147311768,
    0.517290164172,0.552435602531,0.609624299029,0.694892884473,
    0.851634700498,1.),.UNSPECIFIED.);
#5803 = CARTESIAN_POINT('',(0.,-10.58655130092));
#5804 = CARTESIAN_POINT('',(-7.025359688926E-02,-10.58655129797));
#5805 = CARTESIAN_POINT('',(-0.138333880723,-10.58892183841));
#5806 = CARTESIAN_POINT('',(-0.203204562611,-10.59340575534));
#5807 = CARTESIAN_POINT('',(-0.264836344374,-10.59946029288));
#5808 = CARTESIAN_POINT('',(-0.323347076857,-10.60663259325));
#5809 = CARTESIAN_POINT('',(-0.379157078813,-10.61458109758));
#5810 = CARTESIAN_POINT('',(-0.432952133291,-10.62313028522));
#5811 = CARTESIAN_POINT('',(-0.550890213404,-10.64350843942));
#5812 = CARTESIAN_POINT('',(-0.613872916742,-10.65551713019));
#5813 = CARTESIAN_POINT('',(-0.675945045317,-10.66807994519));
#5814 = CARTESIAN_POINT('',(-0.737883639851,-10.6810537879));
#5815 = CARTESIAN_POINT('',(-0.800333244656,-10.69431581329));
#5816 = CARTESIAN_POINT('',(-0.864287602905,-10.70774741643));
#5817 = CARTESIAN_POINT('',(-0.930578988694,-10.7212439544));
#5818 = CARTESIAN_POINT('',(-1.028838117024,-10.73972813547));
#5819 = CARTESIAN_POINT('',(-1.056542293756,-10.74479214023));
#5820 = CARTESIAN_POINT('',(-1.085068345069,-10.74982641819));
#5821 = CARTESIAN_POINT('',(-1.114568390089,-10.75481867751));
#5822 = CARTESIAN_POINT('',(-1.145245775934,-10.75974775153));
#5823 = CARTESIAN_POINT('',(-1.177337640694,-10.76458456244));
#5824 = CARTESIAN_POINT('',(-1.21116255176,-10.76928912109));
#5825 = CARTESIAN_POINT('',(-1.282372397264,-10.77815016797));
#5826 = CARTESIAN_POINT('',(-1.319467288292,-10.7823030767));
#5827 = CARTESIAN_POINT('',(-1.359853890569,-10.78627095677));
#5828 = CARTESIAN_POINT('',(-1.404261896819,-10.7899189914));
#5829 = CARTESIAN_POINT('',(-1.453018541213,-10.79292102655));
#5830 = CARTESIAN_POINT('',(-1.505825954371,-10.79489037424));
#5831 = CARTESIAN_POINT('',(-1.562271431695,-10.79526527126));
#5832 = CARTESIAN_POINT('',(-1.645171891612,-10.79363748074));
#5833 = CARTESIAN_POINT('',(-1.671090929014,-10.79279474481));
#5834 = CARTESIAN_POINT('',(-1.695996958257,-10.79167439751));
#5835 = CARTESIAN_POINT('',(-1.719794775607,-10.79032997881));
#5836 = CARTESIAN_POINT('',(-1.742492589938,-10.78881212689));
#5837 = CARTESIAN_POINT('',(-1.76415845822,-10.78715964181));
#5838 = CARTESIAN_POINT('',(-1.784907021746,-10.78539631959));
#5839 = CARTESIAN_POINT('',(-1.837475878028,-10.78050222591));
#5840 = CARTESIAN_POINT('',(-1.86783266652,-10.77722931591));
#5841 = CARTESIAN_POINT('',(-1.896523279313,-10.77378823445));
#5842 = CARTESIAN_POINT('',(-1.923817748808,-10.77022418319));
#5843 = CARTESIAN_POINT('',(-1.949922036924,-10.76656978504));
#5844 = CARTESIAN_POINT('',(-1.975018480937,-10.76284830681));
#5845 = CARTESIAN_POINT('',(-1.999253288252,-10.75907276517));
#5846 = CARTESIAN_POINT('',(-2.057858142026,-10.74954806813));
#5847 = CARTESIAN_POINT('',(-2.091278797525,-10.74375383367));
#5848 = CARTESIAN_POINT('',(-2.123443729224,-10.73790085068));
#5849 = CARTESIAN_POINT('',(-2.154604696687,-10.73201371767));
#5850 = CARTESIAN_POINT('',(-2.184938469551,-10.72611091185));
#5851 = CARTESIAN_POINT('',(-2.21459283652,-10.72020706823));
#5852 = CARTESIAN_POINT('',(-2.243703561184,-10.71431390721));
#5853 = CARTESIAN_POINT('',(-2.325100158434,-10.69764213597));
#5854 = CARTESIAN_POINT('',(-2.376287961197,-10.68692531011));
#5855 = CARTESIAN_POINT('',(-2.426681048741,-10.676343826));
#5856 = CARTESIAN_POINT('',(-2.476748238294,-10.66595199911));
#5857 = CARTESIAN_POINT('',(-2.526897219993,-10.65581466356));
#5858 = CARTESIAN_POINT('',(-2.57752302114,-10.64600887868));
#5859 = CARTESIAN_POINT('',(-2.629039201128,-10.63662941056));
#5860 = CARTESIAN_POINT('',(-2.732191723525,-10.61946337783));
#5861 = CARTESIAN_POINT('',(-2.783347597763,-10.61167284471));
#5862 = CARTESIAN_POINT('',(-2.836430240643,-10.60446517585));
#5863 = CARTESIAN_POINT('',(-2.892007192267,-10.59800738028));
#5864 = CARTESIAN_POINT('',(-2.950406806523,-10.59259998534));
#5865 = CARTESIAN_POINT('',(-3.011694460206,-10.58863319212));
#5866 = CARTESIAN_POINT('',(-3.075754486212,-10.58655130092));
#5867 = CARTESIAN_POINT('',(-3.14159265359,-10.58655130092));
#5868 = ( GEOMETRIC_REPRESENTATION_CONTEXT(2) 
PARAMETRIC_REPRESENTATION_CONTEXT() REPRESENTATION_CONTEXT('2D SPACE',''
  ) );
#5869 = PCURVE('',#5658,#5870);
#5870 = DEFINITIONAL_REPRESENTATION('',(#5871),#5937);
#5871 = B_SPLINE_CURVE_WITH_KNOTS('',8,(#5872,#5873,#5874,#5875,#5876,
    #5877,#5878,#5879,#5880,#5881,#5882,#5883,#5884,#5885,#5886,#5887,
    #5888,#5889,#5890,#5891,#5892,#5893,#5894,#5895,#5896,#5897,#5898,
    #5899,#5900,#5901,#5902,#5903,#5904,#5905,#5906,#5907,#5908,#5909,
    #5910,#5911,#5912,#5913,#5914,#5915,#5916,#5917,#5918,#5919,#5920,
    #5921,#5922,#5923,#5924,#5925,#5926,#5927,#5928,#5929,#5930,#5931,
    #5932,#5933,#5934,#5935,#5936),.UNSPECIFIED.,.F.,.F.,(9,7,7,7,7,7,7,
    7,7,9),(0.,0.164405120567,0.366438917242,0.443147311768,
    0.517290164172,0.552435602531,0.609624299029,0.694892884473,
    0.851634700498,1.),.UNSPECIFIED.);
#5872 = CARTESIAN_POINT('',(4.909052923149,-667.4775860839));
#5873 = CARTESIAN_POINT('',(4.909052924549,-667.3294032404));
#5874 = CARTESIAN_POINT('',(4.907928996919,-667.1858040174));
#5875 = CARTESIAN_POINT('',(4.905803502058,-667.0500925097));
#5876 = CARTESIAN_POINT('',(4.902896390729,-666.9231388314));
#5877 = CARTESIAN_POINT('',(4.899376416868,-666.8049575032));
#5878 = CARTESIAN_POINT('',(4.89537488594,-666.6947980851));
#5879 = CARTESIAN_POINT('',(4.890947754449,-666.5913100794));
#5880 = CARTESIAN_POINT('',(4.880022033272,-666.3713373798));
#5881 = CARTESIAN_POINT('',(4.873346811365,-666.2586279431));
#5882 = CARTESIAN_POINT('',(4.866050814344,-666.1526116544));
#5883 = CARTESIAN_POINT('',(4.85810307776,-666.0524343324));
#5884 = CARTESIAN_POINT('',(4.849473874743,-665.9574172652));
#5885 = CARTESIAN_POINT('',(4.840028510306,-665.8672311477));
#5886 = CARTESIAN_POINT('',(4.829651992171,-665.7815982811));
#5887 = CARTESIAN_POINT('',(4.813386978915,-665.6699327792));
#5888 = CARTESIAN_POINT('',(4.808715062438,-665.6399312221));
#5889 = CARTESIAN_POINT('',(4.803818517476,-665.6106495411));
#5890 = CARTESIAN_POINT('',(4.798668309307,-665.5821154682));
#5891 = CARTESIAN_POINT('',(4.793224462706,-665.5544047224));
#5892 = CARTESIAN_POINT('',(4.787439829536,-665.5276318949));
#5893 = CARTESIAN_POINT('',(4.781251049537,-665.5019624654));
#5894 = CARTESIAN_POINT('',(4.768032646068,-665.4542264791));
#5895 = CARTESIAN_POINT('',(4.76106268523,-665.4321571092));
#5896 = CARTESIAN_POINT('',(4.753392307096,-665.411328878));
#5897 = CARTESIAN_POINT('',(4.744866816106,-665.3924041028));
#5898 = CARTESIAN_POINT('',(4.735416837892,-665.3770491666));
#5899 = CARTESIAN_POINT('',(4.725095908764,-665.3670106376));
#5900 = CARTESIAN_POINT('',(4.714046105009,-665.3650722672));
#5901 = CARTESIAN_POINT('',(4.697865209817,-665.3734120157));
#5902 = CARTESIAN_POINT('',(4.692813449289,-665.3777333879));
#5903 = CARTESIAN_POINT('',(4.687971526363,-665.3834888231));
#5904 = CARTESIAN_POINT('',(4.6833608123,-665.3904175321));
#5905 = CARTESIAN_POINT('',(4.678980801439,-665.3982729819));
#5906 = CARTESIAN_POINT('',(4.674818232433,-665.4068660826));
#5907 = CARTESIAN_POINT('',(4.670850510777,-665.4160823111));
#5908 = CARTESIAN_POINT('',(4.660848579305,-665.4418050403));
#5909 = CARTESIAN_POINT('',(4.655125770193,-665.4591433133));
#5910 = CARTESIAN_POINT('',(4.649770130914,-665.4775439463));
#5911 = CARTESIAN_POINT('',(4.644727920785,-665.4968005471));
#5912 = CARTESIAN_POINT('',(4.639957757002,-665.5167655899));
#5913 = CARTESIAN_POINT('',(4.635423118148,-665.5373363742));
#5914 = CARTESIAN_POINT('',(4.631095115206,-665.558462991));
#5915 = CARTESIAN_POINT('',(4.620756007902,-665.6124514689));
#5916 = CARTESIAN_POINT('',(4.614976556029,-665.6459042609));
#5917 = CARTESIAN_POINT('',(4.609527660193,-665.6803755101));
#5918 = CARTESIAN_POINT('',(4.604360855645,-665.715794221));
#5919 = CARTESIAN_POINT('',(4.599443004293,-665.7521207594));
#5920 = CARTESIAN_POINT('',(4.594747417464,-665.789338217));
#5921 = CARTESIAN_POINT('',(4.590250812455,-665.8274516121));
#5922 = CARTESIAN_POINT('',(4.578004667331,-665.9382638279));
#5923 = CARTESIAN_POINT('',(4.570697999764,-666.0130657507));
#5924 = CARTESIAN_POINT('',(4.563900319528,-666.0910853079));
#5925 = CARTESIAN_POINT('',(4.557556145528,-666.1725799669));
#5926 = CARTESIAN_POINT('',(4.551635017694,-666.2578933707));
#5927 = CARTESIAN_POINT('',(4.54612198144,-666.3474525089));
#5928 = CARTESIAN_POINT('',(4.541020658391,-666.4418378014));
#5929 = CARTESIAN_POINT('',(4.531940095792,-666.6368388882));
#5930 = CARTESIAN_POINT('',(4.527944274026,-666.7362351053));
#5931 = CARTESIAN_POINT('',(4.524340413756,-666.8417863042));
#5932 = CARTESIAN_POINT('',(4.521184366041,-666.95460213));
#5933 = CARTESIAN_POINT('',(4.518592520254,-667.075245109));
#5934 = CARTESIAN_POINT('',(4.516712102792,-667.2035971719));
#5935 = CARTESIAN_POINT('',(4.51572503762,-667.3387165131));
#5936 = CARTESIAN_POINT('',(4.51572503762,-667.4775860839));
#5937 = ( GEOMETRIC_REPRESENTATION_CONTEXT(2) 
PARAMETRIC_REPRESENTATION_CONTEXT() REPRESENTATION_CONTEXT('2D SPACE',''
  ) );
#5938 = ADVANCED_FACE('',(#5939),#5440,.F.);
#5939 = FACE_BOUND('',#5940,.F.);
#5940 = EDGE_LOOP('',(#5941,#5962,#5982,#5983));
#5941 = ORIENTED_EDGE('',*,*,#5942,.F.);
#5942 = EDGE_CURVE('',#5943,#5424,#5945,.T.);
#5943 = VERTEX_POINT('',#5944);
#5944 = CARTESIAN_POINT('',(164.80814655019,10.794629715034,
    -102.112040519));
#5945 = SEAM_CURVE('',#5946,(#5950,#5956),.PCURVE_S1.);
#5946 = LINE('',#5947,#5948);
#5947 = CARTESIAN_POINT('',(164.80814655019,10.794629715034,
    -102.112040519));
#5948 = VECTOR('',#5949,1.);
#5949 = DIRECTION('',(1.21802425746E-16,0.707106781187,0.707106781187));
#5950 = PCURVE('',#5440,#5951);
#5951 = DEFINITIONAL_REPRESENTATION('',(#5952),#5955);
#5952 = B_SPLINE_CURVE_WITH_KNOTS('',1,(#5953,#5954),.UNSPECIFIED.,.F.,
  .F.,(2,2),(0.,0.769790661411),.PIECEWISE_BEZIER_KNOTS.);
#5953 = CARTESIAN_POINT('',(0.,0.));
#5954 = CARTESIAN_POINT('',(0.,0.544324196778));
#5955 = ( GEOMETRIC_REPRESENTATION_CONTEXT(2) 
PARAMETRIC_REPRESENTATION_CONTEXT() REPRESENTATION_CONTEXT('2D SPACE',''
  ) );
#5956 = PCURVE('',#5440,#5957);
#5957 = DEFINITIONAL_REPRESENTATION('',(#5958),#5961);
#5958 = B_SPLINE_CURVE_WITH_KNOTS('',1,(#5959,#5960),.UNSPECIFIED.,.F.,
  .F.,(2,2),(0.,0.769790661411),.PIECEWISE_BEZIER_KNOTS.);
#5959 = CARTESIAN_POINT('',(6.28318530718,0.));
#5960 = CARTESIAN_POINT('',(6.28318530718,0.544324196778));
#5961 = ( GEOMETRIC_REPRESENTATION_CONTEXT(2) 
PARAMETRIC_REPRESENTATION_CONTEXT() REPRESENTATION_CONTEXT('2D SPACE',''
  ) );
#5962 = ORIENTED_EDGE('',*,*,#5963,.T.);
#5963 = EDGE_CURVE('',#5943,#5943,#5964,.T.);
#5964 = SURFACE_CURVE('',#5965,(#5970,#5976),.PCURVE_S1.);
#5965 = CIRCLE('',#5966,10.794629715034);
#5966 = AXIS2_PLACEMENT_3D('',#5967,#5968,#5969);
#5967 = CARTESIAN_POINT('',(164.80814655019,1.577721810442E-30,
    -102.112040519));
#5968 = DIRECTION('',(0.,-0.,1.));
#5969 = DIRECTION('',(1.722546424199E-16,1.,0.));
#5970 = PCURVE('',#5440,#5971);
#5971 = DEFINITIONAL_REPRESENTATION('',(#5972),#5975);
#5972 = B_SPLINE_CURVE_WITH_KNOTS('',1,(#5973,#5974),.UNSPECIFIED.,.F.,
  .F.,(2,2),(0.,6.28318530718),.PIECEWISE_BEZIER_KNOTS.);
#5973 = CARTESIAN_POINT('',(0.,0.));
#5974 = CARTESIAN_POINT('',(6.28318530718,0.));
#5975 = ( GEOMETRIC_REPRESENTATION_CONTEXT(2) 
PARAMETRIC_REPRESENTATION_CONTEXT() REPRESENTATION_CONTEXT('2D SPACE',''
  ) );
#5976 = PCURVE('',#5658,#5977);
#5977 = DEFINITIONAL_REPRESENTATION('',(#5978),#5981);
#5978 = B_SPLINE_CURVE_WITH_KNOTS('',1,(#5979,#5980),.UNSPECIFIED.,.F.,
  .F.,(2,2),(0.,6.28318530718),.PIECEWISE_BEZIER_KNOTS.);
#5979 = CARTESIAN_POINT('',(0.,-656.1386318477));
#5980 = CARTESIAN_POINT('',(6.28318530718,-656.1386318477));
#5981 = ( GEOMETRIC_REPRESENTATION_CONTEXT(2) 
PARAMETRIC_REPRESENTATION_CONTEXT() REPRESENTATION_CONTEXT('2D SPACE',''
  ) );
#5982 = ORIENTED_EDGE('',*,*,#5942,.T.);
#5983 = ORIENTED_EDGE('',*,*,#5423,.F.);
#5984 = ADVANCED_FACE('',(#5985),#5478,.F.);
#5985 = FACE_BOUND('',#5986,.F.);
#5986 = EDGE_LOOP('',(#5987,#6008,#6009,#6010));
#5987 = ORIENTED_EDGE('',*,*,#5988,.F.);
#5988 = EDGE_CURVE('',#5458,#5989,#5991,.T.);
#5989 = VERTEX_POINT('',#5990);
#5990 = CARTESIAN_POINT('',(164.80814655019,10.794629715034,
    -124.7899489915));
#5991 = SEAM_CURVE('',#5992,(#5996,#6002),.PCURVE_S1.);
#5992 = LINE('',#5993,#5994);
#5993 = CARTESIAN_POINT('',(164.80814655019,10.794629715034,
    -124.7899489915));
#5994 = VECTOR('',#5995,1.);
#5995 = DIRECTION('',(-1.21802425746E-16,-0.707106781187,0.707106781187)
  );
#5996 = PCURVE('',#5478,#5997);
#5997 = DEFINITIONAL_REPRESENTATION('',(#5998),#6001);
#5998 = B_SPLINE_CURVE_WITH_KNOTS('',1,(#5999,#6000),.UNSPECIFIED.,.F.,
  .F.,(2,2),(-0.769790661411,0.),.PIECEWISE_BEZIER_KNOTS.);
#5999 = CARTESIAN_POINT('',(0.,0.544324196778));
#6000 = CARTESIAN_POINT('',(0.,0.));
#6001 = ( GEOMETRIC_REPRESENTATION_CONTEXT(2) 
PARAMETRIC_REPRESENTATION_CONTEXT() REPRESENTATION_CONTEXT('2D SPACE',''
  ) );
#6002 = PCURVE('',#5478,#6003);
#6003 = DEFINITIONAL_REPRESENTATION('',(#6004),#6007);
#6004 = B_SPLINE_CURVE_WITH_KNOTS('',1,(#6005,#6006),.UNSPECIFIED.,.F.,
  .F.,(2,2),(-0.769790661411,0.),.PIECEWISE_BEZIER_KNOTS.);
#6005 = CARTESIAN_POINT('',(-6.28318530718,0.544324196778));
#6006 = CARTESIAN_POINT('',(-6.28318530718,0.));
#6007 = ( GEOMETRIC_REPRESENTATION_CONTEXT(2) 
PARAMETRIC_REPRESENTATION_CONTEXT() REPRESENTATION_CONTEXT('2D SPACE',''
  ) );
#6008 = ORIENTED_EDGE('',*,*,#5457,.T.);
#6009 = ORIENTED_EDGE('',*,*,#5988,.T.);
#6010 = ORIENTED_EDGE('',*,*,#6011,.F.);
#6011 = EDGE_CURVE('',#5989,#5989,#6012,.T.);
#6012 = SURFACE_CURVE('',#6013,(#6018,#6024),.PCURVE_S1.);
#6013 = CIRCLE('',#6014,10.794629715034);
#6014 = AXIS2_PLACEMENT_3D('',#6015,#6016,#6017);
#6015 = CARTESIAN_POINT('',(164.80814655019,1.577721810442E-30,
    -124.7899489915));
#6016 = DIRECTION('',(0.,-0.,1.));
#6017 = DIRECTION('',(1.722546424199E-16,1.,0.));
#6018 = PCURVE('',#5478,#6019);
#6019 = DEFINITIONAL_REPRESENTATION('',(#6020),#6023);
#6020 = B_SPLINE_CURVE_WITH_KNOTS('',1,(#6021,#6022),.UNSPECIFIED.,.F.,
  .F.,(2,2),(0.,6.28318530718),.PIECEWISE_BEZIER_KNOTS.);
#6021 = CARTESIAN_POINT('',(0.,0.));
#6022 = CARTESIAN_POINT('',(-6.28318530718,0.));
#6023 = ( GEOMETRIC_REPRESENTATION_CONTEXT(2) 
PARAMETRIC_REPRESENTATION_CONTEXT() REPRESENTATION_CONTEXT('2D SPACE',''
  ) );
#6024 = PCURVE('',#5658,#6025);
#6025 = DEFINITIONAL_REPRESENTATION('',(#6026),#6029);
#6026 = B_SPLINE_CURVE_WITH_KNOTS('',1,(#6027,#6028),.UNSPECIFIED.,.F.,
  .F.,(2,2),(0.,6.28318530718),.PIECEWISE_BEZIER_KNOTS.);
#6027 = CARTESIAN_POINT('',(0.,-678.8165403202));
#6028 = CARTESIAN_POINT('',(6.28318530718,-678.8165403202));
#6029 = ( GEOMETRIC_REPRESENTATION_CONTEXT(2) 
PARAMETRIC_REPRESENTATION_CONTEXT() REPRESENTATION_CONTEXT('2D SPACE',''
  ) );
#6030 = ADVANCED_FACE('',(#6031,#6055),#5658,.F.);
#6031 = FACE_BOUND('',#6032,.F.);
#6032 = EDGE_LOOP('',(#6033,#6052,#6053,#6054));
#6033 = ORIENTED_EDGE('',*,*,#6034,.T.);
#6034 = EDGE_CURVE('',#5943,#5989,#6035,.T.);
#6035 = SEAM_CURVE('',#6036,(#6040,#6046),.PCURVE_S1.);
#6036 = LINE('',#6037,#6038);
#6037 = CARTESIAN_POINT('',(164.80814655019,10.794629715034,
    554.02659132864));
#6038 = VECTOR('',#6039,1.);
#6039 = DIRECTION('',(0.,0.,-1.));
#6040 = PCURVE('',#5658,#6041);
#6041 = DEFINITIONAL_REPRESENTATION('',(#6042),#6045);
#6042 = B_SPLINE_CURVE_WITH_KNOTS('',1,(#6043,#6044),.UNSPECIFIED.,.F.,
  .F.,(2,2),(656.13863184771,678.81654032022),.PIECEWISE_BEZIER_KNOTS.);
#6043 = CARTESIAN_POINT('',(0.,-656.1386318477));
#6044 = CARTESIAN_POINT('',(0.,-678.8165403202));
#6045 = ( GEOMETRIC_REPRESENTATION_CONTEXT(2) 
PARAMETRIC_REPRESENTATION_CONTEXT() REPRESENTATION_CONTEXT('2D SPACE',''
  ) );
#6046 = PCURVE('',#5658,#6047);
#6047 = DEFINITIONAL_REPRESENTATION('',(#6048),#6051);
#6048 = B_SPLINE_CURVE_WITH_KNOTS('',1,(#6049,#6050),.UNSPECIFIED.,.F.,
  .F.,(2,2),(656.13863184771,678.81654032022),.PIECEWISE_BEZIER_KNOTS.);
#6049 = CARTESIAN_POINT('',(6.28318530718,-656.1386318477));
#6050 = CARTESIAN_POINT('',(6.28318530718,-678.8165403202));
#6051 = ( GEOMETRIC_REPRESENTATION_CONTEXT(2) 
PARAMETRIC_REPRESENTATION_CONTEXT() REPRESENTATION_CONTEXT('2D SPACE',''
  ) );
#6052 = ORIENTED_EDGE('',*,*,#6011,.T.);
#6053 = ORIENTED_EDGE('',*,*,#6034,.F.);
#6054 = ORIENTED_EDGE('',*,*,#5963,.F.);
#6055 = FACE_BOUND('',#6056,.F.);
#6056 = EDGE_LOOP('',(#6057,#6058));
#6057 = ORIENTED_EDGE('',*,*,#5518,.F.);
#6058 = ORIENTED_EDGE('',*,*,#5732,.F.);
#6059 = ( GEOMETRIC_REPRESENTATION_CONTEXT(3) 
GLOBAL_UNCERTAINTY_ASSIGNED_CONTEXT((#6063)) 
GLOBAL_UNIT_ASSIGNED_CONTEXT((#6060,#6061,#6062)) REPRESENTATION_CONTEXT
('Context #1','3D Context with UNIT and UNCERTAINTY') );
#6060 = ( LENGTH_UNIT() NAMED_UNIT(*) SI_UNIT(.MILLI.,.METRE.) );
#6061 = ( NAMED_UNIT(*) PLANE_ANGLE_UNIT() SI_UNIT($,.RADIAN.) );
#6062 = ( NAMED_UNIT(*) SI_UNIT($,.STERADIAN.) SOLID_ANGLE_UNIT() );
#6063 = UNCERTAINTY_MEASURE_WITH_UNIT(LENGTH_MEASURE(2.E-03),#6060,
  'distance_accuracy_value','confusion accuracy');
#6064 = CONTEXT_DEPENDENT_SHAPE_REPRESENTATION(#6065,#6067);
#6065 = ( REPRESENTATION_RELATIONSHIP('','',#237,#10) 
REPRESENTATION_RELATIONSHIP_WITH_TRANSFORMATION(#6066) 
SHAPE_REPRESENTATION_RELATIONSHIP() );
#6066 = ITEM_DEFINED_TRANSFORMATION('','',#11,#19);
#6067 = PRODUCT_DEFINITION_SHAPE('Placement','Placement of an item',
  #6068);
#6068 = NEXT_ASSEMBLY_USAGE_OCCURRENCE('2','','',#5,#232,$);
#6069 = PRODUCT_RELATED_PRODUCT_CATEGORY('part',$,(#234));
ENDSEC;
END-ISO-10303-21;
